method,seed,n_nodes,episodes,final_total_loss,min_total_loss,elapsed_s
random,42,15,150,2.2105487417429686,2.1841151025146246,1335.0245575904846
