dpo_loss,reward,cov_bonus,score,target,value,episode,step
0.69140625,66.98742640018462,27.534135519412345,94.52156191959696,X1,-2.7,0,0
