dpo_loss,reward,cov_bonus,score,target,value,episode,step
0.6931471824645996,400.5,5.758297529940772,406.25829752994076,X34,-3.15,0,0
