method,seed,n_nodes,episodes,final_total_loss,min_total_loss,elapsed_s
random,789,30,150,5.773369757458568,5.700826574116945,3195.1635768413544
