loss,preference_margin,ref_margin,kl_from_ref,sigmoid_input,winner_target,loser_target
0.6931471824645996,0.0,0.0,0.0,0.0,X10,X10
0.6938828825950623,-2.5379638671875,-2.52325439453125,0.60064697265625,-0.01470947265625,X5,X9
0.6421018838882446,2.50262451171875,1.454254150390625,4.7802276611328125,1.048370361328125,X11,X7
0.29949328303337097,11.4617919921875,0.939971923828125,-4.6263275146484375,10.521820068359375,X19,X21
0.6386786103248596,1.148406982421875,0.02764892578125,-17.746841430664062,1.120758056640625,X7,X24
3.9480574131011963,-38.32904052734375,0.95672607421875,-45.725799560546875,-39.2857666015625,X11,X5
0.2708929479122162,8.31671142578125,-3.35858154296875,-40.99835205078125,11.67529296875,X16,X26
0.9470327496528625,-5.830963134765625,-1.269073486328125,-54.5526123046875,-4.5618896484375,X15,X7
0.35503339767456055,5.888641357421875,-2.63916015625,-60.62321472167969,8.527801513671875,X20,X5
0.5979135632514954,0.808624267578125,-1.196380615234375,-86.81832885742188,2.0050048828125,X10,X13
0.5009338855743408,4.447601318359375,0.143798828125,-90.52864074707031,4.303802490234375,X11,X14
0.455758273601532,7.94488525390625,2.4521484375,-147.57296752929688,5.49273681640625,X19,X13
0.013294891454279423,43.731842041015625,0.594635009765625,-156.70166015625,43.13720703125,X11,X10
0.008395127952098846,48.31060791015625,0.55157470703125,-253.2498779296875,47.759033203125,X12,X10
11.806053161621094,-115.50616455078125,2.554290771484375,-254.79331970214844,-118.06045532226562,X18,X23
0.46951669454574585,6.3480224609375,1.226776123046875,-243.9823455810547,5.121246337890625,X19,X10
0.6549720764160156,0.23358154296875,-0.545074462890625,-266.60150146484375,0.778656005859375,X11,X10
0.005333680659532547,52.6656494140625,0.355194091796875,-311.74700927734375,52.310455322265625,X16,X14
3.650310516357422,-36.31365966796875,-0.073822021484375,-356.93017578125,-36.239837646484375,X1,X22
0.03105250559747219,35.1258544921875,0.560760498046875,-383.15069580078125,34.565093994140625,X17,X10
0.0012070973170921206,67.63702392578125,0.44769287109375,-460.4893798828125,67.1893310546875,X11,X10
6.246047996683046e-05,99.6632080078125,2.853790283203125,-544.8049926757812,96.8094482421875,X17,X10
0.0015355469658970833,65.861572265625,1.08056640625,-671.4490966796875,64.781005859375,X12,X10
4.729036220396665e-07,147.757568359375,2.113861083984375,-702.5313720703125,145.64373779296875,X19,X10
2.4932114683906548e-05,107.35809326171875,1.36468505859375,-693.2374267578125,105.993408203125,X1,X10
0.000179071314050816,87.0086669921875,0.7322998046875,-733.074951171875,86.2763671875,X1,X10
2.175433792217518e-06,131.5064697265625,1.123626708984375,-770.708984375,130.3828125,X1,X10
8.476337143292767e-07,140.4041748046875,0.595977783203125,-856.9461669921875,139.80816650390625,X1,X10
0.0029113474301993847,59.0234375,0.646575927734375,-790.1533813476562,58.3768310546875,X11,X1
2.6563422579783946e-05,104.922119140625,-0.4375,-975.7880859375,105.359619140625,X11,X1
7.627222657902166e-06,117.33251953125,-0.50537109375,-1032.26025390625,117.83782958984375,X11,X1
1.4245070190099796e-07,159.3109130859375,1.668212890625,-1108.36962890625,157.6427001953125,X11,X10
0.9951584339141846,-3.738525390625,1.5980224609375,-1258.8896484375,-5.3365478515625,X11,X1
0.0033044263254851103,59.2750244140625,2.166595458984375,-1336.6796875,57.1083984375,X11,X10
1.8741710050562688e-07,157.18310546875,2.283782958984375,-1294.779541015625,154.8992919921875,X11,X10
0.6931471824645996,0.0,0.0,-1390.8870849609375,0.0,X10,X10
11.622042655944824,-119.1451416015625,-2.924835205078125,-1299.1708984375,-116.2203369140625,X10,X11
2.2771921157836914,-22.5889892578125,-0.89935302734375,-1043.5316162109375,-21.689697265625,X10,X12
5.338190078735352,-52.0615234375,1.272216796875,-957.3717651367188,-53.333740234375,X11,X10
0.6931471824645996,0.0,0.0,-761.6365966796875,0.0,X10,X10
0.9665528535842896,-6.660888671875,-1.78204345703125,-633.83642578125,-4.87884521484375,X1,X12
1.9546905755996704,-15.383544921875,2.63641357421875,-533.818603515625,-18.01995849609375,X11,X10
1.2824418544769287,-8.81549072265625,0.760498046875,-337.5741271972656,-9.57598876953125,X13,X10
0.30146628618240356,12.978271484375,2.532470703125,-296.02923583984375,10.44580078125,X11,X10
0.04845985770225525,32.6002197265625,2.57330322265625,-327.5320739746094,30.02691650390625,X11,X10
0.0028175103943794966,61.1778564453125,2.472930908203125,-391.56201171875,58.704925537109375,X11,X10
0.00013199403474573046,91.31976318359375,1.992889404296875,-438.23126220703125,89.32687377929688,X12,X10
1.5541083485004492e-05,113.42059326171875,2.700439453125,-439.9949035644531,110.72015380859375,X11,X10
5.354337645258056e-06,124.0318603515625,2.655853271484375,-473.069580078125,121.37600708007812,X11,X10
2.404006636425038e-06,132.85345458984375,3.4697265625,-497.6748962402344,129.38372802734375,X11,X10
2.242486698378343e-05,109.0074462890625,1.95416259765625,-520.85791015625,107.05328369140625,X1,X10
0.6931471824645996,0.0,0.0,-547.91650390625,0.0,X10,X10
0.00021317775826901197,85.56170654296875,1.0289306640625,-536.268310546875,84.53277587890625,X1,X10
1.0703954103519209e-05,115.6573486328125,1.20843505859375,-526.9127197265625,114.44891357421875,X11,X10
5.412577593233436e-06,123.13934326171875,1.871490478515625,-576.0926513671875,121.267822265625,X1,X10
4.322905624576379e-06,125.1456298828125,1.62982177734375,-580.62255859375,123.51580810546875,X1,X10
0.6931471824645996,0.0,0.0,-639.533447265625,0.0,X10,X10
0.0001225824817083776,90.4713134765625,0.4046630859375,-621.54638671875,90.066650390625,X1,X10
0.6931471824645996,0.0,0.0,-670.0279541015625,0.0,X10,X10
2.519801455491688e-05,106.074462890625,0.187164306640625,-612.1561889648438,105.8873291015625,X1,X10
4.070111026521772e-05,101.075927734375,-0.01641845703125,-651.487060546875,101.09234619140625,X1,X10
4.520222205428581e-07,147.4248046875,1.329498291015625,-674.9248657226562,146.0953369140625,X1,X10
3.5454797853162745e-06,124.9071044921875,-0.59124755859375,-682.807861328125,125.49835205078125,X1,X10
2.5628435196267674e-07,153.038818359375,1.269073486328125,-708.7122802734375,151.769775390625,X1,X10
0.030162548646330833,31.95654296875,-2.903839111328125,-801.2618408203125,34.8603515625,X10,X10
0.0001190405382658355,87.804931640625,-2.554931640625,-728.6932983398438,90.35986328125,X10,X10
2.712166633500601e-06,126.3746337890625,-1.802978515625,-695.1176147460938,128.1776123046875,X10,X10
0.0001035734749166295,89.4986572265625,-2.25311279296875,-675.201171875,91.75177001953125,X10,X10
0.0006092193070799112,71.13623046875,-2.89404296875,-697.4287719726562,74.0302734375,X10,X10
1.3717822184844408e-05,110.544921875,-1.42315673828125,-707.239501953125,111.96807861328125,X10,X10
1.0236335583613254e-06,135.96923828125,-1.95233154296875,-726.5245971679688,137.9215087890625,X10,X10
6.96610470640735e-07,138.462646484375,-3.3077392578125,-729.9431762695312,141.7703857421875,X10,X10
1.965924667501895e-07,153.1689453125,-1.252410888671875,-737.690185546875,154.42132568359375,X10,X10
1.1775119901358266e-06,134.712646484375,-1.808380126953125,-737.8472900390625,136.52105712890625,X10,X10
6.151847742330574e-07,140.1611328125,-2.852294921875,-763.958984375,143.013427734375,X10,X10
0.00012050329678459093,88.273681640625,-1.96405029296875,-796.2166748046875,90.23773193359375,X10,X10
3.260850007791305e-06,123.9337158203125,-2.4014892578125,-766.6842041015625,126.335205078125,X10,X10
4.823191375180613e-07,143.08642578125,-2.360137939453125,-793.6326904296875,145.44659423828125,X10,X10
0.6931471824645996,4.0487060546875,4.0487060546875,0.0,0.0,X1,X22
0.553288459777832,8.16107177734375,5.135986328125,-0.198089599609375,3.02508544921875,X1,X10
0.6034672260284424,13.21771240234375,11.335693359375,-12.713592529296875,1.88201904296875,X15,X4
0.6471639275550842,2.0557861328125,1.11395263671875,-0.108978271484375,0.94183349609375,X16,X1
1.5200942754745483,-21.82867431640625,-9.0955810546875,-21.760101318359375,-12.73309326171875,X11,X10
0.6812919974327087,-0.95184326171875,-1.19036865234375,-12.43878173828125,0.238525390625,X7,X10
0.2264716923236847,23.9417724609375,10.244140625,-2.3348388671875,13.6976318359375,X17,X10
0.4682864546775818,2.10791015625,-3.04620361328125,-27.838897705078125,5.15411376953125,X15,X1
0.015701044350862503,46.63494873046875,5.17327880859375,-61.96746826171875,41.461669921875,X5,X10
0.015867650508880615,47.6448974609375,6.28961181640625,-66.51712036132812,41.35528564453125,X11,X10
2.4821815490722656,-32.0013427734375,-8.0521240234375,-20.74639892578125,-23.94921875,X1,X1
0.000395051232771948,82.553466796875,4.19049072265625,-103.57199096679688,78.36297607421875,X1,X10
0.8638478517532349,1.462158203125,4.6268310546875,-3.39080810546875,-3.1646728515625,X11,X1
7.630063533782959,-81.33673095703125,-5.04095458984375,-55.87261962890625,-76.2957763671875,X10,X1
0.19672562181949615,6.43701171875,-8.82269287109375,-44.193267822265625,15.25970458984375,X4,X1
0.010882677510380745,47.8927001953125,2.7413330078125,-41.7122802734375,45.1513671875,X9,X10
0.007708567660301924,61.37127685546875,12.755615234375,-59.092681884765625,48.61566162109375,X11,X10
0.28321951627731323,7.07183837890625,-4.093994140625,-31.370697021484375,11.16583251953125,X6,X1
2.3694099127169466e-06,135.60546875,6.0767822265625,-72.81317138671875,129.5286865234375,X5,X10
5.199921815801645e-06,128.63824462890625,6.9696044921875,-57.306732177734375,121.66864013671875,X15,X10
1.644874646444805e-05,116.76104736328125,6.6085205078125,-102.05563354492188,110.15252685546875,X15,X10
0.0009635924943722785,69.8525390625,0.408935546875,-124.8380126953125,69.443603515625,X2,X10
2.9119709310521102e-08,177.10247802734375,3.583984375,-107.25607299804688,173.51849365234375,X5,X10
1.7163058529945374e-08,181.7459716796875,2.94091796875,-124.28656005859375,178.8050537109375,X4,X10
1.0486906454332257e-08,191.28204345703125,7.5506591796875,-142.54812622070312,183.73138427734375,X11,X10
1.7318170009161804e-08,193.29437255859375,14.57928466796875,-180.55712890625,178.715087890625,X16,X10
1.7932120233155047e-09,210.43011474609375,9.03753662109375,-185.756103515625,201.392578125,X16,X10
9.669599343453683e-09,197.17230224609375,12.6295166015625,-210.42263793945312,184.54278564453125,X1,X10
1.4051209085153005e-09,208.9222412109375,5.0908203125,-196.37237548828125,203.8314208984375,X16,X10
5.4157185402914365e-09,196.798583984375,6.458984375,-213.2001953125,190.339599609375,X5,X10
1.446542330363343e-09,208.77728271484375,5.23638916015625,-245.68310546875,203.5408935546875,X17,X10
2.1632080571265533e-09,206.0758056640625,6.55908203125,-233.24993896484375,199.5167236328125,X15,X10
1.193734999738183e-09,214.41552734375,8.9537353515625,-248.3660888671875,205.4617919921875,X15,X10
1.185304077111482e-09,211.34979248046875,5.817138671875,-237.82235717773438,205.53265380859375,X16,X10
0.6931471824645996,0.0,0.0,-314.13323974609375,0.0,X10,X10
21.29603385925293,-215.723876953125,-2.7635498046875,-294.8685302734375,-212.9603271484375,X10,X4
0.00031916386797092855,87.46337890625,6.9669189453125,-169.83013916015625,80.4964599609375,X1,X10
0.011202446185052395,55.83697509765625,10.976806640625,-206.93966674804688,44.86016845703125,X1,X10
2.6405086828162894e-06,136.40582275390625,7.96044921875,-165.05221557617188,128.44537353515625,X16,X10
9.782605957298074e-06,121.5628662109375,6.2138671875,-167.62957763671875,115.3489990234375,X2,X10
1.8692860976443626e-05,115.33807373046875,6.4644775390625,-157.00491333007812,108.87359619140625,X7,X10
2.8426977223716676e-05,113.50823974609375,8.82666015625,-149.70516967773438,104.68157958984375,X11,X10
4.678168261307292e-05,110.8548583984375,11.1549072265625,-123.61138916015625,99.699951171875,X5,X10
2.7279791538603604e-05,111.33343505859375,6.23992919921875,-136.18280029296875,105.093505859375,X1,X10
2.3951692128321156e-05,111.54998779296875,5.1553955078125,-151.60195922851562,106.39459228515625,X15,X10
4.315870319260284e-05,105.253173828125,4.74713134765625,-126.47354125976562,100.50604248046875,X7,X10
3.8269055949058384e-05,111.98760986328125,10.27911376953125,-147.2261962890625,101.70849609375,X6,X10
1.353485458821524e-05,121.26715087890625,9.164794921875,-146.45425415039062,112.10235595703125,X15,X10
4.19684911321383e-05,117.1488037109375,16.36309814453125,-152.90170288085938,100.78570556640625,X15,X10
6.810508693888551e-06,125.80657958984375,6.836181640625,-150.36044311523438,118.97039794921875,X5,X10
8.579906534578186e-06,124.0977783203125,7.43695068359375,-159.31631469726562,116.66082763671875,X15,X10
3.765859673876548e-06,130.7119140625,5.81658935546875,-165.25228881835938,124.89532470703125,X1,X10
1.522878392279381e-05,127.58465576171875,16.6614990234375,-186.76614379882812,110.92315673828125,X15,X10
2.7865344236488454e-06,131.16192626953125,3.25482177734375,-134.91180419921875,127.9071044921875,X7,X10
2.9456143238348886e-05,107.2984619140625,2.9725341796875,-141.987548828125,104.325927734375,X1,X10
1.4602139799535507e-06,139.998779296875,5.6295166015625,-112.36578369140625,134.3692626953125,X7,X10
2.4560781639593188e-06,143.545654296875,14.376220703125,-133.8912353515625,129.16943359375,X15,X10
4.125421583012212e-06,141.444580078125,17.461181640625,-146.990234375,123.9833984375,X11,X10
9.929339057634934e-07,143.45947265625,5.23345947265625,-137.95663452148438,138.22601318359375,X1,X10
1.0431352848172537e-06,143.876708984375,6.1439208984375,-144.95709228515625,137.7327880859375,X1,X10
9.275970569433412e-07,146.31207275390625,7.4053955078125,-117.11557006835938,138.90667724609375,X5,X10
3.573131550638209e-07,152.78472900390625,4.33819580078125,-141.57012939453125,148.446533203125,X5,X10
1.5153270851442358e-06,149.28155517578125,15.28277587890625,-151.95025634765625,133.998779296875,X5,X10
5.1196089771110564e-05,106.89453125,8.0963134765625,-173.18603515625,98.7982177734375,X1,X10
4.952207746100612e-07,150.63775634765625,5.45513916015625,-156.91668701171875,145.1826171875,X1,X10
2.429950711757556e-07,156.57086181640625,4.26861572265625,-141.0576171875,152.30224609375,X1,X10
3.1941095812726417e-07,153.74365234375,4.17578125,-161.4434814453125,149.56787109375,X7,X10
5.544316081795841e-07,155.339111328125,11.285888671875,-151.87127685546875,144.05322265625,X1,X10
4.3581343334153644e-07,152.2059326171875,5.74542236328125,-122.02651977539062,146.46051025390625,X4,X10
1.2590041365001525e-07,159.39208984375,0.51434326171875,-126.21743774414062,158.87774658203125,X5,X10
4.307808012526948e-07,150.7532958984375,4.1766357421875,-222.23480224609375,146.57666015625,X5,X10
3.669917134629941e-07,149.454833984375,1.27557373046875,-196.20663452148438,148.17926025390625,X1,X10
9.067481983038306e-07,151.2791748046875,12.145172119140625,-220.9298553466797,139.13400268554688,X7,X10
2.3770247992160876e-07,157.86920166015625,5.34674072265625,-216.392578125,152.5224609375,X1,X10
6.002249506309454e-07,150.80010986328125,7.540496826171875,-159.6240692138672,143.25961303710938,X1,X10
3.2575056252426293e-07,159.6546630859375,10.2833251953125,-172.06268310546875,149.371337890625,X5,X10
3.236408758766629e-07,156.10986328125,6.673553466796875,-211.42091369628906,149.43630981445312,X1,X10
3.7817827092112566e-07,154.9261474609375,7.047149658203125,-220.76084899902344,147.87899780273438,X1,X10
2.8870636015199125e-07,155.33245849609375,4.75390625,-213.68588256835938,150.57855224609375,X6,X10
3.6384139434630924e-07,155.8275146484375,7.562042236328125,-220.31275939941406,148.26547241210938,X5,X10
0.6931471824645996,0.0,0.0,-288.6095886230469,0.0,X10,X10
6.114116217759147e-07,147.48394775390625,4.40899658203125,-231.68328857421875,143.074951171875,X1,X10
4.1396705796614697e-07,157.394287109375,10.41949462890625,-214.85015869140625,146.97479248046875,X1,X10
2.1129361016392068e-07,159.1236572265625,5.423492431640625,-231.8745574951172,153.70016479492188,X7,X10
2.8074839519831585e-07,159.62591552734375,8.767852783203125,-189.13612365722656,150.85806274414062,X5,X10
1.8573618376649392e-07,161.818115234375,6.8287353515625,-226.30462646484375,154.9893798828125,X5,X10
15.957745552062988,-163.7364501953125,-4.15899658203125,-170.73959350585938,-159.57745361328125,X10,X1
0.00021472830849234015,90.13397216796875,5.673675537109375,-140.6729278564453,84.46029663085938,X7,X10
0.0034850751981139183,66.97955322265625,10.404327392578125,-127.83689880371094,56.575225830078125,X15,X10
1.5431587598868646e-05,115.38848876953125,4.597625732421875,-172.1816864013672,110.79086303710938,X5,X10
2.1045483663328923e-05,113.03131103515625,5.343170166015625,-187.9194793701172,107.68814086914062,X15,X10
2.1572188416030258e-05,113.20977783203125,5.768829345703125,-198.0188751220703,107.44094848632812,X4,X10
0.0004322584718465805,82.773193359375,5.31048583984375,-149.89874267578125,77.46270751953125,X11,X10
9.525568008422852,-101.154052734375,-5.89910888671875,-215.69113159179688,-95.25494384765625,X10,X1
0.0004900619969703257,86.40789794921875,10.2005615234375,-198.28286743164062,76.20733642578125,X11,X10
0.00023320838226936758,87.14617919921875,3.511566162109375,-201.72312927246094,83.63461303710938,X5,X10
0.0837731659412384,27.02252197265625,2.64788818359375,-252.05078125,24.3746337890625,X11,X10
0.0002074927615467459,93.67071533203125,8.86761474609375,-179.2122802734375,84.8031005859375,X11,X10
0.0002576288825366646,88.30792236328125,5.6693115234375,-156.96200561523438,82.63861083984375,X4,X10
0.00012242172670084983,98.34466552734375,8.264892578125,-176.69558715820312,90.07977294921875,X5,X10
0.0005082093412056565,81.6318359375,5.7882080078125,-200.70382690429688,75.8436279296875,X15,X10
4.468659244594164e-05,106.60406494140625,6.4459228515625,-180.21566772460938,100.15814208984375,X5,X10
2.4884773665689863e-05,112.5107421875,6.498321533203125,-155.8065948486328,106.01242065429688,X5,X10
3.980343171861023e-05,118.35211181640625,17.0367431640625,-143.54275512695312,101.31536865234375,X16,X10
0.6931471824645996,0.0,0.0,-234.44903564453125,0.0,X10,X10
2.1624526198138483e-05,111.941162109375,4.524444580078125,-180.7403106689453,107.41671752929688,X1,X10
9.580312507750932e-06,120.88641357421875,5.328460693359375,-173.0935821533203,115.55795288085938,X5,X10
7.619218195031863e-06,124.5811767578125,6.73284912109375,-175.95755004882812,117.84832763671875,X15,X10
5.751853223046055e-06,125.0230712890625,4.36322021484375,-140.96597290039062,120.65985107421875,X7,X10
1.1952749446209054e-05,128.1209716796875,14.775543212890625,-147.0975799560547,113.34542846679688,X11,X10
0.6931471824645996,0.0,0.0,-235.71649169921875,0.0,X10,X10
9.76643423200585e-06,125.27630615234375,9.9107666015625,-182.05349731445312,115.36553955078125,X1,X10
4.337002792453859e-06,129.89031982421875,6.407073974609375,-176.3334503173828,123.48324584960938,X15,X10
5.84428653382929e-06,125.64227294921875,5.141845703125,-125.39559936523438,120.50042724609375,X5,X10
4.557418833428528e-06,128.67572021484375,5.688201904296875,-175.71324157714844,122.98751831054688,X5,X10
5.357963800634025e-06,129.17572021484375,7.806488037109375,-148.0029754638672,121.36923217773438,X15,X10
4.3421555346867535e-06,128.15924072265625,4.6878662109375,-143.37493896484375,123.47137451171875,X5,X10
5.134402726980625e-06,128.16998291015625,6.374542236328125,-143.27088928222656,121.79544067382812,X11,X10
9.3464241217589e-06,123.106201171875,7.30108642578125,-164.41177368164062,115.80511474609375,X2,X10
3.7652853279723786e-06,131.134033203125,6.2371826171875,-150.6260986328125,124.8968505859375,X11,X10
5.297501957102213e-06,127.4215087890625,5.93878173828125,-144.81741333007812,121.48272705078125,X15,X10
7.950752660690341e-06,125.500244140625,8.077850341796875,-137.42384338378906,117.42239379882812,X5,X10
5.665444405167364e-06,131.47369384765625,10.6624755859375,-177.94918823242188,120.81121826171875,X5,X10
3.4696340662776493e-06,133.32171630859375,7.60711669921875,-167.31561279296875,125.714599609375,X15,X10
4.977849130227696e-06,130.9072265625,8.8021240234375,-195.9522705078125,122.1051025390625,X17,X10
3.2147770525625674e-06,133.119384765625,6.641876220703125,-135.30494689941406,126.47750854492188,X16,X10
2.5082915726670763e-06,134.28424072265625,5.325164794921875,-165.8103790283203,128.95907592773438,X15,X10
3.0209171200112905e-06,131.073486328125,3.9739990234375,-178.634765625,127.0994873046875,X17,X10
2.457959908497287e-06,135.4609375,6.299163818359375,-182.33409118652344,129.16177368164062,X5,X10
3.977297637902666e-06,130.58245849609375,6.2333984375,-144.43142700195312,124.34906005859375,X1,X10
2.7779669835581444e-06,136.77783203125,8.839935302734375,-165.84043884277344,127.93789672851562,X5,X10
1.9954375147790415e-06,136.82403564453125,5.57757568359375,-162.86236572265625,131.2464599609375,X17,X10
3.356393335707253e-06,140.82830810546875,14.781890869140625,-167.47972106933594,126.04641723632812,X15,X10
2.8712977382383542e-06,136.599853515625,8.992401123046875,-131.5849151611328,127.60745239257812,X11,X10
1.741174173730542e-06,139.17132568359375,6.56182861328125,-143.38259887695312,132.6094970703125,X11,X10
2.2758727027394343e-06,138.0980224609375,8.16656494140625,-147.93441772460938,129.93145751953125,X11,X10
0.6931471824645996,0.0,0.0,-204.4608154296875,0.0,X10,X10
1.4380061656993348e-06,141.893310546875,7.37078857421875,-140.38473510742188,134.52252197265625,X15,X10
3.6859037209069356e-06,139.0870361328125,13.97711181640625,-140.17788696289062,125.10992431640625,X21,X10
0.6931471824645996,107.53594970703125,107.53594970703125,0.0,0.0,X19,X10
0.6018040776252747,-0.3052978515625,-2.22406005859375,7.947784423828125,1.91876220703125,X12,X5
0.003809332149103284,170.42193603515625,114.73797607421875,-15.226806640625,55.6839599609375,X18,X10
3.033313751220703,-29.64923095703125,0.19036865234375,12.23785400390625,-29.839599609375,X9,X21
1.1822842359542847,-2.40045166015625,5.76123046875,33.345489501953125,-8.16168212890625,X8,X2
0.23561954498291016,5.55291748046875,-7.70123291015625,45.1766357421875,13.254150390625,X18,X9
0.12745945155620575,4.68133544921875,-15.274169921875,18.380767822265625,19.95550537109375,X19,X7
3.648532583611086e-05,209.41842651367188,107.23260498046875,-21.187606811523438,102.18582153320312,X19,X10
0.001804232713766396,178.873291015625,115.70611572265625,-75.69461059570312,63.16717529296875,X6,X10
7.492292866118078e-07,252.18154907226562,111.13934326171875,-101.97230529785156,141.04220581054688,X14,X10
0.24635475873947144,14.891998291015625,2.13922119140625,-47.81275939941406,12.752777099609375,X9,X1
0.0011884483974426985,66.9959716796875,-0.349151611328125,-140.5771942138672,67.34512329101562,X16,X1
1.280283808708191,-10.546630859375,-1.000518798828125,-134.5597381591797,-9.546112060546875,X15,X5
6.7338200275969106e-15,435.9267578125,109.61041259765625,-382.9137268066406,326.31634521484375,X9,X10
0.6931471824645996,0.0,0.0,-550.2102661132812,0.0,X10,X10
0.6931471824645996,0.0,0.0,-640.1414184570312,0.0,X10,X10
0.6931471824645996,0.0,0.0,0.0,0.0,X10,X10
2.070155620574951,234.8887939453125,254.24169921875,-95.52081298828125,-19.3529052734375,X10,X10
1.5192919136097771e-06,434.4989013671875,300.5262451171875,-122.8216552734375,133.97265625,X10,X10
1.7072234251291896e-11,492.6544189453125,244.71875,-202.91766357421875,247.9356689453125,X10,X10
4.654276963833581e-11,539.010986328125,301.1044921875,-345.7261962890625,237.906494140625,X10,X10
1.230478739733254e-11,549.38232421875,298.1719970703125,-456.83575439453125,251.2103271484375,X10,X10
5.1290974939499634e-11,590.030517578125,353.095458984375,-570.42236328125,236.93505859375,X10,X10
1.3700312071488142e-17,511.3487548828125,123.0576171875,-574.3803100585938,388.2911376953125,X10,X10
1.1306528630017354e-11,604.2784423828125,352.2220458984375,-738.2806396484375,252.056396484375,X10,X10
3.3470643791277954e-12,561.134033203125,296.9046630859375,-769.5658569335938,264.2293701171875,X10,X10
3.871164673541205e-12,577.1162109375,314.341552734375,-817.0299072265625,262.774658203125,X10,X10
1.1227694354585648e-16,562.374267578125,195.11865234375,-809.5352783203125,367.255615234375,X10,X10
2.5045401056660174e-17,561.822509765625,179.5640869140625,-810.0934448242188,382.2584228515625,X10,X10
1.5937517148026381e-12,561.5511474609375,289.90185546875,-952.7905883789062,271.6492919921875,X10,X10
1.3022294831008252e-12,591.143798828125,317.474365234375,-950.54833984375,273.66943359375,X10,X10
3.498064468296369e-13,588.925537109375,302.111572265625,-979.69580078125,286.81396484375,X10,X10
3.584614593002411e-12,570.8355712890625,307.2918701171875,-992.6519775390625,263.543701171875,X10,X10
3.2870857214934386e-17,572.7275390625,193.1881103515625,-951.8456420898438,379.5394287109375,X10,X10
9.713203548769589e-13,591.6033935546875,315.002197265625,-977.4286499023438,276.6011962890625,X10,X10
6.745360639745014e-16,591.920654296875,242.5955810546875,-1000.8595581054688,349.3250732421875,X10,X10
4.538779833744566e-13,581.800048828125,297.590576171875,-1007.91845703125,284.20947265625,X10,X10
2.2657458794892414e-14,593.985107421875,279.80224609375,-1021.4185791015625,314.182861328125,X10,X10
3.2755143541084164e-13,592.31640625,304.8450927734375,-1117.52099609375,287.4713134765625,X10,X10
3.9006961587628383e-14,599.353759765625,290.6033935546875,-1060.200439453125,308.7503662109375,X10,X10
1.6552588293083925e-12,567.721435546875,296.4508056640625,-1157.92822265625,271.2706298828125,X10,X10
9.964226492520378e-12,601.449462890625,348.1292724609375,-1145.254150390625,253.3201904296875,X10,X10
1.3763710469269432e-15,572.0791015625,229.8858642578125,-1150.517333984375,342.1932373046875,X10,X10
1.8041117532713893e-16,588.448486328125,225.935546875,-1135.2491455078125,362.512939453125,X10,X10
2.257896287524182e-16,560.675048828125,200.40576171875,-1068.0784912109375,360.269287109375,X10,X10
1.9529167237346268e-13,586.729736328125,294.0869140625,-1164.1558837890625,292.642822265625,X10,X10
3.419634267814569e-16,589.542724609375,233.4244384765625,-1089.474365234375,356.1182861328125,X10,X10
1.8694358127485655e-12,575.646484375,305.5926513671875,-1208.49267578125,270.0538330078125,X10,X10
2.464029197693507e-12,573.0869140625,305.794677734375,-1221.4989013671875,267.292236328125,X10,X10
2.6003811950947586e-11,587.4716796875,343.743896484375,-1217.0423583984375,243.727783203125,X10,X10
1.1051603425807355e-12,606.636962890625,331.32666015625,-1191.5247802734375,275.310302734375,X10,X10
4.9717638860025115e-12,567.368408203125,307.095947265625,-1181.6754150390625,260.2724609375,X10,X10
3.72842104412463e-11,268.1298828125,28.00537109375,-1237.7783203125,240.12451171875,X10,X10
8.066229108261158e-12,281.77490234375,26.341552734375,-1214.5584716796875,255.433349609375,X10,X10
5.273295133889633e-10,414.86328125,201.2313232421875,-1216.44189453125,213.6319580078125,X10,X10
7.936093595435276e-14,395.279296875,93.631591796875,-1183.368408203125,301.647705078125,X10,X10
1.8918698205250273e-11,590.983154296875,344.074462890625,-1215.4615478515625,246.90869140625,X10,X10
2.2820405287671264e-10,421.39501953125,199.38720703125,-1232.875244140625,222.0078125,X10,X10
1.322225102740049e-06,343.673095703125,208.3111572265625,-1273.3994140625,135.3619384765625,X10,X10
1.6125556823837478e-17,546.206787109375,159.5455322265625,-1150.71337890625,386.6612548828125,X10,X10
1.7696179807971668e-13,598.39697265625,304.7685546875,-1201.94091796875,293.62841796875,X10,X10
1.0752362541999183e-11,580.46435546875,327.9053955078125,-1190.041015625,252.5589599609375,X10,X10
4.332195748511271e-14,587.413818359375,279.712646484375,-1178.956298828125,307.701171875,X10,X10
2.1138032777020166e-16,577.30810546875,216.37939453125,-1176.101318359375,360.9287109375,X10,X10
7.150451563318894e-13,572.0283203125,292.364013671875,-1228.7139892578125,279.664306640625,X10,X10
1.4332778670508861e-12,582.31298828125,309.6024169921875,-1222.77978515625,272.7105712890625,X10,X10
8.819758812173006e-11,345.99755859375,114.483154296875,-1242.4666748046875,231.514404296875,X10,X10
2.3851813536410194e-13,585.87548828125,295.232177734375,-1214.06103515625,290.643310546875,X10,X10
8.120512319216913e-14,574.91796875,273.5,-1186.7880859375,301.41796875,X10,X10
9.781533222286143e-12,571.21484375,317.7095947265625,-1238.196044921875,253.5052490234375,X10,X10
7.1614702015776466e-12,592.792236328125,336.169189453125,-1203.7147216796875,256.623046875,X10,X10
4.524131937133635e-12,577.37255859375,316.1566162109375,-1177.671875,261.2159423828125,X10,X10
1.5690600945264532e-13,588.539794921875,293.70849609375,-1199.2894287109375,294.831298828125,X10,X10
1.0547565425234051e-12,586.431396484375,310.654296875,-1246.0274658203125,275.777099609375,X10,X10
5.359766450108161e-12,608.26708984375,348.74609375,-1195.109375,259.52099609375,X10,X10
3.649906711502421e-13,592.077880859375,305.6888427734375,-1190.004150390625,286.3890380859375,X10,X10
6.229253766455722e-14,420.356201171875,116.286865234375,-1186.16455078125,304.0693359375,X10,X10
1.0784567683330692e-11,572.802490234375,320.2734375,-1261.0108642578125,252.529052734375,X10,X10
6.846464801341101e-12,574.71484375,317.6419677734375,-1251.896484375,257.0728759765625,X10,X10
9.554491834479987e-15,559.611328125,236.793701171875,-1194.9549560546875,322.817626953125,X10,X10
3.5002401910060044e-13,591.322509765625,304.5147705078125,-1210.288330078125,286.8077392578125,X10,X10
6.671965497445642e-12,603.720703125,346.3896484375,-1212.265380859375,257.3310546875,X10,X10
8.922488399162876e-13,588.45263671875,311.0023193359375,-1232.22509765625,277.4503173828125,X10,X10
3.634813617762545e-15,579.318359375,246.836181640625,-1199.4127197265625,332.482177734375,X10,X10
7.952617641225255e-16,578.90625,231.2276611328125,-1199.88134765625,347.6785888671875,X10,X10
8.256057241941978e-14,608.23876953125,306.986328125,-1196.242431640625,301.25244140625,X10,X10
7.706041750890624e-13,608.501220703125,329.585205078125,-1237.97216796875,278.916015625,X10,X10
8.889189975465686e-14,594.37353515625,293.8599853515625,-1155.086181640625,300.5135498046875,X10,X10
6.556672739466141e-12,600.68896484375,343.18359375,-1200.87451171875,257.50537109375,X10,X10
6.932931659320296e-12,574.501708984375,317.5543212890625,-1260.72705078125,256.9473876953125,X10,X10
1.3600712742855734e-15,572.061767578125,229.7493896484375,-1194.564208984375,342.3123779296875,X10,X10
1.248506099936833e-13,577.92529296875,280.8087158203125,-1215.037841796875,297.1165771484375,X10,X10
1.260515306460876e-17,562.210205078125,173.0859375,-1127.4432373046875,389.124267578125,X10,X10
4.4443853979003745e-12,578.046875,316.653076171875,-1221.46923828125,261.393798828125,X10,X10
3.073279044446542e-12,418.20263671875,153.119873046875,-1206.1651611328125,265.082763671875,X10,X10
4.800065831871972e-16,582.360595703125,229.63330078125,-1151.7239990234375,352.727294921875,X10,X10
8.270383618398658e-14,578.415771484375,277.1806640625,-1209.6827392578125,301.235107421875,X10,X10
4.77651295252568e-12,569.009765625,308.336669921875,-1242.9935302734375,260.673095703125,X10,X10
1.6539160319073432e-10,336.716796875,111.48974609375,-1246.140869140625,225.22705078125,X10,X10
4.455381619195009e-10,333.443115234375,118.125732421875,-1261.30615234375,215.3173828125,X10,X10
1.1078664730867767e-15,551.148681640625,206.7852783203125,-1212.480712890625,344.3634033203125,X10,X10
3.854860874952237e-11,327.725341796875,87.934326171875,-1243.5577392578125,239.791015625,X10,X10
3.565557239379718e-15,447.459716796875,114.78515625,-1198.9857177734375,332.674560546875,X10,X10
1.2471014498860455e-10,324.87841796875,96.828125,-1175.239990234375,228.05029296875,X10,X10
1.1458336501846134e-09,409.966064453125,204.0947265625,-1217.6776123046875,205.871337890625,X10,X10
1.0486205003282234e-12,587.205810546875,311.370361328125,-1198.732421875,275.83544921875,X10,X10
6.362230620809983e-13,326.361572265625,45.529296875,-1211.1473388671875,280.832275390625,X10,X10
2.6543383376681495e-13,440.92236328125,151.3482666015625,-1181.26416015625,289.5740966796875,X10,X10
5.685221822204767e-07,250.548583984375,106.746337890625,-1273.3297119140625,143.80224609375,X10,X10
2.6641316930309245e-10,424.0546875,203.594970703125,-1210.4847412109375,220.459716796875,X10,X10
1.2388713912514504e-05,183.3759765625,70.3887939453125,-1309.746337890625,112.9871826171875,X10,X10
1.0418762537485623e-15,598.359130859375,253.381591796875,-1188.2789306640625,344.9775390625,X10,X10
5.709608133508404e-13,405.16943359375,123.2548828125,-1172.890625,281.91455078125,X10,X10
8.818980268276988e-12,448.935302734375,194.3941650390625,-1246.883544921875,254.5411376953125,X10,X10
1.0612761754472122e-13,600.0068359375,301.2655029296875,-1184.154296875,298.7413330078125,X10,X10
4.713314157370196e-13,440.697265625,156.8651123046875,-1220.9541015625,283.8321533203125,X10,X10
1.0033932885955554e-11,421.6982421875,168.44775390625,-1208.65283203125,253.25048828125,X10,X10
5.801947464134649e-12,424.846923828125,166.11865234375,-1222.1053466796875,258.728271484375,X10,X10
3.859002006834089e-11,599.18896484375,359.40869140625,-1228.539794921875,239.7802734375,X10,X10
1.873232662319424e-07,326.849609375,171.9453125,-1279.9210205078125,154.904296875,X10,X10
1.0198610844724953e-08,435.0673828125,251.0572509765625,-1265.807861328125,184.0101318359375,X10,X10
1.015728346666822e-15,569.072998046875,223.84130859375,-1181.0228271484375,345.231689453125,X10,X10
3.291041744679646e-11,431.710693359375,190.33837890625,-1165.7950439453125,241.372314453125,X10,X10
3.6496505645040064e-16,586.00732421875,230.5400390625,-1196.217529296875,355.46728515625,X10,X10
2.2308764613399035e-08,404.422119140625,228.2392578125,-1239.6383056640625,176.182861328125,X10,X10
1.7159480759053325e-13,562.088623046875,268.1522216796875,-1180.728759765625,293.9364013671875,X10,X10
2.540011386983898e-12,428.232421875,161.243896484375,-1222.5390625,266.988525390625,X10,X10
4.0690895986017495e-08,344.50634765625,174.333740234375,-1281.0316162109375,170.172607421875,X10,X10
9.139451348505467e-12,603.404052734375,349.2198486328125,-1242.281982421875,254.1842041015625,X10,X10
7.189760253822897e-08,342.38525390625,177.905029296875,-1257.1427001953125,164.480224609375,X10,X10
2.2973719281116356e-12,430.08203125,162.0894775390625,-1188.05078125,267.9925537109375,X10,X10
4.935828634700101e-09,423.795654296875,232.5281982421875,-1206.406982421875,191.2674560546875,X10,X10
9.741165821699433e-20,560.673828125,122.92041015625,-1109.660888671875,437.75341796875,X10,X10
6.572433708385006e-09,444.502685546875,256.098876953125,-1243.836181640625,188.40380859375,X10,X10
4.22852475256974e-10,285.30224609375,69.4622802734375,-1212.9130859375,215.8399658203125,X10,X10
1.240006497482682e-07,331.3740234375,172.34423828125,-1297.006103515625,159.02978515625,X10,X10
2.3174479913193324e-13,597.06396484375,306.132568359375,-1199.0880126953125,290.931396484375,X10,X10
1.1053247362724505e-05,132.834228515625,18.7064208984375,-1299.77197265625,114.1278076171875,X10,X10
7.612739238993527e-08,352.73779296875,188.8292236328125,-1265.9365234375,163.9085693359375,X10,X10
6.402442378344864e-12,322.48095703125,64.737548828125,-1234.2071533203125,257.743408203125,X10,X10
2.3212394228977473e-09,340.56689453125,141.7552490234375,-1284.29248046875,198.8116455078125,X10,X10
1.944581394373217e-15,559.107666015625,220.370361328125,-1216.472900390625,338.7373046875,X10,X10
7.587703035327742e-12,316.955078125,60.91015625,-1250.11962890625,256.044921875,X10,X10
9.566031126950758e-12,427.076171875,173.34814453125,-1185.647216796875,253.72802734375,X10,X10
2.371258051026004e-11,302.086669921875,57.4365234375,-1243.9576416015625,244.650146484375,X10,X10
7.039101072858767e-12,410.555419921875,153.760009765625,-1215.235595703125,256.79541015625,X10,X10
2.094670757637739e-20,572.96826171875,119.84521484375,-1107.547119140625,453.123046875,X10,X10
6.824027887902817e-12,324.785400390625,67.6796875,-1241.75830078125,257.105712890625,X10,X10
6.878716780206462e-12,317.48388671875,60.4580078125,-1219.006103515625,257.02587890625,X10,X10
3.302070422650516e-11,445.8583984375,204.51953125,-1235.390869140625,241.3388671875,X10,X10
6.782930256724886e-16,587.82568359375,238.55615234375,-1174.96826171875,349.26953125,X10,X10
1.0595524972808676e-14,421.496337890625,99.712890625,-1200.4805908203125,321.783447265625,X10,X10
1.8043939823200739e-12,604.401611328125,333.99365234375,-1233.5982666015625,270.407958984375,X10,X10
2.597109530674802e-15,444.457275390625,108.613525390625,-1169.188232421875,335.84375,X10,X10
2.2331871907255163e-09,289.55712890625,90.3587646484375,-1259.350830078125,199.1983642578125,X10,X10
6.503003469049418e-09,342.6337890625,154.123779296875,-1288.1248779296875,188.510009765625,X10,X10
6.455036505315093e-11,439.012451171875,204.376708984375,-1265.73388671875,234.6357421875,X10,X10
6.965560940541682e-13,444.794677734375,164.868408203125,-1261.8564453125,279.92626953125,X10,X10
9.116570609535302e-09,351.675537109375,166.5438232421875,-1259.88525390625,185.1317138671875,X10,X10
3.9162832699002337e-11,324.52294921875,84.8900146484375,-1191.363525390625,239.6329345703125,X10,X10
2.5796725866555903e-11,594.06689453125,350.2591552734375,-1249.572021484375,243.8077392578125,X10,X10
7.625395974375504e-12,437.28857421875,181.293212890625,-1258.0223388671875,255.995361328125,X10,X10
7.91143417444573e-09,400.72998046875,214.180419921875,-1278.0113525390625,186.549560546875,X10,X10
8.07502258419121e-15,438.23876953125,113.73876953125,-1179.288330078125,324.5,X10,X10
3.123102887414575e-10,458.33349609375,239.4632568359375,-1240.010986328125,218.8702392578125,X10,X10
1.4068049026053076e-13,418.11279296875,122.18994140625,-1196.420654296875,295.9228515625,X10,X10
4.2699697435906545e-15,604.8095703125,273.9378662109375,-1170.33447265625,330.8717041015625,X10,X10
2.531596980659412e-11,434.0234375,190.027587890625,-1222.5245361328125,243.995849609375,X10,X10
5.224292678150666e-13,578.049072265625,295.2462158203125,-1214.674560546875,282.8028564453125,X10,X10
6.518921733768745e-17,596.055419921875,223.363037109375,-1155.388916015625,372.6923828125,X10,X10
1.4395058929583815e-11,457.08251953125,207.441162109375,-1231.3770751953125,249.641357421875,X10,X10
0.0007912379805929959,106.81298828125,35.3978271484375,-1307.123779296875,71.4151611328125,X10,X10
1.0729955118859991e-10,447.8349609375,218.281005859375,-1081.5438232421875,229.553955078125,X10,X10
7.420705117056059e-08,479.15673828125,314.99267578125,-933.167724609375,164.1640625,X10,X10
0.0014052721671760082,396.2950439453125,330.6268310546875,-740.9168701171875,65.668212890625,X10,X10
1.4582954316932238e-18,473.40966796875,62.717041015625,-1086.4371337890625,410.692626953125,X10,X10
3.5780337026558584e-10,361.442626953125,143.9322509765625,-1288.45654296875,217.5103759765625,X10,X10
1.9596517876301067e-13,495.815185546875,203.206787109375,-1222.2242431640625,292.6083984375,X10,X10
1.3276583938885852e-15,655.36083984375,312.8072509765625,-1131.685302734375,342.5535888671875,X10,X10
2.866710124491134e-12,481.7265625,215.947998046875,-1113.910888671875,265.778564453125,X10,X10
1.3986307945135223e-10,483.568359375,256.664794921875,-1148.0050048828125,226.903564453125,X10,X10
0.6931471824645996,0.0,0.0,-1285.789306640625,0.0,X10,X10
5.178424702934059e-11,364.05810546875,127.21875,-1116.46728515625,236.83935546875,X10,X10
6.815710662522179e-07,417.5888671875,275.6002197265625,-1316.4404296875,141.9886474609375,X10,X10
1.5090258686720204e-12,466.720458984375,194.52490234375,-1246.4371337890625,272.195556640625,X5,X10
7.312560794522568e-15,664.1326904296875,338.640869140625,-1102.737060546875,325.4918212890625,X10,X10
2.1752707274336203e-11,416.9921875,171.4793701171875,-1133.50341796875,245.5128173828125,X10,X10
2.3171972153568365e-12,360.696533203125,92.7899169921875,-1107.841552734375,267.9066162109375,X10,X10
1.2124484359207766e-12,330.443603515625,56.059814453125,-1130.4990234375,274.3837890625,X10,X10
1.9722376509712092e-11,313.20703125,66.71435546875,-1163.441162109375,246.49267578125,X10,X10
1.8328180639848313e-10,361.79150390625,137.591552734375,-1168.2349853515625,224.199951171875,X10,X10
3.26382123367816e-13,360.140625,72.633544921875,-1168.9957275390625,287.507080078125,X10,X10
2.4206829934427743e-20,657.5400390625,205.863525390625,-1070.4071044921875,451.676513671875,X10,X10
1.637594682253607e-12,361.20068359375,89.82275390625,-1172.1134033203125,271.3779296875,X10,X10
3.1536370737050845e-10,267.1259765625,48.35302734375,-1196.49365234375,218.77294921875,X10,X10
4.4151928417754255e-20,652.323974609375,206.657470703125,-1071.1318359375,445.66650390625,X10,X10
2.2503550473156584e-16,656.433349609375,296.130615234375,-1127.5888671875,360.302734375,X10,X10
1.825002788594012e-15,651.75439453125,312.3824462890625,-1121.545166015625,339.3719482421875,X10,X10
3.056712572470301e-15,643.14453125,308.93017578125,-1137.811767578125,334.21435546875,X10,X10
2.1217457468297425e-15,655.292236328125,317.4268798828125,-1160.081298828125,337.8653564453125,X10,X10
2.8631796788850005e-16,653.64990234375,295.755615234375,-1148.7078857421875,357.894287109375,X10,X10
2.5210643205317135e-18,654.58349609375,249.364990234375,-1104.6766357421875,405.218505859375,X10,X10
2.4444769083863475e-19,636.759521484375,208.2066650390625,-1064.283203125,428.5528564453125,X10,X10
5.492598691553041e-19,627.5224609375,207.0653076171875,-1166.72216796875,420.4571533203125,X10,X10
3.1185026349439537e-13,416.63427734375,128.6717529296875,-1293.287109375,287.9625244140625,X1,X10
5.3669029933269585e-17,637.302001953125,262.6650390625,-1184.2933349609375,374.636962890625,X10,X10
5.0774143190660675e-14,652.54443359375,346.4305419921875,-1222.701171875,306.1138916015625,X10,X10
4.6786017307521785e-15,650.2255859375,320.267822265625,-1227.4791259765625,329.957763671875,X10,X10
4.106047099550203e-14,468.43603515625,160.19873046875,-1197.2685546875,308.2373046875,X1,X10
3.183878687632773e-15,636.145263671875,302.3385009765625,-1226.061279296875,333.8067626953125,X10,X10
1.1716090904994518e-16,651.47021484375,284.640380859375,-1171.9412841796875,366.829833984375,X10,X10
3.5315937592936622e-15,654.45068359375,321.680419921875,-1162.9466552734375,332.770263671875,X10,X10
3.7367554623326984e-16,635.5556640625,280.32421875,-1300.8419189453125,355.2314453125,X10,X10
1.2495736667617052e-09,486.47998046875,281.475341796875,-1377.9010009765625,205.004638671875,X1,X10
2.3376627036560994e-15,650.88818359375,313.991943359375,-1302.6422119140625,336.896240234375,X10,X10
1.124719993517414e-16,653.232421875,285.994140625,-1161.5556640625,367.23828125,X10,X10
1.128752886785881e-14,646.632568359375,325.4818115234375,-1207.85986328125,321.1507568359375,X10,X10
8.104888288285039e-13,394.37109375,115.959716796875,-1233.3875732421875,278.411376953125,X1,X10
2.359936917311809e-15,649.871337890625,313.0699462890625,-1129.991455078125,336.8013916015625,X10,X10
1.3461142888971907e-15,640.2373046875,297.82177734375,-1174.466796875,342.41552734375,X10,X10
1.8824885059742178e-16,637.13720703125,275.049560546875,-1152.9410400390625,362.087646484375,X10,X10
1.3815669025353562e-17,645.14404296875,256.936767578125,-1138.1153564453125,388.207275390625,X10,X10
6.251609385271619e-17,641.584716796875,268.4736328125,-1154.2445068359375,373.111083984375,X10,X10
6.765490165978275e-15,644.494384765625,318.2249755859375,-1180.22607421875,326.2694091796875,X10,X10
2.3746260551496134e-18,653.2802734375,247.46337890625,-1085.329833984375,405.81689453125,X10,X10
1.311727505750106e-19,635.568115234375,200.7904052734375,-1195.33154296875,434.7777099609375,X10,X10
5.0205751895801044e-15,648.8583984375,319.6060791015625,-1268.333984375,329.2523193359375,X10,X10
2.932496884821352e-17,650.1611328125,269.480224609375,-1269.5401611328125,380.680908203125,X10,X10
6.212630236646088e-14,655.083984375,350.9879150390625,-1152.5400390625,304.0960693359375,X10,X10
7.228524961759575e-15,656.01904296875,330.41162109375,-1163.475830078125,325.607421875,X10,X10
1.3960102883881327e-22,654.294677734375,151.0621337890625,-1098.944091796875,503.2325439453125,X10,X10
2.1075151168598375e-16,632.868896484375,271.910400390625,-1116.946533203125,360.95849609375,X10,X10
9.93073709338677e-16,652.665283203125,307.2080078125,-1151.3367919921875,345.457275390625,X10,X10
4.254555861532994e-15,455.6279296875,124.7200927734375,-1139.52001953125,330.9078369140625,X1,X10
5.858681010889654e-24,747.5224609375,212.581298828125,-1085.7862548828125,534.941162109375,X1,X10
2.673028289055905e-14,406.758544921875,94.228759765625,-1298.34423828125,312.52978515625,X5,X10
2.1498590668106443e-14,499.595947265625,184.8880615234375,-1166.6630859375,314.7078857421875,X1,X10
9.68649196667244e-16,499.96875,154.262451171875,-1177.7017822265625,345.706298828125,X5,X10
7.236814995637083e-19,763.895263671875,346.1959228515625,-1134.918701171875,417.6993408203125,X1,X10
2.9620370402727503e-21,755.2989501953125,282.6148681640625,-1094.10791015625,472.68408203125,X5,X10
2.3998472508531012e-21,766.835693359375,292.046875,-1098.6990966796875,474.788818359375,X1,X10
4.969696962980885e-12,470.923095703125,210.646484375,-1215.8780517578125,260.276611328125,X5,X10
5.002449843249934e-12,495.4462890625,235.2353515625,-1204.125244140625,260.2109375,X5,X10
4.3903825074163155e-14,483.648681640625,176.0809326171875,-1160.8076171875,307.5677490234375,X1,X10
1.0135626283840951e-19,756.63916015625,319.28271484375,-1239.264404296875,437.3564453125,X1,X10
9.346422524814102e-10,505.00146484375,297.0928955078125,-1271.947509765625,207.9085693359375,X1,X10
3.0781165719461524e-21,630.456298828125,158.1566162109375,-1144.381103515625,472.2996826171875,X10,X10
1.349904803687801e-14,516.567626953125,197.2060546875,-1206.483642578125,319.361572265625,X5,X10
1.316188594191181e-19,745.53564453125,310.7918701171875,-1143.568603515625,434.7437744140625,X1,X10
2.8035333657448064e-14,457.071533203125,145.0184326171875,-1218.94189453125,312.0531005859375,X5,X10
2.1717793526894052e-23,762.322509765625,240.4833984375,-1121.8460693359375,521.839111328125,X1,X10
1.7828280084869474e-12,494.093994140625,223.5657958984375,-1186.4580078125,270.5281982421875,X5,X10
8.642459140570388e-18,737.809814453125,344.911376953125,-1256.936767578125,392.8984375,X5,X10
1.4345455379149996e-10,484.893310546875,258.2432861328125,-1219.11669921875,226.6500244140625,X1,X10
3.0439403205467526e-20,757.176025390625,307.79052734375,-1168.4259033203125,449.385498046875,X5,X10
7.145669906477581e-12,435.915283203125,179.2701416015625,-1250.4169921875,256.6451416015625,X5,X10
5.1409597670609566e-18,763.10009765625,365.0072021484375,-1170.21923828125,398.0928955078125,X1,X10
7.100497698639876e-19,753.927978515625,336.0384521484375,-1173.538330078125,417.8895263671875,X5,X10
1.1337468507413573e-12,392.93115234375,117.876220703125,-1194.2969970703125,275.054931640625,X1,X10
1.0815619774063577e-17,755.93701171875,365.2816162109375,-1164.532470703125,390.6553955078125,X5,X10
3.5650739938484195e-19,740.5947265625,315.8154296875,-1168.315185546875,424.779296875,X1,X10
3.5613130283315697e-13,471.031494140625,184.396728515625,-1237.957275390625,286.634765625,X1,X10
1.6344061876599281e-15,497.87353515625,157.3985595703125,-1192.6611328125,340.4749755859375,X5,X10
8.90286014689545e-19,750.667236328125,335.039794921875,-1137.67822265625,415.62744140625,X5,X10
9.753664003767227e-19,763.612548828125,348.8978271484375,-1157.07177734375,414.7147216796875,X1,X10
3.130227674286168e-11,425.7861328125,183.912841796875,-1242.9825439453125,241.873291015625,X5,X10
2.2475649949027857e-14,431.13525390625,116.871826171875,-1171.1024169921875,314.263427734375,X1,X10
7.93831959802066e-14,482.8916015625,181.2467041015625,-1183.028076171875,301.6448974609375,X1,X10
6.524392044595681e-18,766.2041015625,370.4942626953125,-1120.375244140625,395.7098388671875,X1,X10
1.657010405351888e-14,514.43896484375,197.127197265625,-1248.7154541015625,317.311767578125,X5,X10
7.494251717519e-17,768.391845703125,397.09368896484375,-1222.7235107421875,371.298095703125,X1,X10
1.4320437175805112e-18,751.625,340.750732421875,-1136.1658935546875,410.874267578125,X5,X10
2.094099091180801e-13,410.63037109375,118.685546875,-1229.44970703125,291.94482421875,X1,X10
4.960781463652369e-21,742.9716796875,275.4444580078125,-1146.6708984375,467.5272216796875,X5,X10
4.7670825829388726e-20,768.70068359375,323.801025390625,-1166.0970458984375,444.899658203125,X1,X10
2.494275619380204e-10,482.78515625,261.6666259765625,-1303.269287109375,221.1185302734375,X5,X10
1.3549433114119075e-13,400.33984375,104.0413818359375,-1259.129638671875,296.2984619140625,X1,X10
2.983946269830958e-22,748.31396484375,252.677734375,-1126.378173828125,495.63623046875,X5,X10
5.1290842839733537e-20,752.0654296875,307.897705078125,-1168.12451171875,444.167724609375,X1,X10
1.8027949086195748e-19,755.703369140625,324.1055908203125,-1151.78466796875,431.5977783203125,X5,X10
2.3104809928622353e-15,395.585693359375,58.572509765625,-1366.0433349609375,337.01318359375,X5,X10
2.946344880892225e-17,769.2109375,388.5771484375,-1209.93896484375,380.6337890625,X1,X10
1.6149048714459893e-20,766.709716796875,310.9854736328125,-1175.6865234375,455.7242431640625,X1,X10
2.3253765486588187e-18,750.86767578125,344.8411865234375,-1138.028564453125,406.0264892578125,X5,X10
8.599349795766574e-17,766.8466796875,396.924072265625,-1192.6986083984375,369.922607421875,X1,X10
5.382092841787515e-18,767.029296875,369.394775390625,-1170.4482421875,397.634521484375,X1,X10
8.598998870854047e-22,737.1484375,252.09619140625,-1132.250732421875,485.05224609375,X5,X10
8.447329570208124e-22,766.286376953125,281.05615234375,-1145.0611572265625,485.230224609375,X1,X10
3.501574278591307e-21,751.56494140625,280.55419921875,-1100.76513671875,471.0107421875,X5,X10
7.867787953302227e-18,766.50146484375,372.6639404296875,-1163.228759765625,393.8375244140625,X1,X10
9.160341755964918e-12,460.21728515625,206.055908203125,-1270.8590087890625,254.161376953125,X1,X10
1.2247277508490755e-19,753.5582275390625,318.09423828125,-1102.583251953125,435.4639892578125,X5,X10
2.819707852744644e-21,740.6826171875,267.506103515625,-1065.0545654296875,473.176513671875,X5,X10
1.029458697802255e-16,753.00048828125,384.877197265625,-1131.333740234375,368.123291015625,X5,X10
7.825759641074545e-26,732.35400390625,154.256103515625,-1052.9730224609375,578.097900390625,X1,X10
1.7934456997461942e-19,752.8701171875,321.2203369140625,-1108.7119140625,431.6497802734375,X1,X10
2.9590262627861835e-18,763.209228515625,359.592529296875,-1118.39111328125,403.61669921875,X1,X10
1.7640422508965938e-15,522.397216796875,182.685546875,-1082.6146240234375,339.711669921875,X1,X10
7.972701372271188e-22,756.54736328125,270.7388916015625,-1187.408447265625,485.8084716796875,X1,X10
1.672795235663216e-11,387.423828125,139.284423828125,-1131.1312255859375,248.139404296875,X5,X10
1.7335392118335726e-19,744.23095703125,312.241455078125,-1073.4068603515625,431.989501953125,X5,X10
6.835822869127178e-14,435.56689453125,132.4267578125,-1140.079833984375,303.14013671875,X5,X10
2.717950450526102e-22,768.9241943359375,272.354248046875,-1027.271484375,496.5699462890625,X1,X10
1.5817454172742861e-18,766.0311279296875,356.151123046875,-1102.776611328125,409.8800048828125,X1,X10
1.4939692538629146e-10,490.236328125,263.9921875,-1178.564453125,226.244140625,X1,X10
3.4460279681874928e-12,397.82177734375,133.8837890625,-1177.4453125,263.93798828125,X1,X10
9.130778002176126e-15,450.8134765625,127.542236328125,-1207.7578125,323.271240234375,X5,X10
2.728819503260843e-13,489.697998046875,200.400634765625,-1178.59521484375,289.29736328125,X1,X10
7.485900791567879e-19,746.94140625,329.5804443359375,-1131.311767578125,417.3609619140625,X1,X10
4.484836460538766e-11,360.601318359375,122.323974609375,-1240.83056640625,238.27734375,X5,X10
7.965964882832803e-19,746.57958984375,329.8402099609375,-1137.979736328125,416.7393798828125,X5,X10
3.0316751313872155e-23,753.072021484375,234.568603515625,-1062.959716796875,518.50341796875,X1,X10
1.85815558670182e-20,762.346435546875,308.0252685546875,-1113.659912109375,454.3211669921875,X1,X10
2.3809417978859493e-12,478.36767578125,210.732421875,-1217.504638671875,267.63525390625,X1,X10
2.599681323707555e-19,747.9273681640625,319.9901123046875,-1150.9620361328125,427.937255859375,X5,X10
6.110767048432228e-20,736.318603515625,293.902099609375,-1124.7366943359375,442.41650390625,X5,X10
4.1446834571183533e-13,511.156982421875,226.0391845703125,-1207.946044921875,285.1177978515625,X5,X10
2.998824496017183e-12,368.633056640625,103.3050537109375,-1195.865234375,265.3280029296875,X1,X10
2.07473182241738e-22,737.474365234375,238.2039794921875,-1064.09033203125,499.2703857421875,X5,X10
4.896927906540159e-22,737.946044921875,247.263427734375,-1106.048583984375,490.6826171875,X5,X10
2.921156384207038e-15,434.553955078125,99.885986328125,-1160.31591796875,334.66796875,X1,X10
1.7341239121754226e-12,452.129638671875,181.324462890625,-1186.9398193359375,270.80517578125,X5,X10
1.1724439390762832e-18,753.2236328125,340.3492431640625,-1209.96533203125,412.8743896484375,X1,X10
3.5568309365505146e-14,500.100830078125,190.4276123046875,-1183.172119140625,309.6732177734375,X5,X10
3.418066610999526e-14,405.579345703125,95.5081787109375,-1164.125,310.0711669921875,X5,X10
8.685780295309803e-20,762.953857421875,324.0537109375,-1132.76904296875,438.900146484375,X1,X10
1.0225295277166424e-08,373.9755859375,189.9915771484375,-1243.937255859375,183.9840087890625,X5,X10
1.5351884539877036e-16,451.756591796875,87.6295166015625,-1172.82373046875,364.1270751953125,X5,X10
6.368245367159199e-19,758.935302734375,339.9573974609375,-1132.442138671875,418.9779052734375,X1,X10
1.6214117778747126e-19,753.79736328125,321.13916015625,-1134.637939453125,432.658203125,X5,X10
0.6931471824645996,-10.530792236328125,-10.530792236328125,0.0,0.0,X8,X18
0.2617829740047455,-13.68048095703125,-25.74542236328125,5.533050537109375,12.06494140625,X4,X19
0.5478399991989136,14.464447021484375,11.3106689453125,12.593917846679688,3.153778076171875,X7,X10
0.7541383504867554,6.33544921875,7.52020263671875,8.827972412109375,-1.18475341796875,X9,X7
0.12052822858095169,149.08242797851562,128.53240966796875,-13.411636352539062,20.550018310546875,X20,X10
9.425138159713242e-06,241.46209716796875,125.7408447265625,-84.30697631835938,115.72125244140625,X20,X10
7.362324794257802e-08,278.08172607421875,113.83868408203125,-104.1710205078125,164.2430419921875,X25,X10
5.5945445609495437e-08,288.06011962890625,121.07122802734375,-130.607421875,166.9888916015625,X20,X10
1.4879703691406121e-08,312.9111328125,132.678466796875,-135.4921875,180.232666015625,X22,X10
0.6931471824645996,0.0,0.0,-223.1121826171875,0.0,X10,X10
1.4303169759699585e-09,324.40301513671875,120.74932861328125,-157.47161865234375,203.6536865234375,X25,X10
1.528734294709011e-08,288.1082763671875,108.1458740234375,-170.5194091796875,179.96240234375,X25,X10
2.3860826647847944e-09,312.559326171875,114.023193359375,-178.5125732421875,198.5361328125,X5,X10
1.0074166567619613e-07,271.72412109375,110.6170654296875,-196.55548095703125,161.1070556640625,X5,X10
7.676878688300803e-09,290.0321044921875,103.18157958984375,-205.12734985351562,186.85052490234375,X5,X10
6.586325707047536e-09,292.62384033203125,104.24114990234375,-198.98779296875,188.3826904296875,X5,X10
2.7958353712165263e-06,204.85028076171875,76.97650146484375,-299.1873779296875,127.873779296875,X1,X10
6.373202410259182e-08,277.0242919921875,111.3385009765625,-238.00213623046875,165.685791015625,X5,X10
6.594713397589658e-08,279.0479736328125,113.703857421875,-292.30157470703125,165.3441162109375,X5,X10
2.734739101839523e-09,314.56939697265625,117.3970947265625,-262.3468933105469,197.17230224609375,X5,X10
4.353855445060617e-07,260.3253173828125,113.85498046875,-285.192138671875,146.4703369140625,X5,X10
5.8052354034998643e-08,274.80072021484375,108.1815185546875,-302.4132995605469,166.61920166015625,X1,X10
7.052890538261636e-08,257.4462890625,92.77386474609375,-356.8840637207031,164.67242431640625,X5,X10
1.0656689397592345e-07,268.4998779296875,107.9549560546875,-339.92718505859375,160.544921875,X1,X10
5.170741168569748e-09,311.1695556640625,120.3670654296875,-324.7578125,190.802490234375,X5,X10
9.726279159849582e-08,269.6572265625,108.19873046875,-348.3944091796875,161.45849609375,X1,X10
7.900941767502445e-08,274.3553466796875,110.818359375,-356.48321533203125,163.5369873046875,X5,X10
2.8055181246600114e-05,193.53662109375,88.723388671875,-347.40771484375,104.813232421875,X1,X10
4.9108059840818896e-08,278.1798095703125,109.88739013671875,-323.9770202636719,168.29241943359375,X5,X10
6.96362576491083e-08,279.5758056640625,114.7760009765625,-384.06182861328125,164.7998046875,X5,X10
4.5876706877834295e-08,274.41229248046875,105.439208984375,-372.2835998535156,168.97308349609375,X1,X10
3.083081290267131e-10,337.20843505859375,118.209228515625,-327.3151550292969,218.99920654296875,X5,X10
7.503782484263866e-08,267.001708984375,102.948974609375,-356.3145751953125,164.052734375,X1,X10
5.60605997179664e-08,279.7257080078125,112.75738525390625,-425.2955627441406,166.96832275390625,X5,X10
3.86667053930978e-08,260.32952880859375,89.64666748046875,-469.4013671875,170.682861328125,X1,X10
5.975224759424691e-09,293.5640869140625,104.2076416015625,-362.9422607421875,189.3564453125,X5,X10
9.38823507823372e-09,291.14483642578125,106.3067626953125,-355.2927551269531,184.83807373046875,X1,X10
9.770573933254312e-11,350.15863037109375,119.66802978515625,-375.01605224609375,230.4906005859375,X5,X10
1.309244712643931e-09,276.0555419921875,71.51739501953125,-387.1885070800781,204.53814697265625,X1,X10
9.249871008032429e-11,349.9915771484375,118.95330810546875,-381.1125183105469,231.03826904296875,X5,X10
5.089925139145635e-07,254.1727294921875,109.264404296875,-445.24969482421875,144.9083251953125,X1,X10
8.473119428309417e-10,313.1993408203125,104.309814453125,-408.85491943359375,208.8895263671875,X5,X10
7.3017116797302606e-09,293.18902587890625,105.83746337890625,-413.3916015625,187.3515625,X1,X10
1.2024001794230799e-09,313.50921630859375,108.1197509765625,-383.2262268066406,205.38946533203125,X5,X10
5.2823409646407526e-08,256.4527587890625,88.8896484375,-427.94586181640625,167.5631103515625,X1,X10
1.3095818873765097e-09,311.610107421875,107.07452392578125,-402.5798645019531,204.53558349609375,X5,X10
2.78333645020723e-09,301.02374267578125,104.027587890625,-391.3853454589844,196.99615478515625,X1,X10
7.935307411166548e-10,311.850830078125,102.3055419921875,-388.88238525390625,209.5452880859375,X5,X10
3.248512125963998e-09,301.6116943359375,106.1610107421875,-382.013427734375,195.45068359375,X1,X10
2.2436771018874424e-07,260.0023193359375,106.90252685546875,-410.7892150878906,153.09979248046875,X5,X10
6.908712748554535e-06,229.7593994140625,110.93215942382812,-482.091796875,118.82723999023438,X10,X10
1.0529411156312563e-06,233.1893310546875,95.55010986328125,-467.8009338378906,137.63922119140625,X10,X10
2.9991094834258547e-06,233.11572265625,105.94378662109375,-504.3864440917969,127.17193603515625,X10,X10
2.5151404514645037e-08,294.7423095703125,119.7587890625,-469.31488037109375,174.9835205078125,X10,X10
3.23363838106161e-06,233.3328857421875,106.91387939453125,-533.7821044921875,126.41900634765625,X10,X10
1.9552874164219247e-07,267.668212890625,113.192626953125,-513.0244140625,154.4755859375,X10,X10
1.3162780305719934e-06,236.7437744140625,101.33676147460938,-486.0245361328125,135.40701293945312,X10,X10
6.959477332202368e-07,255.11090087890625,113.33099365234375,-466.4227294921875,141.7799072265625,X10,X10
0.00011712862033164129,197.8214111328125,107.29962158203125,-504.4825134277344,90.52178955078125,X10,X10
2.4675233362358995e-05,213.34515380859375,107.2481689453125,-504.0934753417969,106.09698486328125,X10,X10
8.497841008647811e-08,272.928955078125,110.12026977539062,-469.14581298828125,162.80868530273438,X10,X10
0.00032329020905308425,193.5806884765625,113.21270751953125,-529.4276123046875,80.36798095703125,X10,X10
2.591140457752772e-07,257.5111083984375,105.85113525390625,-523.1556396484375,151.65997314453125,X10,X10
0.00010337365529267117,204.39453125,112.62344360351562,-529.900146484375,91.77108764648438,X10,X10
1.4336799722514115e-05,226.7626953125,115.2359619140625,-532.5895385742188,111.5267333984375,X10,X10
7.869489948575392e-09,293.90411376953125,107.3013916015625,-552.5751953125,186.60272216796875,X10,X10
2.5485660248847353e-09,309.0223388671875,111.14498901367188,-500.6123046875,197.87734985351562,X10,X10
0.0003641148505266756,188.877197265625,109.6986083984375,-575.4478759765625,79.1785888671875,X10,X10
1.6067501746874768e-06,236.646484375,103.2335205078125,-583.0164184570312,133.4129638671875,X10,X10
3.848511353349293e-12,379.9559326171875,117.12258911132812,-513.69970703125,262.8333435058594,X10,X10
3.1083188787306426e-06,241.4312744140625,114.61700439453125,-578.93896484375,126.81427001953125,X10,X10
2.3681190342017544e-09,305.88775634765625,107.27606201171875,-538.9459838867188,198.6116943359375,X10,X10
2.6638354716501667e-11,346.97607421875,103.4893798828125,-546.0609741210938,243.4866943359375,X10,X10
4.956765466829216e-12,354.004150390625,93.70147705078125,-565.9188232421875,260.30267333984375,X10,X10
1.4283778326795726e-10,332.2894287109375,105.5963134765625,-560.3316650390625,226.693115234375,X10,X10
1.1493785090355146e-11,355.43927001953125,103.547119140625,-556.758056640625,251.89215087890625,X10,X10
0.6931471824645996,15.44415283203125,15.44415283203125,0.0,0.0,X12,X1
0.33671483397483826,9.140350341796875,-0.014068603515625,2.484771728515625,9.1544189453125,X6,X2
1.273578405380249,-3.202728271484375,6.250396728515625,11.77655029296875,-9.453125,X18,X14
1.3286857604980469,21.530517578125,31.74090576171875,-47.360504150390625,-10.21038818359375,X2,X10
0.0050583756528794765,353.9381103515625,301.0963134765625,-44.38623046875,52.841796875,X15,X10
3.960267225266989e-09,539.2203369140625,345.75079345703125,-151.74819946289062,193.46954345703125,X8,X10
6.659277729942348e-12,594.487548828125,337.137451171875,-202.614013671875,257.35009765625,X8,X10
2.5106181023026863e-10,554.5291748046875,333.4759521484375,-273.2413330078125,221.05322265625,X4,X10
3.1551859649286973e-12,606.213134765625,341.3934020996094,-294.47845458984375,264.8197326660156,X8,X10
2.2539658546447754,-23.3759765625,-1.9454345703125,-220.57354736328125,-21.4305419921875,X7,X28
9.34747923508894e-09,482.05908203125,297.177490234375,-371.6676025390625,184.881591796875,X16,X10
8.801386996992733e-08,455.93524169921875,293.4775390625,-388.4009094238281,162.45770263671875,X11,X10
3.357146338700545e-09,527.5799560546875,332.4582214355469,-391.34869384765625,195.12173461914062,X4,X10
1.6224595000835507e-09,531.08349609375,328.6902770996094,-392.4205322265625,202.39321899414062,X6,X10
5.984728801422534e-08,466.828369140625,300.513671875,-421.76629638671875,166.314697265625,X17,X10
1.225461483001709,125.76806640625,134.546630859375,-504.07958984375,-8.778564453125,X10,X10
0.03568259999155998,190.481689453125,157.3297119140625,-545.3047485351562,33.1519775390625,X10,X10
2.0761291991133746e-11,557.631103515625,311.65179443359375,-449.9986877441406,245.97930908203125,X18,X10
3.5715286283988235e-10,550.6328735351562,333.10430908203125,-355.4412841796875,217.528564453125,X5,X10
0.0001307173806708306,412.7347412109375,323.3106689453125,-279.25732421875,89.424072265625,X6,X10
0.00011773928417824209,399.7744140625,309.30462646484375,-308.8408508300781,90.46978759765625,X18,X10
2.1136151856504526e-11,551.347412109375,305.54705810546875,-329.7266540527344,245.80035400390625,X5,X10
17.661975860595703,-481.2938232421875,-304.674072265625,-383.12506103515625,-176.6197509765625,X10,X25
5.100810085423291e-06,449.984130859375,328.123046875,-270.21826171875,121.861083984375,X4,X10
3.6021077632904053,257.3463134765625,293.0909423828125,-282.1270751953125,-35.74462890625,X15,X10
0.00028562676743604243,376.26190185546875,294.65509033203125,-305.9599609375,81.6068115234375,X15,X10
7.893632414379681e-09,508.63018798828125,322.05810546875,-318.3952331542969,186.57208251953125,X4,X10
1.4331937546463447e-11,560.644775390625,310.95947265625,-315.150146484375,249.685302734375,X7,X10
28.7346134185791,-586.5882568359375,-299.24212646484375,-395.6628112792969,-287.34613037109375,X10,X8
4.626517693395726e-06,456.76123046875,333.9241943359375,-274.9451904296875,122.8370361328125,X4,X10
0.0095506077632308,380.37103271484375,333.9073181152344,-245.0058135986328,46.463714599609375,X4,X10
0.001674709259532392,400.65704345703125,336.7442626953125,-296.7058410644531,63.91278076171875,X4,X10
4.303015543882793e-08,516.9850463867188,347.37139892578125,-304.845947265625,169.6136474609375,X8,X10
6.480461306468399e-11,537.0603637695312,302.46392822265625,-343.3809814453125,234.596435546875,X4,X10
7.78290876191079e-10,556.08935546875,346.35015869140625,-352.7420959472656,209.73919677734375,X8,X10
20.066242218017578,-508.08905029296875,-307.4266357421875,-362.4573669433594,-200.66241455078125,X10,X14
11.993914604187012,-403.2227783203125,-283.28369140625,-286.23968505859375,-119.9390869140625,X10,X18
5.411293983459473,262.51483154296875,316.5830078125,-176.30331420898438,-54.06817626953125,X16,X10
9.822942733764648,178.0313720703125,276.26025390625,-193.66998291015625,-98.2288818359375,X10,X10
6.434437274932861,207.632080078125,271.96038818359375,-194.49417114257812,-64.32830810546875,X10,X10
1.6273808479309082,264.58599853515625,278.6727294921875,-218.42642211914062,-14.08673095703125,X10,X10
0.008811871521174908,339.0220947265625,291.7496337890625,-292.9102783203125,47.2724609375,X10,X10
2.2595531845581718e-06,421.92510986328125,291.92169189453125,-370.53924560546875,130.00341796875,X10,X10
0.0016163409454748034,337.24676513671875,272.97894287109375,-471.36065673828125,64.267822265625,X10,X10
3.305533402553351e-09,487.69842529296875,292.4217529296875,-459.2753601074219,195.27667236328125,X10,X10
4.725130287042134e-10,505.27728271484375,290.5477294921875,-472.5476989746094,214.72955322265625,X10,X10
2.0676613199377414e-10,517.0927734375,294.09844970703125,-516.989013671875,222.99432373046875,X10,X10
0.00012249950668774545,311.7950439453125,221.72161865234375,-617.2113037109375,90.07342529296875,X10,X10
3.573680240620547e-11,528.7738037109375,288.22540283203125,-568.9437255859375,240.54840087890625,X10,X10
3.192087913439501e-11,530.161376953125,288.4837646484375,-591.0848999023438,241.6776123046875,X10,X10
2.1845344977400316e-11,535.0882568359375,289.617919921875,-615.1972045898438,245.4703369140625,X10,X10
2.5039361209455713e-11,538.6163330078125,294.5106201171875,-634.46044921875,244.105712890625,X10,X10
1.903873586561744e-11,538.53759765625,291.692138671875,-652.7291870117188,246.845458984375,X10,X10
8.190895010862231e-12,539.1395874023438,283.859619140625,-581.2015380859375,255.27996826171875,X10,X10
2.8910626063277656e-12,541.6070556640625,275.9130859375,-645.6825561523438,265.6939697265625,X10,X10
1.6230303559461312e-11,541.748779296875,293.307373046875,-675.387451171875,248.44140625,X10,X10
2.136560720011893e-11,541.77685546875,296.08447265625,-683.975830078125,245.6923828125,X10,X10
1.6398772964554276e-11,539.978515625,291.640380859375,-703.1405029296875,248.338134765625,X10,X10
1.9546217075450123e-11,541.4666748046875,294.88427734375,-697.8416137695312,246.5823974609375,X10,X10
2.5350324270312363e-11,540.8665771484375,296.88427734375,-655.1416625976562,243.9822998046875,X10,X10
1.1649361163212912e-11,539.37451171875,287.6168212890625,-660.8792114257812,251.7576904296875,X10,X10
1.1867687388367187e-11,539.850830078125,288.27880859375,-624.5842895507812,251.572021484375,X10,X10
2.5346829669870008e-12,541.3692626953125,274.3597412109375,-719.908203125,267.009521484375,X10,X10
4.270912616621825e-12,542.0340576171875,280.24212646484375,-716.6776123046875,261.79193115234375,X10,X10
5.258315050743478e-12,540.3564453125,280.64434814453125,-667.9365234375,259.71209716796875,X10,X10
5.0422999109400735e-12,539.1849365234375,279.0533447265625,-678.7709350585938,260.131591796875,X10,X10
4.756902337310631e-12,538.7618408203125,278.047607421875,-703.7528686523438,260.7142333984375,X10,X10
2.6196567484704225e-11,540.2735595703125,296.61962890625,-694.9360961914062,243.6539306640625,X10,X10
1.8627347928013016e-11,539.24365234375,292.17974853515625,-686.8687744140625,247.06390380859375,X10,X10
1.915679247177504e-11,539.883544921875,293.09991455078125,-686.8282470703125,246.78363037109375,X10,X10
1.978178905404082e-11,538.576171875,292.11358642578125,-695.1102294921875,246.46258544921875,X10,X10
1.0444969542056093e-11,538.79541015625,285.9464111328125,-676.7672729492188,252.8489990234375,X10,X10
5.1315219434799886e-12,539.4259033203125,279.4697265625,-761.3400268554688,259.9561767578125,X10,X10
8.80135287567585e-12,538.49169921875,283.9305419921875,-758.0232543945312,254.5611572265625,X10,X10
1.3047804614529923e-08,416.760498046875,235.21405029296875,-795.7498779296875,181.54644775390625,X10,X10
4.6826087896079116e-08,415.4029541015625,246.63470458984375,-885.396728515625,168.76824951171875,X10,X10
9.759371089046454e-09,450.6495361328125,266.19915771484375,-787.1298828125,184.45037841796875,X10,X10
2.748659744256088e-09,457.7811279296875,260.65960693359375,-771.7476806640625,197.12152099609375,X10,X10
4.16047300777489e-11,537.9881591796875,298.9600830078125,-737.417236328125,239.028076171875,X10,X10
2.7576684260566253e-06,313.205322265625,185.194091796875,-790.1011962890625,128.01123046875,X10,X10
2.4287308275638964e-12,539.209228515625,271.772705078125,-743.4129638671875,267.4365234375,X10,X10
1.0527925198289267e-09,450.8800048828125,244.16180419921875,-753.646728515625,206.71820068359375,X10,X10
2.801351338399538e-11,538.3468017578125,295.36346435546875,-744.68310546875,242.98333740234375,X10,X10
4.826403721125416e-09,449.149658203125,257.65802001953125,-795.6531982421875,191.49163818359375,X10,X10
1.3192748227197626e-08,448.3023681640625,266.86639404296875,-782.02392578125,181.43597412109375,X10,X10
8.145601526621249e-09,451.2852783203125,265.02740478515625,-770.928955078125,186.25787353515625,X10,X10
1.553801358411544e-11,537.63916015625,288.7618408203125,-714.6339111328125,248.8773193359375,X10,X10
1.1207590411288493e-11,534.977783203125,282.8335266113281,-700.431396484375,252.144287109375,X10,X10
5.099352051729511e-09,456.3477783203125,265.40625,-771.1652221679688,190.9415283203125,X10,X10
1.6749432063534186e-08,449.864013671875,270.81500244140625,-764.0072021484375,179.04901123046875,X10,X10
1.142582473079301e-08,449.320068359375,266.4461669921875,-769.5595092773438,182.8739013671875,X10,X10
3.114960289707369e-09,450.83935546875,254.9688720703125,-770.1040649414062,195.8704833984375,X10,X10
2.73008751022763e-11,537.6702880859375,294.42926025390625,-753.446044921875,243.24102783203125,X10,X10
0.0001880953786894679,312.5028076171875,226.7181396484375,-761.270751953125,85.78466796875,X10,X10
7.415137392996485e-10,450.7418212890625,240.5185546875,-809.9039916992188,210.2232666015625,X10,X10
4.782347261256259e-12,543.0845947265625,282.4237060546875,-797.3335571289062,260.660888671875,X10,X10
1.071699973209661e-08,449.4710693359375,265.95672607421875,-735.8529052734375,183.51434326171875,X10,X10
2.1712126888062677e-11,542.019775390625,296.48828125,-783.807861328125,245.531494140625,X10,X10
0.00012000124115729704,316.16650390625,225.88702392578125,-806.010986328125,90.27947998046875,X10,X10
6.0541056612350985e-09,456.735107421875,267.50982666015625,-745.618896484375,189.22528076171875,X10,X10
1.1324637408383076e-11,546.22119140625,294.1807861328125,-757.3253784179688,252.0404052734375,X10,X10
4.879869397456105e-09,456.8441162109375,265.462646484375,-790.2650756835938,191.3814697265625,X10,X10
0.0002064243017230183,320.734375,235.879638671875,-828.0306396484375,84.854736328125,X10,X10
5.286773241408582e-09,460.80224609375,270.2216796875,-785.0716552734375,190.58056640625,X10,X10
4.8636841082361215e-12,552.740234375,292.24798583984375,-699.7415771484375,260.49224853515625,X10,X10
4.400848574448446e-09,429.6448974609375,237.230224609375,-811.7484741210938,192.4146728515625,X10,X10
7.534480817028566e-10,467.081787109375,257.0181884765625,-835.8535766601562,210.0635986328125,X10,X10
2.447791414006417e-10,466.5301513671875,245.2235107421875,-844.9754638671875,221.306640625,X10,X10
1.3195131653986891e-09,430.845703125,226.38568115234375,-808.0146484375,204.46002197265625,X10,X10
1.8171368576513913e-10,431.373291015625,207.08740234375,-787.2613525390625,224.285888671875,X10,X10
9.435496828302803e-10,474.9730224609375,267.1593017578125,-801.261474609375,207.813720703125,X10,X10
1.342237302207061e-12,561.58837890625,288.2215576171875,-747.0764770507812,273.3668212890625,X10,X10
5.978975536891085e-09,434.37109375,245.02093505859375,-804.3265380859375,189.35015869140625,X10,X10
0.00012251293810550123,338.0955810546875,248.02325439453125,-846.9320068359375,90.07232666015625,X10,X10
8.48861189672867e-11,467.676513671875,235.7794189453125,-788.6371459960938,231.8970947265625,X10,X10
3.12169151639452e-10,471.9710693359375,253.0963134765625,-806.7528076171875,218.874755859375,X10,X10
1.2254366965613883e-10,479.6605224609375,251.43499755859375,-812.9725341796875,228.22552490234375,X10,X10
4.760156158134521e-10,471.8555908203125,257.19989013671875,-833.411865234375,214.65570068359375,X10,X10
6.775541239179006e-10,474.6907958984375,263.56549072265625,-833.9698486328125,211.12530517578125,X10,X10
6.12731490979429e-13,568.016845703125,286.808349609375,-791.051513671875,281.20849609375,X10,X10
9.091685737594446e-13,569.6756591796875,292.4132080078125,-789.732177734375,277.262451171875,X10,X10
9.158407365816856e-11,482.7725830078125,251.63494873046875,-829.6116943359375,231.13763427734375,X10,X10
2.2658283582721594e-10,441.088134765625,219.009033203125,-836.256591796875,222.0791015625,X10,X10
1.084327488909409e-10,484.611328125,255.16241455078125,-828.021484375,229.44891357421875,X10,X10
4.8931941398072665e-14,570.9031982421875,264.41973876953125,-783.1209716796875,306.48345947265625,X10,X10
5.954511883565772e-11,484.24853515625,248.8056640625,-821.90625,235.44287109375,X10,X10
1.1421084217255739e-10,476.1201171875,247.19036865234375,-832.6494140625,228.92974853515625,X10,X10
7.806296841578186e-13,573.4962158203125,294.70947265625,-710.1886596679688,278.7867431640625,X10,X10
7.185486233796112e-11,488.1624755859375,254.5987548828125,-860.1529541015625,233.563720703125,X10,X10
1.9562647057824734e-09,444.0496826171875,243.52740478515625,-879.7005615234375,200.52227783203125,X10,X10
1.737555793690504e-10,487.9677734375,263.23406982421875,-858.575927734375,224.73370361328125,X10,X10
4.141505194343864e-10,478.2955322265625,262.24761962890625,-822.9119873046875,216.04791259765625,X10,X10
3.255351821440655e-10,478.0111083984375,259.55560302734375,-814.421875,218.45550537109375,X10,X10
4.364675287860109e-10,441.8607177734375,226.337646484375,-824.5316772460938,215.5230712890625,X10,X10
8.868378253978904e-10,476.5186767578125,268.0850830078125,-835.9826049804688,208.43359375,X10,X10
1.8943732693621484e-10,486.21875,262.34912109375,-813.8080444335938,223.86962890625,X10,X10
1.9229882131099885e-09,444.0712890625,243.37744140625,-819.16357421875,200.69384765625,X10,X10
9.258677852175268e-11,438.317626953125,207.28887939453125,-830.976806640625,231.02874755859375,X10,X10
1.800686127984008e-10,486.900634765625,262.5238037109375,-813.96875,224.3768310546875,X10,X10
1.117897219238273e-09,477.3143310546875,271.1961669921875,-820.4312744140625,206.1181640625,X10,X10
6.189970953342228e-13,572.374267578125,291.26751708984375,-751.062255859375,281.10675048828125,X10,X10
1.1156175983018102e-10,487.51953125,258.3551025390625,-799.6243286132812,229.1644287109375,X10,X10
1.1883396489054121e-09,479.3067626953125,273.7996826171875,-847.4266357421875,205.507080078125,X10,X10
2.0039666540766499e-13,575.9215087890625,283.5367431640625,-817.5699462890625,292.384765625,X10,X10
4.991979607460451e-10,478.3994140625,264.21923828125,-756.1248779296875,214.18017578125,X10,X10
1.308257196797058e-06,338.75244140625,203.2843017578125,-934.0042114257812,135.4681396484375,X10,X10
7.91566993701108e-14,577.31982421875,275.6463623046875,-825.5275268554688,301.6734619140625,X10,X10
5.320311552425849e-11,481.7569580078125,245.18792724609375,-861.087158203125,236.56903076171875,X10,X10
6.867560773532455e-12,487.01123046875,229.9691162109375,-810.3980102539062,257.0421142578125,X10,X10
1.9587578781177228e-10,487.2261962890625,263.6907958984375,-816.1650390625,223.535400390625,X10,X10
2.611781679817682e-09,444.586669921875,246.954345703125,-837.8768310546875,197.63232421875,X10,X10
4.447442969457427e-10,479.3096923828125,263.9744873046875,-825.0186767578125,215.335205078125,X10,X10
6.359910931230672e-10,443.5198974609375,231.76153564453125,-831.08935546875,211.75836181640625,X10,X10
2.1108888248466684e-10,486.98681640625,264.19940185546875,-821.804931640625,222.78741455078125,X10,X10
5.07319464215783e-10,478.430419921875,264.41162109375,-819.5987548828125,214.018798828125,X10,X10
7.629491483029938e-10,480.366943359375,270.42864990234375,-838.0648193359375,209.93829345703125,X10,X10
8.247105797755394e-13,574.3594970703125,296.1220703125,-783.8955688476562,278.2374267578125,X10,X10
3.707066392136943e-13,574.362548828125,288.12890625,-798.3749389648438,286.233642578125,X10,X10
1.6385617862546553e-10,487.854248046875,262.533935546875,-802.2817993164062,225.3203125,X10,X10
1.129569882074577e-09,444.574951171875,238.5606689453125,-815.1715698242188,206.0142822265625,X10,X10
1.2135371874055778e-10,444.61865234375,216.2955322265625,-817.7715454101562,228.3231201171875,X10,X10
6.633069093986421e-10,481.036376953125,269.69854736328125,-818.44384765625,211.33782958984375,X10,X10
1.4479187976628588e-14,617.7716064453125,299.1109619140625,-772.92724609375,318.66064453125,X1,X10
1.581263037175873e-10,520.7105712890625,295.0343017578125,-766.27685546875,225.67626953125,X1,X10
8.334561102526453e-15,618.4234619140625,294.23980712890625,-673.873046875,324.18365478515625,X1,X10
8.63954937813105e-06,298.399169921875,181.8076171875,-834.5094604492188,116.591552734375,X10,X10
1.6521313261691137e-14,615.4293212890625,298.08807373046875,-734.6361083984375,317.34124755859375,X1,X10
2.0250872173285285e-14,616.020751953125,300.7149658203125,-747.2842407226562,315.3057861328125,X1,X10
3.6133582237418693e-11,533.1353759765625,292.6974182128906,-762.398193359375,240.43798828125,X1,X10
0.6931471824645996,480.23095703125,480.23095703125,0.0,0.0,X10,X10
0.23137450218200684,351.6021728515625,338.1441650390625,-44.081298828125,13.4580078125,X10,X10
0.001464905682951212,566.382080078125,501.1297607421875,-124.98455810546875,65.2523193359375,X1,X10
1.7417271465092199e-06,731.34033203125,598.7340087890625,-260.34442138671875,132.6063232421875,X1,X10
5.449501827570202e-07,828.30029296875,684.0745849609375,-335.13385009765625,144.2257080078125,X5,X10
2.578664862085134e-06,650.322509765625,521.64013671875,-444.2991943359375,128.682373046875,X1,X10
9.561244951328263e-06,780.391845703125,664.81396484375,-536.9876708984375,115.577880859375,X5,X10
4.862623609369621e-05,631.0489501953125,531.7357177734375,-595.5908203125,99.313232421875,X1,X10
8.29004875413375e-07,826.400390625,686.3699951171875,-602.4437866210938,140.0303955078125,X5,X10
0.0005832907045260072,692.731689453125,618.266357421875,-657.0283203125,74.46533203125,X1,X10
6.958274667567821e-08,825.644287109375,660.8367919921875,-810.9127807617188,164.8074951171875,X5,X10
1.5801797417225316e-06,657.73681640625,524.1571044921875,-925.5952758789062,133.5797119140625,X1,X10
1.7155956655301452e-08,846.4404296875,667.6312255859375,-913.8927612304688,178.8092041015625,X5,X10
3.4525166370258376e-07,671.497802734375,522.7078857421875,-965.3643188476562,148.7899169921875,X1,X10
3.647021173946996e-08,834.8172607421875,663.549560546875,-974.9205932617188,171.2677001953125,X5,X10
0.003783660475164652,542.870361328125,487.11865234375,-1020.6522216796875,55.751708984375,X10,X10
3.1216421808588635e-11,909.154541015625,667.2537841796875,-1114.724853515625,241.9007568359375,X5,X10
8.877323693923245e-07,583.48828125,444.142333984375,-1029.3336181640625,139.345947265625,X10,X10
6.629224391652144e-10,742.80126953125,531.4576416015625,-926.5043334960938,211.3436279296875,X1,X10
0.0002838924992829561,294.541259765625,212.87353515625,-967.4857177734375,81.667724609375,X10,X10
7.176022276400573e-11,750.217529296875,516.640625,-899.1888427734375,233.576904296875,X1,X10
3.1159165417120327e-13,953.635009765625,665.6641845703125,-899.7754516601562,287.9708251953125,X5,X10
0.0006490678642876446,421.5419921875,348.1455078125,-1039.7467041015625,73.396484375,X10,X10
1.739424426716596e-08,753.262939453125,574.5916748046875,-1013.7327270507812,178.6712646484375,X10,X10
1.42924029816055e-12,893.6351318359375,620.8963623046875,-980.656494140625,272.73876953125,X1,X10
5.671402475253273e-13,804.063720703125,522.08203125,-1035.2618408203125,281.981689453125,X1,X10
2.0827595290789924e-12,954.1610107421875,685.187744140625,-990.7335815429688,268.9732666015625,X5,X10
1.9862326301918476e-14,835.924072265625,520.424560546875,-982.438720703125,315.49951171875,X1,X10
4.4507092103593035e-14,958.640869140625,651.2095947265625,-1024.83935546875,307.4312744140625,X5,X10
5.045322950536502e-07,625.388427734375,480.39208984375,-1152.6710205078125,144.996337890625,X10,X10
1.7993220201826827e-15,874.103515625,534.58984375,-1064.9263916015625,339.513671875,X1,X10
8.179372066974375e-16,857.85400390625,510.45654296875,-1063.926025390625,347.3974609375,X1,X10
1.166683178017991e-12,959.289794921875,684.521240234375,-1159.917236328125,274.7685546875,X5,X10
1.5786306723636345e-12,957.469482421875,685.724853515625,-1156.3607177734375,271.74462890625,X5,X10
3.6904734910386816e-13,962.7042236328125,676.4257202148438,-1134.2080078125,286.27850341796875,X5,X10
2.1972615663438808e-16,874.61376953125,514.072265625,-1085.412109375,360.54150390625,X1,X10
6.554873856963413e-19,763.533203125,344.8441162109375,-1058.833984375,418.6890869140625,X1,X10
3.0386492475865945e-13,899.968994140625,611.7470703125,-1171.9822998046875,288.221923828125,X1,X10
4.361349881401935e-16,876.200439453125,522.5146484375,-1131.6309814453125,353.685791015625,X1,X10
2.3142022732973195e-16,875.492919921875,515.469970703125,-1136.2880859375,360.02294921875,X1,X10
1.4153508009692728e-12,961.603271484375,688.766845703125,-1208.537353515625,272.83642578125,X5,X10
1.2649373193861224e-13,964.2353515625,667.24951171875,-1197.838623046875,296.98583984375,X5,X10
1.4558847833898159e-12,960.907470703125,688.3533935546875,-1228.5302734375,272.5540771484375,X5,X10
7.040359506320371e-13,899.704345703125,619.8848876953125,-1207.366943359375,279.8194580078125,X1,X10
6.842625433078225e-16,871.57861328125,522.396728515625,-1149.80126953125,349.181884765625,X1,X10
6.766194050357444e-13,898.943115234375,618.7264404296875,-1185.855224609375,280.2166748046875,X1,X10
7.486109171797595e-13,900.019287109375,620.813720703125,-1198.29150390625,279.20556640625,X1,X10
1.5112581325249508e-12,961.35791015625,689.1771850585938,-1227.738037109375,272.1807861328125,X5,X10
1.5495986020028674e-15,875.16943359375,534.16162109375,-1182.547607421875,341.0078125,X1,X10
1.620697700562446e-15,873.7900390625,533.2308349609375,-1188.1396484375,340.5592041015625,X1,X10
1.3535536352773242e-13,964.141357421875,667.8326416015625,-1205.069091796875,296.3087158203125,X5,X10
1.2356185952883125e-13,964.582275390625,667.3619384765625,-1213.561279296875,297.2203369140625,X5,X10
2.301946235946142e-16,874.61279296875,514.5367431640625,-1204.800537109375,360.0760498046875,X1,X10
6.833010719742294e-13,900.2314453125,620.113037109375,-1200.3349609375,280.118408203125,X1,X10
5.565116048348304e-16,876.38232421875,525.1339111328125,-1171.1162109375,351.2484130859375,X1,X10
4.972595685909242e-13,960.381103515625,677.0844116210938,-1199.3087158203125,283.296630859375,X5,X10
1.2292137793745717e-12,959.99609375,685.7496337890625,-1184.747314453125,274.2464599609375,X5,X10
1.5806735260970317e-12,959.022705078125,687.291015625,-1215.9691162109375,271.731689453125,X5,X10
7.950369420965664e-13,899.51318359375,620.9093017578125,-1220.107177734375,278.6038818359375,X1,X10
1.5114938380772491e-13,962.127685546875,666.922607421875,-1190.5323486328125,295.205078125,X5,X10
8.925512781123024e-14,962.2666015625,661.7938232421875,-1173.47802734375,300.4727783203125,X5,X10
6.524483644326784e-13,899.904296875,619.3238525390625,-1201.5888671875,280.5804443359375,X1,X10
1.231302061178996e-12,961.833251953125,687.603759765625,-1241.5926513671875,274.2294921875,X5,X10
4.761730708866018e-16,875.12451171875,522.3170166015625,-1170.114013671875,352.8074951171875,X1,X10
1.5147470951160091e-12,960.21728515625,688.0595703125,-1204.48583984375,272.15771484375,X5,X10
1.260852045600197e-13,954.11376953125,657.0955810546875,-1183.21923828125,297.0181884765625,X5,X10
7.984105455764723e-13,897.711669921875,619.150146484375,-1173.20947265625,278.5615234375,X1,X10
6.216817967537314e-13,959.3291015625,678.265625,-1151.0841064453125,281.0634765625,X5,X10
4.6789608727218143e-14,952.015625,645.08447265625,-1277.958740234375,306.93115234375,X5,X10
1.9965955700817356e-13,892.357177734375,599.935546875,-1295.4302978515625,292.421630859375,X1,X10
6.524881546524086e-13,947.1708984375,666.591064453125,-1275.3133544921875,280.579833984375,X5,X10
9.496888952326143e-13,894.786865234375,617.96044921875,-1184.0948486328125,276.826416015625,X1,X10
1.556392140817861e-13,957.691650390625,662.779296875,-1201.3853759765625,294.912353515625,X5,X10
6.361988301624433e-13,898.697998046875,617.8653564453125,-1198.18505859375,280.8326416015625,X1,X10
3.0833486805437182e-12,950.15966796875,685.109619140625,-1207.89599609375,265.050048828125,X5,X10
5.431371134163626e-16,872.09912109375,520.607421875,-1147.57275390625,351.49169921875,X1,X10
2.1405488059150768e-12,955.35986328125,686.6603393554688,-1180.556396484375,268.6995849609375,X5,X10
5.567919198008124e-16,874.1708984375,522.927490234375,-1133.3477783203125,351.243408203125,X1,X10
1.9046099333092092e-12,956.37060546875,686.503173828125,-1180.139892578125,269.867431640625,X5,X10
5.448303852174832e-16,875.689453125,524.2288818359375,-1147.39892578125,351.4605712890625,X1,X10
2.0274651098620144e-13,964.178466796875,671.9102783203125,-1181.8837890625,292.2681884765625,X5,X10
7.359442374087199e-13,899.57421875,620.197998046875,-1187.7039794921875,279.376220703125,X1,X10
1.862286149942327e-12,954.991943359375,684.8997802734375,-1160.770751953125,270.0921630859375,X5,X10
5.224810926789114e-13,959.593994140625,676.7921142578125,-1181.233642578125,282.8018798828125,X5,X10
7.377332794135383e-13,947.044677734375,667.6927490234375,-1311.591796875,279.3519287109375,X5,X10
2.1744151618152685e-12,953.851806640625,685.3092041015625,-1168.23388671875,268.5426025390625,X5,X10
7.377332794135383e-13,898.5751953125,619.2232666015625,-1143.960205078125,279.3519287109375,X1,X10
1.749985654433614e-13,957.0029296875,663.262939453125,-1172.6063232421875,293.739990234375,X5,X10
4.648724845823446e-14,913.168212890625,606.1722412109375,-1127.456787109375,306.9959716796875,X5,X10
1.3298153377083732e-11,934.181884765625,683.7479248046875,-1145.02978515625,250.4339599609375,X5,X10
1.4900299744047274e-11,912.328125,663.03173828125,-1351.198486328125,249.29638671875,X5,X10
3.510634342604161e-18,870.2939453125,468.3865966796875,-1249.2021484375,401.9073486328125,X1,X10
1.8095447761198e-14,924.104248046875,607.673095703125,-1135.2120361328125,316.43115234375,X5,X10
9.742650479774295e-13,894.262939453125,617.6920166015625,-1161.561767578125,276.5709228515625,X1,X10
1.2395690376920676e-11,935.82958984375,684.69287109375,-1143.3779296875,251.13671875,X5,X10
9.303207076233333e-13,895.17529296875,618.142822265625,-1129.5882568359375,277.032470703125,X1,X10
2.7137970012467913e-14,920.8916015625,608.51318359375,-1115.6571044921875,312.37841796875,X5,X10
1.6851947066937696e-15,871.601806640625,531.432861328125,-1092.9598388671875,340.1689453125,X1,X10
4.5516426727936626e-14,912.705810546875,605.498779296875,-1131.734375,307.20703125,X5,X10
1.2666576988673572e-11,933.4931640625,682.5726318359375,-1153.7158203125,250.9205322265625,X5,X10
8.626670341613241e-13,895.98095703125,618.1934814453125,-1148.37890625,277.7874755859375,X1,X10
4.286430558371121e-14,913.5986328125,605.791259765625,-1125.4393310546875,307.807373046875,X5,X10
2.37844495778623e-16,870.928955078125,511.1798095703125,-1093.6025390625,359.7491455078125,X1,X10
6.817366549755066e-12,920.200927734375,663.08544921875,-1283.8035888671875,257.115478515625,X5,X10
8.434552969255327e-13,897.46923828125,619.45654296875,-1180.50048828125,278.0126953125,X1,X10
2.747530935404141e-14,920.0224609375,607.767578125,-1149.4090576171875,312.2548828125,X5,X10
5.563078404714566e-16,871.560546875,520.3084716796875,-1112.226806640625,351.2520751953125,X1,X10
8.283969864242291e-12,940.997314453125,685.830322265625,-1200.049072265625,255.1669921875,X5,X10
9.51104646429446e-13,897.28466796875,620.47314453125,-1170.9052734375,276.8115234375,X1,X10
7.09023768516448e-12,941.523193359375,684.8002319335938,-1179.819091796875,256.7230224609375,X5,X10
4.0461183644495706e-16,875.737060546875,521.301025390625,-1144.829833984375,354.43603515625,X1,X10
6.2423911525999465e-12,941.274169921875,683.2776489257812,-1193.301513671875,257.99658203125,X5,X10
8.755788520435626e-13,896.155517578125,618.5166015625,-1141.1329345703125,277.638916015625,X1,X10
4.853092754053545e-12,944.8446044921875,684.33056640625,-1160.159912109375,260.5140380859375,X5,X10
9.225967429263293e-13,898.767578125,621.6517333984375,-1141.56396484375,277.1158447265625,X1,X10
4.418310769332967e-12,947.19287109375,685.7402954101562,-1165.529052734375,261.45263671875,X5,X10
1.901108437341037e-11,856.375,609.5150146484375,-1163.62353515625,246.8599853515625,X1,X10
7.491914938905983e-15,936.703857421875,611.454345703125,-1143.697265625,325.24951171875,X5,X10
2.4844156616304393e-16,871.62109375,512.307861328125,-1088.2945556640625,359.313232421875,X1,X10
2.00956456336554e-11,932.5576171875,686.25244140625,-1157.8304443359375,246.30517578125,X5,X10
2.238403595811178e-08,753.302490234375,577.1533203125,-1319.5440673828125,176.149169921875,X10,X10
0.6931471824645996,-25.65618896484375,-25.65618896484375,0.0,0.0,X17,X6
1.3838114738464355,634.1215209960938,645.0745239257812,19.84527587890625,-10.9530029296875,X11,X10
0.15707817673683167,14.343536376953125,-3.37091064453125,13.812454223632812,17.714447021484375,X18,X2
0.16003449261188507,-7.717529296875,-25.2303466796875,8.20654296875,17.5128173828125,X17,X8
0.011167209595441818,51.364013671875,6.47216796875,-8.7259521484375,44.891845703125,X16,X2
4.740914664580487e-05,798.6053466796875,699.0386352539062,-77.64132690429688,99.56671142578125,X4,X10
3.609740815591067e-06,830.0089721679688,704.6902465820312,-84.64483642578125,125.3187255859375,X7,X10
2.4424852540505526e-07,805.3679809570312,653.1171875,-81.55819702148438,152.25079345703125,X11,X10
3.3005361557006836,-100.7515869140625,-68.121826171875,-62.10504150390625,-32.6297607421875,X10,X1
6.99263306221283e-14,332.6241455078125,29.7108154296875,-237.09051513671875,302.913330078125,X2,X21
4.940186500549316,625.7423706054688,675.0724487304688,-92.77099609375,-49.330078125,X12,X10
1.550546407699585,158.75848388671875,171.87969970703125,-97.87823486328125,-13.1212158203125,X4,X1
5.1420207023620605,-99.171630859375,-47.81005859375,-101.86419677734375,-51.361572265625,X12,X4
3.6605252162758006e-09,871.7282104492188,677.4716186523438,-145.4910888671875,194.256591796875,X17,X10
1.1056712168056038e-07,862.8682861328125,702.69189453125,-152.4672088623047,160.17642211914062,X7,X10
1.1056217052995976e-09,364.50714111328125,158.278564453125,-139.80618286132812,206.22857666015625,X11,X10
8.152584740628299e-08,816.5682983398438,653.3448486328125,-114.30270385742188,163.22344970703125,X11,X10
0.00015313620679080486,777.2159423828125,689.3748779296875,-134.9178466796875,87.841064453125,X16,X10
5.938677531958092e-07,796.11181640625,652.7457275390625,-131.86578369140625,143.3660888671875,X11,X10
1.063741706275323e-06,785.3810424804688,647.8438720703125,-137.08798217773438,137.53717041015625,X11,X10
5.078621325083077e-05,803.0536499023438,704.175048828125,-152.72708129882812,98.87860107421875,X7,X10
0.017009396106004715,521.1490478515625,480.49432373046875,-232.41091918945312,40.65472412109375,X10,X10
1.7753501424522256e-07,719.809814453125,564.3688354492188,-219.51937866210938,155.44097900390625,X10,X10
1.2457309850333331e-08,754.7991333007812,572.78955078125,-233.47189331054688,182.00958251953125,X10,X10
7.019378972472623e-05,425.672607421875,330.03045654296875,-275.4446716308594,95.64215087890625,X10,X10
4.603263903391053e-08,627.4718627929688,458.53271484375,-249.03189086914062,168.93914794921875,X10,X10
7.051373374089565e-11,881.5770874023438,647.824951171875,-203.43923950195312,233.75213623046875,X11,X10
5.782266271125991e-06,422.7056884765625,302.09857177734375,-247.10586547851562,120.60711669921875,X10,X10
6.800730290024148e-08,624.714599609375,459.6781005859375,-214.40972900390625,165.0364990234375,X10,X10
1.9589211660786532e-05,427.7822265625,319.37701416015625,-241.70938110351562,108.40521240234375,X10,X10
8.362414519069716e-05,424.940673828125,331.04931640625,-237.9139404296875,93.891357421875,X10,X10
7.265013124424513e-08,617.6136474609375,453.237548828125,-193.19964599609375,164.3760986328125,X10,X10
6.138122330412443e-07,635.4719848632812,492.43621826171875,-205.28936767578125,143.0357666015625,X10,X10
2.222687726316508e-05,425.892578125,318.7506103515625,-219.31134033203125,107.1419677734375,X10,X10
2.178008435294032e-05,426.8486328125,319.50360107421875,-209.74594116210938,107.34503173828125,X10,X10
1.7394816609339614e-07,635.9654541015625,480.32037353515625,-187.24801635742188,155.64508056640625,X10,X10
2.09971446452073e-07,635.3974609375,481.634521484375,-168.0103759765625,153.762939453125,X10,X10
1.924092458693849e-07,634.1902465820312,479.5538330078125,-175.87661743164062,154.63641357421875,X10,X10
2.605492568363843e-07,724.10107421875,572.496337890625,-165.2889404296875,151.604736328125,X10,X10
3.077392420891556e-07,720.8817749023438,570.941650390625,-141.87222290039062,149.94012451171875,X10,X10
2.767175715234771e-07,625.21826171875,474.215576171875,-139.7540283203125,151.002685546875,X10,X10
4.2935606181515595e-09,608.93798828125,416.2764892578125,-119.98101806640625,192.6614990234375,X10,X10
5.67748998037132e-07,716.9491577148438,573.13330078125,-160.43850708007812,143.81585693359375,X10,X10
0.00015061222075019032,784.5662231445312,696.5589599609375,-188.45620727539062,88.00726318359375,X5,X10
3.423914733957645e-07,844.4644165039062,695.59130859375,-182.47164916992188,148.87310791015625,X5,X10
3.760435074440238e-09,894.3511962890625,700.3638916015625,-218.54931640625,193.9873046875,X5,X10
5.125992288412817e-07,725.1939697265625,580.3562622070312,-270.0263366699219,144.83770751953125,X1,X10
3.8027792026440466e-10,911.9909057617188,695.0897216796875,-241.85079956054688,216.90118408203125,X5,X10
4.872022785207264e-08,716.18505859375,547.8133544921875,-247.81475830078125,168.3717041015625,X1,X10
2.898987994104374e-11,941.955322265625,699.3145751953125,-193.56756591796875,242.6407470703125,X5,X10
1.0352656232281987e-12,953.294677734375,677.3310546875,-222.05615234375,275.963623046875,X12,X10
9.740570128258241e-09,832.1390991210938,647.66943359375,-284.5906066894531,184.46966552734375,X1,X10
6.379622958380127e-12,952.497802734375,694.7186889648438,-224.67807006835938,257.77911376953125,X5,X10
1.0839419140040718e-08,641.2357177734375,457.8349609375,-228.59747314453125,183.4007568359375,X10,X10
1.8466627807356417e-05,596.4437255859375,487.4483642578125,-331.494384765625,108.995361328125,X10,X10
1.088132428606059e-08,641.6158447265625,458.253662109375,-276.42193603515625,183.3621826171875,X10,X10
7.440955407389538e-09,831.8380737304688,644.6754150390625,-282.7673034667969,187.16265869140625,X1,X10
2.4319014357843116e-08,633.27001953125,457.949951171875,-276.162353515625,175.320068359375,X10,X10
0.0001826808729674667,324.655029296875,238.5782470703125,-319.97601318359375,86.0767822265625,X10,X10
2.153559464090904e-08,633.5925903320312,457.0570068359375,-277.8117980957031,176.53558349609375,X10,X10
1.4807423731610925e-08,666.66162109375,486.3802490234375,-281.74310302734375,180.2813720703125,X10,X10
4.825639887684474e-09,671.9254150390625,480.43218994140625,-255.95468139648438,191.49322509765625,X10,X10
5.303906618792098e-06,438.9461669921875,317.47552490234375,-304.5990295410156,121.47064208984375,X10,X10
7.231953258468593e-09,644.9232177734375,457.47564697265625,-250.39584350585938,187.44757080078125,X10,X10
4.687941590475475e-09,672.0038452148438,480.22113037109375,-275.6219482421875,191.78271484375,X10,X10
6.014116288310944e-11,797.0703125,561.72705078125,-268.6611328125,235.34326171875,X10,X10
4.441299328306059e-09,670.5413208007812,478.2181396484375,-275.4963684082031,192.32318115234375,X10,X10
1.2555539719016906e-08,669.1907348632812,487.25970458984375,-284.38787841796875,181.9310302734375,X10,X10
4.437531231360481e-09,671.8216552734375,479.489990234375,-287.46282958984375,192.3316650390625,X10,X10
1.459183329721725e-10,791.2720947265625,564.7923583984375,-274.3642578125,226.479736328125,X10,X10
1.7507780114556226e-08,647.6845703125,469.078369140625,-289.66064453125,178.606201171875,X10,X10
1.1432648605591567e-08,670.475341796875,487.607421875,-308.7196044921875,182.867919921875,X10,X10
4.198710268354944e-09,671.179931640625,478.2950439453125,-296.89593505859375,192.8848876953125,X10,X10
1.780098013437481e-10,797.0494995117188,572.5576782226562,-284.93170166015625,224.4918212890625,X10,X10
3.906393999386637e-07,390.549072265625,242.9942626953125,-330.72015380859375,147.5548095703125,X10,X10
1.600146681823844e-10,791.7179565429688,566.160400390625,-292.0196838378906,225.55755615234375,X10,X10
1.6727258467241768e-10,791.0431518554688,565.92919921875,-276.5742492675781,225.11395263671875,X10,X10
1.6607852593164552e-10,797.830078125,572.6444702148438,-276.3811950683594,225.18560791015625,X10,X10
1.8946623436821852e-10,798.0919189453125,574.2238159179688,-272.3014221191406,223.86810302734375,X10,X10
7.55808926555801e-09,645.60546875,458.5989990234375,-285.55133056640625,187.0064697265625,X10,X10
6.85053747062625e-09,642.2852172851562,454.29583740234375,-286.11578369140625,187.9893798828125,X10,X10
1.8306378635202236e-10,798.1129760742188,573.901123046875,-251.31912231445312,224.21185302734375,X10,X10
5.074353339296067e-06,440.8912353515625,318.9781494140625,-331.0167236328125,121.9130859375,X10,X10
1.3483301974925865e-10,792.5939331054688,565.3240966796875,-259.7693786621094,227.26983642578125,X10,X10
6.030725918648727e-11,795.288818359375,559.97314453125,-258.1104736328125,235.315673828125,X10,X10
1.7871741586628076e-10,790.1368408203125,565.6846923828125,-259.94189453125,224.4521484375,X10,X10
1.101504026879141e-10,798.6870727539062,569.3953247070312,-261.5819091796875,229.291748046875,X10,X10
1.5661442975822837e-10,791.1144409179688,565.3421020507812,-254.17999267578125,225.7723388671875,X10,X10
1.5155808552602679e-10,800.1407470703125,574.0402221679688,-258.7839660644531,226.10052490234375,X10,X10
1.4340639786780685e-10,800.3690795898438,573.7156982421875,-282.8185729980469,226.65338134765625,X10,X10
0.6931471824645996,0.0,0.0,-346.944580078125,0.0,X10,X10
1.953933126408458e-10,795.5264892578125,571.9664306640625,-245.02392578125,223.56005859375,X10,X10
1.4066781073296397e-10,800.8450927734375,573.9989013671875,-272.952392578125,226.84619140625,X10,X10
1.4921552882185551e-10,796.3551635742188,570.098876953125,-279.6959533691406,226.25628662109375,X10,X10
1.6041162842483914e-10,797.0391235351562,571.50634765625,-249.89999389648438,225.53277587890625,X10,X10
1.6212736708709485e-10,797.9193115234375,572.492919921875,-269.60150146484375,225.4263916015625,X10,X10
1.9009499530042717e-10,791.082275390625,567.247314453125,-261.676025390625,223.8349609375,X10,X10
1.6896969157187414e-08,668.038818359375,489.0775146484375,-275.55450439453125,178.9613037109375,X10,X10
1.6648545042574625e-10,789.6474609375,564.486328125,-250.94970703125,225.1611328125,X10,X10
1.7935017360137806e-10,796.7522583007812,572.33544921875,-269.4545593261719,224.41680908203125,X10,X10
1.5253046048435692e-10,792.4442749023438,566.40771484375,-252.43301391601562,226.03656005859375,X10,X10
1.607939059677932e-10,797.794921875,572.2859497070312,-260.3485412597656,225.50897216796875,X10,X10
1.0914769532632818e-08,643.8857421875,460.55426025390625,-273.5914611816406,183.33148193359375,X10,X10
2.048044095426249e-10,796.8896484375,573.7999877929688,-258.0019226074219,223.08966064453125,X10,X10
1.7067718072194538e-10,798.3458862304688,573.4334106445312,-252.32806396484375,224.9124755859375,X10,X10
1.6274485925560356e-10,791.311767578125,565.9234008789062,-261.1125793457031,225.38836669921875,X10,X10
1.656290105067626e-10,799.129150390625,573.9164428710938,-266.5046081542969,225.21270751953125,X10,X10
1.943097771572866e-08,669.0367431640625,491.4727783203125,-286.55908203125,177.56396484375,X10,X10
1.7728334078537245e-10,798.3060302734375,573.7733154296875,-261.010009765625,224.53271484375,X10,X10
1.6203431651984346e-10,798.8399047851562,573.4077758789062,-276.7841796875,225.43212890625,X10,X10
0.6931471824645996,133.6741943359375,133.6741943359375,0.0,0.0,X12,X21
4.600194006343372e-05,311.7191162109375,211.85107421875,-61.6533203125,99.8680419921875,X2,X10
0.00012639166379813105,342.970947265625,253.2103271484375,-56.70587158203125,89.7606201171875,X9,X1
2.6863167477131356e-06,434.61566162109375,306.34228515625,-78.19400024414062,128.27337646484375,X8,X10
0.002251584781333804,378.397216796875,317.447265625,-47.776123046875,60.949951171875,X18,X2
3.9488892555236816,755.5008544921875,794.7951049804688,-55.737823486328125,-39.29425048828125,X10,X10
2.2945108417688006e-17,785.9102172851562,402.77593994140625,-247.78582763671875,383.13427734375,X11,X1
1.7062612771987915,844.3128662109375,859.3721313476562,-68.26681518554688,-15.05926513671875,X2,X10
8.928507804870605,94.52410888671875,183.807861328125,-147.19308471679688,-89.28375244140625,X19,X2
4.000051975250244,179.71142578125,219.527099609375,-84.30224609375,-39.815673828125,X20,X25
0.6149840950965881,76.80743408203125,75.1778564453125,-43.265045166015625,1.62957763671875,X20,X2
0.008876631036400795,140.32415771484375,93.125244140625,-56.674163818359375,47.19891357421875,X8,X2
1.0560357570648193,-2.51715087890625,3.7686767578125,-43.561676025390625,-6.28582763671875,X16,X7
20.046655654907227,478.0296630859375,678.4962158203125,-205.53515625,-200.466552734375,X2,X10
1.4191467698765337e-06,518.1615600585938,383.50701904296875,-103.80328369140625,134.654541015625,X15,X2
3.6156050100544235e-06,653.8671875,528.564697265625,-109.2242431640625,125.302490234375,X18,X2
0.1279284507036209,810.556640625,790.6402587890625,-111.24212646484375,19.9163818359375,X10,X10
0.020049817860126495,703.039306640625,664.0443725585938,-122.92794799804688,38.99493408203125,X10,X10
0.00164524104911834,858.5735473632812,794.4830932617188,-99.33538818359375,64.0904541015625,X10,X10
0.13051195442676544,460.085693359375,440.3824462890625,-108.47161865234375,19.7032470703125,X10,X10
1.3177094459533691,767.4747314453125,777.5355224609375,-133.6900634765625,-10.060791015625,X10,X10
0.003626469289883971,836.7636108398438,780.5867919921875,-68.23922729492188,56.17681884765625,X10,X10
3.119032214726758e-07,879.0467529296875,729.2410278320312,-67.67868041992188,149.80572509765625,X10,X10
4.308213874537614e-08,882.63427734375,713.03271484375,-49.872314453125,169.6015625,X10,X10
5.834846888319589e-05,885.2158203125,787.725341796875,-92.151123046875,97.490478515625,X10,X10
3.86644090029032e-20,569.3795166015625,122.3858642578125,-275.736083984375,446.99365234375,X12,X2
5.096234872326022e-06,866.00634765625,744.1362915039062,-80.18191528320312,121.87005615234375,X10,X10
9.706085205078125,-1024.980224609375,-927.9200439453125,-87.26980590820312,-97.06024169921875,X10,X22
0.002534504747018218,853.602294921875,793.83740234375,-67.9862060546875,59.764892578125,X10,X10
0.0010478680487722158,845.9993896484375,777.3946533203125,-39.2958984375,68.604736328125,X10,X10
0.0005928712780587375,853.0629272460938,778.7605590820312,-35.70172119140625,74.3023681640625,X10,X10
2.2067534923553467,942.72802734375,963.6295776367188,-68.88424682617188,-20.90155029296875,X17,X10
7.112271123332903e-05,889.7542724609375,794.2435913085938,-45.534942626953125,95.51068115234375,X10,X10
2.6272387913195416e-05,869.2532348632812,763.783447265625,-37.888153076171875,105.46978759765625,X10,X10
4.497581539908424e-05,880.905517578125,780.8118896484375,-49.28387451171875,100.0936279296875,X10,X10
8.83930260897614e-06,908.34912109375,791.9861450195312,-77.53530883789062,116.36297607421875,X10,X10
9.422954462934285e-06,907.0419921875,791.3184204101562,-114.90213012695312,115.72357177734375,X10,X10
2.2224735403142404e-06,910.508056640625,780.3391723632812,-102.75271606445312,130.16888427734375,X10,X10
0.0025213295593857765,859.1443481445312,799.3272705078125,-116.71560668945312,59.81707763671875,X10,X10
2.4224413209594786e-05,911.207763671875,804.9263916015625,-68.48370361328125,106.2813720703125,X10,X10
2.044555003521964e-06,909.5423583984375,778.5390625,-21.27996826171875,131.0032958984375,X10,X10
1.9968024389527272e-06,908.7899169921875,777.55029296875,-98.72906494140625,131.2396240234375,X10,X10
2.1275694962241687e-05,896.8529052734375,789.2735595703125,-94.853515625,107.579345703125,X10,X10
1.4963330613682047e-05,900.253662109375,789.1546630859375,-78.09906005859375,111.0989990234375,X10,X10
0.00015761060058139265,880.6832275390625,793.1301879882812,-53.611785888671875,87.55303955078125,X10,X10
7.094224656611914e-06,903.339599609375,784.77734375,-95.0767822265625,118.562255859375,X10,X10
7.176185590651585e-06,905.2169189453125,786.76953125,-103.10284423828125,118.4473876953125,X10,X10
0.0008610132499597967,735.006103515625,664.4364013671875,-148.64361572265625,70.5697021484375,X10,X10
4.5327165025810245e-06,915.83203125,792.7901611328125,-126.94989013671875,123.0418701171875,X10,X10
0.050827499479055405,459.1414794921875,429.603515625,-160.47149658203125,29.5379638671875,X10,X10
1.0520587778728441e-07,941.8526000976562,781.1791381835938,-119.08465576171875,160.6734619140625,X10,X10
2.7387388357169584e-08,951.61962890625,777.48779296875,-144.2457275390625,174.1318359375,X10,X10
1.1369129637728292e-08,961.1884155273438,778.2647705078125,-143.70175170898438,182.92364501953125,X10,X10
2.769184561657312e-07,770.0184936523438,619.0230712890625,-166.39559936523438,150.99542236328125,X10,X10
2.7650246536836676e-08,966.5346069335938,792.498291015625,-175.67922973632812,174.03631591796875,X10,X10
7.911663487902842e-06,761.0291748046875,643.5574951171875,-178.156494140625,117.4716796875,X10,X10
0.0029656814876943827,495.98388671875,437.792236328125,-226.5814208984375,58.191650390625,X10,X10
1.7484719450067132e-08,967.9102783203125,789.2908935546875,-173.7242431640625,178.619384765625,X10,X10
9.736561383533182e-12,981.4801025390625,727.9287719726562,-138.35275268554688,253.55133056640625,X10,X10
4.377541884537095e-09,985.1666259765625,792.6988525390625,-167.17431640625,192.4677734375,X10,X10
8.836688433939976e-13,992.4472045898438,714.9002685546875,-171.43246459960938,277.54693603515625,X10,X10
7.05507917711512e-13,1140.710205078125,860.9116821289062,-145.016357421875,279.798583984375,X2,X10
5.259807039692532e-06,875.9963989257812,754.4422607421875,-229.19595336914062,121.55413818359375,X10,X10
1.9264813090558164e-05,878.9887084960938,770.41650390625,-245.82278442382812,108.57220458984375,X10,X10
7.388440970146348e-10,1003.660400390625,793.4010620117188,-209.31600952148438,210.25933837890625,X10,X10
4.1207504075657653e-10,1000.332275390625,784.234130859375,-204.7777099609375,216.09814453125,X10,X10
2.271375706186518e-06,883.234619140625,753.2833862304688,-246.49545288085938,129.95123291015625,X10,X10
5.5652368130543195e-11,1010.1721801757812,774.05322265625,-216.63607788085938,236.11895751953125,X10,X10
1.8990789843464917e-11,1012.7019653320312,765.831298828125,-216.65036010742188,246.87066650390625,X10,X10
2.8404084639888083e-10,1009.39208984375,789.5730590820312,-244.02920532226562,219.81903076171875,X10,X10
4.656107923804893e-14,1016.6754150390625,709.6953125,-216.70806884765625,306.9801025390625,X10,X10
1.9805282414075975e-10,1011.0274658203125,787.6026000976562,-251.37350463867188,223.42486572265625,X10,X10
3.7011881190082696e-13,1018.423583984375,732.174072265625,-207.479736328125,286.24951171875,X10,X10
1.337198796136363e-06,897.4075927734375,762.1582641601562,-315.2041931152344,135.24932861328125,X10,X10
4.461324351723306e-06,897.49365234375,774.2930297851562,-326.0290832519531,123.20062255859375,X10,X10
2.1949591449965666e-11,1021.20166015625,775.7789306640625,-394.52508544921875,245.4227294921875,X10,X10
4.68816319099119e-10,1022.42041015625,807.6123046875,-311.04443359375,214.80810546875,X10,X10
4.454036792167493e-11,1023.854248046875,785.5079956054688,-224.57443237304688,238.34625244140625,X10,X10
3.140139313018153e-07,822.297607421875,672.559326171875,-299.8626708984375,149.73828125,X10,X10
6.639624916715547e-05,536.135986328125,439.9376220703125,-338.41339111328125,96.1983642578125,X10,X10
1.4779164003719814e-10,1016.771728515625,790.4195556640625,-294.93499755859375,226.3521728515625,X10,X10
3.4924477176900837e-07,820.0888671875,671.4139404296875,-294.90032958984375,148.6749267578125,X10,X10
1.0048915866089914e-10,1023.9181518554688,793.7084350585938,-264.7191162109375,230.209716796875,X10,X10
3.7501200722545036e-07,821.30322265625,673.3401489257812,-331.3266906738281,147.96307373046875,X10,X10
1.97388615869043e-11,1024.7025146484375,778.2182006835938,-269.7905578613281,246.48431396484375,X10,X10
8.652200733649806e-08,804.908203125,642.279541015625,-313.43603515625,162.628662109375,X10,X10
2.70142464842138e-07,823.370361328125,672.127197265625,-296.3419189453125,151.2431640625,X10,X10
1.9732661338256463e-10,1028.7398681640625,805.2782592773438,-264.5608215332031,223.46160888671875,X10,X10
2.758541199909814e-07,824.1739501953125,673.1400146484375,-295.4332275390625,151.033935546875,X10,X10
2.988505229950533e-07,823.093505859375,672.8602905273438,-307.2677917480469,150.23321533203125,X10,X10
9.143431151104053e-11,1028.539794921875,797.3858032226562,-283.4422912597656,231.15399169921875,X10,X10
1.6753368470290297e-07,823.4146728515625,667.3938598632812,-324.9261169433594,156.02081298828125,X10,X10
1.9301850784358976e-07,821.7352294921875,667.1304321289062,-328.2266540527344,154.60479736328125,X10,X10
2.3152679204940796e-05,546.5989990234375,439.8651123046875,-344.1207275390625,106.73388671875,X10,X10
1.2157188677974773e-07,804.59814453125,645.3705444335938,-318.6259460449219,159.22760009765625,X10,X10
7.95709524936683e-07,811.1265869140625,670.686279296875,-319.77618408203125,140.4403076171875,X10,X10
4.919549496662512e-07,904.3875732421875,759.1387939453125,-328.515625,145.248779296875,X10,X10
4.459755942320953e-08,824.0025634765625,654.7467041015625,-342.9259033203125,169.255859375,X10,X10
1.933840536594289e-07,823.8140869140625,669.2282104492188,-331.5478820800781,154.58587646484375,X10,X10
1.012813838644218e-17,1026.8568115234375,635.544677734375,-202.23052978515625,391.3121337890625,X10,X10
1.3153537981036578e-10,1025.924560546875,798.4071044921875,-316.33477783203125,227.5174560546875,X10,X10
6.311110212209314e-08,806.4306640625,640.64697265625,-322.546142578125,165.78369140625,X10,X10
9.527555988597669e-08,805.8426513671875,644.177734375,-346.02716064453125,161.6649169921875,X10,X10
2.9864085604458523e-07,823.176513671875,672.936279296875,-335.057861328125,150.240234375,X10,X10
5.626279016723856e-05,540.220458984375,442.365966796875,-348.199462890625,97.8544921875,X10,X10
1.1416364742444784e-07,806.2408447265625,646.384521484375,-305.44061279296875,159.8563232421875,X10,X10
1.3095480255742586e-07,806.8857421875,648.401611328125,-305.7308349609375,158.484130859375,X10,X10
2.7251709866504825e-07,824.0574951171875,672.90185546875,-325.41314697265625,151.1556396484375,X10,X10
1.639877353909469e-07,825.615966796875,669.3812255859375,-320.99212646484375,156.2347412109375,X10,X10
2.2550442224655853e-07,826.07177734375,673.0225219726562,-324.7162170410156,153.04925537109375,X10,X10
6.651778433619526e-11,1032.508544921875,798.173095703125,-282.5246276855469,234.33551025390625,X10,X10
3.554140981520959e-09,789.2542724609375,594.7027587890625,-304.8018798828125,194.551513671875,X10,X10
1.449864432342702e-14,1032.6033935546875,713.9561767578125,-262.4537353515625,318.647216796875,X10,X10
1.0400722644243743e-10,1028.8621826171875,798.99658203125,-255.95306396484375,229.8656005859375,X10,X10
1.8444923390839758e-14,1170.0006103515625,853.7607421875,-245.34368896484375,316.2398681640625,X1,X10
2.557594314112066e-07,824.7843017578125,672.9940185546875,-306.3787841796875,151.790283203125,X10,X10
2.5011410550929145e-17,1176.308837890625,794.0368041992188,-219.876953125,382.27197265625,X1,X10
4.0922656374675626e-09,807.774169921875,614.6325073242188,-295.7264099121094,193.14166259765625,X10,X10
4.461290684749583e-14,1175.809814453125,868.40234375,-231.43490600585938,307.40753173828125,X1,X10
5.023142665705471e-11,815.599365234375,578.45556640625,-284.9466552734375,237.143798828125,X10,X10
4.461194423591031e-19,1185.8004150390625,763.263427734375,-189.43438720703125,422.5369873046875,X1,X10
4.407506576126006e-18,1187.8623046875,788.2301025390625,-192.94830322265625,399.6322021484375,X1,X10
2.466635464770661e-07,825.0445556640625,672.8921508789062,-326.2784118652344,152.15240478515625,X10,X10
1.3503879792153839e-08,807.93017578125,626.727294921875,-302.5911865234375,181.202880859375,X10,X10
6.524538041973797e-19,1187.091796875,768.3563232421875,-188.00482177734375,418.7354736328125,X1,X10
2.15150307305797e-15,1178.4908447265625,840.7647705078125,-215.64599609375,337.72607421875,X1,X10
3.128503993409318e-14,1170.5882568359375,859.6318969726562,-218.74142456054688,310.95635986328125,X1,X10
9.44625783874838e-19,1189.6866455078125,774.6516723632812,-160.20321655273438,415.03497314453125,X1,X10
5.463031763075499e-11,1194.9342041015625,958.6298828125,-244.40008544921875,236.3043212890625,X5,X10
1.2731683796118887e-07,819.73779296875,660.971923828125,-278.1845703125,158.765869140625,X10,X10
6.601858981089317e-24,1195.333251953125,661.58642578125,-149.08407592773438,533.7468872070312,X1,X10
1.142786020436222e-14,1172.15966796875,851.1324462890625,-215.72149658203125,321.0272216796875,X1,X10
4.0523997352215346e-11,1194.87451171875,955.583251953125,-253.0303955078125,239.291259765625,X5,X10
4.4279052646700734e-11,1194.328857421875,955.9237670898438,-232.22103881835938,238.40509033203125,X5,X10
5.837159228194722e-11,1193.1795654296875,957.5376586914062,-246.27328491210938,235.64190673828125,X5,X10
1.0326996576166868e-16,1176.706787109375,808.6149291992188,-178.63668823242188,368.09185791015625,X1,X10
2.933239859771036e-14,1184.7977294921875,873.1968994140625,-291.830322265625,311.600830078125,X1,X10
1.988355712564802e-25,1176.09375,607.320556640625,-104.1380615234375,568.773193359375,X1,X10
1.1241124011170306e-21,1196.8045654296875,714.431640625,-113.58160400390625,482.3729248046875,X1,X10
1.3808289077722633e-25,1196.388916015625,623.969482421875,-85.76025390625,572.41943359375,X1,X10
5.07838077146161e-11,1193.89208984375,956.8576049804688,-223.5308837890625,237.034423828125,X5,X10
1.9313411980803608e-11,1192.9149169921875,946.2127075195312,-292.0468444824219,246.70220947265625,X5,X10
2.656007185020126e-11,1188.0692138671875,944.5531005859375,-215.662841796875,243.51611328125,X5,X10
8.645818424435542e-19,1049.5867919921875,633.6663818359375,-158.01611328125,415.92041015625,X1,X10
5.817606743019134e-19,1192.5587158203125,772.6764526367188,-170.55813598632812,419.88226318359375,X1,X10
6.137156890540299e-15,1178.1998291015625,850.9556884765625,-201.5731201171875,327.244140625,X1,X10
2.559202130214544e-07,825.0040283203125,673.2200317382812,-322.5120544433594,151.78399658203125,X10,X10
6.2331512634928044e-18,1173.719482421875,777.552978515625,-202.26123046875,396.16650390625,X1,X10
1.5878237960564867e-11,1194.0904541015625,945.4297485351562,-231.01071166992188,248.66070556640625,X5,X10
7.526300799956058e-27,1192.130859375,590.616943359375,-96.9271240234375,601.513916015625,X1,X10
1.5304573448433698e-17,1194.3153076171875,807.1315307617188,-152.61367797851562,387.18377685546875,X1,X10
3.644338650299339e-11,1194.92578125,954.5731201171875,-327.9585876464844,240.35260009765625,X5,X10
1.9193915554160945e-11,1190.2835693359375,943.519287109375,-263.57647705078125,246.7642822265625,X5,X10
1.859820755517258e-14,1179.58935546875,863.4322509765625,-194.28228759765625,316.1571044921875,X1,X10
1.18854466199525e-11,1123.5869140625,872.0298461914062,-237.10586547851562,251.55706787109375,X1,X10
4.751886047240052e-20,1188.19580078125,743.2642211914062,-152.31423950195312,444.93157958984375,X1,X10
2.2842210761764292e-11,1191.122802734375,946.0986328125,-254.45278930664062,245.02410888671875,X5,X10
6.541586022867918e-11,1192.852783203125,958.3502197265625,-254.48541259765625,234.5025634765625,X5,X10
4.6331351949424615e-11,1194.0390625,956.0870361328125,-286.94000244140625,237.9520263671875,X5,X10
4.858958238978503e-26,1188.7537841796875,605.889892578125,-119.19085693359375,582.8638916015625,X1,X10
2.75717868675196e-11,1197.060791015625,953.9185791015625,-268.9457092285156,243.14227294921875,X5,X10
2.9532966350220846e-11,1189.3001708984375,946.8450317382812,-254.64645385742188,242.45513916015625,X5,X10
1.4878611374935856e-21,1192.5914306640625,713.02197265625,-201.56170654296875,479.5694580078125,X1,X10
5.358409202460557e-11,1193.6513671875,957.1536865234375,-251.40838623046875,236.4976806640625,X5,X10
3.1359496163035905e-13,1158.2979736328125,870.3912353515625,-267.72998046875,287.90673828125,X1,X10
3.595401060207948e-11,1185.879638671875,945.391845703125,-295.9951171875,240.48779296875,X5,X10
2.1511094988602153e-11,1191.3577880859375,945.7332763671875,-291.851318359375,245.62451171875,X5,X10
5.084176979713212e-22,1160.4627685546875,670.1553955078125,-151.3570556640625,490.307373046875,X1,X10
2.623016734371042e-11,1187.140625,943.49951171875,-261.8583984375,243.64111328125,X5,X10
1.4876502807403824e-11,1193.94775390625,944.6354370117188,-270.57305908203125,249.3123779296875,X5,X10
2.436073532566946e-13,1159.19384765625,868.7616577148438,-287.5395202636719,290.43218994140625,X1,X10
3.977348658756874e-11,1185.0601806640625,945.5819702148438,-318.1146545410156,239.47821044921875,X5,X10
6.888424970404386e-14,1168.5067138671875,865.4432373046875,-235.634765625,303.0634765625,X1,X10
3.635701809057146e-11,1185.1285400390625,944.752197265625,-295.11358642578125,240.3763427734375,X5,X10
1.949557712938336e-15,1178.8985595703125,840.1868286132812,-234.31076049804688,338.71173095703125,X1,X10
7.008373048567051e-11,1192.8226318359375,959.0093383789062,-295.3053894042969,233.81329345703125,X5,X10
3.923908927275753e-15,1179.787841796875,848.071044921875,-247.20285034179688,331.71685791015625,X1,X10
6.299314542212997e-11,1191.99462890625,957.1146240234375,-284.9367370605469,234.87994384765625,X5,X10
3.104361722703822e-16,1180.9197998046875,823.8342895507812,-219.02877807617188,357.08551025390625,X1,X10
2.1905676925171313e-11,1189.907958984375,944.4652099609375,-269.33416748046875,245.4427490234375,X5,X10
1.2870040334877314e-27,1192.650634765625,573.475830078125,-95.7103271484375,619.1748046875,X1,X10
4.173467821333432e-11,1195.4251708984375,956.4282836914062,-238.14132690429688,238.99688720703125,X5,X10
1.3987532784592513e-14,1171.18212890625,852.176025390625,-225.030029296875,319.006103515625,X1,X10
7.070079244275718e-11,1192.634521484375,958.908935546875,-256.9013366699219,233.72564697265625,X5,X10
6.685280801166371e-11,1192.373046875,958.0877075195312,-268.97064208984375,234.2852783203125,X5,X10
3.5934061282105745e-11,1184.690673828125,944.1973876953125,-307.8244934082031,240.49334716796875,X5,X10
6.323379320161138e-11,1193.1392822265625,958.2974853515625,-307.518310546875,234.84182739257812,X5,X10
1.8613601979189376e-11,1047.7705078125,800.69921875,-281.981689453125,247.0712890625,X1,X10
2.010016979248075e-11,1192.8404541015625,946.5375366210938,-269.5805969238281,246.30291748046875,X5,X10
3.424270936247531e-11,1186.7078857421875,945.732421875,-287.40679931640625,240.9754638671875,X5,X10
1.384132131826421e-11,1191.574462890625,941.5408935546875,-277.9592590332031,250.03363037109375,X5,X10
2.2165502072679644e-11,1186.2322998046875,940.907470703125,-299.53680419921875,245.3248291015625,X5,X10
1.3735316019053336e-14,1176.59033203125,857.4022827148438,-241.98910522460938,319.18804931640625,X1,X10
6.602066116023764e-11,1190.437255859375,956.0267944335938,-292.27398681640625,234.4105224609375,X5,X10
1.8585019685833267e-21,1186.322265625,708.9771118164062,-199.27810668945312,477.34515380859375,X1,X10
5.460427249248667e-11,1193.3759765625,957.06689453125,-330.64111328125,236.30908203125,X5,X10
8.955082362498493e-14,1171.001708984375,870.5619506835938,-244.2803955078125,300.439697265625,X1,X10
3.2795811205632575e-11,1187.456298828125,946.0491943359375,-281.7503662109375,241.40719604492188,X5,X10
1.0105466268471586e-13,1167.5059814453125,868.2748413085938,-245.97756958007812,299.23114013671875,X1,X10
5.64577516681819e-11,1194.279296875,958.3040771484375,-274.4110412597656,235.97528076171875,X5,X10
1.808577940187739e-11,1187.4853515625,940.12646484375,-243.05502319335938,247.35894775390625,X5,X10
2.6645206515043483e-19,1187.145751953125,759.454833984375,-147.8778076171875,427.69091796875,X1,X10
3.5672378245754643e-11,1194.197021484375,953.630615234375,-255.62303161621094,240.56643676757812,X5,X10
1.9294087049472877e-18,1181.576416015625,773.6832275390625,-155.95367431640625,407.8931884765625,X1,X10
1.8574093652024004e-11,1190.171142578125,943.0785522460938,-213.0067138671875,247.092529296875,X5,X10
1.7059457724263294e-28,1197.02392578125,557.641357421875,-25.124969482421875,639.3826293945312,X1,X10
2.9709582016757e-11,1195.2193603515625,952.8238525390625,-259.3101806640625,242.3955078125,X5,X10
2.969503373122066e-14,1169.1756591796875,857.6976928710938,-228.22671508789062,311.47796630859375,X1,X10
3.156397712644754e-11,1195.792236328125,954.002197265625,-230.61572265625,241.7900390625,X5,X10
1.3721861780806373e-17,1176.9088134765625,788.6334228515625,-162.2996826171875,388.275390625,X1,X10
3.110231169833888e-11,1195.8310546875,953.8936157226562,-269.09710693359375,241.9373779296875,X5,X10
1.7413220659238254e-13,1150.641357421875,856.851806640625,-195.45138549804688,293.78961181640625,X1,X10
3.54801431290408e-11,1194.132080078125,953.5115966796875,-256.41436767578125,240.6204833984375,X5,X10
1.802403807286202e-18,1182.395751953125,773.8216552734375,-149.92413330078125,408.5740966796875,X1,X10
4.030892633566374e-11,1193.824951171875,954.48046875,-272.40283203125,239.344482421875,X5,X10
4.3640883056894674e-27,1192.542236328125,585.578369140625,-79.9447021484375,606.9638671875,X1,X10
9.551900936877189e-12,1192.7547607421875,939.011962890625,-280.15753173828125,253.7427978515625,X5,X10
5.928434986428403e-19,1192.296142578125,772.6025390625,-166.65151977539062,419.69354248046875,X1,X10
4.044346108011965e-11,1193.982421875,954.6712646484375,-251.10089111328125,239.3111572265625,X5,X10
6.0726252619372565e-15,1181.094482421875,853.74462890625,-253.5050048828125,327.349853515625,X1,X10
1.1288342656456951e-11,1193.1832275390625,941.1107177734375,-289.031005859375,252.072509765625,X5,X10
