loss,preference_margin,ref_margin,kl_from_ref,sigmoid_input,winner_target,loser_target
0.6931471824645996,0.0,0.0,0.0,0.0,X2,X2
0.6931471824645996,0.0,0.0,0.0489501953125,0.0,X2,X2
0.6931471824645996,0.0,0.0,0.0469970703125,0.0,X2,X2
0.6931471824645996,0.0,0.0,0.056396484375,0.0,X2,X2
0.6931471824645996,0.0,0.0,0.0843505859375,0.0,X2,X2
0.6931471824645996,0.0,0.0,0.072509765625,0.0,X2,X2
0.6931471824645996,0.0,0.0,0.08251953125,0.0,X2,X2
0.6931471824645996,0.0,0.0,0.09521484375,0.0,X2,X2
0.6935501098632812,366.59619140625,366.604248046875,0.1131591796875,-0.008056640625,X1,X2
0.0015271042939275503,449.16650390625,384.330322265625,-131.310302734375,64.836181640625,X1,X2
0.00018072692910209298,406.187255859375,320.0029296875,-362.9478759765625,86.184326171875,X1,X2
2.4214735105942964e-08,531.346923828125,355.98388671875,-471.9993896484375,175.363037109375,X1,X2
2.2991574951447546e-05,445.25830078125,338.45458984375,-626.154541015625,106.8037109375,X1,X2
0.6931471824645996,0.0,0.0,-820.9813232421875,0.0,X2,X2
2.616691926959902e-05,444.30224609375,338.792236328125,-859.9056396484375,105.510009765625,X1,X2
0.6931471824645996,0.0,0.0,-964.7838134765625,0.0,X2,X2
0.6931471824645996,0.0,0.0,-1002.009765625,0.0,X2,X2
8.099724224663873e-10,553.499267578125,344.1590576171875,-1004.2932739257812,209.3402099609375,X1,X2
0.6931471824645996,0.0,0.0,-1132.4136962890625,0.0,X2,X2
0.6931471824645996,0.0,0.0,-1159.127197265625,0.0,X2,X2
3.112996083132202e-08,528.65283203125,355.8018798828125,-951.7175903320312,172.8509521484375,X1,X2
0.6931471824645996,0.0,0.0,-1092.7467041015625,0.0,X2,X2
0.6931471824645996,0.0,0.0,-1130.55029296875,0.0,X2,X2
0.06854471564292908,304.802978515625,278.344970703125,-1019.7596435546875,26.4580078125,X1,X2
0.6931471824645996,0.0,0.0,-1027.606689453125,0.0,X2,X2
1.1202241391450318e-12,612.457275390625,337.2823486328125,-796.2405395507812,275.1749267578125,X1,X2
0.6931471824645996,0.0,0.0,-704.958984375,0.0,X2,X2
0.6931471824645996,0.0,0.0,-526.92626953125,0.0,X2,X2
2.481966930645285e-06,456.703857421875,327.6392822265625,-278.25177001953125,129.0645751953125,X1,X2
0.6931471824645996,0.0,0.0,-177.5966796875,0.0,X2,X2
0.6931471824645996,0.0,0.0,-39.921142578125,0.0,X2,X2
7.698226944796716e-09,551.1142578125,364.29150390625,112.0892333984375,186.82275390625,X1,X2
0.6931471824645996,0.0,0.0,63.558349609375,0.0,X2,X2
0.6931471824645996,0.0,0.0,199.741943359375,0.0,X2,X2
0.6931471824645996,0.0,0.0,235.813720703125,0.0,X2,X2
0.0010718798730522394,412.3641357421875,343.986083984375,341.39642333984375,68.3780517578125,X1,X2
0.6931471824645996,0.0,0.0,77.6324462890625,0.0,X2,X2
6.26287410820936e-10,506.834716796875,294.922607421875,139.810791015625,211.912109375,X1,X2
0.6931471824645996,0.0,0.0,-12.2998046875,0.0,X2,X2
0.6931471824645996,0.0,0.0,-66.2137451171875,0.0,X2,X2
1.7541846447644005e-11,607.27978515625,359.615478515625,58.5799560546875,247.664306640625,X1,X2
0.6931471824645996,0.0,0.0,-115.4619140625,0.0,X2,X2
0.6931471824645996,0.0,0.0,-125.2657470703125,0.0,X2,X2
1.5279842946469557e-09,481.7559814453125,278.7628173828125,-13.8531494140625,202.9931640625,X2,X2
1.8524950670673057e-11,609.7137451171875,362.5947265625,8.45574951171875,247.1190185546875,X1,X2
2.2422825818324554e-09,473.226318359375,274.068603515625,-77.9412841796875,199.15771484375,X2,X2
9.92955606626822e-10,483.1248779296875,275.821533203125,-76.59796142578125,207.3033447265625,X2,X2
6.31720686214976e-05,401.256591796875,304.5604248046875,-143.71136474609375,96.6961669921875,X1,X2
8.168347775949769e-09,485.0009765625,298.77099609375,-109.664794921875,186.22998046875,X2,X2
1.5608040415671098e-09,476.044921875,273.2642822265625,-145.74114990234375,202.7806396484375,X2,X2
4.0338357654157164e-12,613.4205322265625,351.0574951171875,-52.5699462890625,262.363037109375,X1,X2
3.348602284347635e-09,469.883544921875,274.736328125,-153.0538330078125,195.147216796875,X2,X2
5.3355297957580206e-09,486.9248046875,296.43603515625,-136.864013671875,190.48876953125,X2,X2
3.406875137557108e-08,463.9755859375,292.0267333984375,-150.19293212890625,171.9488525390625,X2,X2
1.5104490574957552e-11,593.296630859375,344.1363525390625,-143.67425537109375,249.1602783203125,X1,X2
1.6865084262462915e-07,470.861083984375,314.90673828125,-170.442626953125,155.954345703125,X2,X2
1.0799404925876388e-08,520.4140625,336.976318359375,-34.21337890625,183.437744140625,X1,X2
3.3112689834524645e-07,466.81298828125,317.6053466796875,-85.60064697265625,149.2076416015625,X2,X2
9.812608681158963e-08,458.4384765625,297.068359375,-86.11767578125,161.3701171875,X2,X2
1.6633800115073427e-08,535.2994384765625,356.18115234375,-92.81500244140625,179.1182861328125,X1,X2
2.0861220662027335e-07,447.399169921875,293.5712890625,-199.9388427734375,153.827880859375,X2,X2
5.0009145269314104e-08,449.34619140625,281.235595703125,-131.5584716796875,168.110595703125,X2,X2
2.539085244279704e-07,449.792236328125,297.9293212890625,-159.49908447265625,151.8629150390625,X2,X2
6.5543321881023076e-09,517.6917724609375,329.2603759765625,-108.85498046875,188.431396484375,X1,X2
5.049818696534203e-07,441.905517578125,296.9180908203125,-150.66986083984375,144.9874267578125,X2,X2
0.6931471824645996,0.0,0.0,-214.673828125,0.0,X2,X2
8.509072890738878e-10,566.863037109375,358.015869140625,-114.7967529296875,208.84716796875,X1,X2
2.775467009996646e-06,444.93896484375,316.9920654296875,-139.08892822265625,127.9468994140625,X2,X2
4.4820412767876405e-06,444.7894287109375,321.6351318359375,-123.2935791015625,123.154296875,X2,X2
2.127404225005236e-10,577.7906494140625,355.0811767578125,-62.901611328125,222.70947265625,X1,X2
4.975474894308718e-07,441.284423828125,296.148681640625,-147.045166015625,145.1357421875,X2,X2
2.097950073221e-06,457.8515625,327.1060791015625,-165.50738525390625,130.7454833984375,X2,X2
0.07217235118150711,277.9580078125,252.0340576171875,-291.65802001953125,25.9239501953125,X2,X2
1.3410512977873879e-10,572.660400390625,345.33642578125,-157.3797607421875,227.323974609375,X1,X2
0.0017835900653153658,289.7080078125,226.4256591796875,-175.85650634765625,63.2823486328125,X2,X2
2.4403163934039185e-08,455.623291015625,280.3377685546875,-160.92950439453125,175.2855224609375,X2,X2
2.3132747628551442e-07,501.313232421875,348.5189208984375,-167.25299072265625,152.7943115234375,X1,X2
0.000324941793223843,357.5076904296875,277.190673828125,-276.96502685546875,80.3170166015625,X2,X2
5.29782662184175e-09,480.98388671875,290.4241943359375,-215.17022705078125,190.5596923828125,X2,X2
1.5587227153446293e-06,471.515380859375,337.7989501953125,-284.90777587890625,133.7164306640625,X1,X2
0.6931471824645996,0.0,0.0,-388.91064453125,0.0,X2,X2
0.0009037586860358715,344.1171875,274.0322265625,-230.466552734375,70.0849609375,X2,X2
1.3283690236676193e-07,458.367431640625,300.0260009765625,-224.32647705078125,158.3414306640625,X2,X2
2.456717447785195e-05,417.383544921875,311.24267578125,-267.3338623046875,106.140869140625,X1,X2
6.60285004414618e-05,351.623779296875,255.369873046875,-249.989990234375,96.25390625,X2,X2
0.00018274551257491112,336.442138671875,250.368896484375,-350.605224609375,86.0732421875,X2,X2
7.00324909175265e-09,538.121826171875,350.3529052734375,-336.06060791015625,187.7689208984375,X1,X2
4.525635404206696e-07,451.4189453125,305.3355712890625,-417.51824951171875,146.0833740234375,X2,X2
5.327983831904248e-09,568.4169921875,377.9140625,-360.8138427734375,190.5029296875,X1,X2
0.6931471824645996,0.0,0.0,-476.714599609375,0.0,X2,X2
4.0713253213198186e-08,374.938720703125,204.7716064453125,-445.71441650390625,170.1671142578125,X2,X2
3.9615204627807543e-07,383.29248046875,235.8778076171875,-560.5530395507812,147.4146728515625,X2,X2
1.9372812382068005e-11,563.658203125,316.9866943359375,-529.8551635742188,246.6715087890625,X1,X2
8.865131406743387e-10,479.824951171875,271.3876953125,-520.8509521484375,208.437255859375,X2,X2
1.2539949238998815e-05,381.791015625,268.9251708984375,-608.2521362304688,112.8658447265625,X2,X2
2.2687398626430877e-09,526.0172119140625,326.976806640625,-551.7186889648438,199.0404052734375,X1,X2
4.066412628844773e-08,410.0927734375,239.91357421875,-553.38671875,170.17919921875,X2,X2
3.259634562269298e-09,491.498046875,296.08154296875,-527.74560546875,195.41650390625,X2,X2
8.652541873743758e-05,358.300537109375,264.750244140625,-622.109619140625,93.55029296875,X1,X2
5.375376076699467e-06,300.536865234375,179.2000732421875,-577.2479858398438,121.3367919921875,X2,X2
0.6931471824645996,0.0,0.0,-757.2044677734375,0.0,X2,X2
9.749877571962884e-10,498.660400390625,291.1744384765625,-648.2083129882812,207.4859619140625,X2,X2
1.2043085279023202e-11,614.362548828125,362.937255859375,-645.198974609375,251.42529296875,X1,X2
1.1935802035623055e-07,421.779541015625,262.3681640625,-699.6026611328125,159.411376953125,X2,X2
1.0544730422168413e-08,501.24169921875,317.5653076171875,-678.9306030273438,183.6763916015625,X2,X2
1.469012966826e-10,573.0618896484375,346.6492919921875,-644.6143798828125,226.41259765625,X1,X2
5.850878537216886e-08,416.208740234375,249.6678466796875,-666.6073608398438,166.5408935546875,X2,X2
4.6243267548540246e-10,498.74169921875,283.7965087890625,-650.1892700195312,214.9451904296875,X2,X2
4.3497139917691996e-11,581.04931640625,342.466064453125,-645.8326416015625,238.583251953125,X1,X2
1.069508259732288e-09,494.14990234375,287.5892333984375,-685.9920043945312,206.5606689453125,X2,X2
0.00032130954787135124,275.98681640625,195.557373046875,-738.7762451171875,80.429443359375,X2,X2
3.3674583121978685e-09,419.49658203125,224.405517578125,-685.5513916015625,195.091064453125,X2,X2
2.033569710194194e-12,619.7171630859375,350.5048828125,-671.2612915039062,269.2122802734375,X1,X2
9.544757872959053e-09,501.223388671875,316.5506591796875,-700.0551147460938,184.6727294921875,X2,X2
2.1046160725290974e-07,422.602783203125,268.8631591796875,-727.8618774414062,153.7396240234375,X2,X2
7.520015860018603e-12,592.29052734375,336.156005859375,-678.9986572265625,256.134521484375,X1,X2
6.526124085581841e-10,505.03466796875,293.5343017578125,-686.9480590820312,211.5003662109375,X2,X2
6.8839902667150454e-09,423.03076171875,235.090087890625,-708.423095703125,187.940673828125,X2,X2
1.8412684571478266e-11,578.59814453125,331.4183349609375,-676.1738891601562,247.1798095703125,X1,X2
0.6931471824645996,0.0,0.0,-819.0467529296875,0.0,X2,X2
1.3018383593355054e-10,500.88330078125,273.2625732421875,-706.5706176757812,227.6207275390625,X2,X2
4.995800964024966e-07,412.719970703125,267.625,-577.5452880859375,145.094970703125,X2,X2
2.61122005094927e-12,629.962158203125,363.2501220703125,-621.4223022460938,266.7120361328125,X1,X2
5.286006743432381e-09,504.6787109375,314.0966796875,-602.43212890625,190.58203125,X2,X2
7.682096736516542e-08,418.527587890625,254.709716796875,-660.265380859375,163.81787109375,X2,X2
6.091090739429594e-12,603.9111328125,345.669189453125,-706.5802001953125,258.241943359375,X1,X2
1.228669499475643e-09,505.405029296875,300.231689453125,-746.2265625,205.17333984375,X2,X2
4.36593410313435e-07,424.358154296875,277.91552734375,-762.7479248046875,146.442626953125,X2,X2
1.864400777859543e-12,628.85205078125,358.771240234375,-688.2034912109375,270.080810546875,X1,X2
7.939631245790224e-07,433.441650390625,292.9793701171875,-758.0701293945312,140.4622802734375,X2,X2
2.716676883451896e-10,500.54736328125,280.282958984375,-722.263671875,220.264404296875,X2,X2
1.931940118993225e-07,423.8427734375,269.2470703125,-685.144287109375,154.595703125,X2,X2
2.1206245648386357e-08,438.943115234375,262.25341796875,-676.990478515625,176.689697265625,X1,X2
0.0013251247582957149,295.21826171875,228.96240234375,-744.012939453125,66.255859375,X2,X2
6.773603344889523e-10,487.72021484375,276.592041015625,-479.1790771484375,211.128173828125,X2,X2
1.187163284344095e-10,581.2314453125,352.6885986328125,-432.87969970703125,228.5428466796875,X1,X2
0.0002919000107795,304.9378662109375,223.54833984375,-412.06866455078125,81.3895263671875,X2,X2
2.8919329153609397e-09,467.0941162109375,270.480712890625,-431.70477294921875,196.6134033203125,X2,X2
5.247907317040834e-11,598.400634765625,361.694580078125,-620.6669921875,236.7060546875,X1,X2
0.6931471824645996,0.0,0.0,-758.956298828125,0.0,X2,X2
3.5876310602867e-12,483.738525390625,220.2032470703125,-655.2077026367188,263.5352783203125,X2,X2
1.7799495211079375e-09,490.7177734375,289.2509765625,-618.301025390625,201.466796875,X2,X2
9.665892218568839e-13,611.7264404296875,335.076416015625,-595.6298217773438,276.6500244140625,X1,X2
0.0006359899998642504,314.29052734375,240.6904296875,-682.345947265625,73.60009765625,X2,X2
0.00016279699048027396,349.770263671875,262.541015625,-717.0716552734375,87.229248046875,X2,X2
3.900943695671344e-13,628.901123046875,343.17724609375,-635.7767333984375,285.723876953125,X1,X2
0.6931471824645996,0.0,0.0,-764.069091796875,0.0,X2,X2
2.7972921288338393e-12,483.02880859375,217.005126953125,-598.6683349609375,266.023681640625,X2,X2
3.0797339505006516e-12,606.6588134765625,341.5970458984375,-625.124267578125,265.061767578125,X1,X2
7.212415221147239e-05,323.59521484375,228.224365234375,-717.3258056640625,95.370849609375,X2,X2
5.024153293918532e-13,498.245849609375,215.0523681640625,-498.74346923828125,283.1934814453125,X2,X2
3.0467248279819614e-07,437.985595703125,287.9453125,-546.0355224609375,150.040283203125,X2,X2
1.1062902167697369e-13,627.973876953125,329.64794921875,-537.2039794921875,298.325927734375,X1,X2
9.090658781296668e-10,515.56396484375,307.3779296875,-553.953125,208.18603515625,X2,X2
6.327037227471521e-10,513.60791015625,301.7977294921875,-725.1709594726562,211.8101806640625,X2,X2
5.641647088730495e-13,629.1510009765625,347.11669921875,-626.1903686523438,282.0343017578125,X1,X2
1.4358664479630079e-08,447.840087890625,267.2509765625,-643.667236328125,180.589111328125,X2,X2
3.649708660291573e-11,514.69873046875,274.36083984375,-612.3994140625,240.337890625,X2,X2
3.3624131582331296e-13,623.257080078125,336.047607421875,-569.8046875,287.20947265625,X1,X2
1.1020530337191303e-06,410.43896484375,273.255615234375,-694.4935302734375,137.183349609375,X2,X2
3.622838562478137e-08,420.998046875,249.663818359375,-537.1834716796875,171.334228515625,X2,X2
2.0270802397748255e-11,526.08251953125,279.8641357421875,-517.8494262695312,246.2183837890625,X2,X2
3.075218573712901e-13,621.923095703125,333.82080078125,-522.58935546875,288.102294921875,X1,X2
3.149929170831456e-07,422.592529296875,272.8853759765625,-664.6089477539062,149.7071533203125,X2,X2
3.5317135500811947e-12,617.621826171875,353.929443359375,-598.545654296875,263.6923828125,X1,X2
1.847551452105467e-11,516.16943359375,269.023681640625,-632.7122802734375,247.145751953125,X2,X2
1.8247890976041958e-09,449.866943359375,248.64892578125,-654.29443359375,201.218017578125,X2,X2
2.7364604180714347e-13,632.38916015625,343.1197509765625,-642.3156127929688,289.2694091796875,X1,X2
1.9026692721357819e-10,516.14892578125,292.322998046875,-670.6353759765625,223.825927734375,X2,X2
6.702412491677023e-08,315.973876953125,150.791748046875,-661.154052734375,165.18212890625,X2,X2
0.6931471824645996,0.0,0.0,-784.22119140625,0.0,X2,X2
3.8601541125886374e-13,587.836181640625,302.0072021484375,-587.6497192382812,285.8289794921875,X1,X2
5.914896905601097e-10,486.430419921875,273.9466552734375,-616.0892944335938,212.4837646484375,X2,X2
1.5939528470111284e-15,558.799072265625,218.073486328125,-559.546875,340.7255859375,X1,X2
8.868882017676327e-11,525.710205078125,294.2513427734375,-643.5167846679688,231.4588623046875,X2,X2
1.2898954127038564e-10,449.1328125,221.419921875,-691.409912109375,227.712890625,X2,X2
5.6857673950971854e-12,636.6392822265625,377.708740234375,-632.1206665039062,258.9305419921875,X1,X2
4.801912756313698e-10,529.152587890625,314.584228515625,-669.76904296875,214.568359375,X2,X2
8.0711010097545e-10,527.32763671875,317.9520263671875,-668.8019409179688,209.3756103515625,X2,X2
5.144821457747639e-08,411.552734375,243.725830078125,-692.3486328125,167.826904296875,X2,X2
8.02701221463975e-13,625.729736328125,347.2218017578125,-632.6882934570312,278.5079345703125,X1,X2
1.2052726594546925e-09,449.59130859375,244.2257080078125,-669.4242553710938,205.3656005859375,X2,X2
8.368065129715774e-10,527.42822265625,318.4139404296875,-678.1481323242188,209.0142822265625,X2,X2
2.2109941779984918e-14,626.5594482421875,312.1319580078125,-479.6082763671875,314.427490234375,X1,X2
1.5253925900182708e-09,526.5673828125,323.5572509765625,-594.4785766601562,203.0101318359375,X2,X2
8.073492097082635e-09,448.7772216796875,262.430419921875,-569.4994506835938,186.3468017578125,X2,X2
1.1076342100457826e-11,586.961181640625,334.6990966796875,-566.7045288085938,252.2620849609375,X1,X2
1.8286835934411272e-10,516.3779296875,292.1553955078125,-719.9793090820312,224.2225341796875,X2,X2
3.7489580884120244e-11,449.335205078125,209.265625,-717.7330322265625,240.069580078125,X2,X2
1.3333131820836286e-10,516.1337890625,288.751953125,-750.382080078125,227.3818359375,X2,X2
1.7426195902947583e-11,570.717041015625,322.986572265625,-647.793701171875,247.73046875,X1,X2
4.155694455221237e-07,419.819091796875,272.8829345703125,-643.4082641601562,146.9361572265625,X2,X2
3.1155720225939376e-09,445.868896484375,250.0003662109375,-656.3571166992188,195.8685302734375,X2,X2
6.994104189035621e-13,623.879150390625,343.9937744140625,-606.2615356445312,279.8853759765625,X1,X2
3.0975519371700955e-10,528.991943359375,310.03955078125,-623.3642578125,218.952392578125,X2,X2
0.6931471824645996,0.0,0.0,-743.335205078125,0.0,X2,X2
1.7311275676834548e-11,549.7962646484375,301.9996337890625,-632.916259765625,247.796630859375,X1,X2
1.9081289792666212e-07,412.088623046875,257.368896484375,-676.879150390625,154.7197265625,X2,X2
5.10269548836817e-10,487.559326171875,273.5985107421875,-635.9564819335938,213.9608154296875,X2,X2
9.153119928662079e-10,449.193359375,241.0758056640625,-625.4869995117188,208.1175537109375,X2,X2
9.44763906864099e-13,609.5498046875,332.67138671875,-613.997314453125,276.87841796875,X1,X2
2.7937529026300645e-11,527.30517578125,284.294677734375,-659.8853759765625,243.010498046875,X2,X2
0.0002687402011360973,297.8359375,215.61962890625,-689.081787109375,82.21630859375,X2,X2
1.94892591648399e-11,568.03369140625,321.422119140625,-681.2659912109375,246.611572265625,X1,X2
0.6931471824645996,0.0,0.0,-800.311279296875,0.0,X2,X2
1.280876293918709e-09,489.1085205078125,284.351318359375,-554.2297973632812,204.7572021484375,X2,X2
1.311870577447305e-11,590.94287109375,340.373046875,-534.818603515625,250.56982421875,X1,X2
1.0371843384149315e-09,491.6212158203125,284.753662109375,-571.1980590820312,206.8675537109375,X2,X2
2.1398570415609441e-10,531.0792236328125,308.4281005859375,-535.450927734375,222.651123046875,X2,X2
3.905771563950111e-07,415.159912109375,267.603515625,-677.9442138671875,147.556396484375,X2,X2
8.093445184875758e-12,554.1396484375,298.739990234375,-614.0740966796875,255.399658203125,X1,X2
1.9450027366474387e-07,425.197509765625,270.669189453125,-665.581787109375,154.5283203125,X2,X2
2.88500473510922e-11,533.103759765625,290.4146728515625,-645.0088500976562,242.6890869140625,X2,X2
5.649087426139177e-13,639.573486328125,357.5523681640625,-608.9891967773438,282.0211181640625,X1,X2
4.1775042092240255e-08,434.443359375,264.53369140625,-653.128662109375,169.90966796875,X2,X2
1.6930687754546092e-11,522.66259765625,274.6436767578125,-637.8366088867188,248.0189208984375,X2,X2
2.3555503793175336e-13,643.170654296875,352.40234375,-626.3526611328125,290.768310546875,X1,X2
1.1362669027903394e-08,426.75048828125,243.8211669921875,-683.7984008789062,182.9293212890625,X2,X2
3.6282926885178313e-07,416.5634765625,268.2701416015625,-699.2118530273438,148.2933349609375,X2,X2
7.04421188046922e-10,454.671630859375,243.9351806640625,-661.4492797851562,210.7364501953125,X2,X2
6.62489512137654e-08,449.406494140625,284.1080322265625,-680.5349731445312,165.2984619140625,X1,X2
1.5423861840502262e-11,523.500244140625,274.5491943359375,-693.7092895507812,248.9510498046875,X2,X2
1.14936983663938e-05,290.031005859375,176.2939453125,-761.3040771484375,113.737060546875,X2,X2
1.150318176216386e-13,594.86328125,296.9276123046875,-620.4414672851562,297.9356689453125,X1,X2
1.442072503077263e-11,534.990966796875,285.367431640625,-655.875732421875,249.62353515625,X2,X2
2.9503046672374467e-09,425.86767578125,229.4541015625,-691.527099609375,196.41357421875,X2,X2
7.752431780295305e-14,644.40185546875,342.52001953125,-632.993896484375,301.8818359375,X1,X2
3.605069714973652e-11,523.780029296875,283.319091796875,-654.7857666015625,240.4609375,X2,X2
1.5542870102080997e-08,453.345703125,273.549072265625,-683.6683349609375,179.796630859375,X2,X2
3.66946417695857e-10,535.104248046875,317.84619140625,-675.3807373046875,217.258056640625,X2,X2
5.789146939605416e-12,594.1142578125,335.3638916015625,-535.6233520507812,258.7503662109375,X1,X2
1.824760342827858e-10,523.9840087890625,299.739990234375,-577.0576782226562,224.2440185546875,X2,X2
2.8297476362126872e-08,434.5164794921875,260.7115478515625,-572.5914306640625,173.804931640625,X2,X2
1.7846552680111927e-08,478.2081298828125,299.7935791015625,-567.534912109375,178.41455078125,X1,X2
1.1640121158618122e-11,523.0263671875,271.2607421875,-655.902587890625,251.765625,X2,X2
7.793848899595446e-12,594.242919921875,338.466064453125,-612.728271484375,255.77685546875,X1,X2
4.457013369485452e-10,536.45654296875,321.142822265625,-641.7822265625,215.313720703125,X2,X2
2.3446762309475844e-09,456.014404296875,257.30322265625,-655.3350830078125,198.711181640625,X2,X2
1.4311383189635762e-09,475.7685546875,272.12060546875,-643.3876953125,203.64794921875,X2,X2
4.211104765404743e-15,591.556640625,260.546142578125,-629.6187744140625,331.010498046875,X1,X2
1.593989523707151e-11,523.235595703125,274.6136474609375,-632.0986938476562,248.6219482421875,X2,X2
1.7750297047314234e-05,332.387939453125,222.9969482421875,-698.7047729492188,109.3909912109375,X2,X2
7.37404859396662e-11,576.688720703125,343.384033203125,-639.5467529296875,233.3046875,X1,X2
3.4278679095223197e-07,404.0341796875,255.172607421875,-682.2222900390625,148.861572265625,X2,X2
3.4289567713008395e-11,536.757568359375,295.7957763671875,-652.9306030273438,240.9617919921875,X2,X2
1.4682427496026662e-10,573.499267578125,347.0814208984375,-628.4552612304688,226.4178466796875,X1,X2
0.6931471824645996,418.4007568359375,418.4007568359375,0.0,0.0,X2,X2
0.019497627392411232,562.3721923828125,523.09521484375,-79.36029052734375,39.2769775390625,X2,X2
6.424059867858887,384.325927734375,448.55029296875,-461.2498779296875,-64.224365234375,X2,X2
1.8896902799606323,551.85595703125,569.114501953125,-697.1268310546875,-17.258544921875,X1,X2
0.8075039386749268,330.59375,332.763427734375,-680.9761962890625,-2.169677734375,X2,X2
5.334788799285889,472.146484375,525.446044921875,-529.3985595703125,-53.299560546875,X2,X2
8.082819113042206e-05,735.3359375,641.1044921875,-966.8037109375,94.2314453125,X1,X2
0.00010045873204944655,626.80322265625,534.74609375,-1320.042724609375,92.05712890625,X2,X2
0.37851810455322266,462.579833984375,454.817138671875,-1616.6123046875,7.7626953125,X2,X2
0.0025649673771113157,616.246337890625,556.60107421875,-1921.7232666015625,59.645263671875,X1,X2
2.8997621370763227e-07,684.56884765625,534.0341796875,-1627.56201171875,150.53466796875,X2,X2
3.653713793028146e-05,530.8876953125,428.716064453125,-1440.2398681640625,102.171630859375,X2,X2
1.2088619314454263e-06,636.867431640625,500.609130859375,-1348.68115234375,136.25830078125,X2,X2
2.2934806054308865e-07,782.125732421875,629.2454833984375,-1227.270751953125,152.8802490234375,X1,X2
0.6931471824645996,0.0,0.0,-1202.42626953125,0.0,X2,X2
5.850108209415339e-05,632.1259765625,534.66162109375,-1086.570556640625,97.46435546875,X2,X2
5.331525017027161e-07,710.992431640625,566.5478515625,-1088.3453369140625,144.444580078125,X1,X2
2.191264456996578e-06,665.5830078125,535.272705078125,-1115.6754150390625,130.310302734375,X2,X2
1.9956534913490032e-07,583.799072265625,429.52783203125,-1118.5777587890625,154.271240234375,X2,X2
5.128651991981314e-07,787.264892578125,642.432373046875,-1132.1552734375,144.83251953125,X1,X2
1.2876696153796274e-08,671.40576171875,489.727294921875,-1226.6561279296875,181.678466796875,X2,X2
9.399796141451588e-08,589.721435546875,427.9215087890625,-1229.607666015625,161.7999267578125,X2,X2
7.543633984141707e-08,687.384765625,523.385009765625,-1154.8480224609375,163.999755859375,X2,X2
1.516175842652956e-07,764.393310546875,607.374267578125,-1133.050048828125,157.01904296875,X1,X2
1.9668201289846365e-08,596.23583984375,418.793212890625,-1153.7667236328125,177.442626953125,X2,X2
8.24168608914988e-08,593.04638671875,429.931640625,-1156.193115234375,163.11474609375,X2,X2
1.9731285192392534e-06,697.140380859375,565.781494140625,-1205.071533203125,131.35888671875,X1,X2
3.8975699112597795e-08,694.15771484375,523.554443359375,-1138.4852294921875,170.603271484375,X2,X2
1.9292227079859003e-05,701.32861328125,592.7706298828125,-1161.147216796875,108.5579833984375,X1,X2
6.660484785925291e-08,698.544189453125,533.29931640625,-1179.9744873046875,165.244873046875,X2,X2
3.084294064592541e-07,606.207275390625,456.28955078125,-1244.5814208984375,149.917724609375,X2,X2
2.4653115104911194e-09,758.207275390625,559.997802734375,-1265.4892578125,198.20947265625,X1,X2
1.0693440799514065e-07,576.92578125,416.415283203125,-1324.0811767578125,160.510498046875,X2,X2
2.8336526014527408e-08,709.784423828125,535.9932861328125,-1452.80322265625,173.7911376953125,X2,X2
1.264095658370934e-06,612.961181640625,477.149658203125,-1469.781005859375,135.8115234375,X1,X2
0.6931471824645996,0.0,0.0,-1567.4638671875,0.0,X2,X2
9.597570169717073e-05,438.21337890625,345.69970703125,-1486.393798828125,92.513671875,X2,X2
1.4098074097024238e-10,802.271728515625,575.44775390625,-1454.6314697265625,226.823974609375,X1,X2
2.2917761270946357e-06,462.604248046875,332.742431640625,-1554.00634765625,129.86181640625,X2,X2
3.4957967631754627e-09,632.372314453125,437.6552734375,-1531.3624267578125,194.717041015625,X2,X2
2.3635842172353705e-09,635.23388671875,436.60302734375,-1598.3876953125,198.630859375,X2,X2
3.09036234102944e-11,874.915283203125,632.913818359375,-1580.685546875,242.00146484375,X1,X2
9.409299117635328e-09,641.251953125,456.436279296875,-1676.7076416015625,184.815673828125,X2,X2
1.377553765502526e-10,749.677734375,522.622314453125,-1647.2552490234375,227.055419921875,X2,X2
6.232029215597068e-12,818.134521484375,560.121337890625,-1648.978515625,258.01318359375,X1,X2
2.6588609786104556e-11,728.37109375,484.86572265625,-1668.862548828125,243.50537109375,X2,X2
7.974997051629629e-11,651.536865234375,419.015625,-1686.3021240234375,232.521240234375,X2,X2
1.0810688455542561e-10,825.6142578125,596.13525390625,-1723.755859375,229.47900390625,X1,X2
5.3536387129016205e-11,653.26904296875,416.762451171875,-1757.4066162109375,236.506591796875,X2,X2
0.6931471824645996,0.0,0.0,-1859.885986328125,0.0,X2,X2
3.170385065587311e-10,647.761474609375,429.04150390625,-1742.3197021484375,218.719970703125,X2,X2
6.160719850933916e-11,831.614501953125,596.5120849609375,-1778.241943359375,235.1024169921875,X1,X2
2.438071411425824e-10,649.879638671875,428.533203125,-1790.8599853515625,221.346435546875,X2,X2
8.159429967236065e-07,469.5400390625,329.350830078125,-1825.0855712890625,140.189208984375,X2,X2
2.5092560407974362e-12,899.978515625,632.8681640625,-1756.9013671875,267.1103515625,X1,X2
9.563609626450642e-11,659.4541015625,428.7493896484375,-1880.0703125,230.7047119140625,X2,X2
1.5521205432023066e-09,657.763671875,454.92724609375,-1872.284912109375,202.83642578125,X2,X2
1.2759659995253969e-08,631.91552734375,450.145751953125,-1910.6607666015625,181.769775390625,X1,X2
7.23487034171022e-11,766.3291015625,532.8338623046875,-1876.041748046875,233.4952392578125,X2,X2
0.6931471824645996,0.0,0.0,-1966.843505859375,0.0,X2,X2
6.944399499886345e-10,661.33984375,450.460693359375,-1832.6793212890625,210.879150390625,X2,X2
2.402188148918627e-13,841.046875,550.474609375,-1786.52197265625,290.572265625,X1,X2
9.493239527813557e-11,765.321044921875,534.54248046875,-1836.2838134765625,230.778564453125,X2,X2
9.051229210577105e-10,659.67919921875,451.44970703125,-1829.1201171875,208.2294921875,X2,X2
5.532741365749105e-12,839.606689453125,580.4033203125,-1805.0833740234375,259.203369140625,X1,X2
9.80489134327911e-10,659.96875,452.5390625,-1851.8310546875,207.4296875,X2,X2
2.569110549299758e-11,768.567138671875,524.7183837890625,-1920.510009765625,243.8487548828125,X2,X2
6.900566272907693e-13,839.59765625,559.57763671875,-1900.325927734375,280.02001953125,X1,X2
1.7013515389407985e-05,423.68505859375,313.8701171875,-2036.504150390625,109.81494140625,X2,X2
1.490375325374771e-07,489.495849609375,332.30517578125,-1963.8023681640625,157.190673828125,X2,X2
1.6179312056774364e-10,659.752197265625,434.30517578125,-1823.5762939453125,225.447021484375,X2,X2
3.3745129086881764e-12,907.258544921875,643.11083984375,-1888.1307373046875,264.147705078125,X1,X2
6.242421579649715e-10,636.52978515625,424.5849609375,-1915.131103515625,211.94482421875,X2,X2
1.0102076952733796e-09,660.602783203125,453.4716796875,-1918.3470458984375,207.131103515625,X2,X2
1.742446811836551e-11,843.275634765625,595.544189453125,-1880.72119140625,247.7314453125,X1,X2
1.675982443105628e-11,770.451171875,522.330810546875,-1870.5745849609375,248.120361328125,X2,X2
0.6931471824645996,5.906494140625,5.906494140625,0.0,0.0,X1,X2
0.6977184414863586,1.554901123046875,1.6461181640625,-41.95909118652344,-0.091217041015625,X1,X1
0.6850669980049133,0.205535888671875,0.04327392578125,-61.39768981933594,0.162261962890625,X1,X1
0.9946987628936768,-19.648468017578125,-14.3192138671875,-90.70362854003906,-5.329254150390625,X2,X1
0.060553908348083496,21.510101318359375,-6.227813720703125,-86.11798095703125,27.7379150390625,X2,X1
0.0007836521253921092,66.84423828125,-4.66729736328125,-112.79473876953125,71.51153564453125,X2,X1
9.317415970144793e-05,83.22064208984375,-9.58929443359375,-142.33203125,92.8099365234375,X2,X1
0.08604666590690613,21.83807373046875,-2.25726318359375,-171.88507080078125,24.0953369140625,X2,X2
6.099427223205566,-55.7890625,5.1827392578125,-201.44329833984375,-60.9718017578125,X2,X2
1.3893051147460938,-5.474365234375,5.5518798828125,-223.74566650390625,-11.0262451171875,X2,X2
1.1687877178192139,-3.589599609375,4.376861572265625,-259.49163818359375,-7.966461181640625,X2,X2
8.791988372802734,-76.0078125,11.910552978515625,-341.09783935546875,-87.91836547851562,X1,X2
0.8606704473495483,2.5933837890625,5.70306396484375,-349.4182434082031,-3.10968017578125,X2,X2
0.2814950942993164,15.6019287109375,4.365997314453125,-382.677001953125,11.235931396484375,X2,X2
0.003128613345324993,62.6561279296875,5.0001220703125,-443.81451416015625,57.656005859375,X2,X2
6.690351438010111e-05,108.40203857421875,12.27978515625,-535.193359375,96.12225341796875,X1,X2
0.6931471824645996,0.0,0.0,-713.117919921875,0.0,X2,X2
7.898049148025166e-08,168.94720458984375,5.406524658203125,-657.1935424804688,163.5406494140625,X2,X2
0.0001311529049417004,101.926025390625,12.53521728515625,-753.59619140625,89.39080810546875,X1,X2
1.0454297125761514e-06,142.26708984375,4.556243896484375,-848.3561401367188,137.7108154296875,X2,X2
2.587215597316117e-08,180.919677734375,6.21868896484375,-868.6044921875,174.70098876953125,X2,X2
3.545648360159248e-05,114.859375,12.38751220703125,-958.1949462890625,102.47186279296875,X1,X2
7.045622973933519e-10,216.568603515625,5.83416748046875,-935.2412109375,210.73443603515625,X2,X2
2.0152906472503673e-06,134.4696044921875,3.32208251953125,-1025.625,131.1474609375,X2,X2
1.7737196433831315e-10,229.454833984375,4.9271240234375,-975.7435913085938,224.5277099609375,X2,X2
1.4156806173559744e-05,126.3424072265625,14.689422607421875,-1026.1656494140625,111.653076171875,X1,X2
3.2675509520352364e-10,222.4796142578125,4.0615234375,-991.4498901367188,218.4180908203125,X2,X2
2.2551968470452266e-07,159.55517578125,6.506591796875,-1067.1956787109375,153.048583984375,X2,X2
9.808969192448558e-10,218.59814453125,11.172515869140625,-1017.9339599609375,207.425537109375,X1,X2
6.537972385700641e-10,216.360595703125,4.878326416015625,-1105.247314453125,211.48223876953125,X2,X2
0.6931471824645996,0.0,0.0,-1182.445556640625,0.0,X2,X2
6.411409625428632e-09,199.21435546875,10.562591552734375,-1113.649169921875,188.65185546875,X1,X2
1.3821345845599353e-08,186.52197265625,5.551483154296875,-1113.34375,180.97052001953125,X2,X2
3.7288017118441985e-09,198.5616455078125,4.489837646484375,-1093.0968017578125,194.07177734375,X2,X2
8.427847753011974e-09,188.87890625,2.961669921875,-1130.980712890625,185.917236328125,X2,X2
1.440843561795191e-06,148.5029296875,14.000091552734375,-1147.941650390625,134.5028076171875,X1,X2
9.551168744792449e-09,189.362060546875,4.696044921875,-1125.229248046875,184.666015625,X2,X2
6.600334945261466e-09,193.225830078125,4.864288330078125,-1093.507568359375,188.3614501953125,X2,X2
8.802876649838254e-09,197.712890625,12.230987548828125,-1029.3216552734375,185.48187255859375,X1,X2
1.4863638853057637e-06,141.3243408203125,7.13250732421875,-1100.208984375,134.1917724609375,X2,X2
4.4347989387460984e-06,128.96923828125,5.70904541015625,-1128.2451171875,123.26025390625,X2,X2
6.88308787744063e-08,175.1171875,10.201080322265625,-1094.57958984375,164.9161376953125,X1,X2
1.4189323493951633e-08,185.8387451171875,5.1309814453125,-1132.2508544921875,180.707763671875,X2,X2
0.6931471824645996,0.0,0.0,-1284.1573486328125,0.0,X2,X2
3.483718842289818e-07,155.9915771484375,7.29156494140625,-1219.1146240234375,148.699951171875,X2,X2
2.868396677513374e-06,138.551025390625,10.933563232421875,-1205.752197265625,127.6175537109375,X1,X2
1.2895442580429517e-07,167.0322265625,8.394134521484375,-1188.583740234375,158.6380615234375,X2,X2
6.770632388075626e-10,215.258056640625,4.125457763671875,-1190.433837890625,211.132568359375,X2,X2
3.206766905350378e-07,159.6873779296875,10.15911865234375,-1201.431396484375,149.5283203125,X1,X2
0.6931471824645996,0.0,0.0,-1297.101806640625,0.0,X2,X2
0.00013993936590850353,94.9974365234375,6.255157470703125,-1223.038330078125,88.7423095703125,X2,X2
1.636403651472662e-10,235.802001953125,10.468505859375,-1198.165283203125,225.33349609375,X1,X2
1.8855093912861776e-06,138.5098876953125,6.69671630859375,-1290.168212890625,131.8131103515625,X2,X2
1.1728631399421374e-09,211.24609375,5.60791015625,-1299.0732421875,205.63818359375,X2,X2
8.422074704306226e-10,215.9017333984375,6.9517822265625,-1278.634521484375,208.949951171875,X2,X2
1.0152374496641414e-09,218.7664794921875,11.68499755859375,-1306.8037109375,207.0814208984375,X1,X2
9.837082537433872e-12,260.691162109375,7.242584228515625,-1162.63037109375,253.4486083984375,X2,X2
0.6931471824645996,0.0,0.0,-1301.566162109375,0.0,X2,X2
1.6026679766287244e-12,283.5364990234375,11.9429931640625,-1257.8975830078125,271.593505859375,X1,X2
1.0784638969623533e-13,303.7432861328125,5.16253662109375,-1208.65380859375,298.5806884765625,X2,X2
5.119566637290518e-08,174.9146728515625,7.038482666015625,-1377.8720703125,167.8760986328125,X2,X2
4.758374597124693e-11,251.8895263671875,14.20428466796875,-1310.6273193359375,237.685302734375,X1,X2
2.0619869201855823e-13,297.248291015625,5.14892578125,-1312.3489990234375,292.099365234375,X2,X2
2.355348582838701e-09,205.209228515625,6.54339599609375,-1333.8133544921875,198.665771484375,X2,X2
1.2036442805993253e-12,280.513916015625,6.057342529296875,-1345.8291015625,274.4566650390625,X2,X2
4.3829870288725203e-10,227.0205078125,11.5391845703125,-1314.6470947265625,215.481201171875,X1,X2
1.0928804528020919e-09,213.9127197265625,7.568206787109375,-1366.1883544921875,206.344482421875,X2,X2
1.872502153332789e-11,254.4027099609375,7.39111328125,-1393.75634765625,247.0115966796875,X2,X2
7.201583215399668e-14,313.0987548828125,10.4798583984375,-1282.2728271484375,302.618896484375,X1,X2
6.04656038780127e-12,264.3441162109375,6.028900146484375,-1347.122314453125,258.3153076171875,X2,X2
2.867663051464575e-11,249.5330810546875,6.783721923828125,-1295.8291015625,242.7493896484375,X2,X2
1.6825421264576867e-11,258.696044921875,10.61474609375,-1317.436767578125,248.081298828125,X1,X2
3.1991029914024693e-07,154.7958984375,5.243621826171875,-1347.3984375,149.55224609375,X2,X2
2.60347543220088e-13,295.6470947265625,5.87945556640625,-1279.307373046875,289.767578125,X2,X2
3.733193875560259e-12,269.5076904296875,6.3701171875,-1191.546630859375,263.1375732421875,X2,X2
5.457847308864075e-14,317.1748046875,11.783447265625,-1258.31884765625,305.391357421875,X1,X2
7.913183454853756e-13,283.2293701171875,4.57861328125,-1270.438720703125,278.6507568359375,X2,X2
8.706250130552373e-12,260.9344482421875,6.264617919921875,-1274.90673828125,254.6697998046875,X2,X2
8.205041463968388e-13,290.238037109375,11.94940185546875,-1322.025146484375,278.28857421875,X1,X2
1.715789489653563e-11,255.852783203125,7.96710205078125,-1352.566650390625,247.8856201171875,X2,X2
2.6187513529202233e-12,272.61279296875,5.929595947265625,-1365.9609375,266.6832275390625,X2,X2
9.692980793007955e-12,262.2852783203125,8.68896484375,-1356.55029296875,253.59619140625,X1,X2
1.487696955643908e-13,300.1563720703125,4.79266357421875,-1324.349853515625,295.36376953125,X2,X2
1.0144941553491549e-09,212.1212158203125,5.032501220703125,-1321.3818359375,207.0887451171875,X2,X2
6.296047710963038e-11,241.1083984375,6.223358154296875,-1309.6513671875,234.8851318359375,X2,X2
2.9484704608395695e-13,298.6175537109375,10.094329833984375,-1283.1356201171875,288.523193359375,X1,X2
2.74582490078501e-09,200.99951171875,3.867767333984375,-1329.104248046875,197.1318359375,X2,X2
1.245994003503184e-13,301.9525146484375,4.815826416015625,-1337.413818359375,297.13671875,X2,X2
1.1913409495023508e-11,263.6522216796875,12.118682861328125,-1314.7900390625,251.5335693359375,X1,X2
1.6441381589515913e-09,207.62548828125,5.364990234375,-1352.2618408203125,202.260498046875,X2,X2
8.219244512427948e-14,306.263916015625,4.966796875,-1321.2181396484375,301.297119140625,X2,X2
1.2304400831553153e-09,216.8499755859375,11.691131591796875,-1367.7698974609375,205.158935546875,X1,X2
1.1340751671085059e-09,212.923828125,6.94927978515625,-1342.42626953125,205.9744873046875,X2,X2
1.0446599141289425e-08,191.5498046875,7.77996826171875,-1336.572509765625,183.7698974609375,X2,X2
1.0046619840307219e-13,305.8658447265625,6.576416015625,-1331.92919921875,299.28955078125,X2,X2
1.3664906879651273e-12,283.32373046875,10.135955810546875,-1284.3817138671875,273.187744140625,X1,X2
3.3094998963534294e-10,224.25537109375,5.964874267578125,-1311.9229736328125,218.29052734375,X2,X2
1.446803787885642e-10,232.878173828125,6.313232421875,-1316.740966796875,226.56494140625,X2,X2
5.545927805883366e-08,179.603515625,12.52734375,-1327.595703125,167.076171875,X1,X2
2.5995124275368653e-08,182.2471923828125,7.593658447265625,-1254.1695556640625,174.653564453125,X2,X2
1.1462816915282226e-13,303.55810546875,5.587310791015625,-1244.29150390625,297.9708251953125,X2,X2
3.3700280255288817e-07,162.653076171875,13.621337890625,-1355.6201171875,149.03173828125,X1,X2
0.6931471824645996,0.0,0.0,-1520.424072265625,0.0,X2,X2
1.4364566480740137e-10,232.24462890625,5.6080322265625,-1373.462158203125,226.63671875,X2,X2
4.248952578667087e-11,243.9820556640625,5.1644287109375,-1265.287109375,238.817626953125,X2,X2
1.499365139424197e-13,305.3974609375,10.11181640625,-1230.41845703125,295.28564453125,X1,X2
3.1541570570670086e-12,271.092529296875,6.269622802734375,-1291.0897216796875,264.822998046875,X2,X2
8.635433514092572e-12,259.800537109375,5.0491943359375,-1329.6826171875,254.75146484375,X2,X2
1.0139273047462399e-13,310.08642578125,10.888671875,-1273.437744140625,299.19775390625,X1,X2
3.449946177624952e-07,155.73291015625,6.935516357421875,-1403.983642578125,148.79736328125,X2,X2
9.69554623218849e-13,283.2091064453125,6.589599609375,-1365.5672607421875,276.619384765625,X2,X2
2.7207511266169604e-07,163.61669921875,12.444732666015625,-1403.506591796875,151.171875,X1,X2
1.5994287491660764e-11,256.325927734375,7.738037109375,-1383.11572265625,248.587890625,X2,X2
3.0545026143830034e-12,272.0291748046875,6.88519287109375,-1313.84228515625,265.14404296875,X2,X2
1.7307049890447068e-11,252.111083984375,4.31207275390625,-1376.2559814453125,247.799072265625,X2,X2
2.2149071465804582e-10,233.2987060546875,10.992340087890625,-1350.6661376953125,222.306396484375,X1,X2
1.3786939472015813e-11,255.96240234375,5.889404296875,-1338.707763671875,250.072998046875,X2,X2
0.6931471824645996,0.0,0.0,-1445.5628662109375,0.0,X2,X2
2.4208048760021583e-11,254.987060546875,10.543701171875,-1327.5908203125,244.443359375,X1,X2
1.776451707090343e-14,322.803466796875,6.18780517578125,-1289.064697265625,316.61572265625,X2,X2
9.760418168136553e-12,257.7979736328125,4.271148681640625,-1379.7537841796875,253.52685546875,X2,X2
1.833289908770297e-10,237.191162109375,12.99383544921875,-1335.3466796875,224.1973876953125,X1,X2
4.994686305173635e-13,288.55615234375,5.303863525390625,-1348.3134765625,283.2523193359375,X2,X2
1.9173534288041694e-11,254.071044921875,7.296051025390625,-1360.014892578125,246.77490234375,X2,X2
1.3228019270172808e-05,117.2984619140625,4.966796875,-1400.061767578125,112.3316650390625,X2,X2
2.590349490461108e-09,211.86279296875,14.148101806640625,-1359.341552734375,197.7147216796875,X1,X2
5.342889013702258e-14,310.95751953125,5.35321044921875,-1291.7489013671875,305.604248046875,X2,X2
1.086463471272614e-11,257.9532470703125,5.498138427734375,-1328.156005859375,252.455078125,X2,X2
7.383988033645913e-14,311.7723388671875,9.403533935546875,-1322.402099609375,302.3687744140625,X1,X2
2.259020878345175e-12,273.5362548828125,5.3753662109375,-1298.5440673828125,268.160888671875,X2,X2
1.0940667122261161e-10,234.261962890625,4.90240478515625,-1345.351318359375,229.3594970703125,X2,X2
6.323344896742161e-14,314.369384765625,10.44989013671875,-1325.64892578125,303.91943359375,X1,X2
1.734657644192339e-07,161.099609375,5.42669677734375,-1369.6484375,155.6728515625,X2,X2
0.6931471824645996,0.0,0.0,-1452.108154296875,0.0,X2,X2
1.7552196404212878e-14,321.7965087890625,5.060516357421875,-1308.831787109375,316.7359619140625,X2,X2
4.5416330418657225e-11,248.7283935546875,10.576812744140625,-1328.56640625,238.1514892578125,X1,X2
4.513201065040745e-13,289.7386474609375,5.472686767578125,-1317.428955078125,284.2659912109375,X2,X2
3.356513417901441e-12,271.724853515625,7.523590087890625,-1329.47607421875,264.201171875,X2,X2
1.6459603523351872e-14,327.734130859375,10.35552978515625,-1287.1343994140625,317.378662109375,X1,X2
6.086701021673635e-12,261.551025390625,3.301849365234375,-1306.344482421875,258.2491455078125,X2,X2
2.0905853437280797e-11,253.77490234375,7.86492919921875,-1312.6744384765625,245.909912109375,X2,X2
4.237624418035324e-10,225.541748046875,9.7232666015625,-1359.1142578125,215.8184814453125,X1,X2
8.462131040646529e-15,328.35546875,4.323760986328125,-1247.7274169921875,324.03173828125,X2,X2
7.997815604232628e-11,238.874755859375,6.382080078125,-1319.77294921875,232.49267578125,X2,X2
4.228571312547835e-11,243.998291015625,5.132659912109375,-1319.7568359375,238.86572265625,X2,X2
4.18648297452473e-13,295.353271484375,10.335784912109375,-1267.5498046875,285.0174560546875,X1,X2
2.5491054037561633e-13,295.660888671875,5.68218994140625,-1322.544189453125,289.9786376953125,X2,X2
1.010237511422929e-07,167.414306640625,6.335205078125,-1352.30908203125,161.0791015625,X2,X2
5.78628128484332e-14,315.415771484375,10.608856201171875,-1287.10986328125,304.8070068359375,X1,X2
9.836256809059307e-12,259.63427734375,6.184814453125,-1249.2073974609375,253.449462890625,X2,X2
4.0084034182152894e-12,268.856201171875,6.42987060546875,-1316.34228515625,262.42626953125,X2,X2
6.751404177472026e-14,316.102294921875,12.8377685546875,-1339.9222412109375,303.264404296875,X1,X2
1.838893112489446e-14,320.1109619140625,3.840789794921875,-1284.7489013671875,316.270263671875,X2,X2
7.298994546545146e-07,147.18408203125,5.8804931640625,-1385.698974609375,141.3035888671875,X2,X2
2.3628826861441226e-15,341.913330078125,5.124420166015625,-1273.1650390625,336.7889404296875,X2,X2
5.294234842190271e-11,247.130615234375,10.512542724609375,-1370.214599609375,236.6181640625,X1,X2
7.2007222406966775e-09,194.196533203125,6.70574951171875,-1377.099609375,187.4908447265625,X2,X2
1.8867833961877523e-09,207.928466796875,7.044586181640625,-1377.965576171875,200.8839111328125,X2,X2
2.8186830040161093e-12,278.224365234375,12.276885986328125,-1358.614990234375,265.947509765625,X1,X2
1.0884519197409959e-12,281.05322265625,5.5904541015625,-1352.6805419921875,275.462646484375,X2,X2
4.973843212296991e-11,241.200439453125,3.9580078125,-1313.0145263671875,237.242431640625,X2,X2
2.2497963507363966e-13,300.986572265625,9.75897216796875,-1266.443115234375,291.2276611328125,X1,X2
1.5125263264081923e-09,209.3284912109375,6.233673095703125,-1388.8486328125,203.0948486328125,X2,X2
4.086953215090561e-13,290.4385986328125,5.180419921875,-1300.3145751953125,285.258056640625,X2,X2
1.005141747612015e-08,190.5924072265625,6.4368896484375,-1388.4039306640625,184.155517578125,X2,X2
1.089293732547958e-06,142.8262939453125,5.52655029296875,-1391.325439453125,137.2998046875,X2,X2
1.396295612362793e-14,324.721435546875,5.697784423828125,-1300.7496337890625,319.023681640625,X2,X2
2.5611489925386755e-12,274.916748046875,8.01116943359375,-1326.944091796875,266.9056396484375,X2,X2
0.6931471824645996,0.0,0.0,-1446.74609375,0.0,X2,X2
1.1448368641975293e-10,232.8265380859375,3.920684814453125,-1274.561279296875,228.9058837890625,X2,X2
5.787380123745134e-12,264.1029052734375,5.349578857421875,-1215.50830078125,258.75341796875,X2,X2
7.323745017558114e-14,307.9796142578125,5.528900146484375,-1269.9564208984375,302.45068359375,X2,X2
2.275421028625959e-14,320.9947509765625,6.854400634765625,-1287.16162109375,314.1402587890625,X2,X2
0.6931471824645996,0.0,0.0,-1467.9798583984375,0.0,X2,X2
5.042778260938574e-13,287.9398193359375,4.7833251953125,-1324.6837158203125,283.156494140625,X2,X2
1.207809134824711e-12,283.773193359375,9.35101318359375,-1314.1898193359375,274.422119140625,X1,X2
5.942746295062307e-11,247.0001220703125,11.53759765625,-1302.2593994140625,235.462646484375,X1,X2
1.737608945617808e-10,237.404052734375,12.67059326171875,-1337.71484375,224.7333984375,X1,X2
2.2051898501684875e-11,254.7593994140625,9.383209228515625,-1305.190673828125,245.376220703125,X1,X2
2.247848988109341e-13,301.817138671875,10.58074951171875,-1309.8671875,291.236328125,X1,X2
3.432663930880153e-09,200.072265625,5.173065185546875,-1381.029052734375,194.8992919921875,X2,X2
3.125921743674098e-10,232.2216796875,13.36041259765625,-1391.20263671875,218.8612060546875,X1,X2
2.2243799684129595e-12,274.234130859375,5.918670654296875,-1345.2032470703125,268.3154296875,X2,X2
3.5730614430726226e-14,315.743408203125,6.11566162109375,-1300.7415771484375,309.627685546875,X2,X2
1.1399609283879036e-13,304.1590576171875,6.1329345703125,-1333.429931640625,298.026123046875,X2,X2
1.0419287654883647e-10,241.8873291015625,12.03961181640625,-1351.305419921875,229.8477783203125,X1,X2
1.6419091631550593e-14,321.62158203125,4.21820068359375,-1291.7255859375,317.4033203125,X2,X2
9.76516068527944e-13,283.320068359375,6.772216796875,-1375.0567626953125,276.5478515625,X2,X2
5.349040438015762e-13,293.7471923828125,11.18035888671875,-1338.514892578125,282.56689453125,X1,X2
4.305814400140662e-06,128.0958251953125,4.540496826171875,-1401.4964599609375,123.555419921875,X2,X2
1.7105767469161037e-08,185.13330078125,6.294708251953125,-1375.310791015625,178.8385009765625,X2,X2
7.26520666544106e-12,270.80126953125,14.3218994140625,-1377.6849365234375,256.479248046875,X1,X2
1.7231628623992634e-10,228.658447265625,3.841522216796875,-1299.5709228515625,224.81689453125,X2,X2
7.94417396449143e-12,261.279296875,5.693572998046875,-1302.163330078125,255.5858154296875,X2,X2
9.387710200132668e-14,304.4600830078125,4.492156982421875,-1349.31787109375,299.9678955078125,X2,X2
2.103246998785835e-08,190.9495849609375,14.17755126953125,-1371.884521484375,176.77197265625,X1,X2
3.3560875161830345e-14,315.26708984375,5.012939453125,-1305.5880126953125,310.254150390625,X2,X2
9.876497397698358e-10,219.2830810546875,11.926025390625,-1320.006103515625,207.35693359375,X1,X2
1.1167884672591555e-10,236.18798828125,7.034088134765625,-1347.721435546875,229.1539306640625,X2,X2
6.555586931319187e-15,331.8135986328125,5.22900390625,-1318.309814453125,326.5845947265625,X2,X2
8.427633590990524e-14,313.603759765625,12.5570068359375,-1309.6220703125,301.0467529296875,X1,X2
3.0419070040643703e-10,223.4637451171875,4.330078125,-1346.455078125,219.1336669921875,X2,X2
5.8253238285909965e-15,332.0384521484375,4.272705078125,-1295.223388671875,327.765625,X2,X2
3.206516269952525e-13,293.917724609375,6.233489990234375,-1329.6220703125,287.6842041015625,X2,X2
3.4272354919318015e-12,274.492431640625,10.499755859375,-1344.302734375,263.99267578125,X1,X2
5.970903296532298e-14,307.83203125,3.33905029296875,-1304.1060791015625,304.492919921875,X2,X2
2.1076441373418797e-12,275.2435302734375,6.388916015625,-1325.938720703125,268.8544921875,X2,X2
0.6931471824645996,-7.44549560546875,-7.44549560546875,0.0,0.0,X1,X2
0.06374390423297882,18.02734375,-9.181060791015625,25.231857299804688,27.208404541015625,X1,X2
4.582540988922119,-36.0062255859375,9.71636962890625,19.918365478515625,-45.72259521484375,X2,X1
0.6931471824645996,0.0,0.0,47.329132080078125,0.0,X2,X2
1.2050036191940308,3.76190185546875,12.249603271484375,53.92463684082031,-8.487701416015625,X2,X1
0.6941288113594055,0.637420654296875,0.65704345703125,45.31971740722656,-0.019622802734375,X2,X2
0.5988205671310425,4.6148681640625,2.6300048828125,41.24481201171875,1.98486328125,X2,X2
0.2817078232765198,6.248931884765625,-4.97833251953125,34.02067565917969,11.227264404296875,X1,X2
0.006775025278329849,50.29937744140625,0.388153076171875,7.1526947021484375,49.911224365234375,X2,X2
8.322206667799037e-06,119.120849609375,2.155059814453125,-139.0338897705078,116.96578979492188,X2,X2
5.541083010029979e-05,92.781494140625,-5.2255859375,-210.21087646484375,98.007080078125,X1,X2
6.779138402634999e-06,122.88067626953125,3.864105224609375,-220.6540985107422,119.01657104492188,X2,X2
3.31101023220981e-06,125.859619140625,-0.32293701171875,-245.04580688476562,126.18255615234375,X2,X2
2.5139001991192345e-06,121.8345947265625,-7.102142333984375,-274.305908203125,128.93673706054688,X1,X2
2.9513150821003364e-06,128.5428466796875,1.21026611328125,-305.2338562011719,127.33258056640625,X2,X2
1.3808123185299337e-05,113.44488525390625,1.54241943359375,-350.1318359375,111.9024658203125,X2,X2
1.4799120435782243e-05,102.10845947265625,-9.10089111328125,-380.563232421875,111.2093505859375,X1,X2
4.0815623947310087e-07,148.54669189453125,1.4305419921875,-393.3682556152344,147.11614990234375,X2,X2
1.000238739834458e-06,140.1558837890625,2.003173828125,-432.0846252441406,138.1527099609375,X2,X2
5.797336370960693e-07,137.47467041015625,-6.132293701171875,-438.01873779296875,143.60696411132812,X1,X2
1.3330788533494342e-05,111.25592041015625,-0.99835205078125,-457.77532958984375,112.2542724609375,X2,X2
5.240495397629275e-07,143.8631591796875,-0.753631591796875,-475.78961181640625,144.61679077148438,X2,X2
4.177182404419e-07,139.47943115234375,-7.4051513671875,-493.4629821777344,146.88458251953125,X1,X2
2.596436274870939e-07,151.76129150390625,0.121734619140625,-534.5966796875,151.63955688476562,X2,X2
4.472285127121722e-06,122.52862548828125,-0.6474609375,-590.7130126953125,123.17608642578125,X2,X2
1.1119694676153813e-07,160.789306640625,0.669677734375,-568.4866333007812,160.11962890625,X2,X2
3.8944907032600895e-07,139.361572265625,-8.223785400390625,-558.8806762695312,147.5853271484375,X1,X2
1.56195731904063e-08,183.17236328125,3.424957275390625,-591.0509033203125,179.74740600585938,X2,X2
5.038524705014424e-06,122.5072021484375,0.523284912109375,-614.4801025390625,121.98394775390625,X2,X2
1.817546668725356e-09,196.7935791015625,-4.46417236328125,-567.85693359375,201.25778198242188,X1,X2
1.8770930410028086e-06,132.6815185546875,0.82366943359375,-639.3341064453125,131.85784912109375,X2,X2
7.417685083055403e-06,117.9302978515625,-0.186065673828125,-610.0030517578125,118.11639404296875,X2,X2
1.8474687335512385e-09,195.4271240234375,-5.667327880859375,-551.9063720703125,201.094482421875,X1,X2
2.3211743638285043e-08,177.5325927734375,1.74652099609375,-604.8302001953125,175.78607177734375,X2,X2
9.145446178138172e-09,187.41815185546875,2.318023681640625,-592.9071044921875,185.10009765625,X2,X2
6.511740924253218e-09,191.6436767578125,3.147064208984375,-627.5596923828125,188.49658203125,X2,X2
3.168748037296609e-07,142.2359619140625,-7.411590576171875,-628.5658569335938,149.6475830078125,X1,X2
5.35987698668805e-09,193.9593505859375,3.51611328125,-628.890869140625,190.4432373046875,X2,X2
3.6832850658363725e-10,212.7298583984375,-4.490570068359375,-611.3021240234375,217.220458984375,X1,X2
4.2502357189277973e-10,217.7662353515625,1.97747802734375,-631.9405517578125,215.78875732421875,X2,X2
2.889613170964367e-08,175.143798828125,1.5482177734375,-647.0398559570312,173.5955810546875,X2,X2
1.4507013368358912e-08,173.118408203125,-7.367919921875,-638.2352294921875,180.486328125,X1,X2
2.5520438384774025e-07,151.08026123046875,-0.731781005859375,-627.9908447265625,151.81201171875,X2,X2
5.036099093302937e-09,194.29132080078125,3.224945068359375,-620.736572265625,191.06634521484375,X2,X2
7.787757283495012e-08,157.31365966796875,-6.367584228515625,-628.3131713867188,163.6812744140625,X1,X2
2.3316314923249593e-07,152.9656982421875,0.25042724609375,-694.204345703125,152.71527099609375,X2,X2
2.3433225138091984e-08,176.813232421875,1.12213134765625,-667.2265625,175.69110107421875,X2,X2
1.2254863790417403e-09,197.684326171875,-7.514984130859375,-629.09423828125,205.19927978515625,X1,X2
7.865772744253263e-08,164.095947265625,0.51434326171875,-669.4609375,163.58160400390625,X2,X2
5.39318307346548e-07,145.090576171875,0.760986328125,-679.1406860351562,144.32958984375,X2,X2
1.2094528933914717e-08,176.502197265625,-5.80291748046875,-636.1065673828125,182.30511474609375,X1,X2
3.2341076483533016e-09,199.4788818359375,3.98370361328125,-644.180908203125,195.4951171875,X2,X2
2.6955779830473148e-09,199.36639404296875,2.04986572265625,-649.2500610351562,197.3165283203125,X2,X2
3.2712019759628674e-08,175.095703125,2.740478515625,-668.621337890625,172.355224609375,X2,X2
1.02660013823197e-08,177.63330078125,-6.31097412109375,-670.10791015625,183.94427490234375,X1,X2
8.344699375939513e-10,208.8587646484375,-0.183502197265625,-636.7994384765625,209.042236328125,X2,X2
1.5560340571596498e-08,182.949951171875,3.16455078125,-638.8010864257812,179.785400390625,X2,X2
3.547843618889601e-08,165.1663818359375,-6.377044677734375,-660.16845703125,171.54339599609375,X1,X2
3.488198885293059e-08,172.4412841796875,0.72833251953125,-633.788818359375,171.71295166015625,X2,X2
5.74592284863229e-09,191.366455078125,1.618682861328125,-665.9520263671875,189.74774169921875,X2,X2
1.819138617520366e-09,196.2398681640625,-5.009124755859375,-649.100341796875,201.2490234375,X1,X2
4.148907439827099e-09,193.44580078125,0.44158935546875,-682.793701171875,193.00421142578125,X2,X2
3.4832072515200707e-07,148.7523193359375,0.0509033203125,-684.7134399414062,148.701416015625,X2,X2
0.6931471824645996,0.0,0.0,-758.5032348632812,0.0,X2,X2
1.2479093129513785e-05,104.94140625,-7.97308349609375,-701.7567138671875,112.91448974609375,X1,X2
4.5983120799064636e-05,100.0789794921875,0.20684814453125,-699.1624755859375,99.87213134765625,X2,X2
4.858872770796552e-08,170.441650390625,2.04290771484375,-674.7340087890625,168.39874267578125,X2,X2
7.533517698554704e-10,204.9627685546875,-5.102142333984375,-666.848876953125,210.06488037109375,X1,X2
2.6083007975685746e-10,222.365478515625,1.69403076171875,-690.6569213867188,220.6715087890625,X2,X2
1.1230594765265778e-07,162.46142578125,2.4410400390625,-689.8602905273438,160.0203857421875,X2,X2
3.2088626894521965e-11,236.86285400390625,-4.7623291015625,-657.18701171875,241.62518310546875,X1,X2
1.9778820248284035e-10,227.374267578125,3.93603515625,-678.4649658203125,223.438232421875,X2,X2
5.026698545407271e-06,122.37109375,0.363616943359375,-752.6061401367188,122.0074462890625,X2,X2
1.131074678362154e-09,208.4400634765625,2.439117431640625,-695.935791015625,206.0009765625,X2,X2
1.3390824907255627e-11,244.172119140625,-6.192352294921875,-702.04736328125,250.364501953125,X1,X2
5.265077263061357e-09,191.1429443359375,0.521209716796875,-718.0762329101562,190.6217041015625,X2,X2
5.6236952872268375e-09,191.788818359375,1.8260498046875,-729.9932250976562,189.9627685546875,X2,X2
3.891876474426681e-07,140.023681640625,-7.568359375,-710.1721801757812,147.592041015625,X1,X2
1.2712461305852685e-08,183.97216796875,2.16534423828125,-703.6204833984375,181.80682373046875,X2,X2
1.4455486807563034e-10,226.5948486328125,0.021270751953125,-679.4049682617188,226.5736083984375,X2,X2
1.1443883174422353e-08,174.777587890625,-8.080535888671875,-701.07177734375,182.85809326171875,X1,X2
6.794613482963285e-11,235.553466796875,1.430450439453125,-653.2947998046875,234.123046875,X2,X2
3.5465275161072896e-10,217.97705078125,0.37823486328125,-698.6329345703125,217.59881591796875,X2,X2
1.9192742881091185e-11,248.9580078125,2.193115234375,-649.6748657226562,246.764892578125,X2,X2
2.7272717070814245e-11,238.716796875,-4.534576416015625,-686.8900756835938,243.2513427734375,X1,X2
5.776768396970056e-09,189.245849609375,-0.448333740234375,-723.0755004882812,189.6942138671875,X2,X2
5.556027860009749e-12,259.830078125,0.668731689453125,-678.6622314453125,259.161376953125,X2,X2
1.6897711674346283e-08,172.916259765625,-6.044647216796875,-715.1986083984375,178.96087646484375,X1,X2
7.552980463287895e-11,233.6512451171875,0.586273193359375,-694.1072998046875,233.06494140625,X2,X2
3.588487018646447e-08,172.747802734375,1.318267822265625,-731.625244140625,171.42950439453125,X2,X2
1.3570650381211635e-08,175.971435546875,-5.18212890625,-711.4161987304688,181.153564453125,X1,X2
3.6399796510266924e-09,196.447509765625,2.1346435546875,-698.5734252929688,194.3128662109375,X2,X2
7.681990155106178e-09,188.978759765625,2.134918212890625,-708.9957885742188,186.8438720703125,X2,X2
1.4314911922497231e-08,180.515869140625,-0.103759765625,-703.9933471679688,180.61962890625,X2,X2
1.0715347879830528e-11,247.737060546875,-4.856353759765625,-699.17626953125,252.59344482421875,X1,X2
1.338501753878063e-09,204.5908203125,0.273681640625,-714.98974609375,204.317138671875,X2,X2
1.0705746262829052e-06,135.7786865234375,-1.694488525390625,-739.493896484375,137.47314453125,X2,X2
1.0603340427906005e-08,176.6456298828125,-6.97528076171875,-717.4801635742188,183.6209716796875,X1,X2
1.5577985082448897e-11,250.7047119140625,1.853057861328125,-684.6173095703125,248.85162353515625,X2,X2
3.453570514011517e-07,147.92529296875,-0.861602783203125,-702.30712890625,148.786865234375,X2,X2
8.726915023959947e-12,249.112548828125,-5.53350830078125,-637.7680053710938,254.64608764648438,X1,X2
1.524961268373204e-10,225.7315673828125,-0.3072509765625,-689.2201538085938,226.038818359375,X2,X2
0.6931471824645996,0.0,0.0,-827.8052978515625,0.0,X2,X2
2.000386488398842e-11,248.20458984375,1.8536376953125,-689.0364379882812,246.3509521484375,X2,X2
3.1109058471617823e-12,259.9715576171875,-4.989501953125,-691.3396606445312,264.9610595703125,X1,X2
1.1179200620770047e-10,230.0711669921875,0.927337646484375,-662.9527587890625,229.143798828125,X2,X2
7.523944134391058e-09,186.471435546875,-0.580322265625,-713.3319091796875,187.0517578125,X2,X2
2.8658164730188673e-10,213.5794677734375,-6.1505126953125,-679.6246337890625,219.72998046875,X1,X2
5.6089366040623645e-08,167.202880859375,0.239654541015625,-706.3934326171875,166.96319580078125,X2,X2
3.7400235686213534e-11,242.424072265625,2.33062744140625,-707.1248779296875,240.09344482421875,X2,X2
1.2376260016822016e-09,200.8148193359375,-4.285888671875,-727.762451171875,205.1007080078125,X1,X2
8.488158786956745e-11,232.9012451171875,1.003631591796875,-726.697021484375,231.89764404296875,X2,X2
8.879091906166536e-10,208.9700927734375,0.548583984375,-754.4086303710938,208.4215087890625,X2,X2
2.8728639259179012e-11,244.42578125,1.69451904296875,-696.8065185546875,242.73126220703125,X2,X2
1.3062999466850744e-11,247.0389404296875,-3.57342529296875,-697.1943359375,250.61236572265625,X1,X2
3.9288974851281466e-11,242.781494140625,3.18072509765625,-679.183349609375,239.60076904296875,X2,X2
4.574868695678136e-12,262.6591796875,1.55474853515625,-685.607421875,261.10443115234375,X2,X2
5.9515118527864175e-12,250.91162109375,-7.5621337890625,-681.6340942382812,258.4737548828125,X1,X2
3.552790006633444e-10,218.320068359375,0.738922119140625,-712.6868286132812,217.5811767578125,X2,X2
3.3958023892832756e-11,241.5162353515625,0.457275390625,-690.3878784179688,241.0589599609375,X2,X2
6.0114990242665645e-12,253.0528564453125,-5.320648193359375,-672.827880859375,258.37347412109375,X1,X2
3.9593717193753264e-11,240.9820556640625,1.458526611328125,-688.597412109375,239.52349853515625,X2,X2
1.8674527202389157e-10,226.2322998046875,2.21954345703125,-698.7454833984375,224.01275634765625,X2,X2
2.1069578373666964e-11,244.92138671875,-0.9105224609375,-688.7265014648438,245.8319091796875,X2,X2
2.0507959219706606e-10,217.510986328125,-5.565216064453125,-697.9559326171875,223.07623291015625,X1,X2
3.182379360033849e-11,240.8541259765625,-0.853973388671875,-695.727294921875,241.70806884765625,X2,X2
6.71883992886535e-10,212.051025390625,0.8416748046875,-709.8297729492188,211.2093505859375,X2,X2
1.0308053022267671e-11,245.234619140625,-7.746368408203125,-710.3714599609375,252.98095703125,X1,X2
8.883605656651028e-12,256.189697265625,1.7215576171875,-677.4821166992188,254.4681396484375,X2,X2
2.1642449610226322e-08,175.2608642578125,-1.2252197265625,-726.7266845703125,176.486083984375,X2,X2
7.906232092624865e-12,248.6529541015625,-6.980743408203125,-635.8536987304688,255.63369750976562,X1,X2
4.0051615357583614e-09,195.8824462890625,2.525665283203125,-673.9215698242188,193.3568115234375,X2,X2
1.3942366150487828e-09,203.0364990234375,-0.872711181640625,-677.159912109375,203.9091796875,X2,X2
1.3041565223581575e-11,252.41802978515625,1.7891845703125,-671.0066528320312,250.6287841796875,X2,X2
6.121156359562008e-10,206.2501220703125,-5.890869140625,-719.9082641601562,212.1409912109375,X1,X2
1.3814551932944674e-11,252.2926025390625,2.239593505859375,-697.6123046875,250.052978515625,X2,X2
4.553403140650225e-11,238.708984375,0.583404541015625,-702.0585327148438,238.1256103515625,X2,X2
1.5993494723032242e-11,241.578857421875,-7.009552001953125,-691.209716796875,248.58837890625,X1,X2
4.4958359257663005e-10,216.0758056640625,0.84881591796875,-710.706298828125,215.22698974609375,X2,X2
7.808584334689783e-11,233.069091796875,0.336944580078125,-711.465087890625,232.73211669921875,X2,X2
6.825733121079702e-12,251.15234375,-5.95086669921875,-696.9503173828125,257.10321044921875,X1,X2
1.3242605518826167e-06,136.4122314453125,1.065643310546875,-740.5149536132812,135.3465576171875,X2,X2
3.649461843835411e-09,194.8463134765625,0.559417724609375,-706.21630859375,194.286865234375,X2,X2
4.9476811536663945e-11,237.536865234375,0.24169921875,-702.6754150390625,237.295166015625,X2,X2
6.72665811940476e-11,229.7335205078125,-4.490020751953125,-689.354736328125,234.22357177734375,X1,X2
4.230695238582882e-10,216.76318359375,0.9283447265625,-695.4492797851562,215.8348388671875,X2,X2
6.170000621530392e-10,212.6484375,0.58697509765625,-710.0596923828125,212.0615234375,X2,X2
1.9304204068593123e-11,239.9691162109375,-6.737884521484375,-715.8441162109375,246.70697021484375,X1,X2
5.600499619617949e-09,191.028076171875,1.023956298828125,-743.1788330078125,190.00408935546875,X2,X2
2.2711100361449965e-11,245.7978515625,0.716217041015625,-704.8152465820312,245.0816650390625,X2,X2
5.836187869784348e-12,255.2537841796875,-3.415618896484375,-707.399658203125,258.66943359375,X1,X2
1.3234906504067112e-09,203.5977783203125,-0.832183837890625,-736.6588134765625,204.429931640625,X2,X2
1.2246486810751911e-11,252.858154296875,1.600341796875,-720.1788330078125,251.2578125,X2,X2
8.125510220224896e-08,164.63720703125,1.3804931640625,-764.1815795898438,163.2567138671875,X2,X2
4.268765202430913e-11,232.6795654296875,-6.091522216796875,-720.6110229492188,238.7711181640625,X1,X2
7.557114258816e-07,143.0093994140625,2.0533447265625,-739.5966186523438,140.9560546875,X2,X2
3.156415753768904e-11,242.6907958984375,0.900848388671875,-665.392578125,241.78997802734375,X2,X2
1.189337961449155e-08,175.135986328125,-7.336822509765625,-715.84716796875,182.47283935546875,X1,X2
0.6931471824645996,0.0,0.0,-785.3704833984375,0.0,X2,X2
1.086556625923274e-11,253.9439697265625,1.48974609375,-683.56689453125,252.4542236328125,X2,X2
3.19971094064897e-09,187.118896484375,-8.48321533203125,-735.2552490234375,195.60205078125,X1,X2
4.900125305518088e-10,213.39990234375,-0.965972900390625,-717.256591796875,214.36590576171875,X2,X2
8.406915788516933e-12,257.7652587890625,2.74560546875,-685.500244140625,255.0196533203125,X2,X2
5.448275858244145e-11,237.8472900390625,1.515899658203125,-705.019287109375,236.33135986328125,X2,X2
9.882078879155931e-13,270.5958251953125,-5.8330078125,-686.4185180664062,276.4288330078125,X1,X2
7.131503720891885e-10,211.9598388671875,1.3465576171875,-716.8245849609375,210.61328125,X2,X2
5.6343134602343525e-09,190.5362548828125,0.59234619140625,-727.1617431640625,189.94390869140625,X2,X2
6.175540114006228e-12,254.4212646484375,-3.682952880859375,-689.4276123046875,258.104248046875,X1,X2
4.318064794617271e-10,219.7666015625,4.13616943359375,-711.566162109375,215.63043212890625,X2,X2
1.4431635886325012e-09,204.25244140625,0.68817138671875,-721.9759521484375,203.56427001953125,X2,X2
1.7592998169391194e-09,195.787109375,-5.79638671875,-725.65625,201.58349609375,X1,X2
1.4238821233192311e-09,204.4111328125,0.712310791015625,-713.191650390625,203.69879150390625,X2,X2
1.7197137935909268e-08,181.0982666015625,2.31304931640625,-721.4825439453125,178.78521728515625,X2,X2
9.93516735547928e-09,185.2666015625,0.994781494140625,-719.0863647460938,184.2718505859375,X2,X2
6.7421714912418995e-12,252.15069580078125,-5.07568359375,-656.1661376953125,257.22637939453125,X1,X2
3.5399634612520714e-11,242.693359375,2.05010986328125,-667.3185424804688,240.6431884765625,X2,X2
1.220373468946434e-09,206.553955078125,1.3128662109375,-745.0674438476562,205.2410888671875,X2,X2
9.495149892041477e-13,269.99041748046875,-6.83782958984375,-623.0116577148438,276.8282470703125,X1,X2
3.33209085323638e-11,244.3531494140625,3.104766845703125,-701.596435546875,241.24835205078125,X2,X2
4.049857671439838e-11,239.63818359375,0.340606689453125,-698.956298828125,239.29754638671875,X2,X2
5.082341665574308e-12,253.851318359375,-6.201171875,-695.391845703125,260.052490234375,X1,X2
7.270235524714508e-09,190.731689453125,3.3369140625,-725.765625,187.394775390625,X2,X2
0.6931471824645996,0.0,0.0,-821.684326171875,0.0,X2,X2
3.073058127411876e-11,245.828369140625,3.770782470703125,-697.4144287109375,242.0576171875,X2,X2
2.6571357961135966e-12,263.5738525390625,-2.9638671875,-668.95849609375,266.5377197265625,X1,X2
4.894390076515265e-05,99.24169921875,-0.00640869140625,-761.079833984375,99.24810791015625,X2,X2
1.854130781200891e-12,266.39111328125,-3.744903564453125,-673.5283203125,270.13604736328125,X1,X2
3.975753320312192e-12,264.0438232421875,1.5357666015625,-675.8096313476562,262.508056640625,X2,X2
1.0216234108684219e-11,255.8895263671875,2.81903076171875,-679.1881713867188,253.0704345703125,X2,X2
4.236722951633798e-12,256.5595703125,-5.312744140625,-684.44970703125,261.872314453125,X1,X2
3.7804807895280845e-11,241.4443359375,1.458465576171875,-704.5203857421875,239.98583984375,X2,X2
2.2842080657503594e-11,247.651611328125,2.62750244140625,-691.1043701171875,245.024169921875,X2,X2
4.056222024928502e-10,218.5887451171875,2.332763671875,-715.0841064453125,216.2559814453125,X2,X2
1.0310544735700478e-12,270.5859375,-5.418487548828125,-679.7261962890625,276.00439453125,X1,X2
5.890991167101234e-11,236.4281005859375,0.87799072265625,-693.146240234375,235.55010986328125,X2,X2
7.238373095352912e-12,257.6298828125,1.1136474609375,-706.1107788085938,256.5162353515625,X2,X2
5.1686949859020004e-11,231.668701171875,-5.189453125,-709.1240844726562,236.858154296875,X1,X2
1.1926088372068988e-12,277.4727783203125,2.92401123046875,-688.51416015625,274.54876708984375,X2,X2
0.6931471824645996,-0.62408447265625,-0.62408447265625,0.0,0.0,X1,X4
0.665032148361206,0.83233642578125,0.26190185546875,0.184295654296875,0.5704345703125,X1,X1
0.14411292970180511,16.9088134765625,-1.733551025390625,-12.419479370117188,18.642364501953125,X1,X4
0.21761365234851837,15.968048095703125,1.82550048828125,-45.04835510253906,14.142547607421875,X1,X1
0.01899503543972969,37.268096923828125,-2.272552490234375,-85.16543579101562,39.5406494140625,X1,X4
0.0005832745810039341,75.1649169921875,0.699310302734375,-113.85395812988281,74.46560668945312,X1,X4
0.03112218528985977,26.2586669921875,-8.283660888671875,-156.00233459472656,34.542327880859375,X2,X4
1.7541768550872803,-15.0509033203125,0.59075927734375,-143.20773315429688,-15.64166259765625,X1,X1
0.00533007737249136,45.88873291015625,-6.428497314453125,-205.8201446533203,52.317230224609375,X2,X4
0.18222270905971527,18.208099365234375,2.1077880859375,-145.6695098876953,16.100311279296875,X1,X1
0.15761980414390564,-9.5162353515625,-27.1934814453125,-183.77142333984375,17.67724609375,X2,X1
7.488059997558594,-76.03668212890625,-1.16168212890625,-191.105712890625,-74.875,X4,X1
0.010295788757503033,20.3511962890625,-25.35748291015625,-207.71109008789062,45.70867919921875,X2,X1
7.703667640686035,-63.28997802734375,13.7421875,-236.04159545898438,-77.03216552734375,X2,X2
0.0506710521876812,27.24725341796875,-2.32232666015625,-287.17578125,29.569580078125,X2,X1
4.726511478424072,-35.098388671875,12.0777587890625,-308.84246826171875,-47.1761474609375,X2,X2
0.6790151000022888,13.3759765625,13.09130859375,-336.7712707519531,0.28466796875,X2,X2
0.6931471824645996,0.0,0.0,-410.29644775390625,0.0,X2,X2
0.6931471824645996,0.0,0.0,-451.2823181152344,0.0,X2,X2
0.0028953419532626867,68.5936279296875,10.161590576171875,-448.96929931640625,58.432037353515625,X2,X2
1.6091913494165055e-05,127.4754638671875,17.103607177734375,-536.0733642578125,110.37185668945312,X2,X2
0.00010467414540471509,112.67474365234375,21.0286865234375,-677.8294677734375,91.64605712890625,X2,X2
5.5801652187881245e-09,202.4798583984375,12.43939208984375,-705.7442626953125,190.04046630859375,X2,X2
2.551222471128267e-12,281.12091064453125,14.176422119140625,-591.6268310546875,266.9444885253906,X2,X2
1.8098330993587819e-12,284.1697998046875,13.7919921875,-932.2783203125,270.37786865234375,X2,X2
0.005482617300003767,74.0341796875,21.99993896484375,-1138.17626953125,52.0343017578125,X1,X2
8.455831521092527e-13,292.8369140625,14.849395751953125,-960.4710693359375,277.98748779296875,X2,X2
1.5232201611148355e-10,239.915283203125,13.865020751953125,-923.4833984375,226.05023193359375,X2,X2
5.19400238374601e-08,177.9049072265625,10.17315673828125,-920.681640625,167.73175048828125,X2,X2
5.2074396080570295e-05,123.39404296875,24.76593017578125,-922.2078857421875,98.62811279296875,X1,X2
0.0011311443522572517,81.084716796875,13.2451171875,-961.2752075195312,67.839599609375,X2,X2
1.6528156265849248e-05,123.2666015625,13.1622314453125,-1174.568603515625,110.1043701171875,X2,X2
1.564018106137155e-07,181.756591796875,25.0482177734375,-1386.409912109375,156.7083740234375,X1,X2
1.7156110976301875e-09,216.0234375,14.18853759765625,-1510.906982421875,201.8349609375,X2,X2
3.864138307108078e-06,147.7894287109375,23.151763916015625,-1572.1240234375,124.6376953125,X1,X2
4.3610714783426374e-05,114.422119140625,14.020233154296875,-1526.4083251953125,100.40185546875,X2,X2
9.162456393596585e-08,176.4599609375,14.404266357421875,-1674.7210693359375,162.0556640625,X2,X2
5.6277649207459035e-08,180.830810546875,13.90118408203125,-1769.752197265625,166.9296875,X2,X2
1.592877015355043e-05,136.1767578125,25.703033447265625,-1944.7529296875,110.4737548828125,X1,X2
1.2228281320858514e-06,150.161376953125,14.017974853515625,-1793.136962890625,136.1434326171875,X2,X2
5.459025942400331e-07,154.74267578125,10.534423828125,-1873.9510498046875,144.208251953125,X2,X2
4.912769782094983e-07,168.86767578125,23.605072021484375,-1960.039794921875,145.2625732421875,X1,X2
3.960486605336655e-09,206.91064453125,13.44171142578125,-2017.9942626953125,193.468994140625,X2,X2
4.0315040195082474e-09,204.7958984375,11.5047607421875,-2043.1329345703125,193.291259765625,X2,X2
1.4070680265376723e-07,183.6728515625,25.90716552734375,-2230.416015625,157.765869140625,X1,X2
4.1192416144752997e-10,230.662841796875,14.561065673828125,-2154.24951171875,216.101806640625,X2,X2
1.319753846473759e-05,121.63037109375,9.27557373046875,-2329.42724609375,112.354736328125,X2,X2
2.274813232361339e-05,131.74462890625,24.834625244140625,-2342.76806640625,106.91015625,X1,X2
2.8657591855107967e-08,187.037353515625,13.3590087890625,-2408.65771484375,173.678466796875,X2,X2
9.413093357579783e-05,88.1728515625,-4.534881591796875,-2419.86083984375,92.707763671875,X2,X2
1.8009803170571104e-05,141.720458984375,32.474609375,-2395.61181640625,109.245849609375,X1,X2
1.0545635475978088e-08,193.884765625,10.20928955078125,-2364.92822265625,183.675537109375,X2,X2
5.692029844794888e-06,135.52685546875,14.762481689453125,-2446.658203125,120.764404296875,X2,X2
4.815809688807349e-07,173.842041015625,28.380096435546875,-2466.196533203125,145.4619140625,X1,X2
0.6931471824645996,0.0,0.0,-2494.14404296875,0.0,X2,X2
2.5585162877206358e-09,208.7783203125,10.93988037109375,-2392.483642578125,197.83837890625,X2,X2
8.058959749535077e-11,246.837646484375,14.4210205078125,-2370.781494140625,232.41650390625,X2,X2
3.976881544076605e-07,174.44287109375,27.06683349609375,-2479.14892578125,147.3759765625,X1,X2
1.098634783147645e-08,198.66259765625,15.396575927734375,-2435.227783203125,183.26611328125,X2,X2
1.419489308318589e-07,170.902099609375,13.223968505859375,-2282.27294921875,157.677978515625,X2,X2
2.0877990891676745e-08,199.864501953125,23.0189208984375,-2317.72216796875,176.845703125,X1,X2
5.206325370821219e-10,228.02587890625,14.266021728515625,-2320.03515625,213.759765625,X2,X2
8.069861934245637e-08,177.61474609375,14.2891845703125,-2465.806640625,163.325439453125,X2,X2
1.1710911351769937e-08,207.707763671875,25.0802001953125,-2516.638916015625,182.62744140625,X1,X2
3.6182306040188905e-09,207.6328125,13.260009765625,-2433.1259765625,194.372802734375,X2,X2
7.107504862435832e-11,247.831298828125,14.15838623046875,-2452.421875,233.6728515625,X2,X2
5.986012796554974e-10,226.691650390625,14.32745361328125,-2405.469970703125,212.3642578125,X2,X2
1.0077740597580487e-07,182.90380859375,21.80035400390625,-2541.10107421875,161.103515625,X1,X2
1.5657087848452989e-09,217.397216796875,14.647918701171875,-2180.5068359375,202.749267578125,X2,X2
4.1431682973325223e-08,193.400390625,23.408203125,-2395.560302734375,169.9921875,X1,X2
2.0947812928717724e-10,237.355224609375,14.491302490234375,-2331.13623046875,222.864013671875,X2,X2
2.196920562136384e-10,236.3828125,13.994873046875,-2403.77587890625,222.387939453125,X2,X2
8.695853921381058e-07,162.936767578125,23.384124755859375,-2430.61767578125,139.552490234375,X1,X2
4.848816015368129e-09,205.660888671875,14.215545654296875,-2400.257568359375,191.4453125,X2,X2
8.22259309529727e-08,179.850830078125,16.712890625,-2516.681640625,163.137939453125,X2,X2
9.49331843003165e-06,143.035400390625,27.3863525390625,-2619.22314453125,115.649169921875,X1,X2
3.202981768701818e-10,232.04150390625,13.423980712890625,-2535.349365234375,218.61767578125,X2,X2
5.1679704959894934e-09,204.80859375,14.00079345703125,-2545.375,190.807861328125,X2,X2
3.2065244681689364e-08,196.061279296875,23.5064697265625,-2545.6064453125,172.554931640625,X1,X2
3.4376650859258007e-08,185.801025390625,13.941925048828125,-2376.070556640625,171.85888671875,X2,X2
2.3094010259683273e-08,200.566162109375,24.729339599609375,-2461.525390625,175.8369140625,X1,X2
1.0333581101917844e-08,208.538330078125,24.659820556640625,-2460.384765625,183.878662109375,X1,X2
5.166219096963687e-08,188.07861328125,20.293304443359375,-2455.7978515625,167.785400390625,X1,X2
9.798885314271644e-11,243.52490234375,13.063140869140625,-2412.20068359375,230.461669921875,X2,X2
4.120554175646163e-10,226.533935546875,10.435333251953125,-2416.593994140625,216.0986328125,X2,X2
5.220338827882642e-09,203.556396484375,12.849365234375,-2360.57666015625,190.70703125,X2,X2
3.0688789287580676e-09,209.426513671875,13.406951904296875,-2460.36181640625,196.01953125,X2,X2
1.594022336348644e-08,195.012451171875,15.468048095703125,-2629.59033203125,179.544189453125,X2,X2
3.1987845261483017e-08,187.31982421875,14.740692138671875,-2551.2470703125,172.5791015625,X2,X2
0.6931471824645996,0.0,0.0,-2674.69970703125,0.0,X2,X2
7.82552148081983e-11,246.189697265625,13.4793701171875,-2603.13330078125,232.71044921875,X2,X2
5.299456162788374e-08,189.64794921875,22.117340087890625,-2431.61669921875,167.53076171875,X1,X2
1.5847059220419624e-09,217.478515625,14.849853515625,-2512.3017578125,202.628662109375,X2,X2
7.208586794149596e-07,150.486328125,9.058074951171875,-2480.80126953125,141.42822265625,X2,X2
2.8455342526712e-09,206.546875,9.771881103515625,-2500.2138671875,196.775146484375,X2,X2
1.7791290218838185e-08,206.541748046875,28.09619140625,-2564.02099609375,178.445556640625,X1,X2
5.044034287471355e-11,248.54345703125,11.44122314453125,-2534.9111328125,237.102294921875,X2,X2
9.543010826007503e-09,194.48583984375,9.811248779296875,-2461.75,184.674560546875,X2,X2
2.7269128622720018e-05,128.396484375,23.299224853515625,-2602.25537109375,105.097412109375,X1,X2
5.463243191172751e-10,227.190673828125,13.9127197265625,-2488.4453125,213.278076171875,X2,X2
5.923528334506045e-08,178.248291015625,11.83087158203125,-2582.134521484375,166.41748046875,X2,X2
3.79378761863336e-05,128.6943359375,26.89874267578125,-2633.218017578125,101.79541015625,X1,X2
3.7735903291036266e-09,204.90380859375,10.95135498046875,-2696.95703125,193.952392578125,X2,X2
0.6931471824645996,0.0,0.0,-2776.645263671875,0.0,X2,X2
5.6026713934898e-08,176.606689453125,9.632415771484375,-2582.83740234375,166.974365234375,X2,X2
5.577132977663268e-09,212.550048828125,22.504180908203125,-2412.85205078125,190.0458984375,X1,X2
2.687461808648095e-09,211.41552734375,14.068695068359375,-2157.654296875,197.3466796875,X2,X2
4.825547517128825e-09,208.098876953125,16.60546875,-2351.59326171875,191.493408203125,X2,X2
1.270770377814756e-09,229.737060546875,24.900482177734375,-2418.178466796875,204.83642578125,X1,X2
3.2075320177682443e-09,210.098876953125,14.5211181640625,-2535.28662109375,195.57763671875,X2,X2
4.665200170617112e-11,252.62158203125,14.73846435546875,-2476.62109375,237.883056640625,X2,X2
1.1523407783542439e-09,232.00390625,26.18939208984375,-2476.99560546875,205.814697265625,X1,X2
8.497725502820686e-06,130.720703125,13.9637451171875,-2433.19873046875,116.757080078125,X2,X2
8.869089924701257e-07,152.11767578125,12.762451171875,-2426.68603515625,139.355224609375,X2,X2
2.7440250960353296e-08,187.09033203125,12.97772216796875,-2400.80615234375,174.112548828125,X2,X2
1.0975126940593327e-07,181.434326171875,21.183990478515625,-2426.030029296875,160.25048828125,X1,X2
1.827919220431795e-07,159.8037109375,4.6546630859375,-2479.95458984375,155.149169921875,X2,X2
2.132821030897958e-09,212.810302734375,13.1522216796875,-2468.36279296875,199.658203125,X2,X2
1.6328928487130412e-10,249.90576171875,24.551025390625,-2341.814208984375,225.35498046875,X1,X2
4.9521799994067806e-09,206.876220703125,15.641754150390625,-2438.504638671875,191.234375,X2,X2
2.446297608926784e-10,245.6298828125,24.3170166015625,-2504.20166015625,221.312744140625,X1,X2
1.6236691158244554e-10,238.4833984375,13.071990966796875,-2433.307861328125,225.41162109375,X2,X2
5.64454580853635e-08,177.99609375,11.0963134765625,-2530.8466796875,166.89990234375,X2,X2
1.3103713669693207e-09,216.06884765625,11.5394287109375,-2636.14794921875,204.529541015625,X2,X2
7.444494372066401e-07,162.328857421875,21.2227783203125,-2604.14111328125,141.106201171875,X1,X2
4.159176114626462e-09,204.397705078125,11.418121337890625,-2580.96240234375,192.9794921875,X2,X2
1.5379019169259323e-09,216.254638671875,13.32623291015625,-2425.11669921875,202.928466796875,X2,X2
6.726635914944268e-10,236.88720703125,25.6893310546875,-2242.7216796875,211.19775390625,X1,X2
2.3162343154581322e-08,192.2802734375,16.47283935546875,-2416.9013671875,175.807373046875,X2,X2
9.895070318677313e-10,232.5439453125,25.205963134765625,-2600.091796875,207.338134765625,X1,X2
1.9190968814086773e-09,213.32666015625,12.612579345703125,-2547.34765625,200.714111328125,X2,X2
4.4684887257062655e-07,164.35107421875,18.1407470703125,-2662.475341796875,146.21044921875,X2,X2
1.3796731812565355e-10,250.726806640625,23.686859130859375,-2533.94091796875,227.0400390625,X1,X2
2.5272803294562607e-10,234.0888671875,13.101898193359375,-2531.19873046875,220.987060546875,X2,X2
1.3049408775778204e-10,241.5634765625,13.966644287109375,-2479.447265625,227.596923828125,X2,X2
8.213524860245514e-10,235.627197265625,26.426544189453125,-2511.81494140625,209.20068359375,X1,X2
5.809219771890639e-09,202.702392578125,13.06427001953125,-2470.49951171875,189.63818359375,X2,X2
1.436853267478e-07,171.26953125,13.713134765625,-2486.537109375,157.556396484375,X2,X2
7.738531482281985e-10,235.477294921875,25.68115234375,-2487.050048828125,209.79638671875,X1,X2
4.079026005854303e-09,206.069580078125,12.895660400390625,-2495.3642578125,193.174072265625,X2,X2
9.132721245919129e-09,198.510986328125,13.397064208984375,-2475.91162109375,185.114013671875,X2,X2
0.6931471824645996,0.0,0.0,-2576.49609375,0.0,X2,X2
4.682921428411646e-08,192.208740234375,23.44134521484375,-2492.1181640625,168.767578125,X1,X2
9.227077768514391e-09,196.959716796875,11.948516845703125,-2536.46337890625,185.01123046875,X2,X2
6.708141597755457e-08,177.171875,11.998138427734375,-2453.248046875,165.173583984375,X2,X2
8.449499944163108e-08,187.739990234375,24.8741455078125,-2554.297607421875,162.86572265625,X1,X2
1.0202734657127621e-08,197.37646484375,13.370269775390625,-2481.6884765625,184.006103515625,X2,X2
2.6979800615833938e-09,210.8857421875,13.57806396484375,-2467.292724609375,197.3076171875,X2,X2
2.8251770367582196e-10,242.93798828125,23.065185546875,-2463.93017578125,219.872802734375,X1,X2
2.5378021906163895e-09,210.4248046875,12.504974365234375,-2508.12353515625,197.919677734375,X2,X2
7.21977616580105e-11,249.3134765625,15.797454833984375,-2320.599853515625,233.51611328125,X2,X2
5.482332296469217e-11,248.15087890625,11.8818359375,-2465.32763671875,236.26904296875,X2,X2
3.9490075209869246e-08,197.931640625,27.45947265625,-2473.967529296875,170.47216796875,X1,X2
1.196932064573275e-08,196.6083984375,14.1993408203125,-2485.93994140625,182.4091796875,X2,X2
8.053897104787211e-09,197.6484375,11.27728271484375,-2542.791259765625,186.37109375,X2,X2
4.475809419091092e-06,138.419677734375,15.251556396484375,-2596.953125,123.168212890625,X1,X2
3.1673121014819117e-08,181.980712890625,9.302581787109375,-2525.4658203125,172.677978515625,X2,X2
6.494775561805e-08,174.179443359375,8.682586669921875,-2615.15234375,165.496826171875,X2,X2
2.027323198205977e-08,200.707275390625,23.5675048828125,-2579.82666015625,177.1396484375,X1,X2
6.748675507317614e-10,221.454833984375,10.28997802734375,-2487.761962890625,211.1650390625,X2,X2
4.81916867522969e-11,252.22119140625,14.66265869140625,-2267.794921875,237.558349609375,X2,X2
2.214631603103534e-11,258.193359375,12.85986328125,-2395.559814453125,245.33349609375,X2,X2
2.2970192414817348e-10,242.68359375,20.7412109375,-2496.230224609375,221.9423828125,X1,X2
2.3127121745458723e-11,258.86181640625,13.961669921875,-2419.89013671875,244.900146484375,X2,X2
3.780762508620583e-11,254.8720703125,14.8870849609375,-2454.4423828125,239.985107421875,X2,X2
3.99214457047492e-08,193.431640625,23.068206787109375,-2485.02587890625,170.363525390625,X1,X2
2.7151536574621105e-10,236.06884765625,15.79876708984375,-2481.682861328125,220.27001953125,X2,X2
2.2303669328094244e-11,259.68701171875,14.42437744140625,-2518.904296875,245.2626953125,X2,X2
6.260255508427903e-11,255.173828125,20.231903076171875,-2536.44970703125,234.942138671875,X1,X2
2.5227134617389346e-11,254.9697265625,10.93890380859375,-2532.2978515625,244.031005859375,X2,X2
7.835079807172463e-11,246.660888671875,13.96246337890625,-2452.3271484375,232.6982421875,X2,X2
9.61713708669265e-10,219.63818359375,12.01519775390625,-2472.25244140625,207.623046875,X2,X2
9.445868531798851e-10,229.620849609375,21.81817626953125,-2539.411865234375,207.802734375,X1,X2
2.5120888702545585e-10,235.5810546875,14.53363037109375,-2466.042724609375,221.04736328125,X2,X2
2.725238437695232e-11,252.302490234375,9.043731689453125,-2522.156982421875,243.2587890625,X2,X2
9.942561440823283e-09,212.0068359375,27.742431640625,-2503.28125,184.264404296875,X1,X2
1.3468875320610252e-11,263.8583984375,13.5521240234375,-2507.791015625,250.306396484375,X2,X2
7.583504491037729e-09,202.388916015625,15.4158935546875,-2441.95751953125,186.972900390625,X2,X2
4.1948874240915757e-07,171.63671875,24.79449462890625,-2382.8720703125,146.84228515625,X1,X2
1.0818072132545709e-10,245.16162109375,15.68939208984375,-2288.896728515625,229.47216796875,X2,X2
5.237157929549596e-11,245.6064453125,8.8797607421875,-2329.988525390625,236.7265625,X2,X2
0.6931471824645996,0.0,0.0,-2551.217041015625,0.0,X2,X2
3.8575290517428584e-08,196.850830078125,26.14422607421875,-2443.996337890625,170.70654296875,X1,X2
4.894097974106337e-11,248.8046875,11.400482177734375,-2436.009765625,237.404052734375,X2,X2
2.0113822066236686e-11,260.7587890625,14.4625244140625,-2439.20166015625,246.296142578125,X2,X2
3.506472889824863e-10,238.642822265625,20.930450439453125,-2543.53369140625,217.71240234375,X1,X2
4.975677092566855e-10,227.088623046875,12.875885009765625,-2550.73046875,214.212890625,X2,X2
3.596546671591483e-11,254.23828125,13.75372314453125,-2581.86572265625,240.484619140625,X2,X2
1.4101549927758583e-09,229.098876953125,25.30340576171875,-2615.51318359375,203.795654296875,X1,X2
2.3329015802486808e-11,256.684326171875,11.87115478515625,-2613.61083984375,244.813232421875,X2,X2
3.610402018239256e-06,142.4521484375,17.1353759765625,-2764.469482421875,125.31689453125,X2,X2
3.6307834516691173e-10,243.80419921875,26.4400634765625,-2583.146484375,217.364013671875,X1,X2
2.1679807254981753e-11,258.2607421875,12.714324951171875,-2555.116455078125,245.54638671875,X2,X2
5.140125131086748e-11,251.3740234375,14.4605712890625,-2607.575439453125,236.91357421875,X2,X2
3.295792527779895e-10,241.625244140625,23.293212890625,-2651.7841796875,218.33203125,X1,X2
2.781452623779046e-09,207.5986328125,10.595458984375,-2560.3857421875,197.0029296875,X2,X2
3.112017588069449e-11,251.180419921875,9.2486572265625,-2646.197998046875,241.931640625,X2,X2
3.035127704720253e-09,220.4267578125,24.296600341796875,-2685.7353515625,196.130126953125,X1,X2
1.044286768170366e-09,221.244140625,14.444854736328125,-2637.279296875,206.79931640625,X2,X2
1.1207083178144117e-10,241.52783203125,12.408935546875,-2616.01025390625,229.118896484375,X2,X2
1.6885088813256566e-11,260.8017578125,12.755828857421875,-2537.685302734375,248.0458984375,X2,X2
2.404487026153035e-11,269.435302734375,24.924407958984375,-2394.89306640625,244.510986328125,X1,X2
0.6931471824645996,0.0,0.0,-2572.576904296875,0.0,X2,X2
1.8252347411262804e-09,217.17529296875,15.95977783203125,-2491.94873046875,201.215576171875,X2,X2
2.2078285380477958e-11,267.64208984375,22.277862548828125,-2359.20263671875,245.3642578125,X1,X2
0.6931471824645996,0.0,0.0,-2611.74951171875,0.0,X2,X2
1.0562837410299508e-10,256.45849609375,26.7476806640625,-2467.619384765625,229.7109375,X1,X2
2.110032371049897e-09,213.4404296875,13.674835205078125,-2545.85986328125,199.765625,X2,X2
3.245106183769053e-09,208.879638671875,13.41839599609375,-2544.58935546875,195.461181640625,X2,X2
1.1335599126027773e-10,239.332763671875,10.327850341796875,-2592.87060546875,229.0048828125,X2,X2
7.52098439082971e-10,235.952880859375,25.871368408203125,-2544.39794921875,210.08154296875,X1,X2
9.579839699291881e-11,244.7333984375,14.0455322265625,-2594.6240234375,230.687744140625,X2,X2
6.558630305519841e-10,224.6015625,13.151031494140625,-2574.986083984375,211.45068359375,X2,X2
1.8476439822556756e-10,247.321533203125,23.202117919921875,-2522.49365234375,224.119384765625,X1,X2
9.989531868370705e-09,202.175048828125,17.957916259765625,-2567.720947265625,184.21728515625,X2,X2
0.6931471824645996,0.0,0.0,-2632.2978515625,0.0,X2,X2
9.701313086196706e-10,229.931884765625,22.39605712890625,-2488.060546875,207.535888671875,X1,X2
5.621560994484298e-09,199.6318359375,9.665313720703125,-2523.1357421875,189.966552734375,X2,X2
1.0585016370356914e-11,265.066650390625,12.350830078125,-2486.98388671875,252.7158203125,X2,X2
9.440105364078022e-10,219.60595703125,11.79718017578125,-2530.5712890625,207.808837890625,X2,X2
7.857712258640959e-10,230.48828125,20.8447265625,-2447.58203125,209.6435546875,X1,X2
9.445589276013688e-12,266.403076171875,12.5484619140625,-2481.7275390625,253.854736328125,X2,X2
2.0098283926017757e-08,191.528076171875,14.30181884765625,-2454.99755859375,177.226318359375,X2,X2
9.150780688749194e-10,231.07421875,22.954071044921875,-2527.391845703125,208.1201171875,X1,X2
5.4273353172762384e-11,251.211181640625,14.8411865234375,-2554.9853515625,236.369873046875,X2,X2
2.2540326938269573e-08,192.530029296875,16.4503173828125,-2644.469482421875,176.07958984375,X2,X2
1.8472846863293313e-10,250.579833984375,26.45855712890625,-2523.431640625,224.121337890625,X1,X2
1.1530443266849488e-09,222.773681640625,16.96533203125,-2532.26953125,205.80859375,X2,X2
1.0980905421065223e-11,264.30322265625,11.954498291015625,-2586.4736328125,252.3486328125,X2,X2
1.149951911472158e-09,218.599853515625,12.7646484375,-2603.854248046875,205.83544921875,X2,X2
4.987243062970492e-09,214.589111328125,23.42510986328125,-2678.80517578125,191.163818359375,X1,X2
6.203244584668255e-09,198.697021484375,9.715179443359375,-2633.50927734375,188.98193359375,X2,X2
8.076282698166182e-12,268.766845703125,13.345947265625,-2661.038330078125,255.4208984375,X2,X2
1.3446275204387348e-09,230.032958984375,25.76153564453125,-2672.994873046875,204.271484375,X1,X2
7.495642995181129e-12,269.818603515625,13.651763916015625,-2597.8017578125,256.1669921875,X2,X2
1.4458457001098601e-11,263.013671875,13.416229248046875,-2601.08935546875,249.597412109375,X2,X2
5.924223334119461e-10,235.904296875,23.436309814453125,-2509.71630859375,212.468017578125,X1,X2
4.813226041733287e-06,138.00537109375,15.56396484375,-2474.907470703125,122.44140625,X2,X2
2.0181186582979294e-11,260.090087890625,13.827301025390625,-2570.404052734375,246.2626953125,X2,X2
3.803067236129998e-11,252.95361328125,13.027374267578125,-2382.07470703125,239.92626953125,X2,X2
1.0370740710641257e-08,195.72216796875,11.87945556640625,-2618.748046875,183.8427734375,X2,X2
2.9688707048336482e-09,211.656005859375,15.305145263671875,-2508.46875,196.350830078125,X2,X2
7.570691989977618e-11,248.480224609375,15.438751220703125,-2477.118896484375,233.04150390625,X2,X2
0.6931471824645996,0.0,0.0,-2583.573974609375,0.0,X2,X2
6.525091023057428e-10,224.617919921875,13.116058349609375,-2477.728515625,211.501953125,X2,X2
0.6931471824645996,0.0,0.0,-2664.880615234375,0.0,X2,X2
4.633983474722214e-11,253.181640625,15.231414794921875,-2459.359619140625,237.9501953125,X2,X2
1.2210661301526038e-11,264.448486328125,13.1614990234375,-2464.478515625,251.287109375,X2,X2
6.358667498790327e-12,271.042236328125,13.2303466796875,-2470.0849609375,257.81201171875,X2,X2
1.6815308256923345e-08,192.048828125,13.0389404296875,-2471.759521484375,179.009765625,X2,X2
1.6186411933016842e-10,237.416015625,11.97332763671875,-2460.94091796875,225.442626953125,X2,X2
1.2212816313805774e-09,232.98193359375,27.748382568359375,-2438.0751953125,205.233642578125,X1,X2
4.414766469063025e-11,265.29931640625,26.864532470703125,-2441.94921875,238.434814453125,X1,X2
1.0304047892706336e-10,255.2763671875,25.317138671875,-2468.10400390625,229.958984375,X1,X2
2.690007591676924e-11,267.84228515625,24.4534912109375,-2422.07958984375,243.388916015625,X1,X2
1.4191381403350078e-08,203.51416015625,22.808013916015625,-2441.03466796875,180.706298828125,X1,X2
1.5786490337177383e-08,192.072265625,12.43121337890625,-2328.639892578125,179.64111328125,X2,X2
9.511758568281348e-12,276.380615234375,22.595611572265625,-2349.86279296875,253.784912109375,X1,X2
2.6797326579952596e-09,214.403076171875,17.027679443359375,-2569.20263671875,197.37548828125,X2,X2
1.417377717416457e-07,166.3291015625,8.6363525390625,-2610.505126953125,157.69287109375,X2,X2
6.926431650455811e-11,256.042724609375,22.11163330078125,-2459.13134765625,233.930908203125,X1,X2
0.6931471824645996,0.0,0.0,-2619.537841796875,0.0,X2,X2
0.6931471824645996,0.0,0.0,-2627.22216796875,0.0,X2,X2
4.5109790902664315e-10,241.136474609375,25.94317626953125,-2405.845458984375,215.193359375,X1,X2
8.683214737514877e-12,268.3037109375,13.60736083984375,-2568.71533203125,254.6962890625,X2,X2
6.629267881169687e-12,270.435546875,13.0404052734375,-2419.04052734375,257.395263671875,X2,X2
3.194152234375913e-11,267.374755859375,25.703704833984375,-2394.2880859375,241.671142578125,X1,X2
2.5699584821348154e-11,257.537841796875,13.692413330078125,-2455.0419921875,243.845458984375,X2,X2
1.3285325096978884e-11,266.3564453125,15.912933349609375,-2399.2353515625,250.443603515625,X2,X2
2.771154150593702e-08,184.620361328125,10.60638427734375,-2530.384033203125,174.01416015625,X2,X2
5.233466437992718e-10,234.204345703125,20.496673583984375,-2360.0029296875,213.707763671875,X1,X2
1.2673966764964462e-08,196.317626953125,14.48028564453125,-2565.4677734375,181.837158203125,X2,X2
1.6716501446967236e-11,261.322265625,13.176055908203125,-2483.32568359375,248.146240234375,X2,X2
1.398937493624075e-10,253.50537109375,26.603912353515625,-2482.9375,226.9013671875,X1,X2
2.375560859135817e-09,214.2626953125,15.68243408203125,-2516.18603515625,198.580322265625,X2,X2
1.3122533441822792e-11,264.888916015625,14.322021484375,-2426.50439453125,250.56689453125,X2,X2
3.1056428262399294e-11,265.71630859375,23.764251708984375,-2384.017333984375,241.9521484375,X1,X2
1.6384469336827578e-09,213.78564453125,11.49041748046875,-2570.40185546875,202.295166015625,X2,X2
1.2279449679297727e-10,239.890625,11.68548583984375,-2559.70458984375,228.205078125,X2,X2
1.7551804454285502e-09,214.13427734375,12.527252197265625,-2582.8984375,201.60693359375,X2,X2
1.6924757428871118e-10,249.249755859375,24.253082275390625,-2524.853271484375,224.99658203125,X1,X2
1.3331802675708992e-11,264.4072265625,13.99847412109375,-2470.465087890625,250.40869140625,X2,X2
7.977397586955703e-08,176.031982421875,12.59130859375,-2637.4638671875,163.440673828125,X2,X2
3.5621269822705415e-10,242.2021484375,24.647216796875,-2480.68115234375,217.554931640625,X1,X2
4.229613603801141e-10,238.54443359375,22.707061767578125,-2471.351806640625,215.83740234375,X1,X2
2.3171818630540741e-10,230.1015625,8.246429443359375,-2381.365234375,221.85498046875,X2,X2
5.580676365468662e-09,198.880126953125,8.8404541015625,-2566.0869140625,190.03955078125,X2,X2
1.9658552563583953e-09,213.8369140625,13.363555908203125,-2459.2802734375,200.473388671875,X2,X2
5.269733260870879e-11,252.18408203125,15.519561767578125,-2478.4716796875,236.66455078125,X2,X2
1.6849361905713067e-09,212.4677734375,10.45257568359375,-2541.67333984375,202.015380859375,X2,X2
9.379272114529158e-08,188.7412109375,26.919403076171875,-2332.58984375,161.82177734375,X1,X2
1.6165533356371498e-09,219.705810546875,17.27593994140625,-2471.41943359375,202.4296875,X2,X2
7.463871534718614e-12,269.663330078125,13.453826904296875,-2477.2392578125,256.20947265625,X2,X2
7.319873873701255e-11,255.6220703125,22.243804931640625,-2369.5595703125,233.37841796875,X1,X2
5.566664906808683e-09,202.02685546875,11.962249755859375,-2591.92138671875,190.064697265625,X2,X2
1.272823180187288e-08,196.9248046875,15.130401611328125,-2663.791259765625,181.79443359375,X2,X2
7.485974340415424e-11,258.643310546875,25.489288330078125,-2478.70166015625,233.154052734375,X1,X2
0.6931471824645996,0.0,0.0,-2665.117431640625,0.0,X2,X2
1.4286591909495883e-09,220.55126953125,16.885986328125,-2575.48388671875,203.665283203125,X2,X2
8.181651536820489e-12,269.447265625,14.15594482421875,-2585.7216796875,255.291259765625,X2,X2
7.520611355893436e-10,233.8896484375,23.8076171875,-2314.864990234375,210.08203125,X1,X2
6.099194393982543e-08,175.5595703125,9.43426513671875,-2557.84814453125,166.125244140625,X2,X2
2.1323531829153808e-09,213.178955078125,13.5185546875,-2578.767578125,199.660400390625,X2,X2
1.521910375501534e-10,251.364501953125,25.305633544921875,-2376.5185546875,226.058837890625,X1,X2
4.6359334149315146e-09,207.474609375,15.580474853515625,-2646.9755859375,191.894287109375,X2,X2
3.466147191488744e-08,197.602783203125,25.826263427734375,-2536.599609375,171.7763671875,X1,X2
8.810531748615347e-10,220.894287109375,12.3955078125,-2664.8466796875,208.4990234375,X2,X2
3.7509591786777374e-12,276.34765625,13.257720947265625,-2570.85546875,263.090087890625,X2,X2
1.6690185589141038e-07,168.568359375,12.50970458984375,-2611.202880859375,156.05859375,X2,X2
2.133300966988827e-07,172.382080078125,18.7779541015625,-2609.19970703125,153.604248046875,X1,X2
0.6931471824645996,0.0,0.0,-2741.666748046875,0.0,X2,X2
2.0343564610669773e-09,211.796875,11.66583251953125,-2591.59912109375,200.130859375,X2,X2
2.1486982332286075e-11,270.090576171875,24.4549560546875,-2521.044189453125,245.6357421875,X1,X2
2.6982962739174887e-11,253.51708984375,10.158935546875,-2619.935546875,243.358154296875,X2,X2
1.3128317009891699e-11,264.434814453125,13.8720703125,-2343.49951171875,250.5625,X2,X2
8.28663304641708e-10,232.55908203125,23.446868896484375,-2232.8837890625,209.112060546875,X1,X2
5.556481497137611e-09,203.7080078125,13.625152587890625,-2448.111083984375,190.0830078125,X2,X2
1.007593869450929e-10,240.65283203125,10.47003173828125,-2357.41650390625,230.182861328125,X2,X2
1.5556044299924743e-11,262.89990234375,14.0340576171875,-2453.035400390625,248.86572265625,X2,X2
1.3441653345935833e-10,250.665283203125,23.364654541015625,-2442.120361328125,227.30078125,X1,X2
1.3657618438966956e-11,263.829345703125,13.6619873046875,-2523.6767578125,250.167236328125,X2,X2
6.900613414018153e-11,257.01318359375,23.044891357421875,-2585.21240234375,233.96826171875,X1,X2
1.9945574705748648e-11,258.207275390625,11.8272705078125,-2464.7197265625,246.380126953125,X2,X2
1.1954631728983145e-11,266.47021484375,14.970947265625,-2552.5888671875,251.4990234375,X2,X2
2.404427525137809e-11,269.0400390625,24.52862548828125,-2418.743408203125,244.51123046875,X1,X2
2.3767347556713503e-07,164.104736328125,11.580902099609375,-2567.54296875,152.523681640625,X2,X2
1.477822551831931e-11,264.107421875,14.728759765625,-2642.29833984375,249.378662109375,X2,X2
5.259593871542734e-10,225.22412109375,11.5660400390625,-2503.47119140625,213.657958984375,X2,X2
1.4207264531496122e-10,245.7314453125,18.9844970703125,-2388.31591796875,226.746826171875,X1,X2
9.360971375826921e-08,173.001220703125,11.159759521484375,-2222.374267578125,161.84130859375,X2,X2
9.8627799260953e-09,198.506591796875,14.16168212890625,-2456.1474609375,184.344970703125,X2,X2
4.019590910120385e-11,264.6494140625,25.27691650390625,-2454.671630859375,239.37255859375,X1,X2
1.9071735510300947e-11,261.46044921875,14.632232666015625,-2506.56787109375,246.828125,X2,X2
7.277551503648283e-07,140.93212890625,-0.4007568359375,-2597.5107421875,141.3330078125,X2,X2
2.618928962583311e-10,244.158447265625,23.52752685546875,-2450.777099609375,220.630859375,X1,X2
3.263069814352093e-08,187.994384765625,15.614105224609375,-2597.404296875,172.380126953125,X2,X2
8.818282215550255e-10,218.464599609375,9.974395751953125,-2540.917724609375,208.490234375,X2,X2
1.4499468466155907e-11,261.409423828125,11.8404541015625,-2523.103515625,249.569091796875,X2,X2
1.7177491651310106e-09,223.335693359375,21.513214111328125,-2487.02685546875,201.822509765625,X1,X2
4.4044299457590697e-11,254.826171875,16.36798095703125,-2409.12451171875,238.458251953125,X2,X2
9.35658994727362e-10,218.228515625,10.330780029296875,-2428.134765625,207.897705078125,X2,X2
8.025780040554764e-11,251.40380859375,18.946075439453125,-2412.34716796875,232.457763671875,X1,X2
7.046856154158121e-11,244.16455078125,10.40594482421875,-2395.52294921875,233.758544921875,X2,X2
1.5013712300060433e-06,148.560791015625,14.469451904296875,-2388.876220703125,134.09130859375,X2,X2
1.8121363298817528e-09,225.39208984375,24.10455322265625,-2334.26708984375,201.28759765625,X1,X2
1.2108355207374188e-08,197.49951171875,15.20599365234375,-2434.02685546875,182.293701171875,X2,X2
6.8045573516084534e-12,270.138671875,13.004302978515625,-2480.4892578125,257.13427734375,X2,X2
1.709455493825729e-11,259.79150390625,11.868865966796875,-2257.09326171875,247.922607421875,X2,X2
1.1671769106769148e-09,225.683837890625,19.99713134765625,-2273.55126953125,205.686767578125,X1,X2
1.97407173940789e-10,235.326904296875,11.86944580078125,-2370.77392578125,223.45751953125,X2,X2
9.159948355375036e-10,222.8017578125,14.691619873046875,-2435.2841796875,208.110107421875,X2,X2
2.4977114126967237e-11,268.86669921875,24.735931396484375,-2508.9990234375,244.130615234375,X1,X2
1.0518064891273937e-10,239.015380859375,9.26214599609375,-2494.876708984375,229.75341796875,X2,X2
2.1477517681001146e-11,270.92724609375,25.2869873046875,-2580.126953125,245.64013671875,X1,X2
5.328911356627941e-08,183.7744140625,16.298980712890625,-2675.80517578125,167.475341796875,X2,X2
1.8581447491783365e-09,213.68408203125,12.64727783203125,-2674.25439453125,201.036865234375,X2,X2
2.549982269783868e-08,186.575927734375,11.73004150390625,-2591.28369140625,174.845947265625,X2,X2
2.098459427057886e-11,269.265625,23.393341064453125,-2551.7109375,245.872314453125,X1,X2
1.9702686704370365e-10,234.91455078125,11.437713623046875,-2428.291015625,223.476806640625,X2,X2
5.122203008967041e-12,272.946044921875,12.971588134765625,-2512.1787109375,259.974365234375,X2,X2
1.1269679633940655e-09,232.32421875,26.286895751953125,-2548.0693359375,206.037353515625,X1,X2
1.453422382446945e-10,235.657470703125,9.13836669921875,-2531.345703125,226.519287109375,X2,X2
0.6931471824645996,16.148895263671875,16.148895263671875,0.0,0.0,X2,X1
2.632556676864624,-48.286834716796875,-22.707366943359375,-11.367218017578125,-25.5794677734375,X1,X2
1.4528154134750366,10.77362060546875,22.63720703125,27.317352294921875,-11.86358642578125,X2,X1
1.1827223300933838,-36.478485107421875,-28.31048583984375,21.985153198242188,-8.167999267578125,X1,X2
0.6466246247291565,1.8470458984375,0.893890380859375,31.354873657226562,0.953155517578125,X2,X1
0.9122992157936096,13.448150634765625,17.436187744140625,33.76568603515625,-3.988037109375,X2,X1
0.2869308590888977,29.549530029296875,18.5333251953125,3.4470367431640625,11.016204833984375,X2,X2
4.90916109085083,-41.527374267578125,7.49017333984375,-29.054061889648438,-49.017547607421875,X2,X1
1.8270622491836548,-2.535888671875,13.98065185546875,-16.214385986328125,-16.51654052734375,X1,X1
0.7295137643814087,-2.96002197265625,-2.245452880859375,-5.7284088134765625,-0.714569091796875,X2,X2
0.3799378275871277,-41.3433837890625,-49.06109619140625,-5.038848876953125,7.71771240234375,X4,X2
0.10332902520895004,52.27008056640625,30.092803955078125,10.717269897460938,22.177276611328125,X2,X1
0.009550662711262703,73.90435791015625,27.440704345703125,-19.054611206054688,46.463653564453125,X2,X1
3.0124828815460205,-2.810699462890625,26.8099365234375,-10.380172729492188,-29.620635986328125,X2,X4
0.3732934296131134,41.81103515625,33.881591796875,-40.628509521484375,7.929443359375,X2,X4
0.7418426275253296,-16.675628662109375,-15.724334716796875,-70.54556274414062,-0.9512939453125,X2,X2
7.267739295959473,-83.62567138671875,-10.95526123046875,-127.128173828125,-72.67041015625,X1,X2
0.6956833600997925,-5.12713623046875,-5.07647705078125,-130.31689453125,-0.0506591796875,X2,X2
2.0614194869995117,0.0791015625,19.33197021484375,-151.20071411132812,-19.25286865234375,X2,X2
0.7075236439704895,-29.413818359375,-29.128326416015625,-171.14527893066406,-0.285491943359375,X1,X2
2.1093590259552,1.011474609375,20.811767578125,-215.30355834960938,-19.80029296875,X2,X2
0.335071861743927,1.26727294921875,-7.944732666015625,-148.6736297607422,9.212005615234375,X2,X2
1.3742287158966064,-0.27313232421875,10.551788330078125,-189.06858825683594,-10.824920654296875,X2,X2
0.0024444921873509884,46.74505615234375,-13.38189697265625,-186.26068115234375,60.126953125,X1,X2
0.6931471824645996,0.0,0.0,-264.95782470703125,0.0,X2,X2
1.8152679204940796,7.5216064453125,23.897430419921875,-369.8240966796875,-16.375823974609375,X2,X2
3.538568489602767e-05,87.3819580078125,-15.109893798828125,-357.62432861328125,102.49185180664062,X1,X2
0.7087454795837402,17.0584716796875,17.3680419921875,-412.60833740234375,-0.3095703125,X2,X2
0.35660406947135925,18.56610107421875,10.09075927734375,-439.5330810546875,8.475341796875,X2,X2
1.881051139207557e-05,106.94451904296875,-1.8663330078125,-421.4640197753906,108.81085205078125,X1,X2
0.1933266520500183,15.2176513671875,-0.23388671875,-488.7024230957031,15.4515380859375,X2,X2
0.1571398377418518,34.2060546875,16.495849609375,-559.7000122070312,17.710205078125,X2,X2
1.5323473689932143e-06,128.4049072265625,-5.482147216796875,-624.3638305664062,133.8870849609375,X1,X2
0.1045815572142601,36.768798828125,14.7183837890625,-820.222412109375,22.0504150390625,X2,X2
0.031716372817754745,43.1614990234375,8.811279296875,-970.6675415039062,34.3502197265625,X2,X2
8.422323816148491e-08,160.6551513671875,-2.242828369140625,-965.7479248046875,162.89794921875,X1,X2
0.01199108175933361,53.489013671875,9.31317138671875,-1091.25244140625,44.1759033203125,X2,X2
7.0893756856094114e-06,126.156982421875,7.587799072265625,-1140.7642822265625,118.569091796875,X2,X2
3.646501156584492e-11,213.9029541015625,-26.4437255859375,-1147.4130859375,240.3466796875,X1,X2
3.3889270980580477e-06,144.3431396484375,18.393280029296875,-1272.8238525390625,125.949951171875,X2,X2
0.0005461913533508778,73.9376220703125,-1.18505859375,-1367.870361328125,75.1226806640625,X2,X2
0.008656784892082214,54.24658203125,6.79583740234375,-1442.153564453125,47.4508056640625,X2,X2
1.7404621580757729e-13,289.349853515625,-4.44476318359375,-1353.614013671875,293.7945556640625,X1,X2
1.4605679155010876e-07,179.509033203125,22.116302490234375,-1430.3212890625,157.3927001953125,X2,X2
1.9884212054677164e-09,200.4388427734375,0.079559326171875,-1411.982421875,200.3592529296875,X2,X2
2.622756699321993e-11,239.809814453125,-3.832275390625,-1386.702880859375,243.64208984375,X1,X2
1.156690927928139e-06,153.3997802734375,16.7003173828125,-1444.5382080078125,136.699462890625,X2,X2
2.072132510022584e-08,194.715576171875,17.7945556640625,-1414.00634765625,176.9210205078125,X2,X2
2.0102909408740294e-13,290.30224609375,-2.05096435546875,-1364.5059814453125,292.353271484375,X1,X2
2.6505797556808375e-09,210.210205078125,12.725250244140625,-1410.22607421875,197.48486328125,X2,X2
4.125001140664608e-08,187.4267578125,17.3907470703125,-1413.229248046875,170.0361328125,X2,X2
0.0016637048684060574,68.6826171875,4.70379638671875,-1499.5101318359375,63.978759765625,X2,X2
7.306809281992034e-17,349.9393310546875,-21.61212158203125,-1396.38818359375,371.5513916015625,X1,X2
1.8914940724812368e-08,188.076171875,10.2430419921875,-1626.452392578125,177.8331298828125,X2,X2
1.4793334742954634e-12,275.0863037109375,2.6920166015625,-1525.2996826171875,272.394287109375,X2,X2
8.894901349222432e-15,319.916015625,-3.616973876953125,-1559.18603515625,323.532958984375,X1,X2
2.3421752384789052e-11,253.06494140625,8.2913818359375,-1616.849853515625,244.7735595703125,X2,X2
1.7243712235881503e-08,186.6859130859375,7.927703857421875,-1570.111572265625,178.7581787109375,X2,X2
4.0003357704293326e-17,365.97216796875,-11.603546142578125,-1496.0333251953125,377.57568359375,X1,X2
1.1570468194666006e-10,228.8319091796875,0.03216552734375,-1562.1170654296875,228.7998046875,X2,X2
1.9596173295166608e-10,230.829345703125,7.298370361328125,-1585.819091796875,223.531005859375,X2,X2
1.1171138666887792e-11,254.5982666015625,2.42144775390625,-1575.682861328125,252.1768798828125,X2,X2
9.425283019955872e-17,353.30615234375,-15.69940185546875,-1537.517822265625,369.0054931640625,X1,X2
4.130411290770297e-11,243.72998046875,4.629425048828125,-1598.3677978515625,239.1005859375,X2,X2
3.53253745699611e-11,260.90185546875,20.2376708984375,-1624.399658203125,240.6641845703125,X2,X2
3.11456291106452e-16,357.25,0.19732666015625,-1521.98828125,357.052734375,X1,X2
6.663282425822814e-11,257.192626953125,22.87445068359375,-1593.9189453125,234.3182373046875,X2,X2
9.010440171763889e-10,228.974853515625,20.700286865234375,-1633.5452880859375,208.274658203125,X2,X2
8.52533632153329e-17,354.8701171875,-15.138916015625,-1558.6751708984375,370.009033203125,X1,X2
4.2837972752396425e-11,241.9429931640625,3.20697021484375,-1658.10986328125,238.7359619140625,X2,X2
4.644103678008715e-12,283.8809814453125,22.9267578125,-1634.798828125,260.9542236328125,X2,X2
4.1405182060749723e-10,227.3134765625,11.263214111328125,-1629.3419189453125,216.05029296875,X2,X2
3.3684160383786734e-16,345.0174560546875,-11.251708984375,-1567.48828125,356.2691650390625,X1,X2
4.23414775463371e-11,256.654541015625,17.80206298828125,-1628.674072265625,238.8525390625,X2,X2
9.872300025657899e-17,367.7076416015625,-0.83453369140625,-1571.625,368.5421142578125,X1,X2
5.839567718268768e-10,233.1898193359375,20.577880859375,-1652.894775390625,212.6119384765625,X2,X2
5.875328842148628e-14,288.1461181640625,-16.50830078125,-1691.474853515625,304.654296875,X1,X2
0.6931471824645996,0.0,0.0,-1835.79541015625,0.0,X2,X2
5.83906645257315e-10,232.546142578125,19.933380126953125,-1748.2637939453125,212.61279296875,X2,X2
1.3922051012027481e-11,269.447998046875,19.472503662109375,-1796.249755859375,249.9754638671875,X2,X2
5.857160038369582e-17,352.0880126953125,-21.674835205078125,-1590.7080078125,373.7628173828125,X1,X2
6.198196903645092e-12,278.3140869140625,20.24652099609375,-1667.3309326171875,258.067626953125,X2,X2
1.7850499724192392e-12,291.3551025390625,20.83935546875,-1687.802001953125,270.5157470703125,X2,X2
1.1713811856970812e-16,342.7891845703125,-24.042572021484375,-1595.05419921875,366.831787109375,X1,X2
1.615468425697486e-09,226.216796875,23.780426025390625,-1663.85595703125,202.4364013671875,X2,X2
2.7951493550282258e-11,262.9443359375,19.93878173828125,-1679.968994140625,243.0054931640625,X2,X2
4.218698415776878e-13,274.289794921875,-10.65106201171875,-1634.550537109375,284.9407958984375,X1,X2
1.0454701687701018e-10,253.1214599609375,23.30767822265625,-1679.416748046875,229.8138427734375,X2,X2
3.292120048792313e-12,283.6827392578125,19.28790283203125,-1667.395751953125,264.3948974609375,X2,X2
0.6931471824645996,0.0,0.0,-1797.165771484375,0.0,X2,X2
1.1733508316433966e-13,275.5467529296875,-22.19061279296875,-1632.3115234375,297.7374267578125,X1,X2
6.257056678338202e-11,255.305419921875,20.3582763671875,-1676.952392578125,234.947265625,X2,X2
9.107401638397405e-11,252.19091796875,20.99749755859375,-1689.16845703125,231.1934814453125,X2,X2
4.315704864061177e-16,340.7095947265625,-13.08135986328125,-1666.604736328125,353.791015625,X1,X2
7.406072977111933e-11,251.650390625,18.389007568359375,-1643.49609375,233.2613525390625,X2,X2
0.6931471824645996,356.289794921875,356.289794921875,0.0,0.0,X1,X2
0.004311452154070139,321.703125,267.2598876953125,-49.14825439453125,54.4432373046875,X2,X2
6.156201948215312e-07,367.0299072265625,224.0235595703125,-151.180419921875,143.00634765625,X2,X2
4.781290030564378e-08,440.5654296875,272.0057373046875,-328.38177490234375,168.5596923828125,X2,X2
3.2512892378377956e-09,513.497802734375,318.0556640625,-448.9981689453125,195.442138671875,X1,X2
1.3150457789379288e-06,397.97607421875,262.5596923828125,-560.8088989257812,135.4163818359375,X2,X2
0.004014409147202969,399.583984375,344.4254150390625,-598.7566528320312,55.1585693359375,X1,X2
1.0945666595318926e-08,412.09521484375,228.7919921875,-512.224609375,183.30322265625,X2,X2
3.350002941715502e-08,445.272705078125,273.155517578125,-468.8359375,172.1171875,X2,X2
1.5795267871432372e-10,576.18212890625,350.494873046875,-399.8028564453125,225.687255859375,X1,X2
3.6882008558336565e-09,461.103515625,266.9222412109375,-331.54656982421875,194.1812744140625,X2,X2
4.74112127335502e-09,418.892578125,227.22265625,-313.584716796875,191.669921875,X2,X2
1.1659714971301582e-08,413.8505859375,231.1793212890625,-224.26373291015625,182.6712646484375,X2,X2
8.268350448759065e-10,542.0992431640625,332.965087890625,-199.61041259765625,209.1341552734375,X1,X2
3.7846797340534977e-07,430.693115234375,282.82177734375,-296.1160888671875,147.871337890625,X2,X2
9.934615263773594e-07,419.8251953125,281.6044921875,-256.409423828125,138.220703125,X2,X2
8.148631991389266e-09,491.055908203125,304.8017578125,-216.6536865234375,186.254150390625,X1,X2
2.922585917985998e-05,402.632080078125,298.2276611328125,-228.16473388671875,104.4044189453125,X2,X2
8.934924977666014e-08,499.45068359375,337.1435546875,-190.964599609375,162.30712890625,X1,X2
4.5889976263424614e-07,510.66455078125,364.72021484375,-195.779052734375,145.9443359375,X1,X2
5.212219207351154e-07,502.5830078125,357.912109375,-175.178466796875,144.6708984375,X1,X2
1.057314193531056e-06,492.4515380859375,354.853759765625,-167.38299560546875,137.5977783203125,X1,X2
4.846651222578657e-07,493.9329833984375,348.534912109375,-158.83392333984375,145.3980712890625,X1,X2
2.933075116118289e-08,391.532470703125,218.086181640625,-175.994873046875,173.4462890625,X1,X2
0.00033153986441902816,382.70751953125,302.591552734375,-135.0145263671875,80.115966796875,X2,X2
1.5062688873968e-07,548.4541015625,391.3695068359375,-130.89422607421875,157.0845947265625,X1,X2
0.05695047229528427,108.69970703125,80.330078125,-196.680908203125,28.36962890625,X2,X2
5.350879895421601e-12,597.683349609375,338.145751953125,-210.29052734375,259.53759765625,X1,X2
3.0574817344586336e-08,409.9150390625,236.8841552734375,-281.94647216796875,173.0308837890625,X2,X2
4.788718466902653e-12,587.142822265625,326.4952392578125,-275.33099365234375,260.6475830078125,X1,X2
6.99728346376105e-08,403.2109375,238.4593505859375,-322.54608154296875,164.7515869140625,X2,X2
2.3897912981851732e-08,424.5234375,249.0286865234375,-388.85443115234375,175.4947509765625,X2,X2
2.536951114961994e-06,375.129638671875,246.2841796875,-371.4063720703125,128.845458984375,X2,X2
8.241708201239817e-06,361.646484375,244.58349609375,-427.379638671875,117.06298828125,X2,X2
8.013142860363587e-07,348.583984375,208.2138671875,-460.588623046875,140.3701171875,X2,X2
5.077823743704357e-07,424.705078125,279.77294921875,-464.998046875,144.93212890625,X2,X2
0.6931471824645996,0.0,0.0,-517.7861328125,0.0,X2,X2
5.832422971252527e-07,402.282958984375,258.736328125,-482.9417724609375,143.546630859375,X2,X2
4.3665755811161944e-07,425.325439453125,278.88427734375,-526.9566650390625,146.441162109375,X2,X2
0.0004206656594760716,335.16162109375,257.427001953125,-538.1077880859375,77.734619140625,X2,X2
4.7146386350505054e-08,434.71240234375,266.0123291015625,-621.0764770507812,168.7000732421875,X2,X2
7.3908877311623655e-06,378.2978515625,260.145263671875,-666.0731201171875,118.152587890625,X2,X2
1.2169460887889727e-06,348.537109375,212.345458984375,-643.9964599609375,136.191650390625,X2,X2
9.010950634547044e-06,361.06494140625,244.894287109375,-669.2235107421875,116.170654296875,X2,X2
1.1140047995183977e-08,484.607177734375,301.47998046875,-661.5645751953125,183.127197265625,X2,X2
0.000220488291233778,297.23291015625,213.037353515625,-754.7757568359375,84.195556640625,X2,X2
2.405248551440309e-07,413.1865234375,260.7821044921875,-748.5092163085938,152.4044189453125,X2,X2
4.528568751993589e-06,366.02734375,242.976318359375,-810.5550537109375,123.051025390625,X2,X2
1.0370083680655284e-09,449.6318359375,242.7625732421875,-802.6698608398438,206.8692626953125,X2,X2
9.848139664869748e-12,614.37060546875,360.9332275390625,-773.6074829101562,253.4373779296875,X1,X2
5.281969492898497e-07,397.064453125,252.5264892578125,-841.6514282226562,144.5379638671875,X2,X2
4.0464951268220917e-13,501.33203125,215.9744873046875,-774.5333862304688,285.3575439453125,X2,X2
5.103294089398025e-12,525.292236328125,265.2808837890625,-813.3302612304688,260.0113525390625,X2,X2
1.3358438704161313e-13,653.63916015625,357.19873046875,-782.20361328125,296.4404296875,X1,X2
4.615501936200417e-08,404.66845703125,235.755859375,-895.34912109375,168.91259765625,X2,X2
2.0859540483808559e-10,453.8173828125,230.9111328125,-878.69287109375,222.90625,X2,X2
1.405396795033792e-13,628.0341796875,332.101318359375,-831.6907958984375,295.932861328125,X1,X2
8.79984227708519e-08,413.799560546875,251.340087890625,-891.014404296875,162.45947265625,X2,X2
1.4040700546669171e-10,459.915283203125,233.050537109375,-869.465576171875,226.86474609375,X2,X2
5.63449908952407e-08,419.383544921875,252.4658203125,-918.7257080078125,166.917724609375,X1,X2
3.2691416436136933e-06,305.05126953125,178.741455078125,-924.0303955078125,126.309814453125,X2,X2
1.3190432746057468e-08,440.58642578125,259.148681640625,-906.4241943359375,181.437744140625,X2,X2
7.881961749944821e-08,412.10009765625,248.5390625,-943.987548828125,163.56103515625,X2,X2
2.0786855987582967e-14,655.027587890625,339.9830322265625,-781.1857299804688,315.0445556640625,X1,X2
7.423387460292474e-10,437.67529296875,227.463134765625,-928.7879638671875,210.212158203125,X2,X2
2.8570509402314065e-14,676.205322265625,364.34130859375,-892.0894775390625,311.864013671875,X1,X2
3.938221482258086e-08,386.668701171875,216.169189453125,-949.453369140625,170.49951171875,X2,X2
4.0587057505018023e-14,681.138671875,372.785400390625,-879.7877197265625,308.353271484375,X1,X2
5.0132051288009905e-12,531.750244140625,271.560791015625,-900.5693359375,260.189453125,X2,X2
0.6931471824645996,0.0,0.0,-1048.620361328125,0.0,X2,X2
6.380438278413836e-12,526.71044921875,268.9326171875,-910.0859375,257.77783203125,X2,X2
3.809623103090409e-11,514.178955078125,274.2698974609375,-920.5996704101562,239.9090576171875,X1,X2
7.013595482163737e-09,355.419677734375,167.66552734375,-942.8321533203125,187.754150390625,X2,X2
1.0814406037340518e-09,450.188232421875,243.738525390625,-855.814208984375,206.44970703125,X2,X2
7.611050461750479e-13,611.2060546875,332.166015625,-877.287841796875,279.0400390625,X1,X2
0.6931471824645996,0.0,0.0,-1155.863037109375,0.0,X2,X2
5.529492952405235e-08,401.826171875,234.7203369140625,-1059.064208984375,167.1058349609375,X2,X2
3.423912832401475e-14,621.017578125,310.9635009765625,-851.0857543945312,310.0540771484375,X1,X2
3.360818823239242e-08,415.19677734375,243.11181640625,-932.663330078125,172.0849609375,X2,X2
3.8537211366929114e-05,265.27880859375,163.64013671875,-954.469970703125,101.638671875,X2,X2
1.3213233285291892e-10,473.371826171875,245.899658203125,-916.856689453125,227.47216796875,X2,X2
3.0093031473839293e-13,619.48046875,331.1614990234375,-859.6842651367188,288.3189697265625,X1,X2
9.684045015542764e-14,547.39599609375,247.7388916015625,-852.0029907226562,299.6571044921875,X2,X2
3.679607729623058e-09,421.76806640625,227.5634765625,-908.65283203125,194.20458984375,X2,X2
1.186446593106285e-16,633.68603515625,266.9820556640625,-781.5335083007812,366.7039794921875,X1,X2
1.0084851176372922e-08,416.228515625,232.106201171875,-921.4310302734375,184.122314453125,X2,X2
1.31833953476157e-11,528.921875,278.4012451171875,-934.7221069335938,250.5206298828125,X2,X2
9.848449367220319e-14,629.260986328125,329.772216796875,-870.711181640625,299.48876953125,X1,X2
4.463193269826915e-12,525.7255859375,264.3740234375,-887.458984375,261.3515625,X2,X2
2.527342779501396e-10,466.248291015625,245.261474609375,-916.3056640625,220.98681640625,X2,X2
1.7753840064749227e-11,535.52392578125,287.979736328125,-909.1729736328125,247.544189453125,X2,X2
3.789737891991135e-14,628.251953125,319.2130126953125,-869.1992797851562,309.0389404296875,X1,X2
5.693143521057209e-07,358.55615234375,214.767822265625,-940.9996337890625,143.788330078125,X2,X2
1.3298271988801402e-12,529.316162109375,255.8564453125,-883.6541748046875,273.459716796875,X2,X2
1.7440386157821508e-12,597.0322265625,326.2840576171875,-856.8344116210938,270.7481689453125,X1,X2
0.6931471824645996,0.0,0.0,-1018.797607421875,0.0,X2,X2
1.1966015851794243e-11,533.598876953125,282.109375,-901.4432373046875,251.489501953125,X2,X2
3.072716343519022e-12,592.404541015625,327.3199462890625,-873.9396362304688,265.0845947265625,X1,X2
0.6931471824645996,32.248382568359375,32.248382568359375,0.0,0.0,X1,X1
1.8058640956878662,0.73675537109375,17.000152587890625,-11.580978393554688,-16.263397216796875,X1,X2
0.20909985899925232,35.618011474609375,21.03228759765625,-46.47581481933594,14.585723876953125,X2,X2
2.3777213096618652,-50.6275634765625,-27.8238525390625,-32.08856201171875,-22.8037109375,X2,X1
0.6309025287628174,-17.864349365234375,-19.15057373046875,-26.371994018554688,1.286224365234375,X2,X1
0.5216183066368103,2.71197509765625,-1.07501220703125,-26.71746826171875,3.7869873046875,X1,X1
0.16576513648033142,21.474212646484375,4.3426513671875,-25.391281127929688,17.131561279296875,X1,X1
0.06734040379524231,31.89508056640625,5.25372314453125,-28.71832275390625,26.641357421875,X1,X1
2.5680787563323975,-46.8543701171875,-21.971405029296875,-34.02857971191406,-24.882965087890625,X2,X1
0.18412335216999054,-23.52294921875,-39.50970458984375,-24.01104736328125,15.98675537109375,X2,X1
0.016820522025227547,27.8780517578125,-12.8892822265625,-3.07647705078125,40.767333984375,X2,X1
0.0006145432707853615,50.8131103515625,-23.130126953125,-0.60504150390625,73.9432373046875,X2,X1
0.0006701001548208296,48.244903564453125,-24.83258056640625,-0.7575531005859375,73.07748413085938,X2,X1
0.001329849474132061,49.3642578125,-16.855987548828125,-11.342758178710938,66.22024536132812,X2,X1
0.9402775764465332,-0.6099853515625,3.84130859375,-79.06936645507812,-4.4512939453125,X1,X1
2.1622217900585383e-05,80.92059326171875,-26.4971923828125,-83.75607299804688,107.41778564453125,X2,X1
3.2440668292110786e-05,61.30487060546875,-42.055938720703125,-40.90156555175781,103.36080932617188,X2,X1
2.8260037652216852e-05,63.56585693359375,-41.17462158203125,-47.8525390625,104.740478515625,X2,X1
0.6931471824645996,0.0,0.0,25.8663330078125,0.0,X2,X2
11.544696807861328,-77.55514526367188,37.8917236328125,-61.50154113769531,-115.44686889648438,X1,X2
0.25620555877685547,30.01861572265625,17.709228515625,-11.280426025390625,12.30938720703125,X2,X2
0.0011629009386524558,80.67501831054688,13.112457275390625,-48.205841064453125,67.56256103515625,X2,X2
0.0001421512133674696,102.33160400390625,13.746124267578125,-56.55625915527344,88.58547973632812,X2,X2
7.352420806884766,-113.19137573242188,-39.673583984375,-89.90010070800781,-73.51779174804688,X2,X1
3.7326037272578105e-05,138.30087280273438,36.342864990234375,-87.98141479492188,101.9580078125,X2,X2
0.037430424243211746,49.78369140625,17.11871337890625,-64.31027221679688,32.66497802734375,X2,X2
0.00469437288120389,97.1048583984375,43.514434814453125,-142.16758728027344,53.590423583984375,X1,X2
1.1224384479646687e-06,156.792236328125,19.79217529296875,-247.49746704101562,137.00006103515625,X2,X2
1.4090429431234952e-05,121.7308349609375,10.03076171875,-254.435546875,111.7000732421875,X2,X2
1.9132103261654265e-06,174.76593017578125,43.098663330078125,-267.9552001953125,131.66726684570312,X1,X2
9.350222171633504e-06,138.325439453125,22.524383544921875,-320.259033203125,115.80105590820312,X2,X2
0.6931471824645996,0.0,0.0,-439.5831604003906,0.0,X2,X2
9.159357432508841e-06,155.50555419921875,39.498260498046875,-437.239013671875,116.00729370117188,X1,X2
1.7735038682076265e-07,172.5325927734375,17.081207275390625,-536.7788696289062,155.45138549804688,X2,X2
5.864833596547214e-08,176.7406005859375,10.22357177734375,-570.4375,166.51705932617188,X2,X2
2.932819597845082e-06,166.60650634765625,39.2110595703125,-614.8590087890625,127.39544677734375,X1,X2
7.595306669827551e-06,127.7215576171875,9.841796875,-711.8424682617188,117.8797607421875,X2,X2
2.295052809131448e-06,142.149169921875,12.3016357421875,-753.6134643554688,129.8475341796875,X2,X2
1.0704418684781558e-07,194.992431640625,34.492218017578125,-806.515380859375,160.500244140625,X1,X2
5.423008175853283e-08,183.8394775390625,16.5391845703125,-802.69677734375,167.30029296875,X2,X2
4.180245468887733e-06,135.1282958984375,11.276947021484375,-849.2718505859375,123.85137939453125,X2,X2
5.548467285620973e-08,193.1470947265625,26.07550048828125,-898.721923828125,167.07159423828125,X2,X2
2.9999002435943112e-05,130.34033203125,26.197021484375,-915.8200073242188,104.143310546875,X1,X2
2.4365816031490795e-08,197.254150390625,21.953369140625,-953.092529296875,175.30084228515625,X2,X2
3.510987411914357e-08,190.89306640625,19.2452392578125,-966.8894653320312,171.6478271484375,X2,X2
2.894385602303373e-07,175.395263671875,24.842041015625,-1006.146484375,150.55322265625,X1,X2
1.3870784520975121e-08,201.1849365234375,20.250091552734375,-1041.8848876953125,180.934814453125,X2,X2
5.053765406159982e-09,208.6990966796875,17.667755126953125,-1065.8726806640625,191.03131103515625,X2,X2
2.482539116499538e-07,190.4241943359375,38.336029052734375,-1133.845947265625,152.088134765625,X1,X2
1.4294877814791107e-07,170.3548583984375,12.747100830078125,-1147.875,157.6077880859375,X2,X2
1.8007260678132297e-06,149.4935302734375,17.22027587890625,-1181.8961181640625,132.273193359375,X2,X2
4.0481495489075314e-06,143.69921875,19.5267333984375,-1189.59716796875,124.1724853515625,X2,X2
7.320569039848124e-08,198.175537109375,33.87567138671875,-1177.9013671875,164.2999267578125,X1,X2
0.6931471824645996,0.0,0.0,-1289.843505859375,0.0,X2,X2
1.9975898712942808e-09,219.56005859375,19.24676513671875,-1188.9468994140625,200.313232421875,X2,X2
3.261767778894864e-05,136.822265625,33.515899658203125,-1282.376953125,103.306396484375,X1,X2
7.933854684338826e-10,250.5015869140625,40.954559326171875,-1134.8167724609375,209.547119140625,X1,X2
2.0389792076969115e-09,217.3741455078125,17.2659912109375,-1190.6431884765625,200.108154296875,X2,X2
7.910573529557041e-09,208.4686279296875,21.917999267578125,-1175.352783203125,186.5506591796875,X2,X2
1.206710294354707e-06,156.840087890625,20.563995361328125,-1256.93017578125,136.276123046875,X2,X2
3.377413904104287e-10,254.2904052734375,36.2030029296875,-1198.4052734375,218.08740234375,X1,X2
7.019051451173652e-10,228.654052734375,17.881805419921875,-1213.6839599609375,210.772216796875,X2,X2
1.0487790405022679e-06,154.1346435546875,16.455810546875,-1202.9365234375,137.6788330078125,X2,X2
6.090512816303573e-11,277.009765625,41.79278564453125,-1215.7813720703125,235.217041015625,X1,X2
1.8643760313352686e-08,197.3370361328125,19.359375,-1257.8095703125,177.9775390625,X2,X2
5.487241772073048e-10,234.6849365234375,21.45062255859375,-1246.607177734375,213.2342529296875,X2,X2
1.643919667060345e-08,219.7630615234375,40.52716064453125,-1275.335205078125,179.2359619140625,X1,X2
2.5930968483578454e-10,238.655029296875,17.925018310546875,-1251.374755859375,220.72998046875,X2,X2
1.1082228468239919e-09,218.8359375,12.630889892578125,-1267.4888916015625,206.205078125,X2,X2
0.00028833808028139174,95.54248046875,14.0301513671875,-1292.944580078125,81.5123291015625,X2,X2
2.7564898280596495e-11,275.2977294921875,32.15301513671875,-1171.6387939453125,243.144775390625,X1,X2
4.1573670728212164e-07,166.8372802734375,19.90521240234375,-1304.882080078125,146.93212890625,X2,X2
1.761925705068279e-05,120.97314453125,11.508026123046875,-1326.7940673828125,109.465087890625,X2,X2
1.969493665376909e-11,290.8753662109375,44.36871337890625,-1219.0587158203125,246.506591796875,X1,X2
4.055964591964667e-11,257.2757568359375,17.993194580078125,-1210.9576416015625,239.282470703125,X2,X2
1.251000778662581e-11,269.8411865234375,18.7962646484375,-1254.5572509765625,251.044921875,X2,X2
1.8776477768434052e-12,309.60009765625,39.59002685546875,-1233.9354248046875,270.010009765625,X1,X2
1.2909107560687971e-08,193.916015625,12.262664794921875,-1285.618408203125,181.6533203125,X2,X2
0.6931471824645996,0.0,0.0,-1363.486572265625,0.0,X2,X2
1.4266093731687968e-12,290.348388671875,17.5911865234375,-1232.295166015625,272.7572021484375,X2,X2
1.9033787133221347e-12,307.8740234375,38.000030517578125,-1282.679443359375,269.8739013671875,X1,X2
3.2303512642606336e-10,231.7998046875,13.267242431640625,-1289.516845703125,218.5325927734375,X2,X2
3.017778453795472e-07,191.852294921875,41.716461181640625,-1322.544189453125,150.1357421875,X1,X2
6.537077194661289e-13,296.4854736328125,15.924346923828125,-1268.106689453125,280.5611572265625,X2,X2
3.863743813781184e-08,180.25537109375,9.56494140625,-1323.33642578125,170.6904296875,X2,X2
2.021932310469765e-08,220.7545166015625,43.58831787109375,-1322.095947265625,177.166259765625,X1,X2
9.483549057165419e-09,199.2025146484375,14.46539306640625,-1288.80712890625,184.737060546875,X2,X2
1.7741602631460296e-09,217.9072265625,16.407867431640625,-1314.19140625,201.4993896484375,X2,X2
9.609271156563182e-10,222.8685302734375,15.237213134765625,-1310.64111328125,207.6312255859375,X2,X2
1.0106600278891875e-10,271.106201171875,40.95379638671875,-1266.1552734375,230.1524658203125,X1,X2
1.174266572867566e-09,222.9271240234375,17.300994873046875,-1344.9183349609375,205.626220703125,X2,X2
9.138297230038006e-09,193.8511962890625,8.74322509765625,-1290.709228515625,185.10791015625,X2,X2
2.394165052842234e-13,333.786865234375,43.181182861328125,-1291.6243896484375,290.605712890625,X1,X2
3.130610007340273e-11,258.6650390625,16.79290771484375,-1262.834228515625,241.8720703125,X2,X2
4.984779025107855e-07,161.29638671875,16.17938232421875,-1308.60693359375,145.1170654296875,X2,X2
6.239022809495509e-08,191.8236083984375,25.925018310546875,-1267.4462890625,165.8985595703125,X1,X2
3.065514693218613e-13,293.9312744140625,5.797332763671875,-1309.51708984375,288.1339111328125,X2,X2
1.389102444182555e-10,248.2100830078125,21.238189697265625,-1275.67626953125,226.971923828125,X2,X2
1.3144296848871528e-12,290.285888671875,16.709716796875,-1184.4676513671875,273.576171875,X2,X2
1.6459266404238865e-13,337.6651611328125,43.312042236328125,-1220.442626953125,294.35302734375,X1,X2
1.6786939616153518e-09,220.890625,18.83807373046875,-1269.360595703125,202.052490234375,X2,X2
8.971842824223586e-09,207.249267578125,21.95751953125,-1327.1304931640625,185.291748046875,X2,X2
1.0423384838630437e-13,336.8349609375,37.913604736328125,-1282.2747802734375,298.92138671875,X1,X2
1.1115998529639959e-12,299.909423828125,24.65716552734375,-1272.7022705078125,275.252197265625,X2,X2
1.6731356968294198e-12,294.6517333984375,23.488555908203125,-1301.169677734375,271.1632080078125,X2,X2
5.649176872818407e-12,295.03271484375,36.03759765625,-1339.7099609375,258.9951171875,X1,X2
4.813269427472733e-08,176.524169921875,8.031097412109375,-1338.978759765625,168.4930419921875,X2,X2
6.643022720451142e-13,299.5142822265625,19.11376953125,-1263.600341796875,280.400390625,X2,X2
5.329596017441228e-14,348.0174560546875,42.388427734375,-1267.4598388671875,305.629150390625,X1,X2
4.888579233260082e-13,298.425048828125,14.958038330078125,-1282.2432861328125,283.467041015625,X2,X2
5.174657591311416e-09,208.509765625,17.71484375,-1354.464111328125,190.794921875,X2,X2
7.774562243989536e-12,295.2587890625,39.45721435546875,-1334.693359375,255.8016357421875,X1,X2
2.260553272348531e-10,236.60693359375,14.504486083984375,-1375.1220703125,222.1024169921875,X2,X2
6.651334344409676e-11,255.1922607421875,20.85601806640625,-1300.3050537109375,234.336181640625,X2,X2
2.014130875971354e-11,288.83154296875,42.549041748046875,-1304.9676513671875,246.282470703125,X1,X2
5.813894921047336e-10,228.0029296875,15.346893310546875,-1321.8045654296875,212.656005859375,X2,X2
3.442502186090657e-11,262.617919921875,21.69561767578125,-1338.761474609375,240.92236328125,X2,X2
9.667487643749695e-11,234.9071044921875,4.31048583984375,-1343.947021484375,230.5966796875,X2,X2
1.3102936975446094e-13,335.8902587890625,39.2567138671875,-1183.078125,296.633544921875,X1,X2
1.9178737764580234e-10,234.50439453125,10.75811767578125,-1218.5257568359375,223.746337890625,X2,X2
3.524400910004388e-11,256.6083984375,15.921112060546875,-1263.28955078125,240.687255859375,X2,X2
7.19876880328485e-10,253.3267822265625,42.807373046875,-1277.496337890625,210.5194091796875,X1,X2
4.585952928168324e-13,305.3321533203125,21.22607421875,-1267.80029296875,284.1060791015625,X2,X2
7.697008364004887e-09,207.5369873046875,20.71258544921875,-1284.6201171875,186.8243408203125,X2,X2
1.618706796206737e-13,333.729248046875,39.209503173828125,-1216.3099365234375,294.519775390625,X1,X2
8.833984932454797e-11,246.8328857421875,15.3345947265625,-1289.8250732421875,231.498291015625,X2,X2
2.1545152776525356e-05,115.9349365234375,8.481536865234375,-1379.212646484375,107.4534912109375,X2,X2
1.478240585495172e-10,241.6064453125,15.256439208984375,-1295.567138671875,226.3499755859375,X2,X2
1.9637759300639157e-12,309.9210205078125,40.359466552734375,-1289.1932373046875,269.5615234375,X1,X2
5.107079039182172e-13,302.121337890625,19.09149169921875,-1266.541259765625,283.02978515625,X2,X2
1.5397180752607653e-10,245.473876953125,19.53143310546875,-1295.77734375,225.9425048828125,X2,X2
7.855651025512334e-12,293.682861328125,37.98504638671875,-1285.702880859375,255.6978759765625,X1,X2
6.851373690608398e-09,202.4132080078125,14.425018310546875,-1340.743408203125,187.9881591796875,X2,X2
5.174538640455306e-13,303.029296875,20.1307373046875,-1259.234130859375,282.8985595703125,X2,X2
8.059179434916075e-10,247.0550537109375,37.66461181640625,-1319.3277587890625,209.390380859375,X1,X2
1.1004614108856003e-08,197.49462890625,14.2451171875,-1312.1759033203125,183.24951171875,X2,X2
2.380264207957339e-09,210.53564453125,11.97509765625,-1332.3492431640625,198.560546875,X2,X2
1.1237204944336554e-06,154.688720703125,17.70013427734375,-1325.6728515625,136.9886474609375,X2,X2
2.022626423986429e-12,312.0750732421875,42.80877685546875,-1312.266357421875,269.2662353515625,X1,X2
8.802469309010519e-10,224.7471923828125,16.239013671875,-1327.54541015625,208.5081787109375,X2,X2
1.1542099914718662e-10,243.2750244140625,14.450653076171875,-1317.7177734375,228.8243408203125,X2,X2
1.216247588753383e-11,284.64306640625,33.3165283203125,-1275.0361328125,251.32666015625,X1,X2
1.9522595345877747e-11,264.3017578125,17.707305908203125,-1306.5867919921875,246.594482421875,X2,X2
2.6359991966984353e-09,207.734619140625,10.194610595703125,-1274.617431640625,197.5400390625,X2,X2
1.3405512594086288e-12,314.6358642578125,41.25653076171875,-1223.209716796875,273.37939453125,X1,X2
0.6931471824645996,0.0,0.0,-1369.7064208984375,0.0,X2,X2
2.6217363349734235e-11,266.0828857421875,22.436798095703125,-1310.47119140625,243.64599609375,X2,X2
0.6931471824645996,0.0,0.0,-1383.814697265625,0.0,X2,X2
2.4000710747702596e-14,347.9058837890625,34.298980712890625,-1234.98681640625,313.60693359375,X1,X2
2.8932401179709855e-13,307.059326171875,18.34698486328125,-1264.36181640625,288.7122802734375,X2,X2
4.900108639162293e-13,308.0999755859375,24.65655517578125,-1241.833740234375,283.4434814453125,X2,X2
2.1690633230514456e-12,301.166748046875,32.599578857421875,-1284.048828125,268.5672607421875,X1,X2
9.099974662696297e-10,227.1044921875,18.9287109375,-1312.71533203125,208.17578125,X2,X2
1.0031913315463811e-13,314.4774169921875,15.17315673828125,-1264.529052734375,299.30419921875,X2,X2
3.0318222975569964e-14,351.78857421875,40.518310546875,-1270.4844970703125,311.270263671875,X1,X2
5.978221932247119e-13,308.63330078125,27.178436279296875,-1253.2152099609375,281.454833984375,X2,X2
2.096378359794926e-08,185.083984375,8.279296875,-1313.3388671875,176.8046875,X2,X2
1.518871833861013e-13,314.185302734375,19.028900146484375,-1260.642333984375,295.1563720703125,X2,X2
4.363264523993271e-12,292.6351318359375,31.057098388671875,-1314.829345703125,261.5780029296875,X1,X2
5.079206301969279e-14,313.103515625,6.9931640625,-1267.9560546875,306.1103515625,X2,X2
5.262220520441119e-11,250.61328125,13.9344482421875,-1293.054443359375,236.6788330078125,X2,X2
8.45782726624153e-14,340.027587890625,39.016693115234375,-1225.9146728515625,301.010986328125,X1,X2
1.1459554832837782e-10,238.1864013671875,9.290313720703125,-1283.906005859375,228.8961181640625,X2,X2
3.087652356015269e-11,261.394287109375,19.3839111328125,-1310.567138671875,242.01025390625,X2,X2
1.3712190020595538e-12,305.927978515625,32.7747802734375,-1287.138916015625,273.1531982421875,X1,X2
8.991250127245165e-13,302.9893798828125,25.615875244140625,-1288.874267578125,277.37353515625,X2,X2
1.40806181818387e-12,287.889892578125,15.0018310546875,-1288.2900390625,272.8880615234375,X2,X2
1.8407855535002016e-13,306.767822265625,13.533721923828125,-1249.298095703125,293.234130859375,X2,X2
2.9697481995251407e-13,306.278076171875,17.826812744140625,-1275.872802734375,288.4512939453125,X2,X2
1.4962026572123283e-13,311.91162109375,16.604888916015625,-1273.197265625,295.3067626953125,X2,X2
6.228520845787122e-13,293.665283203125,12.620697021484375,-1283.3172607421875,281.044677734375,X2,X2
1.5355217910986013e-13,309.910888671875,14.863555908203125,-1260.9476318359375,295.04736328125,X2,X2
2.269185409237498e-13,317.9503173828125,26.8084716796875,-1262.90673828125,291.141845703125,X2,X2
3.888204320144639e-13,305.2625732421875,19.50604248046875,-1233.3958740234375,285.756591796875,X2,X2
5.423791298898861e-13,302.1397705078125,19.711669921875,-1315.107666015625,282.4281005859375,X2,X2
4.907113669398722e-13,303.3033447265625,19.874053955078125,-1302.20703125,283.42919921875,X2,X2
1.4690192692932286e-13,307.7535400390625,12.263427734375,-1343.848876953125,295.4901123046875,X2,X2
1.696224947609834e-13,309.72509765625,15.673126220703125,-1304.135009765625,294.052001953125,X2,X2
5.1249826729443324e-14,340.017578125,33.996917724609375,-1240.7939453125,306.0206298828125,X1,X2
7.114899896456736e-14,336.0133056640625,33.2733154296875,-1192.1107177734375,302.739990234375,X1,X2
2.2439659505546494e-11,284.439697265625,39.237823486328125,-1226.6097412109375,245.201904296875,X1,X2
3.746494225964625e-10,256.103515625,39.05316162109375,-1273.5078125,217.05029296875,X1,X2
5.0754874885176535e-14,343.96875,37.8509521484375,-1310.091796875,306.11767578125,X1,X2
6.640831547860548e-13,304.4869384765625,24.083343505859375,-1345.472900390625,280.4036865234375,X2,X2
2.969373268861368e-14,353.6353759765625,42.15704345703125,-1264.603271484375,311.4783935546875,X1,X2
2.1658004979285134e-13,313.536376953125,21.928253173828125,-1268.00732421875,291.608154296875,X2,X2
1.7631972271114904e-12,293.430908203125,22.791961669921875,-1332.6053466796875,270.638916015625,X2,X2
4.097889583221104e-09,211.9581298828125,18.8302001953125,-1351.062255859375,193.1279296875,X2,X2
3.087093907870771e-14,351.94873046875,40.859130859375,-1265.6651611328125,311.089599609375,X1,X2
3.226424119193161e-13,303.642333984375,16.020050048828125,-1274.5870361328125,287.622314453125,X2,X2
1.0489716040229524e-10,262.160400390625,32.3800048828125,-1306.6494140625,229.7803955078125,X1,X2
2.269077124545521e-13,313.6993408203125,22.5570068359375,-1256.8228759765625,291.142333984375,X2,X2
1.9177648564235733e-13,306.767578125,13.94305419921875,-1255.9822998046875,292.824462890625,X2,X2
3.69269637654282e-14,348.59423828125,39.295928955078125,-1285.9952392578125,309.29833984375,X1,X2
1.9380257489966246e-13,313.043701171875,20.324310302734375,-1271.29345703125,292.7193603515625,X2,X2
4.561387617445234e-13,305.9918212890625,21.832061767578125,-1251.0380859375,284.1597900390625,X2,X2
1.589279516366407e-13,310.170166015625,15.46685791015625,-1281.39697265625,294.7032470703125,X2,X2
6.336611096946498e-11,276.69287109375,41.8719482421875,-1315.03515625,234.8209228515625,X1,X2
0.6931471824645996,0.0,0.0,-1406.537841796875,0.0,X2,X2
2.8402375937264246e-12,283.5848388671875,17.71337890625,-1284.4793701171875,265.871337890625,X2,X2
2.4776077023336285e-11,285.146484375,40.935089111328125,-1331.4202880859375,244.21142578125,X1,X2
1.4339682219421945e-10,246.3603515625,19.7064208984375,-1245.1207275390625,226.654052734375,X2,X2
2.8645662231152613e-13,310.4501953125,21.63824462890625,-1208.4375,288.8118896484375,X2,X2
2.0133885877959834e-12,307.75634765625,38.4443359375,-1251.069091796875,269.31201171875,X1,X2
2.289377853958996e-10,227.4365234375,5.4608154296875,-1274.1708984375,221.9757080078125,X2,X2
2.6848561568426632e-11,265.697021484375,22.28900146484375,-1231.728515625,243.4080810546875,X2,X2
1.5952617005154934e-10,246.3800048828125,20.79180908203125,-1341.3670654296875,225.588134765625,X2,X2
2.9969605356422457e-12,294.164306640625,28.830047607421875,-1251.0989990234375,265.334228515625,X1,X2
1.3918399310690333e-13,313.726806640625,17.6971435546875,-1271.3056640625,296.02978515625,X2,X2
6.453722001253936e-10,232.6402587890625,21.028350830078125,-1321.181396484375,211.6119384765625,X2,X2
4.65350957767896e-09,219.93408203125,28.0775146484375,-1322.988037109375,191.8564453125,X1,X2
3.443403060517797e-14,344.606201171875,34.608917236328125,-1266.3895263671875,309.997314453125,X1,X2
1.1351830527016674e-13,316.5506591796875,18.48260498046875,-1242.5572509765625,298.068115234375,X2,X2
5.879928988150596e-09,208.3470458984375,18.82977294921875,-1357.24853515625,189.5172119140625,X2,X2
1.852055021931559e-13,318.119140625,24.9459228515625,-1300.7955322265625,293.173095703125,X2,X2
5.108789780106093e-11,248.3970947265625,11.42242431640625,-1303.21435546875,236.9747314453125,X2,X2
1.150710928453369e-13,311.8798828125,13.94769287109375,-1279.8271484375,297.9322509765625,X2,X2
1.3449036670573275e-14,350.979248046875,31.58062744140625,-1255.2532958984375,319.398681640625,X1,X2
4.6155102309541896e-12,280.057373046875,19.041290283203125,-1268.111328125,261.0159912109375,X2,X2
1.7365792235202876e-13,312.439453125,18.622528076171875,-1232.3994140625,293.81689453125,X2,X2
6.470928529339962e-14,347.055908203125,43.367095947265625,-1271.1666259765625,303.688720703125,X1,X2
2.885552685683024e-09,213.6727294921875,17.03717041015625,-1352.2318115234375,196.635498046875,X2,X2
1.0781738728812135e-13,310.2529296875,11.6695556640625,-1305.88818359375,298.5833740234375,X2,X2
5.975722575188996e-14,345.3359375,40.8511962890625,-1296.664306640625,304.48486328125,X1,X2
7.661211075260521e-13,301.3902587890625,22.415802001953125,-1290.5982666015625,278.974365234375,X2,X2
2.3033786433757086e-08,191.809326171875,15.9462890625,-1352.3035888671875,175.863037109375,X2,X2
6.131956921395787e-13,290.4639892578125,9.26312255859375,-1247.9075927734375,281.200927734375,X2,X2
1.569755957164798e-11,280.6865234375,31.9114990234375,-1214.2037353515625,248.775146484375,X1,X2
2.2643416741630062e-05,125.2515869140625,18.29541015625,-1300.2662353515625,106.956298828125,X2,X2
5.413244158480879e-11,253.545654296875,17.14984130859375,-1244.933349609375,236.3958740234375,X2,X2
3.2163457146109145e-14,348.5076904296875,37.82830810546875,-1217.9542236328125,310.679443359375,X1,X2
5.6588525532141887e-11,252.7501220703125,16.7979736328125,-1266.543212890625,235.9521484375,X2,X2
2.4786496097793653e-13,314.313720703125,24.054840087890625,-1296.161376953125,290.2589111328125,X2,X2
4.624281846657939e-14,349.6983642578125,42.649566650390625,-1297.844482421875,307.0487060546875,X1,X2
1.453766848655974e-13,314.784912109375,19.1904296875,-1238.7109375,295.594482421875,X2,X2
5.7542082210204626e-11,260.9456787109375,25.16058349609375,-1244.87353515625,235.7850341796875,X2,X2
2.9376337806752417e-07,169.873291015625,19.46844482421875,-1306.91650390625,150.4049072265625,X2,X2
4.618350146756711e-10,257.84375,42.88568115234375,-1314.657470703125,214.9581298828125,X1,X2
1.4770476508552122e-11,265.3740234375,15.990081787109375,-1233.55517578125,249.3839111328125,X2,X2
1.1911550912291347e-10,262.941162109375,34.43194580078125,-1253.740234375,228.50927734375,X1,X2
5.15694149709478e-13,300.943359375,18.01068115234375,-1243.86083984375,282.9326171875,X2,X2
4.433086859298267e-14,316.9329833984375,9.46209716796875,-1262.6165771484375,307.470947265625,X2,X2
3.1209219741867855e-06,156.69775390625,29.923980712890625,-1345.412841796875,126.7738037109375,X1,X2
3.793450442657331e-09,209.2320556640625,15.33221435546875,-1304.386474609375,193.89990234375,X2,X2
2.5652630020189804e-10,227.652099609375,6.814208984375,-1303.816162109375,220.837890625,X2,X2
0.6931471824645996,0.0,0.0,-1441.0289306640625,0.0,X2,X2
6.041585824288417e-14,348.010986328125,43.63568115234375,-1321.6083984375,304.375244140625,X1,X2
0.6931471824645996,0.0,0.0,-1455.1240234375,0.0,X2,X2
1.002946437380671e-13,319.7698974609375,20.4632568359375,-1294.435302734375,299.306640625,X2,X2
8.189992060187931e-15,363.31494140625,38.95635986328125,-1260.4405517578125,324.358642578125,X1,X2
3.284205618570013e-08,187.2440185546875,14.928436279296875,-1307.35986328125,172.3155517578125,X2,X2
4.182586013103638e-14,315.616943359375,7.564361572265625,-1215.91650390625,308.0526123046875,X2,X2
3.070411085754829e-14,348.3916015625,37.24786376953125,-1290.5677490234375,311.143798828125,X1,X2
0.6931471824645996,0.0,0.0,-1425.762939453125,0.0,X2,X2
7.801444494755227e-13,298.236083984375,19.44305419921875,-1265.42919921875,278.79296875,X2,X2
1.6388282952917166e-09,217.8359375,15.5430908203125,-1368.7236328125,202.2928466796875,X2,X2
1.950776996537118e-12,303.1658935546875,33.53790283203125,-1307.298583984375,269.6279296875,X1,X2
4.240441765085423e-12,281.187744140625,19.32415771484375,-1290.9515380859375,261.863525390625,X2,X2
1.794250165110256e-11,259.6033935546875,12.1649169921875,-1313.8179931640625,247.4384765625,X2,X2
4.565110496655006e-14,344.6312255859375,37.4537353515625,-1156.0614013671875,307.177490234375,X1,X2
1.5165010902856019e-13,321.2109375,26.038909912109375,-1235.0205078125,295.1719970703125,X2,X2
3.701615403084446e-11,255.894775390625,15.69805908203125,-1236.411376953125,240.1966552734375,X2,X2
1.1742161930283768e-11,282.3603515625,30.6820068359375,-1204.566162109375,251.6783447265625,X1,X2
2.2970137944500202e-11,255.609619140625,10.64129638671875,-1320.630859375,244.96826171875,X2,X2
6.398578363117288e-14,316.942626953125,13.1414794921875,-1287.785888671875,303.8011474609375,X2,X2
1.490113642286378e-13,310.1446533203125,14.797149658203125,-1276.42919921875,295.3475341796875,X2,X2
1.5358002647403168e-09,224.511474609375,21.5693359375,-1339.484619140625,202.942138671875,X1,X2
0.6931471824645996,0.0,0.0,-1445.016357421875,0.0,X2,X2
4.769725874030975e-14,347.8927001953125,41.15374755859375,-1284.6688232421875,306.739013671875,X1,X2
8.019846180380708e-14,315.9583740234375,14.415679931640625,-1278.780029296875,301.542724609375,X2,X2
1.0431022365309239e-13,317.9049072265625,18.990966796875,-1309.20654296875,298.9140625,X2,X2
1.449278285543202e-14,355.21142578125,36.56011962890625,-1303.79345703125,318.6512451171875,X1,X2
1.1218079281260715e-13,318.285888671875,20.0992431640625,-1250.2333984375,298.1866455078125,X2,X2
3.5572261282423856e-13,307.772705078125,21.126434326171875,-1281.6773681640625,286.646240234375,X2,X2
9.516445270696394e-11,250.5343017578125,19.7801513671875,-1274.63720703125,230.754150390625,X2,X2
1.7716349220986416e-12,301.0057373046875,30.41448974609375,-1287.46533203125,270.5911865234375,X1,X2
2.904918601671913e-13,311.8367919921875,23.16485595703125,-1191.85107421875,288.6719970703125,X2,X2
6.445147556930972e-14,320.5628662109375,16.83428955078125,-1170.798828125,303.7286376953125,X2,X2
1.3290158903944693e-12,314.6142578125,41.148468017578125,-1192.69140625,273.4658203125,X1,X2
0.6931471824645996,0.0,0.0,-1359.41064453125,0.0,X2,X2
2.2018967053318017e-13,312.919189453125,21.476409912109375,-1258.0009765625,291.44287109375,X2,X2
3.998158401574692e-11,275.50537109375,36.079315185546875,-1310.6751708984375,239.426025390625,X1,X2
3.1524821408933715e-14,327.134765625,16.2547607421875,-1214.290283203125,310.8800048828125,X2,X2
2.696405381960587e-13,307.8958740234375,18.47894287109375,-1280.8603515625,289.4168701171875,X2,X2
6.251583587824419e-14,318.3131103515625,14.27947998046875,-1254.774658203125,304.0335693359375,X2,X2
5.163135110425321e-12,299.2691650390625,39.3743896484375,-1325.813232421875,259.894775390625,X1,X2
9.88833903647901e-09,201.473388671875,17.15435791015625,-1312.9769287109375,184.319091796875,X2,X2
1.8048510277458851e-13,315.416259765625,21.985015869140625,-1288.69970703125,293.4312744140625,X2,X2
5.232318467385255e-10,253.92333984375,40.213409423828125,-1256.0322265625,213.7099609375,X1,X2
5.1119088129158996e-11,250.6690673828125,13.700408935546875,-1237.04296875,236.9686279296875,X2,X2
5.4453383262990235e-14,326.2691650390625,20.8548583984375,-1190.5345458984375,305.414306640625,X2,X2
2.6012346790449392e-11,280.6759033203125,36.951446533203125,-1275.183349609375,243.7244873046875,X1,X2
1.068222767186544e-11,262.3782958984375,9.753997802734375,-1225.927734375,252.6243896484375,X2,X2
1.3551546291915885e-14,359.5802001953125,40.2574462890625,-1199.8380126953125,319.32275390625,X1,X2
6.665997531740686e-09,204.406005859375,16.14361572265625,-1339.2135009765625,188.262451171875,X2,X2
0.6931471824645996,0.0,0.0,-1370.1107177734375,0.0,X2,X2
3.945312479491925e-11,255.468505859375,15.90948486328125,-1251.30615234375,239.55908203125,X2,X2
3.498848780147945e-11,266.1912841796875,25.431365966796875,-1335.9461669921875,240.760009765625,X2,X2
2.0122233279585774e-14,349.4815673828125,34.112030029296875,-1326.887939453125,315.3695068359375,X1,X2
1.31348152298226e-13,319.02001953125,22.410858154296875,-1288.504150390625,296.6092529296875,X2,X2
3.466638868326877e-14,351.38916015625,41.459075927734375,-1305.35693359375,309.9300537109375,X1,X2
3.73413017900389e-14,351.8077392578125,42.620880126953125,-1271.7130126953125,309.186767578125,X1,X2
7.812389846151291e-09,204.6734619140625,17.997802734375,-1295.3448486328125,186.675537109375,X2,X2
6.696743447319811e-14,316.81689453125,13.471221923828125,-1276.6185302734375,303.345703125,X2,X2
6.354327220653433e-12,276.916015625,19.09710693359375,-1305.3740234375,257.81884765625,X2,X2
2.871328608905488e-12,270.5179443359375,4.7554931640625,-1283.9798583984375,265.762451171875,X2,X2
4.4738596372473e-14,321.114990234375,13.73565673828125,-1277.70947265625,307.37939453125,X2,X2
7.055514572584798e-08,180.7701416015625,16.1014404296875,-1367.185791015625,164.668701171875,X2,X2
7.074465931686605e-14,343.0340576171875,40.237060546875,-1311.07177734375,302.7969970703125,X1,X2
1.6491114029903997e-11,269.56005859375,21.2781982421875,-1309.3946533203125,248.281982421875,X2,X2
5.2587010538219375e-14,317.3321533203125,11.56903076171875,-1303.057861328125,305.7630615234375,X2,X2
5.1650385357593365e-11,280.4117431640625,43.546417236328125,-1331.226806640625,236.865234375,X1,X2
4.378449507255397e-14,323.1749267578125,15.579833984375,-1230.0299072265625,307.594970703125,X2,X2
1.8099909591950958e-13,310.812255859375,17.40936279296875,-1239.13818359375,293.40283203125,X2,X2
2.4603792336819197e-09,223.7412109375,25.51171875,-1350.843505859375,198.2294921875,X2,X2
1.5829046406956593e-10,271.6265869140625,45.96075439453125,-1236.522705078125,225.6658935546875,X1,X2
8.385524913334663e-11,247.81005859375,15.7906494140625,-1206.4027099609375,232.019287109375,X2,X2
1.940972382818984e-11,281.5791015625,34.92657470703125,-1227.426025390625,246.6524658203125,X1,X2
6.0359228726269976e-09,196.5113525390625,7.256103515625,-1326.958984375,189.25537109375,X2,X2
5.783900918973628e-13,298.04052734375,16.255157470703125,-1223.6572265625,281.7852783203125,X2,X2
2.378640573397206e-08,214.81884765625,39.27734375,-1279.2520751953125,175.54150390625,X1,X2
0.6931471824645996,0.0,0.0,-1361.08837890625,0.0,X2,X2
1.441361678448938e-13,323.3592529296875,27.67919921875,-1237.395263671875,295.68017578125,X2,X2
2.4844668965358363e-13,307.060546875,16.824981689453125,-1263.30810546875,290.2354736328125,X2,X2
2.8324934064904994e-10,260.82373046875,40.976837158203125,-1302.2127685546875,219.846923828125,X1,X2
2.4759057651313476e-12,278.507080078125,11.262939453125,-1216.8388671875,267.244140625,X2,X2
1.0611583023422723e-14,334.495849609375,12.7276611328125,-1270.4862060546875,321.768310546875,X2,X2
6.463752601736095e-13,315.18994140625,34.516021728515625,-1342.950927734375,280.6739501953125,X1,X2
1.925571924132896e-09,214.51611328125,13.835693359375,-1301.550048828125,200.680419921875,X2,X2
1.590685048957763e-11,259.7110595703125,11.068328857421875,-1307.462890625,248.6427001953125,X2,X2
7.877809190572072e-13,318.11279296875,39.41729736328125,-1311.9493408203125,278.695556640625,X1,X2
4.704310552217095e-11,249.094970703125,11.295318603515625,-1312.8070068359375,237.799560546875,X2,X2
6.882758685905488e-12,271.14697265625,14.1270751953125,-1256.467529296875,257.02001953125,X2,X2
1.4203854834925894e-13,312.30517578125,16.478363037109375,-1293.6044921875,295.8267822265625,X2,X2
3.457466856760828e-14,352.512451171875,42.555908203125,-1251.13232421875,309.95654296875,X1,X2
2.2774638078204568e-12,273.86669921875,5.78704833984375,-1271.951171875,268.07958984375,X2,X2
5.654312874034742e-14,315.6077880859375,10.570068359375,-1238.806396484375,305.0377197265625,X2,X2
2.076454513975229e-14,349.5179443359375,34.46258544921875,-1221.046875,315.0552978515625,X1,X2
1.725536727392729e-11,255.7537841796875,7.9248046875,-1224.830322265625,247.8289794921875,X2,X2
1.0728788690794744e-10,246.6904296875,17.13531494140625,-1261.672607421875,229.5550537109375,X2,X2
3.281741545180239e-10,254.444580078125,36.06982421875,-1226.9349365234375,218.374755859375,X1,X2
0.6931471824645996,0.0,0.0,-1367.4383544921875,0.0,X2,X2
8.003403576808607e-14,320.4527587890625,18.8895263671875,-1269.5433349609375,301.563232421875,X2,X2
4.8722643697374224e-08,181.2215576171875,12.850341796875,-1327.995849609375,168.3712158203125,X2,X2
4.009752667161366e-14,350.9925537109375,42.517913818359375,-1287.922119140625,308.474609375,X1,X2
1.7494485859970155e-09,211.902587890625,10.262939453125,-1319.1376953125,201.6396484375,X2,X2
1.058250234946441e-13,338.0228271484375,39.2529296875,-1217.823486328125,298.7698974609375,X1,X2
1.2049782287422428e-13,316.40380859375,18.932281494140625,-1210.5240478515625,297.471435546875,X2,X2
1.257991107117551e-13,317.6962890625,20.65533447265625,-1207.371337890625,297.0408935546875,X2,X2
4.038416736434902e-12,301.21142578125,38.859649658203125,-1292.63134765625,262.3516845703125,X1,X2
1.077148285388678e-13,323.519775390625,24.926910400390625,-1240.50634765625,298.5928955078125,X2,X2
0.6931471824645996,0.0,0.0,-1465.094970703125,0.0,X2,X2
4.51469075882574e-13,297.0107421875,12.748046875,-1228.87109375,284.2626953125,X2,X2
1.0030646323581308e-14,353.193359375,30.862091064453125,-1232.8154296875,322.331298828125,X1,X2
1.5102648298626065e-11,264.017822265625,14.8563232421875,-1221.470458984375,249.1614990234375,X2,X2
6.805186026238169e-14,315.4443359375,12.2591552734375,-1287.786376953125,303.18505859375,X2,X2
3.980222401667177e-12,302.4832763671875,39.98638916015625,-1282.25390625,262.496826171875,X1,X2
8.839917686742638e-11,243.4747314453125,11.983154296875,-1281.7265625,231.4915771484375,X2,X2
0.6931471824645996,44.379974365234375,44.379974365234375,0.0,0.0,X1,X2
0.04363127425312996,74.76449584960938,43.66363525390625,-45.81507873535156,31.100860595703125,X2,X2
7.758867286611348e-05,101.73089599609375,7.09039306640625,-78.03436279296875,94.6405029296875,X1,X2
0.7381565570831299,-5.2333984375,-4.35260009765625,-121.56411743164062,-0.88079833984375,X1,X2
0.043023623526096344,-49.7041015625,-80.94827270507812,-237.58448791503906,31.244171142578125,X2,X1
1.117931604385376,-22.0367431640625,-14.816864013671875,-202.4417266845703,-7.219879150390625,X2,X1
0.09544318169355392,0.15673828125,-22.8544921875,-203.71197509765625,23.01123046875,X2,X2
0.0009024307364597917,69.01947021484375,-1.0802001953125,-205.26577758789062,70.09967041015625,X2,X1
3.972503185272217,-38.9581298828125,0.57684326171875,-196.75637817382812,-39.53497314453125,X2,X1
0.05765373259782791,17.825439453125,-10.41790771484375,-240.95132446289062,28.24334716796875,X2,X1
15.930953979492188,30.76007080078125,190.06961059570312,-189.58543395996094,-159.30953979492188,X1,X1
4.012909357697936e-06,80.91302490234375,-43.346893310546875,-183.84568786621094,124.25991821289062,X2,X1
3.7235145568847656,145.6453857421875,182.63607788085938,-168.14610290527344,-36.990692138671875,X2,X2
3.886319637298584,-49.65576171875,-10.999908447265625,-355.627685546875,-38.655853271484375,X2,X1
8.262552000815049e-05,75.85662841796875,-18.154876708984375,-375.760986328125,94.01150512695312,X2,X1
9.910813331604004,-84.3565673828125,14.751068115234375,-380.57373046875,-99.10763549804688,X1,X2
7.306131362915039,77.5556640625,150.61026000976562,-270.70233154296875,-73.05459594726562,X2,X2
9.566140174865723,27.6998291015625,123.36053466796875,-225.68612670898438,-95.66070556640625,X2,X2
0.0001163499109679833,69.6226806640625,-20.9658203125,-240.53472900390625,90.5885009765625,X1,X2
0.017275894060730934,-134.19940185546875,-174.69732666015625,-132.70941162109375,40.4979248046875,X2,X1
4.2514434426266234e-06,137.4521484375,13.7696533203125,-42.8046875,123.6824951171875,X2,X2
13.797999382019043,-17.5496826171875,120.4302978515625,3.7176513671875,-137.97998046875,X1,X2
9.071239471435547,53.46453857421875,144.17578125,-89.85147094726562,-90.71124267578125,X2,X2
0.6475173234939575,-20.46148681640625,-21.395904541015625,-176.54551696777344,0.934417724609375,X2,X1
0.0015342554543167353,-60.16815185546875,-124.95758056640625,-149.813232421875,64.7894287109375,X2,X1
11.476377487182617,93.4715576171875,208.2352294921875,-186.42535400390625,-114.763671875,X1,X2
5.988186836242676,33.423828125,93.28057861328125,-211.82205200195312,-59.85675048828125,X1,X2
2.7256743907928467,-39.7967529296875,-13.21746826171875,-168.65408325195312,-26.57928466796875,X1,X2
0.10278632491827011,28.31817626953125,6.085479736328125,-169.1084747314453,22.232696533203125,X1,X2
1.3709957599639893,-185.90484619140625,-175.12322998046875,-124.4158935546875,-10.7816162109375,X2,X1
0.17967285215854645,-18.1727294921875,-34.427093505859375,-201.2769317626953,16.254364013671875,X2,X1
5.842135215061717e-05,-84.79644775390625,-182.27444458007812,-128.85801696777344,97.47799682617188,X2,X1
9.440417289733887,50.16082763671875,144.564208984375,-134.43594360351562,-94.40338134765625,X2,X2
0.0007751924567855895,-109.57928466796875,-181.19940185546875,-164.09564208984375,71.6201171875,X2,X1
4.67153263092041,104.1878662109375,150.80917358398438,-222.30418395996094,-46.621307373046875,X2,X2
0.0017656480195000768,112.57080078125,49.187255859375,-282.371826171875,63.383544921875,X2,X2
0.12326403707265854,172.0589599609375,151.74734497070312,-363.592529296875,20.311614990234375,X2,X2
0.9473092555999756,180.47259521484375,185.03900146484375,-422.7786865234375,-4.56640625,X1,X2
0.0009531418327242136,222.2445068359375,152.69180297851562,-413.5533447265625,69.55270385742188,X2,X2
3.6859009355794115e-07,238.6639404296875,90.52813720703125,-332.4802551269531,148.13580322265625,X2,X2
0.0004261221329215914,263.3719482421875,185.7662353515625,-374.9697265625,77.605712890625,X1,X2
1.2324984709266573e-05,271.71356201171875,158.6748046875,-382.9580383300781,113.03875732421875,X2,X2
3.046611425361334e-07,275.1961669921875,125.155517578125,-411.50360107421875,150.0406494140625,X2,X2
1.8076601918437518e-05,289.257080078125,180.04824829101562,-462.74945068359375,109.20883178710938,X2,X2
5.324336029843835e-07,261.66229248046875,117.2042236328125,-449.0502624511719,144.45806884765625,X1,X2
1.114978829264146e-07,271.01873779296875,110.9261474609375,-488.4393005371094,160.09259033203125,X2,X2
1.1777859754147357e-06,280.18267822265625,143.6639404296875,-505.5722961425781,136.51873779296875,X2,X2
4.24732803594452e-07,293.482177734375,146.76412963867188,-502.8740234375,146.71804809570312,X1,X2
1.1134638043586165e-05,259.611328125,145.556884765625,-532.7754516601562,114.054443359375,X2,X2
2.0952390045181346e-08,290.3480224609375,113.53790283203125,-548.2315673828125,176.81011962890625,X1,X2
2.3795301729023777e-08,332.3349609375,156.79718017578125,-486.3454895019531,175.53778076171875,X1,X2
1.6016788606521004e-07,339.726318359375,183.25588989257812,-541.361328125,156.47042846679688,X1,X2
9.141700729742297e-08,335.29583740234375,173.21749877929688,-484.31451416015625,162.07833862304688,X1,X2
1.9189249655937601e-07,297.1951904296875,142.53189086914062,-546.1827392578125,154.66329956054688,X1,X2
1.415051968933767e-07,337.33538818359375,179.6260986328125,-538.349365234375,157.70928955078125,X1,X2
5.0473882851065355e-09,266.356201171875,75.312255859375,-519.1392822265625,191.0439453125,X2,X2
2.873000823910843e-07,325.3575439453125,174.73016357421875,-559.1888427734375,150.62738037109375,X1,X2
7.44443653388771e-08,310.46728515625,146.33514404296875,-561.7501220703125,164.13214111328125,X2,X2
1.1855828319085049e-08,332.2464599609375,149.74200439453125,-568.7315673828125,182.50445556640625,X1,X2
3.7350548609538237e-07,305.6688232421875,157.66549682617188,-569.2411499023438,148.00332641601562,X2,X2
6.347090675262734e-07,314.19830322265625,171.497314453125,-608.198486328125,142.70098876953125,X1,X2
4.745448123344431e-08,288.4630126953125,119.82806396484375,-563.343505859375,168.63494873046875,X2,X2
5.539141511690104e-06,262.821533203125,141.78485107421875,-623.140625,121.03668212890625,X2,X2
2.2884651116328314e-06,276.234130859375,146.35784912109375,-591.327880859375,129.87628173828125,X2,X2
9.086178209827267e-08,310.5264892578125,148.38723754882812,-584.9183349609375,162.13925170898438,X2,X2
1.455099862823772e-07,299.261474609375,141.83126831054688,-569.1066284179688,157.43020629882812,X2,X2
2.7524056349648163e-06,278.19976806640625,150.16943359375,-591.7481689453125,128.03033447265625,X2,X2
1.8309716551812016e-06,292.64678955078125,160.5401611328125,-639.7197265625,132.10662841796875,X2,X2
0.00017934472998604178,184.90087890625,98.6397705078125,-647.1885375976562,86.2611083984375,X2,X2
6.221614512469387e-08,322.26068115234375,156.33419799804688,-614.0186767578125,165.926513671875,X2,X2
1.470180450269254e-05,248.4730224609375,137.19769287109375,-644.375732421875,111.27532958984375,X2,X2
1.3079504412871756e-07,305.3646240234375,146.86831665039062,-632.062744140625,158.496337890625,X2,X2
1.4103471812632051e-06,250.7423095703125,116.02557373046875,-651.952392578125,134.71673583984375,X2,X2
1.2394993120778963e-07,316.6553955078125,157.62152099609375,-644.3155517578125,159.03387451171875,X2,X2
1.8991617025676533e-06,300.8424072265625,169.1014404296875,-641.3726196289062,131.740966796875,X2,X2
3.067477337026503e-06,277.83642578125,150.889892578125,-638.7007446289062,126.946533203125,X2,X2
1.4603839417759445e-06,306.8853759765625,172.51727294921875,-647.436279296875,134.36810302734375,X2,X2
6.465134205768663e-09,290.1253662109375,101.55694580078125,-627.488037109375,188.56842041015625,X2,X2
1.9234624559771873e-08,317.7236328125,140.05810546875,-633.247802734375,177.66552734375,X2,X2
5.891084287057424e-10,319.4583740234375,106.93426513671875,-665.26025390625,212.52410888671875,X1,X2
1.0761806152004283e-05,253.4969482421875,139.1019287109375,-698.654296875,114.39501953125,X2,X2
4.6242266193985415e-07,312.86822509765625,167.0003662109375,-634.785888671875,145.86785888671875,X2,X2
0.6931471824645996,0.0,0.0,-698.3583984375,0.0,X2,X2
4.780943640980695e-08,356.77398681640625,188.21356201171875,-621.0143432617188,168.5604248046875,X1,X2
4.860635272052605e-07,312.1424560546875,166.77322387695312,-639.5813598632812,145.3692626953125,X2,X2
5.860501346433011e-07,303.4913330078125,159.99273681640625,-643.281494140625,143.49859619140625,X2,X2
2.2220437045916697e-08,347.546875,171.3243408203125,-618.836669921875,176.2225341796875,X1,X2
4.413663918967359e-05,239.271484375,138.989501953125,-690.87255859375,100.281982421875,X2,X2
3.8527275592059596e-08,303.75830078125,133.03927612304688,-625.5855712890625,170.718994140625,X2,X2
3.282621108269268e-08,362.18695068359375,189.86660766601562,-638.9681396484375,172.32037353515625,X1,X2
1.3203427329244732e-07,334.79638671875,176.39434814453125,-642.4212646484375,158.40203857421875,X2,X2
3.055643738036906e-09,326.78955078125,130.726806640625,-630.7479858398438,196.062744140625,X2,X2
3.6047600815436454e-07,328.7911376953125,180.4327392578125,-680.5040283203125,148.3583984375,X2,X2
4.3854786468955353e-10,365.538330078125,150.06277465820312,-633.6370849609375,215.47552490234375,X1,X2
3.560690231552144e-08,343.6031494140625,172.09588623046875,-658.11083984375,171.50726318359375,X2,X2
5.5617221050852095e-08,328.13330078125,161.08560180664062,-669.9956665039062,167.0477294921875,X2,X2
4.633776029550063e-09,375.61669921875,183.71780395507812,-658.9783935546875,191.89892578125,X1,X2
1.2448371933260205e-07,334.6678466796875,175.67694091796875,-664.9324951171875,158.99090576171875,X2,X2
1.941374137004459e-07,316.5267333984375,161.979736328125,-677.6947631835938,154.5469970703125,X2,X2
3.6691248997411385e-12,359.5665283203125,96.255859375,-600.8766479492188,263.3106689453125,X1,X2
2.763802381400282e-11,329.43701171875,86.3187255859375,-624.7490844726562,243.1182861328125,X2,X2
8.337373458289221e-08,345.67376708984375,182.6744384765625,-649.2205810546875,162.99932861328125,X2,X2
4.298552980230852e-08,342.57318115234375,172.94915771484375,-588.582763671875,169.6240234375,X2,X2
3.417682248318954e-10,359.97705078125,142.0081787109375,-587.1974487304688,217.9688720703125,X1,X2
1.0428760965908168e-08,352.35491943359375,168.56790161132812,-612.3883666992188,183.7869873046875,X2,X2
2.4150907051989634e-07,333.0933837890625,180.72976684570312,-622.258544921875,152.36358642578125,X2,X2
3.261185765879304e-11,354.89434814453125,113.430908203125,-586.34912109375,241.46343994140625,X1,X2
1.7403428387297026e-07,335.1669921875,179.52685546875,-664.6156005859375,155.64013671875,X2,X2
2.9381544663920067e-07,320.6146240234375,170.21148681640625,-659.21484375,150.40313720703125,X2,X2
2.9805233281443577e-10,352.7476806640625,133.41015625,-607.8605346679688,219.3375244140625,X1,X2
1.0092297664243688e-08,341.489501953125,157.37457275390625,-630.243408203125,184.11492919921875,X2,X2
2.706776513150544e-06,299.7266845703125,171.52920532226562,-676.258056640625,128.197509765625,X2,X2
3.930767711324279e-09,295.2193603515625,101.675048828125,-620.9774780273438,193.5443115234375,X2,X2
1.696218027147367e-10,359.72625732421875,134.75177001953125,-613.3657836914062,224.9744873046875,X1,X2
1.0763710633909795e-07,341.700439453125,181.25543212890625,-665.1639404296875,160.44500732421875,X2,X2
1.9754427285079146e-06,269.4246826171875,138.07748413085938,-667.0137939453125,131.34716796875,X2,X2
6.822918674487255e-09,361.668212890625,173.63845825195312,-643.4228515625,188.02978515625,X1,X2
1.0340122091889725e-09,333.924072265625,127.02587890625,-639.96337890625,206.898193359375,X2,X2
8.281407559707077e-09,259.8843994140625,73.7918701171875,-653.233642578125,186.092529296875,X2,X2
5.124411828205666e-08,352.3714599609375,184.50482177734375,-668.25048828125,167.86663818359375,X1,X2
2.2456795704783872e-05,246.2066650390625,139.1676025390625,-710.3447265625,107.0390625,X2,X2
3.161650496963375e-08,302.33740234375,129.64154052734375,-661.03955078125,172.69586181640625,X2,X2
1.2441875085755782e-08,314.1162109375,132.09423828125,-681.99560546875,182.02197265625,X2,X2
8.287061632472614e-07,330.6380615234375,190.60406494140625,-689.587158203125,140.03399658203125,X1,X2
1.4250946200888848e-08,356.764404296875,176.0999755859375,-619.2810668945312,180.6644287109375,X2,X2
0.6931471824645996,0.0,0.0,-653.0515747070312,0.0,X2,X2
1.5166798372767687e-10,376.65399169921875,150.56072998046875,-594.90478515625,226.09326171875,X1,X2
1.4651361901485416e-08,349.5609130859375,169.173583984375,-617.1944580078125,180.3873291015625,X2,X2
8.372304449721923e-08,334.236328125,171.27880859375,-623.8079833984375,162.95751953125,X2,X2
7.3679267131865345e-09,375.823486328125,188.56219482421875,-622.736083984375,187.26129150390625,X1,X2
3.7846112910244756e-09,352.765625,158.8424072265625,-637.7280883789062,193.9232177734375,X1,X2
6.586331480207264e-11,352.241455078125,117.80706787109375,-608.3013916015625,234.43438720703125,X1,X2
2.0916204324095133e-09,315.3175048828125,115.4642333984375,-626.80615234375,199.853271484375,X2,X2
5.300487160297962e-08,345.194580078125,177.66574096679688,-643.5625,167.52880859375,X2,X2
9.166659653558895e-10,352.61505126953125,144.51223754882812,-636.0921630859375,208.102783203125,X1,X2
6.693612331076793e-11,342.03955078125,107.7667236328125,-622.4317016601562,234.2728271484375,X1,X2
9.607153614310526e-12,349.952392578125,96.26727294921875,-611.9775390625,253.68511962890625,X1,X2
5.03693691200624e-08,335.72412109375,167.685302734375,-672.1279296875,168.038818359375,X2,X2
2.3973697693691065e-08,294.6578369140625,119.19476318359375,-665.6395263671875,175.46307373046875,X2,X2
1.0023902632383397e-06,312.8946533203125,174.763427734375,-666.3330078125,138.1312255859375,X2,X2
0.6931471824645996,0.0,0.0,-739.3631591796875,0.0,X2,X2
1.6484463571941887e-07,337.3138427734375,181.1312255859375,-656.6634521484375,156.1826171875,X2,X2
9.613716400735939e-08,340.2381591796875,178.66326904296875,-665.22802734375,161.57489013671875,X2,X2
2.2937893806584952e-09,349.9378662109375,151.00726318359375,-645.826171875,198.93060302734375,X1,X2
4.77977391000195e-09,335.380615234375,143.79190063476562,-586.7742309570312,191.58871459960938,X2,X2
6.7908354139945e-07,282.3863525390625,140.36114501953125,-616.864990234375,142.02520751953125,X2,X2
2.863486336934784e-08,331.517822265625,157.8314208984375,-615.1311645507812,173.6864013671875,X2,X2
3.105553147975115e-08,292.114501953125,119.23965454101562,-663.6642456054688,172.8748779296875,X2,X2
2.457053928806713e-13,351.6331787109375,61.2867431640625,-562.600341796875,290.346435546875,X1,X2
2.3197079812575794e-09,309.0380859375,110.2198486328125,-610.048095703125,198.8182373046875,X2,X2
2.3793609216227196e-07,334.9798583984375,182.46722412109375,-639.4556884765625,152.51263427734375,X2,X2
5.72408225707477e-07,320.134521484375,176.40042114257812,-650.6993408203125,143.734130859375,X2,X2
1.7593634327184304e-09,335.9560546875,134.3729248046875,-615.9518432617188,201.5831298828125,X2,X2
1.501684288029992e-08,317.01220703125,136.87127685546875,-626.2484130859375,180.14093017578125,X2,X2
2.528665845602518e-06,291.550537109375,162.67236328125,-663.796875,128.878173828125,X2,X2
1.0900788716128318e-08,369.61627197265625,186.27197265625,-634.66357421875,183.34429931640625,X1,X2
9.059683492296244e-08,310.2119140625,148.04348754882812,-635.28173828125,162.16845703125,X2,X2
7.833354409569893e-09,329.145751953125,142.49700927734375,-630.4820556640625,186.64874267578125,X2,X2
4.5502605156011455e-11,354.13726806640625,116.0047607421875,-587.7362060546875,238.13250732421875,X1,X2
7.589412120978523e-08,316.129150390625,152.18988037109375,-618.5350341796875,163.93927001953125,X2,X2
1.0638695613351956e-07,337.4246826171875,176.86285400390625,-627.3046875,160.56182861328125,X2,X2
6.203315638941831e-09,363.60040283203125,174.61859130859375,-593.2338256835938,188.9818115234375,X1,X2
2.3028788120882382e-07,329.71697998046875,176.87765502929688,-588.943603515625,152.83935546875,X2,X2
7.368984000777345e-08,342.30078125,178.0667724609375,-609.4166870117188,164.2340087890625,X2,X2
2.051846692552317e-08,363.82171630859375,186.80233764648438,-643.4454956054688,177.0194091796875,X1,X2
3.6598302699530905e-07,321.6397705078125,173.43295288085938,-631.40673828125,148.206787109375,X2,X2
1.5832414490546398e-08,328.5582275390625,148.94613647460938,-659.8553466796875,179.612060546875,X2,X2
6.684972220227792e-08,344.6480712890625,179.43988037109375,-653.164794921875,165.20819091796875,X1,X2
8.327669092977885e-06,244.112060546875,127.15286254882812,-686.7713623046875,116.959228515625,X2,X2
1.8925115696788453e-08,329.6976318359375,151.869873046875,-651.6653442382812,177.8277587890625,X2,X2
1.5614902793004148e-07,322.5517578125,165.82723999023438,-649.450439453125,156.72454833984375,X2,X2
7.0772374627381396e-09,370.9139404296875,183.2501220703125,-634.8192749023438,187.663818359375,X1,X2
2.6680396558731445e-08,347.986572265625,173.59323120117188,-662.568115234375,174.39337158203125,X2,X2
3.299154371916302e-08,342.574462890625,170.3043212890625,-666.99609375,172.2701416015625,X2,X2
2.6689744458963105e-07,326.37548828125,175.011474609375,-678.9797973632812,151.364013671875,X1,X2
1.1003791087205173e-06,203.1531982421875,65.95465087890625,-693.091796875,137.19854736328125,X2,X2
2.369023910375745e-08,349.005615234375,173.42355346679688,-672.8148193359375,175.58203125,X2,X2
2.630091699984405e-10,355.765869140625,135.17755126953125,-639.736083984375,220.58831787109375,X1,X2
1.3786322083930713e-09,323.529541015625,119.5078125,-637.52783203125,204.021728515625,X2,X2
5.842288430812914e-09,316.8616943359375,127.2802734375,-662.4353637695312,189.5814208984375,X2,X2
1.5158107657953224e-08,326.4166259765625,146.36929321289062,-659.4422607421875,180.04730224609375,X2,X2
1.2722794373587476e-08,363.8671875,182.0684814453125,-666.0430297851562,181.7987060546875,X1,X2
0.00011882142280228436,127.9295654296875,37.55126953125,-714.7958374023438,90.3782958984375,X2,X2
1.1936500399212235e-10,313.9337158203125,85.44537353515625,-601.5179443359375,228.48834228515625,X2,X2
1.3133583109947722e-10,351.4864501953125,123.95382690429688,-594.8023071289062,227.53262329101562,X1,X2
0.6931471824645996,0.0,0.0,-715.6392822265625,0.0,X2,X2
3.272074167171013e-09,326.13128662109375,130.75286865234375,-612.7608032226562,195.37841796875,X2,X2
3.7111842488002367e-09,347.02978515625,152.91064453125,-641.448974609375,194.119140625,X1,X2
5.6225403000098595e-08,343.6322021484375,176.69326782226562,-641.5794677734375,166.93896484375,X2,X2
3.180995520324359e-07,327.05078125,177.4417724609375,-662.3343505859375,149.6090087890625,X2,X2
7.7596409298053e-09,336.2720947265625,149.52883911132812,-638.7796020507812,186.7432861328125,X2,X2
9.435700221160914e-09,355.06756591796875,170.27993774414062,-654.97021484375,184.78765869140625,X1,X2
2.627325468296249e-09,304.2386474609375,106.6656494140625,-642.5177001953125,197.572998046875,X2,X2
4.1174585962977517e-10,317.9365234375,101.83038330078125,-645.7830810546875,216.10614013671875,X2,X2
1.6643407763083928e-09,354.5443115234375,152.40591430664062,-660.9066162109375,202.13836669921875,X1,X2
1.3006055041842046e-06,308.6826171875,173.15579223632812,-693.5677490234375,135.52679443359375,X2,X2
2.1998567412140346e-09,334.355712890625,135.00698852539062,-605.131591796875,199.34872436523438,X2,X2
2.0876664841296133e-09,351.2808837890625,151.40872192382812,-616.5816040039062,199.8721923828125,X1,X2
7.031439963611774e-08,182.755859375,18.052978515625,-667.0814208984375,164.702880859375,X2,X2
2.933015366579639e-06,268.68896484375,141.294189453125,-650.5823974609375,127.394775390625,X2,X2
1.317243629728182e-07,325.89898681640625,167.47344970703125,-636.5099487304688,158.425537109375,X2,X2
9.96990667800901e-09,322.865478515625,138.62857055664062,-626.3358764648438,184.2369384765625,X1,X2
9.056322913814085e-10,309.932373046875,101.70849609375,-621.65625,208.223876953125,X2,X2
3.0666218009400836e-08,349.00811767578125,176.00704956054688,-647.2828369140625,173.00103759765625,X2,X2
1.085570211500908e-08,363.370849609375,179.985107421875,-640.2384033203125,183.3857421875,X1,X2
8.548342975700507e-07,252.032958984375,112.30938720703125,-665.1585693359375,139.72357177734375,X2,X2
4.151142007913222e-08,349.8096923828125,179.83673095703125,-659.62255859375,169.97296142578125,X2,X2
5.837717868785106e-14,368.84783935546875,64.12933349609375,-591.066162109375,304.718505859375,X1,X2
2.9690083280797808e-08,338.8287353515625,165.50424194335938,-651.7694091796875,173.32452392578125,X2,X2
2.4215614402578467e-08,317.66650390625,142.3038330078125,-654.6043701171875,175.3626708984375,X2,X2
1.3383562036395347e-09,330.4261474609375,126.10787963867188,-631.7898559570312,204.3182373046875,X2,X2
2.0802824352017524e-08,359.400390625,182.51861572265625,-667.9964599609375,176.88177490234375,X1,X2
1.283151096487245e-08,272.267822265625,90.55419921875,-644.173095703125,181.713623046875,X2,X2
4.090707150794515e-08,337.3521728515625,167.2325439453125,-661.58154296875,170.11962890625,X2,X2
1.0041548925698862e-08,367.587646484375,183.42233276367188,-645.432373046875,184.16534423828125,X1,X2
3.3163746748776646e-10,316.841552734375,98.57177734375,-632.1414794921875,218.269775390625,X2,X2
2.2076845240803777e-08,347.6617431640625,171.3743896484375,-645.9452514648438,176.287353515625,X2,X2
8.425894704178205e-11,336.4383544921875,104.46710205078125,-629.703125,231.97125244140625,X1,X2
1.1039833225368056e-07,302.470458984375,142.27874755859375,-659.269775390625,160.19171142578125,X2,X2
3.901792666738402e-09,321.87548828125,128.2572021484375,-642.3346557617188,193.6182861328125,X2,X2
9.70921860243834e-07,216.438720703125,77.988525390625,-679.186767578125,138.4501953125,X2,X2
1.024210138922399e-08,363.9315185546875,179.96392822265625,-605.5771484375,183.96759033203125,X1,X2
3.358870515057788e-08,341.1767578125,169.08599853515625,-612.9366455078125,172.09075927734375,X2,X2
3.158582373430363e-08,315.27197265625,142.56640625,-653.1229248046875,172.70556640625,X2,X2
3.462735653769755e-09,360.1014404296875,165.28936767578125,-632.333984375,194.81207275390625,X1,X2
2.0027059122185165e-07,317.3587646484375,163.122802734375,-643.9465942382812,154.2359619140625,X2,X2
0.6931471824645996,0.0,0.0,-714.4658203125,0.0,X2,X2
5.620657272942253e-10,351.06378173828125,138.06976318359375,-623.5266723632812,212.9940185546875,X1,X2
4.0747679008745763e-07,321.5545654296875,174.42178344726562,-674.61962890625,147.1328125,X2,X2
1.3429652199192788e-06,278.259521484375,143.05319213867188,-673.095703125,135.206298828125,X2,X2
4.732854108624451e-09,313.5404052734375,121.85302734375,-649.4712524414062,191.6873779296875,X2,X2
3.882803367022403e-12,300.75439453125,38.009765625,-618.3043212890625,262.74462890625,X1,X2
9.805780365468308e-08,232.8514404296875,71.474365234375,-660.6499633789062,161.3770751953125,X2,X2
8.507782922606566e-08,342.5242919921875,179.72726440429688,-660.1293334960938,162.7969970703125,X2,X2
1.6811075198575054e-08,356.4012451171875,177.38900756835938,-648.58935546875,179.01226806640625,X1,X2
4.33689670842341e-08,339.0206298828125,169.48544311523438,-661.8165283203125,169.53521728515625,X2,X2
7.30908666923824e-08,338.96435546875,174.64874267578125,-671.6385498046875,164.31561279296875,X2,X2
1.8871650908636184e-09,352.308837890625,151.42691040039062,-641.3729248046875,200.88189697265625,X1,X2
2.3439977070438545e-08,348.6082763671875,172.92001342773438,-607.541015625,175.688232421875,X2,X2
2.3752843958391168e-07,323.673828125,171.14404296875,-634.896240234375,152.52978515625,X2,X2
1.7277053121489416e-09,327.163818359375,125.39910888671875,-598.8826904296875,201.76470947265625,X2,X2
1.2852673592078645e-08,358.55126953125,176.8541259765625,-594.242431640625,181.6971435546875,X1,X2
1.4508858612316544e-06,321.4822998046875,187.0489501953125,-636.208984375,134.433349609375,X2,X2
4.774910777882724e-08,344.5743408203125,176.00128173828125,-650.9573974609375,168.57305908203125,X2,X2
4.0829467584657664e-10,373.85748291015625,157.66717529296875,-618.7559814453125,216.1903076171875,X1,X2
7.153533374548715e-07,317.242431640625,175.73757934570312,-640.35205078125,141.5048828125,X2,X2
8.506773063743367e-09,335.033447265625,149.20941162109375,-635.5936279296875,185.82403564453125,X2,X2
1.9288592056909692e-08,367.68536376953125,190.04788208007812,-622.1854248046875,177.63751220703125,X1,X2
3.469811815648427e-08,324.0924072265625,152.32659912109375,-641.5882568359375,171.76580810546875,X2,X2
9.963675751123446e-08,338.3292236328125,177.11187744140625,-646.116455078125,161.21734619140625,X2,X2
5.320359974803068e-08,335.162109375,167.67071533203125,-634.5181884765625,167.49139404296875,X2,X2
8.710947518864032e-09,347.9024658203125,162.31561279296875,-633.06201171875,185.58685302734375,X1,X2
7.77226194514924e-09,339.3966064453125,152.66958618164062,-655.5172119140625,186.72705078125,X2,X2
0.6931471824645996,0.0,0.0,-750.9281005859375,0.0,X2,X2
3.896869049668794e-09,365.5618896484375,171.93096923828125,-652.296630859375,193.63092041015625,X1,X2
2.6163249084582008e-12,306.8062744140625,40.11376953125,-616.7595825195312,266.6925048828125,X2,X2
0.6931471824645996,0.0,0.0,-774.7181396484375,0.0,X2,X2
4.699203248748063e-09,374.55731201171875,182.798583984375,-644.0494384765625,191.75872802734375,X1,X2
2.1386103981058113e-06,249.235595703125,118.68206787109375,-633.3935546875,130.55352783203125,X2,X2
1.642994074124715e-09,327.4124755859375,125.14501953125,-639.8229370117188,202.2674560546875,X2,X2
1.3041469173913356e-05,266.4378662109375,153.96417236328125,-680.837890625,112.47369384765625,X2,X2
2.1937645033887065e-09,350.2724609375,150.89599609375,-611.38916015625,199.37646484375,X1,X2
2.061146808784997e-08,345.06298828125,168.08880615234375,-645.764404296875,176.97418212890625,X2,X2
1.487404865940789e-09,333.052734375,129.7904052734375,-657.5120239257812,203.2623291015625,X2,X2
2.449507974233711e-08,365.66314697265625,190.41525268554688,-666.7686157226562,175.2479248046875,X1,X2
4.666477870785002e-09,337.548095703125,145.719482421875,-668.5184326171875,191.82861328125,X2,X2
1.0472954059537187e-08,368.9249267578125,185.18023681640625,-681.9075927734375,183.74468994140625,X1,X2
4.537256792502831e-09,345.8447265625,153.73532104492188,-674.8397216796875,192.10943603515625,X2,X2
5.412235659640885e-10,316.8829345703125,103.51104736328125,-655.5870361328125,213.37188720703125,X2,X2
2.988404901316244e-08,344.0548095703125,170.79544067382812,-677.1709594726562,173.2593994140625,X2,X2
6.645669570204404e-10,373.4256591796875,162.10678100585938,-658.3682861328125,211.31884765625,X1,X2
1.3514443786277752e-08,349.6182861328125,168.4232177734375,-683.5711059570312,181.195068359375,X2,X2
1.2228742463094022e-08,330.24462890625,148.04986572265625,-679.51171875,182.19476318359375,X2,X2
2.0350781060329837e-09,381.83294677734375,181.70562744140625,-674.4407958984375,200.1273193359375,X1,X2
3.1496978181166924e-07,328.25439453125,178.54647827148438,-696.0545043945312,149.7078857421875,X2,X2
3.032802808888846e-08,349.533447265625,176.42153930664062,-688.9443969726562,173.1119384765625,X2,X2
3.2358102863838667e-09,351.58837890625,156.0985107421875,-647.5525512695312,195.4898681640625,X1,X2
2.3626386180808367e-08,344.128662109375,168.5196533203125,-644.322509765625,175.6090087890625,X2,X2
1.181885561640783e-10,324.5069580078125,95.9195556640625,-608.2982177734375,228.58740234375,X2,X2
1.8900875531357997e-08,359.0771484375,181.23654174804688,-675.31298828125,177.840576171875,X2,X2
1.3598594472696846e-10,370.9864501953125,143.80172729492188,-639.1113891601562,227.1846923828125,X1,X2
2.30003340817575e-08,290.77783203125,114.9002685546875,-655.5453491210938,175.8775634765625,X2,X2
1.1438334723834487e-07,336.108642578125,176.27154541015625,-667.39111328125,159.83709716796875,X2,X2
7.159551840274503e-10,365.20703125,154.63299560546875,-641.508544921875,210.57403564453125,X1,X2
3.807377169096071e-08,315.357177734375,144.519775390625,-660.0995483398438,170.83740234375,X2,X2
6.131621432814427e-08,333.239501953125,167.16729736328125,-679.203857421875,166.07220458984375,X2,X2
6.225919779723199e-09,371.9693603515625,183.02392578125,-657.2153930664062,188.9454345703125,X1,X2
5.974874284220277e-08,343.783203125,177.45199584960938,-670.2918090820312,166.3311767578125,X2,X2
2.9320934569199153e-10,378.62664794921875,159.12530517578125,-638.332763671875,219.5013427734375,X1,X2
1.5033178257795043e-08,356.5943603515625,176.46429443359375,-667.0423583984375,180.13006591796875,X2,X2
6.167282795566109e-10,354.0638427734375,141.99789428710938,-651.023193359375,212.06591796875,X2,X2
4.589097102325468e-08,351.6455078125,182.675537109375,-669.2315063476562,168.969970703125,X1,X2
2.561163903180841e-08,348.62744140625,173.82522583007812,-666.3499755859375,174.80218505859375,X2,X2
0.6931471824645996,0.0,0.0,-730.6669921875,0.0,X2,X2
2.6906981087648774e-09,381.7908935546875,184.45623779296875,-582.5849609375,197.33465576171875,X1,X2
4.263009056870715e-09,346.27764892578125,153.54473876953125,-635.0594482421875,192.73291015625,X2,X2
2.8603676582861226e-07,221.81982421875,71.14837646484375,-644.17822265625,150.67144775390625,X2,X2
6.288217058170176e-09,363.42315673828125,174.5772705078125,-623.8709716796875,188.84588623046875,X2,X2
5.618252174599547e-08,332.5791015625,165.63250732421875,-628.91943359375,166.94659423828125,X2,X2
8.665441697530696e-09,327.4112548828125,141.77203369140625,-633.8861083984375,185.63922119140625,X2,X2
0.6931471824645996,0.0,0.0,-722.592529296875,0.0,X2,X2
4.497965111482927e-09,362.99853515625,170.80215454101562,-625.2091674804688,192.1964111328125,X2,X2
2.2102535357504394e-09,355.5277099609375,156.22613525390625,-637.3193359375,199.30157470703125,X2,X2
5.824775328733267e-09,328.2535400390625,138.64208984375,-645.8475952148438,189.6114501953125,X2,X2
6.54922374110356e-08,339.196533203125,173.78323364257812,-657.2955322265625,165.413330078125,X2,X2
4.8047459344502386e-09,345.198974609375,153.662353515625,-654.5015869140625,191.53662109375,X2,X2
2.220747887804464e-07,330.7940673828125,177.59152221679688,-673.6799926757812,153.2025146484375,X2,X2
1.678181575925919e-07,327.431884765625,171.42803955078125,-672.3018798828125,156.00384521484375,X2,X2
2.7800735047378566e-09,381.4432373046875,184.43536376953125,-654.01513671875,197.00787353515625,X1,X2
3.114051239094806e-09,378.9483642578125,183.074951171875,-650.0271606445312,195.8734130859375,X1,X2
1.922485726169043e-09,372.0361328125,171.33963012695312,-639.0322265625,200.69647216796875,X1,X2
1.089829879674653e-07,344.19970703125,183.87896728515625,-653.54345703125,160.32073974609375,X1,X2
2.560887564289835e-14,369.28173828125,56.3233642578125,-562.4445190429688,312.9583740234375,X1,X2
2.014235722658242e-10,348.153076171875,124.89700317382812,-638.288330078125,223.256103515625,X2,X2
2.4475310667071426e-09,378.3785400390625,180.0966796875,-630.3892211914062,198.2818603515625,X1,X2
7.044158589764038e-10,294.4083251953125,83.67181396484375,-594.2359619140625,210.73651123046875,X2,X2
2.5225572741760516e-09,340.5667724609375,142.58682250976562,-625.715576171875,197.97991943359375,X2,X2
8.732477141393247e-08,330.498779296875,167.96246337890625,-625.3765869140625,162.53631591796875,X2,X2
5.3286850487666015e-09,379.39923095703125,188.89761352539062,-582.51220703125,190.50161743164062,X1,X2
4.903346351170512e-08,310.9951171875,142.6875,-650.5726928710938,168.3076171875,X2,X2
8.78261352532661e-10,285.767578125,77.23681640625,-649.21337890625,208.53076171875,X2,X2
8.803274775814884e-10,370.163330078125,161.65606689453125,-615.663330078125,208.50726318359375,X1,X2
4.981034180673305e-07,217.381591796875,72.25701904296875,-675.5399169921875,145.12457275390625,X2,X2
1.0027544306012715e-07,306.652099609375,145.49868774414062,-672.8170776367188,161.1534423828125,X2,X2
4.387486762791326e-10,370.16064453125,154.689697265625,-624.4031982421875,215.470947265625,X1,X2
1.9198803613562632e-07,314.3570556640625,159.69873046875,-670.6007690429688,154.6583251953125,X2,X2
3.304647527846427e-11,344.472412109375,103.141357421875,-631.6136474609375,241.3310546875,X2,X2
3.439698303964178e-08,324.37255859375,152.51959228515625,-681.57470703125,171.85296630859375,X2,X2
2.317071395863124e-10,379.8377685546875,157.9822998046875,-610.8161010742188,221.85546875,X1,X2
2.040730961994086e-08,321.338134765625,144.264404296875,-645.5867309570312,177.07373046875,X2,X2
0.6931471824645996,0.0,0.0,-768.119140625,0.0,X2,X2
5.286760473843799e-10,357.623291015625,144.016845703125,-614.455078125,213.6064453125,X1,X2
2.1355299473224676e-11,331.418701171875,85.72149658203125,-618.30419921875,245.69720458984375,X2,X2
3.3683640321413577e-09,330.070556640625,134.982177734375,-626.2867431640625,195.08837890625,X2,X2
9.889491003889361e-09,351.1544189453125,166.83648681640625,-614.7867431640625,184.31793212890625,X1,X2
1.0236106184891014e-08,327.45947265625,143.48602294921875,-650.787353515625,183.97344970703125,X2,X2
9.748622176175559e-08,305.9622802734375,144.52676391601562,-710.1739501953125,161.435546875,X2,X2
7.501314014390914e-10,331.108154296875,121.00042724609375,-657.859619140625,210.10772705078125,X2,X2
1.7339116809012012e-09,346.58453369140625,144.85568237304688,-612.7318115234375,201.72885131835938,X1,X2
3.073684240462171e-08,314.2935791015625,141.3155517578125,-647.0732421875,172.97802734375,X2,X2
0.6931471824645996,0.0,0.0,-750.5509643554688,0.0,X2,X2
1.8998198569875058e-09,371.56414794921875,170.74905395507812,-613.7871704101562,200.8150634765625,X1,X2
1.5568555333800305e-09,370.7490234375,167.94308471679688,-633.9547119140625,202.80596923828125,X1,X2
7.712736760367989e-08,304.67431640625,140.89620971679688,-652.1856689453125,163.778076171875,X2,X2
9.41165895218532e-11,328.033203125,97.1683349609375,-637.9620971679688,230.8648681640625,X2,X2
5.503240658316644e-12,334.8267822265625,75.5699462890625,-625.370849609375,259.2568359375,X2,X2
1.784735985665975e-07,294.484375,139.09613037109375,-688.553466796875,155.38824462890625,X2,X2
1.186944853515115e-08,321.7919921875,139.29901123046875,-645.4627685546875,182.49298095703125,X2,X2
2.3805523524655925e-11,361.81201171875,117.20098876953125,-608.6650390625,244.61102294921875,X1,X2
3.886753347615013e-06,217.37109375,92.791748046875,-664.7701416015625,124.579345703125,X2,X2
6.414626607664786e-09,305.825927734375,117.1790771484375,-638.1387329101562,188.6468505859375,X2,X2
1.0761812552217975e-09,361.1602783203125,154.66180419921875,-617.5828857421875,206.49847412109375,X1,X2
2.2548583444859105e-08,327.92236328125,151.846435546875,-668.9415893554688,176.075927734375,X2,X2
1.4376038137697833e-08,367.40460205078125,186.82754516601562,-609.3922729492188,180.5770263671875,X1,X2
4.9296851045710355e-09,318.939453125,127.6595458984375,-650.2261962890625,191.2799072265625,X2,X2
4.054543645271025e-10,326.485595703125,110.2254638671875,-631.4035034179688,216.2601318359375,X2,X2
6.5417800065858955e-09,344.9588623046875,156.50827026367188,-627.0443725585938,188.4505615234375,X2,X2
8.874435630801258e-10,386.1644287109375,177.7376708984375,-589.0594482421875,208.4267578125,X1,X2
1.743739375115183e-08,327.634033203125,148.98751831054688,-629.35009765625,178.646484375,X2,X2
1.3962379341592168e-07,329.1123046875,171.2691650390625,-651.8550415039062,157.8431396484375,X2,X2
2.1797084137631373e-09,356.97833251953125,157.53759765625,-609.7930908203125,199.44073486328125,X1,X2
6.699753640759809e-08,190.586181640625,25.40008544921875,-649.213134765625,165.18609619140625,X2,X2
4.2713292458529395e-08,320.7608642578125,151.07330322265625,-648.640625,169.68756103515625,X2,X2
1.7992417555845464e-09,348.129150390625,146.7701416015625,-619.1077270507812,201.3590087890625,X1,X2
2.912326735327042e-08,296.4256591796875,122.90838623046875,-661.0421142578125,173.51727294921875,X2,X2
1.320915710145698e-09,336.793701171875,132.34429931640625,-645.3590087890625,204.44940185546875,X2,X2
5.021037474683965e-10,321.582275390625,107.46014404296875,-647.0352783203125,214.12213134765625,X2,X2
4.051855295728046e-09,376.72137451171875,183.48049926757812,-637.5054931640625,193.24090576171875,X1,X2
6.497073434807987e-10,344.5423583984375,132.99737548828125,-635.911865234375,211.54498291015625,X2,X2
1.098344029060172e-07,332.864990234375,172.6220703125,-686.7913818359375,160.242919921875,X2,X2
1.919359532420728e-10,371.8028564453125,148.06427001953125,-618.1541748046875,223.73858642578125,X1,X2
5.62415392035831e-10,343.1162109375,130.12841796875,-643.4598999023438,212.98779296875,X2,X2
1.94946255760442e-06,265.257568359375,133.77801513671875,-691.725830078125,131.47955322265625,X2,X2
7.028054249680338e-10,380.171630859375,169.41220092773438,-628.9973754882812,210.7593994140625,X1,X2
1.305258390260633e-08,355.33740234375,173.79461669921875,-661.3856201171875,181.54278564453125,X2,X2
3.644849471129419e-07,319.918701171875,171.67092895507812,-676.1483154296875,148.247802734375,X2,X2
9.023717884026894e-10,347.2252197265625,138.96527099609375,-648.1353759765625,208.25994873046875,X2,X2
1.6070147879077012e-08,365.90185546875,186.43887329101562,-638.6430053710938,179.4630126953125,X1,X2
3.407453519344017e-08,353.727294921875,181.7801513671875,-664.1506958007812,171.9471435546875,X2,X2
1.4709272022628284e-07,309.066650390625,151.74462890625,-669.0047607421875,157.322021484375,X2,X2
1.4470769027497e-10,378.08099365234375,151.5179443359375,-622.6822509765625,226.56304931640625,X1,X2
1.9902699932572432e-08,346.29412841796875,168.97003173828125,-644.9849243164062,177.3240966796875,X2,X2
3.7708836053695904e-10,353.92578125,136.94036865234375,-605.043212890625,216.98541259765625,X2,X2
2.441860935675777e-09,379.0391845703125,180.734130859375,-623.9910278320312,198.3050537109375,X1,X2
1.724055564977789e-08,329.28125,150.521240234375,-639.0830078125,178.760009765625,X2,X2
6.566498882421001e-07,312.6627197265625,170.30157470703125,-686.111572265625,142.36114501953125,X2,X2
1.95667336500005e-11,327.104248046875,80.5323486328125,-615.9442749023438,246.5718994140625,X2,X2
4.662765173968353e-10,358.2821044921875,143.41970825195312,-628.7600708007812,214.8624267578125,X1,X2
7.542080027178599e-08,336.46875,172.46688842773438,-677.9244995117188,164.0018310546875,X2,X2
7.130068269134426e-08,330.640380859375,166.0767822265625,-668.1775512695312,164.5635986328125,X2,X2
7.637349780376113e-11,343.4141845703125,110.4603271484375,-615.5030517578125,232.953857421875,X1,X2
0.6931471824645996,0.0,0.0,-751.3035888671875,0.0,X2,X2
1.2298158935664105e-07,336.6180419921875,177.50570678710938,-678.8060302734375,159.1123046875,X2,X2
3.835143758124104e-09,356.2025146484375,162.41192626953125,-660.8441162109375,193.79058837890625,X1,X2
3.9784825389688194e-07,328.8797607421875,181.50778198242188,-691.4717407226562,147.3719482421875,X2,X2
5.986041884398219e-08,335.4921875,169.17965698242188,-671.57373046875,166.3125,X2,X2
3.504009526977825e-08,344.8223876953125,173.1546630859375,-668.9735107421875,171.667724609375,X2,X2
1.446685653216928e-13,363.8924560546875,68.2491455078125,-632.251953125,295.643310546875,X1,X2
7.779532040785853e-08,338.71728515625,175.02545166015625,-660.4150390625,163.69183349609375,X2,X2
8.176410659643807e-08,331.2496337890625,168.05538940429688,-673.34423828125,163.19427490234375,X2,X2
3.4200947629514644e-10,379.575439453125,161.61361694335938,-597.0181884765625,217.96182250976562,X1,X2
1.4106889523191057e-07,293.7901611328125,136.04995727539062,-636.342041015625,157.74017333984375,X2,X2
2.2079834849364488e-08,352.24664306640625,175.96066284179688,-640.5493774414062,176.2860107421875,X2,X2
6.864123158756286e-10,365.152587890625,154.15716552734375,-630.1767578125,210.99542236328125,X1,X2
8.827066300121089e-10,340.8284912109375,132.34820556640625,-617.819580078125,208.48028564453125,X2,X2
1.5798590213833563e-09,342.1356201171875,139.47628784179688,-626.9795532226562,202.6593017578125,X2,X2
4.921429663795607e-08,336.159912109375,167.88909912109375,-656.860107421875,168.27081298828125,X2,X2
1.8414534220384526e-12,369.17694091796875,98.9722900390625,-604.49267578125,270.20465087890625,X1,X2
5.4051948694677776e-08,332.831787109375,165.49859619140625,-688.0872802734375,167.33319091796875,X2,X2
1.6661083179769776e-07,329.3460693359375,173.27001953125,-651.5459594726562,156.0760498046875,X2,X2
3.3254739406629596e-08,362.5386962890625,190.34805297851562,-643.253173828125,172.190673828125,X1,X2
1.9047683963435702e-06,221.5098876953125,89.79840087890625,-672.3135986328125,131.71148681640625,X2,X2
2.837918771092518e-07,315.099609375,164.349365234375,-683.930908203125,150.750244140625,X2,X2
7.983375738263021e-09,373.9803466796875,187.52130126953125,-675.6392822265625,186.45904541015625,X1,X2
4.469080039370965e-08,345.4495849609375,176.214599609375,-673.2655029296875,169.2349853515625,X2,X2
7.1632433318313815e-09,344.6612548828125,157.11822509765625,-664.059814453125,187.54302978515625,X2,X2
2.451246494672432e-08,351.0556640625,175.8148193359375,-695.5739135742188,175.2408447265625,X2,X2
6.05978058842993e-08,353.4300537109375,187.239990234375,-697.5311889648438,166.1900634765625,X1,X2
1.942197513926658e-08,331.83642578125,154.267822265625,-665.1241455078125,177.568603515625,X2,X2
1.6249338541385328e-09,388.26171875,185.88372802734375,-614.42626953125,202.37799072265625,X1,X2
7.179236405363554e-08,301.760986328125,137.26611328125,-681.6874389648438,164.494873046875,X2,X2
4.513264428851471e-08,339.394775390625,170.2581787109375,-663.6975708007812,169.1365966796875,X2,X2
2.7722882323111264e-10,378.4398193359375,158.3780517578125,-630.9051513671875,220.061767578125,X1,X2
1.254087464985787e-07,333.602783203125,174.6859130859375,-675.0516967773438,158.9168701171875,X2,X2
6.135431274145731e-09,373.26361083984375,184.1717529296875,-663.6793212890625,189.09185791015625,X1,X2
1.598388553247787e-05,240.218505859375,129.779296875,-693.7764282226562,110.439208984375,X2,X2
2.540436749853825e-09,282.9547119140625,85.04541015625,-650.1864013671875,197.9093017578125,X2,X2
9.104827135286708e-12,326.2325439453125,72.0103759765625,-637.4954833984375,254.22216796875,X2,X2
3.441693152694825e-08,345.6351318359375,173.78799438476562,-669.107177734375,171.84716796875,X2,X2
3.8577166461273293e-10,376.8011474609375,160.04339599609375,-677.0352783203125,216.75775146484375,X1,X2
3.999665043608047e-09,341.081787109375,147.71124267578125,-676.5343017578125,193.37054443359375,X2,X2
5.1152495572637235e-09,379.54052734375,188.63015747070312,-673.73828125,190.910400390625,X1,X2
4.940109085693756e-11,371.3870849609375,134.07659912109375,-636.6397705078125,237.31048583984375,X1,X2
6.205224423183608e-08,336.631591796875,170.67874145507812,-681.54150390625,165.952880859375,X2,X2
8.343227619889149e-08,332.042724609375,169.05044555664062,-673.4520874023438,162.9923095703125,X2,X2
1.680299632766946e-08,344.1168212890625,165.0997314453125,-669.2149047851562,179.01708984375,X2,X2
5.022314564229191e-09,292.5545654296875,101.4608154296875,-659.7901611328125,191.09375,X2,X2
2.104849409079179e-05,105.4085693359375,-2.27813720703125,-713.24609375,107.68670654296875,X2,X2
5.026914440264818e-09,348.9112548828125,157.82666015625,-686.89111328125,191.0845947265625,X2,X2
1.0887105800216901e-10,353.037109375,123.62850952148438,-657.0806274414062,229.4085693359375,X1,X2
3.3170866942100474e-08,348.0384521484375,175.822509765625,-680.3641967773438,172.2159423828125,X2,X2
7.307737748263321e-11,369.8619384765625,136.4669189453125,-551.4112548828125,233.39501953125,X1,X2
2.3879582045083225e-07,324.89178466796875,172.41522216796875,-645.7913818359375,152.4765625,X2,X2
1.6315466311311866e-08,342.14752197265625,162.83599853515625,-655.080078125,179.3115234375,X2,X2
5.168818262291097e-09,341.0048828125,150.19866943359375,-643.319091796875,190.80621337890625,X2,X2
8.022520148198709e-11,374.39251708984375,141.93069458007812,-607.4000854492188,232.46182250976562,X1,X2
4.829737498823761e-09,346.11907958984375,154.63433837890625,-639.8239135742188,191.4847412109375,X2,X2
2.1895329993526502e-10,347.03131103515625,124.60964965820312,-630.3077392578125,222.421630859375,X2,X2
2.957696976224611e-09,371.14642333984375,174.75787353515625,-629.3795166015625,196.3885498046875,X1,X2
2.49843812305528e-09,320.626953125,122.55096435546875,-631.708251953125,198.07598876953125,X2,X2
4.0845943516387706e-08,338.550537109375,168.41595458984375,-657.6365966796875,170.13458251953125,X2,X2
1.47430886943134e-11,345.7252197265625,96.32275390625,-637.3771362304688,249.4024658203125,X1,X2
7.193161582108587e-05,161.8515625,66.4539794921875,-700.2285766601562,95.3975830078125,X2,X2
6.036673738663012e-08,334.4683837890625,168.2401123046875,-680.4555053710938,166.228271484375,X2,X2
1.18586150676947e-07,317.0203857421875,157.54412841796875,-666.43505859375,159.47625732421875,X2,X2
7.479970463464269e-06,290.1805419921875,172.14776611328125,-633.4091796875,118.03277587890625,X1,X2
0.00028388574719429016,244.59423828125,162.92630004882812,-638.50390625,81.66796875,X2,X2
7.810032065513894e-10,351.27001953125,141.56561279296875,-702.16748046875,209.70440673828125,X2,X2
1.942230937856948e-06,247.563720703125,116.0469970703125,-735.9131469726562,131.5167236328125,X1,X2
0.6931471824645996,0.0,0.0,-831.5699462890625,0.0,X2,X2
0.6931471824645996,0.0,0.0,-866.997314453125,0.0,X2,X2
5.1672540024583213e-08,356.0087890625,188.22540283203125,-809.7840576171875,167.78338623046875,X1,X2
1.741748747008387e-06,272.1328125,139.52664184570312,-856.818115234375,132.606201171875,X2,X2
2.0806542977425124e-07,275.0576171875,121.2034912109375,-873.5819702148438,153.8541259765625,X2,X2
5.896508525893296e-08,316.8671875,150.40399169921875,-892.5765380859375,166.46319580078125,X2,X2
0.6931471824645996,344.2412109375,344.2412109375,0.0,0.0,X1,X2
0.03983636572957039,273.6312255859375,241.601318359375,179.82232666015625,32.0299072265625,X2,X2
0.0009463483584113419,384.110595703125,314.486328125,192.4000244140625,69.624267578125,X2,X2
0.000131461420096457,404.704833984375,315.3375244140625,193.12957763671875,89.3673095703125,X1,X2
0.00017390794528182596,415.3681640625,328.7991943359375,182.25628662109375,86.5689697265625,X2,X2
0.0029941212851554155,373.638427734375,315.5423583984375,156.71917724609375,58.0960693359375,X2,X2
6.738174107567829e-08,479.9755859375,314.8466796875,63.584716796875,165.12890625,X1,X2
0.0007431264384649694,378.510498046875,306.4677734375,-105.1900634765625,72.042724609375,X2,X2
0.003929920960217714,370.968017578125,315.5963134765625,-190.00848388671875,55.3717041015625,X2,X2
3.409233118034649e-09,379.138427734375,184.170654296875,-257.62939453125,194.9677734375,X2,X2
1.190323273975169e-11,513.0928955078125,261.55078125,-293.34710693359375,251.5421142578125,X1,X2
1.547051708961078e-09,506.7945556640625,303.9254150390625,-356.3509521484375,202.869140625,X2,X2
0.0019441315671429038,384.139404296875,321.7197265625,-458.4512939453125,62.419677734375,X2,X2
1.4469838660602363e-09,516.921875,313.384033203125,-378.8868408203125,203.537841796875,X1,X2
1.2798225153265452e-11,529.250244140625,278.43310546875,-319.1556396484375,250.817138671875,X2,X2
9.881922754043093e-14,506.045654296875,206.5908203125,-308.8790283203125,299.454833984375,X2,X2
7.293941006736304e-10,542.0489501953125,331.660888671875,-312.63897705078125,210.3880615234375,X1,X2
7.100425580830461e-09,447.177978515625,259.546875,-310.5062255859375,187.631103515625,X2,X2
8.176012089577966e-10,502.757080078125,293.5106201171875,-240.73492431640625,209.2464599609375,X2,X2
9.806219170016561e-10,542.5062255859375,335.077880859375,-229.73699951171875,207.4283447265625,X1,X2
1.0174314862831935e-10,529.553466796875,299.4677734375,-301.6649169921875,230.085693359375,X2,X2
1.3069424015244024e-12,524.2755126953125,250.6422119140625,-222.922119140625,273.63330078125,X2,X2
6.357791626498965e-09,505.0106201171875,316.2747802734375,-235.994384765625,188.73583984375,X1,X2
1.0578799988780752e-11,540.126220703125,287.404541015625,-256.8463134765625,252.7216796875,X2,X2
6.4807399446920044e-09,523.467529296875,334.9232177734375,-219.43524169921875,188.5443115234375,X1,X2
5.989721219012978e-11,547.4632568359375,312.079345703125,-163.59283447265625,235.3839111328125,X2,X2
1.6834136307153358e-09,472.95166015625,270.92724609375,-202.1683349609375,202.0244140625,X1,X2
1.0633754987665611e-09,468.2464599609375,261.6282958984375,-148.9610595703125,206.6181640625,X1,X2
5.1891473340504035e-09,528.713134765625,337.9461669921875,-176.27130126953125,190.7669677734375,X2,X2
8.972645446192473e-06,371.9200439453125,255.706787109375,-201.41241455078125,116.2132568359375,X2,X2
1.240166191962544e-09,477.1656494140625,272.08544921875,-152.45379638671875,205.0802001953125,X2,X2
3.107574614302777e-11,503.9283447265625,261.982421875,-133.09967041015625,241.9459228515625,X2,X2
1.091233912120515e-07,489.9661865234375,329.6583251953125,-205.634033203125,160.307861328125,X2,X2
3.4153376304857375e-07,467.0931396484375,318.1949462890625,-214.716796875,148.898193359375,X1,X2
7.78474507079352e-11,362.69091796875,129.92822265625,-133.3497314453125,232.7626953125,X2,X2
5.693229221392926e-10,527.9447021484375,315.0789794921875,-140.10205078125,212.86572265625,X2,X2
5.236727520241402e-05,318.597900390625,220.02587890625,-190.2540283203125,98.572021484375,X2,X2
1.8047943228793883e-07,478.498779296875,323.2222900390625,-154.27276611328125,155.2764892578125,X1,X2
2.0952219959013973e-09,397.1033935546875,197.267333984375,-180.16900634765625,199.8360595703125,X2,X2
3.1459831961733187e-10,520.635498046875,301.8382568359375,-190.19183349609375,218.7972412109375,X2,X2
2.9946590984764043e-07,449.91552734375,299.702880859375,-232.9483642578125,150.212646484375,X1,X2
6.332316893065126e-09,447.75048828125,258.9744873046875,-214.67559814453125,188.7760009765625,X2,X2
0.00010426159860799089,328.81005859375,237.12451171875,-228.2718505859375,91.685546875,X2,X2
4.183585247119481e-07,494.3319091796875,347.462646484375,-202.39398193359375,146.8692626953125,X1,X2
5.387245138877006e-08,450.99755859375,283.631103515625,-190.7451171875,167.366455078125,X2,X2
7.081252988427877e-07,409.487548828125,267.881103515625,-206.482177734375,141.6064453125,X2,X2
2.2386309819766304e-11,494.945556640625,249.7198486328125,-154.25628662109375,245.2257080078125,X2,X2
6.41401811662945e-08,505.8516845703125,340.229736328125,-209.90447998046875,165.6219482421875,X1,X2
8.82963391291014e-08,518.9476318359375,356.52197265625,-209.42181396484375,162.4256591796875,X1,X2
1.4747394061487284e-07,485.791748046875,328.49560546875,-182.9879150390625,157.296142578125,X1,X2
2.4516625174442197e-08,510.9005126953125,335.661376953125,-188.33172607421875,175.2391357421875,X1,X2
8.643771462479855e-12,498.014892578125,243.2730712890625,-138.86077880859375,254.7418212890625,X2,X2
2.1556067694716852e-11,493.725830078125,248.1221923828125,-158.09490966796875,245.6036376953125,X2,X2
5.045722950569598e-09,495.767822265625,304.7205810546875,-175.53497314453125,191.0472412109375,X2,X2
3.024115358130075e-08,471.7391357421875,298.5985107421875,-113.3238525390625,173.140625,X2,X2
4.2602729877216916e-07,457.1544189453125,310.466796875,-123.45599365234375,146.6876220703125,X2,X2
1.147617325614192e-07,415.9146728515625,256.110595703125,-225.79180908203125,159.8040771484375,X2,X2
5.485779386305012e-09,488.4267578125,298.2156982421875,-157.47869873046875,190.2110595703125,X2,X2
2.041707176658747e-07,465.588623046875,311.5455322265625,-223.29449462890625,154.0430908203125,X2,X2
3.3875299787489155e-10,525.854248046875,307.7967529296875,-200.05609130859375,218.0574951171875,X2,X2
1.5931288288584255e-08,511.1964111328125,331.6466064453125,-209.768798828125,179.5498046875,X1,X2
1.0989999310595522e-07,462.9644775390625,302.7275390625,-229.25079345703125,160.2369384765625,X2,X2
1.263511795190908e-10,520.191162109375,292.2716064453125,-181.26727294921875,227.9195556640625,X2,X2
6.145879360985873e-09,469.9151611328125,280.84033203125,-165.25543212890625,189.0748291015625,X1,X2
8.627786263204484e-10,524.5068359375,315.7982177734375,-153.99700927734375,208.7086181640625,X2,X2
1.1493933804729295e-08,517.7557373046875,334.9412841796875,-175.072021484375,182.814453125,X2,X2
3.952102076709707e-07,447.5040283203125,300.0655517578125,-196.473388671875,147.4384765625,X2,X2
4.049460322619325e-09,518.9146728515625,325.6678466796875,-176.659912109375,193.246826171875,X1,X2
2.917373080890684e-07,468.982421875,318.50830078125,-239.44384765625,150.47412109375,X2,X2
1.9968043885043585e-10,523.1201171875,299.777099609375,-203.5899658203125,223.343017578125,X2,X2
1.775247859825413e-08,510.6016845703125,332.13427734375,-226.11761474609375,178.4674072265625,X1,X2
0.35937005281448364,50.8941650390625,42.5107421875,-309.53509521484375,8.3834228515625,X2,X2
5.789082138107915e-07,465.77783203125,322.1566162109375,-145.26226806640625,143.6212158203125,X1,X2
0.00012168496323283762,420.834228515625,330.694091796875,-75.85205078125,90.14013671875,X1,X2
0.0035323293413966894,311.29736328125,254.8570556640625,-46.98529052734375,56.4403076171875,X1,X2
2.127336301782634e-05,451.00927734375,343.4288330078125,-4.94525146484375,107.5804443359375,X1,X2
1.0568481229711324e-05,461.4541015625,346.8778076171875,40.97515869140625,114.5762939453125,X1,X2
1.8509828123569605e-06,451.416259765625,319.4183349609375,87.64898681640625,131.9979248046875,X1,X2
0.6931471824645996,0.0,0.0,62.8822021484375,0.0,X2,X2
1.2190578217996517e-06,447.0904541015625,310.9161376953125,160.822021484375,136.17431640625,X1,X2
0.0004648063040804118,376.313232421875,299.57666015625,205.7823486328125,76.736572265625,X2,X2
7.499104270891621e-08,448.5523681640625,284.493408203125,258.59515380859375,164.0589599609375,X1,X2
0.025863686576485634,299.5,263.0804443359375,141.13677978515625,36.4195556640625,X2,X2
2.0272128420373292e-10,467.3515625,244.15966796875,137.16064453125,223.19189453125,X1,X2
9.661261790583353e-10,544.0650634765625,336.48779296875,41.48797607421875,207.5772705078125,X2,X2
30.52345085144043,-504.895263671875,-199.6607666015625,32.02020263671875,-305.2344970703125,X2,X1
2.5961942355934298e-06,385.9852294921875,257.37060546875,-42.00836181640625,128.6146240234375,X2,X2
1.4755705706193112e-06,416.153564453125,281.888916015625,-120.5380859375,134.2646484375,X2,X2
0.00012122099724365398,398.584228515625,308.4058837890625,-243.04437255859375,90.1783447265625,X2,X2
0.05367429181933403,330.395751953125,301.4171142578125,-361.42608642578125,28.9786376953125,X2,X2
2.8416730856406502e-05,424.3131103515625,319.6279296875,-398.45123291015625,104.6851806640625,X2,X2
1.7112525938500767e-06,453.8548583984375,321.072021484375,-516.3008422851562,132.7828369140625,X2,X2
0.00035855406895279884,401.0999755859375,321.7674560546875,-548.3150634765625,79.33251953125,X2,X2
1.0641227163432632e-05,431.613525390625,317.1058349609375,-586.9143676757812,114.5076904296875,X2,X2
2.0166056856396608e-05,414.512451171875,306.3974609375,-617.9588623046875,108.114990234375,X2,X2
5.611986608755615e-08,417.0914306640625,250.1336669921875,-610.979248046875,166.957763671875,X2,X2
0.13673283159732819,299.251708984375,280.0458984375,-712.4849853515625,19.205810546875,X2,X2
4.657793226670037e-07,389.553466796875,243.7579345703125,-653.7974243164062,145.7955322265625,X2,X2
1.0710521358703318e-08,404.5418701171875,221.021484375,-624.4392700195312,183.5203857421875,X2,X2
6.683031017473695e-09,479.1025390625,290.8656005859375,-623.9821166992188,188.2369384765625,X2,X2
2.932823406354146e-08,488.0052490234375,314.55810546875,-634.1101684570312,173.4471435546875,X2,X2
1.3284603417318408e-09,523.2353515625,318.8428955078125,-666.3822631835938,204.3924560546875,X2,X2
0.6931471824645996,-5.5391845703125,-5.5391845703125,0.0,0.0,X1,X2
3.555372476577759,-39.07391357421875,-3.81005859375,5.064056396484375,-35.26385498046875,X2,X1
1.7095645666122437,-8.64984130859375,6.44976806640625,34.00347900390625,-15.099609375,X1,X1
0.6919942498207092,-21.69305419921875,-21.71612548828125,44.2498779296875,0.0230712890625,X2,X2
0.7835350632667542,4.1798095703125,5.91259765625,66.91790771484375,-1.7327880859375,X2,X2
0.3472736179828644,32.90521240234375,24.1153564453125,49.385772705078125,8.78985595703125,X1,X1
0.02221723087131977,46.0072021484375,8.04962158203125,66.59542846679688,37.95758056640625,X2,X1
0.004135023336857557,106.953125,52.0911865234375,16.34051513671875,54.8619384765625,X2,X2
2.5185763835906982,-206.02789306640625,-181.68218994140625,52.40460205078125,-24.345703125,X2,X1
0.013681896962225437,41.42779541015625,-1.4205322265625,68.19857788085938,42.84832763671875,X2,X1
2.5943487344193272e-05,135.62933349609375,30.0335693359375,75.93350219726562,105.59576416015625,X2,X1
2.280369520187378,-28.41632080078125,-6.69122314453125,90.80157470703125,-21.72509765625,X1,X1
0.011267971247434616,-10.553466796875,-55.35498046875,143.317626953125,44.801513671875,X2,X2
4.3503927571464374e-08,9.805908203125,-159.6982421875,158.978515625,169.504150390625,X2,X1
0.10796081274747849,-15.25250244140625,-36.96771240234375,151.6070556640625,21.7152099609375,X2,X1
9.760092735290527,-42.433349609375,55.1669921875,39.31396484375,-97.600341796875,X1,X1
0.132853165268898,31.39178466796875,11.8782958984375,-23.624725341796875,19.51348876953125,X1,X1
2.0854498128386467e-09,27.22381591796875,-172.65899658203125,99.90875244140625,199.8828125,X2,X1
2.884672278824496e-09,47.30224609375,-149.3363037109375,87.04046630859375,196.6385498046875,X2,X1
2.1371009349823,-10.63555908203125,9.4798583984375,70.21926879882812,-20.11541748046875,X2,X2
17.01544189453125,1.697509765625,171.8519287109375,119.69940185546875,-170.1544189453125,X2,X2
20.0504093170166,-50.311279296875,150.19281005859375,49.605621337890625,-200.50408935546875,X1,X2
9.365540504455566,58.96240234375,152.616943359375,75.7489013671875,-93.654541015625,X2,X2
4.079361915588379,98.58514404296875,139.2081298828125,42.892730712890625,-40.62298583984375,X2,X2
0.2957313060760498,189.35699462890625,178.68902587890625,-3.4864501953125,10.66796875,X2,X2
0.00014467324945144355,261.68841552734375,173.27880859375,-81.82138061523438,88.40960693359375,X1,X2
0.0002429793676128611,248.080810546875,164.856689453125,-161.35540771484375,83.22412109375,X2,X2
1.8804430510499515e-05,256.9022216796875,148.088134765625,-121.97430419921875,108.8140869140625,X2,X2
1.0123369065695442e-05,295.2501220703125,180.2435302734375,-192.116455078125,115.006591796875,X1,X2
0.07050155103206635,174.096435546875,147.9298095703125,-266.41656494140625,26.1666259765625,X2,X2
1.2879003406851552e-05,278.7149658203125,166.11590576171875,-284.5600891113281,112.59906005859375,X2,X2
1.2053559927949209e-08,350.94580078125,168.60675048828125,-297.8580017089844,182.33905029296875,X1,X2
8.029780729224001e-10,336.40447998046875,126.9775390625,-257.1944885253906,209.42694091796875,X2,X2
1.0449582532601198e-06,293.1080322265625,155.3927001953125,-308.562255859375,137.71533203125,X2,X2
5.898621748201549e-05,250.36865234375,152.98687744140625,-335.8263854980469,97.38177490234375,X2,X2
9.640779730091253e-09,354.07122802734375,169.49859619140625,-284.47314453125,184.5726318359375,X1,X2
6.099804522818886e-06,243.144775390625,123.072265625,-322.55029296875,120.072509765625,X2,X2
1.7258295770261611e-07,313.28582763671875,157.56195068359375,-353.57196044921875,155.723876953125,X2,X2
1.0000069323723437e-06,305.11749267578125,166.96246337890625,-331.55560302734375,138.155029296875,X1,X2
4.9593745643505827e-05,233.6749267578125,134.5587158203125,-347.829833984375,99.1162109375,X2,X2
3.259295340285462e-07,291.9337158203125,142.56787109375,-298.76910400390625,149.3658447265625,X2,X2
8.434687401859264e-07,321.7186279296875,181.8612060546875,-345.913330078125,139.857421875,X1,X2
3.8340931496350095e-06,279.89996337890625,155.1842041015625,-347.0842590332031,124.71575927734375,X2,X2
1.0839986316568684e-05,268.6405029296875,154.31787109375,-366.23260498046875,114.3226318359375,X2,X2
2.0286925064283423e-06,303.15155029296875,172.07037353515625,-361.52813720703125,131.0811767578125,X2,X2
8.055123430494859e-07,322.35498046875,182.037109375,-361.928955078125,140.31787109375,X1,X2
1.915354368975386e-05,262.5703125,153.940185546875,-364.5302734375,108.630126953125,X2,X2
0.6931471824645996,0.0,0.0,-425.1160888671875,0.0,X2,X2
1.0391871929168701,9.86474609375,15.89105224609375,-411.4536437988281,-6.02630615234375,X1,X2
6.436191597458674e-06,280.4239501953125,160.88824462890625,-346.8551330566406,119.53570556640625,X2,X2
1.8781817061608308e-06,279.64434814453125,147.79229736328125,-346.3690185546875,131.85205078125,X1,X2
3.921932290040786e-08,313.9364013671875,143.39544677734375,-363.1406555175781,170.54095458984375,X1,X2
7.523288445554499e-07,294.8836669921875,153.88275146484375,-382.5992126464844,141.00091552734375,X1,X2
0.0027562857139855623,213.1549072265625,154.22998046875,-410.29632568359375,58.9249267578125,X2,X2
1.7843492969404906e-05,263.873046875,154.534423828125,-375.52484130859375,109.338623046875,X2,X2
1.2477207178562821e-07,342.4517822265625,183.4840087890625,-363.76019287109375,158.9677734375,X1,X2
2.8854124138888437e-06,255.6859130859375,128.12750244140625,-380.5674133300781,127.55841064453125,X1,X2
3.5902062336390372e-06,303.124755859375,177.75177001953125,-400.7658386230469,125.37298583984375,X1,X2
1.1962567441514693e-05,233.993408203125,120.65618896484375,-428.1361999511719,113.33721923828125,X2,X2
1.6220788268128672e-07,311.6689453125,155.3250732421875,-419.79937744140625,156.3438720703125,X2,X2
3.762998446177335e-08,331.34832763671875,160.3936767578125,-406.6388854980469,170.95465087890625,X2,X2
4.601130854098301e-08,329.6282958984375,160.68450927734375,-417.2980651855469,168.94378662109375,X2,X2
5.414574388851179e-08,332.93194580078125,165.6160888671875,-411.5363464355469,167.31585693359375,X2,X2
3.2248644288301875e-07,318.8895263671875,169.41748046875,-444.13848876953125,149.4720458984375,X2,X2
1.0161087943272307e-10,408.77166748046875,178.6729736328125,-396.0531921386719,230.09869384765625,X1,X2
1.809995531232289e-08,327.308837890625,149.0352783203125,-420.21087646484375,178.2735595703125,X2,X2
3.986589902638116e-08,327.7120361328125,157.3345947265625,-423.5001220703125,170.37744140625,X2,X2
7.337228158377229e-09,330.697998046875,143.39495849609375,-436.2919616699219,187.30303955078125,X2,X2
2.897589865824557e-06,261.3033447265625,133.78704833984375,-472.7206726074219,127.51629638671875,X2,X2
3.672004020294217e-11,403.47998046875,163.2030029296875,-400.20880126953125,240.2769775390625,X1,X2
8.022831252674223e-07,270.0484619140625,129.6904296875,-472.18524169921875,140.3580322265625,X2,X2
3.36647598686568e-09,348.642822265625,153.548828125,-406.86273193359375,195.093994140625,X2,X2
0.6931471824645996,0.0,0.0,-492.68267822265625,0.0,X2,X2
2.4669257072673645e-06,260.1632080078125,131.037841796875,-461.8463134765625,129.1253662109375,X2,X2
1.8095882126090146e-08,340.0908203125,161.81500244140625,-418.4965515136719,178.27581787109375,X2,X2
0.0002618531580083072,207.16015625,124.6842041015625,-451.8861083984375,82.4759521484375,X2,X2
4.086865845742693e-10,343.9329833984375,127.75225830078125,-439.6511535644531,216.18072509765625,X1,X2
0.6931471824645996,0.0,0.0,-512.404052734375,0.0,X2,X2
1.187300391336521e-08,350.066162109375,167.576171875,-435.19793701171875,182.489990234375,X2,X2
3.3348457328941095e-10,394.701904296875,176.4876708984375,-448.89874267578125,218.2142333984375,X1,X2
1.1865809028677177e-06,313.2540283203125,176.8096923828125,-481.52520751953125,136.4443359375,X2,X2
0.6931471824645996,0.0,0.0,-552.0830078125,0.0,X2,X2
1.8024541859062992e-08,360.710205078125,182.3948974609375,-454.240234375,178.3153076171875,X2,X2
5.526434778552192e-12,424.8077392578125,165.59295654296875,-403.6760559082031,259.21478271484375,X1,X2
1.18456600830541e-05,282.3006591796875,168.865234375,-469.77777099609375,113.4354248046875,X2,X2
2.750238037307895e-09,365.87445068359375,168.7586669921875,-427.6735534667969,197.11578369140625,X2,X2
1.3276352461843999e-08,363.5457763671875,182.1729736328125,-427.9884033203125,181.372802734375,X1,X2
7.388456424450851e-07,311.1658935546875,169.984130859375,-456.688720703125,141.1817626953125,X2,X2
3.866141087827124e-11,419.29937744140625,179.53759765625,-420.3531188964844,239.76177978515625,X1,X2
7.896610587643238e-10,384.9306640625,175.33648681640625,-396.9195251464844,209.59417724609375,X2,X2
1.86975968041736e-09,372.04522705078125,171.0706787109375,-404.7597961425781,200.97454833984375,X2,X2
1.476977984360417e-10,387.5029296875,161.1444091796875,-402.38311767578125,226.3585205078125,X2,X2
1.7951607214627963e-11,428.75860595703125,181.3251953125,-384.4811096191406,247.43341064453125,X1,X2
5.23231974511873e-05,270.848876953125,172.2684326171875,-461.90130615234375,98.5804443359375,X2,X2
1.3839231094436855e-08,350.9329833984375,169.97540283203125,-427.2424621582031,180.95758056640625,X2,X2
9.8797814374052e-09,370.7469482421875,186.419189453125,-435.18023681640625,184.3277587890625,X1,X2
8.420275587894821e-10,347.94970703125,138.99761962890625,-461.0959777832031,208.95208740234375,X2,X2
0.00014750479022040963,239.5491943359375,151.33343505859375,-526.19091796875,88.21575927734375,X2,X2
7.359642409388023e-12,435.82171630859375,179.47161865234375,-409.45513916015625,256.35009765625,X1,X2
1.1324906568077608e-09,374.074951171875,168.08648681640625,-476.3663635253906,205.98846435546875,X2,X2
7.22945314723944e-10,382.60455322265625,172.127685546875,-411.7123718261719,210.47686767578125,X2,X2
3.725405761656475e-08,342.96337890625,171.9083251953125,-437.00152587890625,171.0550537109375,X2,X2
5.882746980517828e-12,409.2845458984375,150.694580078125,-384.19720458984375,258.5899658203125,X1,X2
4.4063225290713603e-10,387.02008056640625,171.59197998046875,-389.44122314453125,215.4281005859375,X2,X2
2.2568569235659197e-10,358.2615966796875,136.142822265625,-387.48321533203125,222.1187744140625,X2,X2
2.492533610065628e-11,405.36083984375,161.20947265625,-378.9791259765625,244.1513671875,X1,X2
8.710631327346618e-09,324.6611328125,139.07391357421875,-449.9505310058594,185.58721923828125,X2,X2
1.8460949036125385e-07,328.16015625,173.10992431640625,-440.1706237792969,155.05023193359375,X2,X2
4.275689177712927e-12,420.5987548828125,158.8179931640625,-408.7596435546875,261.78076171875,X1,X2
6.491523985019398e-10,377.589111328125,166.03558349609375,-437.6645812988281,211.55352783203125,X2,X2
4.9712307372828946e-06,274.8499755859375,152.7315673828125,-527.02880859375,122.118408203125,X2,X2
0.6931471824645996,0.0,0.0,-573.077392578125,0.0,X2,X2
8.624265190881886e-10,336.6829833984375,127.97027587890625,-502.3171691894531,208.71270751953125,X1,X2
1.040392105799981e-09,383.4805908203125,176.6439208984375,-468.258544921875,206.836669921875,X2,X2
3.0908800852103013e-08,349.637939453125,176.7156982421875,-471.38238525390625,172.9222412109375,X2,X2
9.032288805777e-11,377.5322265625,146.25592041015625,-435.4997863769531,231.27630615234375,X1,X2
9.914907783681315e-10,382.6728515625,175.354736328125,-456.4871826171875,207.318115234375,X2,X2
4.965603449258449e-12,438.61273193359375,178.327880859375,-434.1069641113281,260.28485107421875,X1,X2
3.345231647244873e-09,359.690185546875,164.53289794921875,-465.8052062988281,195.15728759765625,X2,X2
5.505706113240194e-09,366.367431640625,176.192626953125,-458.0830078125,190.1748046875,X2,X2
6.859477430509742e-10,380.8682861328125,169.8660888671875,-454.0245361328125,211.002197265625,X2,X2
8.311377364123018e-09,340.6998291015625,154.6434326171875,-466.850830078125,186.056396484375,X1,X2
3.29660068132398e-08,309.4610595703125,137.18316650390625,-476.8243103027344,172.27789306640625,X2,X2
6.48027853600297e-10,360.5013427734375,148.93048095703125,-453.3424377441406,211.57086181640625,X2,X2
1.5120085739006583e-11,427.58197021484375,178.4320068359375,-439.5113830566406,249.14996337890625,X1,X2
5.726030205543964e-10,379.58935546875,166.78106689453125,-472.3124694824219,212.80828857421875,X2,X2
2.492753503613443e-10,361.7969970703125,140.67236328125,-440.58111572265625,221.1246337890625,X2,X2
6.068304279210901e-12,435.12408447265625,176.84466552734375,-425.20208740234375,258.2794189453125,X1,X2
4.801679054367014e-08,332.592041015625,164.07489013671875,-466.9696960449219,168.51715087890625,X2,X2
0.6931471824645996,0.0,0.0,-581.2374877929688,0.0,X2,X2
2.2419552325736447e-11,424.546630859375,179.33575439453125,-413.3821716308594,245.21087646484375,X1,X2
1.0213258710978224e-10,397.3134765625,167.2659912109375,-439.45794677734375,230.0474853515625,X2,X2
8.055552336294625e-10,387.1993408203125,177.804443359375,-433.17840576171875,209.3948974609375,X2,X2
5.22806853364699e-10,371.056396484375,157.33831787109375,-476.3846740722656,213.71807861328125,X1,X2
2.7655941536863793e-08,342.3057861328125,168.27154541015625,-439.5289001464844,174.03424072265625,X2,X2
9.728894773131103e-12,410.0848388671875,156.525634765625,-457.93017578125,253.5592041015625,X1,X2
1.898562002056181e-10,376.4964599609375,152.64892578125,-460.46099853515625,223.8475341796875,X2,X2
2.440853907881291e-10,371.9989013671875,150.66387939453125,-448.9938659667969,221.33502197265625,X2,X2
1.4721911190118675e-10,386.69580078125,160.3048095703125,-440.159423828125,226.3909912109375,X2,X2
4.391943253523323e-09,329.5677490234375,137.1328125,-444.84332275390625,192.4349365234375,X1,X2
1.7586454514884053e-09,365.010986328125,163.42376708984375,-433.8741760253906,201.58721923828125,X2,X2
3.070516618741692e-10,382.4522705078125,163.4122314453125,-438.9368896484375,219.0400390625,X2,X2
1.0892645292692738e-11,431.48870849609375,179.05938720703125,-409.911376953125,252.4293212890625,X1,X2
3.599739673010305e-10,398.585205078125,181.13531494140625,-435.5010681152344,217.44989013671875,X2,X2
1.2770641433235141e-08,355.0185546875,173.25738525390625,-449.6430969238281,181.76116943359375,X2,X2
2.6821383655728503e-11,428.9515380859375,185.5333251953125,-422.18310546875,243.418212890625,X1,X2
9.551254231965345e-10,361.159912109375,153.4681396484375,-440.99981689453125,207.6917724609375,X2,X2
0.6931471824645996,0.0,0.0,-522.7691040039062,0.0,X2,X2
1.960149154101032e-09,337.20458984375,136.7021484375,-411.1102294921875,200.50244140625,X2,X2
5.398860178362774e-11,383.76995849609375,147.34747314453125,-391.7301025390625,236.4224853515625,X1,X2
1.928806669937444e-09,347.59130859375,146.92767333984375,-422.7435607910156,200.66363525390625,X2,X2
2.289305989222612e-08,325.696044921875,149.771728515625,-435.11590576171875,175.92431640625,X2,X2
3.1717246017082257e-12,449.2283935546875,184.4609375,-381.01080322265625,264.7674560546875,X1,X2
1.3256438613495902e-08,348.0380859375,166.6502685546875,-421.26458740234375,181.3878173828125,X2,X2
5.153515114653118e-11,402.6492919921875,165.76171875,-417.42645263671875,236.8875732421875,X2,X2
7.041719637945754e-12,436.27740478515625,179.4857177734375,-416.2778015136719,256.79168701171875,X1,X2
5.04909947185439e-10,387.89801025390625,173.83160400390625,-409.04010009765625,214.06640625,X2,X2
1.0768054226062418e-09,350.2825927734375,143.7899169921875,-416.1097412109375,206.49267578125,X2,X2
3.73305553136305e-10,364.5374755859375,147.45123291015625,-429.8700866699219,217.08624267578125,X2,X2
5.083967643572385e-13,416.28662109375,133.21148681640625,-463.9851989746094,283.07513427734375,X1,X2
1.1898382279440511e-10,375.8861083984375,147.36578369140625,-468.5427551269531,228.52032470703125,X2,X2
1.091613799353297e-09,362.41766357421875,156.06158447265625,-395.0745849609375,206.3560791015625,X2,X2
6.999378507344112e-12,439.0023193359375,182.15032958984375,-364.6465759277344,256.85198974609375,X1,X2
1.0481276263574202e-10,403.406494140625,173.6180419921875,-392.31060791015625,229.7884521484375,X2,X2
7.475533525536093e-10,358.7694091796875,148.62725830078125,-411.5787658691406,210.14215087890625,X2,X2
4.1191296901166297e-11,411.57025146484375,172.44232177734375,-402.8837890625,239.1279296875,X1,X2
3.542112991805624e-10,371.4033203125,153.79205322265625,-401.1863098144531,217.61126708984375,X2,X2
1.6968044747045496e-09,357.368896484375,155.4237060546875,-425.58209228515625,201.9451904296875,X2,X2
2.9190749817331607e-10,401.37286376953125,181.8270263671875,-423.1485900878906,219.54583740234375,X2,X2
1.6977577330101745e-11,440.52960205078125,192.538330078125,-408.6153869628906,247.99127197265625,X1,X2
4.903266681566265e-10,366.5858154296875,152.226318359375,-446.95892333984375,214.3594970703125,X2,X2
0.6931471824645996,0.0,0.0,-544.3936157226562,0.0,X2,X2
1.104592115552805e-06,252.4906005859375,115.33026123046875,-461.2825012207031,137.16033935546875,X1,X2
8.909459552342014e-07,276.150146484375,136.84033203125,-466.49566650390625,139.309814453125,X2,X2
4.176880175066344e-09,331.810546875,138.87353515625,-455.791748046875,192.93701171875,X2,X2
6.564853549662075e-09,366.240966796875,177.82562255859375,-416.7500305175781,188.41534423828125,X1,X2
1.7364898408089857e-09,343.974609375,142.2606201171875,-441.22833251953125,201.7139892578125,X2,X2
5.147555159901174e-10,366.767333984375,152.89404296875,-424.641845703125,213.873291015625,X2,X2
3.688972738391527e-10,363.967529296875,146.76251220703125,-437.3288269042969,217.20501708984375,X2,X2
7.143871982862038e-08,344.8841552734375,180.33990478515625,-460.4440612792969,164.54425048828125,X1,X2
2.964082590484196e-10,388.1331787109375,168.7403564453125,-439.47113037109375,219.392822265625,X2,X2
1.982221331520151e-10,403.26611328125,179.84979248046875,-431.9894104003906,223.41632080078125,X2,X2
2.9669300870283077e-12,416.7894287109375,151.3544921875,-450.97021484375,265.4349365234375,X1,X2
2.4034443324438826e-09,355.5126953125,157.049072265625,-478.148681640625,198.463623046875,X2,X2
6.36497432537908e-09,350.440185546875,161.71563720703125,-478.5299377441406,188.72454833984375,X2,X2
1.3391865741341213e-12,425.64727783203125,152.2576904296875,-401.5860290527344,273.38958740234375,X1,X2
3.7635472516228674e-10,361.520751953125,144.515869140625,-438.424072265625,217.0048828125,X2,X2
2.244095603787244e-10,398.771484375,176.59600830078125,-442.1410217285156,222.17547607421875,X2,X2
2.2374548791503912e-07,270.95068359375,117.8231201171875,-474.23065185546875,153.1275634765625,X2,X2
3.816494498209977e-08,348.151611328125,177.338134765625,-471.40185546875,170.8134765625,X1,X2
3.259642511466154e-08,342.778564453125,170.387939453125,-469.8515625,172.390625,X2,X2
0.6931471824645996,0.0,0.0,-565.233154296875,0.0,X2,X2
5.044308526436225e-09,310.9676513671875,119.9176025390625,-457.005859375,191.050048828125,X1,X2
9.004757828279253e-09,342.01513671875,156.760009765625,-446.262451171875,185.255126953125,X2,X2
1.9610663315461352e-08,342.01513671875,164.543212890625,-446.89691162109375,177.471923828125,X2,X2
5.8389022505878074e-09,366.735595703125,177.14837646484375,-458.2759094238281,189.58721923828125,X1,X2
7.49144248857192e-07,269.86376953125,128.8204345703125,-479.04736328125,141.0433349609375,X2,X2
3.842537399378898e-10,385.609130859375,168.81195068359375,-444.1871032714844,216.79718017578125,X2,X2
1.627479540022847e-10,383.115234375,157.72705078125,-439.89404296875,225.38818359375,X2,X2
5.799402624795391e-12,441.9456787109375,183.2130126953125,-402.6556396484375,258.732666015625,X1,X2
4.13098083518193e-10,379.6136474609375,163.540283203125,-441.9334716796875,216.0733642578125,X2,X2
8.018145175592295e-11,401.710205078125,169.242919921875,-415.791748046875,232.46728515625,X2,X2
6.765423291033024e-12,397.653564453125,140.46160888671875,-421.3771057128906,257.19195556640625,X1,X2
5.567022953734124e-10,384.814697265625,171.72479248046875,-443.4291076660156,213.08990478515625,X2,X2
1.0435738644759551e-13,391.7237548828125,92.814208984375,-396.8594970703125,298.9095458984375,X1,X2
4.386718330806616e-07,271.584716796875,125.1895751953125,-481.60321044921875,146.3951416015625,X2,X2
0.6931471824645996,20.8037109375,20.8037109375,0.0,0.0,X1,X2
5.071921348571777,-63.4521484375,-12.79583740234375,4.272247314453125,-50.65631103515625,X2,X1
0.3336659371852875,14.044677734375,4.783203125,5.72674560546875,9.261474609375,X1,X1
0.24404476583003998,-11.49560546875,-24.3546142578125,6.89263916015625,12.8590087890625,X1,X2
3.1749520301818848,-34.60003662109375,-3.2774658203125,10.658782958984375,-31.32257080078125,X2,X1
0.01700497418642044,-10.03497314453125,-50.69232177734375,40.952392578125,40.6573486328125,X2,X1
0.07150261104106903,0.89837646484375,-25.1221923828125,67.23617553710938,26.02056884765625,X2,X1
0.0038971416652202606,41.38836669921875,-14.0672607421875,65.32559204101562,55.45562744140625,X2,X1
0.00021856703097000718,65.59698486328125,-18.68609619140625,44.904052734375,84.2830810546875,X2,X1
0.0010904520750045776,96.1077880859375,27.901611328125,-2.99005126953125,68.2061767578125,X2,X1
5.5379714467562735e-05,80.2130126953125,-17.7996826171875,-2.327880859375,98.0126953125,X2,X1
0.005267101339995861,80.9248046875,28.4884033203125,1.32965087890625,52.4364013671875,X2,X1
1.2100335359573364,-7.3685302734375,1.19091796875,-114.790283203125,-8.5594482421875,X1,X1
0.5453252196311951,-88.81103515625,-92.0245361328125,-57.51898193359375,3.2135009765625,X1,X1
1.5630742256078634e-09,57.6844482421875,-145.0816650390625,26.0152587890625,202.76611328125,X2,X1
0.00017204583855345845,18.59991455078125,-68.07672119140625,136.7236328125,86.6766357421875,X2,X2
1.99343926782225e-11,79.1177978515625,-167.2679443359375,92.597412109375,246.3857421875,X2,X1
3.420042860025063e-10,69.5277099609375,-148.43426513671875,108.07046508789062,217.96197509765625,X2,X1
7.257237371049996e-07,16.959228515625,-124.4017333984375,151.88848876953125,141.3609619140625,X2,X3
10.044703483581543,21.2431640625,121.68975830078125,175.77682495117188,-100.44659423828125,X2,X2
0.16529910266399384,71.67962646484375,54.51751708984375,171.0120849609375,17.162109375,X2,X2
7.6849141120910645,12.37396240234375,89.218505859375,105.31863403320312,-76.84454345703125,X2,X2
0.00406668521463871,36.287109375,-18.7418212890625,72.12457275390625,55.0289306640625,X2,X2
0.7265042662620544,33.53631591796875,34.19268798828125,40.7784423828125,-0.6563720703125,X2,X2
0.029947135597467422,27.9471435546875,-6.9859619140625,-1.76226806640625,34.93310546875,X2,X2
9.330496788024902,-25.77056884765625,67.53350830078125,-65.34912109375,-93.3040771484375,X1,X2
0.06544139236211777,91.6405029296875,64.7034912109375,-71.9119873046875,26.93701171875,X1,X2
5.060464382171631,-48.26544189453125,2.27557373046875,-95.601318359375,-50.541015625,X1,X2
20.4932918548584,-362.7618408203125,-157.82891845703125,-229.94003295898438,-204.93292236328125,X2,X3
2.377964973449707,-34.8992919921875,-12.0928955078125,-144.83807373046875,-22.806396484375,X1,X4
9.411849975585938,72.050537109375,166.168212890625,-185.232666015625,-94.11767578125,X2,X2
0.09327025711536407,161.69140625,138.4388427734375,-238.76287841796875,23.2525634765625,X2,X2
0.00019388207874726504,232.0186767578125,146.53704833984375,-342.3948059082031,85.48162841796875,X1,X2
2.808266064135978e-09,366.069580078125,169.16259765625,-360.274658203125,196.906982421875,X2,X2
1.3679353873599642e-12,392.4927978515625,119.31561279296875,-343.6461486816406,273.17718505859375,X2,X2
1.462098671300982e-12,449.89886474609375,177.38739013671875,-330.73724365234375,272.511474609375,X1,X2
8.977785528885285e-12,430.677978515625,176.3153076171875,-409.51898193359375,254.3626708984375,X2,X2
1.1215801724862029e-11,424.39892578125,172.261962890625,-427.4381103515625,252.136962890625,X2,X2
1.7309245148311447e-09,284.1214599609375,82.3753662109375,-400.81280517578125,201.74609375,X1,X2
1.8506181032051927e-09,337.961669921875,136.88421630859375,-464.8418884277344,201.07745361328125,X2,X2
0.6931471824645996,0.0,0.0,-598.5869140625,0.0,X2,X2
1.0258705174237548e-07,272.46826171875,111.542724609375,-517.2764892578125,160.925537109375,X2,X2
1.7885323222444072e-09,339.6007080078125,138.1820068359375,-475.82025146484375,201.418701171875,X1,X2
3.869943916105095e-13,458.510498046875,172.70684814453125,-486.6029357910156,285.80364990234375,X2,X2
6.976215161103028e-08,301.493896484375,136.712158203125,-551.5999755859375,164.78173828125,X2,X2
7.119197675820033e-08,312.80810546875,148.229248046875,-482.056884765625,164.578857421875,X1,X2
5.653291420062989e-13,435.0416259765625,153.0279541015625,-474.3707275390625,282.013671875,X2,X2
9.690156019444025e-15,479.947998046875,157.2713623046875,-481.75592041015625,322.6766357421875,X2,X2
2.9592999189482344e-16,477.06787109375,119.5037841796875,-416.03985595703125,357.5640869140625,X1,X2
5.27979715503335e-10,286.5389404296875,72.9193115234375,-556.936279296875,213.61962890625,X2,X2
6.639525622631481e-07,271.776123046875,129.52557373046875,-585.473876953125,142.25054931640625,X2,X2
1.5419550402143156e-13,466.2691650390625,171.26361083984375,-495.7814025878906,295.00555419921875,X2,X2
2.8843266750705476e-12,341.6881103515625,75.9708251953125,-487.52716064453125,265.71728515625,X1,X2
0.0003712430188897997,142.1044921875,63.11981201171875,-627.2509765625,78.98468017578125,X2,X2
8.072157918763596e-15,479.753662109375,155.2501220703125,-504.15106201171875,324.5035400390625,X2,X2
2.1886028545026193e-09,346.98974609375,147.5897216796875,-503.55859375,199.4000244140625,X1,X2
7.546701876967338e-15,504.374755859375,179.1981201171875,-478.94903564453125,325.1766357421875,X1,X2
0.00030403054552152753,139.775390625,58.7930908203125,-519.8171997070312,80.9822998046875,X2,X2
8.124017951416374e-13,457.4814453125,179.0936279296875,-482.86334228515625,278.3878173828125,X2,X2
4.391465489861357e-13,447.961669921875,163.4222412109375,-470.00115966796875,284.5394287109375,X2,X2
2.6999109650205355e-06,261.96533203125,133.742431640625,-552.1622314453125,128.222900390625,X2,X2
8.904335845727473e-05,191.838623046875,98.5751953125,-547.06982421875,93.263427734375,X2,X2
1.038441865830464e-08,288.0128173828125,104.1832275390625,-411.019287109375,183.82958984375,X1,X2
1.340174221597934e-10,390.0941162109375,162.76361083984375,-441.3447570800781,227.33050537109375,X2,X2
1.0599728797325899e-14,463.6968994140625,141.91741943359375,-344.2499084472656,321.77947998046875,X1,X2
1.0342483119929469e-10,367.549560546875,137.6278076171875,-476.49884033203125,229.9217529296875,X2,X2
5.113093720865436e-06,254.97119140625,133.1341552734375,-496.61602783203125,121.8370361328125,X2,X2
2.7894309084786073e-10,369.8707275390625,149.87060546875,-396.77935791015625,220.0001220703125,X1,X2
1.1645873501664461e-11,432.1297607421875,180.36907958984375,-457.8388977050781,251.76068115234375,X2,X2
5.208339662332584e-11,414.9581298828125,178.1763916015625,-457.0321044921875,236.78173828125,X2,X2
2.6260316143833506e-10,360.3485107421875,139.7447509765625,-464.7484130859375,220.603759765625,X2,X2
2.846559793434622e-13,370.827880859375,81.95294189453125,-428.8265075683594,288.87493896484375,X1,X2
1.083776055565977e-06,267.7490234375,130.3984375,-522.1029052734375,137.3505859375,X2,X2
8.444053616052383e-12,427.671875,172.6962890625,-476.5616455078125,254.9755859375,X2,X2
3.7570870858871785e-09,311.3851318359375,117.388916015625,-450.34375,193.9962158203125,X1,X2
2.083988537293635e-11,418.87158203125,172.9300537109375,-470.13848876953125,245.9415283203125,X2,X2
2.4179193803403054e-12,427.75439453125,160.27325439453125,-406.3819885253906,267.48114013671875,X2,X2
1.2332496135414317e-10,360.8681640625,132.7061767578125,-381.92303466796875,228.1619873046875,X1,X2
3.276040463212615e-12,431.7274169921875,167.2835693359375,-422.728515625,264.44384765625,X2,X2
1.2074595663602583e-11,427.1712646484375,175.7720947265625,-435.04736328125,251.399169921875,X2,X2
4.744669501038912e-12,429.406005859375,168.666015625,-428.5501708984375,260.739990234375,X2,X2
1.2646619862444197e-10,286.6695556640625,58.75909423828125,-409.8214416503906,227.91046142578125,X1,X2
1.2237894725375398e-11,413.4769287109375,162.21209716796875,-470.9437561035156,251.26483154296875,X2,X2
3.252692386268574e-12,440.1492919921875,175.6339111328125,-442.542724609375,264.515380859375,X2,X2
1.7965530864187673e-13,370.5517578125,77.07440185546875,-355.5180969238281,293.47735595703125,X1,X2
4.197861187549279e-07,273.96142578125,127.126220703125,-502.5128173828125,146.835205078125,X2,X2
1.1857912221580058e-11,417.238525390625,165.65826416015625,-417.4804992675781,251.58026123046875,X2,X2
1.135093321419367e-11,303.820068359375,51.8028564453125,-346.00921630859375,252.0172119140625,X1,X2
9.637419680075254e-07,260.9686279296875,122.4442138671875,-500.7266845703125,138.5244140625,X2,X2
2.331876247652076e-09,358.7342529296875,159.96832275390625,-476.4233093261719,198.76593017578125,X2,X2
4.220752543915296e-06,265.48779296875,141.73284912109375,-536.6962890625,123.75494384765625,X2,X2
1.714470926339473e-11,378.0340576171875,130.1407470703125,-436.3515625,247.893310546875,X1,X2
5.378193685756996e-14,426.8876953125,121.34930419921875,-430.6463317871094,305.53839111328125,X2,X2
2.1398775515990565e-06,180.24462890625,49.697021484375,-503.950927734375,130.547607421875,X2,X2
3.407170040352868e-14,455.11181640625,145.00872802734375,-394.4450378417969,310.10308837890625,X1,X2
1.1988472579105292e-06,261.754638671875,125.41314697265625,-543.5745849609375,136.34149169921875,X2,X2
1.3076874028072893e-09,367.519287109375,162.96923828125,-481.94970703125,204.550048828125,X2,X2
9.276649781187526e-16,476.235107421875,130.09649658203125,-392.6462707519531,346.13861083984375,X1,X2
0.6931471824645996,0.0,0.0,-605.1826171875,0.0,X2,X2
6.803435037561201e-10,352.177490234375,141.09326171875,-443.04296875,211.084228515625,X2,X2
2.3539247706594324e-07,188.7255859375,36.10546875,-467.9638671875,152.6201171875,X2,X2
2.3781719865959006e-13,462.6453857421875,171.97265625,-365.81414794921875,290.6727294921875,X1,X2
0.00024328214931301773,197.8035888671875,114.5919189453125,-435.2388916015625,83.211669921875,X2,X2
1.1715869160239256e-12,439.9498291015625,165.22320556640625,-358.0182800292969,274.72662353515625,X2,X2
5.3641358715994514e-11,386.608642578125,150.12164306640625,-360.6138000488281,236.48699951171875,X1,X2
1.6411613614764065e-06,245.9722900390625,112.771240234375,-511.40753173828125,133.2010498046875,X2,X2
2.5231378469295525e-14,486.3895263671875,173.28265380859375,-445.3088684082031,313.10687255859375,X2,X2
5.093122290963014e-16,545.159912109375,193.02520751953125,-425.2638244628906,352.13470458984375,X1,X2
6.644174099790234e-10,348.7520751953125,137.43096923828125,-526.9132080078125,211.32110595703125,X2,X2
9.409151235928448e-10,339.861572265625,132.0198974609375,-560.2117309570312,207.8416748046875,X2,X2
2.235847432530136e-06,184.117919921875,54.009033203125,-610.510498046875,130.10888671875,X2,X2
3.4078219846717106e-13,435.509765625,148.4344482421875,-510.87420654296875,287.0753173828125,X1,X2
6.895140014506751e-11,351.546142578125,117.5699462890625,-538.8973999023438,233.9761962890625,X2,X2
4.141921874922794e-11,362.9576416015625,123.8848876953125,-567.890380859375,239.07275390625,X2,X2
9.975872633644644e-18,566.8133544921875,175.3497314453125,-477.4747314453125,391.463623046875,X1,X2
1.9184764887825168e-11,351.8798828125,105.11083984375,-582.70556640625,246.76904296875,X2,X2
1.1520415706266934e-17,549.822265625,159.79815673828125,-513.2784423828125,390.02410888671875,X2,X2
4.796818821231359e-19,599.2322998046875,177.420654296875,-498.60516357421875,421.8116455078125,X1,X2
0.6931471824645996,0.0,0.0,-691.3820190429688,0.0,X2,X2
1.7990831047143274e-10,352.906005859375,128.520263671875,-578.4314575195312,224.3857421875,X2,X2
1.0356345780948573e-09,323.25537109375,116.37286376953125,-596.108642578125,206.88250732421875,X2,X2
8.204708749426706e-14,371.7142333984375,70.3994140625,-542.8986206054688,301.3148193359375,X1,X2
1.2704559182452613e-08,294.7237548828125,112.91070556640625,-509.8357238769531,181.81304931640625,X2,X2
3.7797299512476457e-08,283.698974609375,112.7886962890625,-544.986572265625,170.9102783203125,X2,X2
8.608104158381953e-19,604.4765014648438,188.51239013671875,-459.8685302734375,415.964111328125,X1,X2
5.955738680007983e-11,368.9713134765625,133.530517578125,-510.48504638671875,235.4407958984375,X2,X2
4.630273451766698e-06,231.811279296875,108.98236083984375,-676.6827392578125,122.82891845703125,X2,X2
1.2343177559692373e-14,456.8782958984375,136.62158203125,-566.2138061523438,320.2567138671875,X1,X2
1.6812889318948616e-17,552.2296142578125,165.98577880859375,-550.5286865234375,386.24383544921875,X2,X2
1.3421886215295165e-12,397.82421875,124.45703125,-597.79736328125,273.3671875,X2,X2
1.8862923376050666e-11,372.545166015625,125.60693359375,-568.7073974609375,246.938232421875,X2,X2
3.565042073941198e-14,449.6903076171875,140.0401611328125,-544.4796142578125,309.650146484375,X1,X2
5.867971664130778e-10,329.127197265625,116.56378173828125,-609.9041748046875,212.56341552734375,X2,X2
4.937530384552247e-10,347.0816650390625,132.79180908203125,-594.9248046875,214.28985595703125,X2,X2
3.1460896388058046e-11,344.7125244140625,102.8897705078125,-600.814697265625,241.82275390625,X1,X2
1.1572711520430414e-15,495.7379150390625,151.810791015625,-560.1194458007812,343.9271240234375,X2,X2
4.6132681008614895e-11,316.049560546875,78.0545654296875,-583.2366333007812,237.9949951171875,X2,X2
1.5262697223128048e-19,613.4002685546875,180.13739013671875,-489.6465148925781,433.26287841796875,X1,X2
3.4034795814985586e-11,367.27197265625,126.235595703125,-592.8621826171875,241.036376953125,X2,X2
4.560793677942619e-14,452.158203125,144.97125244140625,-559.8585205078125,307.18695068359375,X1,X2
7.323273931714169e-13,385.78271484375,106.35723876953125,-508.2188415527344,279.42547607421875,X2,X2
1.1135500074116456e-12,403.0791015625,127.84442138671875,-520.0595703125,275.23468017578125,X2,X2
8.340565109225817e-13,399.3121337890625,121.1873779296875,-568.965087890625,278.124755859375,X1,X2
7.329872665656789e-16,423.4130859375,74.9190673828125,-545.2512817382812,348.4940185546875,X2,X2
1.0528218351773865e-18,583.2967529296875,169.34619140625,-493.77716064453125,413.9505615234375,X1,X2
1.160305503026768e-19,552.02734375,116.02301025390625,-437.5498352050781,436.00433349609375,X1,X2
6.212189096466147e-11,367.8896484375,132.87042236328125,-569.42529296875,235.01922607421875,X2,X2
0.6931471824645996,0.0,0.0,-669.205322265625,0.0,X2,X2
1.960527740152429e-08,317.357666015625,139.88299560546875,-556.49169921875,177.47467041015625,X2,X2
1.7283396935852124e-11,375.49755859375,127.684814453125,-537.6287231445312,247.812744140625,X2,X2
9.5442779141553e-18,560.8155517578125,168.90966796875,-509.76617431640625,391.9058837890625,X2,X2
8.392160230630274e-12,381.1044921875,126.0672607421875,-593.0062866210938,255.0372314453125,X2,X2
4.114203465734973e-20,548.57177734375,102.19921875,-525.6773681640625,446.37255859375,X1,X2
8.373906682898922e-18,567.3216552734375,174.1075439453125,-528.0006103515625,393.214111328125,X2,X2
3.284657962288051e-11,380.908203125,139.5164794921875,-574.7638549804688,241.3917236328125,X2,X2
5.1875479233284385e-19,604.1666259765625,183.1380615234375,-476.2801513671875,421.028564453125,X1,X2
1.7097788106295049e-18,565.827392578125,156.7257080078125,-528.7739868164062,409.1016845703125,X2,X2
6.877186643801079e-18,569.0045166015625,173.8212890625,-542.4226684570312,395.1832275390625,X2,X2
2.9069607472857664e-15,490.57421875,155.8575439453125,-582.4165649414062,334.7166748046875,X2,X2
1.8149471740949562e-18,585.7900390625,177.2852783203125,-563.8402709960938,408.5047607421875,X1,X2
9.630797678447656e-13,399.909423828125,123.2230224609375,-633.3203735351562,276.6864013671875,X2,X2
2.167788095414657e-17,542.427978515625,158.7255859375,-571.6087646484375,383.702392578125,X2,X2
6.041224903549592e-15,470.1416015625,142.73992919921875,-570.350341796875,327.40167236328125,X1,X2
6.997896101430595e-16,510.3720703125,161.41455078125,-591.723876953125,348.95751953125,X2,X2
4.4599738979176934e-17,544.9259033203125,168.4378662109375,-554.271728515625,376.488037109375,X2,X2
4.232153110627539e-15,459.9033203125,128.94268798828125,-580.3892822265625,330.96063232421875,X1,X2
3.201278636958618e-17,543.447265625,163.643310546875,-555.976318359375,379.803955078125,X2,X2
1.885174394510402e-18,573.1495361328125,165.0244140625,-475.88946533203125,408.1251220703125,X2,X2
2.388179237700072e-11,388.948486328125,144.36944580078125,-562.860107421875,244.57904052734375,X2,X2
3.2492893246768286e-15,419.2314453125,85.6280517578125,-515.8577270507812,333.6033935546875,X1,X2
5.799105297655737e-19,550.300537109375,130.38641357421875,-536.597412109375,419.91412353515625,X2,X2
2.7463707752417577e-08,319.521484375,145.41748046875,-599.822509765625,174.10400390625,X2,X2
1.1360272904401957e-14,447.4862060546875,126.399658203125,-552.5243530273438,321.0865478515625,X1,X2
2.237266634657681e-17,552.153076171875,168.76617431640625,-538.212646484375,383.38690185546875,X2,X2
7.872995311242192e-11,366.899169921875,134.24920654296875,-611.66455078125,232.64996337890625,X2,X2
1.22236393997364e-15,478.807861328125,135.427978515625,-567.426513671875,343.3798828125,X1,X2
5.44041426966675e-15,492.6483154296875,164.1990966796875,-573.4053955078125,328.44921875,X2,X2
0.6931471824645996,0.0,0.0,-740.083984375,0.0,X2,X2
2.932575301543422e-17,545.3802490234375,164.6995849609375,-551.798828125,380.6806640625,X2,X2
7.374949783731274e-22,612.1298828125,125.54205322265625,-495.3775939941406,486.58782958984375,X1,X2
4.905292184834266e-19,557.83056640625,136.2425537109375,-530.4672241210938,421.5880126953125,X2,X2
8.80630456167583e-16,519.601806640625,172.94287109375,-569.4361572265625,346.658935546875,X2,X2
5.1973162373212395e-14,453.4290771484375,147.548583984375,-601.5166625976562,305.8804931640625,X1,X2
3.2058335897197024e-19,558.94677734375,133.1053466796875,-545.6473999023438,425.8414306640625,X2,X2
1.1186610609665855e-16,548.767822265625,181.47552490234375,-587.7208251953125,367.29229736328125,X2,X2
4.166712981590326e-12,379.41748046875,117.3785400390625,-616.4682006835938,262.0389404296875,X1,X2
4.336742101902707e-18,556.1597900390625,156.36572265625,-551.4165649414062,399.7940673828125,X2,X2
8.382088326337684e-18,562.8223876953125,169.6180419921875,-561.9676513671875,393.204345703125,X2,X2
4.816367063659942e-18,564.1905517578125,165.4454345703125,-552.9449462890625,398.7451171875,X2,X2
1.101319192961094e-21,607.4658203125,124.8880615234375,-510.02532958984375,482.5777587890625,X1,X2
9.81255512747794e-19,541.245361328125,126.5908203125,-544.9908447265625,414.654541015625,X2,X2
0.6931471824645996,-38.8397216796875,-38.8397216796875,0.0,0.0,X1,X2
0.2783307433128357,7.4693603515625,-3.89617919921875,23.750091552734375,11.36553955078125,X1,X1
0.2791072726249695,-1.4056396484375,-12.7392578125,-26.03729248046875,11.3336181640625,X1,X2
7.785767555236816,-43.603271484375,34.250244140625,-9.6002197265625,-77.853515625,X2,X1
6.174928665161133,-31.2706298828125,30.45782470703125,-2.033599853515625,-61.72845458984375,X2,X1
2.587014675140381,-3.5313720703125,21.5565185546875,9.7254638671875,-25.087890625,X2,X1
0.02318565919995308,48.81591796875,11.28985595703125,-1.285247802734375,37.52606201171875,X1,X1
0.7626031041145325,-10.7215576171875,-9.3775634765625,15.528564453125,-1.343994140625,X1,X1
1.7851043939590454,-17.6142578125,-1.59979248046875,-54.520172119140625,-16.01446533203125,X2,X1
0.0003044390177819878,66.984375,-13.9844970703125,-95.3599853515625,80.9688720703125,X2,X1
3.182058811187744,186.2257080078125,217.6224365234375,-56.6375732421875,-31.396728515625,X1,X1
2.3119264724869026e-08,188.38299560546875,12.5570068359375,-90.40139770507812,175.82598876953125,X2,X1
0.712104082107544,12.217529296875,12.5931396484375,-138.52777099609375,-0.3756103515625,X1,X1
1.989388108253479,5.27874755859375,23.7017822265625,-105.59762573242188,-18.42303466796875,X2,X1
0.32838886976242065,-173.74169921875,-183.1904296875,-66.3961181640625,9.44873046875,X2,X1
1.0100533472723328e-05,122.73681640625,7.7076416015625,-56.95196533203125,115.0291748046875,X2,X1
0.000233469603699632,169.30499267578125,85.68157958984375,-74.3448486328125,83.6234130859375,X2,X1
2.416721223141849e-08,200.9884033203125,25.605712890625,-122.0987548828125,175.3826904296875,X2,X1
2.72741357276729e-10,216.17962646484375,-4.04534912109375,-143.4024658203125,220.2249755859375,X2,X1
3.024860917300032e-11,49.0174560546875,-193.1982421875,-137.68865966796875,242.2156982421875,X2,X1
0.1713404655456543,-9.5902099609375,-26.3623046875,-18.83575439453125,16.7720947265625,X2,X4
3.3112642402327586e-12,82.9462890625,-181.390625,-108.35797119140625,264.3369140625,X2,X1
1.2333253622055054,-40.267333984375,-31.37762451171875,-92.98916625976562,-8.88970947265625,X2,X2
31.90131950378418,-139.16461181640625,179.84857177734375,-115.723876953125,-319.01318359375,X1,X2
5.873094081878662,144.021484375,202.7242431640625,-32.05072021484375,-58.7027587890625,X2,X2
0.99224853515625,-1.11444091796875,4.1759033203125,-41.024566650390625,-5.29034423828125,X2,X2
0.508778989315033,107.305419921875,103.19952392578125,-38.229644775390625,4.10589599609375,X1,X2
0.009513461031019688,237.93341064453125,191.4305419921875,-31.127655029296875,46.50286865234375,X2,X2
6.665929317474365,-256.98431396484375,-190.3377685546875,-101.40866088867188,-66.64654541015625,X2,X4
0.9614479541778564,-110.475830078125,-105.67950439453125,-28.815155029296875,-4.79632568359375,X2,X4
4.679698467254639,131.164306640625,177.8680419921875,25.914306640625,-46.7037353515625,X1,X2
9.550138473510742,-272.2506103515625,-176.74993896484375,-41.026092529296875,-95.50067138671875,X2,X4
0.6931471824645996,0.0,0.0,-36.9903564453125,0.0,X2,X2
14.938031196594238,6.876708984375,156.25701904296875,60.738983154296875,-149.38031005859375,X1,X1
0.29501014947891235,214.58599853515625,203.88983154296875,-41.3741455078125,10.6961669921875,X2,X2
0.2908335030078888,-167.021728515625,-177.88238525390625,-24.144134521484375,10.86065673828125,X2,X1
0.09781374782323837,1.89080810546875,-20.863037109375,-39.398406982421875,22.75384521484375,X1,X2
5.322088241577148,-40.50518798828125,12.666748046875,-63.185577392578125,-53.17193603515625,X1,X1
1.3633638620376587,-14.940673828125,-4.261474609375,-13.32305908203125,-10.67919921875,X1,X1
0.29885178804397583,113.4639892578125,102.9173583984375,72.96868896484375,10.546630859375,X1,X2
0.036750178784132004,-148.2442626953125,-181.0960693359375,13.84771728515625,32.851806640625,X2,X1
4.368995189666748,132.7562255859375,176.3187255859375,16.826171875,-43.5625,X2,X2
0.07655399292707443,-144.73583984375,-170.0482177734375,52.04095458984375,25.3123779296875,X2,X1
6.3386030197143555,136.5130615234375,199.88140869140625,-1.900115966796875,-63.36834716796875,X2,X2
5.145557880401611,145.33001708984375,196.7271728515625,-8.836151123046875,-51.39715576171875,X2,X2
3.2784833908081055,152.76617431640625,185.1668701171875,-16.924835205078125,-32.40069580078125,X2,X2
5.401693344116211,166.31591796875,220.28765869140625,-34.784881591796875,-53.97174072265625,X2,X2
3.152785301208496,13.102783203125,44.19390869140625,-64.52359008789062,-31.09112548828125,X2,X1
2.7887110710144043,180.480224609375,207.73260498046875,-128.87814331054688,-27.25238037109375,X2,X2
4.738018035888672,57.50439453125,104.796630859375,-183.23614501953125,-47.292236328125,X1,X2
0.6545131206512451,-198.294921875,-199.0831298828125,-269.81158447265625,0.7882080078125,X2,X2
1.1512041091918945,201.39501953125,209.1053466796875,-289.697998046875,-7.7103271484375,X2,X2
0.19338247179985046,200.7001953125,185.2518310546875,-302.5869140625,15.4483642578125,X1,X2
0.37082070112228394,224.4044189453125,216.3953857421875,-387.27423095703125,8.009033203125,X2,X2
0.0334150530397892,241.617431640625,207.7974853515625,-456.4276123046875,33.8199462890625,X2,X2
0.11231672018766403,37.2889404296875,15.991455078125,-516.5088500976562,21.2974853515625,X2,X2
0.0005770354182459414,262.7476806640625,188.17449951171875,-689.3265380859375,74.57318115234375,X1,X2
2.76011019195721e-06,341.350830078125,213.34844970703125,-853.9002685546875,128.00238037109375,X2,X2
15.666607856750488,-333.7677001953125,-177.10162353515625,-916.3526611328125,-156.66607666015625,X2,X1
0.01540370099246502,218.195556640625,176.54119873046875,-883.6767578125,41.65435791015625,X1,X2
0.0013250522315502167,248.612060546875,182.35565185546875,-954.930419921875,66.25640869140625,X2,X2
0.0005761031643487513,54.7650146484375,-19.8243408203125,-927.28564453125,74.58935546875,X1,X2
0.07503703981637955,16.418212890625,-9.10198974609375,-828.5491943359375,25.52020263671875,X1,X2
1.1693806811763352e-07,317.913818359375,158.297607421875,-865.7509155273438,159.6162109375,X1,X2
1.4405275123863248e-06,294.13427734375,159.6292724609375,-868.3360595703125,134.5050048828125,X1,X2
6.7915439103671815e-06,309.565185546875,190.56689453125,-889.731201171875,118.998291015625,X1,X2
3.278792792116292e-05,278.2696533203125,175.01531982421875,-870.5208740234375,103.25433349609375,X1,X2
0.010791494511067867,242.180419921875,196.9444580078125,-881.1171264648438,45.2359619140625,X2,X2
2.819604560500011e-06,101.7200927734375,-26.06903076171875,-882.5765380859375,127.78912353515625,X1,X2
5.067572601546999e-07,331.8851318359375,186.93280029296875,-1085.9560546875,144.95233154296875,X1,X2
4.172876358032227,-41.343994140625,0.22943115234375,-1139.8594970703125,-41.573486328125,X2,X4
7.485772130166879e-06,315.6766357421875,197.65155029296875,-1218.216796875,118.0250244140625,X2,X2
7.759024356346345e-07,328.113525390625,187.421142578125,-1244.369140625,140.6923828125,X1,X2
2.1613373974105343e-05,319.5255126953125,212.1036376953125,-1299.5516357421875,107.421875,X2,X2
0.0010366144124418497,272.7249755859375,204.01214599609375,-1355.517333984375,68.7127685546875,X2,X2
7.181934779509902e-05,297.1024169921875,201.689208984375,-1340.489013671875,95.4132080078125,X2,X2
0.18878161907196045,47.310791015625,31.59783935546875,-1358.556640625,15.712890625,X2,X2
1.973482532946491e-08,375.26904296875,197.8602294921875,-1441.934814453125,177.4088134765625,X2,X2
1.973501821339596e-05,299.94580078125,191.61480712890625,-1552.362548828125,108.3310546875,X2,X2
1.2379337022139225e-05,327.447998046875,214.4532470703125,-1585.24609375,112.9947509765625,X2,X2
2.852251768103997e-08,361.564453125,187.83880615234375,-1628.56640625,173.7257080078125,X4,X2
4.00288911350799e-07,352.3271484375,205.016357421875,-1593.4310302734375,147.310791015625,X2,X2
2.755942141163814e-08,381.6845703125,207.61529541015625,-1710.524658203125,174.0692138671875,X2,X2
1.9712986158992862e-06,332.14501953125,200.77685546875,-1703.4071044921875,131.3681640625,X2,X2
1.1275490763296148e-08,382.9658203125,199.95947265625,-1703.6605224609375,183.00634765625,X2,X2
0.00010876594751607627,273.1005859375,181.83795166015625,-1766.368896484375,91.2625732421875,X2,X2
8.785357749729883e-06,249.374755859375,132.9505615234375,-1819.219482421875,116.4241943359375,X2,X2
5.674444025771663e-09,394.30517578125,204.4322509765625,-1802.4228515625,189.8729248046875,X2,X2
7.964367654267335e-08,361.62841796875,198.17138671875,-1863.8953857421875,163.45703125,X2,X2
1.4409907711510073e-09,400.509521484375,196.93017578125,-1850.08935546875,203.579345703125,X2,X2
2.4828281652844453e-09,409.78515625,211.64630126953125,-2045.5732421875,198.138671875,X2,X2
0.6931471824645996,0.0,0.0,-2224.19677734375,0.0,X2,X2
1.1940075317351528e-10,432.83837890625,204.35302734375,-2004.43115234375,228.4853515625,X2,X2
3.3645821684302746e-09,379.1748046875,184.0750732421875,-2213.626953125,195.099609375,X1,X2
0.6931471824645996,0.0,0.0,-2124.8671875,0.0,X2,X2
0.018256060779094696,229.53076171875,189.58966064453125,-2147.69140625,39.941162109375,X2,X2
7.996142699084885e-07,331.622802734375,191.23150634765625,-2030.7803955078125,140.391357421875,X1,X2
0.0014718015445396304,246.416748046875,181.2113037109375,-2018.4046630859375,65.205322265625,X2,X2
1.838436531897969e-07,355.960693359375,200.868896484375,-1894.1478271484375,155.091796875,X2,X2
1.8688402633415535e-05,286.928466796875,178.05230712890625,-2049.7529296875,108.8759765625,X2,X2
22.978612899780273,-420.295166015625,-190.5091552734375,-1759.45849609375,-229.7861328125,X2,X1
7.86060905255681e-09,295.96728515625,109.3531494140625,-1645.1290283203125,186.614013671875,X2,X2
0.00018079984874930233,252.90283203125,166.72247314453125,-1615.412841796875,86.1802978515625,X1,X2
3.297364603582764e-10,405.145751953125,186.8184814453125,-1528.249755859375,218.3272705078125,X2,X2
3.281362737084237e-08,358.468017578125,186.143798828125,-1527.705810546875,172.32421875,X2,X2
0.002633922267705202,13.370849609375,-46.0087890625,-1585.7181396484375,59.379638671875,X1,X2
0.6931471824645996,0.0,0.0,-1615.68505859375,0.0,X2,X2
2.821867383318022e-05,279.88134765625,175.1260986328125,-1535.6151123046875,104.755126953125,X4,X2
6.674095402559033e-06,308.314453125,189.14166259765625,-1484.000244140625,119.1727294921875,X1,X2
2.4291534062026443e-11,426.3984375,181.98956298828125,-1382.1038818359375,244.408935546875,X4,X2
0.6931471824645996,0.0,0.0,-1730.8936767578125,0.0,X2,X2
4.844874858856201,-75.26806640625,-26.8983154296875,-1444.23583984375,-48.3697509765625,X2,X4
0.0006610905984416604,254.59375,181.380859375,-1400.4945068359375,73.212890625,X1,X2
1.5560612678527832,-6.540771484375,6.65045166015625,-1533.0513916015625,-13.191162109375,X2,X1
2.3684229850769043,22.427734375,45.12890625,-1533.198486328125,-22.701171875,X2,X1
0.4258737564086914,176.089111328125,169.7578125,-1638.4197998046875,6.331298828125,X1,X2
0.0007441157940775156,139.184326171875,67.1549072265625,-1429.4599609375,72.0294189453125,X4,X1
0.22916005551815033,26.4906005859375,12.9249267578125,-1220.2867431640625,13.565673828125,X2,X4
2.555898427963257,-23.44921875,1.3017578125,-1284.3758544921875,-24.7509765625,X1,X4
4.072935581207275,-232.85986328125,-192.30224609375,-1380.5487060546875,-40.5576171875,X2,X4
9.797258098842576e-05,297.4598388671875,205.152099609375,-1293.15380859375,92.3077392578125,X2,X2
1.6491503715515137,-204.0556640625,-189.69879150390625,-1294.718994140625,-14.35693359375,X2,X1
0.15858912467956543,188.751953125,171.14093017578125,-1302.1865234375,17.6109619140625,X1,X2
0.6931471824645996,0.0,0.0,-1307.0137939453125,0.0,X2,X2
4.637911319732666,-60.97900390625,-14.6971435546875,-1339.066650390625,-46.2818603515625,X1,X2
0.0064425100572407246,234.7154541015625,184.29925537109375,-1338.755859375,50.4161376953125,X1,X2
0.6931471824645996,0.0,0.0,-1296.9542236328125,0.0,X2,X2
0.8245264887809753,32.47412109375,34.94891357421875,-1298.4837646484375,-2.474853515625,X2,X4
0.6174126863479614,6.668212890625,5.09136962890625,-1173.826416015625,1.5767822265625,X1,X1
0.0005623908946290612,80.70458984375,5.874267578125,-1299.077880859375,74.830322265625,X2,X4
0.00023333006538450718,276.2779541015625,192.6485595703125,-1325.7467041015625,83.62939453125,X1,X2
1.217292308807373,-14.339599609375,-5.6768798828125,-1608.482421875,-8.6627197265625,X1,X2
3.396066188812256,7.2470703125,40.8670654296875,-1448.4820556640625,-33.619873046875,X2,X2
8.260170936584473,-186.083251953125,-103.48406982421875,-1400.605712890625,-82.59912109375,X2,X1
0.3097786605358124,13.65478515625,3.524658203125,-1325.9412841796875,10.130126953125,X2,X2
0.9917070865631104,-108.060791015625,-102.779052734375,-1564.868896484375,-5.28173828125,X2,X1
3.471196032478474e-05,207.64208984375,104.9580078125,-1615.9969482421875,102.68408203125,X1,X1
0.0006325532449409366,155.6376953125,81.9833984375,-1674.1629638671875,73.654296875,X1,X4
0.3376477062702179,190.860107421875,181.73822021484375,-1672.9434814453125,9.121826171875,X1,X2
0.17201830446720123,92.3974609375,75.6683349609375,-1828.62939453125,16.7291259765625,X1,X1
0.010353779420256615,-56.301025390625,-101.9532470703125,-1877.6875,45.6522216796875,X2,X1
0.6931471824645996,0.0,0.0,-1939.6529541015625,0.0,X2,X2
8.171085028152447e-06,311.45263671875,194.3035888671875,-1974.572265625,117.1490478515625,X2,X2
2.644114829308819e-05,320.724365234375,215.318603515625,-2069.66064453125,105.40576171875,X2,X2
2.5286595821380615,-210.35888671875,-185.9034423828125,-2121.71484375,-24.455322265625,X2,X1
0.6931471824645996,0.0,0.0,-2130.32568359375,0.0,X2,X2
1.000273823592579e-05,329.650634765625,214.5242919921875,-2133.444091796875,115.12646484375,X2,X2
4.8206624342128634e-05,298.964599609375,199.56463623046875,-2312.718994140625,99.39990234375,X2,X2
0.0005678252200596035,236.207275390625,161.47314453125,-2115.93212890625,74.734130859375,X1,X2
1.0609980821609497,177.3603515625,183.72216796875,-2290.630126953125,-6.36181640625,X2,X2
9.814556278797681e-07,343.5029296875,205.16070556640625,-2047.576416015625,138.34228515625,X2,X2
0.0020429594442248344,253.523681640625,191.6004638671875,-2092.275146484375,61.92333984375,X2,X2
0.8672769069671631,194.433837890625,197.65753173828125,-2198.01611328125,-3.223876953125,X2,X2
6.32457160949707,115.366455078125,178.59423828125,-2024.0047607421875,-63.227783203125,X1,X2
0.6931471824645996,0.0,0.0,-2062.400390625,0.0,X2,X2
2.7748648790293373e-05,-8.83251953125,-113.755615234375,-2008.5921630859375,104.923095703125,X2,X1
2.8076403395971283e-05,295.0625,190.25701904296875,-2037.24169921875,104.8056640625,X2,X2
2.157186235196562e-11,444.394775390625,198.7984619140625,-1908.680419921875,245.5963134765625,X2,X2
0.00025673280470073223,243.250732421875,160.57733154296875,-1978.711669921875,82.6734619140625,X4,X2
1.4583458052275233e-10,434.494140625,208.00872802734375,-1914.511474609375,226.4854736328125,X2,X2
8.829626083374023,-262.681884765625,-174.38714599609375,-1864.418212890625,-88.2947998046875,X2,X1
2.5629705646679213e-07,347.980712890625,196.2115478515625,-1856.5467529296875,151.769287109375,X2,X2
6.026854515075684,-96.457763671875,-36.21337890625,-1863.4229736328125,-60.244384765625,X1,X2
6.637858867645264,-34.84326171875,31.522216796875,-1917.5113525390625,-66.365478515625,X1,X2
0.6931471824645996,0.0,0.0,-1958.7010498046875,0.0,X2,X2
0.0004302504239603877,266.18115234375,188.6719970703125,-1950.528564453125,77.50927734375,X1,X2
4.9311205657431856e-05,277.24169921875,178.068359375,-1755.274658203125,99.17333984375,X2,X2
3.4824861359084025e-05,269.88916015625,167.237548828125,-1879.4647216796875,102.651611328125,X1,X2
8.770956039428711,-266.321044921875,-178.61309814453125,-1762.40234375,-87.7080078125,X2,X1
0.5077745318412781,11.3837890625,7.252685546875,-1823.6856689453125,4.131103515625,X2,X1
0.26190391182899475,-173.568359375,-185.6280517578125,-1908.2841796875,12.0596923828125,X2,X1
1.8292358561211586e-07,341.499267578125,186.35736083984375,-1916.370361328125,155.1419677734375,X1,X2
0.22090809047222137,59.971923828125,45.99676513671875,-2010.9677734375,13.9752197265625,X2,X1
0.6931471824645996,0.0,0.0,-2084.45849609375,0.0,X2,X2
6.695292540825903e-05,273.7041015625,177.5892333984375,-2074.655029296875,96.1148681640625,X1,X2
0.05304067209362984,205.354736328125,176.25408935546875,-2171.525146484375,29.1005859375,X2,X2
3.424021997489035e-06,344.73388671875,218.88690185546875,-2140.14599609375,125.846923828125,X2,X2
6.470836639404297,129.680419921875,194.373291015625,-2235.858642578125,-64.69287109375,X1,X2
0.6030773520469666,192.3544921875,190.4639892578125,-2300.6875,1.890625,X2,X2
0.0022773174569010735,258.1552734375,197.31903076171875,-2270.23046875,60.836181640625,X2,X2
0.12207009643316269,210.1484375,189.73345947265625,-2302.345947265625,20.4150390625,X1,X2
0.027202337980270386,211.298828125,175.3907470703125,-2274.6904296875,35.908203125,X2,X2
7.574285973532824e-06,308.181396484375,190.27386474609375,-2289.90966796875,117.907470703125,X2,X2
0.00025082004140131176,260.277099609375,177.37060546875,-2143.2783203125,82.906494140625,X1,X2
3.672294690559852e-09,381.146484375,186.921875,-1968.29345703125,194.2244873046875,X1,X2
1.0327960353606613e-06,341.7783203125,203.94598388671875,-2000.521240234375,137.8323974609375,X2,X2
0.6931471824645996,0.0,0.0,-1970.8515625,0.0,X2,X2
3.9742517401464283e-05,285.40380859375,184.07318115234375,-1853.200439453125,101.3306884765625,X1,X2
2.6815476417141326e-07,342.46142578125,191.14447021484375,-1787.66015625,151.3170166015625,X2,X2
5.927451525167271e-07,353.818359375,210.433349609375,-1782.7015380859375,143.385009765625,X2,X2
0.4908011555671692,12.0732421875,7.51025390625,-1588.5084228515625,4.56298828125,X2,X2
3.992097845184617e-05,291.3046875,190.018798828125,-1648.570556640625,101.285888671875,X1,X2
3.031921949059324e-07,346.77685546875,196.6878662109375,-1576.913818359375,150.0889892578125,X2,X2
11.635238647460938,-298.505126953125,-182.15289306640625,-1556.5877685546875,-116.352294921875,X2,X4
0.0021788752637803555,253.673828125,192.395263671875,-1594.689697265625,61.278564453125,X1,X2
2.1045377707196167e-07,329.27734375,175.537353515625,-1410.584228515625,153.739990234375,X2,X2
4.194585926597938e-06,318.8232421875,195.00616455078125,-1534.2200927734375,123.817138671875,X2,X2
8.223373093585451e-09,359.227783203125,173.06500244140625,-1370.6048583984375,186.162841796875,X1,X2
8.354443707503378e-06,315.25537109375,198.32818603515625,-1382.300537109375,116.9271240234375,X2,X2
18.108007431030273,-301.49072265625,-120.4107666015625,-1346.943359375,-181.080078125,X2,X2
5.2179686463205144e-05,280.57373046875,181.9658203125,-1495.87255859375,98.60791015625,X2,X2
0.0015339929377660155,254.605712890625,189.8145751953125,-1613.986083984375,64.7911376953125,X1,X2
5.256003965392608e-10,434.7041015625,221.039306640625,-1595.6903076171875,213.664794921875,X2,X2
4.847835953114554e-06,332.643798828125,210.27398681640625,-1638.9921875,122.3697509765625,X2,X2
7.569534778594971,-45.3837890625,30.30633544921875,-1749.3385009765625,-75.690185546875,X4,X2
0.03079203888773918,135.78369140625,101.13311767578125,-1682.9537353515625,34.650634765625,X4,X2
0.6931471824645996,0.0,0.0,-1901.560302734375,0.0,X2,X2
0.9697667360305786,37.58642578125,42.51715087890625,-1950.30810546875,-4.9306640625,X2,X4
0.0001946635020431131,255.140869140625,169.69940185546875,-1768.28857421875,85.44140625,X2,X2
6.93509738525222e-09,370.881103515625,183.01434326171875,-1760.81201171875,187.86669921875,X2,X2
5.660938939833215e-10,411.531494140625,198.60882568359375,-1770.4644775390625,212.922607421875,X2,X2
7.130162779644955e-12,432.883544921875,176.21673583984375,-1776.3095703125,256.6668701171875,X1,X2
16.703540802001953,-349.92724609375,-182.891845703125,-1947.71630859375,-167.035400390625,X2,X4
1.2592201858053348e-13,494.59716796875,197.5660400390625,-1879.056396484375,297.0311279296875,X2,X2
1.7551720493669265e-11,431.9306640625,184.27191162109375,-2032.788818359375,247.65869140625,X1,X2
9.455132484436035,-265.581787109375,-171.03125,-2240.4150390625,-94.550537109375,X2,X4
7.640779585926794e-06,307.05517578125,189.23504638671875,-2395.07861328125,117.820068359375,X1,X2
1.277446681768879e-08,309.543701171875,127.7855224609375,-2027.241943359375,181.7581787109375,X2,X2
4.588023148244247e-05,279.22314453125,179.32855224609375,-2365.94091796875,99.89453125,X1,X2
9.514403487287382e-09,392.018310546875,207.3138427734375,-2373.954833984375,184.70458984375,X2,X2
3.1300981044769287,167.62939453125,198.48345947265625,-2415.677734375,-30.85400390625,X2,X2
0.8633042573928833,172.577880859375,175.73291015625,-2379.43701171875,-3.1552734375,X1,X2
8.690874409023053e-11,443.09619140625,211.4344482421875,-2378.648193359375,231.66162109375,X2,X2
2.415050403214991e-06,297.46533203125,168.1273193359375,-2323.55615234375,129.337890625,X2,X2
2.9923044042590163e-09,375.438232421875,179.16607666015625,-2435.466796875,196.272216796875,X1,X2
2.5931180402949394e-07,353.10595703125,201.45361328125,-2378.826171875,151.65234375,X2,X2
3.8949701103296874e-11,437.98779296875,198.30029296875,-2305.1494140625,239.6875,X2,X2
0.00043197625200264156,179.9208984375,102.45166015625,-2389.606201171875,77.46923828125,X4,X2
7.431718018757749e-10,418.75390625,208.5531005859375,-2388.08935546875,210.200927734375,X2,X2
5.70255342946524e-10,423.51220703125,210.6627197265625,-2364.7373046875,212.849365234375,X2,X2
2.6975038522336625e-11,454.5859375,211.224853515625,-2546.27294921875,243.361083984375,X2,X2
8.898550033569336,-68.601318359375,20.38275146484375,-2644.2744140625,-88.984130859375,X1,X2
5.878738988940313e-07,347.9091796875,204.4417724609375,-2431.85595703125,143.467529296875,X2,X2
1.2878501043367407e-10,440.15771484375,212.42901611328125,-2489.1669921875,227.728759765625,X2,X2
1.4432435246902742e-09,382.528564453125,178.96502685546875,-2444.47998046875,203.563720703125,X1,X2
2.6457422919179407e-08,379.4130859375,204.93585205078125,-2487.263671875,174.477294921875,X2,X2
6.486073971245787e-07,322.47705078125,179.9925537109375,-2542.9892578125,142.484375,X2,X2
1.0969470665145309e-08,359.063720703125,175.7822265625,-2608.68798828125,183.281494140625,X1,X2
1.9835573539239704e-07,331.55419921875,177.2220458984375,-2787.86572265625,154.33203125,X2,X2
1.0568544928091228e-09,378.5927734375,171.9130859375,-2559.893310546875,206.6796875,X1,X2
9.585090765540372e-07,263.490966796875,124.91204833984375,-2808.6181640625,138.578857421875,X2,X2
7.62262197806507e-11,441.568603515625,208.5953369140625,-2602.908935546875,232.97314453125,X2,X2
3.0481845897156745e-05,286.22705078125,182.243408203125,-2743.1923828125,103.983642578125,X1,X2
7.69188432059309e-07,335.85888671875,195.07977294921875,-2770.7666015625,140.779296875,X2,X2
0.6931471824645996,0.0,0.0,-2886.65771484375,0.0,X2,X2
8.135873225123547e-11,433.70068359375,201.3792724609375,-2757.4560546875,232.321533203125,X2,X2
0.2595924139022827,157.89453125,145.73406982421875,-2711.5263671875,12.160400390625,X1,X2
1.1467591320979409e-08,389.51025390625,206.673095703125,-2822.622802734375,182.83740234375,X2,X2
2.2103704977460836e-10,434.35400390625,212.0272216796875,-2714.44287109375,222.326904296875,X2,X2
2.0097784769745886e-08,366.46142578125,189.23486328125,-2724.015380859375,177.2265625,X1,X2
4.0988801242036743e-10,424.53466796875,208.3831787109375,-2657.546875,216.1513671875,X2,X2
6.95184396160009e-11,433.24853515625,199.3541259765625,-2661.341796875,233.894287109375,X2,X2
1.6245023382044366e-10,419.126220703125,193.7197265625,-2561.7021484375,225.406494140625,X1,X2
3.3854932746102406e-11,409.88720703125,168.7977294921875,-2612.901123046875,241.08935546875,X1,X2
1.1875059158228396e-07,357.53662109375,198.07421875,-2610.82958984375,159.46240234375,X2,X2
6.7400755116020505e-12,430.520751953125,173.2913818359375,-2433.8095703125,257.2294921875,X1,X2
0.6931471824645996,0.0,0.0,-2708.177978515625,0.0,X2,X2
1.8948828617304514e-10,426.096923828125,202.23004150390625,-2641.60205078125,223.866943359375,X2,X2
8.30651281091832e-09,358.904296875,172.842041015625,-2624.2294921875,186.062255859375,X1,X2
3.414137583757082e-10,434.05810546875,216.0789794921875,-2618.5615234375,217.979248046875,X2,X2
5.4869328636186765e-08,365.987548828125,198.80426025390625,-2628.905517578125,167.18310546875,X2,X2
1.0224207613873659e-07,344.396240234375,183.4371337890625,-2632.04833984375,160.959228515625,X2,X2
1.639439452250091e-11,437.39697265625,189.0562744140625,-2610.0556640625,248.3408203125,X1,X2
0.6931471824645996,0.0,0.0,-2754.19580078125,0.0,X2,X2
0.000103205609775614,245.051025390625,153.26348876953125,-2711.7509765625,91.787353515625,X2,X2
4.424389299373388e-09,366.820556640625,174.45928955078125,-2666.71826171875,192.361328125,X1,X2
5.930488100602815e-07,345.80224609375,202.4224853515625,-2772.31640625,143.3798828125,X2,X2
2.538253056627582e-06,331.99951171875,203.15911865234375,-2827.843994140625,128.84033203125,X2,X2
5.292546349094929e-12,442.251708984375,182.60430908203125,-2543.91552734375,259.647216796875,X1,X2
1.9773992165905696e-10,433.51025390625,210.06951904296875,-2531.28173828125,223.440673828125,X2,X2
5.323301355275589e-09,378.02880859375,187.51702880859375,-2646.3759765625,190.51171875,X1,X2
1.47531864058692e-06,321.3408203125,187.07440185546875,-2453.865234375,134.266357421875,X2,X2
1.0930707006195917e-08,369.154052734375,185.83721923828125,-2327.40771484375,183.31689453125,X1,X2
2.8985954261817604e-11,419.205810546875,176.56365966796875,-2346.312744140625,242.64208984375,X1,X2
1.5006688045104966e-05,257.22265625,146.15264892578125,-2381.64013671875,111.070068359375,X2,X2
0.00031175254844129086,185.71337890625,104.98193359375,-2502.251220703125,80.7314453125,X2,X2
0.6931471824645996,0.0,0.0,-2536.84716796875,0.0,X2,X2
6.856625822670992e-10,418.478515625,207.47210693359375,-2654.912841796875,211.00634765625,X2,X2
1.243159744035438e-07,362.411376953125,203.40679931640625,-2739.812255859375,159.00439453125,X2,X2
2.13786505859348e-11,439.49951171875,193.8131103515625,-2639.24462890625,245.686279296875,X2,X2
9.251012755839838e-08,349.646484375,187.68695068359375,-2704.380615234375,161.95947265625,X1,X2
2.3843917006161064e-05,295.281005859375,188.84136962890625,-2738.70556640625,106.439697265625,X1,X2
2.116118169581682e-09,410.20849609375,210.4716796875,-2691.515625,199.73681640625,X2,X2
4.345836543961923e-07,338.1767578125,191.687744140625,-2500.737548828125,146.48876953125,X2,X2
1.2301062946029617e-10,417.259765625,189.07220458984375,-2510.36376953125,228.1875,X2,X2
6.142779340745363e-11,451.291748046875,216.16015625,-2445.0673828125,235.131591796875,X2,X2
6.9632637433869604e-09,380.277099609375,192.4508056640625,-2491.9619140625,187.826171875,X1,X2
3.128934622509405e-05,275.38671875,171.6644287109375,-2443.549072265625,103.72216796875,X1,X2
2.320473591055361e-09,381.828857421875,183.01409912109375,-2483.330810546875,198.81494140625,X1,X2
6.40063646528688e-08,352.23046875,186.5875244140625,-2484.90185546875,165.642822265625,X2,X2
1.803529769972556e-09,389.542724609375,188.20745849609375,-2491.2724609375,201.335205078125,X1,X2
1.5073453596414765e-09,410.231689453125,207.10260009765625,-2735.5986328125,203.129150390625,X2,X2
2.4359831859999126e-11,451.683349609375,207.30255126953125,-2712.37890625,244.380859375,X2,X2
8.549965855308983e-07,334.762939453125,195.041259765625,-2748.5146484375,139.7216796875,X2,X2
4.5872808329683323e-10,410.263916015625,195.2381591796875,-2483.3642578125,215.025634765625,X1,X2
1.1037074032493877e-11,453.924072265625,201.62640380859375,-2676.50634765625,252.297607421875,X2,X2
0.028517508879303932,136.26708984375,100.83758544921875,-2585.427734375,35.429443359375,X1,X2
1.3479445337694074e-10,441.41064453125,214.13812255859375,-2582.484375,227.272705078125,X2,X2
3.450151622730324e-12,456.334716796875,192.4085693359375,-2301.037109375,263.926025390625,X1,X2
5.261021840397007e-09,365.5,174.87042236328125,-2415.892822265625,190.62939453125,X2,X2
1.596116988578089e-10,437.101806640625,211.51898193359375,-2408.43505859375,225.582763671875,X2,X2
1.141477579125194e-09,405.026611328125,199.1170654296875,-2470.43505859375,205.909423828125,X2,X2
3.9746128610573805e-10,406.983154296875,190.52392578125,-2211.89208984375,216.459228515625,X1,X2
1.8037584936791973e-07,353.07763671875,197.79541015625,-2461.49365234375,155.2822265625,X2,X2
5.331200758629251e-11,436.45654296875,199.90814208984375,-2422.66796875,236.548583984375,X2,X2
1.556547317253798e-12,456.080078125,184.19464111328125,-2222.67333984375,271.885498046875,X1,X2
5.668418623372418e-09,401.52197265625,211.63848876953125,-2428.5556640625,189.883544921875,X2,X2
2.0891583601967412e-11,419.15625,173.239501953125,-2182.02490234375,245.916748046875,X1,X2
8.401578099892504e-08,355.11767578125,192.1951904296875,-2386.697265625,162.922607421875,X2,X2
5.862401621925528e-07,343.78125,200.2857666015625,-2408.265625,143.495361328125,X2,X2
9.190211258669478e-09,397.002197265625,211.950927734375,-2158.92919921875,185.05126953125,X2,X2
1.3241697738308744e-09,376.28076171875,171.85601806640625,-2146.716064453125,204.4248046875,X1,X2
0.6931471824645996,0.0,0.0,-2502.912841796875,0.0,X2,X2
3.2902385677102686e-11,441.55615234375,200.181396484375,-2380.85986328125,241.374755859375,X2,X2
9.988312399400456e-09,369.23291015625,185.014404296875,-2169.486328125,184.218505859375,X1,X2
8.349188562739585e-10,391.472412109375,182.43548583984375,-2359.21142578125,209.036865234375,X1,X2
1.3559090916714922e-07,345.958740234375,187.822509765625,-2169.596435546875,158.13623046875,X2,X2
6.037969568772894e-10,422.298583984375,210.02081298828125,-2381.477294921875,212.27783203125,X2,X2
8.697026432358257e-11,433.94921875,202.294677734375,-2375.9306640625,231.654541015625,X2,X2
9.506988618568357e-08,363.353271484375,201.666748046875,-2393.730224609375,161.6865234375,X2,X2
1.2562749951428032e-08,354.534912109375,172.60955810546875,-2388.872314453125,181.92529296875,X2,X2
1.2240508953653695e-11,441.1220703125,189.8592529296875,-2168.8740234375,251.2626953125,X1,X2
0.6931471824645996,0.0,0.0,-2462.218505859375,0.0,X2,X2
1.6250127979344775e-11,434.31884765625,185.8896484375,-2355.834716796875,248.42919921875,X2,X2
1.45632652603922e-08,368.7939453125,188.3463134765625,-2099.167724609375,180.4476318359375,X1,X2
0.6931471824645996,0.0,0.0,-2407.823974609375,0.0,X2,X2
6.629777282718408e-11,435.547119140625,201.17852783203125,-2332.867431640625,234.36865234375,X2,X2
2.4653115104911194e-09,346.0517578125,147.84246826171875,-2122.184814453125,198.20947265625,X1,X2
1.3140002863565314e-07,351.609130859375,193.158935546875,-2317.910400390625,158.4501953125,X2,X2
1.1558027451785691e-10,433.97900390625,205.16839599609375,-2350.00927734375,228.810546875,X2,X2
0.6931471824645996,0.0,0.0,-2432.625,0.0,X2,X2
3.884366961415253e-08,345.78125,175.14404296875,-2174.39404296875,170.63720703125,X1,X2
7.181831240821168e-10,429.3046875,218.7615966796875,-2365.11474609375,210.54296875,X2,X2
0.6931471824645996,0.0,0.0,-2419.10693359375,0.0,X2,X2
3.609301052476255e-11,413.8623046875,173.41302490234375,-2131.2119140625,240.44921875,X1,X2
0.6931471824645996,0.0,0.0,-2426.09765625,0.0,X2,X2
1.1751560835548958e-09,399.16943359375,193.55078125,-2316.5146484375,205.61865234375,X2,X2
1.9410347107395864e-08,356.150146484375,178.575439453125,-2136.527587890625,177.5745849609375,X1,X2
3.0577995691061233e-10,427.181640625,208.10015869140625,-2377.2470703125,219.08154296875,X2,X2
2.4172789991894206e-08,378.9638671875,203.58355712890625,-2334.054443359375,175.38037109375,X2,X2
1.6808373004550958e-07,340.090576171875,184.1024169921875,-2363.8134765625,155.988037109375,X2,X2
9.513995147258925e-11,424.349609375,193.5928955078125,-2124.72607421875,230.7567138671875,X1,X2
0.6931471824645996,0.0,0.0,-2401.419189453125,0.0,X2,X2
5.716092044139032e-09,406.128662109375,216.32891845703125,-2329.301513671875,189.7998046875,X2,X2
3.100677190559509e-07,331.64208984375,181.77752685546875,-2138.591064453125,149.86474609375,X1,X2
2.3476989449711105e-11,437.50927734375,192.7593994140625,-2281.33544921875,244.75,X2,X2
3.9575104437972186e-07,335.583740234375,188.1588134765625,-2190.90185546875,147.4248046875,X1,X2
2.873124174129771e-07,356.968505859375,206.3414306640625,-2400.896240234375,150.626953125,X2,X2
5.680335313229534e-09,398.74951171875,208.88702392578125,-2350.47900390625,189.862548828125,X2,X2
7.061742621772282e-07,317.3544921875,175.7205810546875,-2379.30908203125,141.634033203125,X2,X2
6.7304688400327e-07,326.95654296875,184.842041015625,-2115.05908203125,142.114501953125,X1,X2
2.9016488042543642e-05,276.381103515625,171.90484619140625,-2370.375,104.476318359375,X2,X2
1.609750484021788e-07,354.821044921875,198.40081787109375,-2366.18212890625,156.420166015625,X2,X2
3.9629306780586404e-11,415.13623046875,175.6217041015625,-2084.331787109375,239.5145263671875,X1,X2
1.0321254961809245e-07,362.1796875,201.31500244140625,-2340.958251953125,160.86474609375,X2,X2
6.840092048321367e-09,345.4423828125,157.4378662109375,-2112.21533203125,188.004638671875,X1,X2
2.903862217351616e-08,375.64892578125,202.10260009765625,-2317.173095703125,173.54638671875,X2,X2
2.1096319358093751e-07,346.250244140625,192.5341796875,-2154.41748046875,153.7158203125,X2,X2
1.4761402766794163e-08,388.566650390625,208.2542724609375,-2204.62548828125,180.3125,X2,X2
7.462491424803375e-08,339.518310546875,175.4105224609375,-2170.526611328125,164.10791015625,X1,X2
2.5938590624718927e-05,277.1416015625,171.5440673828125,-2164.3017578125,105.59765625,X2,X2
0.6931471824645996,0.0,0.0,-2206.1796875,0.0,X2,X2
1.963994407105929e-07,340.75927734375,186.328125,-2115.90625,154.43115234375,X1,X2
9.882013957129843e-11,423.05029296875,192.67315673828125,-2073.5556640625,230.377197265625,X2,X2
3.703481965544597e-10,423.186767578125,206.02099609375,-2048.529296875,217.165771484375,X2,X2
7.754289867989428e-07,331.37939453125,190.6807861328125,-2108.3896484375,140.698486328125,X1,X2
1.3592448000476764e-10,424.8125,197.62310791015625,-2277.65966796875,227.189208984375,X2,X2
4.031594225128998e-10,426.8779296875,210.5611572265625,-2291.282958984375,216.31689453125,X2,X2
4.67911091817097e-11,436.097412109375,198.24432373046875,-2302.630859375,237.853271484375,X2,X2
6.071869938750751e-05,265.4375,168.34515380859375,-2173.834228515625,97.09228515625,X1,X2
4.675018705491141e-10,428.5986328125,213.762451171875,-2139.64453125,214.836181640625,X2,X2
3.5753129168369924e-07,320.168701171875,171.72845458984375,-2113.46630859375,148.4404296875,X2,X2
8.336066059655423e-09,379.54248046875,193.51580810546875,-2094.609130859375,186.0267333984375,X1,X2
0.6931471824645996,-15.8406982421875,-15.8406982421875,0.0,0.0,X1,X2
0.7381916046142578,5.6829833984375,6.564453125,51.60614013671875,-0.8814697265625,X1,X1
0.4048759341239929,39.97955322265625,33.0303955078125,34.419647216796875,6.94915771484375,X1,X1
3.197280168533325,-75.12530517578125,-43.56982421875,15.504913330078125,-31.55548095703125,X1,X1
0.09609422832727432,-0.89404296875,-23.833984375,27.4014892578125,22.93994140625,X1,X1
6.567811965942383,6.67230224609375,72.33636474609375,27.06646728515625,-65.6640625,X2,X1
0.008135609328746796,64.19354248046875,16.11920166015625,90.70123291015625,48.0743408203125,X2,X1
0.10866692662239075,24.09124755859375,2.44482421875,86.70254516601562,21.64642333984375,X1,X1
0.0014737686142325401,27.469970703125,-37.72198486328125,87.15194702148438,65.19195556640625,X1,X1
0.3150750696659088,-11.91241455078125,-21.84515380859375,122.95556640625,9.9327392578125,X1,X1
0.5992441177368164,3.87176513671875,1.89630126953125,110.74273681640625,1.9754638671875,X1,X1
8.173929018084891e-06,6.75311279296875,-110.3924560546875,99.50112915039062,117.14556884765625,X4,X1
0.6712517738342285,-28.94403076171875,-29.3868408203125,65.52822875976562,0.44281005859375,X1,X4
1.5144572257995605,-20.193603515625,-7.53271484375,86.350341796875,-12.660888671875,X1,X1
0.09700817614793777,-20.0836181640625,-42.92425537109375,182.70529174804688,22.84063720703125,X2,X1
0.5349203944206238,21.442626953125,17.97979736328125,207.57186889648438,3.46282958984375,X2,X1
0.02160259336233139,-16.9078369140625,-55.1490478515625,105.726806640625,38.2412109375,X1,X1
1.862147769315925e-08,82.2320556640625,-95.7574462890625,85.69586181640625,177.989501953125,X2,X1
0.0008550505735911429,59.79412841796875,-10.8450927734375,110.28231811523438,70.63922119140625,X2,X1
1.669799348746892e-05,54.1439208984375,-55.85821533203125,92.11666870117188,110.00213623046875,X2,X1
0.1381569802761078,39.88116455078125,20.7862548828125,-21.703094482421875,19.09490966796875,X2,X1
0.8543797731399536,-5.366943359375,-2.36651611328125,-89.52511596679688,-3.00042724609375,X1,X1
3.2377190589904785,-7.9072265625,24.06951904296875,-71.07778930664062,-31.97674560546875,X1,X1
0.46086999773979187,19.45074462890625,14.0970458984375,-183.11538696289062,5.35369873046875,X1,X1
0.6529519557952881,12.98675537109375,12.166015625,-204.45730590820312,0.82073974609375,X1,X1
8.056515798671171e-05,58.8839111328125,-35.380126953125,-34.734619140625,94.2640380859375,X2,X1
19.141767501831055,-83.0208740234375,108.39678955078125,-154.82485961914062,-191.41766357421875,X1,X2
0.4271155893802643,-10.9591064453125,-17.254638671875,-183.345703125,6.2955322265625,X1,X1
0.4533482789993286,2.07379150390625,-3.48492431640625,-84.1890869140625,5.5587158203125,X1,X1
1.6192947441595607e-05,0.004150390625,-110.30511474609375,-140.69876098632812,110.30926513671875,X2,X1
1.4228898237433896e-07,61.509521484375,-96.14453125,-159.5614013671875,157.654052734375,X2,X1
1.3840226529282518e-06,38.28076171875,-96.6243896484375,-147.30926513671875,134.9051513671875,X2,X1
5.250790763966506e-06,34.2200927734375,-87.3511962890625,-172.8582763671875,121.5712890625,X2,X1
0.011792811565101147,-2.2578125,-46.6014404296875,-191.14849853515625,44.3436279296875,X2,X1
11.030668258666992,18.1126708984375,128.419189453125,-148.98077392578125,-110.3065185546875,X2,X2
0.00012867448094766587,78.0321044921875,-11.54949951171875,-70.57205200195312,89.58160400390625,X2,X1
4.2660218468881794e-07,74.8953857421875,-71.77874755859375,-112.32058715820312,146.67413330078125,X2,X1
7.276928045030218e-06,60.4075927734375,-57.900390625,-97.39874267578125,118.3079833984375,X2,X1
0.0006642889929935336,74.0430908203125,0.87847900390625,-113.86502075195312,73.16461181640625,X2,X1
4.240482212480856e-06,63.2530517578125,-60.45526123046875,-167.92538452148438,123.70831298828125,X2,X1
6.589445433746732e-08,116.817138671875,-48.53497314453125,-188.81448364257812,165.35211181640625,X2,X1
3.720357000247532e-08,82.800048828125,-88.2685546875,-211.1649169921875,171.068603515625,X2,X1
16.280059814453125,-18.130615234375,144.66998291015625,-204.20889282226562,-162.80059814453125,X2,X2
0.16718456149101257,55.5555419921875,38.51654052734375,-320.1357727050781,17.03900146484375,X1,X1
0.6931471824645996,0.0,0.0,-382.76416015625,0.0,X2,X2
0.009481845423579216,110.443359375,63.90704345703125,-374.0803527832031,46.53631591796875,X4,X2
0.00616570096462965,72.89501953125,22.038330078125,-300.805908203125,50.856689453125,X2,X2
2.443865422530056e-12,401.155517578125,133.7811279296875,-355.76507568359375,267.3743896484375,X2,X2
13.741737365722656,-145.003662109375,-7.5863037109375,-429.35235595703125,-137.4173583984375,X1,X1
3.898956298828125,-30.841064453125,7.94378662109375,-398.7616271972656,-38.78485107421875,X1,X2
7.986729145050049,-140.8037109375,-60.9398193359375,-278.879150390625,-79.8638916015625,X2,X1
6.509272575378418,-90.240234375,-25.16241455078125,-113.41537475585938,-65.07781982421875,X2,X1
1.751926302909851,-88.55242919921875,-72.93798828125,-98.58700561523438,-15.61444091796875,X2,X1
0.0002563555899541825,35.26470947265625,-47.4234619140625,-47.084442138671875,82.68817138671875,X2,X1
8.937509536743164,39.592529296875,128.96630859375,7.1824951171875,-89.373779296875,X2,X2
0.001212299452163279,-16.34130859375,-83.48760986328125,-59.622161865234375,67.14630126953125,X2,X1
5.9824815252795815e-05,21.8358154296875,-75.40478515625,-89.5943603515625,97.2406005859375,X2,X1
8.521360397338867,56.49566650390625,141.707275390625,-76.33621215820312,-85.21160888671875,X2,X2
4.295384407043457,101.054443359375,143.87103271484375,-72.23892211914062,-42.81658935546875,X2,X2
1.5477824211120605,-99.468017578125,-86.38189697265625,-165.89852905273438,-13.08612060546875,X2,X1
0.0012601002817973495,211.62054443359375,144.8612060546875,-88.63449096679688,66.75933837890625,X2,X2
0.00011768900003517047,219.63818359375,129.16412353515625,-98.65200805664062,90.47406005859375,X2,X2
0.0075899711810052395,123.17462158203125,74.4033203125,-139.07772827148438,48.77130126953125,X4,X2
2.2630386352539062,11.52978515625,33.0616455078125,-176.88385009765625,-21.5318603515625,X1,X2
0.0005401922389864922,203.21661376953125,127.98345947265625,-159.503173828125,75.233154296875,X2,X2
3.0368406772613525,7.0291748046875,36.90582275390625,-188.21707153320312,-29.87664794921875,X1,X2
7.3386077880859375,-113.3829345703125,-40.00335693359375,-179.43661499023438,-73.37957763671875,X2,X1
4.880877531832084e-05,240.4154052734375,141.1396484375,-150.77166748046875,99.2757568359375,X2,X2
0.6931471824645996,0.0,0.0,-193.3831787109375,0.0,X2,X2
6.35436487197876,-155.0189208984375,-91.49267578125,-170.81097412109375,-63.5262451171875,X2,X1
0.048535559326410294,169.193359375,139.18243408203125,-194.37789916992188,30.01092529296875,X2,X2
0.6931471824645996,0.0,0.0,-240.93072509765625,0.0,X2,X2
0.007938187569379807,171.5753173828125,123.25433349609375,-315.8590393066406,48.32098388671875,X2,X2
2.571842287579784e-06,273.5924072265625,144.883544921875,-376.51495361328125,128.7088623046875,X2,X2
1.0731894661830665e-07,295.06787109375,134.59326171875,-458.533447265625,160.474609375,X2,X2
1.0751153212140707e-07,280.6279296875,120.1712646484375,-519.1461791992188,160.4566650390625,X2,X2
1.7302066623869905e-07,299.983154296875,144.28460693359375,-550.9093017578125,155.69854736328125,X2,X2
4.320013502479014e-08,309.55517578125,139.98095703125,-528.802490234375,169.57421875,X2,X2
1.5695956108174869e-06,239.7181396484375,106.07122802734375,-587.2645263671875,133.64691162109375,X2,X2
0.0005365097313188016,232.7265625,157.42498779296875,-690.148193359375,75.30157470703125,X2,X2
1.9093797163804993e-05,195.579345703125,86.91796875,-698.337158203125,108.661376953125,X2,X2
0.006776078138500452,110.82568359375,60.916015625,-689.1280517578125,49.90966796875,X2,X2
0.6931471824645996,0.0,0.0,-703.0838012695312,0.0,X2,X2
0.6931471824645996,0.0,0.0,-767.5065307617188,0.0,X2,X2
2.647519004028709e-08,296.244140625,121.7735595703125,-660.2420043945312,174.4705810546875,X1,X2
0.6931471824645996,0.0,0.0,-693.5357666015625,0.0,X2,X2
7.173735866672359e-06,240.979248046875,122.5284423828125,-613.6337280273438,118.4508056640625,X2,X2
3.425253858324595e-09,298.576904296875,103.656005859375,-558.3577880859375,194.9208984375,X2,X2
3.7307032130229345e-08,270.8280029296875,99.78717041015625,-510.8457946777344,171.04083251953125,X2,X2
6.563836696393821e-10,336.7630615234375,125.3203125,-532.3540649414062,211.4427490234375,X2,X2
0.0002656000724527985,171.5953369140625,89.261474609375,-563.9222412109375,82.3338623046875,X2,X2
9.866085974863381e-07,226.2747802734375,87.98486328125,-446.95709228515625,138.2899169921875,X2,X2
1.7958612374968652e-07,262.498046875,107.17193603515625,-461.1842956542969,155.32611083984375,X1,X2
0.6931471824645996,0.0,0.0,-549.815185546875,0.0,X2,X2
6.775148904125672e-07,251.48388671875,109.435546875,-432.685546875,142.04833984375,X2,X2
0.6931471824645996,0.0,0.0,-520.2982788085938,0.0,X2,X2
6.406889241361569e-08,279.4886474609375,113.8555908203125,-425.83843994140625,165.633056640625,X1,X2
3.046449364774162e-06,239.9884033203125,112.97308349609375,-422.5075988769531,127.01531982421875,X2,X2
8.371403055207338e-07,238.0487060546875,98.115966796875,-464.78466796875,139.9327392578125,X2,X2
8.724602230358869e-05,199.8265380859375,106.35919189453125,-476.5906677246094,93.46734619140625,X2,X2
7.502681143023437e-08,283.0655517578125,119.0113525390625,-423.0316162109375,164.05419921875,X1,X2
0.6931471824645996,121.9932861328125,121.9932861328125,0.0,0.0,X2,X2
0.29802969098091125,198.5511474609375,187.97265625,-25.53741455078125,10.5784912109375,X2,X2
0.036122556775808334,164.52685546875,131.4996337890625,-46.62628173828125,33.0272216796875,X1,X2
0.000696416711434722,406.337646484375,333.6455078125,-73.3511962890625,72.692138671875,X2,X2
3.7212373626971385e-06,327.4144287109375,202.39990234375,-75.49188232421875,125.0145263671875,X2,X2
0.0020201674196869135,374.9500732421875,312.9144287109375,-134.5565185546875,62.03564453125,X2,X2
3.38830504915677e-05,283.278564453125,180.352783203125,-154.317626953125,102.92578125,X1,X2
5.0672347242652904e-06,301.7066650390625,179.779541015625,-182.69647216796875,121.9271240234375,X1,X2
1.506952685303986e-06,264.28515625,130.23095703125,-180.308349609375,134.05419921875,X1,X2
8.017256050152355e-07,334.8314208984375,194.4664306640625,-216.3599853515625,140.364990234375,X1,X2
9.891921043395996,-273.73828125,-174.819580078125,-246.3101806640625,-98.918701171875,X2,X1
0.0007243875879794359,390.9703369140625,318.672119140625,-236.65533447265625,72.2982177734375,X2,X2
0.04159477353096008,364.968505859375,333.37939453125,-216.7706298828125,31.589111328125,X2,X2
0.0008650147938169539,394.053955078125,323.5306396484375,-267.56427001953125,70.5233154296875,X2,X2
6.751370165147819e-06,446.498046875,327.4404296875,-209.865478515625,119.0576171875,X2,X2
2.4070259314612485e-05,437.74853515625,331.4033203125,-283.7637939453125,106.34521484375,X2,X2
2.879655767173972e-07,475.7830810546875,325.1788330078125,-338.7379150390625,150.604248046875,X2,X2
1.4670489711932078e-08,525.02001953125,344.645751953125,-304.0994873046875,180.374267578125,X2,X2
0.08755578100681305,231.8450927734375,207.9312744140625,-411.0999755859375,23.913818359375,X2,X2
4.8384809048229727e-08,439.4461669921875,271.00537109375,-259.70648193359375,168.4407958984375,X1,X2
1.0421678098282428e-06,323.937255859375,186.1951904296875,-216.25823974609375,137.7420654296875,X2,X2
1.269876793230651e-05,372.35302734375,259.613037109375,-202.5699462890625,112.739990234375,X2,X2
1.9644157411846663e-09,391.90283203125,191.422119140625,-120.7645263671875,200.480712890625,X1,X2
1.3834585921301823e-08,514.346435546875,333.385498046875,-113.815185546875,180.9609375,X2,X2
2.92510947019764e-07,356.1549072265625,205.707275390625,-130.40753173828125,150.4476318359375,X2,X2
1.6100402717711404e-05,353.0230712890625,242.656494140625,-138.43365478515625,110.3665771484375,X2,X2
0.00025221059331670403,280.22705078125,197.3758544921875,-144.76873779296875,82.8511962890625,X1,X2
8.520140681866906e-08,494.21435546875,331.431884765625,-115.8218994140625,162.782470703125,X2,X2
9.693804713606369e-06,369.0379638671875,253.5977783203125,-129.49560546875,115.440185546875,X2,X2
1.7918426920005004e-07,403.9295654296875,248.5810546875,38.77288818359375,155.3485107421875,X1,X2
6.481405421254749e-07,451.92578125,309.4342041015625,71.08868408203125,142.4915771484375,X2,X2
2.922727981058415e-05,251.7593994140625,147.35546875,25.29473876953125,104.4039306640625,X1,X2
3.02220200865122e-07,421.174560546875,271.053466796875,13.006591796875,150.12109375,X1,X2
7.095874821061443e-07,413.807373046875,272.2215576171875,-51.33013916015625,141.5858154296875,X1,X2
0.00017169330385513604,260.5091552734375,173.81201171875,-48.39154052734375,86.6971435546875,X1,X2
9.20584898267407e-06,298.614013671875,182.6573486328125,-41.96673583984375,115.9566650390625,X1,X2
2.269089236506261e-06,321.5157470703125,191.554443359375,-45.93768310546875,129.9613037109375,X1,X2
5.110094889460015e-07,451.5155029296875,306.646728515625,-36.58026123046875,144.8687744140625,X2,X2
2.714779441248538e-07,435.350341796875,284.156494140625,-23.1376953125,151.19384765625,X1,X2
1.0029534678324126e-06,336.9737548828125,198.84814453125,-35.53643798828125,138.1256103515625,X1,X2
4.4359921957948245e-06,310.628662109375,187.37109375,-45.730712890625,123.257568359375,X2,X2
0.6931471824645996,0.0,0.0,-105.5400390625,0.0,X2,X2
9.870425401459215e-07,277.8355712890625,139.550048828125,-33.27813720703125,138.2855224609375,X1,X2
6.993288934609154e-07,465.1092529296875,323.3778076171875,18.54736328125,141.7314453125,X2,X2
8.963346544987871e-07,483.353759765625,344.104248046875,-45.9173583984375,139.24951171875,X2,X2
4.2076567297044676e-07,474.436279296875,327.6243896484375,63.49102783203125,146.8118896484375,X2,X2
3.935487984563224e-05,354.8046875,253.3759765625,-22.2489013671875,101.4287109375,X2,X2
9.154990152637765e-07,450.274169921875,311.2362060546875,-1.35882568359375,139.0379638671875,X2,X2
8.420084327553923e-07,469.387451171875,329.5126953125,-2.6214599609375,139.874755859375,X2,X2
8.039495696721133e-06,306.0989990234375,188.78759765625,-55.68377685546875,117.3114013671875,X2,X2
1.5922740203677677e-05,287.836181640625,177.358642578125,-75.0955810546875,110.4775390625,X1,X2
2.8234092042112025e-06,365.0146484375,237.239013671875,-80.8255615234375,127.775634765625,X2,X2
3.722412293427624e-05,303.77978515625,201.79443359375,-70.937255859375,101.9853515625,X2,X2
4.558555133371556e-08,479.0020751953125,309.96533203125,-40.95928955078125,169.0367431640625,X2,X2
5.6434750149492174e-05,323.768310546875,225.9443359375,-70.4166259765625,97.823974609375,X2,X2
1.458607954418767e-07,477.31689453125,319.9107666015625,-56.73687744140625,157.4061279296875,X2,X2
0.0001893578446470201,311.10888671875,225.39111328125,-101.804443359375,85.7177734375,X2,X2
7.033854387827887e-08,479.769287109375,315.06982421875,-63.3714599609375,164.699462890625,X2,X2
1.2801490811398253e-05,305.1640625,192.504638671875,-97.0626220703125,112.659423828125,X2,X2
1.0631489203660749e-05,285.2578125,170.740966796875,-89.6207275390625,114.516845703125,X2,X2
2.1219818790996214e-06,303.091064453125,172.45947265625,-72.9793701171875,130.631591796875,X2,X2
1.065318883775035e-05,301.302490234375,186.8060302734375,-77.00909423828125,114.4964599609375,X2,X2
1.3503743502951693e-05,332.1129150390625,219.987548828125,32.44329833984375,112.1253662109375,X2,X2
4.152638410914733e-08,452.771728515625,282.8023681640625,101.29742431640625,169.9693603515625,X1,X2
2.43860131377005e-06,321.943359375,192.7025146484375,-46.40008544921875,129.2408447265625,X2,X2
1.2978973245481029e-05,355.794189453125,243.2724609375,-75.216796875,112.521728515625,X2,X2
2.3517122826888226e-07,409.4744873046875,256.844970703125,-45.06378173828125,152.6295166015625,X1,X2
9.994195352192037e-06,391.154296875,276.019287109375,-69.0584716796875,115.135009765625,X2,X2
1.4804053307670983e-06,321.461181640625,187.229248046875,-68.6690673828125,134.23193359375,X2,X2
1.574144903315755e-08,487.6087646484375,307.9390869140625,-34.4803466796875,179.669677734375,X2,X2
0.0002093320363201201,333.701416015625,248.986572265625,-86.8682861328125,84.71484375,X2,X2
9.102615194933605e-07,401.53125,262.4359130859375,-58.69683837890625,139.0953369140625,X2,X2
1.461468057684101e-09,466.8382568359375,263.4000244140625,-52.239501953125,203.438232421875,X1,X2
3.0354090995388106e-05,275.8961181640625,171.8704833984375,-102.9072265625,104.025634765625,X2,X2
2.255101026094053e-05,333.70458984375,226.7073974609375,-97.76287841796875,106.9971923828125,X2,X2
1.1459347248887752e-08,467.870361328125,285.0257568359375,-55.96112060546875,182.8446044921875,X1,X2
1.4397635084151261e-08,480.291015625,299.72900390625,-96.4013671875,180.56201171875,X2,X2
1.2480396094360913e-07,345.1324462890625,186.167236328125,-73.89324951171875,158.9652099609375,X1,X2
2.0216623042301762e-08,465.4158935546875,288.248291015625,-64.02325439453125,177.1676025390625,X1,X2
5.6992426777924265e-08,384.059326171875,217.255859375,-56.1558837890625,166.803466796875,X1,X2
0.6931471824645996,0.108642578125,0.108642578125,0.0,0.0,X2,X2
0.7693017721176147,-2.5550537109375,-1.08587646484375,-3.219451904296875,-1.46917724609375,X1,X2
0.13313817977905273,7.7880859375,-11.7025146484375,1.48394775390625,19.4906005859375,X1,X2
0.028830816969275475,24.8370361328125,-10.4815673828125,-15.15191650390625,35.318603515625,X1,X2
5.795082092285156,-44.15997314453125,13.7603759765625,-10.290740966796875,-57.92034912109375,X2,X1
4.009171962738037,-21.06732177734375,18.84124755859375,9.3624267578125,-39.9085693359375,X2,X1
0.0018669082783162594,75.02459716796875,12.19921875,-10.971832275390625,62.82537841796875,X1,X1
7.9244771003723145,-80.58929443359375,-1.34814453125,-26.040557861328125,-79.24114990234375,X2,X1
0.012064126320183277,76.72833251953125,32.613525390625,-9.093780517578125,44.11480712890625,X2,X1
0.6699455976486206,13.30535888671875,12.8358154296875,15.901580810546875,0.46954345703125,X2,X1
0.15000559389591217,33.6414794921875,15.4300537109375,24.06158447265625,18.21142578125,X2,X1
6.467411518096924,-141.41802978515625,-76.75946044921875,-29.02020263671875,-64.6585693359375,X2,X1
0.0025851228274405003,88.361328125,28.79443359375,3.688720703125,59.56689453125,X2,X1
1.6187433004379272,-8.099853515625,5.8792724609375,-69.7708740234375,-13.9791259765625,X2,X1
8.585935592651367,-21.54296875,64.31451416015625,-119.08010864257812,-85.85748291015625,X1,X2
0.008135114796459675,141.1531982421875,93.0782470703125,-103.040771484375,48.074951171875,X2,X2
0.0019860914908349514,122.6383056640625,60.432373046875,-148.12298583984375,62.2059326171875,X2,X2
0.00024075651890598238,137.7169189453125,54.40087890625,-198.17816162109375,83.3160400390625,X2,X2
0.020015079528093338,8.0789794921875,-30.9334716796875,-199.56494140625,39.012451171875,X2,X2
0.6931471824645996,0.0,0.0,-313.5191650390625,0.0,X2,X2
7.4615536505007185e-06,185.1494140625,67.09197998046875,-289.5141296386719,118.05743408203125,X2,X2
0.026836581528186798,-9.35498046875,-45.400390625,-332.9940185546875,36.04541015625,X1,X2
3.0638522730441764e-05,210.2578125,106.325439453125,-329.8487548828125,103.932373046875,X2,X2
0.22754517197608948,6.917724609375,-6.72705078125,-328.38623046875,13.644775390625,X4,X2
1.8589540786706493e-06,193.5791015625,61.6241455078125,-254.06500244140625,131.9549560546875,X2,X2
8.465738210361451e-05,192.6177978515625,98.8492431640625,-294.8223876953125,93.7685546875,X2,X2
1.1252693184360396e-05,218.7000732421875,104.7510986328125,-305.35333251953125,113.948974609375,X2,X2
2.0168652099528117e-06,206.4549560546875,75.3153076171875,-306.71124267578125,131.1396484375,X2,X2
6.945473955966008e-07,198.912841796875,57.11279296875,-326.8619384765625,141.800048828125,X2,X2
5.447105877465219e-07,194.392578125,50.1624755859375,-336.05657958984375,144.2301025390625,X1,X2
1.772783519982113e-07,199.9525146484375,44.4970703125,-348.92401123046875,155.4554443359375,X1,X2
2.045923253035653e-07,197.949951171875,43.927490234375,-397.34619140625,154.0224609375,X1,X2
1.0499769587113406e-06,184.29541015625,46.62799072265625,-413.8833312988281,137.66741943359375,X2,X2
9.891154149954673e-06,225.124267578125,109.8856201171875,-376.96026611328125,115.2386474609375,X2,X2
7.092292785644531,-141.41259765625,-70.49798583984375,-395.1061096191406,-70.91461181640625,X2,X4
0.010216942057013512,75.95361328125,30.16766357421875,-308.8866271972656,45.78594970703125,X1,X2
0.01296230684965849,105.11474609375,61.7225341796875,-323.32073974609375,43.3922119140625,X1,X2
4.57496389572043e-06,175.9637451171875,53.0146484375,-391.39886474609375,122.9490966796875,X1,X2
2.1201906008627702e-07,217.0133056640625,63.347412109375,-428.26275634765625,153.6658935546875,X1,X2
1.574938437443052e-07,238.461669921875,81.8228759765625,-507.15032958984375,156.6387939453125,X2,X2
6.664736247330438e-07,213.314208984375,71.1015625,-572.12451171875,142.212646484375,X2,X2
7.761295819364022e-06,222.19775390625,104.5341796875,-649.967529296875,117.66357421875,X2,X2
1.7465345081291161e-07,213.45166015625,57.8470458984375,-609.7759399414062,155.6046142578125,X2,X2
1.414123129706013e-08,255.32080078125,74.5791015625,-667.7742919921875,180.74169921875,X2,X2
2.723948888672112e-08,234.69580078125,60.50982666015625,-729.57958984375,174.18597412109375,X2,X2
3.679965665526197e-09,254.0108642578125,59.8072509765625,-708.0563354492188,194.20361328125,X2,X2
7.134227875127408e-09,249.72216796875,62.1385498046875,-801.7186889648438,187.5836181640625,X2,X2
0.0001443353685317561,153.30615234375,64.8731689453125,-945.9253540039062,88.4329833984375,X1,X2
9.647294973547105e-06,227.9354248046875,112.4471435546875,-889.215087890625,115.48828125,X2,X2
5.438695604986776e-10,268.6832275390625,55.360107421875,-827.2138061523438,213.3231201171875,X1,X2
5.960290483386643e-09,245.88330078125,56.5018310546875,-806.0015258789062,189.3814697265625,X2,X2
1.7817769482064705e-09,273.16845703125,71.7119140625,-810.141357421875,201.45654296875,X2,X2
1.921254044745524e-09,276.02001953125,75.317138671875,-804.156494140625,200.702880859375,X2,X2
2.1752656564899553e-08,239.609375,63.174072265625,-826.6842041015625,176.435302734375,X2,X2
1.1332859095602998e-09,243.924072265625,37.942626953125,-824.8116455078125,205.9814453125,X1,X2
4.846329115792969e-09,253.8343505859375,62.3839111328125,-835.4478759765625,191.450439453125,X2,X2
2.028510692753116e-08,247.349365234375,70.215576171875,-843.9949951171875,177.1337890625,X2,X2
3.2892424894903627e-10,272.42431640625,54.0723876953125,-831.6405639648438,218.3519287109375,X1,X2
8.921787197913034e-10,281.623046875,73.24951171875,-793.4215087890625,208.37353515625,X2,X2
3.2140357042464984e-09,261.767333984375,66.2099609375,-807.4635009765625,195.557373046875,X2,X2
1.5549782119705924e-06,232.1044921875,98.364013671875,-866.2703857421875,133.740478515625,X2,X2
1.7907331173461216e-10,288.7799072265625,64.34765625,-825.4159545898438,224.4322509765625,X1,X2
0.00027062618755735457,179.3802490234375,97.23388671875,-848.3135375976562,82.1463623046875,X2,X2
2.676085797403971e-09,236.8040771484375,39.41497802734375,-855.3978271484375,197.38909912109375,X1,X2
3.4504334944784887e-09,268.090576171875,73.242919921875,-769.029052734375,194.84765625,X2,X2
2.88201018605605e-09,268.5689697265625,71.92120361328125,-825.319091796875,196.64776611328125,X2,X2
5.4332969234849315e-09,263.2095947265625,72.90240478515625,-862.7265625,190.30718994140625,X2,X2
5.82852877073492e-10,268.81103515625,56.18017578125,-873.66845703125,212.630859375,X1,X2
3.33676908326197e-09,257.2652587890625,62.0826416015625,-893.0352783203125,195.1826171875,X2,X2
7.6010953087291e-10,243.177490234375,33.201904296875,-916.5341796875,209.9755859375,X1,X2
1.738060473321923e-09,244.7586669921875,43.0537109375,-894.8955688476562,201.7049560546875,X2,X2
1.7138318542109232e-09,260.333251953125,58.4879150390625,-895.3937377929688,201.8453369140625,X2,X2
2.8160596077242417e-09,250.3062744140625,53.427001953125,-878.2534790039062,196.8792724609375,X1,X2
1.0353782720073923e-08,241.9515380859375,58.0924072265625,-978.00439453125,183.859130859375,X2,X2
1.1061306537385462e-08,234.5408935546875,51.3427734375,-895.9019165039062,183.1981201171875,X2,X2
1.978363434318453e-05,207.723388671875,99.41693115234375,-935.924072265625,108.30645751953125,X2,X2
1.7293365350834478e-10,278.8895263671875,54.1083984375,-865.5108032226562,224.7811279296875,X1,X2
1.0378176096281777e-09,274.244384765625,67.3829345703125,-890.4822387695312,206.8614501953125,X2,X2
5.234660989117401e-07,240.9765625,96.3486328125,-884.473876953125,144.6279296875,X2,X2
2.4174010015975966e-10,260.7025146484375,39.27093505859375,-829.2398681640625,221.43157958984375,X1,X2
5.516026249097195e-07,255.33642578125,111.2320556640625,-973.2839965820312,144.1043701171875,X2,X2
1.68804359379493e-09,268.5445556640625,66.547607421875,-926.7083129882812,201.9969482421875,X2,X2
6.898274174105268e-10,256.30224609375,45.3564453125,-997.506103515625,210.94580078125,X1,X2
7.407423119332179e-09,249.5078125,62.29998779296875,-956.7869873046875,187.20782470703125,X2,X2
0.6931471824645996,0.0,0.0,-1047.3997802734375,0.0,X2,X2
1.2274257166211555e-09,266.73681640625,61.5533447265625,-971.7857055664062,205.1834716796875,X2,X2
2.2275961630846552e-10,274.596923828125,52.34765625,-875.880615234375,222.249267578125,X1,X2
1.386040948681e-09,271.59033203125,67.6221923828125,-956.6946411132812,203.9681396484375,X2,X2
8.961666075890662e-09,249.717041015625,64.4139404296875,-891.4661254882812,185.3031005859375,X2,X2
3.168027784550276e-10,259.818115234375,41.0906982421875,-883.9392700195312,218.7274169921875,X1,X2
3.927987268781408e-09,252.7738037109375,59.222412109375,-906.2966918945312,193.5513916015625,X2,X2
2.4066815207390846e-10,264.9248046875,43.44879150390625,-827.2462158203125,221.47601318359375,X1,X2
1.6937952977968962e-06,234.21875,101.3333740234375,-852.6365356445312,132.8853759765625,X2,X2
1.9497832237647117e-09,261.486328125,60.93084716796875,-797.6737060546875,200.55548095703125,X2,X2
2.4907824691666747e-09,269.384521484375,71.27783203125,-862.0009765625,198.106689453125,X2,X2
4.226974488119595e-05,194.0428466796875,93.32867431640625,-925.1749267578125,100.71417236328125,X1,X2
1.6521732959517976e-07,259.088134765625,102.9281005859375,-878.4257202148438,156.1600341796875,X2,X2
3.127497816279856e-09,259.324462890625,63.494140625,-854.6053466796875,195.830322265625,X2,X2
1.3609420257409965e-09,249.7159423828125,45.5650634765625,-859.0362548828125,204.15087890625,X1,X2
5.737011576911755e-08,232.310791015625,65.5733642578125,-875.0086059570312,166.7374267578125,X2,X2
1.0916830994744942e-08,263.441650390625,80.112060546875,-868.394287109375,183.32958984375,X2,X2
1.2545696703725184e-09,261.4482421875,56.4835205078125,-860.1538696289062,204.9647216796875,X1,X2
1.3831835676825222e-09,262.432861328125,58.444091796875,-879.381591796875,203.98876953125,X2,X2
3.376662061072011e-09,248.4254150390625,53.36163330078125,-922.0567626953125,195.06378173828125,X2,X2
1.3776754181904494e-09,267.2681884765625,63.239501953125,-917.9437866210938,204.0286865234375,X2,X2
1.099993909292607e-07,236.4188232421875,76.19091796875,-926.5592651367188,160.2279052734375,X1,X2
2.4872883752635744e-09,253.9881591796875,55.867431640625,-912.8567504882812,198.1207275390625,X2,X2
1.1447762737759604e-09,258.573486328125,52.69293212890625,-793.3485107421875,205.88055419921875,X2,X2
9.289571778481331e-09,268.5609130859375,83.6171875,-829.9032592773438,184.9437255859375,X1,X2
7.217328956699021e-10,262.8570556640625,52.3634033203125,-847.531005859375,210.49365234375,X1,X2
3.4138818136852933e-06,224.003173828125,98.1265869140625,-1008.9657592773438,125.8765869140625,X2,X2
1.1811976037279237e-06,243.383056640625,106.89324951171875,-962.16943359375,136.48980712890625,X2,X2
2.204627435276052e-06,224.81005859375,94.560546875,-894.4267578125,130.24951171875,X2,X2
9.199720807373524e-08,260.8231201171875,98.80804443359375,-877.50146484375,162.01507568359375,X2,X2
3.554129079930135e-08,239.7586669921875,68.23297119140625,-917.829345703125,171.52569580078125,X2,X2
1.2381997649413279e-09,254.5458984375,49.4498291015625,-900.9024047851562,205.0960693359375,X1,X2
5.584235651667768e-08,246.89697265625,79.8896484375,-883.084716796875,167.00732421875,X2,X2
0.6931471824645996,0.0,0.0,-979.9306640625,0.0,X2,X2
6.315161726888618e-10,275.592041015625,63.7630615234375,-879.7669067382812,211.8289794921875,X1,X2
9.784855592442909e-08,269.43994140625,108.04144287109375,-1046.244140625,161.3984375,X2,X2
4.902270944739939e-08,275.1256103515625,106.8157958984375,-874.7015380859375,168.309814453125,X2,X2
2.5605409459394934e-10,274.330322265625,53.4739990234375,-844.1096801757812,220.8563232421875,X1,X2
0.6931471824645996,0.0,0.0,-959.8026123046875,0.0,X2,X2
3.59090912560589e-09,265.976806640625,71.5281982421875,-880.7576293945312,194.4486083984375,X2,X2
3.626321243288544e-09,264.176513671875,69.8260498046875,-879.1325073242188,194.3504638671875,X2,X2
8.599085332683387e-10,247.982666015625,39.24072265625,-867.024169921875,208.741943359375,X1,X2
2.7509686972848613e-08,248.96728515625,74.8800048828125,-872.8241577148438,174.0872802734375,X2,X2
1.305247798732978e-09,259.822998046875,55.2542724609375,-857.5949096679688,204.5687255859375,X2,X2
8.793718109245674e-08,246.168212890625,83.7017822265625,-890.1956176757812,162.4664306640625,X1,X2
3.498912048982561e-09,256.449462890625,61.7413330078125,-875.7476196289062,194.7081298828125,X2,X2
1.094017676450676e-08,249.710693359375,66.4024658203125,-870.1355590820312,183.3082275390625,X2,X2
5.953907944444836e-08,245.9747314453125,79.6083984375,-875.3439331054688,166.3663330078125,X1,X2
1.5391873331438433e-09,280.797119140625,77.87701416015625,-839.032958984375,202.92010498046875,X2,X2
1.665458659871888e-09,264.5343017578125,62.40264892578125,-865.3734130859375,202.13165283203125,X2,X2
3.126187948510051e-05,179.2564697265625,75.5255126953125,-892.2000732421875,103.73095703125,X1,X2
1.0502584473215393e-06,240.1156005859375,102.45086669921875,-890.3582763671875,137.66473388671875,X2,X2
9.296431180416675e-09,250.80078125,65.86444091796875,-885.2716064453125,184.93634033203125,X2,X2
5.106008504895954e-09,275.923828125,84.995361328125,-923.3477783203125,190.928466796875,X2,X2
1.945007532810905e-08,261.7386474609375,84.18450927734375,-963.591796875,177.55413818359375,X1,X2
2.2476820404904174e-09,282.43212890625,83.2984619140625,-943.6227416992188,199.1336669921875,X2,X2
8.517942795549516e-09,240.027099609375,54.2161865234375,-877.8340454101562,185.8109130859375,X1,X2
2.2430224344560656e-09,266.950927734375,67.7965087890625,-867.9973754882812,199.1544189453125,X2,X2
2.7078113085110544e-09,260.16943359375,62.898193359375,-875.91845703125,197.271240234375,X2,X2
7.208981411821469e-09,259.922607421875,72.4432373046875,-876.7380981445312,187.4793701171875,X2,X2
2.56178054769407e-07,224.693115234375,72.919189453125,-914.60498046875,151.77392578125,X1,X2
1.2395874549042674e-08,245.2523193359375,63.19329833984375,-1028.004150390625,182.05902099609375,X2,X2
3.793725333878228e-09,257.8619384765625,63.9627685546875,-884.9854736328125,193.899169921875,X2,X2
1.4073874288200727e-09,249.636962890625,45.8216552734375,-897.6249389648438,203.8153076171875,X1,X2
2.0504285203060135e-06,224.83740234375,93.86279296875,-1057.9168701171875,130.974609375,X2,X2
2.8467828094846936e-09,269.884521484375,73.11376953125,-1031.2137451171875,196.770751953125,X2,X2
4.0806580337005016e-10,270.9954833984375,54.799560546875,-1016.2853393554688,216.1959228515625,X1,X2
0.6931471824645996,0.0,0.0,-1122.1005859375,0.0,X2,X2
1.9862378408674886e-09,263.822998046875,63.4527587890625,-1022.4823608398438,200.3702392578125,X2,X2
1.0703755659591252e-09,281.6844482421875,75.13189697265625,-1026.8524169921875,206.55255126953125,X2,X2
5.339558240002873e-10,258.8428955078125,45.3358154296875,-851.580322265625,213.507080078125,X1,X2
0.6931471824645996,0.0,0.0,-1157.733642578125,0.0,X2,X2
8.895314485002359e-10,278.749755859375,70.34649658203125,-969.0738525390625,208.40325927734375,X2,X2
2.350800942796383e-10,269.18896484375,47.47808837890625,-1035.093994140625,221.7109375,X1,X2
1.1212861750209413e-09,280.3687744140625,74.28082275390625,-1072.25927734375,206.087890625,X2,X2
1.4344614385208843e-09,276.7642822265625,73.13946533203125,-1028.8646240234375,203.624755859375,X2,X2
4.2736228444972824e-10,269.537353515625,53.803466796875,-847.971923828125,215.73388671875,X1,X2
1.6845483230554237e-08,236.2279052734375,57.236083984375,-1039.521484375,178.9918212890625,X2,X2
2.012774658055605e-08,229.206787109375,51.9951171875,-1062.3575439453125,177.211669921875,X2,X2
5.7323057411906575e-09,270.22998046875,80.45849609375,-1070.115478515625,189.771484375,X2,X2
1.1513983100286396e-09,253.7706298828125,47.94775390625,-1066.947265625,205.8228759765625,X1,X2
3.782340485258828e-08,234.58056640625,63.67718505859375,-1080.8253173828125,170.90338134765625,X2,X2
1.6234747990395704e-09,268.575439453125,66.1884765625,-1066.3212890625,202.386962890625,X2,X2
6.197552471221002e-10,252.9141845703125,40.897216796875,-923.7122192382812,212.0169677734375,X1,X2
4.238620565644169e-09,257.6744384765625,64.8841552734375,-1046.3421630859375,192.790283203125,X2,X2
5.051298490599265e-09,246.8978271484375,55.86163330078125,-1067.2330322265625,191.03619384765625,X2,X2
3.5066087811230773e-09,244.425048828125,49.7388916015625,-1062.957275390625,194.6861572265625,X1,X2
4.279849363797439e-09,277.07275390625,84.3792724609375,-1063.957763671875,192.6934814453125,X2,X2
0.6931471824645996,0.0,0.0,-1160.3089599609375,0.0,X2,X2
2.661314280061333e-09,250.2945556640625,52.85009765625,-1042.582275390625,197.4444580078125,X2,X2
2.9433307346948823e-08,266.44482421875,93.033447265625,-1027.1170654296875,173.411376953125,X1,X2
1.702097392808355e-06,194.439453125,61.60296630859375,-1065.67529296875,132.83648681640625,X2,X2
3.01304092786836e-10,275.3466796875,56.11767578125,-1020.0699462890625,219.22900390625,X1,X2
1.7688621678502159e-09,265.02392578125,63.49456787109375,-1039.97607421875,201.529296875,X2,X2
5.642312173037567e-10,268.7493896484375,55.79376220703125,-1043.02734375,212.95556640625,X2,X2
3.141797655370482e-10,260.014404296875,41.203857421875,-1026.1224365234375,218.810546875,X1,X2
3.000551584975142e-09,242.1318359375,45.88714599609375,-1035.866943359375,196.24468994140625,X2,X2
5.420361048891209e-08,250.6578369140625,83.3526611328125,-1045.892578125,167.30517578125,X1,X2
3.784200508505364e-09,243.877685546875,49.953369140625,-931.323486328125,193.92431640625,X2,X2
1.1354257534179624e-09,256.222412109375,50.25982666015625,-907.9471435546875,205.96258544921875,X1,X2
2.980557467502365e-10,254.3392333984375,35.0018310546875,-911.12109375,219.33740234375,X1,X2
4.894066023553023e-06,224.279052734375,102.00421142578125,-966.61181640625,122.27484130859375,X2,X2
1.381552117152296e-08,228.81396484375,47.8392333984375,-919.6592407226562,180.9747314453125,X2,X2
2.8297411081013024e-09,244.568115234375,47.7373046875,-919.152587890625,196.830810546875,X2,X2
2.0654589150126412e-09,256.1663818359375,56.187255859375,-814.5470581054688,199.9791259765625,X2,X2
3.843792839575144e-09,264.2264404296875,70.4583740234375,-862.726318359375,193.76806640625,X2,X2
2.278705668601333e-09,253.9207763671875,54.9241943359375,-1038.9537353515625,198.99658203125,X2,X2
2.0802990263746324e-07,244.309326171875,90.4534912109375,-1088.396484375,153.8558349609375,X1,X2
7.778114818890458e-10,254.51318359375,44.767822265625,-1052.7744140625,209.745361328125,X1,X2
2.6141291353809493e-09,249.77392578125,52.15057373046875,-923.0452880859375,197.62335205078125,X2,X2
2.5971571560035045e-09,247.0997314453125,49.4112548828125,-933.919921875,197.6884765625,X2,X2
1.7451725620176717e-09,280.867431640625,79.20330810546875,-1068.524658203125,201.66412353515625,X2,X2
1.237300373269079e-09,257.785400390625,52.68206787109375,-1056.7677001953125,205.10333251953125,X2,X2
0.6931471824645996,0.0,0.0,-1153.891357421875,0.0,X2,X2
0.6931471824645996,0.0,0.0,-1023.972900390625,0.0,X2,X2
2.570946566748944e-09,261.5855712890625,63.795654296875,-914.5288696289062,197.7899169921875,X2,X2
3.206534815447526e-09,262.6195068359375,67.03875732421875,-919.7530517578125,195.58074951171875,X2,X2
8.004870100108974e-10,277.9853515625,68.52734375,-912.60107421875,209.4580078125,X2,X2
1.6907801381194076e-08,240.9134521484375,61.95855712890625,-942.9925537109375,178.95489501953125,X2,X2
2.990587111284526e-09,264.7608642578125,68.48291015625,-935.3317260742188,196.2779541015625,X2,X2
8.067745915774083e-10,236.986328125,27.6065673828125,-921.8778686523438,209.3797607421875,X1,X2
2.1123185145466294e-10,268.4228515625,45.6422119140625,-914.5332641601562,222.7806396484375,X1,X2
5.248760870379954e-10,267.0819091796875,53.4033203125,-797.9840698242188,213.6785888671875,X1,X2
2.1911130687612967e-09,270.860595703125,71.4720458984375,-899.4479370117188,199.3885498046875,X2,X2
1.3771276030638546e-07,253.486328125,95.50537109375,-896.723388671875,157.98095703125,X1,X2
2.3578656804801312e-09,264.56005859375,65.90496826171875,-1011.4232177734375,198.65509033203125,X2,X2
5.031655803122703e-08,271.01513671875,102.9658203125,-1046.095703125,168.04931640625,X2,X2
1.9591243471950293e-06,246.2882080078125,114.85809326171875,-1058.001708984375,131.43011474609375,X2,X2
1.5335346326139643e-09,253.925048828125,50.9681396484375,-920.2671508789062,202.9569091796875,X1,X2
2.01629995899566e-06,235.60205078125,104.4595947265625,-1074.24072265625,131.1424560546875,X2,X2
1.8210721819400533e-09,270.5208740234375,69.282470703125,-1025.407470703125,201.2384033203125,X2,X2
5.323757878983315e-09,228.307861328125,37.7969970703125,-899.2431030273438,190.5108642578125,X1,X2
1.5510315165556676e-07,262.082763671875,105.29095458984375,-1066.8782958984375,156.791748046875,X2,X2
2.608087967814754e-09,247.846923828125,50.200439453125,-877.452880859375,197.646484375,X1,X2
3.382005564489532e-09,266.492431640625,71.4444580078125,-1045.92724609375,195.0479736328125,X2,X2
1.8290246828200907e-07,260.7904052734375,105.64727783203125,-1060.0,155.14312744140625,X2,X2
5.335692332408826e-09,245.241455078125,54.75299072265625,-1015.0001220703125,190.48846435546875,X2,X2
2.6372124040108247e-08,259.166259765625,84.65667724609375,-942.3541259765625,174.50958251953125,X1,X2
1.468425603334822e-09,277.41259765625,74.0218505859375,-1059.411376953125,203.3907470703125,X2,X2
3.7909910766131816e-09,254.8140869140625,60.90771484375,-1062.27392578125,193.9063720703125,X2,X2
4.3663242466074337e-10,250.73681640625,35.217529296875,-916.1488037109375,215.519287109375,X1,X2
8.145225049993599e-10,281.72509765625,72.44091796875,-1054.59521484375,209.2841796875,X2,X2
1.8072625618259508e-09,266.6962890625,65.38177490234375,-956.662353515625,201.31451416015625,X2,X2
9.915323007092525e-10,257.0838623046875,49.76617431640625,-870.8095703125,207.31768798828125,X1,X2
5.7667758568413774e-08,266.3798828125,99.6942138671875,-1021.9483032226562,166.6856689453125,X2,X2
1.1042938785621459e-09,285.0157470703125,78.775146484375,-872.9856567382812,206.2406005859375,X2,X2
2.491267192539226e-09,256.828369140625,58.7236328125,-902.1790771484375,198.104736328125,X1,X2
2.0707091596960936e-09,271.7109375,71.7572021484375,-1022.4869995117188,199.9537353515625,X2,X2
1.3770763418463616e-09,270.9794921875,66.94647216796875,-1043.3173828125,204.03302001953125,X2,X2
5.75260894475349e-10,264.664306640625,51.90234375,-902.6102294921875,212.761962890625,X1,X2
1.8131526280384946e-09,260.712158203125,59.43017578125,-1005.36962890625,201.281982421875,X1,X2
9.866556460735865e-10,275.0736083984375,67.70660400390625,-945.7635498046875,207.36700439453125,X2,X2
2.3493821998954445e-08,266.7255859375,91.06036376953125,-991.8135986328125,175.665283203125,X2,X2
1.0382834148003894e-08,239.68603515625,55.85498046875,-1045.7900390625,183.83111572265625,X2,X2
1.790040671245663e-09,273.9063720703125,72.49609375,-996.7009887695312,201.4102783203125,X2,X2
4.940462705604887e-09,246.474365234375,55.21630859375,-1003.3193359375,191.258056640625,X2,X2
2.918227721693256e-07,244.2965087890625,93.8253173828125,-897.09130859375,150.47119140625,X1,X2
3.8554230918919075e-09,266.6710205078125,72.93316650390625,-1029.5377197265625,193.73785400390625,X2,X2
7.496941734075335e-09,262.0916748046875,75.00396728515625,-1041.4359130859375,187.08770751953125,X2,X2
3.935941850219393e-10,252.478759765625,35.9217529296875,-924.8040161132812,216.5570068359375,X1,X2
5.771195965564857e-09,255.1268310546875,65.42303466796875,-1079.5948486328125,189.703857421875,X2,X2
2.2636221785887756e-09,261.1492919921875,62.0863037109375,-1071.42626953125,199.06298828125,X2,X2
2.1120891147141663e-10,276.54736328125,53.765625,-909.05029296875,222.78173828125,X1,X2
2.388965025801326e-09,260.06640625,61.5423583984375,-1052.435546875,198.5240478515625,X2,X2
1.6123390196298715e-06,228.41357421875,95.03533935546875,-1064.2926025390625,133.37823486328125,X2,X2
0.6931471824645996,0.0,0.0,-1164.015869140625,0.0,X2,X2
7.815903479979625e-10,262.990966796875,53.2940673828125,-921.4168090820312,209.6968994140625,X1,X2
4.322162183711953e-09,253.217529296875,60.6224365234375,-1060.392578125,192.5950927734375,X2,X2
1.4407626203194468e-09,259.057861328125,55.4769287109375,-1057.746337890625,203.5809326171875,X2,X2
2.5457030927711344e-10,279.2469482421875,58.33251953125,-914.1641235351562,220.9144287109375,X1,X2
7.573516036529782e-09,247.53857421875,60.552490234375,-1072.0230712890625,186.986083984375,X2,X2
5.878333375619604e-10,250.8515625,38.3057861328125,-910.8368530273438,212.5457763671875,X1,X2
9.928475819265259e-10,261.9864501953125,54.6820068359375,-1056.5146484375,207.304443359375,X2,X2
2.1037311892513344e-09,272.4049072265625,72.609375,-1062.166015625,199.7955322265625,X2,X2
0.00039518388803116977,178.3538818359375,99.9942626953125,-1118.7747802734375,78.359619140625,X2,X2
2.3065462040339213e-10,267.9893798828125,46.08837890625,-915.7069702148438,221.9010009765625,X1,X2
6.5551319927692475e-09,252.6815185546875,64.2513427734375,-963.0384521484375,188.43017578125,X2,X2
0.6931471824645996,0.0,0.0,-1082.8916015625,0.0,X2,X2
9.640732656635009e-11,280.0162353515625,49.391845703125,-845.2006225585938,230.6243896484375,X1,X2
0.13303475081920624,122.12548828125,102.6265869140625,-1118.329833984375,19.4989013671875,X2,X2
6.741950109301342e-09,249.59228515625,61.443115234375,-939.5548095703125,188.149169921875,X2,X2
9.376960541374046e-09,233.680419921875,48.830322265625,-676.881103515625,184.85009765625,X1,X2
4.084903650891647e-07,221.5521240234375,74.44415283203125,-699.7139892578125,147.10797119140625,X2,X2
0.006725405342876911,152.8616943359375,102.876708984375,-668.3727416992188,49.9849853515625,X2,X2
3.5875340476110296e-09,270.3504638671875,75.8924560546875,-627.9739990234375,194.4580078125,X2,X2
2.2512851305389603e-10,265.5615234375,43.41802978515625,-430.9980773925781,222.14349365234375,X1,X2
3.0994784516735763e-10,276.228759765625,57.2825927734375,-538.9215698242188,218.9461669921875,X2,X2
0.6931471824645996,0.0,0.0,-640.3115234375,0.0,X2,X2
1.2812293760655624e-11,298.551025390625,47.744873046875,-433.9715576171875,250.80615234375,X1,X2
7.996350803729513e-11,309.4127197265625,76.918212890625,-467.59381103515625,232.4945068359375,X2,X2
1.903581292594936e-09,306.1092529296875,105.31396484375,-474.78228759765625,200.7952880859375,X2,X2
1.7416826661453833e-11,308.5023193359375,60.7664794921875,-385.6363525390625,247.73583984375,X1,X2
1.9531905606773314e-11,328.489990234375,81.9002685546875,-448.064453125,246.5897216796875,X2,X2
1.5137831960165826e-11,324.558349609375,75.42010498046875,-399.1298522949219,249.13824462890625,X2,X2
6.602409174938373e-10,304.5030517578125,93.118896484375,-426.65032958984375,211.3841552734375,X2,X2
2.742251087664571e-12,319.555419921875,53.3330078125,-382.22412109375,266.222412109375,X1,X2
8.75719548959486e-12,326.7752685546875,72.163818359375,-370.49700927734375,254.6114501953125,X2,X2
2.0163719652299683e-11,317.8885498046875,71.6171875,-403.63861083984375,246.2713623046875,X2,X2
1.6288909240533278e-12,323.593017578125,52.16180419921875,-383.7270202636719,271.43121337890625,X1,X2
1.2621984187000113e-11,306.216796875,55.260986328125,-360.1353759765625,250.955810546875,X2,X2
2.268439082409035e-11,306.4554443359375,61.36199951171875,-357.2228088378906,245.09344482421875,X2,X2
5.75700511568078e-12,308.980712890625,50.1746826171875,-339.22283935546875,258.8060302734375,X1,X2
1.1015076004095015e-11,306.7064208984375,54.38885498046875,-398.3200988769531,252.31756591796875,X2,X2
7.824760284158572e-11,293.7540283203125,61.0426025390625,-399.8377685546875,232.71142578125,X2,X2
1.2408221151949395e-12,316.225830078125,42.0733642578125,-376.12860107421875,274.1524658203125,X1,X2
3.292195509263518e-12,328.5169677734375,64.122314453125,-384.90289306640625,264.3946533203125,X2,X2
0.6931471824645996,0.0,0.0,-509.4630126953125,0.0,X2,X2
5.3669065719352815e-12,311.298583984375,51.7908935546875,-378.84710693359375,259.5076904296875,X1,X2
1.59560784723789e-11,296.7369384765625,48.1251220703125,-432.73046875,248.61181640625,X1,X2
1.2593938478883127e-12,337.99609375,63.9921875,-315.5103759765625,274.00390625,X1,X2
2.000974212712503e-11,307.9720458984375,61.6240234375,-356.73626708984375,246.3480224609375,X1,X2
8.791252448236975e-12,317.177001953125,62.6043701171875,-369.15582275390625,254.5726318359375,X1,X2
4.756965654717504e-12,302.534423828125,41.8203125,-314.7640380859375,260.714111328125,X1,X2
1.2987197038280551e-12,315.061767578125,41.3653564453125,-336.07855224609375,273.6964111328125,X1,X2
6.408001299723631e-12,320.2301025390625,62.495361328125,-338.40936279296875,257.7347412109375,X2,X2
10.30444049835205,-149.4649658203125,-46.4208984375,-391.79266357421875,-103.0440673828125,X2,X1
8.106152971087965e-10,259.826416015625,50.494140625,-307.4566650390625,209.332275390625,X1,X2
3.217407729128041e-10,282.8321533203125,64.2593994140625,-277.79931640625,218.57275390625,X1,X2
8.26764101624633e-10,256.27001953125,47.135009765625,-279.047607421875,209.135009765625,X1,X2
1.8230080778280922e-09,241.4246826171875,40.1968994140625,-271.4578857421875,201.227783203125,X1,X2
0.0002323241060366854,154.14599609375,70.473388671875,-349.7608642578125,83.672607421875,X1,X2
5.8472302555401257e-08,212.02685546875,45.479736328125,-291.60595703125,166.547119140625,X1,X2
4.7122719060155305e-09,233.52978515625,41.798828125,-275.5777587890625,191.73095703125,X1,X2
0.00245608389377594,158.87744140625,98.7978515625,-322.0367431640625,60.07958984375,X2,X2
1.7989032130572014e-06,238.7757568359375,106.492431640625,-301.02984619140625,132.2833251953125,X2,X2
3.8355995712890945e-08,196.6292724609375,25.86572265625,-298.56011962890625,170.7635498046875,X1,X2
1.0269134875784403e-08,250.319580078125,66.37835693359375,-279.2406921386719,183.94122314453125,X2,X2
9.22139520298515e-09,254.892578125,69.87518310546875,-280.5181579589844,185.01739501953125,X2,X2
5.7593085855955906e-09,250.274169921875,60.5496826171875,-287.19610595703125,189.7244873046875,X2,X2
1.2254933778876875e-07,219.4642333984375,60.31671142578125,-293.7708435058594,159.14752197265625,X2,X2
3.690135974565578e-09,244.2939453125,50.117919921875,-281.341796875,194.176025390625,X1,X2
5.068786723683161e-09,244.8450927734375,53.84344482421875,-289.8452453613281,191.00164794921875,X1,X2
4.461378821929429e-09,238.26513671875,45.987060546875,-273.49853515625,192.278076171875,X1,X2
4.0699719150438796e-09,235.151611328125,41.955322265625,-282.93408203125,193.1962890625,X1,X2
5.828975968569239e-09,248.315185546875,58.7109375,-290.279541015625,189.604248046875,X2,X2
2.0802824352017524e-08,245.39892578125,68.51715087890625,-262.9632873535156,176.88177490234375,X1,X2
2.9007389823476615e-09,241.3536376953125,44.7706298828125,-236.59033203125,196.5830078125,X1,X2
4.139517173484819e-09,238.1563720703125,45.1295166015625,-273.7718505859375,193.02685546875,X1,X2
3.5845315604632333e-09,279.341552734375,84.87518310546875,-284.5827331542969,194.46636962890625,X2,X2
9.131555067654062e-09,254.35498046875,69.23968505859375,-291.2660827636719,185.11529541015625,X2,X2
5.126716828840472e-09,259.53125,68.64324951171875,-277.6128845214844,190.88800048828125,X2,X2
2.627034811908402e-09,266.449951171875,68.8758544921875,-290.08990478515625,197.5740966796875,X2,X2
3.062032405409809e-09,243.9892578125,47.9473876953125,-248.59344482421875,196.0418701171875,X2,X2
4.958323529535846e-09,269.023193359375,77.80120849609375,-258.9445495605469,191.22198486328125,X2,X2
1.5172714640243612e-08,254.951416015625,74.91375732421875,-266.1048278808594,180.03765869140625,X2,X2
4.1590966226578985e-09,243.716796875,50.73712158203125,-262.7657775878906,192.97967529296875,X2,X2
0.6931471824645996,0.0,0.0,-371.32568359375,0.0,X2,X2
6.171628541551399e-09,246.5582275390625,57.52520751953125,-232.44320678710938,189.03302001953125,X2,X2
2.4979236457056686e-09,278.3555908203125,80.27752685546875,-278.2170715332031,198.07806396484375,X2,X2
6.51819087593708e-09,259.252685546875,70.7659912109375,-265.64593505859375,188.4866943359375,X2,X2
2.5402477898950337e-09,263.11376953125,65.2037353515625,-271.86041259765625,197.9100341796875,X2,X2
0.000259384949458763,149.31005859375,66.7393798828125,-350.57611083984375,82.5706787109375,X1,X2
1.811034877619022e-08,240.698486328125,62.4306640625,-290.0032958984375,178.267822265625,X2,X2
6.661565521426382e-07,235.415771484375,93.1983642578125,-280.48724365234375,142.2174072265625,X1,X2
2.960332645685071e-09,264.366943359375,67.9873046875,-286.6064453125,196.379638671875,X2,X2
3.617720123472168e-09,268.583984375,74.20977783203125,-288.3038635253906,194.37420654296875,X2,X2
1.5879978443322784e-09,255.2950439453125,52.6871337890625,-286.5421142578125,202.60791015625,X1,X2
3.881580390441286e-09,245.3076171875,51.63739013671875,-289.5103454589844,193.67022705078125,X1,X2
6.27508267569965e-10,260.1177978515625,48.22515869140625,-313.7798767089844,211.89263916015625,X1,X2
7.923907752171999e-09,259.291748046875,72.7579345703125,-281.39703369140625,186.5338134765625,X2,X2
1.2887064748667854e-08,243.1778564453125,61.5074462890625,-312.697509765625,181.67041015625,X2,X2
3.3269695887128137e-09,271.102294921875,75.8902587890625,-307.2935791015625,195.2120361328125,X2,X2
5.746993991806448e-10,272.4593505859375,59.6876220703125,-270.7252197265625,212.771728515625,X2,X2
2.9857027961099902e-09,263.3746337890625,67.080322265625,-307.17889404296875,196.2943115234375,X2,X2
1.2174928842867416e-09,277.445556640625,72.18084716796875,-298.7702331542969,205.26470947265625,X2,X2
2.8820816844188357e-09,272.953369140625,76.30584716796875,-295.0685729980469,196.64752197265625,X2,X2
6.948444042365054e-09,223.153564453125,35.30609130859375,-293.7344665527344,187.84747314453125,X1,X2
