method,seed,n_nodes,episodes,final_total_loss,min_total_loss,elapsed_s
ppo,42,30,150,6.006359189748764,5.904695779085159,3417.9394307136536
