episode,step,total_loss,loss_X1,loss_X4,loss_X2,loss_X3,loss_X5
0,0,34.20338134765625,0.9554615020751952,4.835197925567627,24.621360778808597,6.649549961090088,1.774338722229004
0,1,18.927046990394597,0.9554615020751952,3.987987279891968,11.1251859664917,5.74793815612793,1.0652331113815308
0,2,15.36220064163208,0.9751468896865844,3.290032863616944,11.593993186950684,1.524611473083496,1.3905600309371948
0,3,9.92097484320402,0.9750683307647704,2.754340648651123,6.226596832275391,2.8846936225891118,0.0638025924563407
0,4,2.6660620745271446,0.9582061767578124,1.9880058765411377,0.0173395778983831,1.9858461618423464,0.073633924126625
0,5,1.513244314491749,0.9568954706192015,1.721469521522522,0.0166701599955558,0.8824570775032043,0.0784440785646438
0,6,1.130351348221302,0.9544094204902648,1.5276002883911133,0.0170526131987571,0.5000585317611694,0.1168382614850997
0,7,0.8818412784487009,0.9564247727394104,1.2889460325241089,0.0134456399828195,0.295190691947937,0.1241307854652404
0,8,0.8366223063319922,0.956211268901825,1.2250969409942627,0.0122886430472135,0.3098781108856201,0.0781939104199409
0,9,0.9220356782898308,0.956648051738739,1.186119556427002,0.0140340244397521,0.3659158945083618,0.1135322377085685
0,10,0.7819595854729414,0.9556357860565186,1.1498537063598633,0.0138045158237218,0.2423532456159591,0.1047039255499839
0,11,0.7014063285663724,0.9562837481498718,1.143552541732788,0.0146806063130497,0.1604247242212295,0.106333740055561
0,12,0.6773016197606921,0.956247329711914,1.1413153409957886,0.01314830314368,0.1618534624576568,0.0827873200178146
0,13,0.7542408620938659,0.9564441442489624,1.140018105506897,0.012459903024137,0.2078900188207626,0.1145984902977943
0,14,0.7074682684615254,0.9571453332901,1.140877366065979,0.0119040878489613,0.1468134969472885,0.1291461437940597
0,15,0.7107004746794701,0.9571280479431152,1.1416558027267456,0.01162751019001,0.1243828758597374,0.1549333184957504
0,16,0.7293149376288057,0.9556580781936646,1.1425153017044067,0.0110172415152192,0.1146124750375747,0.1840505450963974
0,17,0.6749605359509587,0.9554635286331176,1.1429400444030762,0.010436181910336,0.0970541015267372,0.1477895379066467
0,18,0.6857504051178693,0.9554846882820128,1.1431514024734497,0.0105249341577291,0.1115480288863182,0.1439502239227295
0,19,0.633231720328331,0.9561631083488464,1.142852783203125,0.0092654600739479,0.0989478230476379,0.1052152588963508
0,20,0.6184094460681081,0.9563538432121276,1.1434025764465332,0.0099621685221791,0.0948321819305419,0.0936638116836547
0,21,0.738436508923769,0.9572520852088928,1.142304539680481,0.0101840980350971,0.0638049840927124,0.2445361018180847
0,22,0.7477880382910371,0.9572668671607972,1.1434975862503052,0.009555579163134,0.0793172940611839,0.2387622743844986
0,23,0.7552883345633745,0.9568190574645996,1.1428320407867432,0.009386459365487,0.0752566382288932,0.2507150173187256
0,24,0.6699752274900675,0.9630469679832458,1.1580922603607178,0.0096178371459245,0.1468554139137268,0.0892741307616233
1,0,29.717028188705445,0.9554615020751952,4.835197925567627,20.84837532043457,6.127119064331055,1.5834019184112549
1,1,27.864836168289184,0.9557905197143556,3.9886350631713863,20.78103446960449,5.081860542297363,1.0130560398101809
1,2,29.95560916662216,0.95381098985672,3.2866039276123047,21.26621437072754,6.634174823760986,1.2071369886398315
1,3,29.573003363609317,0.9554010629653932,2.719931364059448,20.61593437194824,7.185310363769531,1.0366921424865725
1,4,2.0982677318155765,0.953917384147644,1.9185307025909424,0.0128108002245426,1.3821940422058103,0.1287732720375061
1,5,1.7996449856087566,0.95435231924057,1.6600840091705322,0.0114347217604517,1.1354607343673706,0.1298622637987136
1,6,2.1559057576581835,0.9541717767715454,1.4792368412017822,0.0116651905700564,1.5003265142440796,0.157232329249382
1,7,2.3018532026559115,0.9552313089370728,1.2630698680877686,0.0108127761632204,1.602435827255249,0.2449443638324737
1,8,2.3976432332769035,0.955172598361969,1.207066774368286,0.0120821455493569,1.765496850013733,0.1876163631677627
1,9,2.5175655702129007,0.9566096067428588,1.1736537218093872,0.0109720239415764,1.9010668992996216,0.1794739812612533
1,10,2.3970603918656708,0.9556708335876464,1.1444754600524902,0.0133280223235487,1.7875604629516602,0.1761426478624344
1,11,2.839783339574933,0.9557157754898072,1.1410788297653198,0.0112657863646745,2.246063709259033,0.1630949229001999
2,0,32.65464572906494,0.9554615020751952,4.835197925567627,22.02581787109375,6.444476127624512,3.0262198448181152
2,1,22.101298880577087,0.9554615020751952,3.9874095916748047,14.549671173095703,6.035748481750488,0.527305006980896
2,2,5.693141043186188,0.9554615020751952,3.294776439666748,0.8654888272285461,3.337806701660156,0.6397979259490967
2,3,5.171251511573791,0.9554615020751952,2.747079372406006,0.7607153654098511,2.4868435859680176,1.1831843852996826
2,4,1.4753396652638913,0.9537773728370668,1.9505822658538816,0.0176742188632488,0.7589775919914246,0.1178159266710281
2,5,1.3763365492224695,0.9537826180458068,1.6863795518875122,0.0189324989914894,0.6887921094894409,0.1405795067548751
2,6,1.236230294778943,0.957335352897644,1.4902019500732422,0.0181887317448854,0.6025534272193909,0.1259806752204895
2,7,1.3011196544393897,0.9528623223304749,1.2657545804977417,0.0103513142094016,0.7205555438995361,0.1264894157648086
2,8,1.27588062658906,0.9523823261260986,1.2090080976486206,0.0094608403742313,0.7141916751861572,0.1199500262737274
2,9,1.3762600429356098,0.9523826837539672,1.170990228652954,0.0100284181535243,0.8186465501785278,0.1229104921221733
2,10,1.6690658029168843,0.9531888961791992,1.1425570249557495,0.0102340932935476,1.1067819595336914,0.1329005658626556
2,11,2.017474236898124,0.953100085258484,1.1400123834609983,0.0104790357872843,1.4862477779388428,0.1021249294281005
2,12,2.563337335176766,0.9531030654907228,1.140890121459961,0.0113237844780087,2.0250673294067383,0.1081475839018821
3,0,34.04029484987259,0.960270345211029,1.6159602403640747,24.519620895385746,6.909428119659424,2.0959997177124023
3,1,28.129929554462432,0.987787663936615,1.354675531387329,22.137008666992188,4.905757427215576,0.6186708211898804
3,2,29.308502292633055,0.9683654308319092,1.223814606666565,23.033836364746094,5.310588836669922,0.5256410837173462
3,3,11.643478101491928,0.9682838916778564,1.166149377822876,8.710269927978516,2.016799211502075,0.4895223081111908
3,4,1.6366415707394482,0.9596227407455444,1.1400389671325684,0.0144395558163523,0.7726198434829712,0.4296498298645019
3,5,1.639770133420825,0.9584988951683044,1.143407940864563,0.0116079580038785,0.7872190475463867,0.4205617606639862
3,6,1.5506099954247476,0.9582735300064088,1.1469348669052124,0.010787583887577,0.7632178068161011,0.3555629253387451
3,7,1.6309108216315509,0.9547738432884216,1.149468183517456,0.0104330796748399,0.8930304646492004,0.3065988719463348
3,8,1.6572392413392665,0.955819308757782,1.1510523557662964,0.0099413404241204,0.8458616137504578,0.3800619542598724
3,9,1.5744157006964088,0.9536653161048888,1.151683330535889,0.0094706704840064,0.8218475580215454,0.3220277428627014
3,10,1.7269277328625323,0.9535784721374512,1.152470946311951,0.0095407599583268,0.9098190069198608,0.3863580822944641
3,11,1.5979631491005422,0.9547962546348572,1.1526304483413696,0.0106399245560169,0.8739954233169556,0.2918424606323242
3,12,1.676334453560412,0.9545462131500244,1.1488555669784546,0.0107686826959252,0.967936635017395,0.2769487798213959
4,0,31.44869928359985,0.9554615020751952,4.835197925567627,21.18169212341309,6.886598587036133,2.2222766876220703
4,1,24.66837323904037,0.9554615020751952,3.988101005554199,16.283544540405273,7.054303169250488,0.3418130278587341
4,2,21.68034745454788,0.9728706479072572,3.3103132247924805,17.39550018310547,2.890627861022949,0.5375826358795166
4,3,20.42615262269974,0.9611190557479858,2.7414045333862305,16.75466537475586,2.383070230484009,0.5479122996330261
4,4,1.2825873432680963,0.9580369591712952,1.9483596086502075,0.0137162758037447,0.6103871464729309,0.0772046074271202
4,5,1.2507878370583057,0.9580805897712708,1.687183499336243,0.0137491635978221,0.6160996556282043,0.0918862000107765
4,6,1.0522521749138831,0.957374393939972,1.4926570653915403,0.0120309069752693,0.4837144911289215,0.0665004849433898
4,7,1.2867222530767322,0.952781617641449,1.273657202720642,0.0137323839589953,0.5436016321182251,0.2841004729270935
4,8,1.3232677176594736,0.952719271183014,1.212834358215332,0.0132694020867347,0.5601885318756104,0.3166990578174591
4,9,1.2083538305014372,0.9523884057998656,1.176886796951294,0.0126645397394895,0.4608542621135711,0.3089799880981445
4,10,1.2200656827539205,0.9527959823608398,1.1463360786437988,0.0126538332551717,0.445189356803894,0.342396080493927
4,11,1.280722003430128,0.952794075012207,1.1419622898101809,0.0115449838340282,0.4805586040019989,0.3696671426296234
4,12,1.279246168397367,0.9531086683273317,1.140049934387207,0.0121032586321234,0.4839547276496887,0.3645564615726471
5,0,34.07329659461975,0.9554615020751952,4.835197925567627,24.06800651550293,5.880246162414551,2.966912031173706
5,1,27.845901209115983,0.9560147523880004,3.989058017730713,22.04771041870117,4.369057655334473,0.4401185810565948
5,2,25.39176068305969,0.9670562744140624,3.285391092300415,22.737852096557617,1.3635588884353638,0.4398602247238159
5,3,12.976438558101654,0.9670106172561646,2.732511281967163,11.021567344665527,0.7833803296089172,0.4315865039825439
5,4,1.5965995941311122,0.9527963995933532,1.9603617191314695,0.0118011627346277,0.5382193326950073,0.4639474749565124
5,5,1.2941162282601,0.9525607824325562,1.7055976390838623,0.0120562249794602,0.4385666847229004,0.3118616342544555
5,6,1.3179192576557397,0.952557384967804,1.513818860054016,0.0099943969398736,0.4055448472499847,0.4091047644615173
5,7,1.3392087077721953,0.9536830186843872,1.2858847379684448,0.0089140152558684,0.4736931622028351,0.4086879789829254
5,8,0.9960220273584128,0.953352391719818,1.21917986869812,0.0099086668342351,0.3420018851757049,0.2096050232648849
5,9,0.9366461779922248,0.9533621668815612,1.1774005889892578,0.0096829142421484,0.3374575078487396,0.1633532047271728
5,10,0.8949528312310577,0.9533264636993408,1.144724726676941,0.0101185357198119,0.350127637386322,0.1150964200496673
5,11,0.8988166231662035,0.9531101584434508,1.1409883499145508,0.010320583358407,0.3489470779895782,0.1207292601466178
5,12,0.7986746272072196,0.9532272219657898,1.1400315761566162,0.0105185275897383,0.2720338404178619,0.097470499575138
5,13,0.79374317266047,0.9529730677604676,1.1427289247512815,0.0093578863888978,0.2565231621265411,0.1087217256426811
5,14,0.8276330159977079,0.9630045890808104,1.1580984592437744,0.0096726128831505,0.3354948759078979,0.0582449175417423
5,15,0.8083183443173767,0.9531621336936952,1.1682943105697632,0.0095821795985102,0.3149306178092956,0.059514258056879
5,16,1.0160433411598206,0.9528478980064392,1.1612718105316162,0.0104597359895706,0.4084387123584747,0.1743209511041641
5,17,1.072555291838944,0.952972948551178,1.1615228652954102,0.0127566726878285,0.4529909789562225,0.1839084774255752
5,18,1.070995892211795,0.9529970288276672,1.15476393699646,0.0160424094647169,0.3885764479637146,0.2448248416185379
5,19,1.1812785234302283,0.953642725944519,1.155142068862915,0.0160590168088674,0.5149856209754944,0.2284769266843795
6,0,29.876184487342837,0.9634860754013062,1.611212968826294,21.139009475708008,5.890139579772949,2.3320956230163574
6,1,24.77382007837296,0.9682958126068116,1.3548868894577026,19.646974563598636,4.094549179077148,0.5676597952842712
6,2,25.954835391044615,0.9594090580940248,1.2315595149993896,20.855682373046875,3.743498325347901,0.9174609780311584
6,3,26.14516481161117,0.9569427967071532,1.1650220155715942,21.5426082611084,3.557098150253296,0.6210654377937317
6,4,1.1266468193382024,0.9576998949050904,1.140007257461548,0.021698897704482,0.4785158634185791,0.2068906277418136
6,5,1.5220589101314546,0.9572867155075072,1.1413623094558716,0.0168635249137878,0.6296118497848511,0.4558537304401397
6,6,1.6674140967428683,0.9572817087173462,1.1439096927642822,0.017590794712305,0.7828553915023804,0.4467296302318573
6,7,1.4716795179992914,0.9561529159545898,1.1433652639389038,0.013387868180871,0.4267497062683105,0.6116383075714111
6,8,1.7683470398187635,0.95613294839859,1.1424747705459597,0.0128123313188552,0.59255450963974,0.7432586550712585
6,9,1.662950061634183,0.9561328291893004,1.1443445682525637,0.0139282215386629,0.5059849619865417,0.7229413986206055
6,10,1.8913546793162823,0.9554667472839355,1.1426050662994385,0.0133971683681011,0.530108630657196,0.9282345175743104
7,0,33.22452216148376,0.9554615020751952,4.835197925567627,22.444210052490234,6.9212164878845215,2.7009637355804443
7,1,27.78819694519043,0.9541999697685242,3.989100933074951,22.266563415527344,3.886958599090576,0.6460147500038147
7,2,13.305806958675385,0.9541532397270204,3.300601959228516,9.082765579223633,2.590402603149414,0.7816877365112305
7,3,14.7655619263649,0.9522576332092284,2.7230818271636963,11.167316436767578,2.252017021179199,0.6111605763435364
7,4,1.80886370241642,0.9537376165390016,1.9314326047897337,0.0142036229372024,0.6835159659385681,0.5341100692749023
7,5,1.9451389214023949,0.9537922143936156,1.676972508430481,0.0104513308033347,0.5920937061309814,0.8164409399032593
7,6,2.1841610938310625,0.9537912011146544,1.4838969707489014,0.0097702294588088,0.7673872113227844,0.9194660186767578
7,7,2.1955831672996284,0.955355703830719,1.2696726322174072,0.0100408103317022,0.9885206818580629,0.752016007900238
7,8,2.332572977989912,0.9550805687904358,1.2131447792053225,0.0096983723342418,0.94145929813385,0.9477702379226683
7,9,2.5589667189866305,0.9550868272781372,1.1793416738510132,0.010551081970334,1.1152650117874146,1.0062649250030518
7,10,2.627585856057704,0.9557843804359436,1.1480653285980225,0.0097064534202218,1.2424840927124023,0.954625368118286
8,0,33.04863791465759,0.9554615020751952,4.835197925567627,23.736270904541016,5.427963733673096,2.726271390914917
8,1,29.7259694814682,0.9544886946678162,3.988561391830444,24.688892364501957,3.418670177459717,0.6297969222068787
8,2,11.627327001094818,0.9544387459754944,3.303806066513061,7.217037200927734,2.9484262466430664,0.6102145910263062
8,3,11.549182260036469,0.9548222422599792,2.7433197498321533,7.605691909790039,1.812177419662476,1.3916845321655271
8,4,1.9487145474180576,0.9559551477432252,1.9538716077804563,0.0125102391466498,0.9851828217506408,0.3690561354160309
8,5,2.1151079235598447,0.9574195742607116,1.69047749042511,0.011704015545547,1.1538711786270142,0.419953316450119
8,6,1.7669576358050108,0.9574556946754456,1.4946091175079346,0.0109261106699705,0.933665096759796,0.3319534659385681
8,7,1.6118092468008398,0.958517611026764,1.2734276056289673,0.0098023703321814,0.714661180973053,0.4409566521644592
8,8,1.4769669050350784,0.9577345848083496,1.215804934501648,0.0109120244160294,0.6559685468673706,0.3753784298896789
8,9,1.5436646664515137,0.9577534198760986,1.1776987314224243,0.010102697648108,0.6902682781219482,0.4162032604217529
8,10,1.3228678997606038,0.9562141299247742,1.1455461978912354,0.0096918698400259,0.5273618102073669,0.3654621541500091
8,11,1.3282613422721623,0.9569876194000244,1.1413335800170898,0.0095005836337804,0.6258962154388428,0.2732003033161163
8,12,1.603162818215787,0.9569411277770996,1.1402519941329956,0.0104332556948065,0.7479563355445862,0.4253346025943756
8,13,1.3775324067100885,0.9571678638458252,1.1405812501907349,0.0109164556488394,0.6584409475326538,0.2886251807212829
8,14,1.3738533165305853,0.9569802284240724,1.141528844833374,0.0099739041179418,0.6044936180114746,0.3396839797496795
8,15,1.3553373387083412,0.9572145342826844,1.1430069208145142,0.0096240630373358,0.6545141339302063,0.2711548507213592
8,16,1.3734238566830754,0.9571695923805236,1.1427565813064575,0.0110624553635716,0.5994745492935181,0.3429016172885895
9,0,32.881463813781735,0.963387131690979,1.140047907829285,24.855207443237305,5.93001651763916,1.6755528450012207
9,1,30.43090032339096,0.960988700389862,1.1673321723937988,23.869844436645508,3.630722761154175,2.504668951034546
9,2,26.80967557132244,0.9651607871055604,1.1521613597869873,23.71395301818848,2.6520235538482666,0.0202345699071884
9,3,12.303969950973988,0.9651440382003784,1.1543805599212646,10.675222396850586,1.1844873428344729,0.0203552916646003
9,4,1.0833612617105246,0.956710696220398,1.1540926694869995,0.0121359340846538,0.6244620084762573,0.0246026460081338
9,5,0.9276857689023018,0.9584575891494752,1.1483145952224731,0.0117671750485897,0.4710406363010406,0.0235235206782817
9,6,1.0883246634155512,0.958411991596222,1.147093415260315,0.0117666218429803,0.6286052465438843,0.0268517136573791
9,7,0.88982393424958,0.9572923183441162,1.1494317054748535,0.0105288056656718,0.4265559613704681,0.0313943624496459
9,8,0.9946847837418318,0.9563039541244508,1.149652123451233,0.0105811059474945,0.5360633730888367,0.0268490891903638
9,9,1.1364367010071874,0.9558126330375672,1.14901864528656,0.0104716224595904,0.6769278645515442,0.0280709583312273
9,10,1.0645054822787643,0.9560471177101136,1.1477476358413696,0.0109904846176505,0.6050935983657837,0.0276624485850334
9,11,1.0189359936863185,0.9551689624786376,1.1482454538345337,0.0100915189832448,0.5541513562202454,0.0340102352201938
9,12,1.0921135317534207,0.954004168510437,1.1468504667282104,0.0102473888546228,0.6372877955436707,0.0244074203073978
9,13,1.1248077923431992,0.954581379890442,1.146398425102234,0.0100308516994118,0.6581782698631287,0.0364027097821235
10,0,32.64084320068359,0.9554615020751952,4.835197925567627,22.05374526977539,6.927687644958496,2.5012784004211426
10,1,28.825419676303863,0.9626179337501526,3.988222599029541,20.95221710205078,5.772721767425537,1.1103127002716064
10,2,23.56211495399475,0.9532139301300048,3.28577184677124,21.545061111450195,0.9858373403549194,0.1834193468093872
10,3,23.181264877319336,0.9531937837600708,2.722094774246216,20.51490020751953,1.102779507637024,0.8285274505615234
10,4,3.017610428482294,0.9522636532783508,1.948242425918579,0.0513122417032718,1.2457798719406128,1.1404170989990234
10,5,2.202299677208066,0.9526543617248536,1.6867393255233765,0.0255337227135896,0.8975929617881775,0.7512942552566528
10,6,1.6332217521965504,0.953399896621704,1.4983044862747192,0.0127334780991077,0.7410940527915955,0.3890533447265625
10,7,1.2540706867352127,0.9533218741416932,1.2764012813568115,0.0098674753680825,0.7239320874214172,0.0743264928460121
10,8,1.1272417100146412,0.9523019790649414,1.2155181169509888,0.0105663510039448,0.5798870921134949,0.1032242476940155
10,9,0.7053967952728272,0.9525551199913024,1.177383303642273,0.0094926729798316,0.2255880385637283,0.044328399002552
10,10,0.6256984943524003,0.9526288509368896,1.1448241472244265,0.0102913128212094,0.1553636938333511,0.0405528880655765
10,11,0.6226017903536558,0.9527202248573304,1.1406351327896118,0.0093249417841434,0.1645674109458923,0.0300383660942316
10,12,0.5941236553713679,0.953453779220581,1.1399983167648315,0.0108298109844326,0.1371974647045135,0.0274059604853391
10,13,1.0042314710095526,0.953030526638031,1.1408641338348389,0.0101597430184483,0.1467272341251373,0.4285655617713928
10,14,1.1624672923237085,0.9534536600112916,1.1419450044631958,0.0103859920054674,0.119826354086399,0.6131752133369446
10,15,1.0326063113287092,0.9535170793533324,1.143417477607727,0.0098651470616459,0.1199698224663734,0.4833844304084778
10,16,0.9377600081264972,0.9531761407852172,1.14490807056427,0.009303580969572,0.10579664260149,0.4030429422855377
10,17,0.9608493871986866,0.9531686305999756,1.144522786140442,0.0090470947325229,0.0867014378309249,0.4455625712871551
10,18,1.0154473658651113,0.9529927372932434,1.1453125476837158,0.0092284437268972,0.103051871061325,0.4835059940814972
11,0,31.99292688369751,0.9554615020751953,4.835197925567627,23.438234329223633,6.114476680755615,1.2820839881896973
11,1,29.980354487895966,0.963046133518219,3.987621784210205,24.206541061401367,3.918649435043335,0.8650304079055786
11,2,29.15284423828125,0.9531603455543518,3.283193826675415,24.189998626708984,3.641935348510742,0.47363942861557007
11,3,29.14920814037323,0.9532333612442017,2.717299699783325,23.449417114257812,3.5323710441589355,1.4333133697509766
11,4,1.002214179188013,0.9521172046661377,1.9479233026504517,0.027889247983694077,0.28228768706321716,0.11202914267778397
11,5,0.9471579059958458,0.9522016048431396,1.6966420412063599,0.019262753427028656,0.24259081482887268,0.15553560853004456
11,6,0.9174105439335107,0.9521070718765259,1.50690495967865,0.020468110218644142,0.22815778851509094,0.17698223888874054
11,7,0.7912435576319694,0.9533331394195557,1.2785542011260986,0.020357847213745117,0.2567233145236969,0.06778492778539658
11,8,0.8893789123743773,0.9525880813598633,1.2170556783676147,0.021492695435881615,0.3743647634983063,0.059592701494693756
11,9,0.9188831709325314,0.9528594017028809,1.1781890392303467,0.021142009645700455,0.4072635769844055,0.06426789611577988
11,10,1.3272202979773282,0.9535530805587769,1.1440942287445068,0.013380123302340508,0.47266894578933716,0.4216417670249939
11,11,1.591356049478054,0.9535269737243652,1.1401442289352417,0.01431729644536972,0.6341039538383484,0.5242005586624146
11,12,1.6603478852659466,0.9535278081893921,1.1403062343597412,0.016100341454148293,0.5696774125099182,0.6558033227920532
11,13,2.1027512958273293,0.9534083604812622,1.1446045637130737,0.011976807378232479,0.7186139822006226,0.9525579214096069
12,0,30.794448804855346,0.9529073238372803,1.593628168106079,22.29356575012207,6.0226826667785645,1.96889328956604
12,1,22.596497464179993,0.9529073238372803,1.343591332435608,15.566010475158691,6.247652530670166,0.3235347270965576
12,2,5.117944812774658,0.9529073238372803,1.2021479606628418,0.6994160413742065,3.7498276233673096,0.23769009113311768
12,3,4.551691502332687,0.9529073238372803,1.1538331508636475,0.7699516415596008,3.1500794887542725,0.21031227707862854
12,4,2.120410232245922,0.954637885093689,1.1404521465301514,0.014582090079784393,0.7679662704467773,0.9188438653945923
12,5,1.769082729332149,0.9546669125556946,1.1423017978668213,0.01338068675249815,1.1614370346069336,0.1748712658882141
12,6,1.574818147532642,0.9525392055511475,1.1412476301193237,0.014190549962222576,0.9195007085800171,0.22236952185630798
12,7,1.3980856256559493,0.9527535438537598,1.1433782577514648,0.011338581331074238,0.8473622798919678,0.12015840411186218
12,8,1.2727569336071611,0.9530087113380432,1.1427843570709229,0.009854652918875217,0.6990909576416016,0.14465270936489105
12,9,1.188723804987967,0.9530094265937805,1.1415351629257202,0.012126990593969822,0.6822022795677185,0.07548561692237854
12,10,1.1764847753569483,0.9538717269897461,1.143249273300171,0.01042329054325819,0.6438218951225281,0.10281538963317871
12,11,1.2949859073385597,0.9535185694694519,1.1451871395111084,0.010318859480321407,0.7801462411880493,0.08477966487407684
12,12,1.1496886879205703,0.9535266757011414,1.1446242332458496,0.010358661413192749,0.6074572801589966,0.11224256455898285
12,13,1.3473034681752325,0.953860342502594,1.143819808959961,0.01090965885668993,0.8131288290023804,0.10372895002365112
12,14,1.4756947917863728,0.9550681710243225,1.1453365087509155,0.01009278278797865,0.9219858050346375,0.12353526800870895
12,15,1.2349006585776805,0.9550246000289917,1.1443452835083008,0.008982587605714798,0.7044554948806763,0.10158859938383102
12,16,1.4599845193326473,0.9545688629150391,1.1440627574920654,0.010447356849908829,0.9424703121185303,0.08734052628278732
12,17,1.6005699399858713,0.9550333619117737,1.1440324783325195,0.01026812382042408,1.0598183870315552,0.11067026108503342
12,18,2.225294984318316,0.9543262720108032,1.1439943313598633,0.009597995318472385,1.679685354232788,0.11634751409292221
13,0,33.91252212524414,0.9554615020751953,4.835197925567627,24.910860061645508,6.097382068634033,1.7461481094360352
13,1,27.751284420490265,0.9554615020751953,3.9876255989074707,18.710582733154297,7.164248943328857,0.8878353238105774
13,2,24.417981326580048,0.9590449929237366,3.312807083129883,19.741716384887695,2.7624902725219727,1.0594042539596558
13,3,21.777060973644257,0.9641218185424805,2.7673163414001465,17.903596878051758,2.209618330001831,0.9175581336021423
13,4,2.3840797752141953,0.9649842381477356,1.9660028219223022,0.036067113280296326,0.9767279624938965,0.7850872874259949
13,5,1.4509305719286203,0.9637332558631897,1.7093557119369507,0.0302309338003397,0.7884908318519592,0.09759101271629333
13,6,1.4423460397869348,0.9662671089172363,1.5206795930862427,0.022978948429226875,0.8046994805335999,0.11727827042341232
13,7,1.153504160605371,0.9642139673233032,1.2832070589065552,0.012051231227815151,0.5581026673316956,0.1338660567998886
13,8,1.1431780686601996,0.9626045823097229,1.2247003316879272,0.013420372270047665,0.5659847259521484,0.1263119876384735
13,9,1.18802850227803,0.9587411284446716,1.1870979070663452,0.011104556731879711,0.6378518342971802,0.10990430414676666
13,10,1.1680086890235544,0.9575430750846863,1.1493111848831177,0.011382916010916233,0.626852810382843,0.10840211063623428
13,11,1.2106000727042556,0.9575954675674438,1.1435668468475342,0.010951644740998745,0.6623969078063965,0.11701905727386475
13,12,1.0962661281228065,0.9561875462532043,1.1409175395965576,0.010328628122806549,0.5389021039009094,0.12761437892913818
13,13,1.12488176766783,0.9561896920204163,1.140207290649414,0.010801122523844242,0.5814197659492493,0.11338148266077042
13,14,1.2219946296885609,0.9562122821807861,1.1409611701965332,0.009385173209011555,0.6864647269248962,0.1067100390791893
13,15,1.2390625316649675,0.9559250473976135,1.141829490661621,0.010297993198037148,0.7185690999031067,0.09064453095197678
13,16,1.1818859489634632,0.9552034735679626,1.1431856155395508,0.011441578157246113,0.6722937226295471,0.07847283035516739
13,17,1.3955807557329536,0.9551903605461121,1.1437478065490723,0.010553366504609585,0.8707959055900574,0.09444385021924973
13,18,1.291247308626771,0.9551361203193665,1.1426852941513062,0.009835252538323402,0.7918956279754639,0.06995214521884918
14,0,30.912978219985963,0.9554615020751953,4.835197925567627,21.05731201171875,5.912027835845947,2.7855064868927
14,1,27.073757314682005,0.9531450271606445,3.9875776767730713,20.666311264038086,4.4408392906188965,0.9784622192382812
14,2,25.12637494802475,0.9537212252616882,3.311384439468384,21.20133399963379,1.6492620706558228,1.4227577447891235
14,3,20.93531494140625,0.9537450075149536,2.752938747406006,17.37635612487793,1.4217591285705566,1.3958629369735718
14,4,1.6597821593284607,0.9527300596237183,1.9585219621658325,0.13459452986717224,0.6592941880226135,0.28364303708076477
14,5,1.5855353340506553,0.9554041028022766,1.6973737478256226,0.11400582641363144,0.6560308337211609,0.2849431037902832
14,6,1.3944411039352418,0.9554556012153625,1.5082393884658813,0.07879723608493805,0.6566930413246155,0.1662118285894394
14,7,1.222678298689425,0.9581136703491211,1.2790818214416504,0.012350642122328281,0.6772116422653198,0.08567691594362259
14,8,0.8888128504157067,0.9565207362174988,1.2119885683059692,0.01346326619386673,0.33295494318008423,0.10869278013706207
14,9,0.8797718629240989,0.9565262794494629,1.1767642498016357,0.0128144770860672,0.35627877712249756,0.08402050286531448
14,10,1.3070929879322648,0.9581505656242371,1.144471526145935,0.01086150947958231,0.39280906319618225,0.4828979969024658
14,11,1.2067033540457488,0.9575720429420471,1.140398383140564,0.01141972653567791,0.3611759841442108,0.41451355814933777
14,12,1.394772326759994,0.9578035473823547,1.1401910781860352,0.010962414555251598,0.4452162981033325,0.5189946889877319
14,13,1.3161388017237186,0.9576120376586914,1.1433618068695068,0.010204467922449112,0.4218240976333618,0.46391546726226807
14,14,1.362998557649553,0.9563215374946594,1.145605444908142,0.010350829921662807,0.40734604001045227,0.5249162912368774
14,15,1.2753221616148949,0.9564417004585266,1.1483744382858276,0.01035403460264206,0.47915881872177124,0.3648460805416107
15,0,29.979592168331145,0.9553048014640808,1.1414320468902588,20.851686477661133,6.275045871734619,2.4335124492645264
15,1,20.019132232666017,0.9553048014640808,1.1545805931091309,12.248851776123047,6.647780418395996,0.7005229592323303
15,2,15.287819477915765,0.9521711468696594,1.1429624557495117,13.323570251464844,1.36492121219635,0.18030129373073578
15,3,15.769320383667946,0.9524959921836853,1.142854928970337,13.283105850219727,1.8926643133163452,0.17448003590106964
15,4,2.238346241414547,0.9554983973503113,1.142385721206665,0.032308436930179596,1.555850863456726,0.23061011731624603
15,5,2.862615863606334,0.9537210464477539,1.1445374488830566,0.020290611311793327,2.2186241149902344,0.20404943823814392
15,6,1.432763908430934,0.9573096036911011,1.1428420543670654,0.02007286064326763,0.7942919731140137,0.19836874306201935
15,7,1.1351377751678229,0.9582961201667786,1.1437641382217407,0.011085441336035728,0.5506954193115234,0.15294486284255981
15,8,0.8232464561238886,0.9582957029342651,1.1439921855926514,0.01153057161718607,0.34643661975860596,0.044821687042713165
15,9,0.8353558145463467,0.9556120038032532,1.1448893547058105,0.012789729982614517,0.3668089210987091,0.0356568917632103
15,10,0.8165391115471721,0.9571177363395691,1.1448439359664917,0.009832694195210934,0.3515588641166687,0.034755218774080276
15,11,0.8528133887797594,0.9571155309677124,1.1462103128433228,0.010187853127717972,0.3970301151275635,0.024930251762270927
15,12,0.9651359161362052,0.9572529792785645,1.1459606885910034,0.009704533033072948,0.49342840909957886,0.041360240429639816
15,13,0.8746331244707107,0.957319438457489,1.146088719367981,0.010164324194192886,0.39359867572784424,0.050188492983579636
15,14,0.9123579692095518,0.9573662281036377,1.1457717418670654,0.00996587984263897,0.3997751474380493,0.0819893479347229
15,15,0.9351441152393818,0.9572858810424805,1.1466490030288696,0.009924467653036118,0.43350446224212646,0.07092820852994919
15,16,0.9170698255300522,0.9565340280532837,1.1472479104995728,0.010212667286396027,0.4134986102581024,0.07260216027498245
16,0,32.77657227516174,0.9554615020751953,4.835197925567627,24.115800857543945,6.370885848999023,1.13175368309021
16,1,30.504289725422858,0.952969491481781,3.988786458969116,25.346181869506836,4.134685039520264,0.03507162630558014
16,2,24.138814127445222,0.9529696106910706,3.2805893421173096,21.191646575927734,2.055772304534912,0.04468345642089844
16,3,25.237954430282116,0.9523073434829712,2.7296485900878906,22.532941818237305,1.9225796461105347,0.04604177922010422
16,4,0.977293460816145,0.9591900706291199,1.9430017471313477,0.055918626487255096,0.3077530264854431,0.033183444291353226
16,5,0.9057364780455828,0.9591519832611084,1.679423451423645,0.013222318142652512,0.3398015797138214,0.024997493252158165
16,6,0.8472133802250028,0.9586161971092224,1.4875249862670898,0.009713289327919483,0.3178911805152893,0.030380673706531525
16,7,0.6449814902618527,0.9581962823867798,1.2599802017211914,0.00962438527494669,0.1729823499917984,0.018739458173513412
16,8,0.6775053758174181,0.9581889510154724,1.20107901096344,0.011198777705430984,0.215704083442688,0.018748922273516655
16,9,0.679072641953826,0.9569616913795471,1.1689493656158447,0.010415611788630486,0.22464865446090698,0.018826164305210114
16,10,0.6206639371812344,0.9566553831100464,1.1425659656524658,0.011399075388908386,0.16827154159545898,0.021149050444364548
16,11,0.6225388586521149,0.956536054611206,1.140173077583313,0.010394910350441933,0.1676737666130066,0.025128355249762535
16,12,0.6069795910269022,0.9565280079841614,1.1405272483825684,0.010194055736064911,0.15545684099197388,0.021917643025517464
16,13,0.676880636997521,0.9563645124435425,1.143947958946228,0.011247270740568638,0.22538180649280548,0.020189065486192703
16,14,0.5977522181347013,0.9569912552833557,1.1457834243774414,0.008941584266722202,0.14100122451782227,0.02725447341799736
16,15,0.6190775537863374,0.9570567011833191,1.1453684568405151,0.011533486656844616,0.16517862677574158,0.021880408748984337
16,16,0.5887644864618778,0.9569549560546875,1.1465044021606445,0.010694094002246857,0.13466009497642517,0.02271842584013939
16,17,0.6310840845108032,0.9574082493782043,1.1462318897247314,0.009773407131433487,0.1810140311717987,0.01956861838698387
16,18,0.6034526081755758,0.9574660658836365,1.1467196941375732,0.009660561569035053,0.14766034483909607,0.025294549763202667
16,19,0.573394145257771,0.9579168558120728,1.1460769176483154,0.010177736170589924,0.1132826879620552,0.02913496643304825
16,20,0.5713522842153906,0.9576468467712402,1.1465399265289307,0.010257168672978878,0.1058538481593132,0.03440391272306442
16,21,0.5469324560835958,0.9570325613021851,1.148694634437561,0.009691030718386173,0.08061201870441437,0.03548396751284599
16,22,0.5566971460357308,0.9571446180343628,1.1470942497253418,0.011018280871212482,0.08731421083211899,0.03751688078045845
16,23,0.5466324334964157,0.9569323658943176,1.146083950996399,0.00985394511371851,0.08748521655797958,0.02869000844657421
16,24,0.5268441502004861,0.9569723010063171,1.144590973854065,0.009801313281059265,0.06826763600111008,0.028462545946240425
17,0,33.1967764377594,0.9554615020751953,4.835197925567627,24.65911865234375,5.911037921905518,1.4684879779815674
17,1,28.589717984199524,0.9604916572570801,3.9877119064331055,23.19147300720215,3.824390172958374,0.5842140913009644
17,2,27.071625900268554,0.9586328268051147,3.2952115535736084,24.677501678466797,0.9033069014549255,0.6400484442710876
17,3,14.45925339460373,0.9586194753646851,2.758255958557129,12.274057388305664,0.8828296065330505,0.5589913129806519
17,4,1.4232038281857968,0.9525049328804016,1.9808114767074585,0.013501163572072983,0.4375230669975281,0.38551631569862366
17,5,1.3470713153481484,0.9532325267791748,1.7187849283218384,0.01207200437784195,0.3602493107318878,0.44034650921821594
17,6,1.293324038386345,0.9531140327453613,1.5247714519500732,0.013417020440101624,0.25753018260002136,0.526799738407135
17,7,1.0847834337502718,0.954483151435852,1.2860665321350098,0.011381449177861214,0.17495964467525482,0.4503324031829834
17,8,0.8291248358786106,0.9547508358955383,1.2259761095046997,0.011325512081384659,0.0900619626045227,0.29159197211265564
17,9,0.7643654653802514,0.9566207528114319,1.1862887144088745,0.011563495732843876,0.0648069828748703,0.25941309332847595
17,10,0.7450147727504373,0.9578048586845398,1.148574709892273,0.00983466301113367,0.05821862816810608,0.25568556785583496
17,11,0.7820564867928624,0.9560827612876892,1.1426758766174316,0.010294620878994465,0.0602974072098732,0.2917127311229706
17,12,0.7398756192997098,0.9566453099250793,1.1405366659164429,0.010133997537195683,0.04893781617283821,0.26136741042137146
17,13,0.7096860311925411,0.9560397863388062,1.1400214433670044,0.010348852723836899,0.040720656514167786,0.23940427601337433
17,14,0.7862376959994435,0.9562154412269592,1.140416145324707,0.0117952274158597,0.0453503355383873,0.3097658157348633
17,15,0.7331397166475654,0.9575020670890808,1.141290545463562,0.011778085492551327,0.04357045888900757,0.2580326497554779
17,16,0.9820253197103739,0.9574800133705139,1.1428478956222534,0.010074367746710777,0.044536057859659195,0.5073493123054504
17,17,1.022425358183682,0.9574869275093079,1.1446410417556763,0.010908511467278004,0.0789409652352333,0.5121502876281738
17,18,0.7989069944247604,0.9581317901611328,1.1442711353302002,0.010376091115176678,0.05177391692996025,0.3162764012813568
17,19,0.7180765729397536,0.9586694240570068,1.1441487073898315,0.009881732985377312,0.03999076783657074,0.2476404458284378
18,0,33.77296018600464,0.9598032236099243,1.1476221084594727,25.937103271484375,6.044405460357666,1.3699663877487183
18,1,19.17438578605652,0.9598032236099243,1.1543508768081665,13.177464485168457,4.994062423706055,0.5800280570983887
18,2,15.1531515955925,0.9523636102676392,1.1408860683441162,13.008478164672852,1.0838161706924438,0.6422073245048523
18,3,15.63931633234024,0.9571763873100281,1.1413267850875854,13.887804985046387,0.7799043655395508,0.5519063472747803
18,4,0.9673334833234548,0.9610846638679504,1.1403766870498657,0.016886351630091667,0.4498775601387024,0.08027730137109756
18,5,0.9592379603534937,0.9645926356315613,1.140357255935669,0.0146623644977808,0.45056822896003723,0.07301738858222961
18,6,0.847751047089696,0.9638396501541138,1.1402628421783447,0.013416232541203499,0.32584211230278015,0.08767220377922058
18,7,0.6579495150595904,0.9627044796943665,1.141438603401184,0.012128250673413277,0.14478109776973724,0.08021154999732971
18,8,0.6430543096736073,0.962687611579895,1.1415719985961914,0.013165180571377277,0.1588214486837387,0.05021575838327408
18,9,0.5997849376872182,0.9657222628593445,1.1424072980880737,0.010827767662703991,0.13789047300815582,0.029440784826874733
18,10,0.5549472708255053,0.962077796459198,1.1421021223068237,0.010076861828565598,0.10091377049684525,0.023120654746890068
18,11,0.6405092399567366,0.9620704054832458,1.1421098709106445,0.011478794738650322,0.18058106303215027,0.027613326907157898
18,12,0.6210402736440301,0.9621142745018005,1.1423969268798828,0.010650687851011753,0.16604304313659668,0.02344430238008499
18,13,0.6193387286737562,0.9588797688484192,1.1423239707946777,0.013747119344770908,0.16128361225128174,0.02406724914908409
18,14,0.7176633397117258,0.9589270949363708,1.1423627138137817,0.010258008725941181,0.2613908052444458,0.025756563991308212
18,15,0.6574086816981435,0.9594626426696777,1.1428921222686768,0.011400134302675724,0.20377574861049652,0.02176184579730034
18,16,0.7006068348884582,0.9603846669197083,1.1429929733276367,0.010586878284811974,0.24127264320850372,0.02807178534567356
19,0,32.73447637557983,0.9554615020751953,4.835197925567627,23.001840591430664,5.80455207824707,2.769951820373535
19,1,26.677324098348617,0.9565110206604004,3.98695969581604,21.802452087402344,3.4089553356170654,0.4772225320339203
19,2,14.560954797267915,0.9565995931625366,3.3048973083496094,11.81470775604248,1.569547176361084,0.32440048456192017
19,3,14.330511486530304,0.9522135853767395,2.7573442459106445,11.230667114257812,1.9232513904571533,0.43468141555786133
19,4,1.746516341343522,0.9539942741394043,1.968903660774231,0.031011337414383888,0.5489572882652283,0.5819681286811829
19,5,1.2824513275176286,0.9540157318115234,1.709774374961853,0.02011302299797535,0.5342033505439758,0.1953769326210022
19,6,1.0218964613974095,0.9550074338912964,1.5170772075653076,0.01962745562195778,0.3665710687637329,0.14128100872039795
19,7,0.6346445409581065,0.9543989300727844,1.2870453596115112,0.010784636251628399,0.07546530663967133,0.10010574012994766
19,8,0.5679021222516895,0.9544013738632202,1.2219538688659668,0.011471248231828213,0.06018662825226784,0.06097319722175598
19,9,0.5555080100893974,0.9555793404579163,1.182011604309082,0.010482773184776306,0.060003697872161865,0.0575033500790596
19,10,0.6005345480516553,0.9539225697517395,1.1458390951156616,0.010086660273373127,0.05824246257543564,0.1122530922293663
19,11,0.725467137619853,0.9539182186126709,1.1409223079681396,0.010718541219830513,0.03593404218554497,0.25984644889831543
19,12,0.9577506370842457,0.9539207220077515,1.1400303840637207,0.010946061462163925,0.04099830240011215,0.48701605200767517
19,13,1.002649622410536,0.9537431597709656,1.141685128211975,0.010161802172660828,0.03791361674666405,0.5354885458946228
19,14,0.9377517081797123,0.9537492990493774,1.1427315473556519,0.010108884423971176,0.0408468022942543,0.46749985218048096
19,15,0.681586529687047,0.9537495970726013,1.1431595087051392,0.00934855081140995,0.04236272722482681,0.21049343049526215
20,0,30.885140705108643,0.9554615020751953,4.835197925567627,20.66293716430664,5.977540016174316,3.086531639099121
20,1,26.758459949493407,0.958970308303833,3.9873039722442627,20.217309951782227,4.784746170043945,0.7671489715576172
20,2,24.0391314804554,0.954377293586731,3.300889730453491,21.11574363708496,1.7336835861206055,0.3386508524417877
20,3,12.217185693979264,0.9543591141700745,2.7375924587249756,10.021800994873047,0.9950308203697205,0.46196356415748596
20,4,1.94853410795331,0.9547372460365295,1.949576497077942,0.01580076292157173,0.5945208072662354,0.7573497891426086
20,5,1.5626208964735269,0.9552719593048096,1.696122169494629,0.01239481009542942,0.29622122645378113,0.7237260341644287
20,6,1.4189547037705779,0.9538171291351318,1.5040355920791626,0.012058637104928493,0.20223462581634521,0.7130908966064453
20,7,0.7302287284284831,0.9546887278556824,1.2735224962234497,0.009806105867028236,0.1996416449546814,0.07513873279094696
20,8,0.7329086976125836,0.9547812342643738,1.2160718441009521,0.010771353729069233,0.2126697450876236,0.07529698312282562
20,9,0.6627404924482108,0.9547891020774841,1.1789551973342896,0.010816449299454689,0.1891556829214096,0.036019500344991684
20,10,0.6572544172406196,0.9545460939407349,1.1461520195007324,0.010061264038085938,0.17893193662166595,0.04812159389257431
20,11,0.6412885654717684,0.9545851945877075,1.1415057182312012,0.009679073467850685,0.16756772994995117,0.044823579490184784
20,12,0.6121908698230982,0.9553941488265991,1.1399918794631958,0.010219929739832878,0.13688544929027557,0.046008285135030746
20,13,0.6397036200389267,0.9544768333435059,1.1419929265975952,0.010492353700101376,0.16746868193149567,0.042448632419109344
20,14,0.5832020059227944,0.9539642930030823,1.142797589302063,0.009859450161457062,0.11510761082172394,0.03888256847858429
20,15,0.5421616474166513,0.9540549516677856,1.1431442499160767,0.009026673622429371,0.07343144714832306,0.04026368632912636
20,16,0.545251463726163,0.9536335468292236,1.144708275794983,0.010332511737942696,0.062478117644786835,0.05277246981859207
20,17,0.5287938069552183,0.9536511301994324,1.1456471681594849,0.010399257764220238,0.058539703488349915,0.039995186030864716
20,18,0.5259129401296377,0.9536013603210449,1.1466453075408936,0.011165956035256386,0.048881277441978455,0.04581637308001518
20,19,0.521070289798081,0.9535956978797913,1.1476726531982422,0.010728404857218266,0.046870168298482895,0.04321804642677307
20,20,0.5055886445567013,0.9536178112030029,1.146501064300537,0.009890272282063961,0.04063555225729942,0.03503904491662979
20,21,0.4960356678813696,0.9538895487785339,1.146225929260254,0.009399043396115303,0.035947639495134354,0.030665889382362366
21,0,28.69837204217911,0.952374279499054,1.142336368560791,18.537357330322266,6.588316917419434,3.1537556648254395
21,1,23.43218974471092,0.9522584080696106,1.1644772291183472,18.52346420288086,4.084322452545166,0.4010559618473053
21,2,10.744697618484498,0.9522587060928345,1.1833235025405884,7.636475086212158,1.150323748588562,1.5307823419570923
21,3,12.235899150371552,0.9524714350700378,1.1824551820755005,8.621294021606445,1.23450767993927,1.9531121253967285
21,4,1.564177237264812,0.9544632434844971,1.1667823791503906,0.011114786379039288,0.8012945652008057,0.3275187611579895
21,5,1.6161782974377275,0.9527079463005066,1.168359398841858,0.010331266559660435,0.8866217732429504,0.2950117886066437
21,6,1.375692103803158,0.9527368545532227,1.160441279411316,0.010266594588756561,0.6986743807792664,0.24411550164222717
21,7,1.000586953945458,0.9528535604476929,1.1552488803863525,0.01149884331971407,0.46208223700523376,0.10538538545370102
21,8,1.0857026971876622,0.9522117376327515,1.1557332277297974,0.010292496532201767,0.558607280254364,0.09521392732858658
21,9,0.985067049972713,0.9522273540496826,1.1548963785171509,0.010634812526404858,0.4941940903663635,0.05881340056657791
21,10,0.8946663420647383,0.9521557688713074,1.1537129878997803,0.009602705016732216,0.42784595489501953,0.036043930798769
21,11,0.6096250142902137,0.9520851969718933,1.1527479887008667,0.0097306277602911,0.12815126776695251,0.05077648162841797
21,12,0.5655324304476381,0.9520872831344604,1.1524631977081299,0.009284407831728458,0.089642733335495,0.045695193111896515
21,13,0.5818262889981269,0.9520915746688843,1.151551604270935,0.009606413543224335,0.11391936987638474,0.03757186979055405
21,14,0.5562942814081908,0.9522270560264587,1.1527200937271118,0.009545085951685905,0.08242519944906235,0.04333456605672836
21,15,0.50748754106462,0.952426016330719,1.1505942344665527,0.01049712486565113,0.037653014063835144,0.0387333519756794
21,16,0.5227206218987703,0.9524186253547668,1.1493093967437744,0.01091732643544674,0.056065551936626434,0.03539213910698891
21,17,0.518794190324843,0.9525607824325562,1.1483666896820068,0.01051830593496561,0.04502500966191292,0.043065380305051804
21,18,0.5196175968274475,0.952785313129425,1.147904634475708,0.00998136680573225,0.040950313210487366,0.04854792729020119
21,19,0.511005230806768,0.953006386756897,1.1490439176559448,0.010102854110300541,0.04958374425768852,0.030908571556210518
21,20,0.49992167539894583,0.9527692794799805,1.1487666368484497,0.009863441810011864,0.043836627155542374,0.025914423167705536
22,0,30.621019113063813,0.9554615020751953,4.835197925567627,22.534805297851562,6.21640682220459,0.7116751074790955
22,1,30.668733724951743,0.9534911513328552,3.9881348609924316,23.219812393188477,6.221036434173584,0.23955969512462616
22,2,25.087908303737642,0.9534938931465149,3.28682541847229,20.484926223754883,2.793081760406494,0.9618364572525024
22,3,24.722033846378327,0.955869197845459,2.7294468879699707,21.298852920532227,0.7659627795219421,1.9201549291610718
22,4,1.2822313953191042,0.9546998143196106,1.9612690210342407,0.016176747158169746,0.2753099203109741,0.40755096077919006
22,5,1.1478592704981567,0.9547858834266663,1.7057569026947021,0.013771561905741692,0.19662149250507355,0.4053576588630676
22,6,1.2754591507837176,0.9547884464263916,1.51670503616333,0.014084736816585064,0.3262980580329895,0.44077765941619873
22,7,1.411113415285945,0.9563232064247131,1.2808711528778076,0.01335061900317669,0.16288022696971893,0.7874436974525452
22,8,1.370988425426185,0.9578116536140442,1.2186601161956787,0.01331579964607954,0.16075757145881653,0.7616207003593445
22,9,1.3607503324747086,0.9578598141670227,1.1802997589111328,0.011921867728233337,0.1666010320186615,0.7545955181121826
22,10,1.3429408309981228,0.9594643115997314,1.146708607673645,0.010832133702933788,0.14672724902629852,0.7641468644142151
22,11,1.2736130906268954,0.9604959487915039,1.1419392824172974,0.01172905694693327,0.14937329292297363,0.6920236945152283
23,0,32.220269966125485,0.9554615020751953,4.835197925567627,22.48729705810547,6.2712836265563965,2.3035573959350586
23,1,16.63580914735794,0.9554615020751953,3.9865057468414307,10.73802661895752,4.68878698348999,0.2206020951271057
23,2,11.779422882199288,0.959768533706665,3.322453498840332,9.290670394897461,1.422929286956787,0.20937879383563995
23,3,13.520792251825332,0.9520868062973022,2.761127471923828,11.153848648071289,1.4499337673187256,0.17436698079109192
23,4,1.226095828600228,0.9525054097175598,1.9599857330322266,0.01084157545119524,0.4691661596298218,0.16358986496925354
23,5,1.176826044730842,0.9525054693222046,1.6950652599334717,0.009615319781005383,0.41454431414604187,0.2231522649526596
23,6,1.017260054498911,0.9523991346359253,1.5005327463150024,0.009869176894426346,0.3538007140159607,0.16300378739833832
23,7,0.9040818233042955,0.9520764946937561,1.2730927467346191,0.011297645047307014,0.2640356123447418,0.18371471762657166
23,8,0.7986160660162568,0.9520788788795471,1.2124347686767578,0.0104546332731843,0.24342729151248932,0.1118314117193222
23,9,0.7726770440116525,0.9521909356117249,1.1758902072906494,0.01068198774009943,0.2145499736070633,0.12182885408401489
23,10,0.7051246762275696,0.9526162147521973,1.144880771636963,0.010858707129955292,0.1634693294763565,0.11129724234342575
23,11,0.6991740236058832,0.9526194334030151,1.1406699419021606,0.009741918183863163,0.18299345672130585,0.08778077363967896
23,12,0.7171049915254116,0.9527968764305115,1.140076994895935,0.010091807693243027,0.15895380079746246,0.1294846087694168
23,13,0.7144863776862621,0.9530009627342224,1.141965389251709,0.009573254734277725,0.1632242649793625,0.12269558757543564
23,14,0.6940279299393297,0.9534094333648682,1.1436505317687988,0.01193456444889307,0.1483500897884369,0.11433128267526627
23,15,0.6617500334978104,0.953373908996582,1.1447703838348389,0.00984058529138565,0.12172839045524597,0.11055219918489456
23,16,0.6761664083227515,0.953915536403656,1.145995855331421,0.010283946059644222,0.1091061532497406,0.13679403066635132
23,17,0.7081496274098754,0.9539374113082886,1.148389458656311,0.01064798142760992,0.10225965827703476,0.1747766137123108
23,18,0.6545714473351836,0.9539358615875244,1.148680329322815,0.009956731460988522,0.07814531773328781,0.14594615995883942
23,19,0.6398489153012634,0.9529781937599182,1.148341417312622,0.010105668567121029,0.06490867584943771,0.14457064867019653
23,20,0.6238883581012488,0.9527075290679932,1.148041009902954,0.010093217715620995,0.07977677881717682,0.11386865377426147
23,21,0.6024745810776949,0.9527127742767334,1.1484225988388062,0.00993371196091175,0.06408064067363739,0.10823315382003784
23,22,0.5772253811359406,0.9525571465492249,1.1484169960021973,0.01035790890455246,0.05555360019207001,0.09111904352903366
23,23,0.6029016751796008,0.9525800943374634,1.1488125324249268,0.010621635243296623,0.05909888073801994,0.11290263384580612
23,24,0.5836889371275902,0.9527919292449951,1.1476322412490845,0.010882686823606491,0.045404765754938126,0.10731665045022964
24,0,31.029570245742796,0.9529745578765869,1.1452550888061523,22.22551155090332,6.525191307067871,1.8592214584350586
24,1,27.384301447868346,0.9574574828147888,1.1413708925247192,23.10909652709961,3.211829423904419,0.6436098217964172
24,2,27.505492210388184,0.9526286721229553,1.1441658735275269,24.834697723388672,1.5426563024520874,0.7087792754173279
24,3,20.771291518211363,0.9526137709617615,1.1476689577102661,18.503671646118164,1.0399017333984375,0.8076615929603577
24,4,2.4603258475661276,0.9522526264190674,1.144614577293396,0.038616590201854706,0.4926660358905792,1.5096697807312012
24,5,2.034961374849081,0.9528441429138184,1.1449346542358398,0.03062468394637108,0.30824172496795654,1.2765392065048218
24,6,2.5706007461994886,0.9528542160987854,1.1445107460021973,0.02758908085525036,0.6928585171699524,1.4306801557540894
24,7,2.1460446387529375,0.9534815549850464,1.1458903551101685,0.01720382273197174,0.27831143140792847,1.4306550025939941
24,8,1.4990415655076506,0.9531123638153076,1.1450459957122803,0.020392488688230515,0.17308984696865082,0.8859275579452515
24,9,1.8319291027262807,0.9531014561653137,1.1444121599197388,0.014523548074066639,0.21580801904201508,1.1820948123931885
24,10,1.9455068577080965,0.9529814720153809,1.1440643072128296,0.01750984974205494,0.20113636553287506,1.3074514865875244
24,11,2.0001077733933927,0.9540186524391174,1.1449238061904907,0.01614290103316307,0.19834190607070923,1.3658344745635986
24,12,2.1913569655269383,0.9540611505508423,1.144593596458435,0.01706131361424923,0.2518361210823059,1.5027285814285278
24,13,2.0696280386298893,0.9542458653450012,1.14454984664917,0.016804521903395653,0.21549974381923676,1.4175646305084229
24,14,1.9209079768508672,0.9546641111373901,1.1443209648132324,0.015929391607642174,0.16231954097747803,1.3228620290756226
25,0,31.22583966255188,0.9554615020751953,4.835197925567627,22.50065803527832,5.647973537445068,1.9190762042999268
25,1,29.686973309516908,0.9524322748184204,3.988252639770508,22.06502342224121,5.79142951965332,0.8423833847045898
25,2,26.984484934806822,0.9524297714233398,3.2876665592193604,22.05179214477539,2.9855363368988037,1.0991371870040894
25,3,25.591600954532623,0.9600791335105896,2.735792398452759,23.38381576538086,1.2342487573623657,0.23436212539672852
25,4,1.345302125811577,0.961189329624176,1.9452102184295654,0.011239975690841675,0.5436791777610779,0.209103062748909
25,5,0.9562787730246782,0.9578629732131958,1.6935369968414307,0.013480471447110176,0.25410664081573486,0.1584116667509079
25,6,0.8451186113059521,0.9579192996025085,1.4999854564666748,0.012695621699094772,0.23800206184387207,0.10283997654914856
25,7,0.6456941081210971,0.9551994800567627,1.2720507383346558,0.010396352969110012,0.16733062267303467,0.022517088800668716
25,8,0.5657559279352427,0.9558965563774109,1.2153698205947876,0.011095794849097729,0.10568760335445404,0.014719254337251186
25,9,0.6334372896701098,0.9558849930763245,1.177270531654358,0.010900089517235756,0.17518991231918335,0.02071618288755417
25,10,0.6400958834216,0.9574429392814636,1.1451432704925537,0.010534561239182949,0.14901816844940186,0.060025911778211594
25,11,0.6264405703172088,0.9562140107154846,1.141021728515625,0.008946186862885952,0.09564652293920517,0.10240071266889572
25,12,0.7256305178627371,0.9562367796897888,1.1400246620178223,0.009569345973432064,0.1362631916999817,0.1605456918478012
25,13,0.768767200037837,0.9557741284370422,1.1433159112930298,0.008886074647307396,0.12293156236410141,0.21713155508041382
25,14,0.7341786943376064,0.9561377763748169,1.1435692310333252,0.009183328598737717,0.10052013397216797,0.20453383028507233
26,0,30.59812252521515,0.9554615020751953,4.835197925567627,21.380550384521484,6.263673782348633,1.7957664728164673
26,1,25.8763170003891,0.952650785446167,3.9888322353363037,21.133819580078125,3.318305730819702,0.43589508533477783
26,2,19.316845190525054,0.9526556730270386,3.300630807876587,16.1496524810791,1.7134937047958374,0.6030417084693909
26,3,21.020277321338654,0.9585073590278625,2.741018533706665,17.923662185668945,1.5637162923812866,0.7929936647415161
26,4,1.772440018132329,0.9585005044937134,1.9739198684692383,0.02429494448006153,0.18448522686958313,0.977175772190094
26,5,1.7579839624464513,0.9585014581680298,1.7170132398605347,0.02041112259030342,0.1411237269639969,1.061346173286438
26,6,2.4531742986291647,0.9592922925949097,1.5185389518737793,0.01637544296681881,0.14962784945964813,1.79160475730896
26,7,0.6407794076949358,0.9579177498817444,1.2862164974212646,0.013653742149472237,0.08046416938304901,0.09783464670181274
26,8,0.5914230950176715,0.9579804539680481,1.2215778827667236,0.015046317130327225,0.07619234174489975,0.06427276879549026
26,9,0.5624971110373735,0.9588137269020081,1.181255578994751,0.012658769264817238,0.05805163085460663,0.06377284973859787
26,10,0.5496774712577462,0.9596134424209595,1.1480563879013062,0.013486572541296482,0.05588929355144501,0.058767639100551605
26,11,0.5362219277769328,0.9594603776931763,1.143117070198059,0.011364629492163658,0.04878253489732742,0.055559273809194565
26,12,0.5211859568953514,0.9594632983207703,1.1407042741775513,0.013984687626361847,0.03957013040781021,0.047597624361515045
26,13,0.5117846213281155,0.9597374200820923,1.1403992176055908,0.012247730046510696,0.03621892258524895,0.0432906411588192
26,14,0.5162128323689104,0.9593561887741089,1.1413483619689941,0.012250390835106373,0.0357634499669075,0.04805808141827583
26,15,0.5190908806398511,0.959321141242981,1.1425347328186035,0.012472336180508137,0.03817306458950043,0.048074305057525635
26,16,0.5103445006534457,0.9597850441932678,1.1445369720458984,0.012467189691960812,0.0289180688560009,0.04809483885765076
26,17,0.5032449930906296,0.9593237638473511,1.1447807550430298,0.01250947080552578,0.02948671020567417,0.040427908301353455
26,18,0.5036738570779562,0.9593512415885925,1.1469782590866089,0.012429563328623772,0.024675432592630386,0.04530296102166176
26,19,0.5019842848181725,0.9593069553375244,1.1455614566802979,0.011729773133993149,0.03327867016196251,0.036002159118652344
26,20,0.5083841005340219,0.960136890411377,1.1462857723236084,0.012784385122358799,0.02762695774435997,0.046688225120306015
26,21,0.5101932542398573,0.9598023295402527,1.1449862718582153,0.01187399122864008,0.028664425015449524,0.04869711771607399
26,22,0.5144288761541247,0.9597122669219971,1.1453977823257446,0.011578316800296307,0.031250178813934326,0.050578370690345764
26,23,0.5162341210991144,0.9599276185035706,1.1461501121520996,0.012143101543188095,0.030481966212391853,0.052393507212400436
26,24,0.513161682523787,0.9590567350387573,1.146902322769165,0.010681903921067715,0.026083102449774742,0.05520486459136009
27,0,31.863345122337343,0.9631754159927368,1.144084095954895,22.365680694580078,7.382806777954102,1.6934057474136353
27,1,31.032936096191406,0.952238142490387,1.1552327871322632,22.99127197265625,7.032895565032959,0.5872743725776672
27,2,26.32955402135849,0.9527639150619507,1.1432191133499146,24.394868850708008,0.7597348690032959,0.7557536959648132
27,3,11.456926500797271,0.9527744054794312,1.1459383964538574,9.406603813171387,0.7586646676063538,0.8719154596328735
27,4,1.001246893964708,0.9527603983879089,1.1402453184127808,0.012847787700593472,0.2496902048587799,0.32010775804519653
27,5,0.9364382797852159,0.953712522983551,1.1403355598449707,0.011503824032843113,0.1671857386827469,0.3389391005039215
27,6,0.8650351949036121,0.9547296762466431,1.1405023336410522,0.011539209634065628,0.15090087056159973,0.2835487127304077
27,7,0.9475357145071029,0.9554463624954224,1.142361044883728,0.010630890727043152,0.2181779146194458,0.29916542768478394
27,8,0.9964967153966428,0.9574342966079712,1.1415477991104126,0.009758781641721725,0.19245989620685577,0.3744816184043884
27,9,1.1417165849357844,0.9571832418441772,1.1425875425338745,0.010616162791848183,0.30977562069892883,0.401370644569397
27,10,1.2264548815786838,0.9561898112297058,1.1421277523040771,0.009533349424600601,0.36998599767684937,0.4272720217704773
27,11,1.0667733773589134,0.956175684928894,1.1428465843200684,0.009678028523921967,0.2604171335697174,0.37687376141548157
27,12,1.050926680676639,0.9562220573425293,1.1440238952636719,0.009897778742015362,0.2255317121744156,0.3954479992389679
28,0,32.789409923553464,0.9554615020751953,4.835197925567627,23.302024841308594,6.5779829025268555,1.7512702941894531
28,1,30.168288779258727,0.9554615020751953,3.9907760620117188,21.196739196777344,6.296504974365234,1.685797095298767
28,2,21.90263060927391,0.9656538367271423,3.258915424346924,19.728744506835938,1.1613452434539795,0.1676270067691803
28,3,20.74085676074028,0.9543729424476624,2.691845655441284,19.02109718322754,0.710849940776825,0.27966591715812683
28,4,0.9441622346639633,0.9525228142738342,1.9176300764083862,0.0879552811384201,0.1755523979663849,0.10662397742271423
28,5,0.9236559575423599,0.9525294303894043,1.6611063480377197,0.015109076164662838,0.30356365442276,0.08225607126951218
28,6,0.9529447017237545,0.9535515904426575,1.481418490409851,0.011291990987956524,0.36585909128189087,0.0887996032834053
28,7,0.9819804478436709,0.9545255303382874,1.2630008459091187,0.010567130520939827,0.28169679641723633,0.2462112456560135
28,8,0.8355105455964804,0.9545141458511353,1.2043496370315552,0.010592794045805931,0.2231692224740982,0.16997577250003815
28,9,0.9574371283873916,0.9541363716125488,1.1736112833023071,0.010223022662103176,0.35768553614616394,0.16397903859615326
28,10,0.8257796850055457,0.9539013504981995,1.1446171998977661,0.010358845815062523,0.29564106464385986,0.10007606446743011
28,11,0.8418856568634511,0.9539105892181396,1.1408389806747437,0.01021367684006691,0.31295135617256165,0.09977070987224579
28,12,0.8103818561881782,0.9533576369285583,1.140005350112915,0.010764805600047112,0.3058945834636688,0.07504986971616745
28,13,0.6904968434944749,0.9534540772438049,1.1419668197631836,0.009853788651525974,0.19258680939674377,0.06897206604480743
28,14,0.8064447239041328,0.953652024269104,1.1426502466201782,0.010492593050003052,0.2775380313396454,0.09915364533662796
28,15,0.7623959047719837,0.9536696672439575,1.143805742263794,0.009351070038974285,0.23683539032936096,0.09671436250209808
28,16,0.8130198940634727,0.9538304805755615,1.144043207168579,0.009991399943828583,0.2364737093448639,0.14698004722595215
28,17,0.7978775456547738,0.9547592997550964,1.1441782712936401,0.009595490992069244,0.21977806091308594,0.14871647953987122
28,18,0.722313853725791,0.9546617865562439,1.1421879529953003,0.009662685915827751,0.17033740878105164,0.12294381111860275
28,19,0.6051012123003602,0.9547181725502014,1.1440348625183105,0.010488157160580158,0.051589351147413254,0.1232730969786644
28,20,0.5971731262281538,0.9542491436004639,1.1442656517028809,0.009142720140516758,0.05376074090600014,0.11456670612096786
28,21,0.5661257855594158,0.9542976021766663,1.1425220966339111,0.009988699108362198,0.04971569776535034,0.0870574489235878
28,22,0.6299988567829132,0.9543486833572388,1.1438547372817993,0.010265670716762543,0.04166030138731003,0.15843220055103302
28,23,0.6323599254712463,0.9544901251792908,1.1441137790679932,0.009479804895818233,0.03864436596632004,0.16451497375965118
28,24,0.5853309150785209,0.9546024203300476,1.144691824913025,0.01037772186100483,0.035223107784986496,0.11987123638391495
29,0,31.486723709106446,0.9554615020751953,4.835197925567627,20.487895965576172,7.128933429718018,2.7117624282836914
29,1,28.681534665822983,0.9537868499755859,3.988443374633789,21.047334671020508,6.474813938140869,0.17094001173973083
29,2,24.71503117084503,0.9547662734985352,3.299264430999756,22.105546951293945,1.504705548286438,0.25397253036499023
29,3,11.854956471920014,0.9547631144523621,2.7311182022094727,9.583169937133789,1.2424262762069702,0.2921839952468872
29,4,1.1507074292749166,0.95624840259552,1.9466372728347778,0.025331979617476463,0.2824513018131256,0.262347012758255
29,5,0.9686259932816029,0.9577521085739136,1.69052255153656,0.028010759502649307,0.1589813083410263,0.2519789934158325
29,6,0.9561300180852413,0.9577968716621399,1.499983787536621,0.01119137927889824,0.14589233696460724,0.30749017000198364
29,7,0.8988328445702791,0.9559932351112366,1.2716597318649292,0.012082817032933235,0.15436895191669464,0.2868504822254181
29,8,0.8945288443937898,0.956419825553894,1.2099926471710205,0.010699682869017124,0.2190469354391098,0.23149973154067993
29,9,0.931850297935307,0.959041953086853,1.1738847494125366,0.011580084450542927,0.2796863317489624,0.21399854123592377
29,10,0.96289253924042,0.9580961465835571,1.1434448957443237,0.01046615932136774,0.3180641233921051,0.21405404806137085
29,11,0.9010034123435617,0.9569136500358582,1.1402443647384644,0.010646448470652103,0.2734020948410034,0.19752326607704163
29,12,0.8639824174344539,0.9543594717979431,1.1403188705444336,0.009707178920507431,0.25983893871307373,0.17550063133239746
29,13,0.9841279242187739,0.9544209241867065,1.1428035497665405,0.010487297549843788,0.34939542412757874,0.2048003077507019
29,14,0.9200245723128319,0.954602062702179,1.1444358825683594,0.010824374854564667,0.3082990050315857,0.18109360337257385
29,15,0.9064477544277907,0.9549580216407776,1.1453081369400024,0.011623559519648552,0.2437659204006195,0.23100504279136658
29,16,1.0083835138008,0.9550584554672241,1.1469606161117554,0.010431106202304363,0.33769556879997253,0.23985302448272705
29,17,0.8394554635509849,0.9553499817848206,1.146841287612915,0.011035962961614132,0.1759733259677887,0.2320079207420349
29,18,0.744819355942309,0.9551470875740051,1.1469526290893555,0.00941027794033289,0.047271981835365295,0.2677171528339386
29,19,0.6463451687246562,0.956230878829956,1.1474612951278687,0.010238265618681908,0.04314311221241951,0.17222535610198975
29,20,0.681344460695982,0.9562198519706726,1.1461679935455322,0.010793991386890411,0.034823689609766006,0.2152492105960846
29,21,0.6918163428083062,0.9562190175056458,1.145967721939087,0.011277382262051105,0.033465828746557236,0.22663578391075134
29,22,0.6553396739065648,0.9569488167762756,1.1472936868667603,0.011339237913489342,0.02932441048324108,0.1938275247812271
29,23,0.7126523165032268,0.956928551197052,1.1473102569580078,0.010435911826789379,0.10285334289073944,0.17851530015468597
29,24,0.7287347478792072,0.9577214121818542,1.14832603931427,0.010156097821891308,0.08094418793916702,0.21642497181892395
30,0,29.326988303661345,0.955690324306488,1.1508777141571045,20.93524169921875,6.396786212921143,1.5736467838287354
30,1,16.144664722681046,0.955690324306488,1.1449090242385864,10.033391952514648,5.582454681396484,0.10869821906089783
30,2,12.592449314892292,0.9525266289710999,1.1471593379974365,9.837677001953125,2.260563611984253,0.07427150756120682
30,3,2.0095866456627847,0.9525318741798401,1.1437064409255981,0.36215710639953613,1.1841636896133423,0.04401818662881851
30,4,1.7396264672279358,0.9564641118049622,1.1471259593963623,0.06808425486087799,1.0012685060501099,0.24955569207668304
30,5,1.7622642435133458,0.9543817639350891,1.1486923694610596,0.024158570915460587,1.1351770162582397,0.18231382966041565
30,6,2.1631283313035965,0.9550543427467346,1.148830771446228,0.02118600904941559,1.482285976409912,0.23887932300567627
30,7,1.2936532214283942,0.9549010992050171,1.1482137441635132,0.016094855964183807,0.6857612133026123,0.17117418348789215
30,8,1.279079594835639,0.9548910856246948,1.147037148475647,0.017887121066451073,0.66713947057724,0.17366735637187958
30,9,1.3717371836304664,0.9551476240158081,1.1464425325393677,0.01467730849981308,0.7375724911689758,0.1991693526506424
30,10,1.2617586463689805,0.9545994997024536,1.1476627588272095,0.012441292405128479,0.6435278654098511,0.18533703684806824
30,11,1.3059242518618703,0.9545993208885193,1.1464488506317139,0.011913266964256763,0.7247085571289062,0.14909279346466064
30,12,1.1224169678986073,0.9555138945579529,1.1463028192520142,0.011897314339876175,0.5523097515106201,0.13784655928611755
30,13,1.0465183433145286,0.9547765254974365,1.1469467878341675,0.011041974648833275,0.4891507029533386,0.12598100304603577
30,14,1.1237481186166405,0.9550744891166687,1.1469939947128296,0.011284337379038334,0.5488138794898987,0.1432362049818039
30,15,1.1384329315274955,0.9550540447235107,1.1475098133087158,0.010496323928236961,0.5540745854377747,0.15334925055503845
30,16,1.002547830529511,0.9550232887268066,1.1485095024108887,0.011980739422142506,0.46189820766448975,0.10796232521533966
30,17,1.169260905124247,0.9555934071540833,1.148045539855957,0.01127126906067133,0.5974895358085632,0.13977231085300446
30,18,1.1600629653781653,0.9555422067642212,1.1474210023880005,0.010900979861617088,0.6003024578094482,0.12826688587665558
30,19,1.0936480913311244,0.9564447402954102,1.1473809480667114,0.011043796315789223,0.5307375192642212,0.13110163807868958
30,20,0.9407294988632202,0.9571506381034851,1.1476982831954956,0.011250600218772888,0.40670809149742126,0.10180102288722992
30,21,1.0352706709876656,0.9570863842964172,1.1472804546356201,0.011329197324812412,0.48040926456451416,0.12265884131193161
30,22,0.9979431612417102,0.9565980434417725,1.1470706462860107,0.01065265666693449,0.45921623706817627,0.10734052956104279
30,23,0.9982180861756206,0.9566904306411743,1.1472833156585693,0.010611447505652905,0.4576370418071747,0.10917484760284424
30,24,1.0177104623988271,0.9562129378318787,1.1476134061813354,0.009881568141281605,0.4781336188316345,0.10893000662326813
31,0,30.685197401046754,0.9554615020751953,4.835197925567627,20.83296012878418,6.018840312957764,2.675265073776245
31,1,24.28524568080902,0.9546818137168884,3.9882495403289795,20.301326751708984,2.7236101627349854,0.2717224955558777
31,2,25.362195092439652,0.9584594964981079,3.293231248855591,22.19133758544922,2.127288818359375,0.193230539560318
31,3,20.163660365343095,0.9584835171699524,2.7441718578338623,17.70751190185547,1.5301129817962646,0.18550440669059753
31,4,2.193483516201377,0.9540293216705322,1.947723388671875,0.016302665695548058,0.34554070234298706,1.2512896060943604
31,5,2.2407539121806623,0.9543459415435791,1.6922353506088257,0.013385575264692307,0.2538279592990875,1.4442241191864014
31,6,2.1495674226433037,0.9543390870094299,1.5008351802825928,0.012717092409729958,0.20138071477413177,1.4444347620010376
31,7,1.7791653910651803,0.953029990196228,1.2750258445739746,0.011860311962664127,0.1791694313287735,1.1425244808197021
31,8,2.0485658256337045,0.9523868560791016,1.2111010551452637,0.011306884698569775,0.20001676678657532,1.4045445919036865
31,9,1.7397939946502448,0.9522949457168579,1.176507830619812,0.010610437020659447,0.15169234573841095,1.1517306566238403
31,10,2.1609182549640535,0.9523589015007019,1.1449936628341675,0.010761926881968975,0.17119143903255463,1.5594943761825562
31,11,1.6987804716452957,0.95242840051651,1.1412270069122314,0.010882682166993618,0.11641955375671387,1.1527471542358398
31,12,1.8391879433766007,0.9524286985397339,1.139992356300354,0.011637047864496708,0.08944631367921829,1.3196203708648682
31,13,1.6451872630044817,0.9526022672653198,1.1417620182037354,0.010431501083076,0.08431864529848099,1.1315642595291138
31,14,1.5854306852445006,0.9527537822723389,1.1427134275436401,0.010993643663823605,0.0832412913441658,1.0721023082733154
31,15,1.638215284794569,0.9531226754188538,1.144876480102539,0.010173369199037552,0.0682516023516655,1.1401904821395874
31,16,1.1899614240974188,0.9529008865356445,1.146821141242981,0.010643882676959038,0.07045919448137283,0.6889139413833618
31,17,1.2701368093490601,0.953199565410614,1.1467491388320923,0.01071072369813919,0.07716339081525803,0.7622729539871216
31,18,1.3044267298653722,0.9532648921012878,1.1458139419555664,0.009841945953667164,0.0633336752653122,0.811435341835022
31,19,0.795458452962339,0.9542697668075562,1.1457350254058838,0.01084295567125082,0.06613894551992416,0.29847559332847595
31,20,0.6921748071908951,0.9542089104652405,1.1465201377868652,0.009862713515758514,0.07321455329656601,0.18895173072814941
31,21,0.6544581033289433,0.9540947079658508,1.1444189548492432,0.00981278344988823,0.04731687158346176,0.17762571573257446
31,22,0.759511673077941,0.9544338583946228,1.146174430847168,0.008753465488553047,0.05373309925198555,0.2769034504890442
31,23,0.8259936742484569,0.9543930292129517,1.1455142498016357,0.009117219597101212,0.06700969487428665,0.3298853039741516
31,24,0.7654261913150548,0.9542059898376465,1.1445692777633667,0.010326823219656944,0.08575382828712463,0.24959048628807068
32,0,30.800733375549317,0.9554615020751953,4.835197925567627,22.135929107666016,4.889496326446533,2.617176055908203
32,1,24.303485417366026,0.9554615020751953,3.9888601303100586,18.41107749938965,4.446470260620117,0.4570733308792114
32,2,25.2013307929039,0.9525327682495117,3.282907485961914,21.0736026763916,2.6618006229400635,0.61883944272995
32,3,22.148615989089013,0.9542901515960693,2.71197509765625,20.186899185180664,1.0389971733093262,0.18946658074855804
32,4,1.7095979949459434,0.9527233839035034,1.9442863464355469,0.01138617005199194,0.5976407527923584,0.521169126033783
32,5,1.2059394035488367,0.952727198600769,1.6885141134262085,0.010376030579209328,0.5492768287658691,0.11803828179836273
32,6,0.8381780650466681,0.9526745676994324,1.4983234405517578,0.011281384155154228,0.27105072140693665,0.06564635783433914
32,7,0.6701031591743231,0.9528183341026306,1.2797870635986328,0.010947750881314278,0.16787417232990265,0.04476015642285347
32,8,0.6753596741706134,0.9528354406356812,1.2197906970977783,0.01055479608476162,0.18936288356781006,0.040916766971349716
32,9,0.6006576964631677,0.9531742334365845,1.1859376430511475,0.009586469270288944,0.1219225749373436,0.04132627695798874
32,10,0.5739726599305868,0.953899085521698,1.1483657360076904,0.010464167222380638,0.10147946327924728,0.04157606512308121
32,11,0.5582174066454173,0.9539156556129456,1.142559289932251,0.010497244074940681,0.09553825855255127,0.032886914908885956
32,12,0.5539968114346266,0.9546988606452942,1.1402244567871094,0.009710012003779411,0.10206157714128494,0.023240558803081512
32,13,0.561592559888959,0.954241931438446,1.1410232782363892,0.010333949699997902,0.09662406146526337,0.03558150678873062
32,14,0.5218492351472378,0.9543107748031616,1.1423685550689697,0.010391674935817719,0.0636196956038475,0.028501998633146286
32,15,0.5345712708309293,0.9543185234069824,1.143341064453125,0.00986169371753931,0.06542177498340607,0.03975588455796242
32,16,0.5340427111834288,0.9551345705986023,1.144374132156372,0.009816745296120644,0.06023368984460831,0.04409053549170494
32,17,0.5527221070602537,0.9554595947265625,1.1452112197875977,0.010378574021160603,0.08508389443159103,0.03712547570466995
32,18,0.5320570450276136,0.9554744362831116,1.1448653936386108,0.009993290528655052,0.06176147982478142,0.04023430868983269
32,19,0.5273693663999438,0.955068051815033,1.1464297771453857,0.009698859415948391,0.056524068117141724,0.040846873074769974
32,20,0.5103832848370076,0.955497682094574,1.1471216678619385,0.01046619564294815,0.04089054837822914,0.03850267082452774
32,21,0.5209339495748282,0.9554933309555054,1.1453584432601929,0.009633893147110939,0.06166266277432442,0.029467038810253143
32,22,0.5197007635608316,0.9556507468223572,1.147566556930542,0.010553631000220776,0.058706119656562805,0.029797552153468132
32,23,0.5835343703627587,0.9559245109558105,1.14653480052948,0.010526500642299652,0.05556631088256836,0.09694969654083252
32,24,0.5971359396353364,0.9555563926696777,1.1468645334243774,0.010557358153164387,0.05726104602217674,0.10883335024118423
33,0,28.92560633420944,0.9580087065696716,1.1437945365905762,20.84316062927246,5.794988632202148,1.8670964241027832
33,1,23.723596815019846,0.9520701169967651,1.1400386095046997,19.301179885864258,3.9452271461486816,0.05876803770661354
33,2,21.787570918351413,0.9521350264549255,1.1414180994033813,19.749765396118164,1.5729862451553345,0.04610865190625191
33,3,8.979765802621841,0.9521343111991882,1.141618013381958,7.392228126525879,0.910722017288208,0.25806519389152527
33,4,1.8261386016383767,0.9523874521255493,1.1479496955871582,0.015466258861124516,0.5402035713195801,0.8504013419151306
33,5,1.6923416716977955,0.952629029750824,1.1503487825393677,0.011170784942805767,0.32685503363609314,0.9337202906608582
33,6,1.9423788106068969,0.9526309370994568,1.148597002029419,0.011366239748895168,0.35171830654144287,1.1590486764907837
33,7,1.633494278229773,0.9521666765213013,1.1454594135284424,0.011771955527365208,0.34542688727378845,0.8567702174186707
33,8,1.4807286152616144,0.9526185989379883,1.1468318700790405,0.010582969523966312,0.1263904720544815,0.9238650798797607
33,9,1.6175867404788733,0.95241379737854,1.1478627920150757,0.011406248435378075,0.11656643450260162,1.0695587396621704
33,10,1.2497858118265868,0.9520838856697083,1.147818684577942,0.009791655465960503,0.12892168760299683,0.6910919547080994
33,11,1.212217378988862,0.9521041512489319,1.1491864919662476,0.01035628654062748,0.1210160106420517,0.660586953163147
33,12,1.281848309189081,0.952069103717804,1.1491738557815552,0.011246997863054276,0.07582779228687286,0.7745249271392822
33,13,1.351087205670774,0.9520698189735413,1.1477891206741333,0.009655590169131756,0.06139317527413368,0.8600666522979736
33,14,1.2912626544013621,0.9522199034690857,1.1469711065292358,0.011003048159182072,0.06250821053981781,0.7979131937026978
33,15,1.348076662234962,0.9522555470466614,1.1473841667175293,0.008984717540442944,0.055984437465667725,0.8631795644760132
33,16,0.9868859805166721,0.9525901079177856,1.146472454071045,0.010333962738513947,0.04037046059966087,0.5163690447807312
33,17,1.0441836094483734,0.952778697013855,1.1466118097305298,0.010336770676076412,0.04379720240831375,0.5701715350151062
33,18,1.0702785100787877,0.9526205062866211,1.1465801000595093,0.010972457006573677,0.041704002767801285,0.5977619290351868
33,19,0.9796523001044989,0.9526000618934631,1.146659255027771,0.009769739583134651,0.034255076199769974,0.5157756209373474
33,20,0.9865277197211981,0.9526103734970093,1.1461182832717896,0.009146226570010185,0.07666800171136856,0.48096776008605957
33,21,1.0350541369989514,0.9529989361763,1.1464784145355225,0.009825983084738255,0.046987246721982956,0.5583454370498657
33,22,1.0824582500383257,0.9530076384544373,1.146767497062683,0.010766937397420406,0.039885248988866806,0.6118510365486145
33,23,0.7576861970126629,0.9530191421508789,1.1462376117706299,0.009503796696662903,0.04149412736296654,0.2868369221687317
33,24,0.5286804709583521,0.9531833529472351,1.1456338167190552,0.010236019268631935,0.043449826538562775,0.05523119121789932
34,0,29.81568102836609,0.9554615020751953,4.835197925567627,19.759977340698242,6.2203240394592285,2.6772477626800537
34,1,20.057966697216035,0.9554615020751953,3.988269567489624,11.318357467651367,7.375530242919922,0.375332772731781
34,2,12.816658902168275,0.965530514717102,3.30167293548584,10.427447319030762,1.140508770942688,0.39526212215423584
34,3,12.317541760206222,0.9563237428665161,2.736067533493042,9.806310653686523,1.484981894493103,0.28777095675468445
34,4,1.5960283167660236,0.9561601281166077,1.94302499294281,0.017875242978334427,0.6808315515518188,0.3174844980239868
34,5,1.5623301643878222,0.9561598300933838,1.683585524559021,0.010499091818928719,0.6131651401519775,0.41071686148643494
34,6,1.6430481640622019,0.9550902247428894,1.4979053735733032,0.009742620401084423,0.8377624750137329,0.3049439489841461
34,7,1.3366414792835712,0.9561901688575745,1.2765917778015137,0.011099684983491898,0.5855965614318848,0.29338884353637695
34,8,1.4361659664660693,0.9562363624572754,1.2166138887405396,0.009696559980511665,0.7746034264564514,0.21729592978954315
34,9,1.2899564193561672,0.9555926322937012,1.1774473190307617,0.011374597437679768,0.6553879976272583,0.19658583402633667
34,10,0.8514790147542954,0.9547317624092102,1.1439157724380493,0.010148778557777405,0.20717912912368774,0.2144216001033783
34,11,0.8116689648479223,0.9547111988067627,1.1404716968536377,0.010356193408370018,0.1420869082212448,0.24018928408622742
34,12,0.85609286762774,0.9546025395393372,1.1400470733642578,0.010421419516205788,0.1696825474500656,0.2570589780807495
34,13,0.7796576006338001,0.9548859596252441,1.1423144340515137,0.010590950958430767,0.12582767009735107,0.22379890084266663
34,14,0.748569086752832,0.9547258615493774,1.1431998014450073,0.01076327171176672,0.12066947668790817,0.1975512057542801
34,15,0.6928450083360076,0.954717218875885,1.1444108486175537,0.010555251501500607,0.1021869108080864,0.16027723252773285
34,16,0.7609823705628515,0.9550567865371704,1.1447464227676392,0.009707179851830006,0.11719396710395813,0.21412058174610138
34,17,0.7401228502392769,0.9553425908088684,1.145809292793274,0.010372832417488098,0.11668769270181656,0.19283194839954376
34,18,0.7295589126646519,0.9553704857826233,1.1460691690444946,0.009844724088907242,0.15565118193626404,0.143775075674057
34,19,0.7036686738952994,0.9561252593994141,1.1458115577697754,0.01017483975738287,0.11292336881160736,0.1601831018924713
34,20,0.6213856192305685,0.956052303314209,1.145957589149475,0.01038451213389635,0.08092700690031052,0.10967212170362473
34,21,0.644574204646051,0.9560393691062927,1.1463403701782227,0.009533463977277279,0.11356529593467712,0.10099949687719345
34,22,0.6125622672960163,0.9547973275184631,1.1467247009277344,0.008778261952102184,0.10785018652677536,0.07562941312789917
34,23,0.6083841163665057,0.9551335573196411,1.1464139223098755,0.009848767891526222,0.09882907569408417,0.07939677685499191
34,24,0.5156851792708039,0.9553375244140625,1.145648717880249,0.009397760964930058,0.046506669372320175,0.03958350047469139
35,0,32.27266888618469,0.9554615020751953,4.835197925567627,22.293941497802734,6.672344207763672,2.1482512950897217
35,1,27.876046419143677,0.9552043080329895,3.9877328872680664,21.339805603027344,4.554741859436035,0.9929115176200867
35,2,25.171696603298187,0.9577199816703796,3.3011043071746826,22.603254318237305,0.7349671721458435,0.9817102551460266
35,3,17.604725816845892,0.9577269554138184,2.747528553009033,16.040809631347656,0.746867299079895,0.07599778473377228
35,4,1.209046019613743,0.9621177911758423,1.965661644935608,0.01894703507423401,0.534356951713562,0.07018614560365677
35,5,1.1127937201410534,0.9606620073318481,1.7054725885391235,0.016236456111073494,0.5087592005729675,0.05457114428281784
35,6,1.090796610340476,0.9606900811195374,1.5123748779296875,0.015709063038229942,0.5058642625808716,0.07461029291152954
35,7,0.8680856972932816,0.9553148150444031,1.2796027660369873,0.012526415288448334,0.3349589705467224,0.07361679524183273
35,8,0.7964180111885071,0.9562259316444397,1.2169716358184814,0.01235053688287735,0.2778826355934143,0.0715453252196312
35,9,0.7241778377443553,0.9550214409828186,1.1770875453948975,0.012620823457837105,0.22072041034698486,0.06441480666399002
35,10,0.6405776083469391,0.9555312991142273,1.143860936164856,0.01256609708070755,0.14027093350887299,0.0678621307015419
35,11,0.6482970729470253,0.9540473222732544,1.1406465768814087,0.011989668011665344,0.1499020904302597,0.06746653467416763
35,12,0.651632716320455,0.9539793729782104,1.1400550603866577,0.011865763925015926,0.14483074843883514,0.07612931728363037
35,13,0.6572626771405339,0.9534587264060974,1.1426304578781128,0.012398594059050083,0.16441726684570312,0.061228979378938675
35,14,0.6775380739942193,0.9527291655540466,1.1437588930130005,0.011309445835649967,0.1985481232404709,0.048382893204689026
35,15,0.6198471605777741,0.952349841594696,1.14512038230896,0.012494325637817383,0.11994915455579758,0.06790963560342789
35,16,0.6068831587210298,0.9524087309837341,1.1475523710250854,0.009950880892574787,0.11898790299892426,0.0579521544277668
35,17,0.5988586688414217,0.9523212313652039,1.1465694904327393,0.009926953352987766,0.1030401661992073,0.06611340492963791
35,18,0.5705708643421531,0.9523351192474365,1.1486482620239258,0.009231156669557095,0.09351059049367905,0.04763244092464447
35,19,0.6002537447959185,0.9525355100631714,1.1471993923187256,0.009670810773968697,0.09237253665924072,0.07826341688632965
35,20,0.5812178460881114,0.9525354504585266,1.1466667652130127,0.009129288606345654,0.09096084535121918,0.06128726899623871
35,21,0.5644202921539545,0.9528073668479919,1.1471641063690186,0.00973757915198803,0.07934928685426712,0.055339131504297256
35,22,0.6098456984385848,0.9529200196266174,1.149133563041687,0.01158775296062231,0.10317900031805038,0.07466822862625122
35,23,0.580384100601077,0.9529047012329102,1.149111270904541,0.009273966774344444,0.08725803345441818,0.06344890594482422
35,24,0.562803458608687,0.9527096748352051,1.1473344564437866,0.010102146305143833,0.06287457793951035,0.0698179081082344
36,0,32.80506964921951,0.9611172080039978,1.140964388847351,23.53376007080078,5.687668800354004,3.163224458694458
36,1,24.40205725431442,0.9611172080039978,1.1402199268341064,18.487104415893555,4.972175598144531,0.5225098133087158
36,2,22.477421355247497,0.952075719833374,1.148971676826477,19.636871337890625,1.8471345901489258,0.5732059478759766
36,3,20.48843494653702,0.9525308012962341,1.1545060873031616,18.99680519104004,0.9363998174667358,0.13382256031036377
36,4,1.1733389124274254,0.9525043964385986,1.145872950553894,0.028320901095867157,0.5895164012908936,0.13582614064216614
36,5,1.10659051630646,0.9539233446121216,1.147230863571167,0.014962674118578434,0.5503434538841248,0.121053546667099
36,6,0.9120818644762039,0.9540941119194031,1.146929144859314,0.01125328242778778,0.3558221161365509,0.12480181455612183
36,7,0.7308088919147849,0.9537617564201355,1.1470961570739746,0.01037802454084158,0.18847879767417908,0.11178048700094223
36,8,0.7478426614776255,0.954529881477356,1.1458196640014648,0.009946943260729313,0.17141617834568024,0.14640963077545166
36,9,0.783888004347682,0.9556974172592163,1.1465245485305786,0.011933652684092522,0.2045542597770691,0.1469556987285614
36,10,0.7227971009910107,0.9581816792488098,1.1462727785110474,0.010398667305707932,0.1674426645040512,0.12406487762928009
36,11,0.6898887256160379,0.9582881331443787,1.1460602283477783,0.010514871217310429,0.13020823895931244,0.12829594314098358
36,12,0.7124226992949844,0.9588114023208618,1.1453900337219238,0.01016730722039938,0.13001923263072968,0.15139587223529816
36,13,0.6910741249099375,0.9583771824836731,1.1468822956085205,0.010741502977907658,0.08616116642951965,0.17311955988407135
36,14,0.676305322907865,0.9581971168518066,1.1470162868499756,0.011164612136781216,0.08581186085939407,0.1582861691713333
36,15,0.6534750111401081,0.9570297598838806,1.1470459699630737,0.011234443634748459,0.10208751261234283,0.11933790892362595
36,16,0.6597414784133434,0.9576298594474792,1.1469346284866333,0.009798970073461533,0.09855024516582489,0.1304793655872345
36,17,0.6614890106022357,0.9575949907302856,1.1470513343811035,0.009320419281721115,0.09421441704034805,0.1370249092578888
36,18,0.6922784108668566,0.9575946927070618,1.1470504999160767,0.009748870506882668,0.10850029438734055,0.15310020744800568
36,19,0.6722329856827856,0.9580330848693848,1.1481711864471436,0.010176864452660084,0.09871529042720795,0.14209997653961182
36,20,0.6758210778236389,0.9579852223396301,1.1479971408843994,0.009463325142860413,0.10106100142002106,0.14410027861595154
36,21,0.5987014167010785,0.9586555361747742,1.1473392248153687,0.010116077959537506,0.060995835810899734,0.10639055073261261
36,22,0.6340610107406974,0.959177553653717,1.1461883783340454,0.010831079445779324,0.0772755816578865,0.12488116323947906
36,23,0.6603245606645942,0.9596965312957764,1.1458944082260132,0.010560757480561733,0.06957925111055374,0.1590663641691208
36,24,0.624005326628685,0.9585402607917786,1.1454451084136963,0.010172486305236816,0.04893280565738678,0.14410296082496643
37,0,33.585780668258664,0.9554615020751953,4.835197925567627,24.410293579101562,5.830446243286133,2.1869089603424072
37,1,29.890402793884277,0.9554615020751953,3.9905176162719727,22.418651580810547,5.388875961303711,1.093679428100586
37,2,25.541231191158296,0.977541983127594,3.2411885261535645,22.721498489379883,1.7713706493377686,0.20461595058441162
37,3,23.65536339879036,0.9565153121948242,2.674175500869751,21.34178352355957,1.3342894315719604,0.2531522810459137
37,4,3.4904221680015324,0.9599932432174683,1.899290680885315,0.01556568406522274,2.591301441192627,0.3116982579231262
37,5,1.4940167026594282,0.9601162672042847,1.6406559944152832,0.011548210866749287,0.6210582852363586,0.3412557542324066
37,6,1.1486068185418845,0.9578929543495178,1.4627859592437744,0.011429926380515099,0.4329252541065216,0.22011585533618927
37,7,0.9072977714240551,0.9581831097602844,1.2520647048950195,0.014630060642957687,0.311531662940979,0.13908648490905762
37,8,0.938048093393445,0.9590691328048706,1.199304223060608,0.020590992644429207,0.32694071531295776,0.15884171426296234
37,9,0.7115841448307038,0.958864152431488,1.1673364639282227,0.021354474127292633,0.11075463145971298,0.15423491597175598
37,10,0.6965297490358353,0.958827793598175,1.1434112787246704,0.023270167410373688,0.11994954198598862,0.13286222517490387
37,11,0.6667105603963137,0.9589008092880249,1.1404614448547363,0.022453950718045235,0.09901727735996246,0.12536688148975372
37,12,0.6910907719284296,0.9590407013893127,1.1400015354156494,0.020137028768658638,0.14644525945186615,0.10470003634691238
37,13,0.6407462552189828,0.9588609337806702,1.1418017148971558,0.026010282337665558,0.09291534125804901,0.10168810188770294
37,14,0.6089261628687382,0.9588537812232971,1.1426093578338623,0.022948969155550003,0.0910474956035614,0.07463707029819489
37,15,0.5614009026437998,0.957954466342926,1.144210696220398,0.026947131380438805,0.036818113178014755,0.07720262557268143
37,16,0.5640308920294046,0.958956778049469,1.1451730728149414,0.024638498201966286,0.04169546812772751,0.07687095552682877
37,17,0.5513253945857286,0.9589448571205139,1.1461148262023926,0.021273477002978325,0.04575216397643089,0.06328781694173813
37,18,0.5537958685308695,0.9608071446418762,1.1457661390304565,0.024313604459166527,0.04655543342232704,0.06161217391490936
37,19,0.5436029573902488,0.9581263661384583,1.1443204879760742,0.011648601852357388,0.051197800785303116,0.06026718392968178
37,20,0.5535688757896423,0.9578818082809448,1.145761489868164,0.013231705874204636,0.03865264728665352,0.0809558629989624
37,21,0.5506739787757396,0.9578760266304016,1.1451739072799683,0.013722341507673264,0.05459166690707207,0.061749983578920364
37,22,0.5446686932817102,0.959075391292572,1.1443188190460205,0.01307628396898508,0.0528450608253479,0.05806850641965866
37,23,0.5444135956466198,0.9586480855941772,1.143649697303772,0.012698575854301453,0.04130765423178673,0.06994780898094177
37,24,0.5488019786775112,0.9586641192436218,1.1440361738204956,0.016378138214349747,0.038968898355960846,0.07291488349437714
38,0,30.020099329948426,0.9554615020751953,4.835197925567627,20.583866119384766,6.656705379486084,1.6213959455490112
38,1,29.43707666397095,0.9547460079193115,3.987347364425659,21.663156509399414,5.777356147766113,1.0081453323364258
38,2,22.984490060806273,0.954745352268219,3.2968108654022217,19.890750885009766,1.8925127983093262,0.3509151339530945
38,3,22.77513545155525,0.9590534567832947,2.73348331451416,21.004505157470703,0.8535090088844299,0.17861393094062805
38,4,1.385732190310955,0.9560089111328125,1.9536986351013184,0.1082625761628151,0.6333444118499756,0.062183693051338196
38,5,1.11953065097332,0.9570275545120239,1.6955629587173462,0.11415373533964157,0.44323426485061646,0.03162454813718796
38,6,0.9797243475914001,0.9570475816726685,1.5070096254348755,0.019790027290582657,0.43480053544044495,0.032322343438863754
38,7,0.9571400657296181,0.9545689821243286,1.2766468524932861,0.02654392272233963,0.4152830243110657,0.06906995177268982
38,8,0.9857272200286389,0.9561230540275574,1.2143681049346924,0.02377517893910408,0.4844365417957306,0.04341726750135422
38,9,0.9652995467185974,0.9560496807098389,1.17763090133667,0.020575273782014847,0.4574994444847107,0.060488712042570114
38,10,0.9877338815480471,0.9547163248062134,1.1440455913543701,0.013939918950200081,0.4633026719093323,0.09073890745639801
38,11,0.8274023393169045,0.9546071887016296,1.140260934829712,0.014862150885164738,0.30319085717201233,0.09037570655345917
38,12,1.015898836404085,0.9546098709106445,1.1402807235717773,0.014499682933092117,0.46005892753601074,0.12236210703849792
38,13,0.6709675941616297,0.9550198912620544,1.145255446434021,0.010812947526574135,0.10023120045661926,0.1398683786392212
38,14,0.6765430284664036,0.9547833204269409,1.1467058658599854,0.010838429443538189,0.09744605422019958,0.14796070754528046
38,15,0.6985205734148622,0.9548214077949524,1.1461390256881714,0.010024831630289555,0.09143155068159103,0.1768721044063568
38,16,0.5197253651916981,0.9541064500808716,1.1475820541381836,0.009932197630405426,0.05579284578561783,0.033662620931863785
38,17,0.5562498845160008,0.9540995955467224,1.1490346193313599,0.010720428079366684,0.08347976952791214,0.04142284393310547
38,18,0.5659977056086063,0.9540975689888,1.1483663320541382,0.010083917528390884,0.07880336791276932,0.05661763995885849
38,19,0.6314560402184726,0.9543268084526062,1.1481491327285767,0.008879723027348518,0.09602160006761551,0.10605952888727188
38,20,0.6074901247397065,0.9544751048088074,1.147760272026062,0.011795886792242527,0.0932956263422966,0.08195153623819351
38,21,0.6240528382360935,0.9552307724952698,1.1459194421768188,0.009376581758260727,0.08364512771368027,0.1108010858297348
38,22,0.6791571395471692,0.9551677107810974,1.1456427574157715,0.011498321779072285,0.07877174019813538,0.16872498393058777
39,0,32.410005676746366,0.9533006548881531,1.142220377922058,23.10353660583496,6.387124061584473,2.5002408027648926
39,1,28.807610356807707,0.9562102556228638,1.148739218711853,23.109758377075195,4.416165828704834,0.8606962561607361
39,2,25.488493156433105,0.9544885158538818,1.1452362537384033,22.513715744018555,1.8671987056732178,0.687633752822876
39,3,25.625939095020293,0.9529412388801575,1.1420104503631592,21.212379455566406,1.9571928977966309,2.0373764038085938
39,4,3.944844515621662,0.9525967240333557,1.1455998420715332,0.05592796951532364,0.2585237920284271,3.2107534408569336
39,5,4.11882928237319,0.9540733695030212,1.1449753046035767,0.03785852715373039,0.16166432201862335,3.4994966983795166
39,6,0.9903217248618603,0.9536479115486145,1.1459083557128906,0.03331587836146355,0.1265052855014801,0.4105893075466156
39,7,0.9301413424313069,0.9539009928703308,1.147347331047058,0.022478986531496048,0.10885241627693176,0.37856027483940125
39,8,0.8220722880214453,0.9532756805419922,1.1472575664520264,0.019983192905783653,0.0552310049533844,0.3267514407634735
39,9,0.7525883555412293,0.9534935355186462,1.1472654342651367,0.01757865771651268,0.05141598358750343,0.26344192028045654
39,10,0.6773763995617629,0.9533382654190063,1.1464431285858154,0.016006728634238243,0.05145684629678726,0.18995654582977295
39,11,0.7760986506938935,0.9542339444160461,1.1459077596664429,0.017369721084833145,0.05035632476210594,0.28834426403045654
39,12,0.7691024312749506,0.9544346928596497,1.1460331678390503,0.015511908568441868,0.03342827409505844,0.3000686764717102
39,13,0.6948753993958235,0.9532369375228882,1.1451616287231445,0.013769561424851418,0.0251888670027256,0.23623725771903992
39,14,0.6554885432124138,0.9532654285430908,1.1443138122558594,0.01907666027545929,0.03967411071062088,0.17722192406654358
39,15,0.6200660634785891,0.953507125377655,1.1437809467315674,0.019396552816033363,0.03825601190328598,0.14295588433742523
39,16,0.5477113015949726,0.9538900256156921,1.1436489820480347,0.015921030193567276,0.029343903064727783,0.08293856680393219
39,17,0.7331856595352292,0.9538504481315613,1.1436222791671753,0.014405769295990467,0.2012423723936081,0.09804297238588333
39,18,0.7540795747190714,0.9543040990829468,1.1437996625900269,0.01582297869026661,0.20482321083545685,0.1138126328587532
39,19,0.6947315275669098,0.9539862871170044,1.1431633234024048,0.015237368643283844,0.14156852662563324,0.11849571019411087
39,20,0.6834013924002648,0.9539906978607178,1.1432262659072876,0.009507805109024048,0.11013533920049667,0.14431485533714294
39,21,0.6349259382113814,0.9538702964782715,1.1432249546051025,0.010147779248654842,0.09563110023736954,0.10972800850868225
39,22,0.6873577099293471,0.9548543691635132,1.1432478427886963,0.010599812492728233,0.166587695479393,0.0905497595667839
40,0,34.517784643173215,0.9554615020751953,4.835197925567627,24.168174743652344,6.880731105804443,2.310746908187866
40,1,6.363397042453289,0.9526052474975586,4.835197925567627,0.04313718527555466,4.097416877746582,1.0652823448181152
40,2,5.333676967024803,0.952606201171875,3.9890565872192383,0.036759987473487854,4.080420970916748,0.2281634509563446
40,3,1.346595459058881,0.9528270363807678,3.2801060676574707,0.028271423652768135,0.30746400356292725,0.16427341103553772
40,4,1.4611019141972066,0.9525787830352783,2.2702877521514893,0.06096697226166725,0.5948591232299805,0.16070251166820526
40,5,1.698425531387329,0.9523654580116272,1.9268181324005127,0.07105705142021179,0.8841174244880676,0.1674143373966217
40,6,1.307714243233204,0.9533621668815613,1.6683255434036255,0.08538991957902908,0.5566291213035583,0.1413576602935791
40,7,1.1178664728999137,0.9580809473991394,1.3483712673187256,0.08976037055253983,0.3992156982421875,0.16759996116161346
40,8,1.0696965858340264,0.9581345319747925,1.26140558719635,0.10058493167161942,0.3711189031600952,0.1540847271680832
40,9,1.051040767133236,0.9587910175323486,1.207217812538147,0.082337386906147,0.387227326631546,0.1482742875814438
40,10,0.9975035801529885,0.9602319002151489,1.151516079902649,0.08585918694734573,0.3144708573818207,0.17482393980026245
40,11,0.9287871047854424,0.9610256552696228,1.143186092376709,0.0867433175444603,0.2708154022693634,0.1503860354423523
40,12,0.968037697672844,0.9610433578491211,1.1404610872268677,0.061853572726249695,0.3302602767944336,0.1556229591369629
40,13,0.8251488953828812,0.9601001143455505,1.1413960456848145,0.07421520352363586,0.1764472872018814,0.1541871726512909
40,14,0.843484602868557,0.9605342149734497,1.1439836025238037,0.08110762387514114,0.17464399337768555,0.1668294221162796
40,15,0.9070498790591955,0.9605079293251038,1.1472492218017578,0.021206771954894066,0.3022756278514862,0.16201604902744293
40,16,0.6991058660671114,0.9610679745674133,1.1475346088409424,0.013411293737590313,0.12273895740509033,0.1412350982427597
40,17,0.7308430578559637,0.959746778011322,1.1495862007141113,0.013256868347525597,0.1329566091299057,0.16276298463344574
40,18,0.6985746659338474,0.959841787815094,1.149978756904602,0.012210588902235031,0.12231706827878952,0.14208289980888367
40,19,0.6917978908866644,0.9604191780090332,1.1521127223968506,0.011936856433749199,0.09907130151987076,0.15828335285186768
40,20,0.653350954502821,0.9601751565933228,1.1487910747528076,0.012759711593389511,0.10660374164581299,0.1121942549943924
40,21,0.6546882631257176,0.9591485857963562,1.148801326751709,0.011762057431042194,0.09931724518537521,0.1220189779996872
40,22,0.6616386409848929,0.9590516090393066,1.1488347053527832,0.011984428390860558,0.08041973412036896,0.14765721559524536
40,23,0.637777934037149,0.9587284922599792,1.1490830183029175,0.011472082696855068,0.08024679869413376,0.12449675053358078
40,24,0.6795571930706501,0.9578349590301514,1.1489126682281494,0.01057766005396843,0.09931609779596329,0.14831390976905823
41,0,29.516978788375855,0.9554615020751953,4.835197925567627,20.93147087097168,5.161596298217773,2.265779733657837
41,1,30.322652196884157,0.9624994397163391,3.987403631210327,22.963468551635742,5.4865264892578125,0.8826765418052673
41,2,27.646935713291168,0.9596862196922302,3.2955079078674316,21.26401138305664,4.7666096687316895,0.7652758359909058
41,3,22.19564554691315,0.9597030282020569,2.7326958179473877,19.199424743652344,1.5387513637542725,0.7189896702766418
41,4,2.2551378831267357,0.9630613923072815,1.9576421976089478,0.03408678621053696,0.8376818895339966,0.7992284893989563
41,5,2.123936546780169,0.9619892835617065,1.7008867263793945,0.014723480679094791,0.5458979606628418,1.0307399034500122
41,6,2.275768996402621,0.9612200856208801,1.5047539472579956,0.012918127700686455,0.5535533428192139,1.2161027193069458
41,7,2.3533948309719563,0.9598828554153442,1.2779346704483032,0.010188568383455276,0.5487847328186035,1.346858024597168
41,8,2.703722139261663,0.9586670994758606,1.2185918092727661,0.009474261663854122,0.6276001930236816,1.6311959028244019
41,9,2.747090650908649,0.9569954872131348,1.1798491477966309,0.01070424448698759,0.6915255188941956,1.6174919605255127
41,10,1.4644488897174597,0.9557051658630371,1.1468087434768677,0.010046740993857384,0.6823598742485046,0.3515394926071167
41,11,1.0897150129079818,0.9572063684463501,1.1416878700256348,0.009941980242729187,0.33919450640678406,0.32079967856407166
41,12,0.9144082861021161,0.9573118090629578,1.1400281190872192,0.009804894216358662,0.19778382778167725,0.2873515784740448
41,13,0.7107996644452215,0.956609308719635,1.1414282321929932,0.009348695166409016,0.1220107302069664,0.15983273088932037
41,14,0.6495550787076354,0.9576473832130432,1.1441301107406616,0.010937712155282497,0.10160403698682785,0.11665783077478409
41,15,0.6104294333606959,0.9575694799423218,1.1450221538543701,0.009236114099621773,0.06954764574766159,0.1111273467540741
41,16,0.5877214297652245,0.9582715034484863,1.1455399990081787,0.010371856391429901,0.05415334552526474,0.10243392735719681
41,17,0.5827330596745014,0.9582691192626953,1.1457717418670654,0.009510960429906845,0.05245798081159592,0.09995594620704651
41,18,0.617182525061071,0.9592655897140503,1.1467700004577637,0.009556571952998638,0.044593874365091324,0.14182496070861816
41,19,0.6037109365686775,0.9591814279556274,1.147800087928772,0.010292171500623226,0.04319979250431061,0.1288226693868637
41,20,0.548727721348405,0.9592111110687256,1.1495832204818726,0.011112814769148827,0.044775571674108505,0.07108046859502792
41,21,0.5532102754339576,0.9577161073684692,1.1476942300796509,0.009670070372521877,0.046315066516399384,0.07614307105541229
41,22,0.499900471046567,0.9570221304893494,1.1467880010604858,0.009788980707526207,0.04088714346289635,0.028462320566177368
42,0,32.01663048267365,0.9558287858963013,1.1524027585983276,24.115171432495117,5.495190620422363,1.9846221208572388
42,1,14.102646887302399,0.9558287858963013,1.1406543254852295,7.936073303222656,5.352626323699951,0.3946506381034851
42,2,11.180814641714097,0.9686173796653748,1.1416969299316406,8.976373672485352,1.3432358503341675,0.43914225697517395
42,3,10.907583874464034,0.9669434428215027,1.1450190544128418,9.172033309936523,0.940618634223938,0.3725394308567047
42,4,1.6985289128497243,0.9548615217208862,1.1468286514282227,0.012367811985313892,0.8342368602752686,0.43158620595932007
42,5,1.4086077574640512,0.9548598527908325,1.1473045349121094,0.010783294215798378,0.7337232828140259,0.2436683028936386
42,6,1.3758426418527963,0.9539803266525269,1.1475051641464233,0.011492683552205563,0.7056054472923279,0.2384474128484726
42,7,1.3728868341073395,0.9556474685668945,1.1477043628692627,0.010387635789811611,0.775121808052063,0.16670702397823334
42,8,1.6884330173954367,0.9555912017822266,1.1484137773513794,0.012973113916814327,0.9326766729354858,0.3219822347164154
42,9,1.4741817535832524,0.9559705257415771,1.1480633020401,0.011917618103325367,0.7967993021011353,0.24465806782245636
42,10,1.5719902267679573,0.956175684928894,1.1467344760894775,0.011301382444798946,0.8913458585739136,0.24876095354557037
42,11,1.5111041098833085,0.9561793208122253,1.145963191986084,0.01297055184841156,0.8543400764465332,0.22336497902870178
42,12,1.287511583417654,0.9560412764549255,1.1454960107803345,0.010926108807325363,0.7179693579673767,0.13830865919589996
42,13,1.267011591233313,0.9552028179168701,1.1440602540969849,0.010046401061117649,0.650809109210968,0.18630346655845642
42,14,1.1873793501406908,0.9545701742172241,1.143588662147522,0.012149544432759285,0.5545287728309631,0.20106926560401917
42,15,1.214088723808527,0.9545789957046509,1.143739104270935,0.010357115417718887,0.5968003869056702,0.18726760149002075
42,16,1.0726626571267843,0.9550971388816833,1.1440011262893677,0.011717570945620537,0.5670744180679321,0.07405101507902145
42,17,1.0697904430329799,0.9550105929374695,1.1446099281311035,0.010811451822519302,0.5545284152030945,0.08452647179365158
42,18,1.1358266975730658,0.9550091624259949,1.1451005935668945,0.011945685371756554,0.6364346742630005,0.06742438673973083
42,19,1.0443479020148516,0.9560359120368958,1.1449979543685913,0.011762024834752083,0.5432267785072327,0.06915232539176941
42,20,0.9603943660855294,0.9554810523986816,1.1445960998535156,0.011693254113197327,0.4522988796234131,0.07638680189847946
42,21,1.026236248202622,0.9554843902587891,1.1447240114212036,0.011355374939739704,0.5062912702560425,0.08854792267084122
42,22,1.0238126127049327,0.9545993208885193,1.1449748277664185,0.010774205438792706,0.5110840201377869,0.08203955739736557
42,23,1.0278150679543614,0.954933762550354,1.144839882850647,0.011340123601257801,0.5034666657447815,0.09305354952812195
42,24,0.988558785431087,0.9546035528182983,1.1444388628005981,0.010538133792579174,0.49518081545829773,0.06303135305643082
43,0,33.21083931922912,0.9554615020751953,4.835197925567627,22.21074676513672,6.277835369110107,3.5641252994537354
43,1,33.02112894058227,0.9522205591201782,3.9875283241271973,24.574153900146484,6.265885353088379,1.193139910697937
43,2,28.23110049366951,0.9520782828330994,3.302412271499634,22.43366050720215,4.640690803527832,0.3058510720729828
43,3,23.50248396396637,0.9520788192749023,2.7600913047790527,18.864974975585938,3.6089518070220947,0.2861231565475464
43,4,1.6203175015747546,0.9536611437797546,1.9711588621139526,0.03512800112366676,0.7509702444076538,0.2492552548646927
43,5,1.4603312663733958,0.9572411775588989,1.706838607788086,0.024942975491285324,0.6702690720558167,0.23230326175689697
43,6,1.7485740864649415,0.9572457075119019,1.5135360956192017,0.011382498778402805,1.0023887157440186,0.24064651131629944
43,7,1.1929507099092007,0.9552727341651917,1.2781436443328857,0.00971139594912529,0.4986196756362915,0.2379363626241684
43,8,1.0058283392339944,0.9562817811965942,1.2202165126800537,0.0097701046615839,0.33624401688575745,0.22451455891132355
43,9,1.0584597563371063,0.9575837850570679,1.1807827949523926,0.0104116415604949,0.3452436029911041,0.2751311957836151
43,10,0.9766984168440104,0.95598304271698,1.1465834379196167,0.010497445240616798,0.31081515550613403,0.23487251996994019
43,11,1.0703490279614924,0.9559113383293152,1.1414453983306885,0.01109355315566063,0.3360462784767151,0.3037378489971161
43,12,0.9562669882550836,0.9577337503433228,1.1400054693222046,0.010272310115396976,0.28237950801849365,0.24406732618808746
43,13,0.9950227567926049,0.9578499794006348,1.1413002014160156,0.00950396154075861,0.2920105457305908,0.2736782133579254
43,14,0.9414301136508585,0.9573398232460022,1.1424062252044678,0.010070295073091984,0.17808611690998077,0.33332449197769165
43,15,0.9293217515572906,0.9582483768463135,1.144018292427063,0.00960072036832571,0.1819663643836975,0.31730133295059204
43,16,0.8367509722709656,0.9570810794830322,1.146699070930481,0.010279521346092224,0.15695355832576752,0.2487618625164032
43,17,0.8365633511915803,0.9570665955543518,1.1489101648330688,0.010470972396433353,0.0997166857123375,0.3051803410053253
43,18,0.9066568927839399,0.9571428298950195,1.147611379623413,0.010077212937176228,0.13078443706035614,0.34484440088272095
43,19,0.9045317901298404,0.9570315480232239,1.148221731185913,0.009838308207690716,0.12708216905593872,0.34656065702438354
43,20,0.8629213301464915,0.9569979310035706,1.1460717916488647,0.010531696490943432,0.12713304162025452,0.3046426475048065
43,21,0.8026520803570747,0.956027090549469,1.1459075212478638,0.011029712855815887,0.10191892087459564,0.26931652426719666
43,22,0.8302158182486892,0.9563585519790649,1.1454001665115356,0.009497775696218014,0.09185310453176498,0.30851319432258606
43,23,0.8984139336273075,0.9563326239585876,1.1451448202133179,0.010306882672011852,0.10485837608575821,0.36295318603515625
43,24,0.7890935016795992,0.9566479921340942,1.1437908411026,0.008735629729926586,0.09349077194929123,0.2667793333530426
44,0,31.392832565307618,0.9554615020751953,4.835197925567627,21.528045654296875,6.422363758087158,2.2842912673950195
44,1,16.318685483932494,0.9554615020751953,3.9878149032592773,9.580134391784668,5.268998146057129,0.4808976650238037
44,2,15.5554650247097,0.9589547514915466,3.308236598968506,11.081974983215332,3.2586312294006348,0.36142054200172424
44,3,13.62645782455802,0.952229380607605,2.7403149604797363,10.234435081481934,2.5999579429626465,0.0535559318959713
44,4,1.7202215855941176,0.9527173638343811,1.9440972805023193,0.014598510228097439,1.0344996452331543,0.09176050126552582
44,5,1.5590448392555118,0.9527419805526733,1.6800111532211304,0.01322439219802618,0.9602029323577881,0.05906688794493675
44,6,0.718357651680708,0.953138530254364,1.492313027381897,0.012152817100286484,0.13496708869934082,0.08214743435382843
44,7,0.6778966939076781,0.9540529251098633,1.2640953063964844,0.01125901099294424,0.1463988870382309,0.07660914957523346
44,8,0.6507060540840031,0.9540396332740784,1.2065329551696777,0.010311159305274487,0.12092514336109161,0.08735523372888565
44,9,0.6227549593895674,0.9550033807754517,1.1732436418533325,0.00975789688527584,0.11021609604358673,0.07713156193494797
44,10,1.4232091644778848,0.9548589587211609,1.1449172496795654,0.012040414847433567,0.10414666682481766,0.8870668411254883
44,11,1.282817903161049,0.9548500776290894,1.141055703163147,0.010268345475196838,0.08592098951339722,0.7674474120140076
44,12,1.268909376487136,0.955344557762146,1.1400041580200195,0.010394593700766563,0.07804881036281586,0.7613962292671204
44,13,1.2787383945658803,0.955609142780304,1.1410801410675049,0.010787476785480976,0.06703314930200577,0.7815799117088318
44,14,1.2203287955373525,0.9563556909561157,1.1419165134429932,0.009613333269953728,0.08920738846063614,0.7018536329269409
44,15,1.3247762056067587,0.9563486576080322,1.143186092376709,0.009467651136219501,0.08142895251512527,0.8139726519584656
45,0,32.346545124053954,0.9580892324447632,1.1403263807296753,23.61741065979004,6.271605491638184,2.0378458499908447
45,1,26.153623139858247,0.9520942568778992,1.1718864440917969,21.140357971191406,3.8687992095947266,0.7196698188781738
45,2,28.146281665563585,0.9526088237762451,1.1560418605804443,24.89532470703125,2.3814311027526855,0.44779571890830994
45,3,19.19179173707962,0.9526009559631348,1.1568242311477661,14.714600563049316,3.3368732929229736,0.7184328436851501
45,4,1.8525532690808177,0.957101583480835,1.1481132507324219,0.014829191379249096,0.5398213863372803,0.876859724521637
45,5,1.5115194369107485,0.9552581906318665,1.149146318435669,0.012286247685551643,0.22210116684436798,0.8562511205673218
45,6,1.664195710234344,0.9552991390228271,1.1498074531555176,0.01292081456631422,0.2587873935699463,0.9714661836624146
45,7,1.496392510086298,0.9542734622955322,1.1474401950836182,0.010898102074861526,0.23390714824199677,0.8312445282936096
45,8,1.5563081502914429,0.9545317888259888,1.1476656198501587,0.011345356702804565,0.17341241240501404,0.9511108994483948
45,9,1.103307751007378,0.9551346302032471,1.1474144458770752,0.010451302863657475,0.05139927193522453,0.6209473609924316
45,10,1.0931400967761875,0.9571298956871033,1.144257664680481,0.009650791995227337,0.08746924996376038,0.5757425427436829
45,11,1.1576206408441068,0.9561084508895874,1.1451321840286255,0.009441416710615158,0.07063277065753937,0.6572983264923096
45,12,1.064998048916459,0.956905722618103,1.144201636314392,0.010461976751685143,0.05838597193360329,0.5759286284446716
45,13,0.9994430733844638,0.9576583504676819,1.1441764831542969,0.009645483456552029,0.05389389768242836,0.5155367255210876
45,14,0.968153684027493,0.9584989547729492,1.1442123651504517,0.010122631676495075,0.049338072538375854,0.4881507158279419
45,15,1.0093912202864885,0.958288311958313,1.1444586515426636,0.011308977380394936,0.03835096210241318,0.5391818881034851
45,16,0.5539171952754259,0.9585509896278381,1.1446213722229004,0.010682137683033943,0.050587497651576996,0.07201308757066727
45,17,0.5319776313379407,0.9575251340866089,1.1441962718963623,0.010020834393799305,0.04429468885064125,0.0573178268969059
45,18,0.5756971806287765,0.9567376971244812,1.143314003944397,0.011146292090415955,0.0809515044093132,0.06358904391527176
45,19,0.5015976930037142,0.9567524194717407,1.1438384056091309,0.011627891100943089,0.023631639778614044,0.046219997107982635
45,20,0.5219290137290955,0.9567614793777466,1.1438792943954468,0.01040942594408989,0.04107394814491272,0.05031748488545418
45,21,0.5337577387690544,0.9563228487968445,1.1439508199691772,0.010126341134309769,0.041138533502817154,0.062438130378723145
45,22,0.532732829079032,0.956337034702301,1.1442514657974243,0.010501699522137642,0.03809717670083046,0.06401625275611877
45,23,0.5363552197813988,0.9563373923301697,1.1445233821868896,0.009622842073440552,0.04011671990156174,0.06644350290298462
45,24,0.5233515251427889,0.9561590552330017,1.1443902254104614,0.011003250256180763,0.03425031900405884,0.05798809975385666
46,0,31.84867696762085,0.9554615020751953,4.835197925567627,23.354366302490234,5.115734100341797,2.220444679260254
46,1,26.79476746916771,0.9554615020751953,3.988121509552002,19.484149932861328,5.962918281555176,0.358982652425766
46,2,23.505861634016036,0.9534416794776917,3.271613121032715,20.55449104309082,1.8127917051315308,0.2935679256916046
46,3,23.324940299987794,0.9588383436203003,2.7211713790893555,20.722856521606445,1.606131911277771,0.2599499225616455
46,4,3.4728513587266208,0.9556019306182861,1.9412486553192139,0.017863737419247627,1.0342071056365967,1.8414103984832764
46,5,3.9648337837308647,0.9556021690368652,1.686400294303894,0.012641286477446556,1.2147148847579956,2.2090771198272705
46,6,4.5914142318069935,0.957687258720398,1.4942082166671753,0.012483377009630203,1.1181573867797852,2.9703943729400635
46,7,4.493582928925752,0.9549604058265686,1.2728378772735596,0.01027684286236763,1.1016592979431152,2.936087131500244
46,8,3.8817784575745464,0.955015242099762,1.2152961492538452,0.010181370191276073,1.0431623458862305,2.3943724632263184
46,9,2.7906477799639107,0.954780638217926,1.1784435510635376,0.011247514747083187,0.664570689201355,1.6881847381591797
46,10,3.2239893928170202,0.9554107189178467,1.145665168762207,0.010088182985782623,0.5474790334701538,2.2462069988250732
46,11,2.743956182524562,0.9554117918014526,1.140873908996582,0.01156061701476574,0.5157434344291687,1.7973949909210205
46,12,2.6100099135190247,0.955154538154602,1.1399978399276733,0.010882632806897163,0.5182316899299622,1.6618651151657104
46,13,0.7498568594455719,0.9547969698905945,1.142001748085022,0.011110346764326096,0.2780727446079254,0.0413140244781971
46,14,0.688072513602674,0.9550960659980774,1.1432181596755981,0.010437878780066967,0.22049738466739655,0.03747440502047539
46,15,0.6470763925462961,0.9551258087158203,1.1441748142242432,0.01012195460498333,0.195680171251297,0.021414142102003098
46,16,0.6750048885121942,0.9560180306434631,1.1442350149154663,0.009352178312838078,0.16538472473621368,0.0802173763513565
46,17,0.6258880332112313,0.95701003074646,1.1443414688110352,0.010700888931751251,0.1250298172235489,0.06988702714443207
46,18,0.6527590915560723,0.9569167494773865,1.1444525718688965,0.011021088808774948,0.16287709772586823,0.05858704075217247
46,19,0.6088498303666712,0.9566665887832642,1.1466798782348633,0.010202930308878422,0.10235215723514557,0.0756254494190216
46,20,0.5944018572568893,0.9560489654541016,1.1471216678619385,0.010403111577033997,0.09450654685497284,0.0688580721616745
46,21,0.6020608425140381,0.9561066031455994,1.146568775177002,0.011208303272724152,0.10345406085252762,0.06686340272426605
46,22,0.6001405095681549,0.9565190672874451,1.1455086469650269,0.010298228822648525,0.10440116375684738,0.06503557413816452
46,23,0.6094239849597216,0.9559717178344727,1.1460286378860474,0.011618295684456825,0.09062989801168442,0.08677572011947632
46,24,0.6098923886194825,0.9559586644172668,1.146750807762146,0.010572739876806736,0.09368180483579636,0.08509594947099686
47,0,30.612809586524964,0.9554615020751953,4.835197925567627,20.71998405456543,6.8888258934021,1.8458677530288696
47,1,23.58363102003932,0.9528353214263916,3.9883229732513428,19.553871154785156,2.9842231273651123,0.05730507895350456
47,2,1.3648388780653478,0.9570106267929077,3.301503896713257,0.06097988411784172,0.36489900946617126,0.08725707978010178
47,3,1.7090802758932115,0.9598989486694336,2.733344078063965,0.04240161180496216,0.7293860912322998,0.19864396750926971
47,4,1.1321380138397217,0.9586428999900818,1.9502220153808594,0.043589964509010315,0.2918812036514282,0.2148938626050949
47,5,1.0780682988464831,0.9588896036148071,1.703540325164795,0.04892409220337868,0.30308032035827637,0.19357790052890778
47,6,1.2679655760526658,0.9588934183120728,1.5108952522277832,0.04037950932979584,0.2897389233112335,0.44388940930366516
47,7,0.9721856400370599,0.9595978856086731,1.2827707529067993,0.017872534692287445,0.30347150564193726,0.2023678719997406
47,8,0.9862563397735358,0.9558315873146057,1.2191388607025146,0.018364479765295982,0.19612747430801392,0.33677029609680176
47,9,0.8987166497856378,0.955070436000824,1.1779491901397705,0.016335541382431984,0.08195118606090546,0.3738259971141815
47,10,0.7006806116551161,0.9550144076347351,1.1464269161224365,0.025229861959815025,0.07850689440965652,0.1766555905342102
47,11,0.6033120956271887,0.9560583233833313,1.1414681673049927,0.02087978832423687,0.05647528916597366,0.10645171999931335
47,12,0.5614885412156582,0.9567474126815796,1.1400067806243896,0.020502276718616486,0.05722372606396675,0.0644116997718811
47,13,0.5706701572984457,0.9564065933227539,1.1411155462265015,0.019292371347546577,0.05729100480675697,0.07458235323429108
47,14,0.5694078452885152,0.9552165269851685,1.1418696641921997,0.01679249480366707,0.04706219583749771,0.08613591641187668
47,15,0.5570300552994013,0.954936146736145,1.1425049304962158,0.01914297603070736,0.054820019751787186,0.06357884407043457
47,16,0.5899646254256368,0.9547922611236572,1.1430128812789917,0.008866635151207447,0.08670920133590698,0.07482776045799255
47,17,0.5683413699269295,0.9544387459754944,1.143036127090454,0.009840831160545349,0.0751216858625412,0.06388387829065323
47,18,0.5792272472754121,0.9546706676483154,1.1424072980880737,0.01074060145765543,0.05432920902967453,0.09474184364080429
47,19,0.5991086477413774,0.9541981220245361,1.1420831680297852,0.011298083700239658,0.05400320887565613,0.11455109715461731
47,20,0.6169908866286278,0.9542519450187683,1.1422499418258667,0.009805608540773392,0.06023577228188515,0.12764912843704224
47,21,0.6017660701647402,0.9544731378555298,1.1428495645523071,0.010760520584881306,0.04189293459057808,0.12964807450771332
48,0,25.662208676338196,0.9593493938446045,1.1458896398544312,18.475412368774414,5.257475852966309,1.508272647857666
48,1,24.436772894859313,0.9521195888519287,1.1551433801651,18.748119354248047,4.403853416442871,0.8633475303649902
48,2,12.425806713104247,0.9521170258522034,1.153775930404663,9.397066116333008,2.159862995147705,0.44769901037216187
48,3,12.913837969303131,0.9539101123809814,1.1456384658813477,9.939361572265625,1.6841802597045898,0.8703864216804504
48,4,3.361961308680475,0.9521005153656006,1.153101921081543,0.01177173014730215,2.128441333770752,0.8007077574729919
48,5,3.049487140215933,0.9520973563194275,1.1509994268417358,0.012418904341757298,1.7886773347854614,0.8277715444564819
48,6,3.391106388345361,0.9521849155426025,1.149735689163208,0.01454157568514347,1.8066295385360718,1.1495511531829834
48,7,1.1309512952342629,0.952319860458374,1.1468586921691895,0.012066529132425785,0.4417893886566162,0.25725966691970825
48,8,0.9766000840812922,0.9523038864135742,1.145451307296753,0.01251416839659214,0.3705088496208191,0.1740260273218155
48,9,0.9745226606726647,0.9523031711578369,1.1440001726150513,0.010340504348278046,0.34075212478637695,0.204169362783432
48,10,0.8281634801998735,0.9533516764640808,1.144811749458313,0.010283970274031162,0.24765270948410034,0.15059411525726318
48,11,0.7323403362184764,0.95427405834198,1.1454150676727295,0.010813729837536812,0.20803771913051605,0.09355106204748154
48,12,0.7225208681076765,0.954217791557312,1.1455498933792114,0.01126657985150814,0.22036541998386383,0.07093533128499985
48,13,0.6428178263828159,0.9539679884910583,1.1451659202575684,0.010593595914542675,0.09374229609966278,0.11865515261888504
48,14,0.7408005170524121,0.954632580280304,1.1452851295471191,0.009987499564886093,0.12637080252170563,0.1844586730003357
48,15,0.7478599986061454,0.9545807838439941,1.1449999809265137,0.01089876051992178,0.19281572103500366,0.12422936409711838
48,16,0.6884541185572743,0.9545772671699524,1.1447248458862305,0.00920113641768694,0.12642571330070496,0.13296684622764587
48,17,0.6808906016871333,0.9548904895782471,1.145068883895874,0.009649346582591534,0.1100580021739006,0.14119137823581696
48,18,0.7290407491847873,0.9541974663734436,1.1455579996109009,0.00975161325186491,0.1514604091644287,0.14787763357162476
48,19,0.7684511056169867,0.9547311663627625,1.1451643705368042,0.008935182355344296,0.20003578066825867,0.13950103521347046
49,0,32.41321449279785,0.9554615020751953,4.835197925567627,21.873245239257812,6.9365973472595215,2.445240020751953
49,1,29.458271276950835,0.98232102394104,3.988224506378174,22.001117706298828,5.677396774291992,0.7856476902961731
49,2,24.635807947814463,0.959901750087738,3.293012857437134,22.747146606445312,0.9988491535186768,0.039229266345500946
49,3,20.597657646983862,0.9599429368972778,2.7196216583251953,18.42416763305664,1.3967270851135254,0.04085000976920128
49,4,1.3769666709005834,0.9591557383537292,1.9291948080062866,0.01330883800983429,0.7343354821205139,0.05165224149823189
49,5,1.005625898949802,0.9569640755653381,1.6712946891784668,0.01119850855320692,0.3890649974346161,0.07971064001321793
49,6,1.0848209898918868,0.9569705128669739,1.4779366254806519,0.010128488764166832,0.5044696927070618,0.08324138075113297
49,7,0.7648474290966988,0.9579876065254211,1.2698395252227783,0.009922794997692108,0.2141280174255371,0.09523119032382965
49,8,0.6827618764713407,0.9561697840690613,1.2117910385131836,0.01050491351634264,0.16731572151184082,0.07134907692670822
49,9,0.6278149480000138,0.9551732540130615,1.1777865886688232,0.012056038714945316,0.12646712362766266,0.0626998171210289
49,10,0.6900137703865766,0.9543123841285706,1.14605712890625,0.012015936896204948,0.1863541305065155,0.07156980037689209
49,11,0.6935711802914739,0.9537178874015808,1.1411957740783691,0.011004486121237278,0.2035059630870819,0.06007799878716469
49,12,0.9492259571328759,0.9537679553031921,1.1400220394134521,0.009985984303057194,0.18560975790023804,0.33487221598625183
49,13,0.9345765190199018,0.9539201259613037,1.1414521932601929,0.010566686280071735,0.17651309072971344,0.32842227816581726
49,14,0.9264333184808493,0.9549015164375305,1.1433982849121094,0.011176427826285362,0.12770386040210724,0.3678930699825287
49,15,0.95985870603472,0.9545169472694397,1.1436095237731934,0.009845235385000706,0.12164306640625,0.4087451100349426
50,0,30.280924487113953,0.9554615020751953,4.835197925567627,21.40789031982422,6.173669338226318,1.541232943534851
50,1,15.265964198112489,0.9554615020751953,3.987607955932617,8.212470054626465,5.8419413566589355,0.2229388952255249
50,2,6.13274821639061,0.9554615020751953,3.2937381267547607,0.7045982480049133,4.340082168579102,0.23822787404060364
50,3,2.8524696320295333,0.9590744972229004,2.731527805328369,0.662273108959198,1.2402478456497192,0.21182821691036224
50,4,1.7679068189114333,0.9621717929840088,1.942589521408081,0.020961886271834373,1.0437625646591187,0.12223010510206223
50,5,1.8198116866871716,0.9572317600250244,1.6828347444534302,0.012265029363334179,0.9873749613761902,0.2921583950519562
50,6,1.6628632966428996,0.958210825920105,1.4948853254318237,0.011041903868317604,0.8018642067909241,0.3593379557132721
50,7,2.204095036908984,0.9573583602905273,1.2639615535736084,0.01330302469432354,1.0113165378570557,0.7352114915847778
50,8,2.7163093315437434,0.9573202729225159,1.2037205696105957,0.012192879803478718,1.158262014389038,1.1136462688446045
50,9,1.9281024841591716,0.9583601355552673,1.1670043468475342,0.010682943277060986,0.5915669798851013,0.900779664516449
50,10,2.4908350305631757,0.9555100798606873,1.1416045427322388,0.013471473939716816,0.48263052105903625,1.5753101110458374
50,11,3.1073701905086635,0.9555466771125793,1.140044093132019,0.012157176621258259,0.46085914969444275,2.215235710144043
50,12,2.7494287746027113,0.9544024467468262,1.141649603843689,0.011179615743458271,0.5517095327377319,1.767329216003418
51,0,30.375138521194458,0.9579485654830933,1.1507171392440796,21.811891555786133,5.852430820465088,2.2890830039978027
51,1,24.31150233745575,0.9579485654830933,1.2022888660430908,19.150617599487305,4.14561653137207,0.5832207202911377
51,2,19.490075135231017,0.966751217842102,1.17050039768219,16.672571182250977,1.9508213996887207,0.4392322301864624
51,3,20.403619468212128,0.9628232717514038,1.1570802927017212,17.631818771362305,1.815611720085144,0.532208263874054
51,4,1.4090728320181372,0.9648479223251343,1.1566814184188843,0.06225452199578285,0.4852503538131714,0.43726208806037903
51,5,1.2146399565041066,0.9648104310035706,1.1592745780944824,0.03437473252415657,0.3012583553791046,0.45418986678123474
51,6,1.2250133536756038,0.9648107290267944,1.1577914953231812,0.027183260768651962,0.2400866150856018,0.533223032951355
51,7,0.7987028524279595,0.9603199362754822,1.1542744636535645,0.013231880962848663,0.18469147384166718,0.17786061763763428
51,8,0.8008012561127544,0.9601793885231018,1.154145359992981,0.0139286695048213,0.17997847497463226,0.18402916193008423
51,9,0.8596957225352526,0.9601821303367615,1.155789852142334,0.010677898302674294,0.3159678876399994,0.1098555400967598
51,10,0.7244071863591671,0.9583941698074341,1.1548212766647339,0.009971190243959427,0.22560934722423553,0.06618355959653854
51,11,0.6417978530749678,0.9584426879882812,1.1537944078445435,0.010011027567088604,0.15047813951969147,0.05886126682162285
51,12,0.6181493951007724,0.9578812122344971,1.154201626777649,0.011346305720508099,0.13507844507694244,0.04930807650089264
51,13,0.5687615433707833,0.9577602744102478,1.1534496545791626,0.009566673077642918,0.08182120323181152,0.05513168126344681
51,14,0.561694766022265,0.9558947682380676,1.1543997526168823,0.010391258634626865,0.07101792842149734,0.05822667479515076
51,15,0.5375927729532123,0.9556164741516113,1.1526631116867065,0.009577165357768536,0.05397544428706169,0.05238424614071846
51,16,0.546779078990221,0.9559032917022705,1.1508057117462158,0.010042421519756317,0.03645535930991173,0.07893949747085571
51,17,0.5460810143500567,0.955835223197937,1.149839997291565,0.009776512160897255,0.03275351971387863,0.08241593837738037
51,18,0.5360705511644484,0.9558649063110352,1.1491773128509521,0.010654197074472904,0.03322896733880043,0.07117894291877747
51,19,0.5115386854857207,0.9557852149009705,1.1500235795974731,0.009894227609038353,0.028005484491586685,0.052477214485406876
51,20,0.5276348935440183,0.9558334946632385,1.1507147550582886,0.009007944725453854,0.02671346627175808,0.07060383260250092
51,21,0.5042834347113967,0.9561023712158203,1.1501463651657104,0.010831101797521114,0.02192883938550949,0.050273746252059937
51,22,0.5114418039098382,0.9562214016914368,1.1502128839492798,0.010219414718449116,0.026004794985055923,0.05393073707818985
51,23,0.5132583810016513,0.9562070369720459,1.1504549980163574,0.011280418373644352,0.025136364623904228,0.05550919100642204
51,24,0.5134142654016615,0.9558997750282288,1.1492815017700195,0.00936963688582182,0.02575005032122135,0.05725832283496857
52,0,34.56982283592224,0.9554615020751953,4.835197925567627,23.83082389831543,6.712337017059326,2.868530035018921
52,1,15.980184245109559,0.9554615020751953,3.9870715141296387,8.525771141052246,5.9469451904296875,0.5189613103866577
52,2,15.426603782176972,0.9603459239006042,3.2977776527404785,9.695091247558594,3.842228651046753,1.0376591682434082
52,3,13.224956154823303,0.9605756998062134,2.7503254413604736,7.504966735839844,2.785447835922241,2.192361354827881
52,4,5.517246703803539,0.967415988445282,1.9577170610427856,0.051990263164043427,1.7567626237869263,3.123467206954956
52,5,4.029984020814299,0.9647480249404907,1.7013441324234009,0.022488808259367943,1.9838801622390747,1.4903966188430786
52,6,3.6554080840200185,0.9647186398506165,1.5032991170883179,0.0171570535749197,2.000863790512085,1.143783688545227
52,7,1.6341459181159734,0.9587070345878601,1.2762210369110107,0.015173343941569328,1.0679500102996826,0.10403694957494736
52,8,1.2020924109965563,0.9565529823303223,1.212865948677063,0.01429353840649128,0.6378470659255981,0.11606802046298981
52,9,1.1130945850163698,0.9562203884124756,1.1755987405776978,0.015265772119164467,0.5622751712799072,0.10918981581926346
52,10,1.1871303036808967,0.9566986560821533,1.1443568468093872,0.01093873381614685,0.6341903209686279,0.12179014831781387
52,11,1.2193103067576885,0.9566658735275269,1.1404362916946411,0.010839994996786118,0.6353644728660583,0.15368540585041046
52,12,1.0710771169513464,0.9576570987701416,1.140185832977295,0.012011563405394554,0.5144583582878113,0.12503860890865326
52,13,0.9567083455622196,0.9579485654830933,1.1428028345108032,0.00960293784737587,0.3926694095134735,0.13428571820259094
52,14,1.0692097119987012,0.957947850227356,1.1459410190582275,0.009912844747304916,0.5080202221870422,0.13049887120723724
52,15,1.1098382975906134,0.9569057822227478,1.1481893062591553,0.01146250031888485,0.5476274490356445,0.12972933053970337
52,16,1.1346954042091966,0.9568415284156799,1.1474041938781738,0.01033500675112009,0.5292313694953918,0.17427988350391388
52,17,0.9361681215465069,0.9574981331825256,1.1468911170959473,0.010815601795911789,0.36311841011047363,0.14135625958442688
52,18,1.0246804686263205,0.9574612379074097,1.1479755640029907,0.009732064791023731,0.39935290813446045,0.1945081353187561
52,19,0.8556153217330575,0.9573888182640076,1.1459535360336304,0.01047938410192728,0.3319495618343353,0.0925179049372673
52,20,0.7842335110530257,0.9567548632621765,1.1477627754211426,0.010394773446023464,0.2595101296901703,0.09342508018016815
52,21,0.7466486986726523,0.9567738175392151,1.1475602388381958,0.008798686787486076,0.23388096690177917,0.08310223370790482
52,22,0.6815002726390957,0.9566654562950134,1.1479054689407349,0.010075201280415058,0.14548853039741516,0.1050223559141159
52,23,0.6510880360379815,0.9566152095794678,1.1477445363998413,0.00998715404421091,0.1412319540977478,0.07899697870016098
52,24,0.6886858567595482,0.9566071629524231,1.1492139101028442,0.00919564813375473,0.18088853359222412,0.07743746042251587
53,0,33.19021515846252,0.9554615020751953,4.835197925567627,23.394458770751953,6.046910762786865,2.5907137393951416
53,1,25.544950112700462,0.9520911574363708,3.988264560699463,21.467370986938477,2.909017324447632,0.1804906576871872
53,2,27.05744905769825,0.9540601968765259,3.2959208488464355,24.970903396606445,1.0943362712860107,0.14221318066120148
53,3,12.085609185695649,0.9540455341339111,2.7383086681365967,10.321802139282227,0.8976126909255981,0.12772351503372192
53,4,0.9347403418272734,0.9531782269477844,1.9454586505889893,0.016487708315253258,0.21500875055789948,0.1235165074467659
53,5,0.7902126701548696,0.9525610208511353,1.6825731992721558,0.014207844622433186,0.16993707418441772,0.07904090732336044
53,6,0.7782555826008319,0.9525594711303711,1.490483283996582,0.010871309787034988,0.20605669915676117,0.0727190226316452
53,7,0.7050298726186157,0.952923059463501,1.2711752653121948,0.01097021158784628,0.1845802664756775,0.0646597295999527
53,8,0.7150261279195548,0.9531312584877014,1.2097628116607666,0.010770780965685844,0.18466341495513916,0.0870131179690361
53,9,0.827426116168499,0.9531349539756775,1.1743276119232178,0.009401194751262665,0.1810728758573532,0.21145953238010406
53,10,0.890612019971013,0.9539884924888611,1.1445420980453491,0.009315239265561104,0.1573643833398819,0.304226279258728
53,11,0.9129293270409107,0.9536263942718506,1.1404621601104736,0.009985942393541336,0.14304113388061523,0.3410845398902893
53,12,0.6322291912510991,0.9545528292655945,1.1400679349899292,0.010515927337110043,0.18253959715366364,0.020249513909220695
53,13,0.6479572199285031,0.9542710185050964,1.1421655416488647,0.011079248040914536,0.20099148154258728,0.016599178314208984
53,14,0.6218319362029434,0.9547021389007568,1.1437978744506836,0.010623031295835972,0.17393895983695984,0.01756994239985943
53,15,0.5372275564819575,0.9549086689949036,1.1447116136550903,0.010117504745721817,0.08912870287895203,0.018057292327284813
53,16,0.5115700060501696,0.9549965858459473,1.1437829732894897,0.009481298737227917,0.06259698420763016,0.01973581127822399
53,17,0.5127386957406997,0.9550538659095764,1.1442087888717651,0.009159980341792107,0.06268998235464096,0.02103620208799839
53,18,0.5185324370861053,0.955243706703186,1.1456129550933838,0.009661214426159859,0.07229262590408325,0.01640726439654827
53,19,0.5929217139258981,0.954984724521637,1.1457182168960571,0.009821155108511448,0.06511499732732773,0.09784497320652008
53,20,0.5799248134717345,0.9542570114135742,1.1449226140975952,0.010606042109429836,0.0459495484828949,0.1035332977771759
53,21,0.5649047655984759,0.9548490047454834,1.1453771591186523,0.010523042641580105,0.033523257821798325,0.10081323236227036
53,22,0.6152649555355311,0.9544873237609863,1.1457664966583252,0.009760616347193718,0.040359389036893845,0.14509418606758118
54,0,31.429270327091217,0.9566264748573303,1.1532858610153198,21.676654815673828,7.764583587646484,1.5660494565963745
54,1,25.5625270485878,0.9566264748573303,1.1406004428863525,21.26593589782715,3.2429652214050293,0.6341805458068848
54,2,27.75825560092926,0.9527973532676697,1.1440150737762451,23.464040756225586,3.310378074645996,0.5644742846488953
54,3,24.182065218687057,0.9545501470565796,1.140371322631836,22.05883026123047,1.238412618637085,0.4658380448818207
54,4,1.4040846323594451,0.9570914506912231,1.1411877870559692,0.013584635220468044,0.4382951259613037,0.5325490236282349
54,5,1.1932172425091268,0.9597280621528625,1.1407272815704346,0.012897152453660965,0.35068479180336,0.4095442295074463
54,6,1.1337704489007594,0.9589577913284302,1.1404284238815308,0.013238430954515934,0.3799663782119751,0.320688396692276
54,7,1.1035615971311927,0.9600671529769897,1.1408442258834839,0.011127918027341366,0.3929733335971832,0.27927806973457336
54,8,0.754451178200543,0.9594418406486511,1.141032338142395,0.010624499060213566,0.28238674998283386,0.04134509339928627
54,9,0.8077761853113771,0.9602242708206177,1.1411399841308594,0.011340753175318241,0.27714428305625916,0.09901829808950424
54,10,0.9118735373020173,0.9583975672721863,1.1415300369262695,0.010158389806747437,0.2857101559638977,0.1960194706916809
54,11,0.9223268823698163,0.9583840370178223,1.1412909030914307,0.010416214354336262,0.43226030468940735,0.05971537530422211
54,12,0.8048244914039969,0.9583349823951721,1.1415338516235352,0.01144420262426138,0.274956613779068,0.09844990819692612
54,13,0.8824571428820491,0.9593794345855713,1.1422573328018188,0.010386618785560131,0.33861804008483887,0.11312513053417206
54,14,0.8238470902666449,0.9594260454177856,1.142277717590332,0.009177564643323421,0.3207451105117798,0.07358366250991821
55,0,29.791158723831177,0.9554615020751953,4.835197925567627,20.82777976989746,5.738992691040039,2.0662543773651123
55,1,29.365040469169617,0.9526681900024414,3.9882543087005615,21.13129234313965,7.079317092895508,0.16624653339385986
55,2,25.185679829120637,0.9522196650505066,3.3006482124328613,22.454566955566406,1.7086859941482544,0.17185330390930176
55,3,11.05787922143936,0.9522169232368469,2.7414722442626953,8.523932456970215,1.6250783205032349,0.17013061046600342
55,4,1.4206811018288135,0.9571959376335144,1.971956729888916,0.022181149572134018,0.7098256349563599,0.10284378379583359
55,5,1.29267946369946,0.9563217759132385,1.7063881158828735,0.017921121791005135,0.6640340089797974,0.07818235456943512
55,6,1.0102219182997942,0.957278311252594,1.510221004486084,0.01624658890068531,0.395530641078949,0.10494482517242432
55,7,0.8306519435718656,0.9577523469924927,1.270780086517334,0.011443291790783405,0.254721462726593,0.1187807023525238
55,8,0.6867116989567876,0.957609236240387,1.2106074094772339,0.010982346720993519,0.14674581587314606,0.09534020721912384
55,9,0.7625725911930203,0.9568691253662109,1.1747270822525024,0.0108864801004529,0.1513872593641281,0.17397961020469666
55,10,0.6733462475240231,0.957592785358429,1.1453458070755005,0.010806132107973099,0.1305130571126938,0.11143933981657028
55,11,0.647655731998384,0.9564458727836609,1.1414674520492554,0.00991120096296072,0.11288946121931076,0.10527240484952927
55,12,0.6842588147148491,0.9557362794876099,1.1400361061096191,0.010490602813661098,0.1189822182059288,0.1356315165758133
55,13,0.6460682850331068,0.9559929966926575,1.1418324708938599,0.009953198954463005,0.12036023288965225,0.09618975967168808
55,14,0.6148018417879939,0.955855131149292,1.1428196430206299,0.010211779735982418,0.05965839698910713,0.12519671022891998
55,15,0.6067427294328809,0.9566298127174377,1.1425817012786865,0.010383144952356815,0.051623258739709854,0.12489402294158936
55,16,0.6278556184843183,0.9561393857002258,1.1436711549758911,0.010522984899580479,0.05458443984389305,0.14278608560562134
55,17,0.6538965282961726,0.9561824798583984,1.1435002088546753,0.011210459284484386,0.06183421611785889,0.1609153151512146
55,18,0.6489975502714515,0.9560995101928711,1.1443525552749634,0.009818552993237972,0.06365334987640381,0.1554352343082428
55,19,0.6783839939162135,0.9562625288963318,1.1444975137710571,0.010284884832799435,0.0482870377600193,0.199660062789917
55,20,0.6193564876914025,0.9562550187110901,1.1453303098678589,0.010730989277362823,0.04152153432369232,0.1467868983745575
55,21,0.6359461823478341,0.9560373425483704,1.144650936126709,0.009994246996939182,0.04092098027467728,0.16489329934120178
56,0,32.194749402999875,0.9554615020751953,4.835197925567627,22.539119720458984,6.995739459991455,1.501758337020874
56,1,30.198524862527847,0.9600114226341248,3.9885733127593994,23.2721004486084,5.527928352355957,0.408779114484787
56,2,13.606030595302581,0.9600021839141846,3.278890371322632,11.202333450317383,1.1748008728027344,0.3811177611351013
56,3,14.270426315069198,0.9610340595245361,2.707493305206299,12.300749778747559,0.9205504059791565,0.31542065739631653
56,4,1.2185719840228557,0.953758716583252,1.9394564628601074,0.00980759784579277,0.32349759340286255,0.30662375688552856
56,5,1.2468281511217356,0.9539270401000977,1.683427333831787,0.01083105243742466,0.36535337567329407,0.3431728482246399
56,6,1.253350405395031,0.9539274573326111,1.4954850673675537,0.010556362569332123,0.40063586831092834,0.35227566957473755
56,7,1.5179834255948663,0.9543526768684387,1.275378942489624,0.010054678656160831,0.4695890247821808,0.5923933982849121
56,8,1.0408760514110327,0.9533311724662781,1.2129486799240112,0.010550355538725853,0.36952731013298035,0.22754241526126862
56,9,0.9562404010444879,0.9533381462097168,1.1754523515701294,0.009854750707745552,0.39942851662635803,0.12119903415441513
56,10,0.9257642399519682,0.9545016884803772,1.1449275016784668,0.01013539545238018,0.3681795001029968,0.1275635063648224
56,11,0.8988869791850448,0.9542388319969177,1.1407146453857422,0.009921572171151638,0.3298623859882355,0.14011232554912567
56,12,0.8290584402158857,0.9542421698570251,1.1400219202041626,0.009758357889950275,0.23506970703601837,0.16537755727767944
56,13,0.7709007266908885,0.9561579823493958,1.143370509147644,0.010224083438515663,0.2703757882118225,0.07039515674114227
56,14,0.82399574033916,0.9558980464935303,1.1456958055496216,0.011253038421273232,0.3345820903778076,0.057841841131448746
56,15,0.7833559865131975,0.95498126745224,1.1475768089294434,0.01000478956848383,0.28585129976272583,0.06698828190565109
56,16,0.8294688552618027,0.9546598196029663,1.1499046087265015,0.010788239538669586,0.3217528164386749,0.0760149136185646
56,17,0.7905168468132615,0.9545257687568665,1.1497288942337036,0.009660840965807438,0.2962605655193329,0.06374450773000717
56,18,0.8116105129942298,0.9551162123680115,1.1495897769927979,0.010643663816154003,0.3202488124370575,0.05977683886885643
56,19,0.666389905102551,0.9546886682510376,1.1512879133224487,0.011423704214394093,0.19757547974586487,0.03619540482759476
56,20,0.7380852749571204,0.9541271924972534,1.1520236730575562,0.009311932139098644,0.2674872875213623,0.040055882185697556
56,21,0.7385458575561643,0.9542505741119385,1.1517915725708008,0.009997022338211536,0.2694125175476074,0.037927888333797455
56,22,0.736790200509131,0.9542341232299805,1.1470040082931519,0.009347786195576191,0.261936217546463,0.045258570462465286
56,23,0.7557415848597884,0.9544606804847717,1.1493645906448364,0.010611939243972301,0.28582310676574707,0.038541484624147415
56,24,0.7348945559933782,0.9545250535011292,1.149707555770874,0.011376888491213322,0.2607908844947815,0.04188026115298271
57,0,32.255707156658175,0.9532758593559265,1.149543285369873,22.678817749023438,5.740477561950684,3.4158480167388916
57,1,24.028182178735733,0.9532758593559265,1.1806875467300415,18.830467224121094,4.380288600921631,0.3906336724758148
57,2,22.179029947519304,0.9787542819976807,1.1616895198822021,19.881336212158203,1.6090422868728638,0.2605626881122589
57,3,22.19616820216179,0.9672271013259888,1.154939889907837,19.975671768188477,1.5384384393692017,0.2576245963573456
57,4,2.141471210680902,0.9646394848823547,1.1482552289962769,0.013493156991899014,1.462868571281433,0.24253053963184357
57,5,2.605578345619142,0.9579840302467346,1.145180344581604,0.011564872227609158,1.958414912223816,0.21496568620204926
57,6,2.598654015734792,0.9540330171585083,1.1453031301498413,0.01035216636955738,1.9505550861358643,0.2178795337677002
57,7,1.7570717994123697,0.9542362689971924,1.1452488899230957,0.010820204392075539,1.139188528060913,0.1871660351753235
57,8,1.089316213876009,0.955976128578186,1.1447244882583618,0.010820005089044571,0.45067381858825684,0.207682266831398
57,9,0.8531606210395694,0.9542402625083923,1.144237995147705,0.010856504552066326,0.1910867989063263,0.23152166604995728
57,10,0.6129620436578989,0.9534823894500732,1.1431810855865479,0.010645480826497078,0.10684054344892502,0.07614332437515259
57,11,0.6063741195946932,0.9534706473350525,1.1426112651824951,0.009308455511927605,0.11700089275836945,0.06084838882088661
57,12,0.5986398616805673,0.953512966632843,1.1423720121383667,0.009280861355364323,0.12206926196813583,0.048112742602825165
57,13,0.5343105943873525,0.9533975124359131,1.1430882215499878,0.010999397374689579,0.06214658170938492,0.041867468506097794
57,14,0.5398929120972753,0.9533854126930237,1.1432734727859497,0.011925970204174519,0.06412889063358307,0.04450627416372299
57,15,0.5210768990218639,0.9529908299446106,1.143364429473877,0.009967304766178131,0.048221513628959656,0.04361702874302864
57,16,0.5419032383710146,0.9530153870582581,1.1448265314102173,0.010228009894490242,0.04182145744562149,0.0702853873372078
57,17,0.5359109666198493,0.9530026912689209,1.144816517829895,0.009498542174696922,0.04372863471508026,0.06311994791030884
57,18,0.5566609155386687,0.9528022408485413,1.145243763923645,0.010413127020001411,0.04491742327809334,0.08172116428613663
57,19,0.5212768716737628,0.952691912651062,1.1467726230621338,0.011225509457290173,0.038069311529397964,0.0520891435444355
57,20,0.5101250754669309,0.953333854675293,1.146740436553955,0.009775822050869465,0.03093971684575081,0.04939467832446098
57,21,0.541732519492507,0.953393816947937,1.1462663412094116,0.010358618572354317,0.05460668355226517,0.05683518573641777
57,22,0.5529973702505231,0.9536449909210205,1.1463154554367065,0.009547409601509571,0.047646425664424896,0.07581144571304321
57,23,0.541813519410789,0.9536370635032654,1.1468071937561035,0.00898000504821539,0.036713857203722,0.07603080570697784
57,24,0.5502419032156468,0.9536374807357788,1.1469742059707642,0.010046925395727158,0.052898161113262177,0.06717447936534882
58,0,31.153633880615235,0.9554615020751953,4.835197925567627,20.75398826599121,7.003069877624512,2.2384438514709473
58,1,27.99427673816681,0.9602553248405457,3.988058090209961,21.2545223236084,5.202872276306152,0.547219455242157
58,2,23.323917829990386,0.9602448344230652,3.295456886291504,19.76897621154785,1.578269600868225,1.1255316734313965
58,3,25.244901645183564,0.9608425498008728,2.7189860343933105,21.655582427978516,1.1192452907562256,1.7341082096099854
58,4,3.068412771821022,0.9556339979171753,1.922411322593689,0.04289151728153229,0.7471215724945068,1.70279061794281
58,5,2.8728924129158258,0.9550776481628418,1.6723089218139648,0.02152068354189396,0.7545686364173889,1.5713257789611816
58,6,3.4392242409288882,0.9550696015357971,1.5016834735870361,0.014613721519708633,0.6084417700767517,2.3248181343078613
58,7,3.997540298290551,0.9582600593566895,1.27193284034729,0.012364891357719898,0.5832120776176453,2.9559247493743896
58,8,1.8487229906022549,0.9579622149467468,1.2112656831741333,0.011966701596975327,0.27069687843322754,1.132213830947876
58,9,2.094346001558006,0.9579606652259827,1.1732195615768433,0.010073873214423656,0.3929719626903534,1.2650641202926636
58,10,1.3144559480249882,0.9562866687774658,1.145081877708435,0.010339383035898209,0.22631826996803284,0.657524585723877
58,11,1.0231502201408147,0.9554749727249146,1.1408836841583252,0.011264314875006676,0.12187829613685608,0.4707358777523041
58,12,1.0976108821108936,0.9555206298828125,1.1400768756866455,0.010102999396622181,0.10733546316623688,0.5610529184341431
58,13,0.7416785078123211,0.954471230506897,1.141884684562683,0.010659602470695972,0.06637371331453323,0.24537400901317596
58,14,0.7486671190708876,0.95542311668396,1.1442047357559204,0.01023932360112667,0.07632782310247421,0.2421744018793106
58,15,0.6561976242810488,0.9559690952301025,1.144919991493225,0.010263750329613686,0.06982757896184921,0.15592847764492035
58,16,0.7297701630741358,0.9554561376571655,1.1465916633605957,0.010348880663514137,0.053990140557289124,0.24502158164978027
58,17,0.6813304429873824,0.9551194906234741,1.1467835903167725,0.01151574682444334,0.05239732190966606,0.1970367580652237
58,18,0.6706856334581971,0.9558254480361938,1.1464534997940063,0.00991030503064394,0.04486006870865822,0.19545947015285492
58,19,0.6373267913237215,0.9562610983848572,1.1464329957962036,0.010734126903116703,0.04685061424970627,0.15920323133468628
58,20,0.6234303949400783,0.9555772542953491,1.1450756788253784,0.00988455768674612,0.05002125725150108,0.14339399337768555
58,21,0.6146288674324751,0.9556036591529846,1.1443787813186646,0.010668231174349785,0.05396394431591034,0.13000020384788513
58,22,0.5818136064335704,0.9551923871040344,1.148019790649414,0.010364159010350704,0.03763967379927635,0.11316733807325363
58,23,0.6216518105939031,0.954723060131073,1.1451715230941772,0.009642527438700199,0.05029667541384697,0.14173369109630585
58,24,0.6206275491043926,0.9546735882759094,1.1443616151809692,0.010018284432590008,0.0360841229557991,0.15471810102462769
59,0,32.28569226264953,0.9554615020751953,4.835197925567627,22.454843521118164,6.8307600021362305,1.8419568538665771
59,1,30.638273149728775,0.962992787361145,3.989806890487671,23.675426483154297,5.545917510986328,0.42636922001838684
59,2,24.546785598993303,0.9564902186393738,3.289322853088379,21.93636703491211,1.4758102893829346,0.2854456603527069
59,3,26.52421929836273,0.9564168453216553,2.7138006687164307,24.057323455810547,1.4564852714538574,0.27636706829071045
59,4,1.2143999099731446,0.9545750617980957,1.9190541505813599,0.07541683316230774,0.3196272850036621,0.24462994933128357
59,5,1.05512617751956,0.9547497034072876,1.6607383489608765,0.04269750043749809,0.2750285863876343,0.21430248022079468
59,6,0.9935065068304539,0.9553687572479248,1.4774136543273926,0.045420337468385696,0.21952062845230103,0.24200905859470367
59,7,0.939330891519785,0.956785261631012,1.2682996988296509,0.018597129732370377,0.22673887014389038,0.2489778995513916
59,8,0.8717708680778742,0.9555152654647827,1.2078627347946167,0.015836486592888832,0.14347660541534424,0.27978217601776123
59,9,0.9032188177108764,0.9557603597640991,1.1749945878982544,0.019262947142124176,0.11966346949338913,0.33814141154289246
59,10,0.780029633268714,0.9561648964881897,1.146647572517395,0.020079737529158592,0.1232115626335144,0.216175839304924
59,11,0.6944694552570582,0.9548183679580688,1.1420338153839111,0.015419969335198402,0.06653480231761932,0.19314424693584442
59,12,0.7186772108078003,0.9548977017402649,1.140083909034729,0.014165766537189484,0.09237801283597946,0.19313710927963257
59,13,0.6902230586856604,0.9546412229537964,1.1405329704284668,0.013729965314269066,0.0800517201423645,0.17740653455257416
59,14,0.6662726113572717,0.9546610116958618,1.141250491142273,0.010934659279882908,0.10223942250013351,0.1339162290096283
59,15,0.7759108984842897,0.9546610116958618,1.1416717767715454,0.010175728239119053,0.15154433250427246,0.1949242800474167
59,16,0.7582508504390717,0.9545087218284607,1.143956184387207,0.010266438126564026,0.13036806881427765,0.19792336225509644
59,17,0.7305247511714698,0.9539584517478943,1.143404483795166,0.011302007362246513,0.11323071271181107,0.18651944398880005
59,18,0.6943726358935237,0.9539914727210999,1.14337956905365,0.010765272192656994,0.08802777528762817,0.17610538005828857
59,19,0.7424092410132289,0.9537744522094727,1.143284559249878,0.009036350063979626,0.08517678081989288,0.22878430783748627
59,20,0.7280026253312827,0.9534413814544678,1.143561840057373,0.010179763659834862,0.09906741976737976,0.19935479760169983
60,0,35.176412880420685,0.9559845328330994,1.1593095064163208,24.42057991027832,7.495397567749023,2.837376594543457
60,1,29.66253791451454,0.970121443271637,1.1484172344207764,24.714778900146484,4.200251579284668,0.3237996995449066
60,2,24.54382625222206,0.9701724648475647,1.1519039869308472,21.67214012145996,2.096017837524414,0.3512530028820038
60,3,23.3251819729805,0.9587306976318359,1.1575504541397095,20.800539016723633,1.7411786317825317,0.36020809412002563
60,4,1.159905632212758,0.955313503742218,1.1508761644363403,0.016692372038960457,0.3915829360485077,0.33039239048957825
60,5,1.0162945710122586,0.9553165435791016,1.1511824131011963,0.018101926892995834,0.2924663722515106,0.2844264805316925
60,6,0.892023104801774,0.9530280828475952,1.1496808528900146,0.01839662529528141,0.11696372926235199,0.33612096309661865
60,7,0.8897821906954051,0.9539013504981995,1.1480226516723633,0.012853587046265602,0.13586440682411194,0.3206793963909149
60,8,1.039488891325891,0.9539101719856262,1.148017168045044,0.012065730057656765,0.177158921957016,0.42987877130508423
60,9,0.8960510723292828,0.9544187188148499,1.1474401950836182,0.011424142867326736,0.09024333208799362,0.3740118145942688
60,10,0.7792914249002934,0.9544210433959961,1.1457664966583252,0.013546902686357498,0.053657010197639465,0.29205000400543213
60,11,0.8207377141341567,0.954351544380188,1.1449099779129028,0.01223005261272192,0.04027169197797775,0.34838366508483887
60,12,0.759536954946816,0.9543541073799133,1.1455022096633911,0.012014464475214481,0.045731496065855026,0.28181973099708557
60,13,0.621481328830123,0.954217791557312,1.145472764968872,0.011142322793602943,0.032749708741903305,0.15765118598937988
60,14,0.6310208316892385,0.9550485610961914,1.1454689502716064,0.010400814935564995,0.03263907879590988,0.1678774356842041
60,15,0.6345723668113351,0.9549934267997742,1.145522952079773,0.01215550396591425,0.025469601154327393,0.17684398591518402
60,16,0.6228171726688743,0.9550657868385315,1.1438488960266113,0.010929360054433346,0.024769842624664307,0.16733503341674805
60,17,0.5948522498831152,0.9553534388542175,1.1437362432479858,0.012058964930474758,0.021395839750766754,0.1415795087814331
60,18,0.6204521343111993,0.9553465843200684,1.1434907913208008,0.011877847835421562,0.018204698339104652,0.17060211300849915
60,19,0.5943263787776232,0.9554120898246765,1.14363431930542,0.011957431212067604,0.01778208464384079,0.1447775810956955
60,20,0.6225527657195926,0.9546294212341309,1.1436563730239868,0.011925016529858112,0.019924378022551537,0.1710462123155594
60,21,0.6009982276707888,0.9546448588371277,1.1439577341079712,0.012765664607286453,0.020961878821253777,0.14755016565322876
60,22,0.6901211867108941,0.9546381831169128,1.1443114280700684,0.01068755704909563,0.026692692190408707,0.23295101523399353
60,23,0.6562385624274611,0.9547584056854248,1.1443920135498047,0.009633702225983143,0.022644245997071266,0.20413053035736084
61,0,32.10581140518188,0.9554615020751953,4.835197925567627,23.755882263183594,5.638101577758789,1.5536956787109375
61,1,28.596506011486053,0.9521872401237488,3.9887773990631104,21.127477645874023,4.764735698699951,1.716099739074707
61,2,17.718102049827575,0.9521875381469727,3.2861053943634033,13.363313674926758,1.4929968118667603,2.0141329765319824
61,3,15.360641753673553,0.9524747133255005,2.7240397930145264,13.06200122833252,0.90620356798172,0.6571340560913086
61,4,1.7959745280444621,0.9521109461784363,1.9448325634002686,0.01335902139544487,0.5968834757804871,0.6063433289527893
61,5,2.0418400302529336,0.9521123766899109,1.6960721015930176,0.012802578508853912,0.8881649374961853,0.6112356185913086
61,6,1.8715775361284614,0.9521772265434265,1.5046954154968262,0.012965976260602474,0.7736067771911621,0.5936302542686462
61,7,1.628817836008966,0.9530378580093384,1.2783325910568237,0.011121205054223537,0.7236810326576233,0.4477415084838867
61,8,1.571240720897913,0.9528617262840271,1.2134897708892822,0.011131081730127335,0.6898435950279236,0.4369957447052002
61,9,1.6540071316063405,0.9528684616088867,1.1741589307785034,0.009906131774187088,0.6730700731277466,0.5456254482269287
61,10,1.1315488835796714,0.9535186290740967,1.1450932025909424,0.010637029074132442,0.2533019185066223,0.4478875696659088
61,11,1.2809206150472163,0.9535748362541199,1.1410764455795288,0.009159620851278305,0.19774630665779114,0.6550844311714172
61,12,1.2979067854583264,0.9535711407661438,1.1399918794631958,0.009395133703947067,0.265873521566391,0.6039255261421204
61,13,1.2162080433219673,0.953798234462738,1.1411322355270386,0.010197168216109276,0.17000751197338104,0.6170172691345215
61,14,1.1304549662396313,0.953825056552887,1.142423391342163,0.010386931709945202,0.16383956372737885,0.5369787812232971
61,15,1.1672749577090145,0.9538265466690063,1.144372820854187,0.009654286317527294,0.16926927864551544,0.568711519241333
61,16,1.0785651428624987,0.9537254571914673,1.1466883420944214,0.010159428231418133,0.16313637793064117,0.4851865768432617
61,17,1.1776471138000488,0.9543269872665405,1.1456531286239624,0.010618463158607483,0.10999362170696259,0.6370390057563782
61,18,1.0868979655206203,0.9542837142944336,1.1446491479873657,0.010513391345739365,0.15684351325035095,0.49975448846817017
61,19,1.0476038729771973,0.9544461965560913,1.1481236219406128,0.010055883787572384,0.11677265912294388,0.5002613663673401
61,20,1.0810787692666053,0.9544645547866821,1.148200273513794,0.01060284674167633,0.10270663350820541,0.5472363233566284
61,21,1.073863625153899,0.9553715586662292,1.1493749618530273,0.010643964633345604,0.12134537100791931,0.520924985408783
61,22,1.1282194249331952,0.9553996920585632,1.146401286125183,0.010293703526258469,0.10743334889411926,0.5901321768760681
61,23,0.8773959254845978,0.9555947184562683,1.1459108591079712,0.010846449993550777,0.0832696333527565,0.3629787266254425
61,24,0.9194935671985149,0.9548876881599426,1.144916296005249,0.010841142386198044,0.0909094512462616,0.39778217673301697
62,0,31.56155471801758,0.9554615020751953,4.835197925567627,20.58513069152832,7.811987400054932,2.0063047409057617
62,1,29.6938031360507,0.9523183107376099,3.989145517349243,21.588735580444336,7.0119099617004395,0.10486482828855515
62,2,24.014833304286004,0.9558854699134827,3.278812885284424,22.175994873046875,0.8060351014137268,0.18586365878582
62,3,21.25696730017662,0.958687961101532,2.7230770587921143,19.309640884399414,0.9502729773521423,0.26070043444633484
62,4,1.296434611082077,0.9575636386871338,1.9479035139083862,0.025767982006072998,0.37175819277763367,0.31781500577926636
62,5,1.0425481997430324,0.9557174444198608,1.685660719871521,0.019720669835805893,0.2900245487689972,0.204527348279953
62,6,0.9417619369924068,0.9587981104850769,1.491947889328003,0.016002636402845383,0.16936154663562775,0.26624855399131775
62,7,0.981999589316547,0.9581693410873413,1.2680691480636597,0.011499102227389812,0.16782024502754211,0.3574325442314148
62,8,0.8440932976081967,0.9611385464668274,1.212639570236206,0.010426444001495838,0.11708848923444748,0.28182274103164673
62,9,0.8833184031769634,0.9610042572021484,1.1760081052780151,0.011891569010913372,0.10067079216241837,0.3433535695075989
62,10,0.7294533908367158,0.9597581028938293,1.1450328826904297,0.010346345603466034,0.08408897370100021,0.21405987441539764
62,11,0.7702511435374618,0.9580368995666504,1.141069769859314,0.010237633250653744,0.0793815329670906,0.26081064343452454
62,12,0.7212857788428664,0.9574137926101685,1.1400078535079956,0.009655832313001156,0.05976931005716324,0.2323763072490692
62,13,0.7630864476785064,0.9585196375846863,1.1429558992385864,0.009806147776544094,0.05879375338554382,0.2741914391517639
62,14,0.831597007252276,0.9584987759590149,1.1431975364685059,0.010358721949160099,0.07018318772315979,0.3307158350944519
62,15,0.6868403373286128,0.9585118293762207,1.1426032781600952,0.010233606211841106,0.046923257410526276,0.20946045219898224
62,16,0.7964844280853868,0.9577399492263794,1.1447311639785767,0.010061227716505527,0.04832693934440613,0.3176020383834839
62,17,0.7067751044407486,0.9577399492263794,1.14454185962677,0.01080923993140459,0.05831388756632805,0.21719561517238617
62,18,0.8092312844470143,0.9581451416015625,1.1437427997589111,0.00992079172283411,0.055825065821409225,0.32310783863067627
62,19,0.8400853160768748,0.9575800895690918,1.1447539329528809,0.010217374190688133,0.053831327706575394,0.3555698096752167
62,20,0.7694998767226935,0.9575784802436829,1.1464970111846924,0.011129392310976982,0.050255186855793,0.2873001992702484
62,21,1.0392447162419558,0.9574440717697144,1.1469839811325073,0.009231483563780785,0.04555908963084221,0.5635685324668884
63,0,32.029087805747984,0.9526925086975098,1.1401572227478027,23.637916564941406,6.409383296966553,1.5632179975509644
63,1,29.585024738311766,0.9520978927612305,1.1457043886184692,22.759801864624023,5.30869197845459,1.0969704389572144
63,2,20.231521824002265,0.9520972967147827,1.145215630531311,17.001243591308594,2.7230989933013916,0.08771665394306183
63,3,20.097429856657982,0.9520974159240723,1.1487696170806885,16.705320358276367,2.8039422035217285,0.16799388825893402
63,4,2.5526136703789235,0.9540616869926453,1.1415787935256958,0.04775264114141464,2.043376922607422,0.042356010526418686
63,5,1.9077307023108006,0.9545836448669434,1.1428436040878296,0.028296710923314095,1.4339958429336548,0.025952698662877083
63,6,1.6073507245630028,0.9530807733535767,1.1451467275619507,0.014150729402899742,1.1421633958816528,0.03139109909534454
63,7,0.9545214012265206,0.9544893503189087,1.1466660499572754,0.011032555252313614,0.46649524569511414,0.05676252022385597
63,8,0.7227492835372686,0.9542533159255981,1.148683786392212,0.01136128418147564,0.2398514747619629,0.0509491041302681
63,9,0.798378785327077,0.9542583227157593,1.150105357170105,0.010156499221920967,0.28953561186790466,0.07781393826007843
63,10,0.7794819315895438,0.9549400806427002,1.1489977836608887,0.011008202098309994,0.22189876437187195,0.1257873922586441
63,11,0.8578776987269521,0.954378604888916,1.147601842880249,0.010304627008736134,0.3045661151409149,0.12261086702346802
63,12,0.808524782024324,0.9536640644073486,1.1482397317886353,0.009799144230782986,0.22049732506275177,0.1578475534915924
63,13,0.7940306905657053,0.9540948271751404,1.147092580795288,0.010240564122796059,0.263916939496994,0.09963570535182953
63,14,0.7609363785013556,0.954345703125,1.1456624269485474,0.010895385406911373,0.2426183521747589,0.08742101490497589
64,0,31.719826030731202,0.9554615020751953,4.835197925567627,22.337900161743164,5.824037075042725,2.399756908416748
64,1,28.310602283477785,0.9636161923408508,3.9877114295959473,23.01054573059082,3.6142303943634033,0.6955606341362
64,2,20.55601375102997,0.9636043906211853,3.3100712299346924,15.92780876159668,3.3850691318511963,0.38840073347091675
64,3,21.26358689069748,0.9543830752372742,2.7519071102142334,17.02606201171875,3.046410322189331,0.4498565196990967
64,4,1.6181149885058403,0.9525907039642334,1.9616749286651611,0.032387398183345795,0.44139400124549866,0.5614804625511169
64,5,1.3064241599291564,0.9525918960571289,1.7098795175552368,0.0292005967348814,0.28790608048439026,0.4568231999874115
64,6,1.4461904630064963,0.9528608918190002,1.5169318914413452,0.030117981135845184,0.33052894473075867,0.5915849804878235
64,7,1.1563381262123584,0.9522780776023865,1.2876198291778564,0.0319068618118763,0.40729397535324097,0.2691577076911926
64,8,1.1857735499739648,0.9520877003669739,1.2246931791305542,0.03427576273679733,0.40606096386909485,0.3100806474685669
64,9,1.2867134815081953,0.9520896077156067,1.1875864267349243,0.011499202810227871,0.4697937071323395,0.37748536467552185
64,10,1.2423747461289167,0.9531647562980652,1.1511191129684448,0.010112939402461052,0.5549529194831848,0.25645211338996887
64,11,1.4880002843216062,0.9528698921203613,1.1438711881637573,0.011643354780972004,0.6203336715698242,0.4366750419139862
64,12,1.691335479170084,0.9528774619102478,1.1412627696990967,0.01158076897263527,0.9219005107879639,0.33902615308761597
64,13,1.3064920943230391,0.9533392190933228,1.1404132843017578,0.010378627106547356,0.6230915188789368,0.2542714476585388
65,0,31.511658000946046,0.9554615020751953,4.835197925567627,23.02457046508789,5.54982852935791,1.7791271209716797
65,1,26.794068682193757,0.9522849917411804,3.9895694255828857,20.45707893371582,4.2534589767456055,1.095159888267517
65,2,22.786718368530273,0.952290952205658,3.277200698852539,18.198261260986328,2.9017508029937744,0.8408079743385315
65,3,21.773947846889495,0.9537302851676941,2.728578567504883,18.15242576599121,2.267698049545288,0.6173622608184814
65,4,1.5598258584737779,0.9530889391899109,1.9420703649520874,0.02236400544643402,0.38447725772857666,0.5739527344703674
65,5,1.1633982922881843,0.9555782675743103,1.6847532987594604,0.019091030582785606,0.12043005228042603,0.4958108961582184
65,6,0.8834305282682181,0.9555199146270752,1.4949883222579956,0.01180448941886425,0.30293339490890503,0.0785909965634346
65,7,0.7140911109745502,0.9579122066497803,1.2698149681091309,0.010921414941549301,0.17400246858596802,0.0836217924952507
65,8,0.7059310331940651,0.9563772082328796,1.2105835676193237,0.011122867465019226,0.1672491580247879,0.09416685253381729
65,9,0.9188995266333222,0.9564371705055237,1.1744682788848877,0.009733461774885654,0.4000428020954132,0.0829421728849411
65,10,0.7034359745681286,0.9569664597511292,1.1446917057037354,0.00972847267985344,0.21079206466674805,0.0625838041305542
65,11,0.983885794878006,0.9563508033752441,1.1409673690795898,0.008865728974342346,0.23589761555194855,0.3196588158607483
65,12,1.0111872537061573,0.9563742280006409,1.1400015354156494,0.010508234612643719,0.1969316452741623,0.38447222113609314
65,13,0.7900474838912488,0.9562160968780518,1.142730951309204,0.00965810939669609,0.11531023681163788,0.24528972804546356
65,14,0.7412647558376193,0.955174446105957,1.144216775894165,0.0117679787799716,0.07853159308433533,0.23108693957328796
65,15,0.6870739635080099,0.9545537829399109,1.144408941268921,0.010196110233664513,0.07224658131599426,0.18483872711658478
65,16,0.7274564148858189,0.9543490409851074,1.1447796821594238,0.009633594192564487,0.05760504677891731,0.2403920292854309
65,17,0.7301872741430998,0.9539722800254822,1.1446778774261475,0.009758776053786278,0.04921627789735794,0.25148218870162964
65,18,0.7600766103714705,0.9536765217781067,1.145865797996521,0.00981726311147213,0.05032748728990555,0.28002339601516724
65,19,0.7471225205808878,0.9535559415817261,1.1473814249038696,0.010345229879021645,0.04268778860569,0.273902028799057
65,20,0.7532623682171107,0.9535805583000183,1.1473454236984253,0.009901212528347969,0.04165058583021164,0.2815253734588623
65,21,0.7498932279646398,0.9535854458808899,1.1455967426300049,0.008906494826078415,0.0441620871424675,0.2769882082939148
66,0,31.712050998210906,0.9536704421043396,1.1608107089996338,22.79990005493164,6.356443405151367,2.1328113079071045
66,1,20.62890537083149,0.9536704421043396,1.2045860290527344,13.86858081817627,6.251237392425537,0.07743586599826813
66,2,15.443318277597427,0.958251953125,1.157861351966858,12.291773796081543,2.474846124649048,0.25347569584846497
66,3,12.933514875173568,0.9542386531829834,1.1499689817428589,11.156807899475098,1.3075075149536133,0.04835793375968933
66,4,1.034867495857179,0.95207279920578,1.151541829109192,0.013759522698819637,0.5681966543197632,0.03218839317560196
66,5,0.9774936441332102,0.9520702362060547,1.1491656303405762,0.013265838846564293,0.5034765601158142,0.04050407186150551
66,6,0.865920227393508,0.9522601366043091,1.148621678352356,0.012932734563946724,0.39586418867111206,0.036946941167116165
66,7,0.9038618668913841,0.95208340883255,1.1516307592391968,0.013155270367860794,0.4360293745994568,0.03393438830971718
66,8,0.9855201724916697,0.952084481716156,1.150338053703308,0.01063440926373005,0.5155261754989624,0.03887508064508438
66,9,0.7339537555351854,0.9522517323493958,1.1504039764404297,0.010361590422689915,0.2677708566188812,0.03529016673564911
66,10,0.5986039770767093,0.9529232382774353,1.1536598205566406,0.011061097495257854,0.12696287035942078,0.039263397455215454
66,11,0.601037634536624,0.9529130458831787,1.1527557373046875,0.010675301775336266,0.12938722968101501,0.03984134644269943
66,12,0.5867432469502092,0.9535400867462158,1.1538026332855225,0.009786483831703663,0.12022565305233002,0.035262566059827805
66,13,0.5850681154057383,0.9530307650566101,1.1523163318634033,0.010873165912926197,0.12310821563005447,0.030017314478754997
66,14,0.5254623722285032,0.9526445269584656,1.1551399230957031,0.010957660153508186,0.058896537870168686,0.034051284193992615
66,15,0.5398243691772223,0.9526617527008057,1.1551352739334106,0.011236710473895073,0.06406748294830322,0.042960770428180695
66,16,0.5230740970000625,0.9528027772903442,1.1538035869598389,0.010211045853793621,0.05892416089773178,0.03261761739850044
66,17,0.5079909948632121,0.9529188275337219,1.1545275449752808,0.009508985094726086,0.04230676591396332,0.03468596935272217
66,18,0.5160819387063385,0.9529083371162415,1.1554491519927979,0.0093459477648139,0.05638427287340164,0.028680220246315002
66,19,0.5107975056394936,0.9526723027229309,1.1557027101516724,0.009920063428580761,0.04752245917916298,0.03167998045682907
66,20,0.5081202806904912,0.95286625623703,1.1544729471206665,0.010362987406551838,0.03375057876110077,0.042538873851299286
66,21,0.5031589632853866,0.9528519511222839,1.1547667980194092,0.008886284194886684,0.03733421489596367,0.035414714366197586
66,22,0.49221286829560995,0.9529898166656494,1.1539002656936646,0.009882415644824505,0.02752334251999855,0.0334290936589241
67,0,32.563125419616696,0.9554615020751953,4.835197925567627,23.066152572631836,5.810956954956055,2.527884006500244
67,1,28.29558268785477,0.9691740870475769,3.988158702850342,22.252849578857422,4.48995304107666,0.5613135099411011
67,2,23.280276250839233,0.9680172204971313,3.268336772918701,20.675312042236328,0.8521944284439087,0.9054989814758301
67,3,11.928048050403595,0.9684327244758606,2.7099661827087402,9.14620590209961,0.8696832656860352,1.1764791011810303
67,4,1.233510160446167,0.9564953446388245,1.9437925815582275,0.07720371335744858,0.5009150505065918,0.07533381134271622
67,5,1.0994605779647828,0.9528517723083496,1.688894510269165,0.07419513165950775,0.43704450130462646,0.05987168848514557
67,6,1.049059481173754,0.9530197978019714,1.4997698068618774,0.05987275764346123,0.4204852879047394,0.07814351469278336
67,7,0.7905445609241724,0.9520721435546875,1.280221700668335,0.029237037524580956,0.2609332203865051,0.05391553416848183
67,8,0.8025044348090887,0.9520957469940186,1.2172094583511353,0.0288806464523077,0.2716025114059448,0.06816023588180542
67,9,0.7877114892005921,0.9520952105522156,1.1819489002227783,0.0289718359708786,0.27117428183555603,0.06075654923915863
67,10,0.6939127089455723,0.9521967768669128,1.1491882801055908,0.011770476587116718,0.2060115933418274,0.05585362762212753
67,11,0.5798058409243823,0.9521832466125488,1.1422580480575562,0.011123722419142723,0.09549568593502045,0.054298173636198044
67,12,0.5590233318507671,0.9522889256477356,1.1400913000106812,0.011553499847650528,0.08364637196063995,0.045347414910793304
67,13,0.6164218598976732,0.9522136449813843,1.1416268348693848,0.009737611748278141,0.12833473086357117,0.05958142131567001
67,14,0.6019863393157721,0.9521584510803223,1.1438037157058716,0.011407682672142982,0.12227652966976166,0.04910969361662865
67,15,0.5965228371322155,0.9521978497505188,1.1448925733566284,0.010871689766645432,0.12245834618806839,0.043774716556072235
67,16,0.5724944932386279,0.9525282979011536,1.1460137367248535,0.010540689341723919,0.10341192781925201,0.03883346915245056
67,17,0.5640588304027915,0.9527412056922913,1.147079348564148,0.009694698266685009,0.09777012467384338,0.036629896610975266
67,18,0.5632791101932526,0.9531281590461731,1.1479140520095825,0.010059934109449387,0.09332200884819031,0.039688725024461746
68,0,30.57302074432373,0.9554615020751953,4.835197925567627,20.390583038330078,6.494802951812744,2.5295028686523438
68,1,15.093116211891175,0.9554615020751953,3.987628221511841,7.29714822769165,5.5675859451293945,1.2397640943527222
68,2,11.254651653766633,0.9534602165222168,3.2897398471832275,7.351626873016357,2.172271251678467,0.882113516330719
68,3,11.68175437748432,0.9549380540847778,2.7408041954040527,7.725178241729736,3.0069942474365234,0.21043343842029572
68,4,1.4450192887336015,0.9532168507575989,1.9651201963424683,0.01197548396885395,0.6018470525741577,0.24752934277057648
68,5,1.3699230141937733,0.9532405138015747,1.7017595767974854,0.01005566492676735,0.6839367747306824,0.14493055641651154
68,6,1.486467681080103,0.95433109998703,1.5082919597625732,0.011832360178232193,0.6675706505775452,0.3145400583744049
68,7,1.3639582339674234,0.9543242454528809,1.2745181322097778,0.009835386648774147,0.5504429936408997,0.3579113781452179
68,8,2.0543599661439655,0.9542853236198425,1.213423490524292,0.010215705260634422,1.2248241901397705,0.3857783079147339
68,9,2.017522325925529,0.952988862991333,1.1762657165527344,0.010928663425147533,1.1039375066757202,0.4768052399158478
68,10,1.7307328119874001,0.9539241790771484,1.1451438665390015,0.010631181299686432,0.9858532547950745,0.3144347667694092
68,11,1.762117363139987,0.9539290070533752,1.140623927116394,0.009820444509387016,1.022826075553894,0.3105602562427521
68,12,1.7627304404973985,0.955177903175354,1.1399937868118286,0.010352686047554016,1.0426297187805176,0.29071369767189026
68,13,1.7653640005737543,0.9551420211791992,1.1417279243469238,0.010499158874154091,1.0043509006500244,0.3311399519443512
69,0,30.55890998840332,0.9543912410736084,1.1482387781143188,21.64019203186035,7.13564920425415,1.362542748451233
69,1,27.884355819225313,0.9540300965309143,1.1400755643844604,20.9483699798584,5.933164596557617,0.5840001106262207
69,2,12.969031167030334,0.9540303945541382,1.1400378942489624,9.550503730773926,2.49721622467041,0.5024975538253784
69,3,10.740963646769524,0.9560104012489319,1.1414804458618164,8.505128860473633,1.5706701278686523,0.2456664890050888
69,4,0.818284927122295,0.9531154036521912,1.1418161392211914,0.01065951120108366,0.2592901885509491,0.12934891879558563
69,5,0.9355236895382404,0.953109622001648,1.1414951086044312,0.010045964270830154,0.4230276346206665,0.08352914452552795
69,6,1.2856116680428387,0.9567691683769226,1.1434680223464966,0.010153296403586864,0.4063457250595093,0.4490652084350586
69,7,0.8154544848948717,0.9589788317680359,1.1426430940628052,0.009758787229657173,0.17264433205127716,0.21272698044776917
69,8,0.8746493883430958,0.9589364528656006,1.1423509120941162,0.010355029255151749,0.1720942109823227,0.271942675113678
69,9,0.9313656814396382,0.9590273499488831,1.1433963775634766,0.010412368923425674,0.2218451350927353,0.27862343192100525
69,10,0.8029834302142262,0.9586536288261414,1.1428848505020142,0.011492920108139515,0.12607522308826447,0.24510759115219116
69,11,0.8029123220592738,0.9578289985656738,1.14324152469635,0.01102566160261631,0.1439116895198822,0.22776086628437042
69,12,0.7953436994925142,0.9578601121902466,1.1438534259796143,0.010050349868834019,0.12653200328350067,0.23841863870620728
69,13,0.7254742493852973,0.9574416279792786,1.1441502571105957,0.010871014557778835,0.08288449794054031,0.2114003598690033
69,14,0.8399104001000524,0.9569273591041565,1.1449657678604126,0.009878543205559254,0.08423645794391632,0.32541677355766296
69,15,0.7722193060442806,0.9569658637046814,1.1452606916427612,0.009627844206988811,0.10257893055677414,0.23956722021102905
69,16,0.7172686059027911,0.9567216634750366,1.1460177898406982,0.010511176660656929,0.07305887341499329,0.21315066516399384
69,17,0.745147123374045,0.9561812281608582,1.1462887525558472,0.007756673730909824,0.06322599947452545,0.25367045402526855
69,18,0.7662269843742251,0.9562200307846069,1.1459980010986328,0.009925025515258312,0.07205886393785477,0.2637994885444641
69,19,0.7896769022569061,0.9561110138893127,1.1462433338165283,0.008973448537290096,0.07312094420194626,0.28711163997650146
69,20,0.6987224329262972,0.9554992914199829,1.1454298496246338,0.010748574510216713,0.05630364269018173,0.2114843875169754
69,21,0.729283100925386,0.9553699493408203,1.1458803415298462,0.009999058209359646,0.06971508264541626,0.22931890189647675
69,22,0.8311389761045576,0.9553056955337524,1.1452927589416504,0.009334293194115162,0.055313341319561005,0.3463716506958008
69,23,0.7696930946782232,0.955467939376831,1.1456493139266968,0.00962385255843401,0.04245825111865997,0.2973875403404236
69,24,0.8815390527248382,0.9554338455200195,1.1458133459091187,0.010325595736503601,0.053116485476493835,0.3978475332260132
70,0,32.78073387145996,0.9554615020751953,4.835197925567627,23.650041580200195,5.899737358093262,2.0728230476379395
70,1,30.999881201982497,0.9621943235397339,3.988218307495117,23.674203872680664,5.974515914916992,0.3610788881778717
70,2,23.96516741514206,0.9622093439102173,3.276658773422241,19.082916259765625,3.755256414413452,0.2792211174964905
70,3,12.3426708817482,0.9622093439102173,2.7172129154205322,8.279742240905762,2.9295194149017334,0.39752477407455444
70,4,1.7959156095981599,0.9635370969772339,1.9436310529708862,0.1500243842601776,0.699398934841156,0.36505866050720215
70,5,1.6546002522110939,0.9585228562355042,1.687267780303955,0.09439782053232193,0.6994566917419434,0.33158761262893677
70,6,1.544397820532322,0.9584833979606628,1.4992468357086182,0.08355743438005447,0.6711758375167847,0.2981185019016266
70,7,1.4432352010160685,0.9580320715904236,1.2748150825500488,0.01695462502539158,0.7296763062477112,0.2500348389148712
70,8,1.3284119440242648,0.9611443281173706,1.2126898765563965,0.013483132235705853,0.6992966532707214,0.1808653175830841
70,9,1.1946835501119495,0.9611313939094543,1.1764830350875854,0.014105807058513165,0.5278162360191345,0.2252386212348938
70,10,1.05507951695472,0.9602449536323547,1.1467276811599731,0.010685739107429981,0.4119729697704315,0.21102628111839294
70,11,0.9313205232843758,0.958393931388855,1.1414430141448975,0.012137218378484249,0.3497653901576996,0.14945052564144135
70,12,0.6871101597324014,0.9580016136169434,1.140081524848938,0.009867005981504917,0.14041510224342346,0.11721142381429672
70,13,0.7115275736898183,0.9592461585998535,1.1410287618637085,0.011643065139651299,0.0852593407034874,0.19457018375396729
70,14,0.6875893725082278,0.9597217440605164,1.1419460773468018,0.010777282528579235,0.09131357818841934,0.16516494750976562
70,15,0.6350763775408268,0.9578841328620911,1.1439112424850464,0.011552412062883377,0.0784129872918129,0.12475190311670303
70,16,0.6786873552948237,0.9574913382530212,1.1462069749832153,0.010160746052861214,0.09718231111764908,0.15060463547706604
70,17,0.8241403868421913,0.9574793577194214,1.1462817192077637,0.010731889866292477,0.22986501455307007,0.16279126703739166
70,18,0.7650508744642138,0.9565322399139404,1.1456102132797241,0.009941707365214825,0.19237020611763,0.1423104703426361
70,19,0.7648634351789951,0.9571823477745056,1.1448895931243896,0.011584807187318802,0.1688535213470459,0.16401071846485138
70,20,0.9041706383228302,0.9571707248687744,1.1444180011749268,0.011793121695518494,0.3065754473209381,0.16548432409763336
70,21,0.7884643802419306,0.9567614793777466,1.1444826126098633,0.010129795409739017,0.2059457153081894,0.1521400511264801
71,0,31.238862323760987,0.9554615020751953,4.835197925567627,22.0267391204834,5.678842544555664,2.3751487731933594
71,1,26.857704329490662,0.9525154232978821,3.9877350330352783,22.857439041137695,2.228787899017334,0.7834272980690002
71,2,11.222567558288574,0.9525141716003418,3.3001210689544678,8.852672576904297,0.8088372945785522,0.7105306386947632
71,3,9.97568496465683,0.9533202052116394,2.756901264190674,8.301471710205078,0.5356673002243042,0.39650166034698486
71,4,2.753703171387315,0.9583857655525208,1.9726002216339111,0.015186959877610207,1.4715214967727661,0.6807975172996521
71,5,1.4614119958132505,0.9566906690597534,1.7098298072814941,0.013342482969164848,0.3789169192314148,0.5358484983444214
71,6,1.5903352536261082,0.9566985368728638,1.5248591899871826,0.0112992562353611,0.5200849175453186,0.5626395344734192
71,7,1.7625742895528673,0.9555433988571167,1.2940516471862793,0.008866439573466778,0.5667777061462402,0.7370111346244812
71,8,1.6939751693978906,0.9555411338806152,1.2270631790161133,0.01026418898254633,0.5447489619255066,0.7024411559104919
71,9,1.4438283955678344,0.9555396437644958,1.1845338344573975,0.010149023495614529,0.49120375514030457,0.5144609212875366
71,10,1.2467545805498959,0.9572634100914001,1.1473779678344727,0.01016013603657484,0.3567609488964081,0.4589052200317383
71,11,1.2686478773131966,0.957984983921051,1.1415702104568481,0.009733215905725956,0.3123323321342468,0.526671290397644
71,12,1.228151268325746,0.9579361081123352,1.1400588750839233,0.01052511390298605,0.3231859803199768,0.4748411774635315
71,13,0.8189056241884828,0.9575949311256409,1.1411243677139282,0.009754710830748081,0.26066094636917114,0.12874610722064972
71,14,0.7581226812675596,0.9578058123588562,1.14181649684906,0.009884935803711414,0.22792716324329376,0.1003861203789711
71,15,0.7269138276576996,0.9579216241836548,1.1427000761032104,0.010090336203575134,0.217820405960083,0.0788787454366684
71,16,0.6963272763416172,0.9576150178909302,1.1438871622085571,0.009564346633851528,0.2172984927892685,0.049164000898599625
71,17,0.6978158453479409,0.9578800201416016,1.1455233097076416,0.009852291084825993,0.224544957280159,0.0427379310131073
71,18,0.6615078698843717,0.9579034447669983,1.1448525190353394,0.009830603376030922,0.19692765176296234,0.034198421984910965
71,19,0.5260661462321878,0.9576660990715027,1.1446733474731445,0.00885371956974268,0.07300008833408356,0.023744449019432068
71,20,0.4880778441205621,0.9578566551208496,1.1442043781280518,0.009053959511220455,0.04049824923276901,0.018113428726792336
72,0,31.233209097385405,0.9541494250297546,1.1440876722335815,21.838058471679688,6.821051597595215,2.154451608657837
72,1,27.59545668363571,0.9521352648735046,1.1515437364578247,21.584386825561523,5.070102214813232,0.5202318429946899
72,2,12.207829082012177,0.9521346688270569,1.1519728899002075,10.314130783081055,1.1700330972671509,0.30284368991851807
72,3,13.782255482673644,0.9520679712295532,1.1519197225570679,11.55249309539795,0.7752934694290161,1.0336713790893555
72,4,1.5741222430020572,0.9524555206298828,1.1496613025665283,0.0156719870865345,1.109011173248291,0.029015718027949333
72,5,1.1328877700492739,0.9524075388908386,1.15395188331604,0.012901338748633862,0.6671858429908752,0.03152870386838913
72,6,1.384523586370051,0.9524080753326416,1.15440034866333,0.012348822318017483,0.9230502247810364,0.02776285447180271
72,7,0.8219640111550689,0.9539270997047424,1.1559358835220337,0.01165203657001257,0.35986995697021484,0.028469420969486237
72,8,0.8527417255565524,0.954098105430603,1.1529133319854736,0.00911931786686182,0.3910634219646454,0.031156698241829872
72,9,0.9194146156311036,0.9540917873382568,1.1525442600250244,0.00988675281405449,0.4558747112751007,0.03232594206929207
72,10,0.8577397465705872,0.9539653658866882,1.1512852907180786,0.010690275579690933,0.4028308093547821,0.02316853031516075
72,11,0.6078227281570435,0.9539928436279297,1.150862693786621,0.010462693870067596,0.15378713607788086,0.022601790726184845
72,12,0.5494071438908578,0.9539928436279297,1.1500520706176758,0.01026291586458683,0.09491090476512909,0.023424340412020683
72,13,0.5616050314158201,0.9547277092933655,1.1476777791976929,0.010948816314339638,0.10244888812303543,0.027726229280233383
72,14,0.6024353612214327,0.9540820717811584,1.1465171575546265,0.009680664166808128,0.14751029014587402,0.02512456104159355
72,15,0.5384546166285873,0.9544960260391235,1.1459498405456543,0.010386216454207897,0.08547808974981308,0.022501137107610703
72,16,0.5552413836121559,0.9537617564201355,1.1460016965866089,0.010692168027162552,0.0988418310880661,0.025754693895578384
72,17,0.5503171173855662,0.9537904262542725,1.1456471681594849,0.010510456748306751,0.09646950662136078,0.02344963513314724
72,18,0.5130040043964983,0.9543835520744324,1.1452748775482178,0.008978179655969143,0.05844341591000557,0.02565072290599346
72,19,0.5453872513025999,0.9547268152236938,1.1449809074401855,0.01083722896873951,0.08897098898887634,0.025637488812208176
72,20,0.5336798815056683,0.9546103477478027,1.1446305513381958,0.01092201191931963,0.0765431672334671,0.026366522535681725
72,21,0.5364411523565651,0.9542145729064941,1.144351601600647,0.011398150585591793,0.0840507224202156,0.021279044449329376
72,22,0.5407127909362317,0.9540110230445862,1.1436971426010132,0.00966810155659914,0.09657839685678482,0.01492465939372778
72,23,0.5045053014531732,0.9538921117782593,1.1434082984924316,0.008974548429250717,0.06281539052724838,0.013255280442535877
72,24,0.5218074429780245,0.9545820355415344,1.1429529190063477,0.010612515732645988,0.07705280929803848,0.014635127037763596
73,0,32.606705236434934,0.9554615020751953,4.835197925567627,22.51398468017578,6.705142021179199,2.2294466495513916
73,1,24.9279851436615,0.9554615020751953,3.988704204559326,17.505163192749023,5.409567356109619,1.0244214534759521
73,2,23.931502079963686,0.9546947479248047,3.293017625808716,18.966161727905273,2.8185830116271973,1.2972148656845093
73,3,22.34287221431732,0.9593003988265991,2.7177414894104004,18.799711227416992,1.6183810234069824,1.1893715858459473
73,4,1.539777352847159,0.9562886357307434,1.941428303718567,0.014854171313345432,0.4086644649505615,0.5367153286933899
73,5,1.3170159822329879,0.9531893730163574,1.6813740730285645,0.012739009223878384,0.3095645606517792,0.46779972314834595
73,6,1.4726088032126428,0.9540184140205383,1.4945083856582642,0.011909835040569305,0.3870033919811249,0.583990216255188
73,7,1.2546801278367639,0.956565797328949,1.2662806510925293,0.010705710388720036,0.3770908713340759,0.42231425642967224
73,8,1.0280647309497,0.9551588296890259,1.2075639963150024,0.010904309339821339,0.22477710247039795,0.3598387539386749
73,9,1.2117874084040523,0.9541824460029602,1.1749329566955566,0.010560783557593822,0.23210833966732025,0.5432952046394348
73,10,2.415502975322306,0.9567605257034302,1.1457749605178833,0.01067029032856226,0.19687694311141968,1.7874486446380615
73,11,2.7278403526172044,0.956765353679657,1.1411805152893066,0.01063715573400259,0.18475334346294403,2.112860679626465
73,12,3.1998029109090567,0.95744788646698,1.1400055885314941,0.01011364720761776,0.1733856052160263,2.5968129634857178
73,13,0.755121647194028,0.9585390686988831,1.1409869194030762,0.010280350223183632,0.23458902537822723,0.09034707397222519
73,14,0.6320812668651342,0.9585179686546326,1.1427408456802368,0.010197741910815239,0.1382783055305481,0.06335345655679703
73,15,0.6522094333544374,0.959170937538147,1.1441072225570679,0.009931468404829502,0.1772971898317337,0.04432514309883118
73,16,0.6691376522183419,0.96019446849823,1.1469759941101074,0.010955117642879486,0.16145671904087067,0.0752917230129242
73,17,0.7095042858272791,0.9601706266403198,1.148906946182251,0.010996410623192787,0.1913500875234604,0.08534227311611176
73,18,0.6906707175076008,0.9599059224128723,1.1488369703292847,0.01142190769314766,0.1902574896812439,0.06724274158477783
73,19,0.6158347124233843,0.959490954875946,1.1465874910354614,0.009371411986649036,0.14296741783618927,0.04228019341826439
73,20,0.581463073566556,0.959894061088562,1.146645188331604,0.010174458846449852,0.11359963566064835,0.036381129175424576
73,21,0.5769557639956475,0.9599025249481201,1.1457637548446655,0.0105234794318676,0.09541076421737671,0.04988826438784599
73,22,0.6102696560323239,0.9592409133911133,1.1490976810455322,0.009844928979873657,0.12259481102228165,0.05616219714283943
73,23,0.6003821808844805,0.959187388420105,1.147070288658142,0.009743357077240944,0.09857816994190216,0.07080911844968796
73,24,0.5971371714025736,0.9591890573501587,1.1494505405426025,0.01097475178539753,0.0878889337182045,0.07654556632041931
74,0,30.911316204071046,0.9554615020751953,4.835197925567627,21.7299747467041,5.537079334259033,2.4861302375793457
74,1,28.835782220959665,0.9932796359062195,3.9882538318634033,23.20130729675293,4.587554454803467,0.050613775849342346
74,2,23.88937240615487,0.9959286451339722,3.282120943069458,19.204078674316406,3.780381441116333,0.049302373081445694
74,3,7.804625648260116,0.9959172606468201,2.7084124088287354,3.643453359603882,3.3660669326782227,0.054239422082901
74,4,1.5501428529620171,0.9595962166786194,1.9306892156600952,0.01597287505865097,0.6675299406051636,0.2885829508304596
74,5,1.1591275895014406,0.9644643664360046,1.6786361932754517,0.014309623278677464,0.23227623105049133,0.38392162322998047
74,6,0.9597119428217411,0.9598436951637268,1.4921700954437256,0.012497831135988235,0.17660005390644073,0.28021129965782166
74,7,0.8514375610277057,0.9550608992576599,1.277546763420105,0.013733956031501293,0.12388698011636734,0.26729509234428406
74,8,0.8637448495253921,0.9540320038795471,1.2135123014450073,0.014143927954137325,0.10514863580465317,0.3109434247016907
74,9,0.8287621218711138,0.9539908170700073,1.1778579950332642,0.012394802644848824,0.10149712860584259,0.28850042819976807
74,10,0.7872434563934803,0.9538120627403259,1.1451226472854614,0.011461202055215836,0.08964039385318756,0.26635491847991943
74,11,0.8037566287443042,0.9534125328063965,1.1408748626708984,0.012433256022632122,0.08640696108341217,0.2860589325428009
74,12,0.7265557527542115,0.953407347202301,1.1400275230407715,0.0126509889960289,0.08007600158452988,0.21514178812503815
74,13,0.7242194842547178,0.9541149735450745,1.1431885957717896,0.01178131066262722,0.05454198271036148,0.23843547701835632
74,14,0.6959455659613014,0.9541125297546387,1.1442700624465942,0.01186527218669653,0.0718085914850235,0.19259518384933472
74,15,0.7192505676299334,0.9539828300476074,1.1452348232269287,0.010192180052399635,0.06784465163946152,0.22137020528316498
74,16,0.7450211236253381,0.9540143013000488,1.1461710929870605,0.010552839376032352,0.08316363394260406,0.23126757144927979
74,17,0.7282249918207526,0.9547710418701172,1.1467844247817993,0.0100979870185256,0.07979530841112137,0.21802060306072235
74,18,0.7094452502205968,0.9547792077064514,1.1474250555038452,0.00978607777506113,0.06116366758942604,0.2180546522140503
74,19,0.7297383071854711,0.9541637897491455,1.1482630968093872,0.010631364770233631,0.06918776035308838,0.2294338047504425
74,20,0.6759452998638154,0.9545838832855225,1.1480172872543335,0.01097128912806511,0.05477965250611305,0.18967412412166595
74,21,0.6694269826635718,0.9548832774162292,1.1484390497207642,0.01106350775808096,0.03916095942258835,0.19853805005550385
74,22,0.6247334361076355,0.954741358757019,1.146972894668579,0.00985724851489067,0.02618870511651039,0.1683446317911148
74,23,0.6627951737493276,0.9546825289726257,1.1479458808898926,0.01024380512535572,0.02748062089085579,0.2045450657606125
74,24,0.6452242305502296,0.9544806480407715,1.1479607820510864,0.010316004045307636,0.030718663707375526,0.1837012767791748
75,0,32.16929047107696,0.9582995176315308,1.1436126232147217,23.430295944213867,5.757651329040527,2.5609607696533203
75,1,16.607170116901397,0.9582995176315308,1.1877422332763672,10.112215042114258,5.569034099578857,0.4967126250267029
75,2,14.973650217056274,0.9545600414276123,1.1592161655426025,10.246628761291504,2.2314419746398926,2.072824239730835
75,3,14.726257920265198,0.9532193541526794,1.1591755151748657,10.700942039489746,3.185244083404541,0.4175928235054016
75,4,1.5006456032395363,0.9562489986419678,1.1552058458328247,0.03437554091215134,0.8814437985420227,0.16253529489040375
75,5,1.14027318097651,0.9544282555580139,1.1522597074508667,0.020850593224167824,0.5183789730072021,0.17970602214336395
75,6,1.1125800823792815,0.9557068347930908,1.1519217491149902,0.013421899639070034,0.538985013961792,0.13864745199680328
75,7,1.0608252545818686,0.9544966220855713,1.1497068405151367,0.012929721735417843,0.49447888135910034,0.13257595896720886
75,8,1.1097969638183713,0.9547830820083618,1.1493040323257446,0.012369026429951191,0.541403591632843,0.1352069228887558
75,9,0.7814928440377117,0.9540077447891235,1.1484785079956055,0.011098491959273815,0.22286276519298553,0.12703433632850647
75,10,0.704118686914444,0.9539670944213867,1.1488897800445557,0.01047489047050476,0.13424678146839142,0.13882564008235931
75,11,0.6839991688728333,0.9539673924446106,1.147951602935791,0.01057753711938858,0.1291426718235016,0.12389516085386276
75,12,0.6823777217417956,0.9534743428230286,1.1490799188613892,0.011977115646004677,0.11159982532262802,0.1382899284362793
75,13,0.6475202092900872,0.9533369541168213,1.1506433486938477,0.01066546980291605,0.09881268441677094,0.11724599450826645
75,14,0.6207135180011392,0.9533196091651917,1.1513129472732544,0.008826845325529575,0.0851951465010643,0.10576501488685608
75,15,0.6354564726352692,0.9535815715789795,1.1521086692810059,0.010409064590930939,0.08026861399412155,0.1236407458782196
75,16,0.6204636665061116,0.9530577063560486,1.1502325534820557,0.010066774673759937,0.09196857362985611,0.09777026623487473
75,17,0.6266376161947846,0.9530451893806458,1.150064468383789,0.01001493725925684,0.08049926906824112,0.11550147831439972
75,18,0.6418771356344224,0.953006386756897,1.1489179134368896,0.010548166930675507,0.09857121109962463,0.11237289756536484
75,19,0.6239980911836028,0.9530904293060303,1.1499272584915161,0.010387054644525051,0.07557232677936554,0.11743517220020294
75,20,0.6134099390357733,0.9531261920928955,1.1498881578445435,0.010212449356913567,0.09181919693946838,0.09077542275190353
75,21,0.6530770439654588,0.9533162713050842,1.1497628688812256,0.008508788421750069,0.10254315286874771,0.12140927463769913
75,22,0.5737692791968585,0.9534070491790771,1.1506361961364746,0.009703380987048149,0.05582216754555702,0.08743508160114288
75,23,0.6111680161207915,0.9530155062675476,1.151020884513855,0.010795047506690025,0.06634697318077087,0.11321871727705002
75,24,0.6065055260434746,0.953050434589386,1.150336742401123,0.009666998870670795,0.050332825630903244,0.12582826614379883
76,0,32.37349061965942,0.9554615020751953,4.835197925567627,21.445411682128906,7.186861515045166,2.583085536956787
76,1,25.256102389097215,0.958026647567749,3.9875142574310303,20.00394058227539,3.8178815841674805,0.4451720416545868
76,2,11.50026277899742,0.9580252766609192,3.2978322505950928,8.260814666748047,2.0387978553771973,0.34947875142097473
76,3,12.303535258769989,0.9520831108093262,2.7528252601623535,8.150569915771484,2.931753396987915,0.48023027181625366
76,4,1.930429555848241,0.9521579146385193,1.9721087217330933,0.013383092358708382,0.5697060227394104,0.7624871134757996
76,5,1.4781111914664509,0.9524698853492737,1.7124985456466675,0.01457292027771473,0.31685683131217957,0.6136877536773682
76,6,1.7081131191924215,0.9524654746055603,1.5243452787399292,0.014419910497963428,0.4697270393371582,0.7286040186882019
76,7,1.2799203786998987,0.9541496634483337,1.2872540950775146,0.018036754801869392,0.11827010661363602,0.6953327655792236
76,8,1.2943990383297206,0.9549544453620911,1.2217131853103638,0.014230901375412941,0.12638114392757416,0.7184534668922424
76,9,1.1737176764756443,0.9549234509468079,1.1824395656585693,0.010099867358803749,0.09805280715227127,0.6380923986434937
76,10,1.1236795570701361,0.95781010389328,1.1466838121414185,0.009473955258727074,0.14818055927753448,0.5451262593269348
76,11,1.1847778886556626,0.9577372670173645,1.1419614553451538,0.010090731084346771,0.08768477290868759,0.6670626401901245
76,12,0.6088505113497377,0.9577310085296631,1.1400516033172607,0.009859823621809483,0.08883271366357803,0.09060145169496536
76,13,0.6474819539114833,0.9569581151008606,1.1413577795028687,0.010725433938205242,0.11427009850740433,0.10282324254512787
76,14,0.5748154390603304,0.9564483761787415,1.1417301893234253,0.009487228468060493,0.049308717250823975,0.09638378024101257
76,15,0.5398784620687366,0.955520510673523,1.1423574686050415,0.009711562655866146,0.03115386888384819,0.07943743467330933
76,16,0.5597173044458031,0.9567137360572815,1.1431878805160522,0.010304317809641361,0.038660936057567596,0.09077172726392746
76,17,0.5673347063362599,0.9568458199501038,1.144317626953125,0.010551627725362778,0.03074326366186142,0.10580712556838989
76,18,0.5769558109343051,0.9569855332374573,1.1440412998199463,0.009269675239920616,0.027010058984160423,0.12047071009874344
76,19,0.569618116877973,0.9562600255012512,1.1442309617996216,0.011802597902715206,0.032025277614593506,0.10569204390048981
76,20,0.537552914954722,0.9569098949432373,1.1438372135162354,0.009162633679807186,0.025768661871552467,0.08247219771146774
76,21,0.5380262015387416,0.9563630819320679,1.142457127571106,0.009927540086209774,0.029209602624177933,0.07912501692771912
76,22,0.5423418087884784,0.9556633234024048,1.1449962854385376,0.00965061504393816,0.023306256160140038,0.0892530158162117
76,23,0.554892784357071,0.9560128450393677,1.145426869392395,0.011169932782649994,0.023607313632965088,0.0998275950551033
76,24,0.5299761505797506,0.9558289647102356,1.1445807218551636,0.01004785392433405,0.02331547811627388,0.07653088122606277
77,0,30.113050031661988,0.9554615020751953,4.835197925567627,21.313228607177734,5.881792068481445,1.7598974704742432
77,1,14.37461922466755,0.9554615020751953,3.9887897968292236,8.647916793823242,4.693812847137451,0.044039323925971985
77,2,10.177051629126073,0.9664852023124695,3.2816736698150635,8.03940486907959,1.2561867237091064,0.03182826191186905
77,3,10.416104412078857,0.9596648216247559,2.743739128112793,8.432587623596191,0.9603710770606995,0.2824649214744568
77,4,2.690857245773077,0.9650043845176697,1.952394962310791,0.05192333087325096,1.610999345779419,0.44445469975471497
77,5,1.5557075858116152,0.965240478515625,1.685699701309204,0.043532729148864746,0.4628543257713318,0.5191324949264526
77,6,1.3166957281529903,0.9597954154014587,1.4944294691085815,0.03505488857626915,0.21109110116958618,0.579704761505127
77,7,1.271159640699625,0.9591730237007141,1.2735674381256104,0.039726827293634415,0.19840475916862488,0.5864799618721008
77,8,1.1809554763138295,0.9592046141624451,1.214921236038208,0.037462640553712845,0.2607879638671875,0.44787970185279846
77,9,1.1498273380100728,0.9572381377220154,1.1792241334915161,0.03379443660378456,0.24153079092502594,0.4472096562385559
77,10,0.9877747803926468,0.9557619690895081,1.1458938121795654,0.039318546652793884,0.18501290678977966,0.34311217069625854
77,11,1.0815130427479744,0.9557729959487915,1.141023874282837,0.02945653349161148,0.2042313516139984,0.4284657835960388
77,12,0.9846652686595917,0.9545819163322449,1.1400043964385986,0.028316736221313477,0.19785228371620178,0.3395789861679077
77,13,1.5315677832812071,0.9547666311264038,1.1419169902801514,0.019380388781428337,0.19418160617351532,0.8986690640449524
77,14,1.7108599815517664,0.9547808766365051,1.144089937210083,0.010601053014397621,0.3155612051486969,0.9649235606193542
77,15,1.6408432602882386,0.9547773599624634,1.145563006401062,0.011175870895385742,0.30126333236694336,0.9083359837532043
77,16,1.2560258105397224,0.9550788998603821,1.1464694738388062,0.010192297399044037,0.24508725106716156,0.5804365873336792
77,17,1.3275663129985333,0.9550780057907104,1.148828148841858,0.009709041565656662,0.33406832814216614,0.5630077123641968
77,18,1.3702143846079706,0.9545751810073853,1.1487882137298584,0.010024535469710827,0.19307681918144226,0.7464403510093689
78,0,30.163785135746004,0.9543400406837463,1.1406543254852295,21.464872360229492,6.514240264892578,1.7656736373901367
78,1,26.566250908374787,0.954020082950592,1.167203664779663,21.754819869995117,4.0048627853393555,0.3823235034942627
78,2,27.93033939599991,0.9529106020927429,1.1548035144805908,22.914592742919922,3.7296552658081055,0.8645485639572144
78,3,23.794857788085938,0.9529119729995728,1.1524041891098022,19.20692253112793,2.1967499256134033,1.9701220989227295
78,4,5.864280424639583,0.9533973932266235,1.159722089767456,0.01018124632537365,1.9199126958847046,3.5115625858306885
78,5,5.88716491330415,0.9563802480697632,1.1584810018539429,0.012401972897350788,1.721941351890564,3.729849338531494
78,6,6.113441362604499,0.9562987685203552,1.1547819375991821,0.011020710691809654,1.6953493356704712,3.9848551750183105
78,7,4.98640342913568,0.9586327075958252,1.1501798629760742,0.009797578677535057,0.25298014283180237,4.301863193511963
78,8,5.085743984393775,0.9567171335220337,1.1485352516174316,0.010076838545501232,0.2164181023836136,4.438198566436768
78,9,4.752069692127407,0.9567896127700806,1.147742509841919,0.010232950560748577,0.21306689083576202,4.107863426208496
78,10,5.039402796700597,0.9563550353050232,1.14762282371521,0.010071801021695137,0.2187286764383316,4.389806747436523
78,11,4.496372491493821,0.9561839699745178,1.1465774774551392,0.0123410914093256,0.09594456851482391,3.9675345420837402
78,12,4.480638322792947,0.9565272331237793,1.146453857421875,0.011759149841964245,0.05915007367730141,3.989132881164551
78,13,3.823031958937645,0.9563805460929871,1.145931363105774,0.009482070803642273,0.09766900539398193,3.2954185009002686
78,14,4.295889210514725,0.955403208732605,1.1456236839294434,0.012711512856185436,0.09152776002883911,3.77144455909729
78,15,4.866727709583938,0.9545849561691284,1.146788477897644,0.010982940904796124,0.0841197744011879,4.3513503074646
78,16,4.96780060287565,0.9556960463523865,1.146601915359497,0.011735252104699612,0.11583361029624939,4.419772148132324
78,17,4.209556267410517,0.9557492136955261,1.1462819576263428,0.009592611342668533,0.08869977295398712,3.6908576488494873
78,18,4.86913106162101,0.9553704857826233,1.1451951265335083,0.00974245835095644,0.0980818048119545,4.341193675994873
78,19,4.252237239666283,0.9547278881072998,1.1449748277664185,0.01085770595818758,0.0805630311369896,3.7408759593963623
79,0,33.64818816184997,0.9554615020751953,4.835197925567627,24.156892776489258,6.171932697296143,2.1612308025360107
79,1,32.80994125008583,0.9576668739318848,3.988109827041626,25.958837509155273,5.708348751068115,0.15359964966773987
79,2,27.010522824525832,0.9523426294326782,3.2820885181427,24.67534828186035,1.4235668182373047,0.0647214949131012
79,3,26.85124455541372,0.953703761100769,2.7259879112243652,24.644906997680664,1.3897515535354614,0.08064766973257065
79,4,1.6363578904420137,0.955215573310852,1.9542659521102905,0.02565537579357624,0.5997728705406189,0.4290333390235901
79,5,1.514735047519207,0.9567922353744507,1.6991493701934814,0.01724608987569809,0.5028064250946045,0.463494211435318
79,6,1.421859985217452,0.956368625164032,1.5108628273010254,0.022920673713088036,0.48366233706474304,0.4218306839466095
79,7,1.270048126578331,0.954420268535614,1.2767291069030762,0.01225946843624115,0.45277178287506104,0.35878700017929077
79,8,1.2514665987342597,0.9568352103233337,1.2141002416610718,0.011689027771353722,0.42084217071533203,0.38474830985069275
79,9,1.177672152221203,0.9570513367652893,1.1772295236587524,0.00972660630941391,0.44740721583366394,0.29368215799331665
79,10,1.9027216129004956,0.957948625087738,1.145015835762024,0.010966908186674118,0.3902524411678314,1.0809093713760376
79,11,1.6506755502894521,0.9582927823066711,1.1407032012939453,0.010261711664497852,0.343712717294693,0.8769019246101379
79,12,2.1790728982537986,0.9577414989471436,1.140046238899231,0.010552113875746727,0.38222670555114746,1.3667365312576294
79,13,1.86786198168993,0.9585078358650208,1.1427578926086426,0.011256463825702667,0.346820592880249,1.0895317792892456
79,14,1.843553382717073,0.9585341811180115,1.1440626382827759,0.008876151405274868,0.40477454662323,1.0093833208084106
79,15,1.7785414522513747,0.9576139450073242,1.1457570791244507,0.011046445928514004,0.38186416029930115,0.9649566411972046
80,0,32.60913758277893,0.9554615020751953,4.835197925567627,23.433086395263672,6.439729690551758,1.5781896114349365
80,1,26.703763085603715,0.9554615020751953,3.9871621131896973,18.034427642822266,7.395059585571289,0.2857511341571808
80,2,4.003732699155807,0.9554615020751953,3.2951366901397705,0.13764901459217072,2.838627815246582,0.17733623087406158
80,3,3.6127598494291306,0.9531723856925964,2.743448257446289,0.14997465908527374,2.320955276489258,0.4025057852268219
80,4,2.1155941978096964,0.9524615406990051,1.9623254537582397,0.03738570958375931,1.2215783596038818,0.2736727297306061
80,5,1.0891235776245594,0.9520679712295532,1.6997084617614746,0.021176505833864212,0.2922830581665039,0.24530872702598572
80,6,1.035029037296772,0.9520688652992249,1.5055220127105713,0.020051278173923492,0.2579796612262726,0.2654799222946167
80,7,0.8927407868206502,0.9531562924385071,1.2695331573486328,0.013194862753152847,0.21744592487812042,0.21756210923194885
80,8,0.8606560252606869,0.9533499479293823,1.2084805965423584,0.014645081013441086,0.2008393257856369,0.21280550956726074
80,9,0.8640491656959057,0.9533411264419556,1.1699434518814087,0.013132568448781967,0.16563324630260468,0.2606264352798462
80,10,0.8802991988137364,0.9530600905418396,1.1434619426727295,0.010127332992851734,0.17639197409152985,0.27447548508644104
80,11,0.9442067448049785,0.9529829621315002,1.14040207862854,0.01128474809229374,0.1505580097436905,0.3636869788169861
80,12,0.9418438469991088,0.9529826045036316,1.1403253078460693,0.011533460579812527,0.1581287980079651,0.353520005941391
80,13,1.0027009144425392,0.9530778527259827,1.144412636756897,0.011060066521167755,0.21308228373527527,0.35906046628952026
80,14,0.9937992177903652,0.9533420205116272,1.1460719108581543,0.011964958161115646,0.19379614293575287,0.3681553304195404
81,0,30.128326761722565,0.9603297114372253,1.1506807804107666,22.5615234375,5.886266708374023,1.2583345174789429
81,1,25.417895460128783,0.9603297114372253,1.182755708694458,18.870206832885742,5.5712127685546875,0.5478587746620178
81,2,21.571572482585907,0.9592396020889282,1.1724156141281128,18.215829849243164,2.2018489837646484,0.7275626063346863
81,3,21.33101202249527,0.9601368308067322,1.1722551584243774,19.19939422607422,1.102964162826538,0.602175235748291
81,4,0.9262385759502649,0.9546491503715515,1.1564064025878906,0.031060779467225075,0.1834716647863388,0.2894950211048126
81,5,0.7974957130849362,0.9546335935592651,1.1546127796173096,0.031876374036073685,0.1135433241724968,0.23022674024105072
81,6,1.074239643663168,0.9562160968780518,1.1488535404205322,0.03197374567389488,0.09195694327354431,0.529295027256012
81,7,1.1043247777968646,0.9580616354942322,1.151597023010254,0.02688242681324482,0.08232338726520538,0.5731872320175171
81,8,1.1024143867194653,0.9580690860748291,1.1512938737869263,0.024601299315690994,0.1221403107047081,0.5338001847267151
81,9,1.1850617662072183,0.958406388759613,1.1499054431915283,0.02089468389749527,0.13098067045211792,0.6115240454673767
81,10,1.2050817709416153,0.9607484340667725,1.1509026288986206,0.018607070669531822,0.07919920235872269,0.684945285320282
81,11,1.1635115783661605,0.9607269167900085,1.1500757932662964,0.020044570788741112,0.0809156522154808,0.6403908133506775
82,0,31.431460905075074,0.9554615020751953,4.835197925567627,22.62940788269043,6.539810657501221,1.1041104793548584
82,1,29.341627930104732,0.9619594812393188,3.988800287246704,23.31974983215332,4.940378189086914,0.09134795516729355
82,2,26.966508059948683,0.9609717726707458,3.2775371074676514,25.015098571777344,1.0586007833480835,0.045106928795576096
82,3,24.786109345778822,0.9600930213928223,2.7258496284484863,23.34082794189453,0.6807588934898376,0.027333980426192284
82,4,1.007067366503179,0.9632749557495117,1.9525169134140015,0.012752762995660305,0.37989920377731323,0.0312570258975029
82,5,0.9812867412343622,0.9613377451896667,1.7004896402359009,0.010656674392521381,0.4114755392074585,0.026789050549268723
82,6,0.8399998525157572,0.9581514596939087,1.5143067836761475,0.011422046460211277,0.2742727994918823,0.05981335788965225
82,7,0.9671809442341328,0.9587147235870361,1.2821203470230103,0.010507006198167801,0.41129907965660095,0.09720784425735474
82,8,0.8925720075145365,0.9579261541366577,1.2203171253204346,0.01069654617458582,0.36351558566093445,0.08271121978759766
82,9,0.8965581828728318,0.957198977470398,1.1842201948165894,0.01165545079857111,0.35430192947387695,0.1023169681429863
82,10,0.9341570675373078,0.9555705189704895,1.1505922079086304,0.008894197642803192,0.43276503682136536,0.07126528769731522
82,11,0.8828024189919234,0.9578961730003357,1.144079327583313,0.009767314419150352,0.40530410408973694,0.047335900366306305
82,12,0.9001952514052391,0.958165168762207,1.1409223079681396,0.010817117989063263,0.4182780385017395,0.051282599568367004
83,0,28.667979526519776,0.9554615020751953,4.835197925567627,19.545028686523438,5.528254508972168,2.4365644454956055
83,1,26.660984873771667,0.9589226245880127,3.9892022609710693,21.170888900756836,3.4775278568267822,1.022943139076233
83,2,20.298256635665894,0.9589293599128723,3.2934629917144775,16.999589920043945,1.9525350332260132,0.4956532120704651
83,3,22.117298436164855,0.9633176922798157,2.7355380058288574,19.42137908935547,1.6433796882629395,0.31276851892471313
83,4,4.084087900817394,0.9612351059913635,1.9391045570373535,0.03925030678510666,2.8923799991607666,0.5723896622657776
83,5,3.7453127738088368,0.961284339427948,1.6732158660888672,0.017691677436232567,2.7119717597961426,0.48874929547309875
83,6,1.7638613138347865,0.9652201533317566,1.491597056388855,0.01262105442583561,0.8864730596542358,0.37340375781059265
83,7,1.8174833398312331,0.9598233699798584,1.2631150484085083,0.011680064722895622,0.9977028965950012,0.36351269483566284
83,8,1.8376477595418692,0.9598339796066284,1.206748604774475,0.011248981580138206,1.068800449371338,0.32428181171417236
83,9,1.3593231005594135,0.9587090015411377,1.1706280708312988,0.011580678634345531,0.8549244403839111,0.06695056706666946
83,10,1.1321287831291555,0.9586085081100464,1.1435753107070923,0.011136985383927822,0.6191864609718323,0.0813685730099678
83,11,1.2244345113635062,0.9596211910247803,1.140505075454712,0.00974118709564209,0.7321175336837769,0.06255053728818893
83,12,1.194647515565157,0.9595762491226196,1.1401134729385376,0.009834226220846176,0.7183237075805664,0.04655163735151291
83,13,1.1264392586424947,0.9580356478691101,1.1430906057357788,0.010558315552771091,0.655925452709198,0.039730239659547806
83,14,1.1265087347477674,0.9581369161605835,1.1446006298065186,0.010884316638112068,0.6557859778404236,0.039290931075811386
83,15,1.3311039531603455,0.9581367373466492,1.1442208290100098,0.009457786567509174,0.8529656529426575,0.04820900037884712
83,16,0.6793110739439726,0.9587491750717163,1.1460626125335693,0.010764271020889282,0.21880681812763214,0.028777627274394035
83,17,0.5262938031926752,0.9588274359703064,1.1464794874191284,0.010298009030520916,0.06481710076332092,0.030117308720946312
83,18,0.5156700428575277,0.9588344693183899,1.148861050605774,0.009486312046647072,0.051994893699884415,0.03264973312616348
83,19,0.7675723800435663,0.9580410718917847,1.1475965976715088,0.010495495982468128,0.044302452355623245,0.29164689779281616
83,20,0.8628871398046613,0.9570559859275818,1.1464743614196777,0.010459196753799915,0.0670742467045784,0.36464762687683105
83,21,0.8123819211497902,0.9572321176528931,1.1465916633605957,0.008065377362072468,0.06064281985163689,0.3229089677333832
83,22,0.8843302814289928,0.9575594067573547,1.1446113586425781,0.009966335259377956,0.0486704520881176,0.4052593410015106
83,23,0.7766802927479148,0.9576365947723389,1.1468254327774048,0.009019332937896252,0.05039193853735924,0.29637661576271057
83,24,0.8312536243349313,0.9572874307632446,1.1469374895095825,0.009102417156100273,0.05845369026064873,0.34285253286361694
84,0,30.82760840654373,0.9548370242118835,1.1489008665084839,21.54511260986328,6.178724765777588,2.683023452758789
84,1,24.922876155376436,0.9548370242118835,1.1402068138122559,17.228971481323242,6.6651482582092285,0.6097476482391357
84,2,18.24172862768173,0.9608555436134338,1.163143277168274,16.192153930664062,1.0441349744796753,0.5806399583816528
84,3,20.130707478523256,0.9607601761817932,1.1597801446914673,18.02345085144043,0.8854881525039673,0.7976604104042053
84,4,3.696104367077351,0.964022696018219,1.1457815170288086,0.06350798159837723,2.374035120010376,0.8366004228591919
84,5,3.209427946805954,0.9585103988647461,1.1449143886566162,0.04938986897468567,1.7603325843811035,0.9790205359458923
84,6,1.1893566824495792,0.9587507247924805,1.147219181060791,0.038187313824892044,0.6786507368087769,0.05132465064525604
84,7,1.0601567912846803,0.9584202170372009,1.1476324796676636,0.014017729088664055,0.5751034021377563,0.049825120717287064
84,8,0.9131217777729035,0.9579012393951416,1.1477344036102295,0.013313841074705124,0.431928813457489,0.046751994639635086
84,9,0.868547267653048,0.9557273983955383,1.1490135192871094,0.014828898943960667,0.37580785155296326,0.056962333619594574
84,10,0.9492237577214837,0.9577856659889221,1.1497454643249512,0.013940603472292423,0.43814584612846375,0.07563108205795288
84,11,0.6238959953188896,0.9562503099441528,1.1487658023834229,0.013579126447439194,0.15210650861263275,0.037207137793302536
84,12,0.5318275602534414,0.9562629461288452,1.1487514972686768,0.013922982849180698,0.06435281038284302,0.03254887834191322
84,13,0.940384266152978,0.9555438160896301,1.1472370624542236,0.01649177260696888,0.07237688452005386,0.43095943331718445
84,14,1.0874241072684527,0.955154538154602,1.1477460861206055,0.015101531520485878,0.048811428248882294,0.602931022644043
84,15,1.301956531777978,0.9550730586051941,1.1467511653900146,0.014207063242793083,0.051053475588560104,0.816331148147583
84,16,1.4406845118850469,0.9547287821769714,1.1460039615631104,0.015074139460921288,0.05939261615276337,0.946071207523346
84,17,1.8585851510986686,0.9546525478363037,1.1458964347839355,0.015624775551259518,0.04098650813102722,1.381864070892334
84,18,1.8208762668073177,0.9546569585800171,1.1452933549880981,0.015171058475971222,0.04597796872258186,1.3397371768951416
85,0,29.5771155834198,0.9554615020751953,4.835197925567627,19.867149353027344,6.648083209991455,1.9037511348724365
85,1,14.685403537750243,0.9554615020751953,3.988173723220825,7.183882236480713,5.465481281280518,1.0473129749298096
85,2,15.332343232631683,0.9554615020751953,3.304943561553955,8.17536449432373,5.684779644012451,0.6201180815696716
85,3,17.817482662200927,0.9554615020751953,2.763787031173706,8.761189460754395,5.807759761810303,2.50468373298645
85,4,5.197205635905266,0.9654106497764587,2.001458168029785,0.012822017073631287,3.244443893432617,1.3465659618377686
85,5,4.019778762944043,0.9653863310813904,1.7401492595672607,0.011736606247723103,2.4553403854370117,1.0115946531295776
85,6,2.7803416879847647,0.9536212682723999,1.5434764623641968,0.011323132552206516,2.235808849334717,0.03379015997052193
85,7,2.2259136220440268,0.956576943397522,1.297787070274353,0.009904867969453335,1.7377480268478394,0.02738792449235916
85,8,2.3254103679209948,0.957925021648407,1.232229471206665,0.011249540373682976,1.8395296335220337,0.03660029545426369
85,9,2.1512999767437577,0.9552751183509827,1.186572790145874,0.011545808054506779,1.671699047088623,0.03968553990125656
85,10,1.0051184894517065,0.9558366537094116,1.1472622156143188,0.010856893844902515,0.24529848992824554,0.32834333181381226
85,11,1.0194798016920685,0.9557961225509644,1.1429070234298706,0.00958217028528452,0.3090931177139282,0.28106388449668884
85,12,0.9477254647761584,0.9561711549758911,1.1401679515838623,0.009904863312840462,0.26227954030036926,0.2562732398509979
85,13,1.0805574016645552,0.9559711813926697,1.1412678956985474,0.010901530273258686,0.2914617955684662,0.3587462604045868
85,14,1.0684497009962797,0.9559839963912964,1.1419931650161743,0.011366469785571098,0.3157614767551422,0.32172632217407227
85,15,1.0865736389532685,0.9559026956558228,1.1433502435684204,0.010721811093389988,0.2713918387889862,0.3846094012260437
85,16,1.0527697192505001,0.9568397402763367,1.1447495222091675,0.009734992869198322,0.2859989404678345,0.3367179334163666
85,17,1.0199843779206277,0.9568567872047424,1.1465305089950562,0.010387010872364044,0.3448275029659271,0.2440924048423767
85,18,0.9957957565784454,0.9573216438293457,1.145727515220642,0.008986324071884155,0.2816021740436554,0.2845974266529083
86,0,31.88569645881653,0.9554615020751953,4.835197925567627,23.425371170043945,5.888831615447998,1.4133617877960205
86,1,27.804658263921738,0.960400402545929,3.988633155822754,21.340805053710938,5.123970031738281,0.35007646679878235
86,2,27.53335812687874,0.9524770379066467,3.282097101211548,23.526073455810547,2.903414487838745,0.2569553554058075
86,3,11.667645737528801,0.9524832963943481,2.716214179992676,9.901609420776367,0.8596833348274231,0.1726134866476059
86,4,0.9900291677564383,0.9520887732505798,1.9405295848846436,0.0255414005368948,0.2559380829334259,0.13002601265907288
86,5,0.911060012318194,0.9521052837371826,1.6830743551254272,0.012545273639261723,0.20611852407455444,0.16536028683185577
86,6,0.8566585512831807,0.9521054625511169,1.490670084953308,0.011108112521469593,0.21011875569820404,0.14687657356262207
86,7,0.7319241374731064,0.9521039724349976,1.2653746604919434,0.010275572538375854,0.06825196743011475,0.2099008709192276
86,8,0.7807638889178634,0.9520688652992249,1.206072211265564,0.010445094667375088,0.06895720958709717,0.26973336935043335
86,9,0.7243402713909746,0.9520684480667114,1.1707589626312256,0.009693936444818974,0.07594286650419235,0.2141379863023758
86,10,0.817139833047986,0.9522404074668884,1.1431353092193604,0.010186741128563881,0.053108520805835724,0.33476942777633667
86,11,0.8252685545012355,0.9524510502815247,1.1401187181472778,0.011612086556851864,0.04290454462170601,0.3522379696369171
86,12,0.8524951318278909,0.9524781703948975,1.140284776687622,0.012705259956419468,0.04310246556997299,0.3781348168849945
86,13,0.9139660617336631,0.9524526000022888,1.143476128578186,0.009124352596700191,0.08980387449264526,0.39585208892822266
86,14,0.9438143484294415,0.9525326490402222,1.145165205001831,0.0097014419734478,0.10084542632102966,0.41372790932655334
86,15,0.9665572034195066,0.952974796295166,1.1461071968078613,0.009718400426208973,0.09583692997694016,0.44118547439575195
87,0,28.203376126289367,0.9566153287887573,1.1461492776870728,21.32753562927246,5.288015365600586,1.1672722101211548
87,1,24.43145878314972,0.9566153287887573,1.1875321865081787,17.638381958007812,6.036113262176514,0.32813405990600586
87,2,18.69885213971138,0.9916560053825378,1.1766750812530518,15.410177230834961,2.4274964332580566,0.4275122582912445
87,3,19.039239251613616,0.9785462617874146,1.160324215888977,16.430091857910156,1.6015305519104004,0.579842746257782
87,4,1.3684761352837085,0.9715192914009094,1.1471014022827148,0.03420116379857063,0.5870901942253113,0.3234606385231018
87,5,1.070281307399273,0.9706525802612305,1.1495331525802612,0.024072907865047455,0.4184575378894806,0.20371371507644653
87,6,0.7853046292439103,0.9695590734481812,1.146270513534546,0.01365851704031229,0.11152464151382446,0.23695555329322815
87,7,0.8835554772987961,0.9677730798721313,1.1465578079223633,0.01206823531538248,0.13928115367889404,0.3093399107456207
87,8,0.8092111319303512,0.9677014350891113,1.146971583366394,0.013442188501358032,0.13767796754837036,0.2351563721895218
87,9,0.7983343109488488,0.9630337953567505,1.1473064422607422,0.013626284897327423,0.12922599911689758,0.23341397941112518
87,10,0.6835463555529714,0.9590057134628296,1.151071548461914,0.013133381493389606,0.1046731099486351,0.14372441172599792
87,11,0.7045561658218503,0.9590502381324768,1.1510761976242065,0.01049563754349947,0.13130037486553192,0.14073486626148224
87,12,0.5944231921806932,0.9587610363960266,1.1506567001342773,0.01133211050182581,0.06529214978218079,0.09591538459062576
87,13,0.584953547269106,0.957433819770813,1.150039553642273,0.01031239703297615,0.06948190927505493,0.08366456627845764
87,14,0.5385703552514315,0.9574416279792786,1.1492295265197754,0.009918512776494026,0.05487995222210884,0.05243765935301781
87,15,0.5682747902348637,0.9563254117965698,1.1474679708480835,0.00996012706309557,0.0744478702545166,0.06310811638832092
87,16,0.5269915085285902,0.9556623101234436,1.146173119544983,0.008273499086499214,0.05012042075395584,0.048230502754449844
87,17,0.5270429266616702,0.9564164280891418,1.146408200263977,0.010023481212556362,0.03693084046244621,0.059523679316043854
87,18,0.600472291186452,0.9564305543899536,1.1466104984283447,0.010129043832421303,0.0812232494354248,0.08851178735494614
87,19,0.534081275574863,0.9563574194908142,1.146196722984314,0.009842063300311565,0.05543585866689682,0.04829252511262894
87,20,0.5149395132437349,0.9561899900436401,1.1462615728378296,0.009962123818695545,0.047788217663764954,0.03669885918498039
87,21,0.5490450613200665,0.9562029838562012,1.1466048955917358,0.009439785033464432,0.07329817116260529,0.04574552923440933
87,22,0.5601619811728598,0.9553813338279724,1.146613597869873,0.008586556650698185,0.05750389024615288,0.07367254793643951
87,23,0.7122844237834216,0.9562814831733704,1.145863652229309,0.010685713961720467,0.04647473990917206,0.2346949428319931
87,24,0.6922428496181965,0.9563000202178955,1.1455814838409424,0.01030316948890686,0.04844090715050697,0.21312247216701508
88,0,30.43356590270996,0.9554615020751953,4.835197925567627,21.100208282470703,6.040955066680908,2.134270668029785
88,1,25.750610160827637,0.954011857509613,3.9889273643493652,20.07676124572754,4.27255392074585,0.4127071499824524
88,2,25.64449697434902,0.9525034427642822,3.2936298847198486,21.18064308166504,3.461456775665283,0.15317045152187347
88,3,10.675296832621097,0.952511727809906,2.7320549488067627,8.883498191833496,0.9559192061424255,0.0989660993218422
88,4,1.0906376546248793,0.9555793404579163,1.9322112798690796,0.011296062730252743,0.4618176221847534,0.03996584564447403
88,5,1.209458273462951,0.9562816023826599,1.6733696460723877,0.011657017283141613,0.41036054491996765,0.2615104615688324
88,6,1.2305440589785577,0.9562941193580627,1.4837348461151123,0.010587029159069061,0.3740006387233734,0.3579505980014801
88,7,1.2198703454807402,0.9558455944061279,1.2629746198654175,0.009892378933727741,0.3514143228530884,0.41479960083961487
88,8,1.2909540601074696,0.9572227597236633,1.2072399854660034,0.01116960123181343,0.3095339834690094,0.5373579263687134
88,9,1.1983208019286393,0.9571748971939087,1.173995852470398,0.010577680543065071,0.3338156044483185,0.42769336700439453
88,10,0.969864771515131,0.9568083882331848,1.1463361978530884,0.01132563129067421,0.1113341748714447,0.42657604813575745
88,11,0.9969656711444259,0.9572870135307312,1.1421035528182983,0.008966400288045406,0.09695004671812057,0.471171110868454
88,12,0.9904058177024126,0.9579581022262573,1.140207290649414,0.009917976334691048,0.0905914306640625,0.4702633321285248
88,13,0.923472029529512,0.9579567313194275,1.1408934593200684,0.009398086927831173,0.0773257240653038,0.4169781804084778
88,14,1.0209576623514294,0.9574681520462036,1.1418999433517456,0.010956895537674427,0.08225420862436295,0.5078729391098022
88,15,1.0112046388909222,0.9581490755081177,1.142195701599121,0.009486864320933819,0.0821983739733696,0.4994504451751709
88,16,1.0985164582729339,0.9583132863044739,1.1422072649002075,0.009889505803585052,0.07024884968996048,0.5982739925384521
88,17,1.2611381484195592,0.9585564732551575,1.1432839632034302,0.01069584023207426,0.0954039990901947,0.7346702218055725
88,18,1.0977345611900091,0.9575053453445435,1.144614577293396,0.010717852041125298,0.06044173985719681,0.6061509847640991
88,19,1.1352547971531748,0.9585626125335693,1.1433058977127075,0.00993217434734106,0.0474250502884388,0.6575238704681396
89,0,30.48977701663971,0.9554615020751953,4.835197925567627,21.15973663330078,6.196927547454834,1.9749809503555298
89,1,27.038820350170134,0.9547990560531616,3.9881069660186768,21.669706344604492,3.6676039695739746,0.712928831577301
89,2,22.623214888572694,0.9537233710289001,3.2980093955993652,20.212779998779297,0.9152414202690125,0.6448469161987305
89,3,21.066299533843996,0.953717827796936,2.7337472438812256,18.888179779052734,0.8344990015029907,0.6061277389526367
89,4,1.5026399467140437,0.952974259853363,1.9394394159317017,0.014986643567681313,0.5467569231987,0.3624136447906494
89,5,1.2285202160477637,0.955305278301239,1.676263451576233,0.013796873390674591,0.302557110786438,0.38585248589515686
89,6,1.270527946576476,0.9542781710624695,1.4886844158172607,0.011792516335844994,0.25880879163742065,0.5113341212272644
89,7,0.7570853592827916,0.9555673599243164,1.2725419998168945,0.011316549964249134,0.1716996729373932,0.1284472644329071
89,8,0.6965366054326296,0.9555654525756836,1.2118831872940063,0.009611913934350014,0.15741373598575592,0.09602122753858566
89,9,0.6222678693011403,0.9555111527442932,1.175719976425171,0.010737967677414417,0.12089221179485321,0.06439146399497986
89,10,0.5494451144710183,0.9569566249847412,1.1449068784713745,0.009279333986341953,0.08796782046556473,0.03182525932788849
89,11,0.5688123309984804,0.9572471380233765,1.1406620740890503,0.00982015673071146,0.11695663630962372,0.02245369553565979
89,12,0.5565246196463705,0.9564611911773682,1.1400072574615479,0.010513820685446262,0.09120626747608185,0.0355108417570591
89,13,0.5583751309663058,0.9560020565986633,1.14205801486969,0.010302504524588585,0.0835789293050766,0.044881682842969894
89,14,0.579052116163075,0.9560002684593201,1.1443531513214111,0.009836469776928425,0.08367444574832916,0.06547051668167114
89,15,0.5777253545820713,0.9569430947303772,1.145964503288269,0.009334210306406021,0.06186039000749588,0.08594923466444016
89,16,0.5420353315770626,0.9568831920623779,1.1454687118530273,0.009714797139167786,0.04628480598330498,0.06556534767150879
89,17,0.5449085781350732,0.9568508267402649,1.146087884902954,0.010585044510662556,0.03877425566315651,0.07496153563261032
89,18,0.5133048042654992,0.9569900631904602,1.147295355796814,0.011321783065795898,0.0340234600007534,0.04710247740149498
89,19,0.5167169922962785,0.9565483927726746,1.1471898555755615,0.00984585378319025,0.034107696264982224,0.052015792578458786
89,20,0.5109695525839925,0.9565432667732239,1.1472684144973755,0.01113965641707182,0.031233882531523705,0.047833677381277084
89,21,0.5126655748113991,0.9562049508094788,1.1490294933319092,0.010266087017953396,0.02769043669104576,0.05366216227412224
89,22,0.5254472313448787,0.9562910199165344,1.1490724086761475,0.0100918123498559,0.02818971313536167,0.06609302014112473
89,23,0.5222859418019653,0.9555476307868958,1.1483396291732788,0.009942946024239063,0.025024937465786934,0.06654060631990433
89,24,0.5091844286769629,0.9555377960205078,1.1489462852478027,0.010231876745820045,0.023713290691375732,0.054342444986104965
90,0,30.40020400285721,0.9587977528572083,1.1447625160217285,21.851778030395508,5.717300891876221,2.4104130268096924
90,1,28.410761435329913,0.9606317281723022,1.1906856298446655,22.992830276489258,4.880336761474609,0.10733092576265335
90,2,23.288827002048492,0.9606289267539978,1.1605266332626343,19.720640182495117,3.010917901992798,0.13303780555725098
90,3,19.638738363981247,0.9638852477073669,1.1511608362197876,17.848844528198242,1.2786833047866821,0.08820131421089172
90,4,1.3374949112534522,0.9623989462852478,1.1440176963806152,0.031554318964481354,0.806492269039154,0.07816499471664429
90,5,1.309032898955047,0.9623933434486389,1.143749713897705,0.013549397699534893,0.8290442824363708,0.04521060734987259
90,6,0.7275345055386424,0.9591696858406067,1.1456726789474487,0.010671096853911877,0.24934479594230652,0.04655013978481293
90,7,0.6556875791400671,0.9567571878433228,1.1470491886138916,0.010548898950219154,0.17684394121170044,0.047533463686704636
90,8,0.6422265306115151,0.955824077129364,1.1468002796173096,0.011910505592823029,0.14622768759727478,0.06356346607208252
90,9,0.6267756232991815,0.9557985663414001,1.1461130380630493,0.011443831957876682,0.1195468157529831,0.0754026547074318
90,10,0.594632263481617,0.9553978443145752,1.1450796127319336,0.01152317225933075,0.09808862209320068,0.06492497771978378
90,11,0.5613394940271974,0.9557915329933167,1.1436532735824585,0.011260912753641605,0.06306824088096619,0.06712137907743454
90,12,0.6998386280611157,0.9558236002922058,1.1437336206436157,0.009696130640804768,0.1906210482120514,0.07961000502109528
90,13,0.63505502268672,0.9568358063697815,1.1429829597473145,0.010415110737085342,0.10557164251804352,0.09910451620817184
90,14,0.6094808230176568,0.9562016725540161,1.144203543663025,0.008544624783098698,0.09004326164722443,0.09081189334392548
90,15,0.6031461756676436,0.9562156796455383,1.1441656351089478,0.010715102776885033,0.09153246879577637,0.08082234114408493
90,16,0.5702173817902804,0.9543023705482483,1.145361065864563,0.010591113939881325,0.06852875649929047,0.0711648240685463
90,17,0.5872042912989854,0.9547753930091858,1.1461185216903687,0.011070320382714272,0.08490866422653198,0.07104652374982834
91,0,30.09693913459778,0.9554615020751953,4.835197925567627,21.061126708984375,6.134454250335693,1.7432262897491455
91,1,30.355420410633087,0.9523696303367615,3.9882924556732178,21.67693328857422,6.558812141418457,1.1315425634384155
91,2,26.50821123123169,0.9523669481277466,3.2969112396240234,19.01454734802246,4.809877872467041,1.8339303731918335
91,3,24.13894256353378,0.9522668719291687,2.7340352535247803,20.456205368041992,1.1924645900726318,1.7530121803283691
91,4,2.140897222235799,0.9548313617706299,1.9466010332107544,0.029734523966908455,1.0958116054534912,0.4350646138191223
91,5,1.742542052641511,0.9548410773277283,1.6884028911590576,0.016290241852402687,0.8071994781494141,0.39040353894233704
91,6,1.3715288165956736,0.9544865489006042,1.4981175661087036,0.011999780312180519,0.603848397731781,0.26515981554985046
91,7,0.8356320077553392,0.9551805853843689,1.2781040668487549,0.012455505318939686,0.33178025484085083,0.044739317148923874
91,8,0.7728455878794194,0.9552097916603088,1.2152622938156128,0.010375648736953735,0.2721168100833893,0.05625871196389198
91,9,0.6555101601406932,0.9545108675956726,1.1798077821731567,0.011443831957876682,0.1978255957365036,0.019377002492547035
91,10,0.5617428291589022,0.9545455574989319,1.14677894115448,0.010885240510106087,0.10939634591341019,0.02119634300470352
91,11,0.5567427854984999,0.9546864032745361,1.141626238822937,0.01089024543762207,0.1071743592619896,0.019415652379393578
91,12,0.5558846283704043,0.9546940922737122,1.1400611400604248,0.012306470423936844,0.10063837468624115,0.023988736793398857
91,13,0.5673368610441685,0.9537420868873596,1.141317367553711,0.011458192020654678,0.11473460495471954,0.02213217318058014
91,14,0.5666910732164979,0.954645037651062,1.1417291164398193,0.011111306957900524,0.11399344354867935,0.022311491891741753
91,15,0.564276572316885,0.9545791149139404,1.142464280128479,0.010373732075095177,0.11072896420955658,0.02376519702374935
91,16,0.5334377275779844,0.9549214839935303,1.144814372062683,0.011201360262930393,0.08433176577091217,0.017957430332899094
91,17,0.5998713990673423,0.9543285965919495,1.147183895111084,0.009756908752024174,0.15066400170326233,0.01914799027144909
91,18,0.5629921117797494,0.9543783068656921,1.1492540836334229,0.01112931128591299,0.1116294339299202,0.01950688846409321
91,19,0.5631535211578012,0.9536632299423218,1.1478183269500732,0.010282483883202076,0.1120818480849266,0.020492877811193466
91,20,0.5540534673258662,0.9535626173019409,1.148962140083313,0.010814349167048931,0.10415830463171005,0.018575862050056458
91,21,0.52699219211936,0.9538012742996216,1.1489148139953613,0.011133981868624687,0.07267787307500839,0.02263711951673031
91,22,0.5477236595004797,0.9535973072052002,1.1498806476593018,0.010189751163125038,0.0994047224521637,0.017433594912290573
91,23,0.5616497579962015,0.9541192650794983,1.14836585521698,0.010375360026955605,0.11190050840377808,0.01887686550617218
91,24,0.514990477077663,0.9540145397186279,1.1473760604858398,0.010397952981293201,0.06518782675266266,0.01912657730281353
92,0,32.657687473297116,0.9554615020751953,4.835197925567627,22.529386520385742,7.351350784301758,1.6188182830810547
92,1,26.82166236639023,0.958833634853363,3.9882752895355225,22.505123138427734,2.6706767082214355,0.6564407348632812
92,2,23.190572518110276,0.9528918266296387,3.295168399810791,20.241111755371094,1.6216802597045898,0.47816845774650574
92,3,14.817474806308747,0.9529114365577698,2.7475175857543945,11.144013404846191,1.6977794170379639,1.2355961799621582
92,4,0.9743952540680766,0.9540091753005981,1.9693869352340698,0.010918277315795422,0.20632706582546234,0.17247068881988525
92,5,0.9052411871030928,0.9552333354949951,1.7091811895370483,0.011010249145328999,0.14545996487140656,0.21588806807994843
92,6,0.8522931953892112,0.9534417390823364,1.5159980058670044,0.011376678012311459,0.12094379961490631,0.22608476877212524
92,7,0.7446562394499778,0.9549611806869507,1.2853143215179443,0.010445676743984222,0.09251530468463898,0.19364015758037567
92,8,0.726441008783877,0.9557230472564697,1.2231972217559814,0.009324797429144382,0.08565401285886765,0.19567814469337463
92,9,0.699457972496748,0.9564036726951599,1.183964490890503,0.010454457253217697,0.077307790517807,0.1836220920085907
92,10,0.7139808436855674,0.9544199705123901,1.147614598274231,0.009606330655515194,0.14960278570652008,0.13436481356620789
92,11,0.7879724729806186,0.9546610116958618,1.1416938304901123,0.009891973808407784,0.17573656141757965,0.18307296931743622
92,12,0.7274252355098725,0.954208493232727,1.1400158405303955,0.010621711611747742,0.1356736272573471,0.16228502988815308
92,13,0.7760363679379225,0.9551354646682739,1.1413472890853882,0.00973459891974926,0.1540517508983612,0.1929534673690796
92,14,0.7593903230503202,0.9546543955802917,1.1424591541290283,0.010122363455593586,0.16737012565135956,0.162475124001503
92,15,0.6578283729031682,0.9550906419754028,1.1429040431976318,0.009588581509888172,0.030383676290512085,0.198257178068161
92,16,0.6016375405713916,0.9550176858901978,1.144643783569336,0.010956711135804653,0.02406579628586769,0.1466827392578125
92,17,0.6059107318520546,0.9550350904464722,1.1435996294021606,0.009394211694598198,0.022297004237771034,0.1544925719499588
92,18,0.6167224938049913,0.9560234546661377,1.1439875364303589,0.009952361695468426,0.027848122641444206,0.1589198112487793
92,19,0.6256664909422398,0.9563887715339661,1.1435960531234741,0.010098528116941452,0.025898002088069916,0.16967299580574036
92,20,0.6595187496393919,0.9563421607017517,1.143653392791748,0.009806200861930847,0.019380075857043266,0.21033336222171783
92,21,0.6202403666451574,0.9559493064880371,1.1440058946609497,0.008836711756885052,0.02395595796406269,0.16745665669441223
92,22,0.5699667500331997,0.9561343789100647,1.1437510251998901,0.009968393482267857,0.020818408578634262,0.1192028671503067
92,23,0.577244483307004,0.9561129212379456,1.1441296339035034,0.010085584595799446,0.026576615869998932,0.1205337718129158
92,24,0.583566359244287,0.9559996128082275,1.1427371501922607,0.009033448062837124,0.021876662969589233,0.132908895611763
93,0,32.38361027240753,0.9521996974945068,1.1805356740951538,22.63435935974121,6.778952121734619,2.5437517166137695
93,1,26.76562611758709,0.9556366205215454,1.1402784585952759,20.806751251220703,5.429302215576172,0.11038963496685028
93,2,23.67770374119282,0.955658495426178,1.1420601606369019,18.210084915161133,4.882798671722412,0.1652764230966568
93,3,20.959957706928254,0.9552066922187805,1.1480379104614258,18.426494598388672,1.983362078666687,0.12945210933685303
93,4,1.2828674063086511,0.9527192711830139,1.150694727897644,0.056093744933605194,0.7317699790000916,0.07432088255882263
93,5,1.1223418176174165,0.9527135491371155,1.1530942916870117,0.032528121024370193,0.6070792078971863,0.06157292053103447
93,6,1.135043704509735,0.9520935416221619,1.1534802913665771,0.028335437178611755,0.5937416553497314,0.0918518453836441
93,7,0.9824116487056017,0.952156126499176,1.1475406885147095,0.012068921700119972,0.47389814257621765,0.07650522142648697
93,8,1.0897662270814181,0.9521545171737671,1.1472896337509155,0.012906545773148537,0.5744922161102295,0.08247863501310349
93,9,1.1746360467746855,0.95233154296875,1.1465344429016113,0.012088720686733723,0.674670398235321,0.06810373067855835
93,10,0.6090853286907078,0.9530805945396423,1.1478824615478516,0.011954325251281261,0.11931248754262924,0.0576259046792984
93,11,0.5897565120831132,0.9536004066467285,1.1479854583740234,0.010707252658903599,0.08794787526130676,0.07078421115875244
93,12,0.6396015914157034,0.9536107778549194,1.1487975120544434,0.01115794200450182,0.1442684382200241,0.06369355320930481
93,13,0.6408296821638941,0.9530234336853027,1.1507169008255005,0.00962743442505598,0.14694751799106598,0.06350666284561157
93,14,0.6446972776204348,0.9528788328170776,1.1499507427215576,0.010563137009739876,0.12892651557922363,0.0846417099237442
93,15,0.5851965866982938,0.9528852701187134,1.149228572845459,0.010222408920526505,0.08412197977304459,0.07042942941188812
93,16,0.5676960818469525,0.953228235244751,1.1490262746810913,0.010859433561563492,0.06461300700902939,0.0717727392911911
93,17,0.5846382662653923,0.9537606239318848,1.1476832628250122,0.010097995400428772,0.048129744827747345,0.10612174868583679
93,18,0.5625584438443184,0.9537704586982727,1.1478736400604248,0.011194534599781036,0.040280118584632874,0.09075497090816498
93,19,0.5663488110527397,0.9534860253334045,1.1481459140777588,0.009219429455697536,0.04130351543426514,0.09549947828054428
93,20,0.566373903490603,0.9533531069755554,1.147507905960083,0.010208048857748508,0.03567604720592499,0.10031760483980179
93,21,0.5543618867173792,0.953777551651001,1.147014856338501,0.01073452178388834,0.03725016117095947,0.08621872216463089
93,22,0.5458767663687467,0.9542459845542908,1.1466503143310547,0.01081734336912632,0.04074284806847572,0.07413731515407562
93,23,0.5511940879747272,0.9539289474487305,1.1461315155029297,0.009952357970178127,0.03894240781664848,0.08228722959756851
93,24,0.563755989819765,0.9535424709320068,1.146822452545166,0.010867241770029068,0.03881720453500748,0.09399855881929398
94,0,30.95719723701477,0.9554615020751953,4.835197925567627,20.268102645874023,6.708473205566406,2.8224895000457764
94,1,27.442441245913507,0.9536555409431458,3.987457036972046,22.395233154296875,3.9208548069000244,0.1381307691335678
94,2,23.536472046375273,0.9548096656799316,3.3043911457061768,21.8311824798584,0.7937045097351074,0.05974489450454712
94,3,19.228998047113418,0.9547911286354065,2.7574756145477295,17.208127975463867,1.0366848707199097,0.24173185229301453
94,4,1.1921368896961213,0.952099084854126,1.9616053104400635,0.08321091532707214,0.20567730069160461,0.32050779461860657
94,5,1.3562139041721821,0.952232301235199,1.7019344568252563,0.05850142613053322,0.17510126531124115,0.5917778611183167
94,6,1.242077760398388,0.9526770114898682,1.5101803541183472,0.04671180993318558,0.1331149786710739,0.5696794986724854
94,7,1.2665568739175797,0.9532083868980408,1.281725287437439,0.027027204632759094,0.2733345627784729,0.5192083716392517
94,8,1.3859140299260617,0.9534951448440552,1.2181934118270874,0.02199777588248253,0.29177236557006836,0.6378061771392822
94,9,0.8617932327091694,0.9540941119194031,1.1785658597946167,0.022308122366666794,0.11398456245660782,0.2989685535430908
94,10,0.7112381283193827,0.9540469646453857,1.1474181413650513,0.02359289862215519,0.0908053070306778,0.17654690146446228
94,11,0.6754908235743642,0.9540417194366455,1.1417189836502075,0.012540151365101337,0.11141633242368698,0.13238219916820526
94,12,0.6680548178032041,0.9540421366691589,1.1401066780090332,0.015404117293655872,0.08573270589113235,0.1480882316827774
94,13,0.7196754461154342,0.9543630480766296,1.1404379606246948,0.010565049014985561,0.12296846508979797,0.16718173027038574
94,14,0.6921172432601452,0.9555411338806152,1.141197919845581,0.011274661868810654,0.07223951816558838,0.1892552524805069
94,15,0.6598428035154938,0.9555289149284363,1.141791820526123,0.009253964759409428,0.07140833884477615,0.15971635282039642
94,16,0.6174616208299994,0.9547352194786072,1.1433342695236206,0.011072373948991299,0.06577470153570175,0.12100064754486084
94,17,0.5994984714314342,0.9549835324287415,1.1437978744506836,0.00955298449844122,0.05410585179924965,0.11608335375785828
94,18,0.6159409442916512,0.9553406834602356,1.1432771682739258,0.010569431819021702,0.07658701390028,0.10906092822551727
94,19,0.6117253221571446,0.9550663828849792,1.1421211957931519,0.011045243591070175,0.07381008565425873,0.10743247717618942
94,20,0.619147558696568,0.9548825621604919,1.1426069736480713,0.009921667166054249,0.08668085187673569,0.10304713249206543
94,21,0.6117703028023243,0.9547187685966492,1.142329454421997,0.010827619582414627,0.06497281044721603,0.11656022816896439
94,22,0.5936050621792675,0.9553571939468384,1.1426317691802979,0.010631985031068325,0.0406438373029232,0.12273144721984863
94,23,0.6004002431407571,0.9553391933441162,1.1423988342285156,0.010253981687128544,0.04635213315486908,0.1242465227842331
94,24,0.5882181579247117,0.9551305174827576,1.1418640613555908,0.0114193269982934,0.033925674855709076,0.12347424030303955
95,0,34.820572066307065,0.9554615020751953,4.835197925567627,25.500259399414062,6.68643045425415,1.4757503271102905
95,1,30.95776036977768,0.9634667634963989,3.9878790378570557,24.989830017089844,4.255390167236328,0.7222710251808167
95,2,22.907501542568205,0.9634580016136169,3.2991840839385986,19.657949447631836,1.644817590713501,0.7522060871124268
95,3,20.843290710449217,0.9628620743751526,2.7513153553009033,18.46120262145996,0.9456027746200562,0.6936498284339905
95,4,1.5870042800903321,0.9614583849906921,1.9664661884307861,0.03255161643028259,0.6199161410331726,0.3489516079425812
95,5,1.6358853042125703,0.9615075588226318,1.703024983406067,0.019685298204421997,0.7227428555488586,0.3605506420135498
95,6,1.7791047252714636,0.9631308317184448,1.5127981901168823,0.013126138597726822,0.799723744392395,0.4710690379142761
95,7,1.9331957891583442,0.9624938368797302,1.2830647230148315,0.011393435299396515,1.0312771797180176,0.4414134621620178
95,8,1.8518121033906936,0.9623705148696899,1.2241514921188354,0.010737225413322449,0.9956396222114563,0.40813085436820984
95,9,1.701029789634049,0.9580709338188171,1.1848701238632202,0.010993239469826221,1.1106853485107422,0.15076299011707306
95,10,1.6922412401065232,0.9565816521644592,1.1487802267074585,0.010563879273831844,1.151634931564331,0.10897005349397659
96,0,31.10112460851669,0.955165445804596,1.1412978172302246,22.46579933166504,6.35256290435791,1.8634697198867798
96,1,25.557165837287904,0.9693797826766968,1.1403026580810547,21.374616622924805,3.386321544647217,0.37429118156433105
96,2,23.01045510172844,0.9694325923919678,1.1429136991500854,19.64532470703125,2.6046688556671143,0.33799228072166443
96,3,20.647565484046936,0.9616225361824036,1.1471567153930664,18.0484676361084,1.8801409006118774,0.29720109701156616
96,4,0.9162247892469169,0.9617918133735657,1.146039605140686,0.022576672956347466,0.11366134136915207,0.3584204912185669
96,5,0.9976068099960684,0.9617039561271667,1.1457583904266357,0.011106445454061031,0.12781864404678345,0.4371892511844635
96,6,0.9934982363134623,0.9611256122589111,1.1471608877182007,0.010499188676476479,0.15805883705615997,0.40328291058540344
96,7,1.0536465525627137,0.955954372882843,1.1475799083709717,0.01695708930492401,0.17850150167942047,0.4374811053276062
96,8,0.9399550519883633,0.9559749364852905,1.14833664894104,0.011635374277830124,0.22257672250270844,0.2848806381225586
96,9,1.224207828938961,0.9573846459388733,1.1474835872650146,0.0104689821600914,0.2838830351829529,0.5088821649551392
96,10,1.1469280486926436,0.9555298686027527,1.1460932493209839,0.011515653692185879,0.16340690851211548,0.551680862903595
97,0,30.07992630004883,0.9554615020751953,4.835197925567627,20.557706832885742,6.114382743835449,2.2497048377990723
97,1,27.56580811738968,0.9806309938430786,3.9881796836853027,21.422319412231445,4.246340274810791,0.9033862948417664
97,2,11.692710736393929,0.9804753661155701,3.2789039611816406,9.145747184753418,1.4758026599884033,0.2192850261926651
97,3,10.3851682305336,0.9652280211448669,2.724733591079712,8.24555778503418,1.2227520942687988,0.17886602878570557
97,4,1.6038089111447333,0.95977783203125,1.9340486526489258,0.021742157638072968,0.7871895432472229,0.2161119133234024
97,5,1.6757169175893067,0.9611181616783142,1.677362322807312,0.018636958673596382,0.9736866354942322,0.15569722652435303
97,6,0.9170622561126948,0.9601324200630188,1.4828341007232666,0.01587008871138096,0.19039931893348694,0.22219954431056976
97,7,1.0181577317416668,0.9564173817634583,1.2634482383728027,0.01195714995265007,0.18402212858200073,0.3782053291797638
97,8,0.8733678322285414,0.9562889933586121,1.2030799388885498,0.013017160817980766,0.14441309869289398,0.28406378626823425
97,9,0.8920743245631456,0.9578292369842529,1.1712872982025146,0.011500583961606026,0.15553294122219086,0.29921749234199524
97,10,0.8347171572968364,0.9551478028297424,1.1438008546829224,0.011244970373809338,0.14877451956272125,0.2549079358577728
97,11,0.7913839584216475,0.9551132917404175,1.140246868133545,0.013471639715135098,0.12680885195732117,0.2320314347743988
97,12,0.777775108627975,0.9551131129264832,1.1402995586395264,0.012498962692916393,0.13948556780815125,0.20670804381370544
97,13,0.8758712509647012,0.954269528388977,1.1429921388626099,0.01171927247196436,0.15544766187667847,0.28925198316574097
97,14,0.8398444376885892,0.9546167850494385,1.1440680027008057,0.011491317301988602,0.11498916894197464,0.293626993894577
97,15,0.9585635300725699,0.9546388983726501,1.145508050918579,0.009962504729628563,0.18973565101623535,0.3388359844684601
97,16,0.8175522528588772,0.956140398979187,1.146577000617981,0.008864562958478928,0.09079651534557343,0.29734769463539124
97,17,0.8395643558353185,0.9555611610412598,1.146274209022522,0.010707473382353783,0.13561667501926422,0.2728731334209442
97,18,0.9010805780068041,0.955528974533081,1.1472446918487549,0.010244094766676426,0.1289633810520172,0.34131836891174316
98,0,32.35379962921142,0.9554615020751953,4.835197925567627,22.451309204101562,6.163503646850586,2.580854892730713
98,1,29.086029529571533,0.9724430441856384,3.9896039962768555,23.048675537109375,4.7584662437438965,0.28647834062576294
98,2,26.022065418958665,0.9612194895744324,3.2653231620788574,22.190441131591797,2.7096943855285645,0.27662137150764465
98,3,26.27320799827576,0.9586436152458191,2.7178354263305664,23.257814407348633,1.9764091968536377,0.30368858575820923
98,4,1.1875739097595215,0.9574175477027893,1.9326832294464111,0.03656914830207825,0.2655748426914215,0.30740976333618164
98,5,1.0651649855077268,0.95595782995224,1.6819043159484863,0.02873721346259117,0.23626169562339783,0.2725936472415924
98,6,1.024424939416349,0.9551712274551392,1.4937642812728882,0.01176454033702612,0.23831377923488617,0.2845595180988312
98,7,1.0098873592913151,0.9539937973022461,1.2695279121398926,0.01116735115647316,0.30238038301467896,0.25163528323173523
98,8,0.9943903623148799,0.9540936350822449,1.215264081954956,0.01019855123013258,0.18269887566566467,0.36762139201164246
98,9,0.9833289774134756,0.9547932147979736,1.1799677610397339,0.012218219228088856,0.19645409286022186,0.3477044701576233
98,10,0.8628903560340404,0.9551108479499817,1.1478185653686523,0.01125844195485115,0.11933039873838425,0.31171563267707825
98,11,0.8795582477003336,0.9562220573425293,1.1427533626556396,0.011126929894089699,0.12030687928199768,0.3283293545246124
98,12,0.7163597112521529,0.9554633498191833,1.1406344175338745,0.011565468274056911,0.15397058427333832,0.13160410523414612
98,13,0.6354961976408959,0.9550909399986267,1.1402217149734497,0.009574733674526215,0.12486686557531357,0.08199206739664078
98,14,0.6436062227934599,0.955085813999176,1.1402837038040161,0.009604236111044884,0.1589210033416748,0.056007079780101776
98,15,0.6441617000848054,0.9549480676651001,1.1404422521591187,0.010310390964150429,0.14450976252555847,0.07026348263025284
98,16,0.674144821614027,0.9549139738082886,1.1412179470062256,0.009358994662761688,0.19564957916736603,0.049909863620996475
98,17,0.6105776730924845,0.9549114108085632,1.1410187482833862,0.01059001125395298,0.10961093008518219,0.07119069993495941
98,18,0.6654578987509012,0.9554280042648315,1.1417536735534668,0.009921902790665627,0.10146231949329376,0.13463734090328217
98,19,0.6355435859411955,0.9564814567565918,1.1425267457962036,0.009470945224165916,0.12565499544143677,0.08061600476503372
98,20,0.6135465890169144,0.9564042091369629,1.1433000564575195,0.009605295956134796,0.08914202451705933,0.09485841542482376
98,21,0.6085085852071643,0.9564189910888672,1.1430398225784302,0.009366932325065136,0.09289101511240005,0.08635887503623962
98,22,0.5741311868652701,0.9563535451889038,1.142185091972351,0.010627812705934048,0.08061761409044266,0.06317803263664246
98,23,0.5758238701149822,0.9564440846443176,1.142850399017334,0.010029460303485394,0.07580845057964325,0.07012706249952316
98,24,0.5876171061769129,0.956456184387207,1.1425492763519287,0.010286995209753513,0.07355155795812607,0.08397746086120605
99,0,33.38393462896347,0.9561441540718079,1.1406298875808716,23.45322608947754,8.17031478881836,1.3410389423370361
99,1,26.7183700799942,0.9522600173950195,1.1482690572738647,22.498655319213867,3.034761667251587,0.7648472785949707
99,2,15.107484102249146,0.9522653222084045,1.1571582555770874,11.626883506774902,2.331322431564331,0.7273934483528137
99,3,14.336524212360382,0.9524809718132019,1.1744080781936646,10.480133056640625,2.4103081226348877,1.020705223083496
99,4,0.9676952831447125,0.962576687335968,1.1539313793182373,0.030192624777555466,0.28812411427497864,0.22607693076133728
99,5,0.9910112787038088,0.9626696109771729,1.1530306339263916,0.018830882385373116,0.35198861360549927,0.1970517337322235
99,6,0.8707410901784898,0.9624394178390503,1.1509003639221191,0.016933590173721313,0.2662898004055023,0.16484974324703217
99,7,0.8222418682649733,0.9582776427268982,1.1501206159591675,0.009685170836746693,0.3074154853820801,0.08346156030893326
99,8,0.809630547091365,0.9561341404914856,1.1479111909866333,0.011116912588477135,0.27850615978240967,0.09919840842485428
99,9,0.8424790404736996,0.9561158418655396,1.1471319198608398,0.009804468601942062,0.32609662413597107,0.08592839539051056
99,10,0.9099595563486218,0.956718921661377,1.1459729671478271,0.01057413686066866,0.3864229619503021,0.09242407977581024
99,11,0.8868207197636366,0.9580780863761902,1.1449477672576904,0.00984671525657177,0.37495121359825134,0.08141762018203735
99,12,0.8394134256988764,0.9580194354057312,1.1442757844924927,0.010285267606377602,0.321036159992218,0.08763295412063599
99,13,0.7903936183080078,0.9559736251831055,1.1441130638122559,0.010271198116242886,0.23155295848846436,0.1285521239042282
99,14,0.7921242214739324,0.9570550322532654,1.144094705581665,0.010994289070367813,0.21010878682136536,0.150791198015213
99,15,0.8930661806836724,0.9570236802101135,1.144305944442749,0.011060879565775394,0.30662885308265686,0.15511052310466766
99,16,0.8048946786671878,0.9571319222450256,1.1440380811691284,0.010266752913594246,0.22273804247379303,0.1516558825969696
99,17,0.7808360928669572,0.957588791847229,1.1448793411254883,0.009631284512579441,0.19543461501598358,0.1552765667438507
99,18,0.7601787444204092,0.9573997855186462,1.1448308229446411,0.009752338752150536,0.14060023427009583,0.18938004970550537
99,19,0.7384289771318436,0.956649899482727,1.145422101020813,0.009419545531272888,0.10187214612960815,0.20672288537025452
99,20,0.6950112679973245,0.9562358260154724,1.1462290287017822,0.009530113078653812,0.0738864541053772,0.19110172986984253
99,21,0.7971510738134384,0.9557943940162659,1.1465588808059692,0.009626105427742004,0.0653323233127594,0.30172199010849
99,22,0.6757620818912983,0.9551267623901367,1.1463719606399536,0.010107506066560745,0.04145967960357666,0.20389515161514282
99,23,0.6291341034695506,0.9548245668411255,1.1468087434768677,0.009903225116431713,0.035467728972435,0.16343648731708527
99,24,0.6655787274241447,0.9546013474464417,1.1466197967529297,0.00956781953573227,0.03517000377178192,0.2005966752767563
100,0,33.72316627502441,0.9554615020751953,4.835197925567627,24.711719512939453,5.472980499267578,2.3803343772888184
100,1,18.8744815826416,0.9554615020751953,3.9877586364746094,11.648938179016113,5.056067943572998,1.1808314323425293
100,2,15.104166002571583,0.9670145511627197,3.2898354530334473,12.091259956359863,2.0395870208740234,0.12194902449846268
100,3,3.043687415122986,0.9670228362083435,2.7309787273406982,0.6176471710205078,1.5338361263275146,0.15260380506515503
100,4,1.2967017229646445,0.9557227492332458,1.9535536766052246,0.016474654898047447,0.5525228977203369,0.14584888517856598
100,5,1.0106877375394108,0.9557249546051025,1.6967518329620361,0.01225234754383564,0.39521294832229614,0.07272708415985107
100,6,1.040455353818834,0.9554415941238403,1.5028958320617676,0.011227748356759548,0.36138829588890076,0.17617182433605194
100,7,0.996279620938003,0.9563406109809875,1.2736958265304565,0.011499154381453991,0.34142449498176575,0.1973486840724945
100,8,1.0186772640794515,0.9544428586959839,1.2109522819519043,0.010073995217680931,0.32321101427078247,0.2523132264614105
100,9,0.9125373523682356,0.9547565579414368,1.1742318868637085,0.01035652868449688,0.2759498357772827,0.20043329894542694
100,10,0.9232206765562296,0.955675482749939,1.1437654495239258,0.011421272531151772,0.30997753143310547,0.1819336861371994
100,11,0.882756070792675,0.9568780064582825,1.1402623653411865,0.010320834815502167,0.3127541244029999,0.14025303721427917
100,12,0.7423675253987312,0.9551823139190674,1.1404118537902832,0.010070718824863434,0.18503493070602417,0.1281430423259735
100,13,0.637478900142014,0.9551230669021606,1.14377760887146,0.009330851025879383,0.11184392124414444,0.09652399271726608
100,14,0.6129086904227734,0.9555953145027161,1.1461031436920166,0.010104496031999588,0.09840261936187744,0.0840618833899498
100,15,0.5806901630014182,0.9546237587928772,1.1471409797668457,0.010362064465880394,0.08513209968805313,0.06484305113554001
100,16,0.5472344182431699,0.9547497034072876,1.149468183517456,0.009116683155298233,0.05447430908679962,0.0627998486161232
100,17,0.624858226813376,0.9547625780105591,1.1486855745315552,0.010700416751205921,0.14087030291557312,0.05259787663817406
100,18,0.5508452327921987,0.9546961784362793,1.1496106386184692,0.009546526707708836,0.10251588374376297,0.017921458929777145
100,19,0.5403074072673917,0.9545220732688904,1.1479486227035522,0.010260392911732197,0.09327828139066696,0.016274593770503998
100,20,0.5355386255308986,0.9545322060585022,1.1477687358856201,0.010093425400555134,0.09057611972093582,0.014408892020583153
100,21,0.5054201524704696,0.9548961520195007,1.150077223777771,0.010683787986636162,0.058310166001319885,0.015431523323059082
100,22,0.5233124300837517,0.9546644687652588,1.1481989622116089,0.010188382118940353,0.07427722960710526,0.018274132162332535
100,23,0.5024759797379375,0.9550833702087402,1.1472952365875244,0.010174761526286602,0.05228356271982193,0.01954193413257599
100,24,0.49374020695686344,0.9550411105155945,1.1471129655838013,0.010204873979091644,0.04677962139248848,0.01632489636540413
101,0,29.77036862373352,0.9554615020751953,4.835197925567627,21.243938446044922,5.648957252502441,1.7193410396575928
101,1,15.12075161933899,0.9554615020751953,3.98734188079834,8.934093475341797,4.479410171508789,0.7186872959136963
101,2,13.952185390889644,0.9602550268173218,3.2913358211517334,10.28774356842041,2.72275447845459,0.09136917442083359
101,3,2.183529357612133,0.960244357585907,2.7409310340881348,0.12137827277183533,1.237221121788025,0.08469488471746445
101,4,2.0863350655883552,0.9692323207855225,1.9739267826080322,0.023400655016303062,1.4079091548919678,0.06639343500137329
101,5,2.2913534946739675,0.9680009484291077,1.7187964916229248,0.019180040806531906,1.6480153799057007,0.08679858595132828
101,6,2.0439730722457172,0.9647948145866394,1.5269476175308228,0.017031589522957802,1.4392327070236206,0.08936028927564621
101,7,0.9440582007169724,0.9665731191635132,1.2923468351364136,0.01611378788948059,0.36450672149658203,0.11165370047092438
101,8,0.9163802595809103,0.9666269421577454,1.229001522064209,0.013956603594124317,0.38933148980140686,0.07396647334098816
101,9,0.8538545027375222,0.9642212390899658,1.1887083053588867,0.01786208152770996,0.32618820667266846,0.0792183056473732
101,10,0.9195053605362773,0.963040292263031,1.1499452590942383,0.014386269263923168,0.3620682656764984,0.12045371532440186
101,11,0.918496472015977,0.9598719477653503,1.1431896686553955,0.016346896067261696,0.3916267454624176,0.08991050720214844
101,12,0.6830987174063922,0.9580948352813721,1.1403412818908691,0.014166759327054024,0.11995762586593628,0.12928710877895355
101,13,0.6354148827493191,0.9574160575866699,1.1403517723083496,0.020437542349100113,0.08521855622529984,0.11020521819591522
101,14,0.687523832730949,0.9578544497489929,1.1410342454910278,0.01534325908869505,0.06651971489191055,0.18588311970233917
101,15,0.6616471912711859,0.9574976563453674,1.1421167850494385,0.015850944444537163,0.0672629252076149,0.15861043334007263
101,16,0.8398515902459622,0.9571934938430786,1.145213007926941,0.016810011118650436,0.053815558552742004,0.3487447202205658
101,17,0.8556955177336931,0.9566186666488647,1.1458266973495483,0.017068171873688698,0.05345747619867325,0.36468079686164856
101,18,0.805690148472786,0.9567129611968994,1.1470634937286377,0.019133441150188446,0.04397701472043991,0.32182440161705017
101,19,0.7629382304847241,0.9577192664146423,1.1475024223327637,0.016525551676750183,0.04451080784201622,0.28085753321647644
102,0,31.27956540584564,0.9553321599960327,1.148055911064148,22.467241287231445,6.6364617347717285,1.7551847696304321
102,1,24.73268278837204,0.9553321599960327,1.145267367362976,18.251327514648438,5.330270290374756,0.7309650778770447
102,2,4.420265131816268,0.9553321599960327,1.1455225944519043,0.35094669461250305,3.6193387508392334,0.029808735474944115
102,3,2.197404347360134,0.9520712494850159,1.1455541849136353,0.3358059525489807,1.415218472480774,0.02685483545064926
102,4,1.4046423386782407,0.9543293714523315,1.1456958055496216,0.10572151094675064,0.8566624522209167,0.022253340110182762
102,5,1.4231360211968422,0.9546759128570557,1.1476677656173706,0.06247269734740257,0.9133733510971069,0.026821237057447433
102,6,1.2675978355109692,0.9546576142311096,1.1470048427581787,0.03470686078071594,0.7811980843544006,0.03136039897799492
102,7,1.287930594570935,0.9527401328086853,1.1472519636154175,0.011212927289307117,0.7935791611671448,0.06314008682966232
102,8,0.9545041186735035,0.952608048915863,1.146275520324707,0.012555225752294064,0.47418835759162903,0.04798382148146629
102,9,0.7965787939727307,0.9534759521484375,1.1468614339828491,0.017438996583223343,0.31225988268852234,0.04681243747472763
102,10,0.7746261289343238,0.9530476331710815,1.1470869779586792,0.010165642015635967,0.3070388436317444,0.03739472106099129
102,11,0.7976900408044458,0.9530547857284546,1.1472864151000977,0.00995646882802248,0.33131757378578186,0.036347758024930954
102,12,0.8007482239976526,0.9534600973129272,1.1468127965927124,0.010365252383053303,0.345660001039505,0.024668391793966293
102,13,0.7628805134445429,0.9549699425697327,1.1462889909744263,0.010544057935476303,0.3110475540161133,0.021037114784121513
102,14,0.9403225323185325,0.9549130797386169,1.146510362625122,0.01167693454772234,0.48243701457977295,0.025923894718289375
102,15,0.8124450182542206,0.9545893669128418,1.1473675966262817,0.011409907601773739,0.36357006430625916,0.017073653638362885
102,16,0.551567898131907,0.9544941186904907,1.1472645998001099,0.011226379312574863,0.09744898974895477,0.022540785372257233
102,17,0.6135846303775907,0.9544804692268372,1.1476054191589355,0.010546932928264141,0.16134698688983917,0.021273532882332802
102,18,0.6305701093748213,0.954604983329773,1.1482712030410767,0.010169771499931812,0.177859365940094,0.021965734660625458
102,19,0.6203028267249465,0.9556340575218201,1.1490546464920044,0.009650477208197117,0.17123913764953613,0.018475471064448357
102,20,0.6096823796629907,0.9550715684890747,1.1479309797286987,0.009821216575801373,0.16484415531158447,0.014416498132050037
102,21,0.6182518601417542,0.9551014304161072,1.1481608152389526,0.009187385439872742,0.17143306136131287,0.01697896420955658
102,22,0.6617132304236293,0.9556053876876831,1.148343801498413,0.009167405776679516,0.2108285278081894,0.020927459001541138
103,0,32.98710041046142,0.9554615020751953,4.835197925567627,22.805400848388672,6.8599066734313965,2.163661003112793
103,1,30.556543332338332,0.9653659462928772,3.9889745712280273,23.37369155883789,6.126300811767578,0.06568285822868347
103,2,17.8573885679245,0.9653412699699402,3.280195713043213,13.79992961883545,2.4328453540802,0.7755061984062195
103,3,18.13393152952194,0.9684731364250183,2.7213029861450195,14.899654388427734,1.4136995077133179,1.0826224088668823
103,4,2.9085708327591417,0.9628226161003113,1.9365493059158325,0.014215070754289627,1.0035630464553833,1.3109183311462402
103,5,2.5248369321227075,0.9610602855682373,1.681523323059082,0.014169864356517792,0.33434024453163147,1.6478101015090942
103,6,0.7937200022861362,0.962662398815155,1.492583155632019,0.01238954346626997,0.20420978963375092,0.08607155829668045
103,7,0.6613592136651278,0.9596813917160034,1.269729495048523,0.010444192215800285,0.16935069859027863,0.03568214550614357
103,8,0.5587075235322119,0.9574838876724243,1.2121530771255493,0.010529809631407261,0.0654531717300415,0.04879714921116829
103,9,0.5690095713362098,0.9575677514076233,1.1773362159729004,0.011760181747376919,0.10613420605659485,0.02413439005613327
103,10,0.6344226308166981,0.9562947750091553,1.1451579332351685,0.010483749210834503,0.15929627418518066,0.04435206577181816
103,11,0.5625972982496024,0.9565796852111816,1.141030192375183,0.00947827659547329,0.09607964754104614,0.037517398595809937
103,12,0.5892275931313634,0.9565803408622742,1.1400092840194702,0.010189634747803211,0.09908294677734375,0.060637086629867554
103,13,0.5451770989224315,0.9554232358932495,1.1422038078308105,0.011672534979879856,0.08857507258653641,0.025404082611203194
103,14,1.1987111741676926,0.9556819200515747,1.1431831121444702,0.009494946338236332,0.10513526946306229,0.6643079519271851
103,15,1.2192686142399907,0.955679714679718,1.144020915031433,0.010640894062817097,0.11087233573198318,0.6778152585029602
103,16,1.2694258037954569,0.9552357792854309,1.14541757106781,0.010646963492035866,0.0842762291431427,0.7543719410896301
103,17,1.5512111995369198,0.9549733400344849,1.1451603174209595,0.010359333828091621,0.08309956640005112,1.037725567817688
103,18,1.300824555195868,0.95508873462677,1.1456741094589233,0.01037553045898676,0.07298300415277481,0.7973134517669678
103,19,1.4793118393048643,0.9550381302833557,1.145862102508545,0.010702683590352535,0.06352309137582779,0.984906017780304
104,0,30.657155919075013,0.9554615020751953,4.835197925567627,21.68578338623047,5.886976718902588,1.9262639284133911
104,1,27.343653112649918,0.9661882519721985,3.9888808727264404,21.293087005615234,4.704218864440918,0.3553334176540375
104,2,24.373777890205382,0.9542556405067444,3.3042588233947754,22.250015258789062,0.9446234703063965,0.32743626832962036
104,3,14.658841854333877,0.9542173743247986,2.7321298122406006,13.010276794433594,0.5357802510261536,0.3755153715610504
104,4,1.4327420800924302,0.9550558924674988,1.9327458143234253,0.015253707766532898,0.5079146027565002,0.33201342821121216
104,5,1.4006893172860146,0.9558799266815186,1.6636683940887451,0.016712374985218048,0.4684521555900574,0.3916151225566864
104,6,1.3861240141093731,0.9558699727058411,1.473041296005249,0.016416560858488083,0.48553192615509033,0.39839327335357666
104,7,1.0679540624842048,0.9565672874450684,1.254256010055542,0.015217720530927181,0.12105768918991089,0.48951399326324463
104,8,1.0443217104300857,0.9570006132125854,1.1990844011306763,0.014857194386422634,0.10646925866603851,0.49177825450897217
104,9,0.8630086835473776,0.9580186009407043,1.1681461334228516,0.013139432296156883,0.09567195177078247,0.32896435260772705
104,10,0.9237665897235274,0.9580400586128235,1.1422759294509888,0.011564201675355434,0.1693774163722992,0.32276177406311035
104,11,0.810333994962275,0.9580849409103394,1.1400376558303833,0.009470866061747074,0.15349899232387543,0.227739617228508
104,12,0.8101516820490361,0.9571106433868408,1.1403354406356812,0.009299073368310928,0.12572145462036133,0.2556419372558594
104,13,0.868079792521894,0.955711841583252,1.1431725025177002,0.009061857126653194,0.15763767063617706,0.2816033959388733
104,14,0.7674336107447743,0.9545872211456299,1.1443378925323486,0.008995351381599903,0.1144452691078186,0.22420796751976013
104,15,0.7632107641547918,0.9548740386962891,1.1448283195495605,0.009619010612368584,0.10101804882287979,0.23263323307037354
104,16,0.7586040608584881,0.9540166258811951,1.1444355249404907,0.010682862251996994,0.15413103997707367,0.17409972846508026
104,17,0.7711914664134383,0.9536102414131165,1.144416093826294,0.009550212882459164,0.10680343955755234,0.23523254692554474
104,18,0.7852795587852597,0.9537592530250549,1.1447635889053345,0.010303338058292866,0.1046755462884903,0.2505961060523987
104,19,0.7796649923548102,0.9534720182418823,1.146064043045044,0.010419069789350033,0.10834230482578278,0.24099640548229218
104,20,0.7630379121750593,0.9534637331962585,1.1451077461242676,0.009431896731257439,0.10122780501842499,0.23266391456127167
104,21,0.6984906684607268,0.9540318846702576,1.1441221237182617,0.010679183527827263,0.10622669756412506,0.16195398569107056
104,22,0.6659724025055767,0.9540892243385315,1.1433022022247314,0.010338309220969677,0.06771381199359894,0.1684419959783554
104,23,0.7361768942326308,0.954083263874054,1.1444847583770752,0.009839175269007683,0.08956311643123627,0.21706099808216095
104,24,0.659619938954711,0.9541990756988525,1.1433156728744507,0.009058831259608269,0.06281792372465134,0.1682402342557907
105,0,29.413099551200865,0.956425666809082,1.1479116678237915,20.972414016723633,6.266939163208008,1.7528789043426514
105,1,16.923171724379063,0.956425666809082,1.1416306495666504,9.62635612487793,6.820919990539551,0.0562843456864357
105,2,13.643654689192772,0.9668483138084412,1.1406726837158203,10.280672073364258,2.855652093887329,0.0858263224363327
105,3,13.775827956199645,0.9568317532539368,1.1404316425323486,10.897993087768555,2.3016881942749023,0.15669399499893188
105,4,1.6536897592246533,0.9531223773956299,1.1421393156051636,0.014535021036863327,1.0657442808151245,0.1543581187725067
105,5,1.5788222407922148,0.9531330466270447,1.1440013647079468,0.01317386981099844,0.8557359576225281,0.29048553109169006
105,6,1.310519334860146,0.9561622142791748,1.1448246240615845,0.013129186816513538,0.68845134973526,0.18874143064022064
105,7,1.1740509787574411,0.9574782848358154,1.1446319818496704,0.01153018418699503,0.6431249976158142,0.09897374361753464
105,8,1.0320241117849946,0.957447350025177,1.1447476148605347,0.0111490273848176,0.5107308030128479,0.08970528841018677
105,9,0.9770055688917637,0.9557390809059143,1.1426655054092407,0.010495077818632126,0.47670626640319824,0.07012330740690231
105,10,0.8087673621252179,0.9575799703598022,1.1430189609527588,0.010695298202335835,0.2669275104999542,0.11102476716041565
105,11,0.7705820394679904,0.9553351998329163,1.142422080039978,0.009936521761119366,0.2635628879070282,0.07753117382526398
105,12,0.7407927844673395,0.9551512598991394,1.1428539752960205,0.01054324395954609,0.23185037076473236,0.07879812270402908
105,13,0.7028853727504611,0.9556006789207458,1.1431223154067993,0.00944033544510603,0.16936948895454407,0.10433094948530197
105,14,0.6431794542819262,0.9551407098770142,1.1433700323104858,0.009318159893155098,0.12708327174186707,0.08707587420940399
105,15,0.6267271339893341,0.9551658034324646,1.1434919834136963,0.010706253349781036,0.10746044665575027,0.08882887661457062
105,16,0.5405541880056263,0.9551633596420288,1.1429252624511719,0.010781471617519855,0.030011026188731194,0.08014396578073502
105,17,0.541845946572721,0.9547755122184753,1.142604947090149,0.009602249599993229,0.02840225212275982,0.0843653529882431
105,18,0.5229901788756252,0.9548072218894958,1.1430484056472778,0.009842687286436558,0.024329910054802895,0.06924645602703094
105,19,0.5155782833695411,0.9546526074409485,1.1434155702590942,0.010532889515161514,0.020640913397073746,0.06479084491729736
105,20,0.5262736987322569,0.9551255106925964,1.1432714462280273,0.011147333309054375,0.02278921753168106,0.0726577565073967
105,21,0.5542834933847189,0.9550800919532776,1.1430957317352295,0.010246558114886284,0.04320675879716873,0.08119501173496246
105,22,0.5455859547480941,0.9552488327026367,1.143356442451477,0.010471823625266552,0.03607046231627464,0.07932261377573013
105,23,0.5431614356115461,0.9555072784423828,1.1433416604995728,0.010009662248194218,0.034174758940935135,0.07920722663402557
105,24,0.5288718733936548,0.9564692974090576,1.1430983543395996,0.010726554319262505,0.031546514481306076,0.0666852742433548
106,0,36.53256778717041,0.9554615020751953,4.835197925567627,25.11575698852539,7.365015506744385,2.8936634063720703
106,1,28.439975988864898,0.9666716456413269,3.9883310794830322,23.58592987060547,3.387263774871826,0.47578179836273193
106,2,28.689975082874298,0.9549864530563354,3.2829651832580566,25.345081329345703,1.507779598236084,0.9895238280296326
106,3,11.32633558511734,0.9549501538276672,2.7300314903259277,8.872581481933594,1.0370855331420898,0.6796722412109375
106,4,1.2078820876777172,0.9536895155906677,1.9434374570846558,0.020078878849744797,0.257346510887146,0.3510313034057617
106,5,1.399361079186201,0.95282381772995,1.6937527656555176,0.021655362099409103,0.45122939348220825,0.39716100692749023
106,6,1.1646560173481704,0.9528213143348694,1.5077158212661743,0.021688370034098625,0.30427655577659607,0.34658366441726685
106,7,3.040587711520493,0.9543251395225525,1.2780150175094604,0.010961663909256458,0.22469377517700195,2.358464241027832
106,8,3.7618413804098965,0.9547513723373413,1.2169800996780396,0.010592753998935223,0.10606806725263596,3.210834264755249
106,9,3.6032332772389055,0.9535826444625854,1.1788759231567383,0.010150433517992496,0.07533808797597885,3.0912530422210693
106,10,3.264602793380618,0.9532346129417419,1.1457939147949219,0.010592183098196983,0.056029073894023895,2.7781758308410645
106,11,3.2376003371551634,0.9533774256706238,1.1415871381759644,0.010642015375196934,0.06122196838259697,2.7467434406280518
106,12,3.4884078942239283,0.9530279636383057,1.1401276588439941,0.010762229561805725,0.04582522436976433,3.0131893157958984
107,0,28.446350145339967,0.9554615020751953,4.835197925567627,19.41010093688965,6.1059064865112305,1.7722108364105225
107,1,17.018560934066773,0.9554615020751953,3.990410566329956,8.631954193115234,6.747239112854004,0.6501932144165039
107,2,11.069918966293335,1.0005313158035278,3.2660715579986572,7.421237945556641,1.988268256187439,0.8070921897888184
107,3,9.956099337339401,0.9694727063179016,2.7033400535583496,7.123449325561523,1.6131350994110107,0.4849523603916168
107,4,3.3903259336948395,0.9681695103645325,1.9156626462936401,0.01952037215232849,2.3526644706726074,0.44137465953826904
107,5,3.2283439222723245,0.9612926244735718,1.6517292261123657,0.017500991001725197,2.121825695037842,0.5664128661155701
107,6,1.7021487317979336,0.961133599281311,1.468477487564087,0.016500648111104965,0.7646885514259338,0.4350373148918152
107,7,1.241262360662222,0.9578609466552734,1.2562134265899658,0.019787397235631943,0.48858073353767395,0.29007935523986816
107,8,1.4051236361265182,0.9578701257705688,1.2017664909362793,0.020453110337257385,0.47466039657592773,0.4780828058719635
107,9,1.3007565014064313,0.9589367508888245,1.1687734127044678,0.02160666510462761,0.5056506395339966,0.34795716404914856
107,10,1.3403608759865167,0.9596548676490784,1.1423596143722534,0.012117668054997921,0.5140756368637085,0.3937646746635437
107,11,1.2795742010697722,0.9597065448760986,1.1403297185897827,0.012445173226296902,0.3923679292201996,0.4547538459300995
107,12,1.222610940411687,0.9575887322425842,1.1402127742767334,0.013419630005955696,0.3143872320652008,0.47524377703666687
107,13,1.0726631509140134,0.9571256041526794,1.1429009437561035,0.010368977673351765,0.2655057907104492,0.3767830729484558
107,14,1.1815034791827204,0.9571328163146973,1.1435962915420532,0.010504744946956635,0.2873087227344513,0.46354418992996216
107,15,1.220653080381453,0.9575380086898804,1.1451809406280518,0.009788536466658115,0.26871800422668457,0.5216027498245239
107,16,1.0147328423336148,0.9582737684249878,1.1448427438735962,0.011741560883820057,0.06756236404180527,0.5148056149482727
107,17,0.9330557599663735,0.9581416249275208,1.1446832418441772,0.010434169322252274,0.05972232297062874,0.44233429431915283
107,18,0.8832175446674229,0.9581515789031982,1.1453677415847778,0.011104687117040157,0.05609680339694023,0.39531219005584717
107,19,0.925128435716033,0.9575685262680054,1.1502043008804321,0.010841259732842445,0.030065592378377914,0.4626670181751251
107,20,0.8349868351593613,0.9563385248184204,1.1482244729995728,0.009205915965139866,0.030293479561805725,0.37457484006881714
107,21,0.8342037349939346,0.9563792943954468,1.1449925899505615,0.009547004476189613,0.027372783049941063,0.3770095705986023
107,22,0.7873076990246772,0.9555502533912659,1.148043155670166,0.009342217817902565,0.025518639013171196,0.33172816038131714
107,23,0.8953479591757059,0.9555755853652954,1.14910888671875,0.00942067988216877,0.02634377032518387,0.4386466145515442
107,24,0.9138103706762195,0.9555761814117432,1.1465797424316406,0.010080463252961636,0.020193401724100113,0.46310532093048096
108,0,28.957722783088684,0.9545501470565796,1.1423072814941406,19.7642879486084,6.9240593910217285,1.850003957748413
108,1,27.587337827682497,0.9677872061729431,1.1400072574615479,21.566699981689453,5.177457332611084,0.4216216206550598
108,2,22.421621724963188,0.9559616446495056,1.140681505203247,19.885982513427734,2.005528450012207,0.11078213155269623
108,3,8.571956574171782,0.9559200406074524,1.144507646560669,7.202895641326904,0.8960570693016052,0.05291832610964775
108,4,1.1477715037763119,0.9558417201042175,1.1445523500442505,0.01836474984884262,0.670696496963501,0.03863144293427467
108,5,0.77120629735291,0.9580966830253601,1.147733211517334,0.01615673117339611,0.3003256320953369,0.0335579551756382
108,6,0.685349464789033,0.9580368399620056,1.1496729850769043,0.01657996140420437,0.20926210284233093,0.03796543553471565
108,7,0.6172239165753126,0.9579288959503174,1.1485439538955688,0.015112297609448433,0.1570519506931305,0.023765098303556442
108,8,0.6305797547101974,0.9602806568145752,1.146802544593811,0.014943081885576248,0.1618855893611908,0.03233444318175316
108,9,0.623691463842988,0.9601722359657288,1.147994875907898,0.013029132038354874,0.15965470671653748,0.029374202713370323
108,10,0.6440480709075929,0.9570960402488708,1.1455897092819214,0.010505102574825287,0.16960828006267548,0.04339753836393356
108,11,0.6169463420286775,0.9560052752494812,1.1449044942855835,0.010646392591297626,0.14768068492412567,0.038437310606241226
108,12,0.6614204021170735,0.9553983211517334,1.145002007484436,0.010911534540355206,0.19925089180469513,0.031177910044789314
108,13,0.5307076895609498,0.955680787563324,1.1449846029281616,0.011478045023977757,0.06388480216264725,0.03521176427602768
108,14,0.517886439524591,0.955857515335083,1.1446354389190674,0.0108793331310153,0.05606649070978165,0.030842024832963943
108,15,0.513948011957109,0.9560337066650391,1.1457903385162354,0.012343554757535458,0.05069538205862045,0.03054426610469818
108,16,0.5068907443434001,0.954816460609436,1.1453101634979248,0.010974762961268425,0.04852379485964775,0.027366861701011658
108,17,0.5154581014066935,0.9548464417457581,1.1456793546676636,0.010587593540549278,0.05533890798687935,0.029426440596580505
108,18,0.5231414319947363,0.9543355703353882,1.14552640914917,0.010801964439451694,0.05795047804713249,0.03441659361124039
108,19,0.5460008958354593,0.9551444053649902,1.1455823183059692,0.008952965028584003,0.04381854459643364,0.0730840414762497
108,20,0.5735599601641298,0.9547592401504517,1.1458977460861206,0.010066111572086811,0.04396449401974678,0.09939795732498169
108,21,0.5910460656508804,0.9555352926254272,1.1464929580688477,0.011364596895873547,0.04217198118567467,0.11710383743047714
108,22,0.605241271108389,0.9549371004104614,1.145524501800537,0.011226382106542587,0.03965535759925842,0.13426721096038818
109,0,34.43063287734985,0.9554615020751953,4.835197925567627,23.7122859954834,6.404542446136475,3.155672550201416
109,1,27.844013953208922,0.9550977945327759,3.989534378051758,22.012874603271484,4.2541680335998535,0.5880448818206787
109,2,27.142449426651,0.9550979137420654,3.2889485359191895,22.251712799072266,3.7595324516296387,0.2823948860168457
109,3,15.382543957233429,0.9550979137420654,2.7336254119873047,11.681228637695312,2.03481125831604,0.9287593960762024
109,4,1.8713685765862467,0.9527009129524231,1.929739236831665,0.022945351898670197,0.4679408371448517,0.803994357585907
109,5,1.9973595000803472,0.9526724815368652,1.6572215557098389,0.01906207576394081,0.5184386372566223,0.9378799796104431
109,6,2.2729484606534243,0.9526724219322205,1.465551495552063,0.02158220298588276,0.7105110287666321,1.0572104454040527
109,7,1.5722189392894506,0.9524829983711243,1.2459208965301514,0.014416566118597984,0.855840802192688,0.26228079199790955
109,8,1.5073524428531528,0.9524863362312317,1.1921956539154053,0.012326057069003582,0.7500230669975281,0.3160669207572937
109,9,1.5476924715563656,0.9539685249328613,1.1633403301239014,0.011807638220489025,0.7874826192855835,0.32494044303894043
109,10,1.6713875399902463,0.9529865384101868,1.141653060913086,0.009885733015835285,0.826668381690979,0.41590550541877747
109,11,1.6311153119429946,0.9542469382286072,1.1399931907653809,0.01128572877496481,0.8321841955184937,0.3687973618507385
109,12,1.5786892203614116,0.9542034864425659,1.1406971216201782,0.010079982690513134,0.7305108308792114,0.4191182851791382
109,13,1.5823206106200813,0.9538432359695435,1.1431758403778076,0.009196356870234013,0.7371245622634888,0.4165958762168884
109,14,1.520022008009255,0.9542306065559387,1.14571213722229,0.012509790249168873,0.6819527745246887,0.4055708944797516
110,0,33.49910860061645,0.9554615020751953,4.835197925567627,23.10367202758789,6.652075290679932,2.5852293968200684
110,1,17.5818088054657,0.9554615020751953,3.989192008972168,11.368349075317383,5.148603916168213,0.07592511177062988
110,2,14.910377369821072,0.9546604156494141,3.2723777294158936,11.661833763122559,2.321915626525879,0.0812203511595726
110,3,13.233556205779314,0.9561273455619812,2.708143472671509,10.699626922607422,1.7517797946929932,0.049295324832201004
110,4,1.0030661318451166,0.9553206562995911,1.944452166557312,0.017050350084900856,0.24615047872066498,0.15991073846817017
110,5,0.933552972227335,0.9535466432571411,1.6855714321136475,0.015897143632173538,0.24048349261283875,0.14934872090816498
110,6,1.8660978995263577,0.9542949199676514,1.5030834674835205,0.01370188221335411,0.31095555424690247,1.0499647855758667
110,7,1.5786589618772269,0.9537690281867981,1.2752187252044678,0.012243559584021568,0.23920755088329315,0.8814103007316589
110,8,1.3494161469861865,0.9537703990936279,1.2161051034927368,0.015588234178721905,0.19140398502349854,0.7084488272666931
110,9,0.6492065984755755,0.9536631107330322,1.1813910007476807,0.015711909160017967,0.16333146393299103,0.043152403086423874
110,10,0.6219591028988362,0.9535923004150391,1.1508129835128784,0.015872128307819366,0.13949137926101685,0.04571453854441643
110,11,0.6287709839642048,0.9535695910453796,1.1432543992996216,0.012708164751529694,0.14936041831970215,0.0473376028239727
110,12,0.7870400689542294,0.9536794424057007,1.1409019231796265,0.015161115676164627,0.31284070014953613,0.040121980011463165
110,13,0.5184373892843723,0.954237163066864,1.1402268409729004,0.013885365799069405,0.06513949483633041,0.02051972784101963
110,14,0.6073651529848576,0.9542803168296814,1.1405749320983887,0.010956039652228355,0.1563599705696106,0.021078092977404594
110,15,0.6284735122695566,0.9543169736862183,1.1406162977218628,0.012366297654807568,0.17054982483386993,0.02657073549926281
110,16,0.6234865801408886,0.9554332494735718,1.1410460472106934,0.011733186431229115,0.15311075747013092,0.03934677690267563
110,17,0.6092062966898084,0.9555174112319946,1.1412967443466187,0.01113323587924242,0.1409256011247635,0.0377846285700798
110,18,0.6491489348933102,0.9555183053016663,1.1424050331115723,0.011035709641873837,0.181754931807518,0.03677362576127052
110,19,0.6324625590816141,0.9558789134025574,1.1427828073501587,0.012156062759459019,0.15385493636131287,0.04671921581029892
111,0,33.45876895189285,0.9577820897102356,1.1563570499420166,24.21319580078125,6.3246750831604,2.498070240020752
111,1,34.25357052087784,0.9593624472618103,1.1618218421936035,24.561506271362305,8.094500541687012,1.173326849937439
111,2,27.066173738241197,0.962620735168457,1.1520923376083374,18.513038635253906,8.002057075500488,0.12813541293144226
111,3,22.25946287214756,0.952078104019165,1.159112572669983,20.08858871459961,1.6137261390686035,0.13490988314151764
111,4,1.289841478317976,0.9528558254241943,1.1533650159835815,0.03755464777350426,0.6119042634963989,0.21913839876651764
111,5,1.4346078645437956,0.9528605937957764,1.1533716917037964,0.017165614292025566,0.7746445536613464,0.22155123949050903
111,6,1.031487954221666,0.9533582925796509,1.1506831645965576,0.012043110094964504,0.35073232650756836,0.2479042261838913
111,7,0.9173599863424897,0.9530491232872009,1.149856686592102,0.01187440101057291,0.2492617815732956,0.23564264178276062
111,8,1.029705167002976,0.9527250528335571,1.150161623954773,0.010459077544510365,0.30283528566360474,0.2958334684371948
111,9,1.0179456271231175,0.9527175426483154,1.14956796169281,0.01118222251534462,0.2833801507949829,0.3029261529445648
111,10,1.1818578891456126,0.9542897343635559,1.1531723737716675,0.010222475975751877,0.31749826669692993,0.43264472484588623
111,11,1.1012544594705105,0.9543817639350891,1.151982307434082,0.01081513985991478,0.3311789333820343,0.3379875719547272
111,12,1.091434101946652,0.9543876051902771,1.1512235403060913,0.010096346028149128,0.3529496490955353,0.30726587772369385
111,13,1.0556827796623112,0.9543468952178955,1.1513772010803223,0.009653712622821331,0.3200184106826782,0.30486583709716797
112,0,35.86608891487121,0.9554615020751953,4.835197925567627,25.433719635009766,7.01461124420166,2.2596261501312256
112,1,32.7625869512558,0.9521028399467468,3.9884328842163086,26.99711799621582,4.413369655609131,0.3639921545982361
112,2,14.060168147087097,0.9521032571792603,3.3176724910736084,10.34815502166748,1.6821885108947754,1.1758694648742676
112,3,12.757469308376312,0.9527685642242432,2.7588374614715576,9.313153266906738,1.7113224267959595,0.9906724095344543
112,4,1.503526609018445,0.95224928855896,1.946655511856079,0.01978338323533535,0.8843756914138794,0.019586574286222458
112,5,1.2061845663934947,0.9525481462478638,1.6835625171661377,0.016665859147906303,0.6405831575393677,0.021713417023420334
112,6,1.1154854331165551,0.9525507688522339,1.4900721311569214,0.018013255670666695,0.5885069966316223,0.02044060081243515
112,7,0.9518389064818621,0.9523578882217407,1.2631272077560425,0.01081402413547039,0.44915610551834106,0.04877175763249397
112,8,0.921668815612793,0.9523091316223145,1.2071113586425781,0.010025899857282639,0.4555506110191345,0.024208206683397293
112,9,0.8104229301214219,0.9523094296455383,1.1719177961349487,0.0108110923320055,0.35188165307044983,0.022884739562869072
112,10,0.7013335399329663,0.9529474973678589,1.1450285911560059,0.012579616159200668,0.2224438190460205,0.04671488702297211
112,11,0.6567454529926181,0.9536727070808411,1.1409052610397339,0.012666272930800915,0.1813400387763977,0.043823547661304474
112,12,0.6568739999085665,0.95362389087677,1.1400039196014404,0.00966295413672924,0.1855931282043457,0.04289235547184944
112,13,0.728683003783226,0.9540489315986633,1.1421449184417725,0.011233579367399216,0.24867002665996552,0.049540627747774124
112,14,0.6731546455994248,0.9543869495391846,1.1442776918411255,0.01121720764786005,0.19612957537174225,0.04607493430376053
112,15,0.7116207422688603,0.9541606903076172,1.1457244157791138,0.011403669603168964,0.2050469070672989,0.0751931443810463
112,16,0.7024193651974201,0.9542738199234009,1.1474472284317017,0.010508384555578232,0.2052837461233139,0.06628302484750748
112,17,0.685049693286419,0.9542196393013,1.146085262298584,0.011534556746482849,0.17739064991474152,0.07606350630521774
113,0,29.741703081130982,0.9554615020751953,4.835197925567627,19.82969856262207,6.358145236968994,2.3957273960113525
113,1,26.58791024237871,0.9649853706359863,3.9895410537719727,18.56348991394043,6.948538303375244,0.08497674018144608
113,2,23.187248998880385,0.9649587273597717,3.2885990142822266,16.88811492919922,5.01159143447876,0.4368310868740082
113,3,18.48298474550247,0.9639809727668762,2.7438759803771973,16.03716278076172,1.2165513038635254,0.4876992702484131
113,4,2.2311807956546543,0.9570867419242859,1.943668007850647,0.01951592229306698,1.3205626010894775,0.3109513223171234
113,5,1.6311150781810284,0.9571901559829712,1.6801385879516602,0.011014815419912338,0.8505327105522156,0.24210180342197418
113,6,1.8002290418371558,0.9571630954742432,1.4998422861099243,0.012144594453275204,1.036105990409851,0.26057738065719604
113,7,0.9738997546955943,0.9574248194694519,1.275919795036316,0.015476989559829235,0.3775706887245178,0.1341831535100937
113,8,0.910839574597776,0.9579041600227356,1.2156774997711182,0.01494369562715292,0.356658399105072,0.10452114790678024
113,9,0.8689688950777055,0.957887589931488,1.1807129383087158,0.010645352303981781,0.32057636976242065,0.11002706736326218
113,10,0.8619979878887534,0.9555138945579529,1.1463205814361572,0.010918869636952877,0.2590976059436798,0.1716146171092987
113,11,0.8294333999976515,0.9559347033500671,1.1412464380264282,0.008972949348390102,0.21016685664653778,0.19085736572742462
113,12,0.9079066928476096,0.9559099078178406,1.1399928331375122,0.009543275460600853,0.2678605020046234,0.2113223671913147
113,13,0.835221315920353,0.955394983291626,1.1415526866912842,0.011295266449451447,0.27119871973991394,0.13333779573440552
113,14,0.8196174615994096,0.9552909731864929,1.1427143812179565,0.010111958719789982,0.29546722769737244,0.09443720430135727
113,15,0.7603923840448261,0.9552983641624451,1.1435792446136475,0.00961435865610838,0.1732862889766693,0.15771621465682983
113,16,0.9378775062039495,0.9551473259925842,1.1444035768508911,0.008816760964691639,0.3784331679344177,0.13071739673614502
113,17,0.8261578304693102,0.9564993381500244,1.1449211835861206,0.010442848317325115,0.25224024057388306,0.1431906372308731
113,18,0.9488240709528327,0.9564048051834106,1.1438359022140503,0.010767742060124874,0.36546212434768677,0.15254606306552887
113,19,0.815692744217813,0.9563632607460022,1.144403338432312,0.009856387041509151,0.3054647743701935,0.08021826297044754
113,20,0.7434891549870373,0.9554869532585144,1.1443067789077759,0.010331432335078716,0.22818124294281006,0.08501773327589035
113,21,0.6682170843705535,0.9553269743919373,1.1433892250061035,0.009668729268014431,0.15591475367546082,0.08289036154747009
113,22,0.7779979385435581,0.9560511112213135,1.142865777015686,0.010231159627437592,0.287830650806427,0.060152750462293625
113,23,0.7644256813451648,0.9558110237121582,1.1425918340682983,0.009657013230025768,0.2337026447057724,0.1013854518532753
113,24,0.799259465560317,0.9551851749420166,1.1433517932891846,0.009480712935328484,0.24920137226581573,0.12086998671293259
114,0,28.156588280200957,0.9542762637138367,1.1573092937469482,19.01630401611328,6.936103820800781,1.7818633317947388
114,1,27.87859461903572,0.9568372368812561,1.139998197555542,19.643953323364258,7.414605140686035,0.40066906809806824
114,2,21.26616171747446,0.9684103727340698,1.1409574747085571,19.790966033935547,0.9475708603858948,0.10575125366449356
114,3,21.4204163312912,0.9555009603500366,1.1444355249404907,20.107328414916992,0.803368091583252,0.08973252773284912
114,4,1.2936522321775556,0.9536580443382263,1.1425039768218994,0.01232611108571291,0.6011163592338562,0.2609773576259613
114,5,1.332381977699697,0.9549378752708435,1.140606164932251,0.01129214372485876,0.5842684507369995,0.31771257519721985
114,6,1.191868206858635,0.95563805103302,1.1413217782974243,0.010166659951210022,0.4101679027080536,0.35214167833328247
114,7,1.0721592368558048,0.9545787572860718,1.1415152549743652,0.01556165236979723,0.16959300637245178,0.4677857756614685
114,8,1.0255979437381029,0.9545937776565552,1.141563057899475,0.016643131151795387,0.08586142212152481,0.5038620233535767
114,9,1.0343779537826776,0.9550126194953918,1.1413203477859497,0.016990335658192635,0.08270875364542007,0.5154122710227966
114,10,0.9860782094299794,0.9557668566703796,1.141126275062561,0.015088137239217758,0.1004486009478569,0.45116284489631653
114,11,0.8454054659232497,0.9573900103569031,1.1415008306503296,0.014319784007966518,0.07566657662391663,0.33564093708992004
114,12,1.0690389703959227,0.9561762809753418,1.141108512878418,0.01670726202428341,0.06660863012075424,0.5662661194801331
114,13,0.9545639719814063,0.9560204744338989,1.141189694404602,0.018998930230736732,0.04995260760188103,0.46617040038108826
114,14,1.0116709198802711,0.9560264348983765,1.1414393186569214,0.01100187562406063,0.08239617943763733,0.4987797141075134
114,15,1.0225646311417222,0.9567973613739014,1.1418156623840332,0.01041348371654749,0.09734079986810684,0.49508774280548096
114,16,0.8533304773271084,0.9567651748657227,1.1424927711486816,0.009847860783338547,0.07524143159389496,0.348389595746994
114,17,0.8258392862975598,0.9567949771881104,1.1428020000457764,0.011600542813539505,0.07584267109632492,0.31847667694091797
114,18,0.8843480326235295,0.9567179083824158,1.1431952714920044,0.010628808289766312,0.07710994780063629,0.3766266405582428
114,19,0.8398692507296801,0.9563921093940735,1.1429781913757324,0.010504337027668953,0.06643441319465637,0.34305644035339355
114,20,0.8802911078557373,0.9563880562782288,1.1429108381271362,0.01030502375215292,0.06264804303646088,0.3874782621860504
114,21,0.8351781975477934,0.9568889737129211,1.1429080963134766,0.009453946724534035,0.041935551911592484,0.36382928490638733
114,22,0.6873501000925899,0.9565772414207458,1.1434940099716187,0.010981149040162563,0.0503535233438015,0.2060011774301529
114,23,0.7441476879641413,0.9573570489883423,1.1436432600021362,0.010611790232360363,0.03941163420677185,0.27392420172691345
114,24,0.7912194237112999,0.9573301076889038,1.1437779664993286,0.010488804429769516,0.036760564893484116,0.3237484395503998
115,0,28.381928730010987,0.9554615020751953,4.835197925567627,19.98378562927246,5.847751140594482,1.3922600746154785
115,1,25.724682934582233,0.958207368850708,3.9879350662231445,20.553375244140625,4.107079982757568,0.07499922066926956
115,2,17.886074101924898,0.9582023024559021,3.299933433532715,14.803945541381836,1.935249924659729,0.2952514886856079
115,3,18.07070293724537,0.9523288011550903,2.7434682846069336,16.03926658630371,1.0955166816711426,0.19676025211811066
115,4,1.4864894289523365,0.9541313052177429,1.9764652252197266,0.01553337462246418,0.6532636284828186,0.23157311975955963
115,5,1.5446255188435316,0.9540883898735046,1.7110525369644165,0.014821736142039299,0.6543585062026978,0.3424170911312103
115,6,1.5167720180004836,0.9536737203598022,1.5160115957260132,0.015841899439692497,0.7138027548789978,0.2931903004646301
115,7,0.8604950869455934,0.9531302452087402,1.2769807577133179,0.011341535486280918,0.14663375914096832,0.2564975917339325
115,8,0.837975330092013,0.9538584351539612,1.2113174200057983,0.010662213899195194,0.12932710349559784,0.26495084166526794
115,9,0.7335847353562712,0.953829288482666,1.170556902885437,0.01149869617074728,0.12100358307361603,0.17620521783828735
115,10,0.9284259470179678,0.954327404499054,1.1434855461120605,0.01134162861853838,0.1285250186920166,0.3689967095851898
115,11,0.8341042341664433,0.9535418748855591,1.1403285264968872,0.011478942818939686,0.13755756616592407,0.26629364490509033
115,12,0.7745239283889532,0.9535813331604004,1.140293002128601,0.011005086824297905,0.10355129092931747,0.24119268357753754
115,13,0.6270095378160477,0.9538231492042542,1.1422237157821655,0.012364789843559265,0.06678986549377441,0.12864550948143005
115,14,0.6195742025971414,0.9539229273796082,1.1437000036239624,0.012964822351932526,0.08920226246118546,0.09788253158330917
115,15,0.6570487335324288,0.9539242386817932,1.1444720029830933,0.012714862823486328,0.10759956389665604,0.11705505847930908
115,16,0.6101059533655644,0.9544348120689392,1.1448663473129272,0.010265406221151352,0.08472509682178497,0.09525521844625473
115,17,0.6286618465557694,0.9543914198875427,1.1463087797164917,0.011047021485865116,0.08809608221054077,0.10937870293855667
115,18,0.6412722857668995,0.9551294445991516,1.1467270851135254,0.012286645360291004,0.10462452471256256,0.10398980975151062
115,19,0.6297650406137109,0.9553085565567017,1.1489993333816528,0.010324456728994846,0.10497447103261948,0.09360453486442566
115,20,0.6096371654421091,0.9554529190063477,1.1475121974945068,0.011095264926552773,0.07055370509624481,0.10739517211914062
115,21,0.605844265781343,0.9553400874137878,1.1485414505004883,0.011035787872970104,0.055350806564092636,0.11868136376142502
115,22,0.6237848300486803,0.9554522037506104,1.1494455337524414,0.010261723771691322,0.09295791387557983,0.0995856449007988
115,23,0.6376536304131151,0.9556837677955627,1.1468604803085327,0.009552807547152042,0.08526855707168579,0.1223234161734581
115,24,0.6294291391968727,0.9554957747459412,1.1464283466339111,0.009479537606239319,0.08872838318347931,0.11083639413118362
116,0,31.807145404815675,0.9554615020751953,4.835197925567627,22.696996688842773,5.948271751403809,2.0037450790405273
116,1,28.335802364349366,0.977279782295227,3.9884161949157715,22.764673233032227,3.553621768951416,1.024368166923523
116,2,26.083249735832215,0.9587565660476685,3.281345844268799,23.787384033203125,0.7141126990318298,0.7337325215339661
116,3,26.403518033027648,0.9532755613327026,2.7147648334503174,24.394556045532227,0.5500194430351257,0.7253344655036926
116,4,1.3405899848788976,0.9531604647636414,1.935999870300293,0.030069625005126,0.4890434443950653,0.2436448484659195
116,5,1.131726448610425,0.9539068937301636,1.6818780899047852,0.021739887073636055,0.3231201469898224,0.2597094178199768
116,6,1.195011168345809,0.9529123306274414,1.4973512887954712,0.017003631219267845,0.24728697538375854,0.4406678378582001
116,7,1.130090744420886,0.9532727003097534,1.2697197198867798,0.01214924268424511,0.1714506298303604,0.5018923878669739
116,8,1.1971016600728035,0.9535761475563049,1.210410714149475,0.012367524206638336,0.16292253136634827,0.5890142321586609
116,9,1.1474495055153966,0.9531258940696716,1.1758676767349243,0.011368614621460438,0.15285411477088928,0.5574280619621277
116,10,1.1745384577661753,0.9538516998291016,1.145666480064392,0.01240471936762333,0.1359270066022873,0.6063030958175659
116,11,1.0783117661252617,0.9525827765464783,1.1412936449050903,0.01189990434795618,0.13798795640468597,0.5096486210823059
116,12,1.0276291405782103,0.9527918696403503,1.140051245689392,0.010644949041306973,0.07587392628192902,0.5225416421890259
116,13,1.0581931065768004,0.9536631107330322,1.1413530111312866,0.010152442380785942,0.06953513622283936,0.5595023036003113
116,14,1.0617164961993695,0.9537134766578674,1.1430646181106567,0.010409753769636154,0.12000086903572083,0.5119502544403076
116,15,0.9901485381647945,0.9537113904953003,1.143427848815918,0.010037343017756939,0.07427243143320084,0.486410915851593
116,16,1.0457773920148612,0.9535467624664307,1.1462764739990234,0.011067776009440422,0.05904460698366165,0.5557003617286682
116,17,1.070883570984006,0.9535543322563171,1.1447217464447021,0.011234471574425697,0.07831618934869766,0.5616776943206787
116,18,0.9674442850053311,0.9534483551979065,1.1447882652282715,0.010978702455759048,0.05463724583387375,0.48218101263046265
116,19,0.9876280074939132,0.9540929198265076,1.1437753438949585,0.011137052439153194,0.04497479647397995,0.5119425058364868
116,20,0.8875967405736447,0.9540691375732422,1.143762469291687,0.01066458597779274,0.031600140035152435,0.4257656931877136
116,21,1.0196888482198119,0.9538585543632507,1.1448854207992554,0.010412408970296383,0.04238186031579971,0.5471457839012146
116,22,0.9025385202839971,0.9541796445846558,1.144141674041748,0.010701132006943226,0.034668922424316406,0.43750420212745667
116,23,0.9271126393228769,0.9544305801391602,1.1453789472579956,0.009752029553055763,0.03811168670654297,0.45928701758384705
116,24,0.8490447985008359,0.9543977975845337,1.1436291933059692,0.00943125132471323,0.033520814031362534,0.38648733496665955
117,0,31.930029606819154,0.9567068815231323,1.146424412727356,23.172134399414062,6.488509654998779,1.8487592935562134
117,1,28.002879098057747,0.9520680904388428,1.1403177976608276,21.932985305786133,5.459078311920166,0.19233830273151398
117,2,11.48968072682619,0.9520679712295532,1.1399928331375122,8.835107803344727,2.1503725051879883,0.08578825742006302
117,3,10.628889946639537,0.9552420377731323,1.1404666900634766,8.516267776489258,1.5824859142303467,0.11099451035261154
117,4,1.041299849189818,0.9573706984519958,1.140004277229309,0.0127822021022439,0.4859144389629364,0.12312821298837662
117,5,1.2112625673413278,0.9573730826377869,1.1400209665298462,0.011688508093357086,0.5797113180160522,0.20038393139839172
117,6,1.2364632546901704,0.9538770318031311,1.1401273012161255,0.009695559740066528,0.5848740935325623,0.22309273481369019
117,7,0.9893201135098935,0.9537693858146667,1.1399998664855957,0.009699936956167221,0.3598190248012543,0.20104730129241943
117,8,0.9611503791064024,0.9534933567047119,1.1401325464248657,0.010431645438075066,0.2956712543964386,0.2363222986459732
117,9,0.8807993600144983,0.9535036087036133,1.1401231288909912,0.009741188026964664,0.2552095353603363,0.19712328910827637
117,10,0.8063034618273377,0.9539617896080017,1.14106285572052,0.01013911608606577,0.13183917105197906,0.24532024562358856
117,11,0.7786508345976472,0.9545037150382996,1.141411542892456,0.008712165988981724,0.09012274444103241,0.26063287258148193
117,12,0.7695575239136816,0.9544726610183716,1.1417248249053955,0.00929271150380373,0.11628489941358566,0.2247404158115387
117,13,0.7241263946518302,0.954313337802887,1.1426723003387451,0.009895107708871365,0.08579731732606888,0.20903684198856354
117,14,0.7409202180802823,0.9546023011207581,1.143447995185852,0.009834099560976028,0.07159643620252609,0.23987962305545807
117,15,0.8091556215658784,0.9546043276786804,1.1431325674057007,0.010020912624895573,0.07647747546434402,0.3031098544597626
117,16,0.6900078704580664,0.9550734162330627,1.1439800262451172,0.010703972540795803,0.07819046825170517,0.1813027411699295
117,17,0.7067195782437921,0.954748272895813,1.14395272731781,0.009995509870350361,0.05613343045115471,0.22085043787956238
117,18,0.6625986346974969,0.9546676874160767,1.1439851522445679,0.008947954513132572,0.04632993042469025,0.18759018182754517
117,19,0.6571911685168743,0.9551460146903992,1.1427351236343384,0.009807035326957703,0.045985545963048935,0.18182235956192017
117,20,0.6456092337146402,0.9560920000076294,1.1431444883346558,0.009805169887840748,0.03568195179104805,0.1802748143672943
117,21,0.6530452333390713,0.9562031626701355,1.142905831336975,0.009982302784919739,0.04164549335837364,0.18159563839435577
117,22,0.5810204742476345,0.9556710124015808,1.1431498527526855,0.009838818572461605,0.04274929687380791,0.10866818577051163
117,23,0.581247428432107,0.9563109278678894,1.144106388092041,0.010229969397187233,0.032358475029468536,0.11857552081346512
117,24,0.5933188069611788,0.9563262462615967,1.14414381980896,0.010870100930333138,0.04543769359588623,0.11691699922084808
118,0,33.46304588317871,0.9554615020751953,4.835197925567627,23.48398780822754,5.789592266082764,3.0313339233398438
118,1,28.515388774871827,0.9538213610649109,3.9887948036193848,23.571212768554688,2.9649927616119385,0.9906600117683411
118,2,24.445638428628445,0.9578804969787598,3.28596568107605,22.055898666381836,1.463172197341919,0.07779832929372787
118,3,24.6534828774631,0.9588786363601685,2.713939666748047,23.155485153198242,0.7328361868858337,0.030597876757383347
118,4,0.9167083721607924,0.9590825438499451,1.9246758222579956,0.02061525546014309,0.28697720170021057,0.032364241778850555
118,5,0.7623094465583563,0.9546685814857483,1.6725531816482544,0.014744726940989494,0.18308064341545105,0.039039723575115204
118,6,0.6926456494256854,0.9533955454826355,1.4918686151504517,0.015441077761352062,0.14751945436000824,0.04063228517770767
118,7,0.6161275632679463,0.9542365670204163,1.2690868377685547,0.01259344071149826,0.11632296442985535,0.04254647716879845
118,8,0.6264760864898563,0.9536402821540833,1.2131847143173218,0.011497779749333858,0.12923067808151245,0.05238262936472893
118,9,0.6309256233274937,0.9537202715873718,1.1787090301513672,0.011872075498104095,0.14870469272136688,0.04386299476027489
118,10,0.6383218068629504,0.954130232334137,1.1470222473144531,0.010357866063714027,0.17582423985004425,0.03190920501947403
118,11,0.557737915031612,0.954345703125,1.1418437957763672,0.010757907293736935,0.09708700329065323,0.03065510466694832
118,12,0.545294351503253,0.9542656540870667,1.1401722431182861,0.01095438189804554,0.08299049735069275,0.03246189281344414
118,13,0.627131992392242,0.9548313021659851,1.1411560773849487,0.010775054804980755,0.10004771500825882,0.09711174666881561
118,14,0.6841252245008946,0.9548353552818298,1.1423149108886719,0.011551309376955032,0.10324187576770782,0.14990198612213135
118,15,0.7155609892681242,0.954656720161438,1.143600583076477,0.010350731201469898,0.10139944404363632,0.18415935337543488
118,16,0.824913283251226,0.9547295570373535,1.1438771486282349,0.011161877773702145,0.0774717628955841,0.316558301448822
118,17,0.8455479335039855,0.9547299742698669,1.1442722082138062,0.009557841345667839,0.09014327824115753,0.3260463774204254
118,18,0.9006562557071448,0.9547473192214966,1.1447241306304932,0.011296665295958519,0.06304658949375153,0.40641871094703674
119,0,33.017049360275266,0.9554615020751953,4.835197925567627,24.42210578918457,5.760794162750244,1.6760175228118896
119,1,26.354817748069763,0.9554615020751953,3.9894185066223145,21.28734588623047,3.0761752128601074,1.002320647239685
119,2,23.50372346639633,0.9554615020751953,3.2755022048950195,18.818527221679688,2.855423927307129,0.9835795760154724
119,3,18.87818161249161,0.988719642162323,2.7052009105682373,14.488020896911621,2.2579519748687744,1.3934246301651
119,4,1.4698173336684703,0.9579289555549622,1.9308960437774658,0.0346967987716198,0.3671466112136841,0.4902089238166809
119,5,1.5737778302282095,0.9579325914382935,1.674827218055725,0.017677461728453636,0.33491313457489014,0.694635272026062
119,6,1.3750655677169563,0.9581812024116516,1.4831643104553223,0.015199890360236168,0.27157294750213623,0.600023627281189
119,7,1.2643984332680702,0.9592344760894775,1.2570551633834839,0.012205056846141815,0.216059610247612,0.5928758382797241
119,8,0.9211449878290296,0.9552685618400574,1.2030783891677856,0.013688621111214161,0.0547189936041832,0.4210679829120636
119,9,1.0860770404338838,0.955320417881012,1.1699846982955933,0.012625902891159058,0.05205148458480835,0.5963386297225952
119,10,1.080418797582388,0.9564998745918274,1.143472671508789,0.013065602630376816,0.045101553201675415,0.6022571325302124
119,11,0.9427896440029144,0.9569423794746399,1.1402479410171509,0.0126018226146698,0.04559710621833801,0.46515265107154846
119,12,1.0079906838014723,0.9569449424743652,1.1405519247055054,0.01321392972022295,0.047329895198345184,0.5279474854469299
119,13,1.056378279067576,0.9571554660797119,1.1435037851333618,0.011481367982923985,0.04130210727453232,0.5834629535675049
119,14,0.9923627065494657,0.9586267471313477,1.1448183059692383,0.012882561422884464,0.04122725501656532,0.5175638794898987
120,0,31.87314566373825,0.9546501040458679,1.1403707265853882,22.50171661376953,7.310600757598877,1.6418241262435913
120,1,26.763946723937988,0.9711703062057495,1.14800226688385,21.71025848388672,4.341046333312988,0.28880739212036133
120,2,11.027532637119293,0.9711576700210571,1.15049409866333,8.610445976257324,1.7013505697250366,0.29140573740005493
120,3,12.188006019592285,0.9764217734336853,1.1494048833847046,9.977973937988281,1.4085745811462402,0.3762921690940857
120,4,1.5465858079493047,0.9528909921646118,1.145395040512085,0.025248024612665176,0.965848445892334,0.13583213090896606
120,5,1.9004761811345816,0.9528883099555969,1.1430833339691162,0.01112142764031887,1.001250982284546,0.46890944242477417
120,6,1.5180366730317474,0.9537769556045532,1.1428965330123901,0.011557928286492825,0.6390209794044495,0.4481230676174164
120,7,1.2006437193602324,0.9530682563781738,1.1432011127471924,0.010030446574091911,0.5896168351173401,0.1817425638437271
120,8,1.1398023435845972,0.9530894756317139,1.1425185203552246,0.009285480715334415,0.48921099305152893,0.22218427062034607
120,9,1.2766382034868002,0.9548089504241943,1.1437009572982788,0.010261541232466698,0.6307958960533142,0.21587878465652466
120,10,0.8726715484634042,0.9552790522575378,1.1438403129577637,0.0111475745216012,0.20505477488040924,0.23664532601833344
120,11,0.8704782677814364,0.9544432163238525,1.1436980962753296,0.010271589271724224,0.1555553525686264,0.2850230634212494
120,12,0.8204053498804569,0.9544143080711365,1.1433372497558594,0.00949941948056221,0.13587753474712372,0.2554780840873718
120,13,0.8575476612895727,0.9537011384963989,1.1444658041000366,0.009817233309149742,0.1061023473739624,0.32199469208717346
120,14,0.9132430335506797,0.9537911415100098,1.143497347831726,0.01062756683677435,0.08792607486248016,0.395231693983078
120,15,0.8606401296332479,0.9537881016731262,1.143758773803711,0.010179114528000355,0.08918879926204681,0.34176284074783325
120,16,0.8561948677524924,0.953978955745697,1.1442997455596924,0.009242027066648006,0.11131174862384796,0.3159853518009186
120,17,0.9178419049829245,0.9544969797134399,1.1447573900222778,0.010844198986887932,0.12307573109865189,0.3640711009502411
120,18,0.846814869530499,0.9544544816017151,1.1450217962265015,0.009668630547821522,0.09330793470144272,0.32394304871559143
121,0,31.852042484283448,0.9554615020751953,4.835197925567627,22.50294303894043,6.058260917663574,2.132706642150879
121,1,27.036196053028107,0.9613910913467407,3.987673759460449,21.788959503173828,3.6672568321228027,0.5901667475700378
121,2,26.634654557704927,0.9612559676170349,3.294389486312866,23.120168685913086,2.0626301765441895,0.6007266044616699
121,3,24.45933112502098,0.9559603333473206,2.7429158687591553,22.24785804748535,1.1588752269744873,0.3128226101398468
121,4,1.6765715643763541,0.9556812644004822,1.9647458791732788,0.02338290959596634,0.8231438994407654,0.2459593266248703
121,5,1.409962510317564,0.9542962908744812,1.7014802694320679,0.015924613922834396,0.555554211139679,0.30732837319374084
121,6,1.3372992994263768,0.9542775750160217,1.5042545795440674,0.015001934953033924,0.5576801896095276,0.2729107439517975
121,7,1.0844023993238807,0.9543813467025757,1.2757785320281982,0.01024323608726263,0.35369449853897095,0.2744326889514923
121,8,0.7363740436732769,0.953065037727356,1.2127994298934937,0.010230038315057755,0.2065548449754715,0.08641626685857773
121,9,0.6535202808678151,0.9529076218605042,1.1761353015899658,0.009022358804941177,0.13566453754901886,0.08302479982376099
121,10,0.6238905495032668,0.952879786491394,1.1458123922348022,0.010338193736970425,0.1253984570503235,0.06841546297073364
121,11,0.600767287798226,0.9526163935661316,1.1410225629806519,0.008882907219231129,0.07370452582836151,0.09945206344127655
121,12,0.5589644553139806,0.9530478119850159,1.1399919986724854,0.010619145818054676,0.05976396054029465,0.06997338682413101
121,13,0.5489660073071718,0.953633189201355,1.1411076784133911,0.008999021723866463,0.043737560510635376,0.07728125154972076
121,14,0.5488468969240785,0.9536124467849731,1.1421592235565186,0.010621828027069569,0.060428839176893234,0.05864189565181732
121,15,0.5545524025335908,0.9541295766830444,1.1429057121276855,0.009784416295588017,0.04184446483850479,0.08351646363735199
121,16,0.5572501093149186,0.9543361663818359,1.1456317901611328,0.009466852992773056,0.032322172075510025,0.09546749293804169
121,17,0.5763734949752688,0.9543225765228271,1.1463594436645508,0.00939644780009985,0.04447484388947487,0.10236579924821854
121,18,0.5792697237804532,0.9549881815910339,1.145977258682251,0.011054729111492634,0.05080980807542801,0.09721209853887558
121,19,0.5549499304965139,0.955538272857666,1.1458176374435425,0.009945523925125599,0.035779111087322235,0.08895411342382431
122,0,29.49308114051819,0.9554615020751953,4.835197925567627,20.634424209594727,6.479844570159912,1.2206804752349854
122,1,14.49698378443718,0.9554615020751953,3.9870071411132812,7.640170097351074,5.778568744659424,0.0897512137889862
122,2,11.335333949327469,0.9601781964302063,3.29738712310791,7.607754707336426,2.5589489936828613,0.31711718440055847
122,3,12.648830074071885,0.9541459083557129,2.7439541816711426,8.319109916687012,3.27524471282959,0.3148554265499115
122,4,1.8112202929332852,0.9562662839889526,1.9501980543136597,0.012974505312740803,0.8789108395576477,0.33804208040237427
122,5,1.7126201203092934,0.9562631249427795,1.691839575767517,0.01116058137267828,0.8622393608093262,0.3095996379852295
122,6,1.284013711847365,0.9568511843681335,1.5050158500671387,0.011688330210745335,0.5708942413330078,0.2090577334165573
122,7,1.1991873919963836,0.9558248519897461,1.2815500497817993,0.009705215692520142,0.480605810880661,0.26140138506889343
122,8,1.1954686744138598,0.9558013677597046,1.2173023223876953,0.011088053695857525,0.5225223898887634,0.2272374927997589
122,9,1.1764448760077357,0.9551649689674377,1.1785582304000854,0.010628524236381054,0.5161882638931274,0.2228834480047226
122,10,1.0361964508891106,0.9558340907096863,1.1463942527770996,0.011373065412044525,0.3112831115722656,0.29309460520744324
122,11,0.9564907679334282,0.9558160901069641,1.1414824724197388,0.010232076980173588,0.23775877058506012,0.289040207862854
122,12,1.023078875988722,0.9545950889587402,1.1400550603866577,0.010320436209440231,0.2217535674571991,0.37207484245300293
122,13,0.9217369105666876,0.954319179058075,1.1416970491409302,0.010166993364691734,0.16499459743499756,0.32737207412719727
122,14,1.016476127691567,0.9552944898605347,1.142364501953125,0.01039531547576189,0.1629093587398529,0.4236396551132202
122,15,1.08090266212821,0.9552134275436401,1.1428778171539307,0.010200586169958115,0.18597233295440674,0.46511149406433105
122,16,1.048774714022875,0.9539855718612671,1.1436948776245117,0.011165786534547806,0.1417369246482849,0.47633591294288635
122,17,1.1173058470711112,0.9547141194343567,1.144436240196228,0.01052288617938757,0.14233499765396118,0.5446178913116455
122,18,0.9580676339566707,0.9546847939491272,1.1470948457717896,0.010178353637456894,0.14405348896980286,0.38347986340522766
122,19,0.9510692004114389,0.9541059732437134,1.1456494331359863,0.010302277281880379,0.12251373380422592,0.3983021080493927
123,0,31.088744020462038,0.9541670083999634,1.1424864530563354,23.312089920043945,5.834212779998779,1.5231106281280518
123,1,27.985792690515517,0.9523144364356995,1.173404574394226,21.216257095336914,5.969054698944092,0.3753370940685272
123,2,18.26113407611847,0.9523157477378845,1.145594835281372,15.148971557617188,2.5205798149108887,0.17200058698654175
123,3,17.253805869817732,0.9557234048843384,1.1445566415786743,15.80992603302002,0.8691166639328003,0.1547071635723114
123,4,1.0418011624366046,0.9544991254806519,1.1505597829818726,0.014903934672474861,0.444161057472229,0.16172438859939575
123,5,1.0245614668354392,0.9536373019218445,1.1487680673599243,0.011612622998654842,0.40726080536842346,0.18520696461200714
123,6,0.9422086201608182,0.9536164402961731,1.1510869264602661,0.011422809213399887,0.3801819384098053,0.12966319918632507
123,7,1.0166397798806428,0.9543234705924988,1.1519793272018433,0.011550994589924812,0.375151664018631,0.2086765617132187
123,8,0.9721446499228478,0.9535691142082214,1.15347158908844,0.012611977756023407,0.3340896964073181,0.20403483510017395
123,9,1.047971167601645,0.9535405039787292,1.155914068222046,0.010195010341703892,0.41199105978012085,0.20389418303966522
123,10,0.8215765610337258,0.9534817934036255,1.15656578540802,0.010562397539615631,0.2834571301937103,0.10554751753807068
123,11,0.766232737340033,0.9542301297187805,1.1570876836776733,0.0102724963799119,0.22234360873699188,0.1113530695438385
123,12,0.8010701360180974,0.9542155265808105,1.156461238861084,0.010214013047516346,0.22468307614326477,0.14403769373893738
123,13,0.7576971512287856,0.9537997841835022,1.1591871976852417,0.009936673566699028,0.20435892045497894,0.12080416083335876
123,14,0.7150493437424302,0.9540191292762756,1.157842993736267,0.01079466287046671,0.13893279433250427,0.14294946193695068
123,15,0.6789679227396846,0.9542865753173828,1.1564960479736328,0.009085389785468578,0.11703737080097198,0.1306886374950409
123,16,0.6863438684493304,0.9547320008277893,1.155216932296753,0.010653981938958168,0.11183042079210281,0.1418696790933609
123,17,0.608425733447075,0.9549387693405151,1.154500961303711,0.009272366762161255,0.06850048899650574,0.10876493155956268
123,18,0.5794086089357734,0.9548928737640381,1.1546342372894287,0.010948444716632366,0.05876994505524635,0.0877847969532013
123,19,0.6611788908019662,0.9543473720550537,1.15180504322052,0.00917049590498209,0.0477701798081398,0.18300773203372955
123,20,0.7382974600419403,0.9548817276954651,1.152018666267395,0.010169795714318752,0.04161319136619568,0.26513439416885376
123,21,0.7319501813501119,0.955633282661438,1.1522120237350464,0.010771369561553001,0.044525325298309326,0.25508442521095276
123,22,0.7972765907645226,0.9555237889289856,1.1522157192230225,0.01074480265378952,0.04024827480316162,0.3247356116771698
123,23,0.79549002610147,0.9555271863937378,1.1518809795379639,0.010380974039435387,0.07519473135471344,0.28843268752098083
123,24,0.8315212897956372,0.956372857093811,1.15204656124115,0.010966163128614426,0.0640946626663208,0.3347765803337097
124,0,30.27695255279541,0.9554615020751953,4.835197925567627,20.37345314025879,6.78580379486084,1.9595637321472168
124,1,28.517943608760834,0.9741702079772949,3.9870429039001465,21.869842529296875,5.3857927322387695,0.2700657248497009
124,2,27.566249573230742,0.9563086628913879,3.291414976119995,21.327369689941406,5.138243198394775,0.25109195709228516
124,3,23.74135755300522,0.9604918360710144,2.745640277862549,20.324493408203125,2.4464704990386963,0.22916722297668457
124,4,1.528980750963092,0.9671242237091064,1.9638255834579468,0.023481620475649834,0.631397008895874,0.28791216015815735
124,5,1.447119170241058,0.967144250869751,1.7023015022277832,0.012056726031005383,0.6547471284866333,0.24642616510391235
124,6,1.4335372293367983,0.9646576046943665,1.510179877281189,0.014045842923223972,0.578965425491333,0.3455584645271301
124,7,1.302014101110399,0.9609290361404419,1.2773836851119995,0.013903534971177578,0.21176677942276,0.6286812424659729
124,8,1.4400982664898039,0.9609293937683105,1.2124435901641846,0.015050594694912434,0.2651442289352417,0.7252288460731506
124,9,1.727808079123497,0.9609293937683105,1.1757980585098267,0.00994737446308136,0.48611101508140564,0.8044041991233826
124,10,1.5605691814795137,0.9591203927993774,1.1440746784210205,0.010414340533316135,0.38111352920532227,0.7484022974967957
124,11,1.530761312507093,0.9591439366340637,1.1403826475143433,0.009867011569440365,0.36942267417907715,0.731566309928894
124,12,0.9945066265761853,0.9592615962028503,1.1402076482772827,0.009607639163732529,0.37422749400138855,0.19077764451503754
124,13,0.8303757570683956,0.9596388936042786,1.1440584659576416,0.013283707201480865,0.35223186016082764,0.04412071779370308
124,14,0.7896635923534632,0.9587525129318237,1.1458642482757568,0.0110508743673563,0.31612372398376465,0.04156564176082611
124,15,0.9271198526024819,0.9588236212730408,1.1472276449203491,0.011033818125724792,0.43160897493362427,0.0632668063044548
124,16,0.7760779719799757,0.959199845790863,1.1474976539611816,0.010822715237736702,0.28417059779167175,0.05974515900015831
124,17,0.8742403831332922,0.9581950902938843,1.1485401391983032,0.010938508436083794,0.39746397733688354,0.04449085146188736
124,18,0.9039750525727869,0.958279013633728,1.1497832536697388,0.00965521577745676,0.41585424542427063,0.05685313791036606
124,19,0.6613500382751227,0.9580082297325134,1.1484463214874268,0.009376933798193932,0.15639284253120422,0.07428935170173645
124,20,0.6150593785569072,0.9577310681343079,1.14851975440979,0.008806156925857067,0.11601796001195908,0.06898509711027145
124,21,0.5741810511797667,0.9574039578437805,1.147157907485962,0.009798424318432808,0.10146833211183548,0.04200192168354988
124,22,0.5889899322763086,0.9571148753166199,1.1476871967315674,0.010852220468223095,0.1302506923675537,0.02692660503089428
124,23,0.5995808091014624,0.956721305847168,1.1496461629867554,0.009505115449428558,0.14286001026630402,0.025942189618945122
124,24,0.5491050543263555,0.9569091796875,1.1506259441375732,0.010159346275031567,0.09155581891536713,0.025882864370942116
125,0,34.40367321968078,0.9554615020751953,4.835197925567627,24.129850387573242,6.477575778961182,2.638115167617798
125,1,28.82858062982559,0.9523578882217407,3.988067626953125,23.329570770263672,3.83430814743042,0.6766166090965271
125,2,25.19867510199547,0.9638851284980774,3.28946852684021,22.345808029174805,1.6752138137817383,0.3269825279712677
125,3,17.610622227191925,0.963948130607605,2.7301719188690186,15.18481159210205,1.3987631797790527,0.2882234454154968
125,4,1.8233099509030581,0.9571666121482849,1.9513977766036987,0.010381953790783882,0.5853289365768433,0.6458861827850342
125,5,1.6036956517025829,0.9634140133857727,1.6906341314315796,0.009944590739905834,0.524371325969696,0.5385701060295105
125,6,1.787915296666324,0.9621832370758057,1.4913535118103027,0.011309023015201092,0.5501013398170471,0.7357975840568542
125,7,0.7279029803350568,0.9647514224052429,1.266739845275879,0.011023570783436298,0.22511397302150726,0.045467182993888855
125,8,0.7626240814104677,0.9647765755653381,1.20780611038208,0.010768518783152103,0.27173441648483276,0.045604608952999115
125,9,0.6933816591277718,0.964547872543335,1.1734074354171753,0.010872644372284412,0.21677887439727783,0.03813907876610756
125,10,0.79732875674963,0.9648957252502441,1.1432551145553589,0.011223908513784409,0.31837910413742065,0.046095576137304306
125,11,0.7986440729349852,0.9633867740631104,1.1404361724853516,0.009518781676888466,0.31141984462738037,0.05694085732102394
125,12,0.790731692314148,0.9621008038520813,1.1400552988052368,0.009905990213155746,0.309505820274353,0.05088866129517555
125,13,0.6675062004476786,0.9612483382225037,1.1431812047958374,0.010529117658734322,0.1756584346294403,0.060432739555835724
125,14,0.672207060456276,0.9618507623672485,1.1449793577194214,0.010035660117864609,0.19594678282737732,0.04485859349370003
125,15,0.6392398495227098,0.9618178606033325,1.1463137865066528,0.011208752170205116,0.157767653465271,0.048637114465236664
125,16,0.6408714670687914,0.9619162678718567,1.1498831510543823,0.01166120357811451,0.15575699508190155,0.05109338462352753
125,17,0.5453395048156381,0.9600975513458252,1.1507575511932373,0.011053909547626972,0.06518066674470901,0.04693390801548958
125,18,0.5246341476216912,0.9596211314201355,1.151473879814148,0.011790418066084385,0.04826579988002777,0.04235892742872238
125,19,0.5371794953942299,0.9597051739692688,1.1526422500610352,0.011453703045845032,0.04334329068660736,0.059913016855716705
125,20,0.5015344018116594,0.9597229361534119,1.1524029970169067,0.010872476734220982,0.0381845124065876,0.030052226036787033
125,21,0.511374424956739,0.958877444267273,1.1529548168182373,0.009981553070247173,0.038427624851465225,0.0405987948179245
125,22,0.5107250535860658,0.9587876200675964,1.151595115661621,0.009300255216658115,0.04628024995326996,0.03306800127029419
125,23,0.5128964869305491,0.9587424993515015,1.153427243232727,0.009932230226695538,0.048018861562013626,0.03251144662499428
125,24,0.5074613587930799,0.9597583413124084,1.1517198085784912,0.010765776969492435,0.04037082940340042,0.034029122442007065
126,0,30.765124261379242,0.9533284306526184,1.146030306816101,21.706443786621094,6.474358081817627,2.1644506454467773
126,1,26.328558904677628,0.952316403388977,1.1491879224777222,22.211612701416016,3.6470606327056885,0.049584705382585526
126,2,24.5190489590168,0.9523134827613831,1.1491200923919678,21.879722595214844,2.1268110275268555,0.09222862124443054
126,3,11.564912590384484,0.9523134827613831,1.1457109451293945,7.805388450622559,3.1260530948638916,0.21386615931987762
126,4,4.582118180394173,0.9525448083877563,1.1432514190673828,0.021062955260276794,3.761669874191284,0.38022610545158386
126,5,4.322501222789287,0.9524989128112793,1.1432828903198242,0.021481148898601532,3.415374279022217,0.46648943424224854
126,6,1.5673455279320478,0.9536105394363403,1.1452019214630127,0.02126726321876049,0.44545668363571167,0.6808590888977051
126,7,1.7102610455825924,0.9538040161132812,1.1453179121017456,0.013888482935726643,0.3936571180820465,0.882891058921814
126,8,1.9139108737930655,0.9538041353225708,1.1448725461959839,0.011013134382665157,0.436856746673584,1.0463056564331055
126,9,1.6796547083184123,0.9542019367218018,1.143376350402832,0.012746783904731274,0.2561863362789154,0.9912059307098389
126,10,1.6393434956669808,0.9553999900817871,1.1438180208206177,0.010655440390110016,0.2495727837085724,0.9592716693878174
126,11,0.5656224634498358,0.9551383256912231,1.1440271139144897,0.009962428361177444,0.10675641894340515,0.029070528224110603
126,12,0.613431384973228,0.9551292657852173,1.1443700790405273,0.00977358128875494,0.12383925914764404,0.05991867557168007
126,13,0.5729223782196641,0.9560044407844543,1.1439377069473267,0.009933323599398136,0.07730914652347565,0.06569147855043411
126,14,0.5920763976871968,0.9563097357749939,1.1437382698059082,0.01042189821600914,0.08155961334705353,0.08008528500795364
126,15,0.5268529253080487,0.9562829732894897,1.1439874172210693,0.011374273337423801,0.05311362445354462,0.04231094941496849
126,16,0.5078464709222317,0.957441508769989,1.1436851024627686,0.010413020849227905,0.05149321258068085,0.025714915245771408
126,17,0.563031048886478,0.9558425545692444,1.1428437232971191,0.01086439099162817,0.04738394543528557,0.0850454568862915
126,18,0.5598401365801692,0.9557586908340454,1.1426501274108887,0.010547849349677563,0.04906366020441055,0.08054686337709427
126,19,0.5762742029502987,0.9575304985046387,1.1422038078308105,0.010119379498064518,0.042107921093702316,0.10410004109144211
126,20,0.5801693748682737,0.9581247568130493,1.1428523063659668,0.010462744161486626,0.04441579431295395,0.10509542375802994
126,21,0.5634327281266451,0.9588984251022339,1.1432318687438965,0.010204056277871132,0.035675130784511566,0.09712748229503632
126,22,0.5658815778791905,0.9586378335952759,1.1436669826507568,0.010462060570716858,0.03830501064658165,0.0966535434126854
127,0,30.88748197555542,0.9554615020751953,4.835197925567627,21.61396026611328,6.366537094116211,1.7488527297973633
127,1,29.8245680809021,0.954071044921875,3.988372564315796,23.292097091674805,4.436717510223389,1.107264757156372
127,2,26.0336383998394,0.9546184539794922,3.2932827472686768,22.842498779296875,2.0042479038238525,0.3373114764690399
127,3,11.92134894132614,0.9546211957931519,2.739226818084717,10.058646202087402,0.8740601539611816,0.24987298250198364
127,4,1.3047037346288561,0.9554556608200073,1.9557344913482666,0.01142252516001463,0.35533395409584045,0.3557092249393463
127,5,1.06368697155267,0.9554567337036133,1.7039999961853027,0.011201565153896809,0.2596622407436371,0.2609318196773529
127,6,0.9014173945412041,0.9535470604896545,1.5169225931167603,0.010043679736554623,0.16593004763126373,0.23134973645210266
127,7,0.8353162739425898,0.9539697170257568,1.2834177017211914,0.009760262444615364,0.10876471549272537,0.2693138122558594
127,8,0.8777939803898335,0.9538475275039673,1.2228951454162598,0.011553991585969925,0.11115837097167969,0.3197330832481384
127,9,0.8491991681978107,0.9534465670585632,1.1815871000289917,0.01120543759316206,0.10493988543748856,0.30604711174964905
127,10,0.7785632578656078,0.9531533718109131,1.1485178470611572,0.01188183855265379,0.10052774101495743,0.24581943452358246
127,11,0.7943427421152591,0.9541705250740051,1.1421087980270386,0.012310676276683807,0.05544136092066765,0.307334840297699
127,12,0.9530549485236407,0.954232931137085,1.1401089429855347,0.012744450941681862,0.04964596778154373,0.4717961549758911
127,13,1.2835706001147629,0.9544844031333923,1.1408103704452515,0.011484897695481777,0.16652029752731323,0.686506450176239
127,14,0.8554535461589694,0.9537422060966492,1.1426202058792114,0.01094826590269804,0.10570156574249268,0.31953123211860657
127,15,0.7494646782055497,0.9535430669784546,1.1434003114700317,0.011638090945780277,0.07721226662397385,0.24122564494609833
127,16,0.778164935298264,0.9537606239318848,1.1439592838287354,0.011125811375677586,0.03938436880707741,0.308110773563385
127,17,0.7930575570091605,0.9539218544960022,1.1449466943740845,0.0096927834674716,0.038259346038103104,0.3253317177295685
127,18,0.7974529918283224,0.9540500044822693,1.1431647539138794,0.010344984009861946,0.03384963050484657,0.33381542563438416
127,19,0.8415094571188092,0.9546643495559692,1.1451410055160522,0.010424385778605938,0.024221012368798256,0.38690298795700073
127,20,0.7803517771884799,0.9546515941619873,1.145980715751648,0.010063526220619678,0.024970022961497307,0.32519176602363586
127,21,0.6292657077312469,0.9557438492774963,1.1446034908294678,0.010312547907233238,0.023845428600907326,0.17503826320171356
127,22,0.6098383681848646,0.9558064937591553,1.1439146995544434,0.011020912788808346,0.021797096356749535,0.15707612037658691
127,23,0.615108385309577,0.9558006525039673,1.1436806917190552,0.010712165385484695,0.025633694604039192,0.1588662564754486
127,24,0.611723598651588,0.9556227922439575,1.1444915533065796,0.00975572969764471,0.021868500858545303,0.16007649898529053
128,0,33.2168210029602,0.9554615020751953,4.835197925567627,23.066062927246094,6.0039472579956055,2.9886789321899414
128,1,23.51448005437851,0.9554615020751953,3.986654043197632,18.17389488220215,3.3843023777008057,0.96785968542099
128,2,21.232947251200677,0.9604842066764832,3.3175392150878906,18.521406173706055,1.6906465291976929,0.16528986394405365
128,3,21.317368724942206,0.9690906405448914,2.7616872787475586,19.441944122314453,0.914096474647522,0.21517254412174225
128,4,1.4161910943686964,0.9649167656898499,1.9795640707015991,0.010211627930402756,0.5154175758361816,0.301665723323822
128,5,1.469775428250432,0.9649280309677124,1.72525155544281,0.010864855721592903,0.6211854219436646,0.29968923330307007
128,6,1.1841310270130636,0.9668456315994263,1.5330069065093994,0.011804390698671341,0.30953070521354675,0.3628254234790802
128,7,0.9638152826577425,0.9681133031845093,1.3011560440063477,0.010229932144284248,0.16373294591903687,0.33599853515625
128,8,1.161112156510353,0.9680694937705994,1.2360644340515137,0.010339587926864624,0.20465855300426483,0.505287230014801
128,9,0.9773563819006086,0.967917799949646,1.1936967372894287,0.010030371136963367,0.11119604855775833,0.4238070547580719
128,10,1.0074384102597833,0.9615437984466553,1.1493525505065918,0.009825163520872593,0.08197055011987686,0.4934634268283844
128,11,0.9598874187096953,0.9615432024002075,1.1422936916351318,0.010952911339700222,0.08865272998809814,0.4395143985748291
128,12,0.7348855078220368,0.9591517448425293,1.1400911808013916,0.011312253773212433,0.08799617737531662,0.2157284915447235
128,13,0.612305610626936,0.9587622284889221,1.1419700384140015,0.00995950773358345,0.06726716458797455,0.11493248492479324
128,14,0.5762313924729824,0.9583505988121033,1.143460750579834,0.009759265929460526,0.05663534253835678,0.08947451412677765
128,15,0.5981930581852793,0.9583485126495361,1.144935965538025,0.010567995719611645,0.07862281054258347,0.08834535628557205
128,16,0.551416414603591,0.9590722322463989,1.145555019378662,0.009467711672186852,0.05654499679803848,0.06447825580835342
128,17,0.5508183544501662,0.9588591456413269,1.1454707384109497,0.010921183042228222,0.05467672273516655,0.06435447186231613
128,18,0.5413743766024709,0.9588759541511536,1.1456440687179565,0.009695575572550297,0.05170398950576782,0.059070806950330734
128,19,0.5125516002997756,0.9590039253234863,1.1457751989364624,0.010110887698829174,0.036966998130083084,0.044517889618873596
128,20,0.5420222133398056,0.9589332938194275,1.14505136013031,0.010497238487005234,0.052935052663087845,0.057792991399765015
128,21,0.5206804610788822,0.9589369297027588,1.1457644701004028,0.009880784898996353,0.0405268520116806,0.04933254420757294
128,22,0.5309044905006886,0.9584333300590515,1.1466176509857178,0.010812487453222275,0.0340883806347847,0.06499342620372772
128,23,0.5183279905468225,0.9585593342781067,1.1467700004577637,0.009143434464931488,0.024940820410847664,0.06317786872386932
128,24,0.5189353540539742,0.9590932130813599,1.1466346979141235,0.010515846312046051,0.030204016715288162,0.05706990882754326
129,0,30.297135043144227,0.9743250608444214,1.1457808017730713,20.58919906616211,6.031059741973877,3.252855062484741
129,1,27.38867622613907,0.9529227614402771,1.1591508388519287,21.307310104370117,4.93476676940918,0.7241846323013306
129,2,11.46097491979599,0.9566569924354553,1.1630533933639526,9.184086799621582,1.3804194927215576,0.47252655029296875
129,3,9.72918027639389,0.9571961760520935,1.1479758024215698,7.616629123687744,1.439365029335022,0.2521517276763916
129,4,2.6165562957525252,0.9522558450698853,1.1466455459594727,0.01759941875934601,1.8415606021881104,0.3376159965991974
129,5,2.5914712861180305,0.9521616101264954,1.142328143119812,0.011929728090763092,1.883614182472229,0.277029424905777
129,6,1.112148428708315,0.952517032623291,1.1423566341400146,0.009982023388147354,0.24041523039340973,0.4427764415740967
129,7,0.8636356474831701,0.953466534614563,1.1432948112487793,0.01091198343783617,0.10372626781463623,0.3296451270580292
129,8,0.8228733679279685,0.9527033567428589,1.1430156230926514,0.011450923047959805,0.0955507829785347,0.29672786593437195
129,9,0.8679383194074035,0.9531169533729553,1.1422371864318848,0.0106862997636199,0.08213862776756287,0.3560425639152527
129,10,0.8824344404041767,0.9530133008956909,1.1431605815887451,0.010193079710006714,0.05870773270726204,0.39429885149002075
129,11,0.7430519176647067,0.952912449836731,1.1427241563796997,0.011017563752830029,0.04391085356473923,0.2689961791038513
129,12,0.708450966142118,0.9536193609237671,1.1423530578613281,0.011613457463681698,0.03617513179779053,0.2414678931236267
129,13,0.7352540846914053,0.9534178972244263,1.1426849365234375,0.010861208662390709,0.07337144017219543,0.2318008691072464
129,14,0.7056299619376659,0.9543362259864807,1.142256736755371,0.010174620896577835,0.057749249041080475,0.21838749945163727
129,15,0.7540403736755252,0.9544034600257874,1.1427441835403442,0.010094362311065197,0.0506882444024086,0.2738282382488251
129,16,0.7052440060302615,0.9542195796966553,1.1426490545272827,0.008921249769628048,0.04555046185851097,0.2313985675573349
129,17,0.6578761676326395,0.9543040990829468,1.1432902812957764,0.010980133898556232,0.03822272643446922,0.18915443122386932
129,18,0.6172349575906992,0.9543254375457764,1.1429095268249512,0.009538887068629265,0.05950875207781792,0.1287403255701065
129,19,0.597351273521781,0.95469731092453,1.1432386636734009,0.010421345010399818,0.04847472533583641,0.11886800825595856
129,20,0.5767540059983731,0.9546569585800171,1.143068790435791,0.010178249329328537,0.035692356526851654,0.11133825033903122
129,21,0.5389608673751355,0.9544558525085449,1.1436190605163574,0.010174565017223358,0.031445641070604324,0.07772567868232727
129,22,0.5112206002697348,0.9541535973548889,1.1444759368896484,0.009787826798856258,0.02846938744187355,0.05323747918009758
129,23,0.5052314959466457,0.9541606903076172,1.1444973945617676,0.009919410571455956,0.023138033226132393,0.052442435175180435
129,24,0.518905371055007,0.9545950889587402,1.1443408727645874,0.01003941334784031,0.03408480063080788,0.05499396473169327
130,0,35.0277979850769,0.9554615020751953,4.835197925567627,24.40597152709961,7.235055923461914,2.2286386489868164
130,1,27.612332248687743,0.9554615020751953,3.988417863845825,19.101831436157227,6.988704204559326,0.5330207347869873
130,2,6.405943785607815,0.9554615020751953,3.2774109840393066,0.09279089421033859,5.026584148406982,0.4399942457675934
130,3,2.4865380436182023,0.9827556610107422,2.705216646194458,0.07363413274288177,1.1791636943817139,0.49614575505256653
130,4,2.0509343266487123,0.9602744579315186,1.9715383052825928,0.012466393411159515,1.3271347284317017,0.12497065216302872
130,5,1.9916998537257316,0.9588377475738525,1.7058860063552856,0.012895149178802967,1.333485722541809,0.11237423121929169
130,6,1.8606211537495256,0.9588210582733154,1.509975790977478,0.012592189945280552,1.2338480949401855,0.12042149901390076
130,7,1.0423252694308758,0.9599055051803589,1.2758700847625732,0.016805168241262436,0.4703609347343445,0.10800404846668243
130,8,1.3484383776783944,0.9604096412658691,1.2116965055465698,0.016836464405059814,0.8053467273712158,0.09183395653963089
130,9,1.407530850917101,0.9621196985244751,1.1735310554504395,0.01678130403161049,0.8720382452011108,0.09158115088939667
130,10,1.5043368296697737,0.9606325626373291,1.1428039073944092,0.011841324158012867,0.9804035425186157,0.09140466898679733
130,11,0.9844107856974006,0.958649754524231,1.140079379081726,0.01165956910699606,0.47311002016067505,0.07989536970853806
130,12,0.8490311209112407,0.9581257104873657,1.1403850317001343,0.012221107259392738,0.340568482875824,0.07653938233852386
130,13,0.6768438452854753,0.9595792293548584,1.1436827182769775,0.010593892075121403,0.16731511056423187,0.07828245311975479
130,14,0.6999971294775605,0.9587969779968262,1.145453929901123,0.010649719275534153,0.18951241672039032,0.0789848119020462
130,15,0.6853228893131018,0.9588477611541748,1.1454169750213623,0.011632328853011131,0.172711580991745,0.08012603223323822
130,16,0.6993597973138095,0.9573851227760315,1.1470232009887695,0.012204701080918312,0.18033723533153534,0.08593619614839554
130,17,0.6863676864653826,0.9568674564361572,1.1475926637649536,0.011432426050305367,0.17767028510570526,0.07637295126914978
130,18,0.6634696807712317,0.9569195508956909,1.1482279300689697,0.010979538783431053,0.1402457058429718,0.09121493995189667
130,19,0.6551527712494135,0.9563548564910889,1.148037314414978,0.011840419843792915,0.14096832275390625,0.08146559447050095
130,20,0.6818082364276052,0.9566662311553955,1.1479778289794922,0.010420446284115314,0.16288651525974274,0.08757246285676956
130,21,0.601851217262447,0.956636905670166,1.148787260055542,0.01120902132242918,0.09961579740047455,0.06994156539440155
130,22,0.6396407486870885,0.9565580487251282,1.1479477882385254,0.011150767095386982,0.13744927942752838,0.07013953477144241
130,23,0.6250940881669522,0.9569727778434753,1.1469050645828247,0.010799992829561234,0.12471472471952438,0.0688038021326065
130,24,0.6366492917761206,0.9563337564468384,1.1465697288513184,0.012342705391347408,0.13717901706695557,0.06654687225818634
131,0,32.71874480247497,0.9554615020751953,4.835197925567627,23.158039093017578,6.251633644104004,2.150940179824829
131,1,30.362499278783798,0.9651893973350525,3.9882993698120117,24.484333038330078,4.76188325881958,0.12558522820472717
131,2,27.92111074924469,0.9633473753929138,3.2720773220062256,23.57065200805664,3.3705854415893555,0.13278836011886597
131,3,18.248401834070684,0.9633417129516602,2.699460744857788,13.819433212280273,3.574018955230713,0.12238917499780655
131,4,2.5228563770651817,0.9636610150337219,1.930929183959961,0.09189318865537643,1.7049474716186523,0.14709767699241638
131,5,2.161428155004978,0.962594747543335,1.677017331123352,0.03786308318376541,1.461349606513977,0.13429304957389832
131,6,1.8505635637789966,0.9625752568244934,1.4897894859313965,0.02468000538647175,1.189194917678833,0.14621569216251373
131,7,0.8303700584918261,0.9597745537757874,1.2658556699752808,0.015126930549740791,0.23808544874191284,0.1320316344499588
131,8,0.9325597368180752,0.9579163193702698,1.205976128578186,0.012102853506803513,0.34710177779197693,0.14057661592960358
131,9,0.8429750833660364,0.958949625492096,1.1705358028411865,0.011630097404122353,0.27264219522476196,0.1328057050704956
131,10,0.7636577107012272,0.9590891003608704,1.142283320426941,0.010301921516656876,0.2053915560245514,0.12768974900245667
131,11,0.7246944539248943,0.9587252140045166,1.1400595903396606,0.011323507875204086,0.16348570585250854,0.13012827932834625
131,12,0.7716743184253574,0.9579163193702698,1.140395998954773,0.010333660058677197,0.23212608695030212,0.10955210775136948
131,13,1.1839035348966718,0.957923948764801,1.1431782245635986,0.009352494962513447,0.6155813336372375,0.13874927163124084
131,14,1.1221348073333504,0.9561203122138977,1.1447110176086426,0.00967908464372158,0.5565506219863892,0.13573883473873138
131,15,1.0466956339776516,0.9562726020812988,1.1466623544692993,0.009538274258375168,0.4964626729488373,0.12010769546031952
131,16,0.9925012459978462,0.9557420611381531,1.1468921899795532,0.010255171917378902,0.4544280767440796,0.10729114711284637
131,17,0.6332015709951521,0.955424427986145,1.1478497982025146,0.009801377542316914,0.10652380436658859,0.09622154384851456
131,18,0.6269821263849735,0.9560801982879639,1.1474857330322266,0.01136118546128273,0.11525346338748932,0.07965429127216339
131,19,0.6033123379573226,0.9553982019424438,1.149056077003479,0.009736663661897182,0.086021289229393,0.08666352927684784
131,20,0.5898564273491502,0.9551196098327637,1.150434970855713,0.009279445745050907,0.07099520415067673,0.08847086131572723
131,21,0.6243652248755098,0.9558767676353455,1.1488832235336304,0.011190072633326054,0.09730111807584763,0.0949220359325409
131,22,0.6399497099220752,0.9554100632667542,1.1468714475631714,0.010900478810071945,0.09667017310857773,0.11192275583744049
131,23,0.5972376817837357,0.9552595615386963,1.1492621898651123,0.009955459274351597,0.06968217343091965,0.09669569879770279
131,24,0.6342377614229918,0.9552841782569885,1.146890640258789,0.00974181853234768,0.08510729670524597,0.11895368248224258
132,0,31.218734800815582,0.9616104960441589,1.1489723920822144,21.802522659301758,6.797603130340576,2.1964924335479736
132,1,24.612353232502937,0.9528721570968628,1.1530771255493164,21.340335845947266,2.6336750984191895,0.2171524316072464
132,2,25.119538778066634,0.9555872082710266,1.1507400274276733,21.167388916015625,3.3897645473480225,0.14111986756324768
132,3,25.166883197426795,0.9551485180854797,1.1502145528793335,22.382835388183594,2.2608773708343506,0.10209782421588898
132,4,1.0448450580239297,0.9531052112579346,1.1467669010162354,0.02462957054376602,0.4809710383415222,0.11927002668380737
132,5,1.091882310807705,0.952157735824585,1.148471474647522,0.018213756382465363,0.5128448009490967,0.1406979113817215
132,6,1.1419689275324345,0.9521440863609314,1.1474097967147827,0.01689501479268074,0.5833095908164978,0.1218535453081131
132,7,1.2915488248690963,0.9521759152412415,1.1484041213989258,0.01142635103315115,0.670051097869873,0.18995536863803864
132,8,1.1871256515383721,0.9521757960319519,1.1473902463912964,0.009227640926837921,0.5867575407028198,0.17122726142406464
132,9,1.026885328628123,0.9521757960319519,1.1478925943374634,0.010199607349932194,0.3967461585998535,0.19992588460445404
132,10,0.8395298287272454,0.9532938599586487,1.150771975517273,0.009804978966712952,0.3199736475944519,0.08893803507089615
132,11,0.6536814942955971,0.9528642892837524,1.1504966020584106,0.009289167821407318,0.1399928778409958,0.08372727036476135
132,12,0.6874078705906868,0.9528519511222839,1.1500935554504395,0.010300345718860626,0.1754249930381775,0.081093430519104
132,13,0.5524636466056109,0.9531086683273315,1.1488343477249146,0.010272612795233727,0.072915218770504,0.048887211829423904
132,14,0.599441403336823,0.9531801342964172,1.14889395236969,0.010625255294144154,0.11288099735975266,0.05552033334970474
132,15,0.6036514032632112,0.9536692500114441,1.1504439115524292,0.010404495522379875,0.11810938268899918,0.05431489273905754
132,16,0.5490607468411326,0.9538469314575195,1.1503100395202637,0.009899060241878033,0.06570056825876236,0.05262972414493561
132,17,0.5752861654385925,0.9534358978271484,1.1491377353668213,0.01096194889396429,0.08890456706285477,0.05490492284297943
132,18,0.5610098982229829,0.9532971978187561,1.1496144533157349,0.009781849570572376,0.07140304148197174,0.05924267694354057
132,19,0.556196434609592,0.953437864780426,1.1505273580551147,0.01013884600251913,0.07148471474647522,0.053779829293489456
132,20,0.5573469327762723,0.9538308382034302,1.1514322757720947,0.009457089938223362,0.06209490820765495,0.064742311835289
132,21,0.5872122498229146,0.954117476940155,1.1511048078536987,0.00947995949536562,0.07472112029790878,0.08196671307086945
132,22,0.5592343693599106,0.9538888335227966,1.1500651836395264,0.01059876661747694,0.06044352427124977,0.06740127503871918
133,0,29.872749614715577,0.9554615020751953,4.835197925567627,20.73873519897461,6.051481246948242,1.9244012832641602
133,1,28.120372080802916,0.952766478061676,3.987292528152466,21.908021926879883,4.706559181213379,0.5177791714668274
133,2,24.056101542711257,0.957599937915802,3.3039653301239014,21.905000686645508,1.0610400438308716,0.23774775862693787
133,3,24.619088369607926,0.9562845230102539,2.7358217239379883,22.55128288269043,1.0755853652954102,0.25379887223243713
133,4,1.2474871657788755,0.9560023546218872,1.9623349905014038,0.039468612521886826,0.26117444038391113,0.3631766438484192
133,5,1.4012383699417115,0.9541995525360107,1.6995937824249268,0.04991951584815979,0.3238184154033661,0.49674177169799805
133,6,1.3187740981578826,0.954106330871582,1.5107622146606445,0.03781142830848694,0.330941766500473,0.4570471942424774
133,7,1.5480480870231985,0.9528940320014954,1.2863736152648926,0.013688786886632442,0.6152918338775635,0.4712139368057251
133,8,1.7022324541583658,0.9523561000823975,1.2236934900283813,0.012707577086985111,0.803436815738678,0.4508781433105469
133,9,1.7967161370441318,0.952773928642273,1.1837637424468994,0.011888797394931316,0.8414076566696167,0.5161121487617493
133,10,1.4113878786563874,0.9530894756317139,1.1497876644134521,0.01379704475402832,0.5617833137512207,0.4152320921421051
134,0,30.940723943710328,0.9554615020751953,4.835197925567627,19.8172664642334,7.338842868804932,2.6264827251434326
134,1,27.667116582393646,0.9571581482887268,3.9875898361206055,20.882617950439453,5.20182991027832,0.5937191247940063
134,2,23.417893251776697,0.9584525227546692,3.3029322624206543,22.01993751525879,0.47620493173599243,0.06947384774684906
134,3,22.78825558423996,0.9548210501670837,2.748199224472046,21.479299545288086,0.5038290023803711,0.06452298164367676
134,4,1.1086064118891956,0.9535564184188843,1.9603320360183716,0.016265885904431343,0.3651696443557739,0.144393190741539
134,5,1.0396539315581323,0.953025758266449,1.6978175640106201,0.018446676433086395,0.35513103008270264,0.13590756058692932
134,6,0.8471756119281054,0.9533741474151611,1.5061945915222168,0.01682192273437977,0.20492367446422577,0.13351626694202423
134,7,0.7438636474311352,0.9539219737052917,1.2810672521591187,0.010659713298082352,0.11335649341344833,0.1728495955467224
134,8,0.6446047676727176,0.9566486477851868,1.2188133001327515,0.011510069482028484,0.11500049382448196,0.08300181478261948
134,9,0.6475776009261608,0.9560858011245728,1.1777913570404053,0.011269625276327133,0.11968313157558441,0.08984941244125366
134,10,0.7089846640825272,0.9554872512817383,1.1455751657485962,0.012644290924072266,0.14514805376529694,0.13097983598709106
134,11,0.8096585279330611,0.9554368853569031,1.1408588886260986,0.012601151131093502,0.11585810035467148,0.2619401216506958
134,12,0.9814376886934042,0.9548580646514893,1.1400413513183594,0.012044286355376244,0.132897287607193,0.41751623153686523
134,13,1.4216287788003683,0.9563072323799133,1.142569899559021,0.012281989678740501,0.1046004593372345,0.8849709033966064
134,14,1.8176088424399495,0.9562336206436157,1.1439262628555298,0.010226038284599781,0.09798052906990051,1.2893702983856201
135,0,30.6774080991745,0.952934980392456,1.145342230796814,22.346656799316406,5.883029460906982,2.028066396713257
135,1,27.447721141576768,0.9853891730308533,1.1512221097946167,22.550559997558594,4.031841278076172,0.43799760937690735
135,2,25.1799916267395,0.9596257209777832,1.155308723449707,22.921634674072266,1.4965487718582153,0.33882129192352295
135,3,16.638569843769073,0.9594706892967224,1.1535992622375488,14.197837829589844,1.706708550453186,0.31140947341918945
135,4,1.2028457678854465,0.9569886922836304,1.1677896976470947,0.010934922844171524,0.2957363426685333,0.4712188243865967
135,5,0.9842842305079103,0.9576247334480286,1.153643012046814,0.010895618237555027,0.15099993348121643,0.4001351296901703
135,6,0.9678855577483774,0.9576320648193359,1.1502602100372314,0.01167903933674097,0.1422397494316101,0.39238831400871277
135,7,0.6190000921487808,0.9544388651847839,1.1530267000198364,0.010497570037841797,0.08658528327941895,0.10042412579059601
135,8,0.5876452587544918,0.9547137022018433,1.149841070175171,0.009863626211881638,0.07551206648349762,0.08135861158370972
135,9,0.5774441389366984,0.9555208086967468,1.1488745212554932,0.010165981017053127,0.06005832925438881,0.0863407626748085
135,10,0.5606659233570099,0.9555440545082092,1.1480838060379028,0.01054423302412033,0.05113799124956131,0.07825812697410583
135,11,0.5492137517780066,0.955327033996582,1.1476167440414429,0.009803997352719307,0.04195385053753853,0.07686714828014374
135,12,0.5553528578951955,0.955440878868103,1.146804928779602,0.01009307149797678,0.034519318491220474,0.09029130637645721
135,13,0.5597477052360773,0.9553240537643433,1.14786696434021,0.010058017447590828,0.046751469373703,0.08230001479387283
135,14,0.5374418195337057,0.9557702541351318,1.1479078531265259,0.01036348007619381,0.05272114649415016,0.0536215715110302
135,15,0.5557959396392107,0.9556838274002075,1.148913860321045,0.010559594258666039,0.04738731309771538,0.0769294947385788
135,16,0.5670053431764246,0.9550431966781616,1.1483080387115479,0.011309330351650715,0.040787968784570694,0.0942377969622612
135,17,0.5564594734460115,0.9554123282432556,1.1481568813323975,0.010746492072939873,0.04018218442797661,0.08481695502996445
135,18,0.5599925044924021,0.9552626013755798,1.1481989622116089,0.011432910338044167,0.03438904881477356,0.0934782326221466
135,19,0.5525661103427411,0.9566141366958618,1.1486579179763794,0.009831693023443222,0.04241126775741577,0.07926873862743378
135,20,0.5490792380645871,0.9566137790679932,1.148436427116394,0.011218124069273472,0.038568202406167984,0.07828287035226822
136,0,29.12086706161499,0.9554615020751953,4.835197925567627,20.40148162841797,5.883430004119873,1.677823543548584
136,1,26.864243543148042,0.9547913074493408,3.988278388977051,20.571636199951172,4.470062732696533,0.8339306712150574
136,2,23.198409074544905,0.9559970498085022,3.303725004196167,20.342519760131836,1.589380145072937,0.41456475853919983
136,3,22.612605768442155,0.9560011029243469,2.747135877609253,20.042640686035156,1.4216442108154297,0.407693475484848
136,4,1.531820457801223,0.9545953869819641,1.9555991888046265,0.024159109219908714,0.7315385341644287,0.19408389925956726
136,5,0.94484928175807,0.9525600671768188,1.6879509687423706,0.018859367817640305,0.2356625646352768,0.162225142121315
136,6,0.9319287717342377,0.952571451663971,1.4947707653045654,0.016138136386871338,0.17728671431541443,0.24903547763824463
136,7,1.3135625086724758,0.9520712494850159,1.2574779987335205,0.01969006285071373,0.16157451272010803,0.6903880834579468
136,8,1.5199509631842374,0.9528262615203857,1.19742751121521,0.022916613146662712,0.1548726111650467,0.9121109843254089
136,9,1.3946842215955257,0.9530185461044312,1.1659355163574219,0.01801307126879692,0.1455422192811966,0.8073381185531616
136,10,1.3993464287370445,0.9530131220817566,1.141810655593872,0.016650458797812462,0.13270775973796844,0.8310234546661377
136,11,1.3413592971861363,0.9533767700195312,1.1399918794631958,0.015214312821626663,0.15440703928470612,0.7530642151832581
136,12,1.4659313812851906,0.9536640644073486,1.1409482955932617,0.014411300420761108,0.10131926089525223,0.9312783479690552
137,0,34.856672811508176,0.9554615020751953,4.835197925567627,25.50918197631836,6.444969654083252,1.744389295578003
137,1,18.2747784614563,0.9554615020751953,3.9874651432037354,10.762214660644531,5.4971513748168945,1.026827096939087
137,2,14.174421977996825,0.9745522737503052,3.3020217418670654,10.440688133239746,2.161268949508667,0.717150092124939
137,3,13.306183782219886,0.9583193063735962,2.7457759380340576,10.981246948242188,1.4684504270553589,0.11566735804080963
137,4,3.376401573419571,0.9537140130996704,1.9542404413223267,0.045514240860939026,2.702328681945801,0.0469677597284317
137,5,0.7760133169591428,0.9520688652992249,1.702417016029358,0.028352655470371246,0.18519403040409088,0.031569454818964005
137,6,0.7267811812460423,0.952070951461792,1.5128328800201416,0.024362832307815552,0.1720893681049347,0.03734821453690529
137,7,0.6789563074707985,0.9521859884262085,1.2816333770751953,0.03517937287688255,0.16430455446243286,0.032708507031202316
137,8,0.6477194897830486,0.9521850943565369,1.2178765535354614,0.037658367305994034,0.13993966579437256,0.03610912710428238
137,9,0.6700110018253327,0.9522745013237,1.181558609008789,0.034188318997621536,0.16675183176994324,0.042304228991270065
137,10,0.7499587878584862,0.9525774121284485,1.1467822790145874,0.037532441318035126,0.22607040405273438,0.0664840042591095
137,11,0.707532025873661,0.952639639377594,1.1417784690856934,0.039620473980903625,0.1825057417154312,0.06652218848466873
137,12,0.729899325966835,0.9524078369140625,1.1400938034057617,0.03437323123216629,0.20510084927082062,0.07192491739988327
137,13,0.6560324389487505,0.952567994594574,1.1410062313079834,0.03045179881155491,0.08866412937641144,0.11820166558027267
137,14,0.6798862002789975,0.9525726437568665,1.1414726972579956,0.01603103056550026,0.1334071159362793,0.11163898557424545
138,0,29.878857100009917,0.9548117518424988,1.1453583240509033,21.914310455322266,5.549760818481445,1.9947518110275269
138,1,29.276753628253935,0.9534031748771667,1.1468080282211304,23.76547622680664,4.905293941497803,0.18594121932983398
138,2,24.44811643064022,0.952133059501648,1.1467164754867554,22.533090591430664,1.287401556968689,0.20785437524318695
138,3,23.95225785076618,0.9541344046592712,1.1470376253128052,22.248390197753906,1.086199164390564,0.19743408262729645
138,4,0.7536304131150245,0.9543022513389587,1.1467235088348389,0.03251960873603821,0.23329606652259827,0.06760958582162857
138,5,0.6493094108998776,0.9568179249763489,1.151668906211853,0.011975690722465515,0.16896770894527435,0.0466686449944973
138,6,0.5561425628140568,0.9559906125068665,1.1486732959747314,0.010065549053251743,0.08904089033603668,0.03610334172844887
138,7,0.9660244036465884,0.9554442763328552,1.1474993228912354,0.009964914992451668,0.4953199028968811,0.04015086591243744
138,8,1.0346311764791607,0.9549453854560852,1.145212173461914,0.010291044600307941,0.5618451833724976,0.04246343672275543
138,9,1.0614420959725976,0.9560658931732178,1.1448848247528076,0.010141015984117985,0.5931311249732971,0.03797981142997742
138,10,1.0856929760426284,0.9555014371871948,1.1464866399765015,0.00937284342944622,0.6115245819091797,0.04439793527126312
138,11,0.8099479299038649,0.9563750624656677,1.1466315984725952,0.010844586417078972,0.3454439640045166,0.0330580472946167
138,12,0.845260513201356,0.9558481574058533,1.1461477279663086,0.010656578466296196,0.38550281524658203,0.028701942414045334
139,0,32.76807324886322,0.9554615020751953,4.835197925567627,22.923812866210938,7.056423664093018,1.6297048330307007
139,1,31.051298013329507,0.9536896347999573,3.9878664016723633,23.37630844116211,6.60058069229126,0.08609767258167267
139,2,25.731074330210685,0.953688383102417,3.276277780532837,20.56696891784668,4.145786285400391,0.17232589423656464
139,3,24.149950617551802,0.9527335166931152,2.7271244525909424,21.1513671875,1.9497995376586914,0.31281229853630066
139,4,1.7401909738779069,0.9524465203285217,1.9512118101119995,0.028959080576896667,0.7901570200920105,0.3403432071208954
139,5,1.5576574441045523,0.95243901014328,1.6916438341140747,0.02929401956498623,0.661477267742157,0.3380695879459381
139,6,1.0574950665235519,0.9531440138816833,1.4998164176940918,0.02349136769771576,0.20794546604156494,0.3354661464691162
139,7,0.9551560632884503,0.9543564319610596,1.2784932851791382,0.02146410569548607,0.18637962639331818,0.30074238777160645
139,8,0.9485376335680484,0.954383909702301,1.2183932065963745,0.02258208766579628,0.2081558108329773,0.2832443118095398
139,9,0.8806798320263625,0.9533244967460632,1.1797981262207031,0.01907537691295147,0.17458666861057281,0.26039326190948486
139,10,0.9528019424527884,0.9529417157173157,1.1463110446929932,0.016096359118819237,0.15676048398017883,0.3600945472717285
139,11,0.8556239804252983,0.9524729251861572,1.141384482383728,0.013910769484937191,0.13893838226795197,0.284003347158432
139,12,0.7911246696487069,0.9524946212768555,1.1400030851364136,0.014457047916948795,0.11767005920410156,0.24049802124500275
139,13,0.8713403031229973,0.9533499479293823,1.141902208328247,0.012681610882282257,0.10759405791759491,0.33201420307159424
139,14,0.8782676104456186,0.9539029598236084,1.1427392959594727,0.012887092307209969,0.1073545441031456,0.33869752287864685
139,15,0.8348949640989304,0.9538635015487671,1.144686222076416,0.012102603912353516,0.09635420143604279,0.30672821402549744
139,16,0.8165624154731632,0.9549979567527771,1.1469659805297852,0.012305366806685925,0.10030389577150345,0.2835603654384613
139,17,0.8703945437446237,0.954755425453186,1.148862361907959,0.011997424997389317,0.0739007219672203,0.36377283930778503
139,18,0.8272231666371226,0.9547712206840515,1.1490415334701538,0.010445172898471355,0.12271354347467422,0.273301899433136
140,0,29.12144331932068,0.9554615020751953,4.835197925567627,20.092151641845703,5.31220817565918,2.5589516162872314
140,1,26.926590466499327,0.9654978513717651,3.9878592491149902,20.06583595275879,4.008615016937256,1.8614680767059326
140,2,13.120601701736451,0.9654746055603027,3.293058156967163,8.048236846923828,2.297820806503296,1.922837495803833
140,3,14.335121750831604,0.9674926996231079,2.7321372032165527,8.423407554626465,1.6137840747833252,3.558004140853882
140,4,1.4131976660341024,0.959721565246582,1.9520900249481201,0.011230489239096642,0.6325969696044922,0.18700788915157318
140,5,1.6254324248060583,0.9555689692497253,1.704288125038147,0.010719998739659786,0.8401868939399719,0.24255411326885223
140,6,1.5079456720501185,0.9548461437225342,1.5146945714950562,0.011877069249749184,0.7899140119552612,0.21224644780158997
140,7,1.2356062086299062,0.9571186900138855,1.284120798110962,0.009699580259621143,0.5622738003730774,0.21538493037223816
140,8,1.0884189600124956,0.9570376873016357,1.2218201160430908,0.011052065528929234,0.4563140571117401,0.18528127670288086
140,9,1.080701699666679,0.9595003724098206,1.1824133396148682,0.00968084018677473,0.45053520798683167,0.19210290908813477
140,10,1.083692958019674,0.9586749076843262,1.1466152667999268,0.01153759565204382,0.45345306396484375,0.19764426350593567
140,11,1.0453500516712666,0.9602925777435303,1.1413471698760986,0.010965753346681595,0.4108789563179016,0.20317739248275757
140,12,0.9819940667599439,0.9622334241867065,1.1400419473648071,0.011195359751582146,0.35829487442970276,0.19204875826835632
140,13,0.9473873095586895,0.9625154733657837,1.1427143812179565,0.011770878918468952,0.32877153158187866,0.18579892814159393
140,14,0.9014879485592246,0.9615177512168884,1.1442749500274658,0.011326505802571774,0.27380773425102234,0.19519516825675964
140,15,0.7736758477985859,0.9608466625213623,1.1447798013687134,0.011586014181375504,0.15524940192699432,0.18571513891220093
140,16,0.7878667928278447,0.9604418873786926,1.145977258682251,0.012279201298952103,0.12518629431724548,0.2291174679994583
140,17,0.758581892028451,0.9604215025901794,1.1460187435150146,0.00989256240427494,0.138075590133667,0.18932569026947021
140,18,0.8073803344741464,0.9600711464881897,1.1453064680099487,0.010900997556746006,0.12162094563245773,0.25378286838531494
140,19,0.7602732487022876,0.9600465297698975,1.1462180614471436,0.010213267058134079,0.08656289428472519,0.2422441691160202
140,20,0.694931647926569,0.9600408673286438,1.1468896865844727,0.010360199958086014,0.07326129078865051,0.18992404639720917
140,21,0.7173943871632219,0.9587397575378418,1.146851897239685,0.010266372002661228,0.09111574292182922,0.194893941283226
140,22,0.696915232948959,0.9593867659568787,1.1451735496520996,0.009858089499175549,0.07667288184165955,0.18947219848632812
140,23,0.7242514830082656,0.9587255716323853,1.1451853513717651,0.009221335873007774,0.0677068904042244,0.22654107213020325
140,24,0.6893070302903652,0.9588047862052917,1.145765781402588,0.011598251760005951,0.052213359624147415,0.20458130538463593
141,0,31.00475651025772,0.953639566898346,1.1442975997924805,22.60320281982422,6.2165422439575195,1.7654240131378174
141,1,28.19584118127823,0.9535987377166748,1.1544288396835327,23.77703857421875,3.388216495513916,0.6089805960655212
141,2,24.673714065551756,0.9535988569259644,1.1479322910308838,21.835861206054688,1.822940468788147,0.5946061611175537
141,3,23.76276390552521,0.953467845916748,1.1478184461593628,21.548656463623047,1.242823839187622,0.5510263442993164
141,4,2.0778785921633243,0.9538025259971619,1.1448208093643188,0.022969219833612442,0.902732789516449,0.7324519157409668
141,5,2.0753908609971403,0.9537965059280396,1.1438978910446167,0.014598987065255642,0.8911139369010925,0.750139057636261
141,6,1.9695010049268604,0.9594032168388367,1.1439751386642456,0.014508496038615704,0.7834522724151611,0.750864565372467
141,7,1.6608955023810268,0.9602218270301819,1.1425554752349854,0.011002170853316784,0.6942182183265686,0.5351196527481079
141,8,1.5104985302314162,0.9620411396026611,1.143886923789978,0.009960598312318325,0.5194997191429138,0.5598526000976562
141,9,1.7000928549095988,0.962061882019043,1.143142580986023,0.010694208554923534,0.5545679926872253,0.7137897610664368
141,10,1.6292523741722107,0.9582772254943848,1.1455849409103394,0.01034402847290039,0.5497463941574097,0.6483895182609558
141,11,1.5488041866570712,0.9570639729499817,1.1465933322906494,0.00995771773159504,0.6111789345741272,0.5069360733032227
141,12,1.6504608953371644,0.9570488333702087,1.1468335390090942,0.00947482232004404,0.6226620078086853,0.5975475907325745
141,13,1.533441917784512,0.9586498141288757,1.1468658447265625,0.00944394338876009,0.5934242606163025,0.5094705820083618
141,14,1.5887543972581626,0.9588693976402283,1.146139144897461,0.01035810075700283,0.6689245700836182,0.48847001791000366
142,0,34.36101942062378,0.9554615020751953,4.835197925567627,25.295246124267578,5.784085750579834,2.1235556602478027
142,1,21.803141438961028,0.9554615020751953,3.988091230392456,14.8783540725708,5.208279132843018,0.7277976870536804
142,2,19.028702628612518,0.9524453282356262,3.290964365005493,15.370552062988281,2.048297643661499,0.7611709833145142
142,3,19.099414944648743,0.9536492824554443,2.727973461151123,16.04157257080078,1.6070284843444824,0.7144893407821655
142,4,1.1739020822569728,0.9523260593414307,1.9363462924957275,0.011290284804999828,0.4112078547477722,0.1736694723367691
142,5,1.1326491663232445,0.9523138403892517,1.6787663698196411,0.013285310007631779,0.3969400227069855,0.19620779156684875
142,6,1.1777191042900086,0.9544634222984314,1.487346887588501,0.011144772171974182,0.4717804789543152,0.2064317911863327
142,7,0.8810003342106939,0.9555872678756714,1.2636793851852417,0.011213508434593678,0.2637284994125366,0.16220499575138092
142,8,0.8985245348885655,0.955572247505188,1.2074177265167236,0.011443761177361012,0.20790249109268188,0.24658028781414032
142,9,0.872664756141603,0.9548829197883606,1.1725317239761353,0.012068099342286587,0.22891393303871155,0.2061997950077057
142,10,0.83254748955369,0.9541626572608948,1.1437703371047974,0.01080365851521492,0.245857372879982,0.15629985928535461
142,11,0.8811734680086374,0.9541622400283813,1.1404120922088623,0.010804647579789162,0.248218834400177,0.20323511958122253
142,12,1.3968863882124425,0.9543566107749939,1.1402324438095093,0.01131676509976387,0.7339593768119812,0.2326924353837967
142,13,0.832437283359468,0.9550012946128845,1.145609736442566,0.011743432842195034,0.2173810601234436,0.18319058418273926
142,14,0.8132932545617223,0.954992413520813,1.1463593244552612,0.01108370441943407,0.22221006453037262,0.15972913801670074
142,15,0.9189107328653335,0.9549924731254578,1.1462687253952026,0.011894777417182922,0.27315622568130493,0.21360749006271362
142,16,0.7840261667966844,0.9556238055229187,1.1477545499801636,0.012924879789352417,0.12871719896793365,0.22170841693878174
142,17,0.7241768252104521,0.9558031558990479,1.1471681594848633,0.00945880077779293,0.12010747939348221,0.17401628196239471
142,18,0.6277342701330781,0.955818235874176,1.1496728658676147,0.011828751303255558,0.10553393512964249,0.0892733633518219
142,19,0.5604443108662963,0.9556923508644104,1.1495447158813477,0.011600940488278866,0.07201507687568665,0.05578088015317917
142,20,0.5578968591988087,0.9550164937973022,1.1480638980865479,0.012246035039424896,0.0785340964794159,0.04650064930319786
142,21,0.5579088773578406,0.9550381302833557,1.1501893997192383,0.011521002277731895,0.08215457201004028,0.04318779706954956
142,22,0.5067360397428274,0.9550636410713196,1.1488287448883057,0.010623795911669731,0.035228557884693146,0.04010520875453949
142,23,0.5026211600750685,0.9548477530479431,1.1475802659988403,0.010330183431506157,0.03517146036028862,0.03663391247391701
142,24,0.493145064637065,0.9547641277313232,1.148618459701538,0.011227663606405258,0.030977243557572365,0.030263639986515045
143,0,31.120178270339967,0.9554615020751953,4.835197925567627,21.743120193481445,6.313895225524902,1.9050309658050537
143,1,18.324520647525787,0.9554615020751953,3.9879772663116455,10.334226608276367,6.473942279815674,0.5276640057563782
143,2,17.6524936914444,0.953722357749939,3.2931156158447266,9.090036392211914,7.489579677581787,0.2235100269317627
143,3,12.980454528331757,0.966205894947052,2.7565176486968994,10.216251373291016,1.4910147190093994,0.5286437273025513
143,4,1.942222599685192,0.9669653177261353,1.9641786813735962,0.024316959083080292,0.6368491053581238,0.6948277354240417
143,5,1.6568819776177408,0.9630947709083557,1.7044473886489868,0.01121983677148819,0.5205518007278442,0.5916019082069397
143,6,0.8599021526053547,0.9598898887634277,1.5121475458145142,0.008938905782997608,0.2984216809272766,0.05813407897949219
143,7,0.6961764400824905,0.9572094082832336,1.2760357856750488,0.010237925685942173,0.21343322098255157,0.025856254622340202
143,8,0.5757483361288905,0.9581771492958069,1.2130422592163086,0.011462544091045856,0.1116134449839592,0.018428465351462364
143,9,0.5315501339733602,0.9588281512260437,1.174902081489563,0.010971760377287865,0.07651080191135406,0.017321525141596794
143,10,0.5038743730634452,0.9568078517913818,1.1451897621154785,0.011218199506402016,0.05279429629445076,0.019462354481220245
143,11,0.49848773628473286,0.956831157207489,1.140916109085083,0.010510805994272232,0.04700841009616852,0.021419066935777664
144,0,31.787447965145113,0.9541012644767761,1.1520612239837646,22.501365661621094,6.479915142059326,2.384934663772583
144,1,29.437296998500823,0.9604191184043884,1.145762324333191,24.225603103637695,3.888099193572998,0.9023584127426147
144,2,24.862632471323014,0.9539414644241333,1.1474169492721558,22.395490646362305,1.7343183755874634,0.3125517666339874
144,3,23.903573447465895,0.953970193862915,1.1493651866912842,21.740663528442383,1.460113286972046,0.28212955594062805
144,4,0.9470190599560738,0.95598304271698,1.1490334272384644,0.023876167833805084,0.273652046918869,0.2284875512123108
144,5,0.8651933468878269,0.954399585723877,1.1494845151901245,0.017595041543245316,0.17197100818157196,0.25485047698020935
144,6,0.8241478595882654,0.9544174075126648,1.148701786994934,0.016886377707123756,0.1299675852060318,0.2566700577735901
144,7,0.8150494789704681,0.9554622769355774,1.147353172302246,0.011414802633225918,0.10244052112102509,0.28063106536865234
144,8,0.8168663054704667,0.9548838138580322,1.1458059549331665,0.011270508170127869,0.09112164378166199,0.294336199760437
144,9,0.783091239258647,0.955822765827179,1.147074818611145,0.01285436563193798,0.08516374230384827,0.2644936144351959
144,10,0.8384311452507973,0.9566734433174133,1.1470414400100708,0.01156298816204071,0.06923415511846542,0.3368910253047943
144,11,0.8284585835412145,0.9568051099777222,1.1475417613983154,0.010929291136562824,0.06994859129190445,0.3267113268375397
144,12,0.8346063286066056,0.9564061164855957,1.146606206893921,0.010745450854301453,0.05983629822731018,0.3434221148490906
144,13,0.8141594130545855,0.9568557143211365,1.1470415592193604,0.01026705838739872,0.10399290174245834,0.27911999821662903
144,14,0.8355332180857659,0.9567455053329468,1.1474547386169434,0.01150202751159668,0.08363475650548935,0.3195563852787018
144,15,0.8141437793150544,0.9567347168922424,1.1480767726898193,0.010989055968821049,0.0917038843035698,0.2904885411262512
145,0,32.19781141281128,0.9554615020751953,4.835197925567627,23.841352462768555,5.435279369354248,1.763047695159912
145,1,28.92122883796692,0.9554615020751953,3.988571882247925,23.58954429626465,3.776486873626709,0.5663909912109375
145,2,27.85078250169754,0.9571484327316284,3.2717816829681396,24.20077896118164,2.1416022777557373,0.6626152396202087
145,3,28.151059843599796,0.9522093534469604,2.7117257118225098,24.71465301513672,2.647244930267334,0.05637488514184952
145,4,1.7815138041973113,0.9524713158607483,1.9516485929489136,0.025347262620925903,0.5621100664138794,0.6132324934005737
145,5,2.378251879662275,0.952357828617096,1.6916183233261108,0.021985094994306564,0.4426988959312439,1.3847726583480835
145,6,2.936036955565214,0.952401340007782,1.5029222965240479,0.023247789591550827,0.5411763191223145,1.880548119544983
145,7,4.050500572286547,0.9537566900253296,1.278802752494812,0.01523063238710165,0.5324652791023254,3.056292772293091
145,8,1.1799275420606137,0.9537551999092102,1.2170721292495728,0.014917533844709396,0.20818082988262177,0.5226637125015259
145,9,1.0015988070517778,0.9535585641860962,1.178338646888733,0.015938149765133858,0.1380355805158615,0.42124563455581665
145,10,0.8140494057908655,0.9527663588523865,1.1449196338653564,0.014662661589682102,0.09700240939855576,0.282847136259079
145,11,0.8153461143374443,0.9527844786643982,1.1406704187393188,0.010237671434879303,0.14650408923625946,0.23991337418556213
145,12,0.752612666040659,0.9535496830940247,1.1400152444839478,0.011724460870027542,0.11231710016727448,0.20985811948776245
145,13,0.7252774372696877,0.9543012976646423,1.1425843238830566,0.01086888462305069,0.09454046189785004,0.20049096643924713
145,14,0.7465076304972172,0.9549232721328735,1.1441792249679565,0.009771328419446945,0.09128487855195999,0.22563092410564423
145,15,0.7533406244590879,0.9548859000205994,1.1460567712783813,0.010853526182472706,0.07680096477270126,0.24549759924411774
145,16,0.6780110582709313,0.9550136923789978,1.1452628374099731,0.010276824235916138,0.0716986283659935,0.17598029971122742
145,17,0.7453483089804649,0.9547050595283508,1.1473249197006226,0.011176608502864838,0.05629834532737732,0.2574673593044281
145,18,0.6861480677500367,0.9547314047813416,1.1491707563400269,0.010391649790108204,0.054874639958143234,0.2001013457775116
145,19,0.5528549497947097,0.9553015232086182,1.14707612991333,0.010542920790612698,0.05654300004243851,0.06529349833726883
145,20,0.5244689175859094,0.9558707475662231,1.1478593349456787,0.010891077108681202,0.04346884787082672,0.04936297610402107
145,21,0.5290529869496823,0.9558168649673462,1.1473785638809204,0.010390087962150574,0.04520667344331741,0.05281713977456093
145,22,0.520442521944642,0.9556779861450195,1.1479860544204712,0.009586507454514503,0.03753821179270744,0.052584994584321976
145,23,0.515966908633709,0.9557929039001465,1.1468170881271362,0.00954892486333847,0.03196188062429428,0.05393410474061966
145,24,0.4994087439030409,0.9561846852302551,1.1466556787490845,0.00988740287721157,0.03749951347708702,0.031453754752874374
146,0,30.832007336616517,0.9554615020751953,4.835197925567627,22.54530906677246,5.312618255615234,1.8159481287002563
146,1,26.63439471721649,0.9554615020751953,3.987255811691284,20.231477737426758,4.525254249572754,0.8891192674636841
146,2,23.454425340890886,0.9589186310768127,3.287407636642456,21.087871551513672,1.2542887926101685,0.2629997432231903
146,3,24.7320747256279,0.954504132270813,2.7329094409942627,20.519588470458984,2.871825933456421,0.6031776070594788
146,4,1.7704538714140654,0.9541498422622681,1.9607648849487305,0.023626042529940605,0.6595336198806763,0.5043112635612488
146,5,1.1239286094903946,0.9523624181747437,1.7092158794403076,0.019285231828689575,0.36756062507629395,0.20476709306240082
146,6,1.110145733691752,0.9527881741523743,1.5204013586044312,0.01349413488060236,0.41933655738830566,0.18267713487148285
146,7,1.244862388446927,0.9534689784049988,1.2930424213409424,0.009585084393620491,0.5599386096000671,0.2260364145040512
146,8,1.1036348786205052,0.9536967873573303,1.2259656190872192,0.01036127470433712,0.448175311088562,0.2091658115386963
146,9,0.8552503984421491,0.9550082683563232,1.186004638671875,0.011736316606402397,0.18898703157901764,0.22632446885108948
146,10,0.8423815427348018,0.9544194936752319,1.1477185487747192,0.01015153806656599,0.1493174284696579,0.26248496770858765
146,11,0.8794743474572897,0.9544300436973572,1.1418274641036987,0.010503990575671196,0.09576555341482162,0.3539533019065857
146,12,0.7516473574563861,0.9538658857345581,1.1400257349014282,0.009481961838901043,0.0778065025806427,0.24558056890964508
146,13,0.7602663116529584,0.9533929824829102,1.1413695812225342,0.009576392360031605,0.09919091314077377,0.23254649341106415
146,14,0.7938505381345748,0.9535585641860962,1.1424754858016968,0.010056741535663605,0.09706098586320877,0.2675260007381439
146,15,0.7983820386230946,0.9539002776145935,1.1446495056152344,0.01013500988483429,0.06073031201958656,0.30780676007270813
146,16,0.7565002121031285,0.9536635279655457,1.1451070308685303,0.010664824396371841,0.05116468667984009,0.2749165892601013
146,17,0.8136434968560934,0.9536337852478027,1.143790364265442,0.010992417111992836,0.04442959651350975,0.3387366533279419
146,18,0.8347946021705867,0.9531214237213135,1.1463595628738403,0.009140035137534142,0.05113940313458443,0.35461896657943726
147,0,28.376163566112517,0.9536765217781067,1.152389645576477,20.122652053833008,5.840453147888184,1.9918451309204102
147,1,25.422253060340882,0.9553622007369995,1.1400679349899292,20.874025344848633,3.874849796295166,0.2542918920516968
147,2,22.02177129983902,0.9627923965454102,1.139992356300354,19.641698837280273,1.4949567317962646,0.46455878019332886
147,3,18.798376083374023,0.9627329111099243,1.1401886940002441,16.55884552001953,0.9696080088615417,0.8493382334709167
147,4,2.012792855501175,0.9684253931045532,1.1404060125350952,0.06871309876441956,0.4412381649017334,1.0810753107070923
147,5,1.7317365929484367,0.9680817127227783,1.142641544342041,0.05136517435312271,0.13486172258853912,1.123365044593811
147,6,1.718700485303998,0.968085527420044,1.1436128616333008,0.027532929554581642,0.09237619489431381,1.1764516830444336
147,7,1.0615227568894625,0.9721521735191345,1.145631194114685,0.030860865488648415,0.057420216500759125,0.549685001373291
147,8,0.5868782427161932,0.9688085913658142,1.1453694105148315,0.030371731147170067,0.06304658949375153,0.07062432169914246
147,9,0.6407647412270308,0.9689353108406067,1.1441766023635864,0.021558193489909172,0.11462103575468063,0.08196312934160233
147,10,0.6098084706813097,0.9677729606628418,1.1448893547058105,0.01876734383404255,0.0817747637629509,0.08673390001058578
147,11,0.6189704075455666,0.9643840193748474,1.1450185775756836,0.019621267914772034,0.07190477848052979,0.10556384176015854
147,12,0.6081472527235746,0.9630765318870544,1.1441391706466675,0.018680481240153313,0.06987499445676804,0.0981486365199089
147,13,0.5625782418996096,0.9613068699836731,1.1444213390350342,0.01576133631169796,0.05077754333615303,0.07489372044801712
147,14,0.553435917198658,0.9612317085266113,1.1449528932571411,0.015907499939203262,0.061505407094955444,0.054786089807748795
147,15,0.5344038369134069,0.9612375497817993,1.1445034742355347,0.014917497523128986,0.046906035393476486,0.05143209919333458
147,16,0.5075457500293851,0.9606912732124329,1.1440198421478271,0.00960912648588419,0.051342640072107315,0.025651760399341583
147,17,0.5090868454426527,0.9604116082191467,1.14345383644104,0.00954001396894455,0.05419452115893364,0.02457922138273716
147,18,0.49835952278226614,0.9598196744918823,1.1437867879867554,0.009655791334807873,0.042028069496154785,0.025954369455575943
148,0,31.62943654060364,0.9554615020751953,4.835197925567627,21.40245819091797,6.718436241149902,2.350410223007202
148,1,29.656863267719746,0.9554615020751953,3.9884257316589355,22.403043746948242,6.140320777893066,0.12472129613161087
148,2,26.049094384908678,0.9614981412887573,3.271881103515625,21.776737213134766,3.1307477951049805,0.2949335277080536
148,3,25.199599969387055,0.9523126482963562,2.722844123840332,22.93976593017578,1.145240068435669,0.3795626163482666
148,4,2.7086128398776053,0.9540941715240479,1.9640910625457764,0.07358845323324203,0.4864570200443268,1.5649303197860718
148,5,2.370522452890873,0.9540106654167175,1.710953712463379,0.0614401176571846,0.4148261845111847,1.3612632751464844
148,6,2.1435673147439958,0.9525182247161865,1.524307370185852,0.08472023904323578,0.2894609272480011,1.274021029472351
148,7,1.9903261376544834,0.9537997841835022,1.2904255390167236,0.012944254092872143,0.09419991821050644,1.4343369007110596
148,8,2.2247914638370276,0.9538437724113464,1.2276923656463623,0.011835148558020592,0.15520986914634705,1.6214392185211182
148,9,2.026977614685893,0.9538580775260925,1.1850169897079468,0.011145500466227531,0.15028387308120728,1.4377732276916504
148,10,2.0770906573161483,0.953177809715271,1.1476361751556396,0.00969978328794241,0.07747812569141388,1.5697499513626099
148,11,1.9353998018428684,0.9531698226928711,1.142289161682129,0.010080757550895214,0.07350432127714157,1.4327229261398315
148,12,1.935595537349582,0.9536973834037781,1.1404051780700684,0.011538436636328697,0.08312126249074936,1.4221153259277344
148,13,2.271519152075052,0.9538648724555969,1.141231656074524,0.011040832847356796,0.06979034096002579,1.7716686725616455
148,14,2.036006767116487,0.9540076851844788,1.1431853771209717,0.010304204188287258,0.05162020027637482,1.5546437501907349
148,15,2.1087645193561912,0.9539986848831177,1.143897533416748,0.010183165781199932,0.05882484093308449,1.6201772689819336
148,16,2.4106954550370574,0.9535385966300964,1.1438829898834229,0.010389241389930248,0.05074815824627876,1.9300737380981445
148,17,2.2047799983993173,0.9533976316452026,1.143795371055603,0.008817554451525211,0.050238385796546936,1.726285457611084
149,0,29.063246297836304,0.9554615020751953,4.835197925567627,19.598684310913086,6.872288703918457,1.4341413974761963
149,1,15.471691888570785,0.9554615020751953,3.9874465465545654,8.624272346496582,5.373106479644775,0.48573145270347595
149,2,11.581423783302307,0.9549869894981384,3.30020809173584,8.235713005065918,1.9982199668884277,0.49645179510116577
149,3,10.524241301417351,0.9585027098655701,2.742119550704956,8.464995384216309,1.1174888610839844,0.20163260400295258
149,4,1.3868462342768908,0.960432767868042,1.9589016437530518,0.012916730716824532,0.5908114910125732,0.19925113022327423
149,5,1.3937726017087697,0.9557744860649109,1.6938109397888184,0.01063903234899044,0.7009108662605286,0.15230561792850494
149,6,1.3113814424723387,0.9555885195732117,1.4959049224853516,0.0112238060683012,0.315255731344223,0.4946032166481018
149,7,1.2505225984379649,0.9547114968299866,1.2669199705123901,0.011485728435218334,0.16880697011947632,0.6259036064147949
149,8,1.4329753760248423,0.9547065496444702,1.2081373929977417,0.011557528749108315,0.16656793653964996,0.8222811222076416
149,9,1.3909748990088702,0.9538288712501526,1.1707786321640015,0.011213349178433418,0.14523176848888397,0.8096082806587219
149,10,1.1662775738164783,0.9532567262649536,1.1433454751968384,0.011607336811721325,0.09173395484685898,0.6436158418655396
149,11,1.2282082851976157,0.9532592296600342,1.1401749849319458,0.012126928195357323,0.07832205295562744,0.7190724611282349
149,12,0.8481146227568388,0.9536585807800293,1.1403682231903076,0.01079055480659008,0.09692545235157013,0.3215932548046112
149,13,0.7759556831791997,0.9542165398597717,1.1427479982376099,0.010746774263679981,0.07840479910373688,0.2674112021923065
149,14,0.7420005481690168,0.9541919231414795,1.143614411354065,0.011340869590640068,0.07641527056694031,0.23468314111232758
149,15,0.7402384903281927,0.9541917443275452,1.1441248655319214,0.009268814697861671,0.05814683064818382,0.2531595230102539
149,16,0.7030310885980725,0.9535565972328186,1.146163821220398,0.010129225440323353,0.05707741528749466,0.2158803641796112
149,17,0.796942431293428,0.9545023441314697,1.1451091766357422,0.009441695176064968,0.07437123358249664,0.29320719838142395
149,18,0.6922044720500709,0.955310583114624,1.144771933555603,0.01005403883755207,0.053097281605005264,0.20903664827346802
149,19,1.0785144308581949,0.954943835735321,1.145319938659668,0.009332538582384586,0.04195646941661835,0.6071726679801941
149,20,0.9933989137411118,0.9549111127853394,1.1470855474472046,0.00999772921204567,0.03403196856379509,0.5289698839187622
149,21,0.9515704115852714,0.9549128413200378,1.1472281217575073,0.010308491997420788,0.04066934809088707,0.48016437888145447
149,22,0.841248094290495,0.9547135829925537,1.1460696458816528,0.01003701239824295,0.03236151114106178,0.3786929249763489
149,23,0.8528316790238023,0.9541738033294678,1.1469436883926392,0.009294380433857441,0.03649074211716652,0.38682305812835693
149,24,0.9081668702885508,0.954222559928894,1.146733045578003,0.010605922900140285,0.027915697544813156,0.449454128742218
150,0,30.18358130455017,0.9591507911682129,1.1478803157806396,22.138246536254883,6.00946044921875,1.6144680976867676
150,1,25.1694718003273,0.9591507911682129,1.1435514688491821,18.546083450317383,5.7052531242370605,0.49759477376937866
150,2,24.4571730196476,0.9520813226699829,1.1421713829040527,20.861194610595703,2.848487377166748,0.32864049077033997
150,3,19.863616812229157,0.9520803093910217,1.14348304271698,16.7247371673584,2.508981943130493,0.21078503131866455
150,4,2.627832955867052,0.9522180557250977,1.143355131149292,0.03127148374915123,2.087205410003662,0.09024142473936081
150,5,3.1396624002605678,0.9520918726921082,1.1438132524490356,0.022318551316857338,2.395254611968994,0.3029082119464874
150,6,1.429771103709936,0.9520830512046814,1.143104910850525,0.01750108227133751,0.5743674635887146,0.4188649654388428
150,7,1.1647053297609091,0.9521473050117493,1.1438285112380981,0.015516495332121849,0.3919786512851715,0.33801501989364624
150,8,1.142430505529046,0.9521912336349487,1.1441301107406616,0.013598183169960976,0.3529858887195587,0.3565821647644043
150,9,1.2022913752123714,0.9520890116691589,1.1442289352416992,0.01340394001454115,0.1375148594379425,0.6321089863777161
150,10,1.3264358473941684,0.952097475528717,1.1442574262619019,0.013257908634841442,0.09883356839418411,0.795073390007019
150,11,0.9870283704251052,0.9520971179008484,1.1432666778564453,0.014874627813696861,0.09421662241220474,0.45886436104774475
150,12,0.9073812322691084,0.9520971179008484,1.1441924571990967,0.012751554138958454,0.11650137603282928,0.35887038707733154
150,13,0.9143678240478039,0.952552080154419,1.1444200277328491,0.012003649026155472,0.11528562754392624,0.36768412590026855
150,14,0.9647315043956042,0.9534506797790527,1.1445311307907104,0.011690111830830574,0.09551998972892761,0.4379250407218933
150,15,1.0121042819693684,0.9535932540893555,1.1448863744735718,0.011955429799854755,0.08863086253404617,0.4918220639228821
150,16,0.9412286955863237,0.9540212154388428,1.14486563205719,0.012078220024704933,0.07325316220521927,0.436119943857193
150,17,0.9066482342779636,0.9537355899810791,1.1442183256149292,0.01026872918009758,0.07180684059858322,0.4049818813800812
150,18,0.8237272340804338,0.9541658163070679,1.1444681882858276,0.011095428839325905,0.0500432625412941,0.34286174178123474
150,19,0.8928320931270719,0.9541877508163452,1.1451435089111328,0.01097645703703165,0.05594192072749138,0.4060474634170532
150,20,0.8682181080803275,0.9543637633323669,1.1446993350982666,0.011089987121522427,0.05187518149614334,0.38544031977653503
150,21,0.8025899125263095,0.954011082649231,1.1441822052001953,0.009912039153277874,0.05221298336982727,0.3208262324333191
150,22,0.7911487692967057,0.9537227153778076,1.1431753635406494,0.009657920338213444,0.046936653554439545,0.31517457962036133
150,23,0.7985462334007025,0.9543435573577881,1.1431763172149658,0.009906833991408348,0.03309310972690582,0.3360423147678375
150,24,0.7250958243384957,0.954386830329895,1.143287181854248,0.009150498546659946,0.07038547843694687,0.2260250449180603
151,0,35.65047674179077,0.9554615020751953,4.835197925567627,25.882583618164062,6.885020732879639,1.7247405052185059
151,1,30.48974994942546,0.9522519707679749,3.988680124282837,25.540327072143555,3.9157707691192627,0.04546568915247917
151,2,12.11313805282116,0.9522572159767151,3.277181625366211,9.799956321716309,1.4150240421295166,0.05226992070674896
151,3,12.241008454561234,0.9522601962089539,2.714883804321289,9.762144088745117,1.3968579769134521,0.3485775887966156
151,4,1.4571974821388722,0.9540404081344604,1.928451418876648,0.020095456391572952,0.3451298177242279,0.5154738426208496
151,5,1.309636226296425,0.953016459941864,1.6735625267028809,0.017574116587638855,0.19914135336875916,0.5676049590110779
151,6,1.2377798598259688,0.9539461731910706,1.4871658086776733,0.01418098621070385,0.17536962032318115,0.560006856918335
151,7,1.1793716398999097,0.9541147351264954,1.2675703763961792,0.012296023778617382,0.2382720410823822,0.484466552734375
151,8,0.7868843762204052,0.9557623863220215,1.2083224058151245,0.01079635601490736,0.19983018934726715,0.1434408724308014
151,9,0.7861335899680854,0.955036997795105,1.1746009588241577,0.010651057586073875,0.23882022500038147,0.1107347160577774
151,10,0.7112608950585126,0.9558250308036804,1.1458121538162231,0.010108312591910362,0.17345939576625824,0.10736574977636337
151,11,0.6214598167687655,0.9555959701538086,1.1410995721817017,0.013011330738663673,0.10501350462436676,0.08409587293863297
151,12,0.6336639361456037,0.9556052088737488,1.139992594718933,0.012227539904415607,0.12209504842758179,0.08022178709506989
151,13,0.6791204961016775,0.9554614424705505,1.141305923461914,0.011128013022243977,0.16041111946105957,0.08822789043188095
151,14,0.6070681450888514,0.9545608162879944,1.1420363187789917,0.011679309420287609,0.09939926117658615,0.07667014747858047
151,15,0.6142432538792492,0.9545167684555054,1.1427785158157349,0.009855004958808422,0.1126462072134018,0.07228298485279083
151,16,0.6092339226976038,0.9540378451347351,1.1444272994995117,0.0105585353448987,0.05961253121495247,0.11936982721090317
151,17,0.6242003791034222,0.9539472460746765,1.1458711624145508,0.011240161955356598,0.06085238233208656,0.13214415311813354
151,18,0.6202380681410432,0.9539667963981628,1.1450564861297607,0.010684237815439701,0.04456820338964462,0.14518097043037415
151,19,0.5916494371369482,0.9538735151290894,1.1433085203170776,0.009020728059113026,0.039466798305511475,0.12372550368309021
151,20,0.5669304804876447,0.9538832902908325,1.1447285413742065,0.01056783739477396,0.03896643593907356,0.09767384082078934
151,21,0.568711574934423,0.9537237286567688,1.1436129808425903,0.01004027109593153,0.03930750861763954,0.09989645332098007
151,22,0.562120097503066,0.9538763761520386,1.1434344053268433,0.010090870782732964,0.035946570336818695,0.09662050008773804
151,23,0.5682966062799096,0.9538208246231079,1.1441078186035156,0.009331312961876392,0.034066613763570786,0.10531295090913773
151,24,0.5441366966813803,0.9538719058036804,1.1442770957946777,0.009504901245236397,0.03461534157395363,0.08038665354251862
152,0,33.76500658988952,0.9554615020751953,4.835197925567627,24.194198608398438,6.163644313812256,2.2490317821502686
152,1,31.446010649204254,0.9574609398841858,3.987666130065918,23.175861358642578,6.085387229919434,1.1957366466522217
152,2,30.612853753566743,0.9677696824073792,3.2978456020355225,23.1993350982666,5.122735977172852,1.4376596212387085
152,3,25.349281799793243,0.9617815017700195,2.7415645122528076,21.661026000976562,2.165339946746826,0.7822466492652893
152,4,1.9571455873548986,0.9574018120765686,1.9564213752746582,0.02632332220673561,0.5346758961677551,0.8133817315101624
152,5,1.5296549865975977,0.9556925296783447,1.689444661140442,0.013809562660753727,0.5026992559432983,0.4841187298297882
152,6,1.0858167784288526,0.9554343819618225,1.5008556842803955,0.012395118363201618,0.19068776071071625,0.3914758861064911
152,7,1.1929461805149912,0.955788791179657,1.2694714069366455,0.01051089446991682,0.2888336181640625,0.44854962825775146
152,8,1.1654304241761566,0.9570395350456238,1.2105073928833008,0.010774335823953152,0.2297026813030243,0.49144402146339417
152,9,1.2815455358475447,0.9589425921440125,1.1752129793167114,0.01069202832877636,0.30574727058410645,0.5382751226425171
152,10,1.3396949186921119,0.9594060182571411,1.1448019742965698,0.010944671928882599,0.289785236120224,0.6181234121322632
152,11,1.3092293975874782,0.9597873091697693,1.1407008171081543,0.011059421114623547,0.2992784082889557,0.5787939429283142
152,12,1.1375910686329007,0.95853590965271,1.1399928331375122,0.011139203794300556,0.16846014559268951,0.5382859706878662
153,0,31.54373162984848,0.9554538130760193,1.1431705951690674,23.739503860473633,5.644647121429443,1.7398557662963867
153,1,28.480051815509796,0.9656919836997986,1.1570919752120972,25.144411087036133,2.130211353302002,0.7808725833892822
153,2,24.7409953430295,0.9656714200973511,1.152440071105957,23.12677764892578,1.0705915689468384,0.1200038269162178
153,3,27.177056916058064,0.95787513256073,1.1486889123916626,25.016542434692383,1.6356396675109863,0.10356200486421585
153,4,0.9320474147796631,0.9581494331359863,1.1502411365509033,0.05878522992134094,0.30763232707977295,0.14395174384117126
153,5,0.9439791359007359,0.9581573009490967,1.1459345817565918,0.05410848930478096,0.33813875913619995,0.13091351091861725
153,6,0.8908566683530807,0.9595054984092712,1.1475285291671753,0.04402153193950653,0.30895641446113586,0.11647191643714905
153,7,0.8797886297106743,0.9581190347671509,1.1473435163497925,0.035372890532016754,0.2854655385017395,0.13785769045352936
153,8,0.8578443054109812,0.9596615433692932,1.1484962701797485,0.03071465529501438,0.2528962790966034,0.15260180830955505
153,9,0.829245064035058,0.9605565071105957,1.1500333547592163,0.024963269010186195,0.23982080817222595,0.14234301447868347
153,10,0.9123716417700052,0.9581500887870789,1.1482644081115723,0.022741029039025307,0.34055864810943604,0.12778906524181366
153,11,0.7720706515014172,0.9584969282150269,1.1487771272659302,0.02476869896054268,0.21521583199501038,0.1106313094496727
153,12,0.8212614696472883,0.9585084319114685,1.1485075950622559,0.02262718789279461,0.22711290419101715,0.1501181721687317
153,13,0.9037595223635435,0.9577575325965881,1.1479133367538452,0.010603426024317741,0.19721491634845734,0.27480700612068176
153,14,0.9458579735830426,0.9572539329528809,1.1475253105163574,0.011311342008411884,0.2190806269645691,0.294510155916214
153,15,1.057615425810218,0.9572470188140869,1.1465572118759155,0.010344138368964195,0.21282589435577393,0.41368454694747925
153,16,1.0420477675274014,0.9568049311637878,1.1458244323730469,0.009701360948383808,0.17874599993228912,0.4330745339393616
153,17,1.0268785908818245,0.9568340182304382,1.145790696144104,0.009207300841808319,0.21992115676403046,0.37722519040107727
154,0,30.361182022094727,0.9554615020751953,4.835197925567627,22.238256454467773,6.038495063781738,0.9262986183166504
154,1,18.83846002817154,0.9554615020751953,3.9883432388305664,11.420125007629395,5.871493339538574,0.5580807328224182
154,2,20.303669440746308,0.9526031017303467,3.299375534057617,12.745638847351074,6.172098636627197,0.5355362296104431
154,3,15.758720862865449,0.9580389261245728,2.744507074356079,13.460192680358887,1.2507596015930176,0.30725938081741333
154,4,1.4721138840541244,0.9622721076011658,1.9559197425842285,0.013055643998086452,0.6318370699882507,0.2435828000307083
154,5,1.3497483829036354,0.962279200553894,1.6971031427383423,0.014046416617929935,0.5424324870109558,0.2613930106163025
154,6,1.3023237513378263,0.9603111743927002,1.5059236288070679,0.013515477068722248,0.5272818803787231,0.26827943325042725
154,7,1.1373809345066548,0.9565792083740234,1.2819855213165283,0.013082165271043777,0.35124289989471436,0.32534292340278625
154,8,1.1123266089707613,0.956608772277832,1.2212400436401367,0.00994633324444294,0.34454140067100525,0.32226911187171936
154,9,1.1319658635184169,0.9553495645523071,1.182633876800537,0.010009574703872204,0.37172552943229675,0.3226340711116791
154,10,0.9692431464791298,0.9557688236236572,1.1453545093536377,0.011188097298145294,0.26962533593177795,0.26820504665374756
154,11,0.9986293928697705,0.9557780623435974,1.1405960321426392,0.010330607183277607,0.2502764165401459,0.31874755024909973
154,12,0.9167563455179334,0.9581459760665894,1.1400163173675537,0.010107462294399738,0.21147428452968597,0.27554214000701904
154,13,0.8990708248689772,0.9560741186141968,1.142141580581665,0.008977849967777729,0.22496987879276276,0.24547995626926422
154,14,1.0041718866676093,0.956256628036499,1.1438941955566406,0.010252287611365318,0.22685456275939941,0.34703487157821655
154,15,0.9357411270961166,0.9562587141990662,1.1445997953414917,0.008887416683137417,0.18339604139328003,0.3232859671115875
154,16,0.9852364365011455,0.9572083950042725,1.1463454961776733,0.010216424241662025,0.22257019579410553,0.33173903822898865
154,17,0.7996560109779238,0.9562544822692871,1.1457948684692383,0.010506819002330303,0.2201053351163864,0.14863398671150208
154,18,0.7711104394868017,0.9562588930130005,1.1445709466934204,0.009531435556709766,0.21704213321208954,0.12437090277671814
154,19,0.7119950994849205,0.9569210410118103,1.1447960138320923,0.009701266884803772,0.18644605576992035,0.09550436586141586
154,20,0.72512779366225,0.9564903378486633,1.1451224088668823,0.011113460175693035,0.18958085775375366,0.10411092638969421
154,21,0.6945085464045406,0.9565219879150391,1.1447663307189941,0.009671117179095745,0.17300139367580414,0.09157837182283401
154,22,0.7505385369062424,0.9566872715950012,1.1440788507461548,0.00935409963130951,0.21711131930351257,0.10391989350318909
154,23,0.6821390062570573,0.9571470022201538,1.144562005996704,0.010547179728746414,0.19816230237483978,0.05308772251009941
154,24,0.5424010187387467,0.9575389623641968,1.1455795764923096,0.009726200252771378,0.06294050067663193,0.04911061003804207
155,0,31.405151176452637,0.9554615020751953,4.835197925567627,21.686594009399414,6.337660789489746,2.222764492034912
155,1,28.47198849916458,0.9925864338874817,3.9875452518463135,21.646785736083984,4.7581000328063965,1.0710763931274414
155,2,25.432321071624756,0.958046019077301,3.294689655303955,21.22021484375,2.910900115966797,0.45065897703170776
155,3,13.496681433916091,0.9577012062072754,2.7488622665405273,10.422210693359375,1.8694372177124023,0.46372082829475403
155,4,1.5201494170352816,0.9586641192436218,1.9421342611312866,0.012964452616870403,0.6248841881752014,0.30214110016822815
155,5,1.6110950080677866,0.9598152041435242,1.6781914234161377,0.01054322998970747,0.5794089436531067,0.49354150891304016
155,6,1.5334226427599789,0.9598440527915955,1.4839352369308472,0.011568325571715832,0.4583430886268616,0.5747553706169128
155,7,1.5359638052061202,0.964053213596344,1.265086054801941,0.010212291963398457,0.41739705204963684,0.6625266075134277
155,8,1.4791120706126093,0.9609857201576233,1.2062199115753174,0.010318237356841564,0.3869304060935974,0.6484223008155823
155,9,1.1929275564849378,0.9609702229499817,1.1718242168426514,0.009604673832654953,0.24769949913024902,0.5090644955635071
155,10,1.0896747076883913,0.9593580961227417,1.1439917087554932,0.01209708396345377,0.16051088273525238,0.4963967800140381
155,11,0.9819882499054075,0.9616188406944275,1.1401951313018799,0.010575254447758198,0.16016633808612823,0.3908838629722595
155,12,1.0745039079338312,0.9617173075675964,1.1404619216918945,0.009586477652192116,0.1458975225687027,0.4985840618610382
155,13,1.1814689667895437,0.959470272064209,1.1436830759048462,0.010130670852959156,0.18219643831253052,0.5685111880302429
155,14,1.0983256915584207,0.9596056342124939,1.145389199256897,0.01054349634796381,0.17585550248622894,0.49092772603034973
155,15,1.174228955619037,0.9593763947486877,1.145483374595642,0.011458824388682842,0.20489205420017242,0.5369061231613159
155,16,1.2183874992653727,0.9589893221855164,1.1474770307540894,0.009781467728316784,0.17450924217700958,0.6128035187721252
155,17,1.0376757293939591,0.9576367735862732,1.1478462219238281,0.009141221642494202,0.16146454215049744,0.44597336649894714
156,0,32.402812123298645,0.9559129476547241,1.144749641418457,22.00660514831543,7.973455905914307,2.0026185512542725
156,1,26.95491896867752,0.953196108341217,1.1406232118606567,21.929000854492188,3.7625248432159424,0.8446294069290161
156,2,25.77868037223816,0.9551905393600464,1.1411515474319458,22.35356330871582,2.383389472961426,0.6224591732025146
156,3,21.704082751274107,0.955176830291748,1.1403682231903076,18.810413360595703,1.8082306385040283,0.6663297414779663
156,4,2.1243139773607256,0.956491231918335,1.1404482126235962,0.11425431072711945,0.41472744941711426,1.1759443283081055
156,5,1.566187285631895,0.9589055180549622,1.1407498121261597,0.04195670410990715,0.3182208240032196,0.786078691482544
156,6,1.582130141928792,0.9588373899459839,1.1400810480117798,0.026097388938069344,0.24542689323425293,0.890822172164917
156,7,1.6046261064708234,0.957867443561554,1.140747308731079,0.02373511716723442,0.2876989245414734,0.8734691143035889
156,8,1.5483838189393282,0.9584469199180603,1.1415859460830688,0.02133067138493061,0.06284543871879578,1.044201135635376
156,9,1.5561158867552876,0.9584652185440063,1.1413886547088623,0.012152728624641895,0.06937462091445923,1.0546177625656128
156,10,1.8704150788486005,0.9567664861679077,1.1424249410629272,0.01263413205742836,0.0460989847779274,1.3918436765670776
156,11,1.4213179893791676,0.9566270709037781,1.142336368560791,0.010983668267726898,0.05275290831923485,0.937788724899292
156,12,1.467732859775424,0.9570690989494324,1.1424517631530762,0.01271221973001957,0.043283019214868546,0.9918334484100342
156,13,1.236515437439084,0.9571198225021362,1.142467737197876,0.015015540644526482,0.048014868050813675,0.7535675168037415
156,14,0.8408417632803321,0.9557044506072998,1.1426241397857666,0.014855667017400265,0.053901925683021545,0.352418452501297
156,15,0.8736159447580576,0.9553824663162231,1.1432279348373413,0.01451113261282444,0.045369356870651245,0.394013375043869
156,16,0.6935270141810179,0.9553235769271851,1.1435153484344482,0.011484818533062935,0.04688500985503197,0.2153894007205963
156,17,0.7001044511795045,0.9559580087661743,1.1440953016281128,0.011682003736495972,0.04822249710559845,0.22018928825855255
156,18,0.6709971377626062,0.9560539722442627,1.144105076789856,0.01314558181911707,0.040682852268218994,0.19713689386844635
156,19,0.5237777998670936,0.9558556079864502,1.1447374820709229,0.012975423596799374,0.03588613495230675,0.05479762330651283
156,20,0.5336013982072473,0.9558589458465576,1.144748330116272,0.012442179955542088,0.03629425913095474,0.06474350392818451
156,21,0.540020376816392,0.9558183550834656,1.1450798511505127,0.012824775651097298,0.0374055951833725,0.0696103647351265
156,22,0.5171994674950838,0.9559897184371948,1.145394206047058,0.010324371978640556,0.03482538461685181,0.05177292600274086
156,23,0.5312573086470366,0.9558840394020081,1.145310640335083,0.010854186490178108,0.04655143991112709,0.05361274629831314
156,24,0.5327969823032618,0.9558627605438232,1.1454013586044312,0.010901371017098427,0.04908881336450577,0.05255397409200668
157,0,32.184726762771604,0.9554615020751953,4.835197925567627,22.916601181030273,6.091753959655762,2.018239736557007
157,1,29.182867562770845,0.953417181968689,3.9884002208709717,23.313886642456055,3.8861336708068848,0.9944837689399719
157,2,26.44884033203125,0.9622458219528198,3.2769322395324707,22.245262145996094,2.0242092609405518,1.3315333127975464
157,3,27.183672988414763,0.960874617099762,2.7142856121063232,23.519102096557617,1.1843135356903076,1.7452253103256226
157,4,0.8071876760572195,0.9636057019233704,1.9172707796096802,0.02086186222732067,0.08079636842012405,0.12935414910316467
157,5,0.771468834206462,0.9604836702346802,1.659157395362854,0.022686569020152092,0.04956783354282379,0.1752862185239792
157,6,0.7369512621313334,0.9606767296791077,1.474068284034729,0.019854532554745674,0.03216210752725601,0.19798561930656433
157,7,0.6447230603545905,0.9592734575271606,1.2592284679412842,0.015791146084666252,0.039705581963062286,0.1455259472131729
157,8,0.6747850209474564,0.9592242240905762,1.203345775604248,0.015139564871788025,0.0333692729473114,0.1937621831893921
157,9,0.6749165395274759,0.9581676721572876,1.1704312562942505,0.014839471317827702,0.030752569437026978,0.20360471308231354
157,10,0.7006505224853754,0.9607028961181641,1.1435610055923462,0.012077922001481056,0.037732601165771484,0.2299872189760208
157,11,0.7608552446588874,0.9606253504753113,1.140134334564209,0.01149053405970335,0.03260435536503792,0.29660841822624207
157,12,0.7560670072212816,0.9619109034538269,1.1403945684432983,0.0121301943436265,0.0386444628238678,0.2848312556743622
157,13,1.0628380950540304,0.958863377571106,1.1445658206939697,0.011561213061213493,0.032803185284137726,0.5977878570556641
158,0,30.01160638332367,0.9554615020751953,4.835197925567627,21.040477752685547,6.674118995666504,1.1388777494430542
158,1,20.314106857776643,0.9554615020751953,3.9869918823242188,10.788375854492188,7.623469352722168,0.9137709736824036
158,2,13.323478484153748,0.9614347815513611,3.317026376724243,9.801963806152344,2.58237361907959,0.08344882726669312
158,3,11.690673178434372,0.9520901441574097,2.777658462524414,9.698711395263672,1.1240261793136597,0.12198588252067566
158,4,1.5991349250078202,0.952971339225769,2.0028023719787598,0.027944080531597137,0.8857643008232117,0.09427180141210556
158,5,1.4913553070276975,0.9529716968536377,1.7407351732254028,0.018223663792014122,0.8443345427513123,0.09005572646856308
158,6,0.9966997321695089,0.9536586999893188,1.5379250049591064,0.015904417261481285,0.39136195182800293,0.09111662209033966
158,7,0.9464231310412288,0.9529622793197632,1.2920359373092651,0.015224757604300976,0.386517733335495,0.09568099677562714
158,8,0.9369629161432386,0.9529672861099243,1.22817063331604,0.013541650958359241,0.3800850212574005,0.10710866004228592
158,9,0.895502470433712,0.9533060193061829,1.187107801437378,0.01487705111503601,0.35228320956230164,0.1002594456076622
158,10,0.8771695237606765,0.953015923500061,1.1489685773849487,0.01251092366874218,0.33081454038619995,0.1134471595287323
158,11,0.8505884537473322,0.9530113339424133,1.1432465314865112,0.013831899501383305,0.32661858201026917,0.09088639914989471
158,12,0.8380894416943193,0.9535934925079346,1.1404223442077637,0.013096124865114689,0.3064786493778229,0.09971150010824203
158,13,0.6484745811671019,0.9537444114685059,1.140998363494873,0.011948978528380394,0.10369650274515152,0.11388054490089417
158,14,0.6111339490860701,0.9543221592903137,1.1419892311096191,0.01215544156730175,0.08581211417913437,0.09390411525964737
158,15,0.6301685212180019,0.954304575920105,1.142217755317688,0.010257544927299023,0.10457292199134827,0.09603358805179596
158,16,0.5928875902667642,0.9552210569381714,1.1443675756454468,0.010242667980492115,0.10126721113920212,0.0614599846303463
158,17,0.580702681094408,0.9564229249954224,1.1442068815231323,0.009358976036310196,0.07298289239406586,0.07823485136032104
158,18,0.637016648054123,0.9563453793525696,1.1449196338653564,0.009933851659297943,0.1327376365661621,0.07409215718507767
158,19,0.5880945820361376,0.955662190914154,1.1451690196990967,0.010161096230149269,0.08151885867118835,0.07624838501214981
158,20,0.5798936946317553,0.9560723900794983,1.14493727684021,0.009781702421605587,0.0877956673502922,0.06211439147591591
158,21,0.5637590562924744,0.9560307264328003,1.144235372543335,0.010507131926715374,0.07385431230068207,0.05934439226984978
158,22,0.5582049012184143,0.9563606977462769,1.1446527242660522,0.009480386972427368,0.06256046146154404,0.06596136838197708
158,23,0.5568293144926428,0.9565109014511108,1.144650936126709,0.01138631533831358,0.04701664671301842,0.07819398492574692
158,24,0.5485330753028392,0.9573789238929749,1.144049048423767,0.00939137488603592,0.0412098728120327,0.07764623314142227
159,0,31.254611349105836,0.953080415725708,1.142850637435913,22.059307098388672,5.797427177429199,2.9786908626556396
159,1,30.676189756393434,0.9580391049385071,1.1513813734054565,23.90823745727539,5.5019097328186035,0.8441584706306458
159,2,24.96735563278198,0.961065411567688,1.1471009254455566,22.822546005249023,0.7257375121116638,0.9974388480186462
159,3,23.797928750514984,0.959210216999054,1.1516122817993164,22.120994567871094,0.5768339037895203,0.677935779094696
159,4,1.0970005586743354,0.9634682536125183,1.1452136039733887,0.047846175730228424,0.18021342158317566,0.44720458984375
159,5,1.1806308075785636,0.9589323997497559,1.1449474096298218,0.041875340044498444,0.21653355658054352,0.5014459490776062
159,6,1.2078685559332372,0.959929883480072,1.150061011314392,0.028962258249521255,0.19140863418579102,0.565499484539032
159,7,1.2914251182228327,0.9571528434753418,1.1530321836471558,0.02704019285738468,0.28109467029571533,0.5612532496452332
159,8,1.4369498249143362,0.9543195962905884,1.1559953689575195,0.029642200097441673,0.25071239471435547,0.7345322370529175
159,9,0.8454800318926573,0.9547443389892578,1.1525070667266846,0.02817685715854168,0.2627538740634918,0.1330990195274353
159,10,0.825857461988926,0.9546133875846863,1.1502386331558228,0.03507383167743683,0.2769671380519867,0.0928460881114006
159,11,0.8188796080648899,0.9545949697494507,1.1511304378509521,0.047427017241716385,0.25674450397491455,0.0935630053281784
159,12,0.7754593178629876,0.9545948505401611,1.152339220046997,0.0359359011054039,0.2396194487810135,0.07851715385913849
159,13,0.7717512346804142,0.9541299939155579,1.1544125080108643,0.03449920192360878,0.2294653207063675,0.0860782116651535
159,14,0.8146453278139234,0.9541431069374084,1.1546465158462524,0.009974678047001362,0.3133842945098877,0.06952843070030212
159,15,0.870999575033784,0.9541431665420532,1.1541802883148193,0.010889673605561256,0.34898504614830017,0.08946016430854797
159,16,0.5619363427162171,0.9542068839073181,1.1534250974655151,0.010140962898731232,0.03309651464223862,0.09717246890068054
159,17,0.5592582641169429,0.9542133212089539,1.153688669204712,0.009771219454705715,0.03891396149992943,0.08899268507957458
159,18,0.5662268560379744,0.9553614258766174,1.1525847911834717,0.010683858767151833,0.037073876708745956,0.09687987715005875
159,19,0.5574470506981015,0.9548628330230713,1.152154803276062,0.00936237070709467,0.03105398640036583,0.09562716633081436
159,20,0.5568721141666174,0.9551292657852173,1.1514259576797485,0.010447289794683456,0.02109442837536335,0.10401935130357742
159,21,0.5409663654863834,0.9551137089729309,1.1511836051940918,0.01018773764371872,0.020668234676122665,0.08885093033313751
159,22,0.5738039841875434,0.9553807377815247,1.149837851524353,0.009793252684175968,0.020780181512236595,0.12218683212995529
159,23,0.550819125957787,0.9559038281440735,1.1500751972198486,0.009940954856574535,0.021108420565724373,0.0985739454627037
159,24,0.5810597136616708,0.9558477401733398,1.1499167680740356,0.010096566751599312,0.023314720019698143,0.12649552524089813
160,0,29.98595266342163,0.9554615020751953,4.835197925567627,20.104585647583008,6.430750846862793,2.2924842834472656
160,1,26.881631684303283,0.9826743006706238,3.987309455871582,22.704374313354492,2.5829248428344727,0.6003357768058777
160,2,12.47711306810379,0.9826058149337769,3.292698860168457,8.508774757385254,2.484205484390259,0.6290718913078308
160,3,11.110912424325942,0.959696888923645,2.7381696701049805,8.672684669494629,1.3503280878067017,0.34832635521888733
160,4,1.709540481492877,0.9580996632575989,1.9593427181243896,0.025836212560534477,0.6919900178909302,0.40822577476501465
160,5,1.3958895690739155,0.9582529067993164,1.7015137672424316,0.028321702033281326,0.5991004109382629,0.2365141212940216
160,6,1.7066642962396146,0.9582509398460388,1.5063071250915527,0.01137569174170494,0.8444830775260925,0.3578939139842987
160,7,1.2157377483323217,0.9582115411758423,1.2734917402267456,0.009750586934387684,0.3995022177696228,0.3601442873477936
160,8,1.1218107188120485,0.9575492143630981,1.2113838195800781,0.010357090272009373,0.3502655029296875,0.3274015188217163
160,9,1.1656135514378547,0.9575772881507874,1.1763566732406616,0.01115763932466507,0.3800092041492462,0.3476599156856537
160,10,1.055150088481605,0.9595465064048767,1.1455928087234497,0.011021631769835949,0.24938596785068512,0.3737146258354187
160,11,0.9450467605143785,0.9567564725875854,1.140600323677063,0.011115731671452522,0.12748146057128906,0.3869782090187073
160,12,0.9158123517408967,0.9567076563835144,1.1400225162506104,0.009351753629744053,0.14361734688282013,0.34349721670150757
160,13,0.9051574124023318,0.9583548903465271,1.143346905708313,0.010229821316897869,0.1314924955368042,0.34309473633766174
160,14,0.9203165190294386,0.9567410945892334,1.144961953163147,0.010283787734806538,0.12476658821105957,0.3649255335330963
160,15,0.8987735597416759,0.9576476216316223,1.146590232849121,0.009804683737456799,0.09426076710224152,0.37386053800582886
160,16,0.8459821930155158,0.9598139524459839,1.1471577882766724,0.010197541676461697,0.10830468684434891,0.30608561635017395
160,17,0.8125226914882661,0.9593921303749084,1.1460686922073364,0.010295942425727844,0.062717005610466,0.31841757893562317
160,18,0.7925083944573998,0.9588086605072021,1.149337887763977,0.0099481837823987,0.04746643826365471,0.3134644627571106
160,19,0.8544718626886607,0.9580121636390686,1.1493561267852783,0.010745378211140633,0.06166129559278488,0.3605915307998657
160,20,0.8055438613519073,0.9581941962242126,1.1480649709701538,0.011307689361274242,0.04039235785603523,0.3325919806957245
160,21,0.7974596504122019,0.9583229422569275,1.147702693939209,0.011016381904482841,0.04244888946413994,0.3227892518043518
160,22,0.7676948586478829,0.9581654071807861,1.1479185819625854,0.010113638825714588,0.03220445290207863,0.3041599690914154
160,23,0.7330612888559699,0.9575958847999573,1.1471349000930786,0.011075957678258419,0.0332442969083786,0.2677948772907257
160,24,0.7512655351310968,0.9574628472328186,1.1480906009674072,0.00960584171116352,0.03353708237409592,0.28701192140579224
161,0,32.444571542739865,0.9554615020751953,4.835197925567627,22.06344223022461,5.528207302093506,3.6947901248931885
161,1,26.1043674826622,0.9554615020751953,3.9880239963531494,18.010330200195312,6.521754264831543,0.5835859179496765
161,2,21.088329982757568,0.9857330322265625,3.2949471473693848,17.498538970947266,1.6633727550506592,1.070282220840454
161,3,19.251930826902388,0.9588881134986877,2.7412846088409424,16.561574935913086,1.8665566444396973,0.0837647020816803
161,4,1.3450492028146983,0.9529682397842407,1.955959439277649,0.029454918578267097,0.6332412362098694,0.10056751221418381
161,5,1.0619284361600876,0.9527328014373779,1.6967437267303467,0.02593711018562317,0.36351293325424194,0.14258308708667755
161,6,0.8342634044587612,0.9532145261764526,1.5035436153411865,0.021588485687971115,0.18114857375621796,0.1401747167110443
161,7,0.7050751872360707,0.952771008014679,1.2704218626022339,0.017744924873113632,0.15311136841773987,0.08958031982183456
161,8,0.727161154896021,0.9533368945121765,1.2058956623077393,0.01716700568795204,0.16107404232025146,0.11707359552383423
161,9,0.7254950001835824,0.9535166025161743,1.169796109199524,0.015094354748725891,0.17350992560386658,0.11222817748785019
161,10,0.6659457514062525,0.9534632563591003,1.1426122188568115,0.013877981342375278,0.15086562931537628,0.08198704570531845
161,11,0.6995602581650019,0.9534811973571777,1.1399919986724854,0.013126874342560768,0.1495373249053955,0.11820141971111298
161,12,0.701168086566031,0.9534890055656433,1.1413233280181885,0.01282180193811655,0.12904691696166992,0.14033690094947815
161,13,0.639185817912221,0.9534921050071716,1.1454803943634033,0.0126678217202425,0.10021532326936722,0.10650817304849625
161,14,0.6197801804170013,0.953494131565094,1.147552490234375,0.012208781205117702,0.08555763214826584,0.10180444270372391
161,15,0.591822144575417,0.953439474105835,1.1488276720046997,0.011473224498331547,0.059023771435022354,0.10087171941995621
161,16,0.5812113100662828,0.9537233710289001,1.1505398750305176,0.012576554901897907,0.03376590833067894,0.11401619762182236
161,17,0.6041949981823564,0.9537290930747986,1.1502256393432617,0.010709364898502827,0.035573843866586685,0.13712084293365479
161,18,0.5874184330925345,0.9541088938713074,1.1508077383041382,0.011267182417213917,0.026192681863904,0.12897524237632751
161,19,0.5970677914097905,0.9549197554588318,1.1494897603988647,0.009000311605632305,0.02694210596382618,0.14024347066879272
161,20,0.5951944375410676,0.9553427696228027,1.1480532884597778,0.010717435739934444,0.025250250473618507,0.13854753971099854
161,21,0.5862875891849398,0.9553021192550659,1.1469827890396118,0.011203710921108723,0.026294877752661705,0.1283320188522339
161,22,0.6748061772435904,0.9564911127090454,1.1455305814743042,0.010278357192873955,0.030013851821422577,0.2141096293926239
162,0,32.522976672649385,0.9529817700386047,1.1433942317962646,23.849863052368164,6.33351993560791,1.9203184843063354
162,1,32.053097581863405,0.955059289932251,1.1405194997787476,23.591203689575195,7.492591381072998,0.5501867532730103
162,2,25.354513853788376,0.9550635814666748,1.1408032178878784,19.443588256835938,5.0542755126953125,0.4374767243862152
162,3,23.220558756589888,0.9554449319839478,1.1402050256729126,18.11892318725586,4.309815883636475,0.37268969416618347
162,4,3.1186698697507382,0.954961895942688,1.145840048789978,0.032828059047460556,1.8191590309143066,0.8465223908424377
162,5,3.0627451658248903,0.9549255967140198,1.145005702972412,0.018186509609222412,1.8490656614303589,0.7755067348480225
162,6,3.07319476865232,0.9539929032325745,1.1473493576049805,0.014659097418189049,1.6890249252319336,0.9492422938346863
162,7,1.8624827301129698,0.9539307951927185,1.151092529296875,0.013576856814324856,0.5505435466766357,0.8773576617240906
162,8,1.6317299891263248,0.953932523727417,1.1553200483322144,0.01120169647037983,0.5570135712623596,0.6416642069816589
162,9,1.7523389799520372,0.9539321064949036,1.1551786661148071,0.01061702799052,0.7614786624908447,0.5584211349487305
162,10,1.1050566107034685,0.9544497132301331,1.1536015272140503,0.011104002594947815,0.6003711819648743,0.07197117805480957
162,11,1.0627764159813524,0.9545884132385254,1.1536849737167358,0.010498919524252415,0.5368096828460693,0.09381313621997833
162,12,0.9963108744472265,0.9545953869819641,1.1540874242782593,0.009611053392291069,0.5125381946563721,0.05242506414651871
162,13,1.1131078988313674,0.9537366628646851,1.1528209447860718,0.009697668254375458,0.5910794734954834,0.09101923555135727
162,14,0.7431471718475222,0.9534244537353516,1.1516677141189575,0.00955506693571806,0.19866187870502472,0.11391179263591766
162,15,0.7099833145737648,0.953429102897644,1.1516587734222412,0.009848341345787048,0.17845332622528076,0.10066407173871994
162,16,0.6819545723497867,0.9526159167289734,1.1511528491973877,0.009269315749406815,0.1363368183374405,0.11559468507766724
162,17,0.640160721167922,0.9526756405830383,1.1506645679473877,0.010552061721682549,0.1103392168879509,0.09860140085220337
162,18,0.665069043263793,0.9526736736297607,1.1499500274658203,0.010197704657912254,0.09997071325778961,0.13437588512897491
162,19,0.6534766674041748,0.9530600905418396,1.1509785652160645,0.010615088045597076,0.10589450597763062,0.1161593422293663
162,20,0.6122393030673265,0.9530569911003113,1.1497182846069336,0.010476933792233467,0.07613198459148407,0.10507532954216003
162,21,0.5804452272132039,0.953235924243927,1.1495107412338257,0.010293004103004932,0.055112577974796295,0.09449031203985214
162,22,0.5661833871155977,0.9530670046806335,1.1485999822616577,0.010393815115094185,0.03472188115119934,0.10073429346084595
162,23,0.5608184218406678,0.9532385468482971,1.1486464738845825,0.010391231626272202,0.04045000299811363,0.08960018306970596
162,24,0.5585496786981822,0.953322172164917,1.1482330560684204,0.009893031790852547,0.03492523729801178,0.0934203639626503
163,0,30.52218894958496,0.9554615020751953,4.835197925567627,20.32415199279785,6.985980033874512,2.053925037384033
163,1,25.95379637479782,0.9542059302330017,3.9873456954956055,20.617109298706055,3.7317566871643066,0.6166200637817383
163,2,22.059841072559358,0.9544128179550171,3.2997326850891113,19.878875732421875,0.7362805604934692,0.5938556790351868
163,3,23.887233203649522,0.9521119594573975,2.7446186542510986,21.661550521850586,1.1193569898605347,0.36697956919670105
163,4,1.3224612183868887,0.9521992206573486,1.9625052213668823,0.04199640825390816,0.4583539366722107,0.23916998505592346
163,5,1.0545549169182777,0.9521713852882385,1.70454740524292,0.03230435401201248,0.26392456889152527,0.2269822359085083
163,6,1.21687318906188,0.9529003500938416,1.5137858390808105,0.013854321092367172,0.28090086579322815,0.42878076434135437
163,7,1.170973685197532,0.9522713422775269,1.2803691625595093,0.010417851619422436,0.29471829533576965,0.41930943727493286
163,8,1.2556041494011878,0.952220618724823,1.218074917793274,0.011093653738498688,0.30407625436782837,0.5063751339912415
163,9,1.183476647362113,0.9524282813072205,1.1797922849655151,0.010475551709532738,0.23182742297649384,0.5147295594215393
163,10,1.0084261102601886,0.9523268938064575,1.1467496156692505,0.011189545504748821,0.23678769171237946,0.3406335711479187
163,11,0.9626306036487222,0.9528859257698059,1.1412475109100342,0.010537893511354923,0.2334141880273819,0.29985183477401733
163,12,0.9459812212735415,0.9527214169502258,1.1399973630905151,0.0094053465873003,0.14366336166858673,0.3743687570095062
163,13,0.8555829651653767,0.9535948038101196,1.142754316329956,0.011202435940504074,0.10473106056451797,0.3203796446323395
163,14,0.7923733461648226,0.9535707831382751,1.1433817148208618,0.011125819757580757,0.08159363269805908,0.28026339411735535
163,15,0.8387316500768065,0.9531310796737671,1.145145297050476,0.010699807666242123,0.06543835252523422,0.34293821454048157
163,16,0.7190006906166673,0.953203558921814,1.1472522020339966,0.009809848852455616,0.044359754770994186,0.24473993480205536
163,17,0.7342625049874186,0.9531953930854797,1.1466233730316162,0.009678359143435955,0.04056299477815628,0.2640573978424072
163,18,0.7174101645126939,0.9535270929336548,1.1469395160675049,0.00997136253863573,0.04584556445479393,0.2414999157190323
163,19,0.6794144818559289,0.9533050656318665,1.146274209022522,0.009803169406950474,0.030220218002796173,0.21947523951530457
163,20,0.6741690868511796,0.9533087611198425,1.1460624933242798,0.010639556683599949,0.031111940741539,0.2125433385372162
163,21,0.6660552693530917,0.9534108638763428,1.1468682289123535,0.010824435390532017,0.028669150546193123,0.20650586485862732
163,22,0.6617001570761204,0.9542946815490723,1.1466916799545288,0.01104816049337387,0.027396690100431442,0.20305803418159485
163,23,0.676031175814569,0.9538928270339966,1.147301197052002,0.010748242028057575,0.02522088773548603,0.21982324123382568
163,24,0.717695357464254,0.9539309144020081,1.146783471107483,0.010809729807078838,0.021735642105340958,0.2650071084499359
164,0,34.09472398757934,0.9554615020751953,4.835197925567627,23.631460189819336,7.296873092651367,2.008258819580078
164,1,27.5913528829813,0.9521713852882385,3.988201856613159,22.795019149780273,3.5670218467712402,0.24123723804950714
164,2,10.427560552954674,0.9521721005439758,3.2933859825134277,7.983048915863037,1.4513217210769653,0.1440782994031906
164,3,11.438458120822906,0.955941379070282,2.7370493412017822,8.486124992370605,1.306304693222046,0.9074302911758423
164,4,1.7800432534888389,0.9611582159996033,1.9414604902267456,0.0111272307112813,0.5524322390556335,0.635960042476654
164,5,1.6044620832428338,0.9610514044761658,1.6733893156051636,0.011713488958775997,0.6336146593093872,0.43224579095840454
164,6,1.3159435672685504,0.9552130699157715,1.4800666570663452,0.010056416504085064,0.5399109125137329,0.2789202928543091
164,7,1.595483916066587,0.9566556215286255,1.252312421798706,0.010024129413068295,0.8459116220474243,0.29775455594062805
164,8,1.0098237030208113,0.9558592438697815,1.1967196464538574,0.010549645870923996,0.30506932735443115,0.26368895173072815
164,9,1.0159942610189319,0.9558644890785217,1.1650502681732178,0.010424266569316387,0.31762781739234924,0.26375922560691833
164,10,0.9716426311060786,0.9541539549827576,1.1408178806304932,0.01062812190502882,0.19438409805297852,0.34763604402542114
164,11,0.920083549618721,0.9535378813743591,1.1400705575942993,0.010030284523963928,0.20588713884353638,0.285444438457489
164,12,0.8737588327378034,0.9535602331161499,1.1408942937850952,0.011656342074275017,0.21170486509799957,0.23150672018527985
164,13,0.8299502914771438,0.9538718461990356,1.1474252939224243,0.01060671266168356,0.1355201005935669,0.2635640501976013
164,14,0.6366768309846521,0.9537551999092102,1.1490228176116943,0.009616979397833347,0.1481170952320099,0.0583871528506279
164,15,0.5863082157447934,0.9530909657478333,1.149472713470459,0.010128769092261791,0.1266479194164276,0.029018791392445564
164,16,0.6128391299396754,0.9547334909439087,1.1513152122497559,0.01113315299153328,0.15663175284862518,0.02386448346078396
164,17,0.5558452539145946,0.9546633362770081,1.153732419013977,0.00940709002315998,0.1015768051147461,0.023182207718491554
164,18,0.5478056959807873,0.9545527100563049,1.1541379690170288,0.010836564004421234,0.09208004921674728,0.02315094694495201
164,19,0.5390052804723382,0.954463541507721,1.1530616283416748,0.009896703995764256,0.08710914105176926,0.020494401454925537
164,20,0.5146269544959068,0.9545557498931885,1.1509530544281006,0.009889103472232819,0.06657737493515015,0.017058715224266052
164,21,0.5240960150957108,0.9548207521438599,1.152549386024475,0.009792346507310867,0.07330313324928284,0.019526507705450058
164,22,0.5197660181671381,0.9542536735534668,1.1530952453613281,0.009366512298583984,0.07205644994974136,0.016873272135853767
164,23,0.5075992766767741,0.954330563545227,1.14910089969635,0.00945330411195755,0.06104492396116257,0.016414755955338478
164,24,0.5074882304295898,0.9542979598045349,1.1500999927520752,0.010066377930343151,0.059016644954681396,0.01752561703324318
165,0,32.62137734889984,0.9580587148666382,1.152287244796753,23.60956573486328,6.553735256195068,2.0360071659088135
165,1,26.21015751361847,0.9620604515075684,1.153165340423584,21.642520904541016,3.540330410003662,0.604261040687561
165,2,24.547023767232893,0.9587645530700684,1.1477757692337036,20.809581756591797,2.910641670227051,0.40549227595329285
165,3,25.413987982273103,0.955210268497467,1.1465919017791748,23.25529670715332,1.39698326587677,0.3413475751876831
165,4,0.8535286769270898,0.9553273916244507,1.1494406461715698,0.11085278540849686,0.11594784259796143,0.2057744413614273
165,5,0.7300212189555169,0.9546883702278137,1.1466912031173706,0.0605321042239666,0.05633523687720299,0.19287796318531036
165,6,0.7501526594161987,0.9539117217063904,1.145022988319397,0.05423637852072716,0.037449661642313004,0.2386796772480011
165,7,0.7180008213967085,0.953590452671051,1.1451205015182495,0.0172466691583395,0.06598524004220963,0.21502672135829926
165,8,0.6742765840142966,0.9537122249603271,1.1430470943450928,0.01265273429453373,0.05297202989459038,0.18929995596408844
165,9,0.7130688684061169,0.9534819722175598,1.1434143781661987,0.013979804702103138,0.045768193900585175,0.23394159972667694
165,10,0.5146102545782925,0.9542272090911865,1.142681360244751,0.012814379297196865,0.03894118592143059,0.04347297549247742
165,11,0.5245198892429471,0.9546584486961365,1.1427161693572998,0.011245113797485828,0.03498333692550659,0.058816514909267426
165,12,0.5184847313910723,0.9559654593467712,1.1425334215164185,0.010257603600621223,0.039739806205034256,0.048787545412778854
165,13,0.6199238125234843,0.9583837389945984,1.1428438425064087,0.010575084015727043,0.035133179277181625,0.15397003293037415
165,14,0.6148532001301646,0.9583666920661926,1.1426891088485718,0.010171457193791866,0.038292113691568375,0.1461784690618515
165,15,0.5829676318913699,0.9592395424842834,1.142878770828247,0.010374857112765312,0.03647027537226677,0.11569883674383163
165,16,0.5782414820045233,0.9583389163017273,1.1425881385803223,0.011371823027729988,0.03225138410925865,0.11443286389112473
166,0,29.07196377515793,0.9554615020751953,4.835197925567627,20.821016311645508,6.2721052169799805,0.8207103610038757
166,1,22.337080311775207,0.9554615020751953,3.9885635375976562,15.529420852661133,5.4095683097839355,0.40928614139556885
166,2,19.67136097252369,0.9529064893722534,3.2943615913391113,16.245479583740234,2.3835816383361816,0.1928461343050003
166,3,18.440224346518516,0.9523639678955078,2.7335047721862793,15.92318058013916,1.6499738693237305,0.1298961490392685
166,4,1.8364854285493493,0.9546283483505249,1.9478839635849,0.014842943288385868,1.0998671054840088,0.1412729173898697
166,5,1.266971587948501,0.952116847038269,1.6851041316986084,0.01171168964356184,0.5946431159973145,0.13317258656024933
166,6,1.1747767858207225,0.9524092674255371,1.4990806579589844,0.012155886739492416,0.5339547395706177,0.1383681744337082
166,7,1.0311392081901432,0.9530372023582458,1.2706302404403687,0.013053345493972301,0.4568102955818176,0.11654207855463028
166,8,0.9873403424397111,0.9530435800552368,1.2127981185913086,0.011503019370138645,0.37904489040374756,0.1636240929365158
166,9,0.9098735459148884,0.9540876150131226,1.1766399145126343,0.010937679558992386,0.3217792809009552,0.15101107954978943
166,10,0.863567477837205,0.9555615186691284,1.1448713541030884,0.013345325365662575,0.2695937752723694,0.16054180264472961
166,11,0.8145374244078994,0.955561637878418,1.1408944129943848,0.011409214697778225,0.22401337325572968,0.15982362627983093
166,12,0.6379748951643706,0.9558767080307007,1.1399991512298584,0.011040790006518364,0.09784643352031708,0.10991249978542328
166,13,0.6530767500400543,0.955357551574707,1.1408356428146362,0.013209685683250427,0.0771302729845047,0.14349815249443054
166,14,0.6956543855369091,0.9553848505020142,1.1416064500808716,0.013618286699056625,0.16939777135849,0.09324006736278534
166,15,0.6819314958527685,0.9564105868339539,1.1425621509552002,0.01446929294615984,0.12098333239555359,0.12668432295322418
166,16,0.6099233662709594,0.9565697312355042,1.1426302194595337,0.013867667876183987,0.0844585970044136,0.09175711125135422
166,17,0.6334824750199914,0.9571999311447144,1.1436387300491333,0.013739698566496372,0.1003938689827919,0.0991811752319336
166,18,0.6376562042161822,0.9571409821510315,1.1420053243637085,0.013469669036567211,0.08888262510299683,0.1154746487736702
166,19,0.6147227196022869,0.9574887156486511,1.1434956789016724,0.014708231203258038,0.08046398311853409,0.09935362637042999
166,20,0.619855290837586,0.9578648209571838,1.143858551979065,0.012436461634933949,0.0704643651843071,0.11660978943109512
166,21,0.6326626021414995,0.9578489065170288,1.1445599794387817,0.011760817840695381,0.10014631599187851,0.10027369111776352
166,22,0.5914061455056072,0.9562394618988037,1.145505428314209,0.010240922681987286,0.06502412259578705,0.09579212218523026
166,23,0.6145915200933814,0.9567195773124695,1.144545078277588,0.011584608815610409,0.06680389493703842,0.1159500852227211
166,24,0.6087575260549785,0.9566741585731506,1.1446341276168823,0.010322162881493568,0.06747566163539886,0.11069804430007935
167,0,32.58645658493042,0.9554615020751953,4.835197925567627,23.18787956237793,5.713842868804932,2.526602268218994
167,1,29.29922852218151,0.956558883190155,3.9877190589904785,23.47879409790039,4.631494045257568,0.20008479058742523
167,2,25.14407026171684,0.9538914561271667,3.292398691177368,23.029813766479492,1.1270359754562378,0.1379624903202057
167,3,14.229627645015716,0.9539063572883606,2.7423417568206787,12.207712173461914,1.1399986743927002,0.14266717433929443
167,4,2.602423269674182,0.9536393880844116,1.971179485321045,0.011445758864283562,1.7892428636550903,0.21677087247371674
167,5,1.568545662239194,0.955558717250824,1.7094134092330933,0.009594039991497993,0.8291093111038208,0.19684788584709167
167,6,1.0639544431120158,0.9556002020835876,1.5176881551742554,0.010730022564530373,0.3791278004646301,0.17943894863128662
167,7,0.6929327912628651,0.95281982421875,1.289774775505066,0.010731067508459091,0.07119540125131607,0.16248740255832672
167,8,0.7209796942770481,0.9524862170219421,1.2263416051864624,0.011158693581819534,0.08876331150531769,0.18529212474822998
167,9,0.730547608435154,0.9524983167648315,1.1869527101516724,0.00981227308511734,0.09271997213363647,0.20012515783309937
167,10,0.7304662255570293,0.9528334140777588,1.1480931043624878,0.011025230400264263,0.09003902226686478,0.2092166692018509
167,11,0.7370349073782563,0.9531704187393188,1.1421382427215576,0.011577741242945194,0.05476819723844528,0.25162723660469055
167,12,0.6921907981857658,0.9531518220901489,1.1401015520095825,0.011597047559916973,0.049761150032281876,0.2121819257736206
167,13,0.699103493615985,0.9535407423973083,1.1408647298812866,0.009563775733113289,0.04873768612742424,0.2219209372997284
168,0,29.37342027425766,0.9572520852088928,1.1460833549499512,21.463420867919922,6.045032978057861,1.444299340248108
168,1,27.603222803771494,0.9523717164993286,1.1656222343444824,22.6572322845459,4.453550338745117,0.06884139031171799
168,2,25.29125657379627,0.9525074362754822,1.1544440984725952,21.87383460998535,2.950664520263672,0.04536713659763336
168,3,27.623776653409003,0.9525070190429688,1.1520544290542603,22.215885162353516,4.941012382507324,0.04596681892871857
168,4,0.6750731971114874,0.9523596167564392,1.1443324089050293,0.03138729929924011,0.2031867802143097,0.021160712465643883
168,5,0.623129827901721,0.9536405205726624,1.1432952880859375,0.016826065257191658,0.16822856664657593,0.018688034266233444
168,6,0.6211536806076765,0.9536124467849731,1.1420159339904785,0.016285737976431847,0.15615791082382202,0.029584355652332306
168,7,0.8201782766729593,0.9546235203742981,1.1409870386123657,0.014313952997326851,0.269582599401474,0.11715961247682571
168,8,0.6606804262846708,0.9548139572143555,1.1427122354507446,0.014177529141306877,0.09084175527095795,0.136155903339386
168,9,0.6439375964924693,0.9563961625099182,1.1431281566619873,0.015280312858521938,0.05103161558508873,0.15772080421447754
168,10,0.6011851750314237,0.9577279686927795,1.1415752172470093,0.016798309981822968,0.04395889863371849,0.12056732922792435
168,11,0.6602961398661137,0.958344578742981,1.1420856714248657,0.01607019454240799,0.03382500633597374,0.1903148889541626
168,12,0.7056118933483959,0.9572920799255371,1.1428202390670776,0.015022252686321735,0.030937133356928825,0.23963004350662231
168,13,0.7041217098012567,0.9574540853500366,1.1427340507507324,0.014010339044034481,0.028276192024350166,0.2417975515127182
168,14,0.6922946341335774,0.9575057625770569,1.142823576927185,0.016186080873012543,0.027702417224645615,0.2283402681350708
168,15,0.637981827557087,0.957501232624054,1.1425461769104004,0.01596357487142086,0.029417293146252632,0.17259147763252258
168,16,0.7080955527722836,0.9579899311065674,1.1424490213394165,0.011780664324760437,0.03689001128077507,0.23933708667755127
169,0,29.831208276748658,0.9554615020751953,4.835197925567627,20.915428161621094,5.628769874572754,2.128878355026245
169,1,27.757751655578613,0.9544973373413086,3.988246202468872,21.745223999023438,3.7019474506378174,1.3220314979553223
169,2,26.4767609000206,0.9525162577629089,3.301589012145996,22.536014556884766,2.4228122234344482,0.6671130657196045
169,3,22.758877789974214,0.9525115489959717,2.7487740516662598,18.64291763305664,2.72418212890625,0.6515209078788757
169,4,1.5330872699618339,0.9530138969421387,1.95391845703125,0.10020794719457626,0.39447343349456787,0.4570194184780121
169,5,1.434220915287733,0.9533664584159851,1.6945267915725708,0.062345992773771286,0.35260725021362305,0.48968902230262756
169,6,1.1477936670184135,0.954681396484375,1.502227544784546,0.03911712020635605,0.3363592326641083,0.28093552589416504
169,7,1.101170353591442,0.9556746482849121,1.278078556060791,0.03474938124418259,0.36455845832824707,0.2551118731498718
169,8,1.01600658968091,0.9554632306098938,1.2190781831741333,0.030139286071062088,0.29769644141197205,0.25326257944107056
169,9,0.7386196777224541,0.9546273946762085,1.1813032627105713,0.02966436743736267,0.08783448487520218,0.19393469393253326
169,10,0.7791817136108876,0.9558371305465698,1.14883553981781,0.011144030839204788,0.13489578664302826,0.2122073620557785
169,11,0.7198031309992076,0.9564825296401978,1.1423845291137695,0.012178244069218636,0.07012728601694107,0.21772418916225433
169,12,0.7584171382710339,0.9570058584213257,1.1401339769363403,0.010989504866302013,0.05289711058139801,0.27510255575180054
169,13,0.7043243948370219,0.9576120376586914,1.1406060457229614,0.009855063632130623,0.05891052633523941,0.21591518819332123
169,14,0.728125923871994,0.9575656652450562,1.1414084434509277,0.010171789675951004,0.05037861689925194,0.2477806955575943
169,15,0.6681288791820408,0.9564141631126404,1.1419556140899658,0.010973724536597729,0.044774822890758514,0.1927063763141632
169,16,0.6426600759848953,0.9576146602630615,1.143439769744873,0.011659490875899792,0.037427518516778946,0.17336218059062958
169,17,0.63974770847708,0.9575324654579163,1.145494818687439,0.010582261718809605,0.03260795772075653,0.1759520322084427
169,18,0.6325890384614468,0.956993043422699,1.143805742263794,0.010467493906617165,0.025826426222920418,0.1761353611946106
169,19,0.5729588696733118,0.9572250843048096,1.1434205770492554,0.010212005116045475,0.02833716571331024,0.114280566573143
169,20,0.6357345888391137,0.9572227597236633,1.1422486305236816,0.010313049890100956,0.031745582818984985,0.17378167808055878
169,21,0.6446633385494351,0.9578031897544861,1.1424305438995361,0.01011767890304327,0.028186118230223656,0.18631279468536377
169,22,0.6366930944845081,0.9579453468322754,1.1425755023956299,0.010535224340856075,0.02280522510409355,0.18324847519397736
169,23,0.6406275335699321,0.9576294422149658,1.1428112983703613,0.010464426130056381,0.025546429678797722,0.18452852964401245
169,24,0.6517450284212828,0.9576413631439209,1.142744779586792,0.009780576452612877,0.02377573400735855,0.19811148941516876
170,0,32.4767725944519,0.9554615020751953,4.835197925567627,22.693357467651367,6.8973517417907715,1.7279314994812012
170,1,26.67924768924713,0.9521503448486328,3.987964630126953,21.43995475769043,3.4609858989715576,0.7902840375900269
170,2,23.470129668712616,0.9521524906158447,3.3024401664733887,20.68503761291504,1.0065836906433105,0.9275898337364197
170,3,21.76492657661438,0.9543054103851318,2.748488426208496,19.581918716430664,0.8853991627693176,0.5570499300956726
170,4,1.862451983243227,0.9616788625717163,1.975730538368225,0.04745398834347725,0.6300265789031982,0.5974895358085632
170,5,1.4542965851724148,0.9616674184799194,1.7175101041793823,0.03837453946471214,0.5270205736160278,0.35306596755981445
170,6,1.4040304582566023,0.9597021341323853,1.5291341543197632,0.023594019934535027,0.3622022569179535,0.5204669237136841
170,7,1.19234514888376,0.9573972225189209,1.2884116172790527,0.013567871414124966,0.35230210423469543,0.37731340527534485
170,8,1.1785918273031712,0.9572474360466003,1.2223080396652222,0.016020480543375015,0.38092315196990967,0.345737099647522
170,9,1.530977103486657,0.9572529792785645,1.1827088594436646,0.01090560294687748,0.6972140073776245,0.39486512541770935
170,10,0.8383036606013775,0.9584739804267883,1.1501706838607788,0.0113413967192173,0.3211509585380554,0.08408237248659134
170,11,0.8240463998168708,0.9585274457931519,1.1431852579116821,0.011154508218169212,0.27478134632110596,0.11776800453662872
170,12,0.74354856479913,0.9591343998908997,1.1402168273925781,0.00958129484206438,0.20854555070400238,0.10555147379636765
170,13,0.6787774719297887,0.9578905701637268,1.140355110168457,0.010248851031064987,0.1263948231935501,0.12248466163873672
170,14,0.6507640954107046,0.9563961625099182,1.1410865783691406,0.010189039632678032,0.11200514435768127,0.10907336324453354
170,15,0.6252450656145812,0.9564553499221802,1.142388939857483,0.00927000306546688,0.0968232974410057,0.0993829071521759
170,16,0.5828945985063911,0.9565820693969727,1.1428537368774414,0.009872461669147015,0.0478811152279377,0.10525386035442352
170,17,0.5765950774773956,0.9565492272377014,1.1432955265045166,0.009533490054309368,0.045026157051324844,0.10206647962331772
170,18,0.5582872560247779,0.955735981464386,1.1452810764312744,0.01082256343215704,0.03421039879322052,0.09305088222026825
170,19,0.5429312583059073,0.9553503394126892,1.144429326057434,0.010038388893008232,0.03390936553478241,0.07902757078409195
170,20,0.5616596436128021,0.9558359384536743,1.1431466341018677,0.010174180381000042,0.040798235684633255,0.09089071303606033
170,21,0.5645851340144873,0.9555736780166626,1.144270658493042,0.01034739799797535,0.028240572661161423,0.10602829605340958
170,22,0.5477785257622599,0.9550386667251587,1.1431394815444946,0.01117600779980421,0.032122835516929626,0.08484405279159546
170,23,0.5605965973809361,0.9551190733909607,1.1443785429000854,0.010202002711594105,0.025950118899345398,0.10454495251178741
170,24,0.5477390298619866,0.9547784328460693,1.1438391208648682,0.009389114566147327,0.03161696717143059,0.08700943738222122
171,0,33.978972625732425,0.9608050584793091,1.1427522897720337,24.79165267944336,6.675662994384766,2.0909454822540283
171,1,33.41309280991554,0.9541727304458618,1.1426193714141846,27.269245147705078,5.420340061187744,0.30414918065071106
171,2,29.47980704307556,0.9520679712295532,1.1411834955215454,25.974502563476562,2.0398054122924805,1.0468487739562988
171,3,29.687266623973848,0.9554104208946228,1.1423823833465576,25.075868606567383,2.6290745735168457,1.5627648830413818
171,4,2.450187380798161,0.9572960138320923,1.1420420408248901,0.011295665986835957,0.13569793105125427,1.8833261728286743
171,5,2.18000659532845,0.9573689699172974,1.1430307626724243,0.011073367670178413,0.1498754769563675,1.59897780418396
171,6,0.770638744533062,0.9576629400253296,1.1436841487884521,0.011113844811916351,0.08819580078125,0.2510596811771393
171,7,0.784081762097776,0.9567474722862244,1.1439599990844727,0.010838246904313564,0.09874274581670761,0.25435927510261536
171,8,0.8452897438779474,0.9561361074447632,1.1445996761322021,0.010254734195768833,0.08776218444108963,0.3271256685256958
171,9,0.7842316998168827,0.9568639993667603,1.1448944807052612,0.010944481007754803,0.0740223228931427,0.2789131999015808
171,10,0.9418696101754904,0.9553090333938599,1.145366907119751,0.011555599048733711,0.0485798604786396,0.4615989625453949
171,11,0.9299105381593109,0.9564835429191589,1.1452205181121826,0.012901115231215954,0.051757726818323135,0.4449108839035034
171,12,0.8736749701201916,0.9577673673629761,1.1459523439407349,0.011344369500875473,0.035741791129112244,0.40584486722946167
172,0,32.793289709091184,0.9554615020751953,4.835197925567627,22.465194702148438,6.3178391456604,2.852123975753784
172,1,28.781796634197235,0.9596860408782959,3.9881527423858643,20.769861221313477,6.037621021270752,0.9847466349601746
172,2,22.265416312217713,0.9596826434135437,3.3033857345581055,15.99638843536377,4.602451324462891,0.8139628767967224
172,3,20.200041246414184,0.9529209136962891,2.739077568054199,16.588491439819336,2.097613573074341,0.7755365371704102
172,4,0.9544344251975417,0.9521599411964417,1.9508119821548462,0.0111268674954772,0.2654539942741394,0.09725917875766754
172,5,1.0091051505878568,0.9521494507789612,1.6904633045196533,0.011505459435284138,0.3222441077232361,0.14683303236961365
172,6,0.972053985670209,0.9520854353904724,1.5004887580871582,0.010464387014508247,0.27400198578834534,0.19707277417182922
172,7,0.8772505341097713,0.9521753191947937,1.2705442905426025,0.011384162120521069,0.21719440817832947,0.20412804186344147
172,8,0.9266953898593784,0.952173113822937,1.2111687660217285,0.01203079055994749,0.32133814692497253,0.1606580764055252
172,9,0.8410512976348401,0.9526712894439697,1.1725924015045166,0.01116039976477623,0.2361108362674713,0.1687273234128952
172,10,0.8336925087496638,0.9537486433982849,1.1443369388580322,0.01157598476856947,0.1993514895439148,0.20314791798591614
172,11,0.9298719674348832,0.9542450904846191,1.141014814376831,0.011790633201599121,0.2330605834722519,0.26596876978874207
172,12,0.9010952159762382,0.9542397260665894,1.1399942636489868,0.01347380131483078,0.22436672449111938,0.24440789222717285
172,13,0.9951951682567597,0.9531915187835693,1.1420055627822876,0.01315927505493164,0.26828140020370483,0.2947150766849518
172,14,0.8944761127233506,0.9535455107688904,1.1433024406433105,0.017794832587242126,0.23852574825286865,0.21878594160079956
172,15,0.9477484088391066,0.9535479545593262,1.1435236930847168,0.017574219033122063,0.23681092262268066,0.27394893765449524
172,16,0.9268894378095865,0.9533158540725708,1.1431536674499512,0.016915151849389076,0.2577539384365082,0.23292644321918488
173,0,29.338387060165406,0.9554615020751953,4.835197925567627,20.387290954589844,6.049137115478516,1.7438271045684814
173,1,28.76122146844864,1.0072203874588013,3.987997531890869,23.351465225219727,3.774890661239624,0.6358219981193542
173,2,13.141069322824478,1.0252702236175537,3.3055543899536133,9.124283790588379,2.736438751220703,0.4141818583011627
173,3,12.431016206741333,0.9681143760681152,2.750922203063965,8.912681579589844,2.059561014175415,0.7149662971496582
173,4,1.2784978037700057,0.9656710028648376,1.9722354412078857,0.013410619460046291,0.24489395320415497,0.43261194229125977
173,5,1.2617894859984518,0.9632269740104675,1.7024095058441162,0.011866522021591663,0.2409440129995346,0.4758516550064087
173,6,1.2974072106182575,0.9633395671844482,1.5189480781555176,0.01131792739033699,0.30097973346710205,0.4886520206928253
173,7,1.0553510393947363,0.9636862874031067,1.2861711978912354,0.009876197203993797,0.180630162358284,0.4148731827735901
173,8,1.0445068567991256,0.9627285599708557,1.2244547605514526,0.011958152055740356,0.15436266362667084,0.4407493770122528
173,9,0.9656353373080492,0.9626953601837158,1.1880803108215332,0.010759258642792702,0.12454918771982193,0.40017175674438477
173,10,1.050742633268237,0.9609431028366089,1.1492891311645508,0.009227601811289787,0.10834713280200958,0.5111214518547058
173,11,1.0028303051367402,0.9599586129188538,1.1422230005264282,0.009738625027239323,0.08327845484018326,0.48937690258026123
173,12,0.9172282747924327,0.9599056839942932,1.1402461528778076,0.01036887988448143,0.08961467444896698,0.3972143530845642
173,13,0.8668126257136465,0.9585572481155396,1.1409863233566284,0.01049730647355318,0.08231755346059799,0.35408905148506165
173,14,1.0226446753367782,0.9580704569816589,1.1418825387954712,0.0095060458406806,0.11295045167207718,0.48019757866859436
173,15,0.9669474169611931,0.9579130411148071,1.1425977945327759,0.00996541976928711,0.10388161987066269,0.4329982101917267
173,16,0.8575410418212415,0.9589319825172424,1.1436119079589844,0.0103146992623806,0.05142267048358917,0.37529489398002625
173,17,0.8163514252752067,0.9576933979988098,1.1445626020431519,0.010981248691678047,0.047748345881700516,0.33717063069343567
173,18,0.8640301896259188,0.9583050608634949,1.146301031112671,0.009315776638686657,0.046289362013339996,0.38750383257865906
173,19,0.8885751368477941,0.957351565361023,1.1458957195281982,0.0095504866912961,0.10665721446275711,0.3517179787158966
173,20,0.8693754196166992,0.9573119878768921,1.1458704471588135,0.010487787425518036,0.03937608748674393,0.39887505769729614
173,21,0.7875537656247615,0.9568074941635132,1.1464977264404297,0.008556272834539413,0.04206851124763489,0.3162679374217987
173,22,0.7556148689240217,0.9573054909706116,1.1472657918930054,0.009493065997958183,0.05320833623409271,0.27199921011924744
173,23,0.796132655069232,0.9572697877883911,1.1487622261047363,0.010753074660897255,0.023450467735528946,0.3407227098941803
173,24,0.8052806381136179,0.9566918611526489,1.148496150970459,0.010485975071787834,0.03515785560011864,0.33859920501708984
174,0,31.343863594532014,0.9541493058204651,1.1494112014770508,21.365018844604492,6.86793851852417,2.6901941299438477
174,1,30.440441858768462,0.9541493058204651,1.1599947214126587,22.334562301635742,7.033859729766846,0.6491910219192505
174,2,27.12075513601303,0.9554350972175598,1.1525830030441284,23.323287963867188,2.463487386703491,0.9123761653900146
174,3,23.400899744033815,0.9559376239776611,1.152614712715149,21.109914779663086,1.228546142578125,0.6407283544540405
174,4,1.576058117300272,0.9535707235336304,1.1509990692138672,0.01677197590470314,0.5468446016311646,0.5915275812149048
174,5,1.4050459850579502,0.9554391503334045,1.1494858264923096,0.01806803233921528,0.27585771679878235,0.6901352405548096
174,6,1.3459181506186724,0.9554031491279602,1.1520540714263916,0.015912087634205818,0.16645586490631104,0.7420587539672852
174,7,0.7192297790199518,0.9557650089263916,1.1488187313079834,0.026863472536206245,0.14931629598140717,0.12213326245546341
174,8,0.7267554573714733,0.9557801485061646,1.149876594543457,0.03487621620297432,0.1631937325000763,0.10755416005849838
174,9,0.8054432399570942,0.9557801485061646,1.1510003805160522,0.03411116078495979,0.23154056072235107,0.11843541264533997
174,10,0.7938374787569047,0.9574226140975952,1.1524815559387207,0.023592345416545868,0.2610248029232025,0.08723949640989304
174,11,0.6504874091595412,0.957385241985321,1.1519896984100342,0.024472398683428764,0.07458111643791199,0.12955890595912933
174,12,0.5846251148730517,0.9569034576416016,1.1528526544570923,0.020678548142313957,0.06206147000193596,0.07993387430906296
174,13,0.705875251069665,0.9551100134849548,1.1510539054870605,0.01693440042436123,0.054867375642061234,0.21284069120883942
174,14,0.720593799650669,0.9546424746513367,1.1508272886276245,0.016776546835899353,0.0636228695511818,0.21910043060779572
174,15,0.7595218997448683,0.9542124271392822,1.1507679224014282,0.01631280593574047,0.0555473268032074,0.2666656970977783
174,16,0.8580545866861939,0.9548381567001343,1.1513718366622925,0.012576230801641941,0.057713091373443604,0.36652326583862305
174,17,0.717424212768674,0.9549914002418518,1.1497201919555664,0.010656187310814857,0.0695464089512825,0.2162792980670929
174,18,0.7568444877862931,0.9549961686134338,1.149742841720581,0.010642953217029572,0.06188149005174637,0.2633722424507141
175,0,32.47170238494873,0.9554615020751953,4.835197925567627,22.64657211303711,6.445756435394287,2.2212419509887695
175,1,33.1612047791481,0.9525651335716248,3.9874634742736816,24.936752319335938,6.652468681335449,0.5839780569076538
175,2,24.284493389725686,0.9609450101852417,3.3055741786956787,22.219629287719727,1.1634702682495117,0.048089995980262756
175,3,24.725428338348866,0.9610117673873901,2.759749412536621,22.755510330200195,1.1588387489318848,0.06692702323198318
175,4,1.5814719248563052,0.9612169861793518,1.9625344276428223,0.02179616503417492,0.929806649684906,0.04511882737278938
175,5,1.3417595334351065,0.9612347483634949,1.7075221538543701,0.01944402977824211,0.742276668548584,0.046287454664707184
175,6,1.2552275758236646,0.9612349271774292,1.5125709772109985,0.017875881865620613,0.6877918243408203,0.05479868873953819
175,7,1.1355749517679214,0.9620746970176697,1.2903690338134766,0.01429998129606247,0.5956420302391052,0.0751441940665245
175,8,0.7228806840255857,0.9601187705993652,1.227874994277954,0.012512651272118092,0.20106813311576843,0.07170114666223526
175,9,0.6948245007544755,0.9587823152542114,1.1859958171844482,0.012211503461003304,0.16953018307685852,0.08412718772888184
175,10,0.6696143608540297,0.9591106176376343,1.1504058837890625,0.013506082817912102,0.16805006563663483,0.06615491211414337
175,11,0.6784478968009353,0.9591004252433777,1.142837643623352,0.010761535726487637,0.17102304100990295,0.07627570629119873
175,12,0.6134068287909031,0.9580243825912476,1.1404813528060913,0.009889136999845505,0.12088675051927567,0.06292979419231415
175,13,0.6164496516808868,0.9574015140533447,1.1401835680007935,0.010928495787084103,0.11628469824790955,0.06971944123506546
175,14,0.578869578614831,0.9578630924224854,1.1404739618301392,0.01067025400698185,0.07768285274505615,0.07084906101226807
175,15,0.5971505541354418,0.957817554473877,1.1409534215927124,0.010084779933094978,0.0909716784954071,0.07633990049362183
175,16,0.5728035083040595,0.9559321999549866,1.143164038658142,0.011275126598775387,0.07823553681373596,0.06347359716892242
175,17,0.5515474079176784,0.9552281498908997,1.1429954767227173,0.010357997380197048,0.05801699683070183,0.06352768838405609
175,18,0.5474529640749097,0.954878568649292,1.142985224723816,0.010890969075262547,0.05291163548827171,0.06407760083675385
175,19,0.5304340969771146,0.9544408917427063,1.1425215005874634,0.00975959561765194,0.04303474351763725,0.05824727937579155
175,20,0.530596436560154,0.9550713896751404,1.1429451704025269,0.00996275246143341,0.041165079921483994,0.05986529216170311
175,21,0.552404367364943,0.955180823802948,1.142573356628418,0.010894210077822208,0.052330322563648224,0.0696289986371994
175,22,0.5528742425143719,0.9554071426391602,1.1428898572921753,0.010940216481685638,0.03874411806464195,0.08353050798177719
175,23,0.5458939533680678,0.9553911685943604,1.1428487300872803,0.010634826496243477,0.03819485381245613,0.07741629332304001
175,24,0.561781986989081,0.9553910493850708,1.1421624422073364,0.010995571501553059,0.0335361547768116,0.0977395623922348
176,0,33.34578065872192,0.9554615020751953,4.835197925567627,24.754718780517578,5.271172523498535,2.161757469177246
176,1,30.247922348976136,0.9533547163009644,3.9871773719787598,24.353368759155273,4.367592811584473,0.5388543605804443
176,2,28.604298162460328,0.9597676396369934,3.3206117153167725,25.216495513916016,2.2659995555877686,0.2657272219657898
176,3,27.580374023318292,0.9549363255500793,2.779412269592285,25.524707794189453,1.154542088508606,0.15425442159175873
176,4,2.4309757102280853,0.9529422521591187,1.9993714094161987,0.018283696845173836,0.2123977094888687,1.6098315715789795
176,5,2.346941288560629,0.9527133107185364,1.7397807836532593,0.015904244035482407,0.24192768335342407,1.5506105422973633
176,6,0.9638678018003702,0.9530976414680481,1.5415300130844116,0.01894097961485386,0.2257218062877655,0.2202794849872589
176,7,0.7137025658041238,0.9536615014076233,1.3025668859481812,0.01776019297540188,0.19442817568778992,0.050268519669771194
176,8,0.7086337136104703,0.9536764025688171,1.2368043661117554,0.015395340509712696,0.20796822011470795,0.04717399924993515
176,9,0.673384852334857,0.9541332125663757,1.1933283805847168,0.01734221540391445,0.18010872602462769,0.046441592276096344
176,10,0.7014363856986165,0.9543231725692749,1.1492096185684204,0.012747061438858509,0.23195640742778778,0.03602635860443115
176,11,0.7890990726649761,0.9542865753173828,1.1426860094070435,0.012841831892728806,0.32113316655158997,0.035729557275772095
176,12,0.7605571212247014,0.95365309715271,1.1401842832565308,0.012808111496269703,0.28533291816711426,0.0436486154794693
176,13,0.7868732059374451,0.9533104300498962,1.1413084268569946,0.011788674630224705,0.3143046498298645,0.04185611009597778
176,14,0.7557155909016728,0.9533169269561768,1.1420187950134277,0.011782736517488956,0.2875603437423706,0.03730536624789238
176,15,0.6110157391056419,0.9531027674674988,1.1430351734161377,0.011164738796651363,0.14756004512310028,0.0330633670091629
176,16,0.5844756240025163,0.9527809619903564,1.1446374654769897,0.010425136424601078,0.09751217812299728,0.05705462396144867
176,17,0.5969083396717907,0.9533827900886536,1.1446013450622559,0.011389958672225475,0.10029726475477219,0.06562428921461105
176,18,0.6043426239863039,0.9533273577690125,1.143709659576416,0.009582784958183765,0.11739885807037354,0.05795357748866081
176,19,0.6035687934607268,0.9532092809677124,1.145583152770996,0.010903401300311089,0.05772542208433151,0.11518148332834244
176,20,0.6378235634416342,0.9533494710922241,1.1444036960601807,0.012254087254405022,0.0684063658118248,0.1376124769449234
176,21,0.6046608434990048,0.9533345699310303,1.1439341306686401,0.014021840877830982,0.044705621898174286,0.1264796406030655
176,22,0.6183010766282677,0.953075647354126,1.1446171998977661,0.011936676688492298,0.044405270367860794,0.14242056012153625
177,0,32.6856884598732,0.9612563252449036,1.1635966300964355,22.874492645263672,6.57071590423584,2.81550931930542
177,1,15.141336458921433,0.9612563252449036,1.225431203842163,7.554600238800049,6.686162948608398,0.4632357656955719
177,2,10.315624928474426,0.9583737850189209,1.1731650829315186,6.401627063751221,2.3978688716888428,1.089821219444275
177,3,9.054625022411347,0.9546305537223816,1.1560825109481812,7.630270481109619,0.6163097023963928,0.3859022259712219
177,4,1.8706076353788377,0.9568002820014954,1.149862289428711,0.13866564631462097,0.15561462938785553,1.1549948453903198
177,5,0.6928819693624974,0.9575196504592896,1.1472575664520264,0.05005647987127304,0.16573922336101532,0.056130822747945786
177,6,0.6853906907141208,0.9575289487838745,1.1468981504440308,0.050847023725509644,0.16972112655639648,0.04393712058663368
177,7,0.6134694937616587,0.955094039440155,1.1466008424758911,0.021964309737086296,0.1224617138504982,0.048704493790864944
177,8,0.5974407460540534,0.9544944167137146,1.1471476554870605,0.02091618813574314,0.11254002898931503,0.0436561144888401
177,9,0.618604376167059,0.9544994831085205,1.1481773853302002,0.010317835956811905,0.13133040070533752,0.056420765817165375
177,10,0.6575759625062347,0.9542585015296936,1.1477620601654053,0.010341300629079342,0.1905127316713333,0.036317817866802216
177,11,0.6611698525026442,0.9548343420028687,1.147240161895752,0.010158234275877476,0.2039794921875,0.026617225259542465
177,12,0.6550188690423966,0.95485520362854,1.1473627090454102,0.010221797972917557,0.19269821047782898,0.03165527805685997
177,13,0.657834235392511,0.9536100625991821,1.1469968557357788,0.01051455270498991,0.1922978013753891,0.034900497645139694
177,14,0.6046796828508377,0.9541217088699341,1.1470613479614258,0.010037388652563095,0.14265377819538116,0.031751904636621475
178,0,34.750835466384885,0.9554615020751953,4.835197925567627,23.673969268798828,7.401716709136963,2.5170176029205322
178,1,31.162621116638185,0.9561980962753296,3.988443374633789,23.109838485717773,6.031363010406494,1.0324913263320923
178,2,28.40937339067459,0.9561968445777893,3.2813351154327393,20.972169876098633,5.739975452423096,0.8497216701507568
178,3,26.17841852903366,0.9523111581802368,2.7213070392608643,23.134042739868164,1.427636981010437,0.8820151686668396
178,4,2.147823379933834,0.9520704746246338,1.9395053386688232,0.04148819297552109,0.6858955025672913,0.8421245217323303
178,5,2.208750604093075,0.9520716667175293,1.6796073913574219,0.030459605157375336,0.6328249573707581,1.0191302299499512
178,6,1.9014551427215338,0.9521587491035461,1.4920566082000732,0.01899205707013607,0.6260617971420288,0.767558217048645
178,7,1.6548756493255496,0.9526371359825134,1.2671488523483276,0.010229255072772503,0.2502719759941101,0.9504172205924988
178,8,1.820079811476171,0.9526277780532837,1.211920976638794,0.010789616964757442,0.25774502754211426,1.1186354160308838
178,9,2.068113193847239,0.9521135091781616,1.174025297164917,0.010686145164072514,0.2686936855316162,1.3635056018829346
178,10,1.7406203327700496,0.9522491693496704,1.143772006034851,0.010803299956023693,0.13987040519714355,1.170742392539978
178,11,1.6656361663714052,0.9527328610420227,1.1404614448547363,0.010718979872763157,0.12773838639259338,1.1085399389266968
178,12,1.7179166581481695,0.9527729153633118,1.1402254104614258,0.009319594129920006,0.1892966628074646,1.1007007360458374
178,13,1.5939493343234061,0.953339695930481,1.1433342695236206,0.009846977889537811,0.12579363584518433,1.0389739274978638
178,14,1.607786019332707,0.9532400965690613,1.1438614130020142,0.010507878847420216,0.11153992265462875,1.0663179159164429
178,15,1.7105344045907258,0.9532409906387329,1.1445499658584595,0.010117607191205025,0.07793399691581726,1.2029246091842651
178,16,1.7071174245327712,0.9533495903015137,1.1456693410873413,0.009051492437720299,0.07929504662752151,1.1989670991897583
178,17,1.6048176642507315,0.9533079862594604,1.1450139284133911,0.009767157956957817,0.0705377385020256,1.1048483848571777
178,18,1.676103919558227,0.9533112049102783,1.14525306224823,0.009984034113585949,0.07290422916412354,1.173502802848816
178,19,2.3005075393244625,0.9537492394447327,1.1434743404388428,0.00939870160073042,0.07009001076221466,1.8015741109848022
179,0,29.223803567886353,0.9554615020751953,4.835197925567627,21.304508209228516,4.887359142303467,1.8738043308258057
179,1,24.70087815374136,0.9649614095687866,3.987457036972046,19.16322898864746,4.4271135330200195,0.12005194276571274
179,2,23.096784983575343,0.9653617143630981,3.3193554878234863,21.064037322998047,1.104038119316101,0.07176610082387924
179,3,19.194359478354453,0.965360701084137,2.75384521484375,17.46695327758789,0.8926201462745667,0.09094487130641937
179,4,1.0765972666442396,0.9586952328681946,1.9711681604385376,0.0538720078766346,0.40645846724510193,0.030294112861156464
179,5,0.9432615332305432,0.9567767381668091,1.7181142568588257,0.043672122061252594,0.3409399688243866,0.023671243339776993
179,6,0.8903642173856497,0.9567859172821045,1.51698899269104,0.031406864523887634,0.3386489152908325,0.02555345557630062
179,7,0.7956227328628303,0.9582195281982422,1.2811667919158936,0.025599902495741844,0.26467442512512207,0.0574711412191391
179,8,0.6950688410550356,0.9558677077293396,1.2166380882263184,0.029805580154061317,0.15388837456703186,0.07687372714281082
179,9,0.7508664827793837,0.9559608697891235,1.177683711051941,0.02833796851336956,0.1697404533624649,0.1260591447353363
179,10,0.9382845129817725,0.9542612433433533,1.1448523998260498,0.023586010560393333,0.1925940066576004,0.30228176712989807
179,11,1.0910381313413382,0.9545771479606628,1.140811562538147,0.026089658960700035,0.1768837720155716,0.46898695826530457
179,12,1.2574831046164037,0.9542591571807861,1.1400256156921387,0.030172724276781082,0.16399632394313812,0.6444571018218994
179,13,0.8004923507571221,0.9544640183448792,1.1424518823623657,0.019728831946849823,0.1308887004852295,0.23049163818359375
179,14,0.7821547497063875,0.9537729620933533,1.144178032875061,0.01945999450981617,0.12647362053394318,0.2166309356689453
180,0,32.78619017601013,0.9574635028839111,1.1472463607788086,23.03759765625,6.626333236694336,2.701317310333252
180,1,23.014893078804015,0.9574635028839111,1.1400389671325684,15.585854530334473,6.286253452301025,0.7232846021652222
180,2,7.1710491418838505,0.9574635028839111,1.1487185955047607,1.773700475692749,4.189211845397949,0.7869004011154175
180,3,4.504617965221405,0.9732142686843872,1.141729474067688,2.097872495651245,1.5827792882919312,0.4009774327278137
180,4,1.508315271139145,0.9535641670227051,1.1415067911148071,0.022021114826202393,0.8070175051689148,0.26026245951652527
180,5,1.184267320856452,0.9537456035614014,1.1410640478134155,0.01311240904033184,0.7074652910232544,0.044727690517902374
180,6,1.0175234444439412,0.9550634622573853,1.1410658359527588,0.012311268597841263,0.5123130679130554,0.07367324829101562
180,7,0.7880523100495339,0.9566099643707275,1.1405845880508423,0.016468502581119537,0.2708907723426819,0.08125412464141846
180,8,0.7898776076734066,0.9586423635482788,1.1402561664581299,0.020360533148050308,0.2310764491558075,0.11866091936826706
180,9,0.8262745432555676,0.9586647152900696,1.1401548385620117,0.020857181400060654,0.26261022686958313,0.12304322421550751
180,10,1.17254246622324,0.9576727747917175,1.1403471231460571,0.019566364586353302,0.5854321122169495,0.1479400098323822
180,11,0.9753315094858408,0.9560806751251221,1.1408601999282837,0.02636844851076603,0.33393916487693787,0.19563572108745575
180,12,0.9106401599943638,0.9561114311218262,1.1409211158752441,0.027940969914197922,0.3777189254760742,0.08557375520467758
180,13,1.010076517239213,0.9550708532333374,1.1407744884490967,0.029175380244851112,0.41042643785476685,0.15130563080310822
181,0,34.62607841491699,0.9554615020751953,4.835197925567627,24.968786239624023,6.853437423706055,1.6457228660583496
181,1,27.8477601185441,0.9648217558860779,3.9884872436523438,23.429929733276367,3.3102951049804688,0.11687348037958145
181,2,23.663498240709306,0.9647952318191528,3.310885190963745,21.57413101196289,0.9483868479728699,0.2858442962169647
181,3,21.506299364566804,0.9591194987297058,2.74750018119812,19.354305267333984,1.0831044912338257,0.32756567001342773
181,4,1.6751138415187596,0.9564142823219299,1.9630824327468872,0.02927531860768795,0.6058695912361145,0.45606958866119385
181,5,1.5356606326997282,0.9578492045402527,1.7053388357162476,0.017654981464147568,0.5673098564147949,0.4180581867694855
181,6,1.4423055691644548,0.95789635181427,1.5150808095932007,0.013360212557017803,0.5021945834159851,0.4321553409099579
181,7,1.169003658182919,0.9618369340896606,1.2806199789047241,0.013084148056805134,0.2858925759792328,0.42153555154800415
181,8,1.2540938353165985,0.960651159286499,1.2173492908477783,0.012589029036462307,0.34683606028556824,0.4590686559677124
181,9,1.1986742690205574,0.9606525897979736,1.1792685985565186,0.012023396790027618,0.26265740394592285,0.4960092306137085
181,10,1.1706956837326288,0.9597370028495789,1.1462692022323608,0.011884132400155067,0.2286238968372345,0.5089864134788513
181,11,1.0993454413488508,0.9609542489051819,1.141262412071228,0.01017404068261385,0.19533802568912506,0.47339004278182983
181,12,1.1417028361931443,0.9609717726707458,1.1401009559631348,0.010000907815992832,0.19736167788505554,0.5141257047653198
181,13,1.0558202791959048,0.9603187441825867,1.1415319442749023,0.00977008230984211,0.1757860779762268,0.449893981218338
181,14,1.0455011552199722,0.9594451189041138,1.1421096324920654,0.01197729166597128,0.19329848885536194,0.4199144244194031
181,15,1.186877566948533,0.9594098329544067,1.1422959566116333,0.0102811548858881,0.1945553869009018,0.5616998672485352
181,16,0.8083428429439664,0.9573479294776917,1.1437692642211914,0.010968719609081745,0.1825610101222992,0.19458967447280884
181,17,0.8068252954632044,0.9573972225189209,1.1438660621643066,0.00950709916651249,0.17737489938735962,0.19969063997268677
181,18,0.774991868622601,0.9567493796348572,1.1447749137878418,0.010743503458797932,0.1333404779434204,0.2106030285358429
181,19,0.8224278181791306,0.9560877680778503,1.1432663202285767,0.01015309989452362,0.15149033069610596,0.24091356992721558
181,20,0.8629357473924756,0.9554749727249146,1.1421983242034912,0.00988363940268755,0.10209181159734726,0.33142563700675964
181,21,0.9447771504521371,0.9561275839805603,1.1437757015228271,0.011221788823604584,0.19510845839977264,0.3184662461280823
181,22,0.8613817926496268,0.9559966921806335,1.1426118612289429,0.009967310354113579,0.0806548222899437,0.3510379493236542
181,23,0.8467469997704029,0.9557148218154907,1.1424682140350342,0.01045752689242363,0.06680897623300552,0.3498438894748688
181,24,0.8724156145006419,0.9554571509361267,1.1438791751861572,0.010715724900364876,0.04809840768575668,0.3937342166900635
182,0,30.840253400802613,0.9554615020751953,4.835197925567627,20.513898849487305,6.142813682556152,3.025408983230591
182,1,27.354159653186798,0.9657854437828064,3.986954927444458,21.075471878051758,4.772191047668457,0.5159486532211304
182,2,14.4184086561203,0.965766191482544,3.287557601928711,11.058615684509277,1.7757521867752075,0.7333760261535645
182,3,16.5905361533165,0.9569901823997498,2.7351255416870117,11.877758979797363,2.951394557952881,1.0229594707489014
182,4,1.4987451238557696,0.9581189155578613,1.9751067161560059,0.01319925021380186,0.4711599051952362,0.42774084210395813
182,5,1.4466060385107995,0.9581241607666016,1.7129398584365845,0.01014091819524765,0.42545273900032043,0.4767995774745941
182,6,1.3375132033601402,0.9559251070022583,1.5159446001052856,0.010683209635317326,0.42674362659454346,0.40571242570877075
182,7,0.8080404460430146,0.9541893601417542,1.2800956964492798,0.009450845420360565,0.2700367867946625,0.0816958025097847
182,8,1.0933202426880597,0.9541801810264587,1.2199240922927856,0.010592764243483543,0.5843406915664673,0.0635659322142601
182,9,1.0307744583114982,0.9542565941810608,1.1798832416534424,0.00828323420137167,0.5368905663490295,0.05877269059419632
182,10,1.0067893659695983,0.9528192281723022,1.1466610431671143,0.009941565804183483,0.5255565643310547,0.05139518156647682
182,11,1.1705144533887506,0.952929675579071,1.1410571336746216,0.010294240899384022,0.6808012127876282,0.06062163785099983
182,12,1.358244228735566,0.9529259204864502,1.1399941444396973,0.00994662381708622,0.8519840836524963,0.07772950828075409
182,13,1.3513842660933735,0.9528396725654602,1.1427595615386963,0.010743727907538414,0.8700740337371826,0.05144665762782097
183,0,32.072487235069275,0.9545377492904663,1.1466505527496338,24.33531951904297,5.606451034545898,1.7104790210723877
183,1,28.9908288359642,0.9624502658843994,1.141303539276123,23.767759323120117,4.3502912521362305,0.45202749967575073
183,2,14.978405910730363,0.9624291658401489,1.1402101516723633,12.912467956542969,1.3102502822875977,0.3351598083972931
183,3,11.524291321635246,0.9587856531143188,1.1421338319778442,9.93995189666748,0.9193183779716492,0.24483714997768402
183,4,1.1744896955788136,0.9626674056053162,1.1473039388656616,0.01671326532959938,0.6525773406028748,0.08320482075214386
183,5,0.9372882543131709,0.9626600742340088,1.1486989259719849,0.013628124259412289,0.45651984214782715,0.04486848786473274
183,6,1.3492593904957175,0.9629898071289062,1.1481894254684448,0.011244132183492184,0.37412500381469727,0.5416544079780579
183,7,1.3510632617399096,0.9565775990486145,1.1465266942977905,0.010682056657969952,0.3328765630722046,0.5868837833404541
183,8,1.2232117809355258,0.9561944007873535,1.1460325717926025,0.009834501892328262,0.3121907114982605,0.4807411730289459
183,9,1.239681889116764,0.9562134742736816,1.1471900939941406,0.010011173784732819,0.2573208212852478,0.551669180393219
183,10,1.2852645810693502,0.9568890929222107,1.1472476720809937,0.00986373983323574,0.25673437118530273,0.5978391170501709
183,11,1.130707210674882,0.9568279981613159,1.1476925611495972,0.010079452767968178,0.24751083552837372,0.4522128105163574
184,0,32.44537405967712,0.9554615020751953,4.835197925567627,21.81538200378418,5.947854995727539,3.524005174636841
184,1,16.53315064907074,0.9554615020751953,3.987955093383789,7.900960445404053,6.4178290367126465,1.2256778478622437
184,2,16.301231610774995,0.953548014163971,3.2793490886688232,8.476781845092773,5.400029182434082,1.5778411626815796
184,3,11.625787007808686,0.9530157446861267,2.7253835201263428,7.5589213371276855,2.0297319889068604,1.3014538288116455
184,4,1.5358539693057538,0.9536150097846985,1.9503264427185059,0.032016973942518234,0.4074794352054596,0.515569269657135
184,5,1.3540654078125955,0.9531300663948059,1.6918201446533203,0.020117349922657013,0.21857568621635437,0.5863823294639587
184,6,1.1509289767593147,0.9529464244842529,1.5001474618911743,0.017134418711066246,0.18300628662109375,0.4601694941520691
184,7,1.2347913734614848,0.9549610614776611,1.2733956575393677,0.017169799655675888,0.1390327662229538,0.6329174637794495
184,8,1.2574079848825932,0.9540719389915466,1.2148754596710205,0.019034001976251602,0.12516236305236816,0.67942214012146
184,9,1.0749645479023457,0.954605221748352,1.1775696277618408,0.01759966090321541,0.13151660561561584,0.49941331148147583
184,10,1.1403030658140778,0.953157901763916,1.1455172300338745,0.012357735075056553,0.1153487116098404,0.5928615927696228
184,11,1.2306544341146946,0.9534397721290588,1.1410120725631714,0.0115276537835598,0.10610610991716385,0.6941303014755249
184,12,1.1189980855211616,0.9537220597267151,1.140002727508545,0.013062178157269955,0.10432791709899902,0.5828630328178406
184,13,0.5767036130651833,0.9542227983474731,1.1413381099700928,0.013847838155925274,0.05040030553936958,0.09334328770637512
184,14,0.5800064254552126,0.9538179039955139,1.141940951347351,0.016754688695073128,0.046825654804706573,0.0972743108868599
184,15,0.5831839283928275,0.9545382857322693,1.1422920227050781,0.014403264038264751,0.04886944964528084,0.10054515302181244
184,16,0.5698177529498935,0.9558509588241577,1.1424612998962402,0.010503268800675869,0.04289546236395836,0.09675657004117966
184,17,0.5955815199762583,0.9554321765899658,1.1426854133605957,0.009713953360915184,0.031563613563776016,0.13468043506145477
184,18,0.5808879720047117,0.9552607536315918,1.1434147357940674,0.011125911958515644,0.02890101820230484,0.12112594395875931
184,19,0.6013635708019138,0.9548966288566589,1.1438474655151367,0.010513669811189175,0.04527829959988594,0.1258227825164795
184,20,0.5751553390175105,0.9549140334129333,1.1428059339523315,0.009687492623925209,0.0432436540722847,0.10268019884824753
184,21,0.5635389709845186,0.9549142122268677,1.1452579498291016,0.009839250706136227,0.03032677061855793,0.10333851724863052
184,22,0.5608017783612014,0.954820454120636,1.1449542045593262,0.009371746331453323,0.030567267909646034,0.1009078323841095
184,23,0.5670349646359683,0.9548317790031433,1.1449867486953735,0.01157349906861782,0.0372760035097599,0.09822175651788712
184,24,0.561818603053689,0.9556875228881836,1.144696831703186,0.009981891140341759,0.029005158692598343,0.10275468230247498
185,0,27.77541129589081,0.9554615020751953,4.835197925567627,18.84121322631836,6.575242042541504,1.2008241415023804
185,1,28.09047245979309,0.9778551459312439,3.988631248474121,20.371572494506836,5.914976596832275,0.8106260895729065
185,2,23.02239055633545,0.9711834192276001,3.2899839878082275,19.95574188232422,1.6456128358840942,0.5688023567199707
185,3,23.95602480173111,0.9612933397293091,2.7242202758789062,19.890178680419922,2.819699287414551,0.5090441107749939
185,4,1.785714940726757,0.9587441682815552,1.9214298725128174,0.04633115977048874,0.5104332566261292,0.6529157161712646
185,5,1.4304622069001198,0.9586055874824524,1.673094391822815,0.017720527946949005,0.25049176812171936,0.635909914970398
185,6,1.408842285722494,0.9585117101669312,1.4902373552322388,0.011724170297384262,0.1597805619239807,0.7475877404212952
185,7,1.4069906402379275,0.9581643342971802,1.2644844055175781,0.010343709960579872,0.11344078928232193,0.838676393032074
185,8,1.4511605333536863,0.9580814838409424,1.2044155597686768,0.010451866313815117,0.1690109670162201,0.8391982913017273
185,9,1.370315465889871,0.9557521939277649,1.1712205410003662,0.009617081843316555,0.1437927782535553,0.791511058807373
185,10,1.328956764191389,0.9567869305610657,1.144097089767456,0.010960590094327927,0.16303369402885437,0.7347856760025024
185,11,1.2854624461382627,0.9576455354690552,1.14041006565094,0.01037825457751751,0.181331604719162,0.6741414666175842
185,12,1.126983747817576,0.9556022882461548,1.1400004625320435,0.010564343072474003,0.1979941725730896,0.4993046820163727
185,13,1.0117914568632842,0.9552452564239502,1.141574501991272,0.010898677632212639,0.21548251807689667,0.36604630947113037
185,14,0.9959737960249185,0.9552541375160217,1.1417888402938843,0.01163051463663578,0.18880991637706757,0.376124769449234
185,15,0.9797260588034987,0.9555017948150635,1.143283724784851,0.010953015647828579,0.2667900323867798,0.28222590684890747
185,16,0.9264721738174558,0.9558878540992737,1.1455442905426025,0.011519630439579487,0.27069854736328125,0.2239675670862198
185,17,0.8341763040050865,0.955891489982605,1.1454919576644897,0.011564790271222591,0.15812131762504578,0.2442135065793991
185,18,0.7762141799554229,0.9561629891395569,1.1448216438293457,0.011241651140153408,0.15979619324207306,0.1849794089794159
185,19,0.7780516186729074,0.9544111490249634,1.1456902027130127,0.011203230358660221,0.21492645144462585,0.13190166652202606
185,20,0.8199243601411581,0.9543889164924622,1.147508978843689,0.010182788595557213,0.20148995518684387,0.1878720372915268
185,21,0.763758759200573,0.9541352987289429,1.1459028720855713,0.009095363318920135,0.21048417687416077,0.12417158484458923
185,22,0.7471759123727679,0.9546900391578674,1.1490132808685303,0.010576601140201092,0.1778707653284073,0.13798788189888
185,23,0.7120449785143137,0.9548742771148682,1.1478005647659302,0.009172515943646431,0.16160404682159424,0.12073344737291336
185,24,0.8675931861624122,0.9548813104629517,1.1471482515335083,0.01035806443542242,0.2725899815559387,0.16423922777175903
186,0,30.07198108434677,0.9524289965629578,1.1450155973434448,22.102123260498047,6.139063835144043,1.4113050699234009
186,1,25.996549433469774,0.9540475010871887,1.1554194688796997,22.666263580322266,2.451561450958252,0.4568310081958771
186,2,11.88517211675644,0.9540494680404663,1.1616075038909912,9.967093467712402,1.254408359527588,0.24053889513015747
186,3,10.356065866351127,0.9531235098838806,1.1510170698165894,8.262857437133789,1.4328467845916748,0.23953352868556976
186,4,1.1224071096628905,0.9528603553771973,1.1515337228775024,0.021924836561083794,0.3172173798084259,0.3623860776424408
186,5,1.2453789195045828,0.9528599977493286,1.1529954671859741,0.011310889385640621,0.332249253988266,0.4806476831436157
186,6,0.7837493680417538,0.9551027417182922,1.1487603187561035,0.011527106165885925,0.33077892661094666,0.020670723170042038
186,7,0.6762451659888029,0.9548084139823914,1.1490129232406616,0.010291378945112228,0.22323991358280182,0.021949606016278267
186,8,0.6248305834829807,0.9542638063430786,1.1497544050216675,0.011138372123241425,0.1603674292564392,0.032521139830350876
186,9,0.7506651606410741,0.9542829394340515,1.1493879556655884,0.010713702067732811,0.24899348616600037,0.07022379338741302
186,10,0.5651899352669716,0.9555977582931519,1.1488360166549683,0.010085228830575943,0.10950354486703873,0.024714406579732895
186,11,0.5740231661126018,0.954850435256958,1.147721767425537,0.008909176103770733,0.09634841233491898,0.048251137137413025
186,12,0.6231867134571075,0.9548922181129456,1.1479777097702026,0.010239027440547943,0.09445243328809738,0.09792126715183258
186,13,0.53655673135072,0.9568559527397156,1.14588463306427,0.010828103870153427,0.09099328517913818,0.014187225140631199
186,14,0.538262758590281,0.9574582576751709,1.1448681354522705,0.011247910559177399,0.09142077714204788,0.015128792263567448
186,15,0.5139684282243252,0.9574443697929382,1.1450318098068237,0.00965547189116478,0.06885774433612823,0.014959976077079773
186,16,0.5112831555306911,0.955377459526062,1.1454699039459229,0.01067272573709488,0.06639404594898224,0.014046911150217056
186,17,0.5005967171862722,0.9554211497306824,1.1453760862350464,0.011344223283231258,0.05267294496297836,0.01642010174691677
186,18,0.5065090827643872,0.9558097124099731,1.1448050737380981,0.01027478463947773,0.05698481947183609,0.019126521423459053
186,19,0.49179087541997435,0.9568623900413513,1.1440032720565796,0.010927892290055752,0.04587860777974129,0.014811242930591106
187,0,29.448969650268555,0.9554615020751953,4.835197925567627,19.318477630615234,6.35616397857666,2.6161961555480957
187,1,29.224154424667358,0.9572164416313171,3.987729787826538,20.019651412963867,7.3497419357299805,0.8657718300819397
187,2,26.31247581243515,0.9536182284355164,3.3020360469818115,19.312307357788086,5.701243877410889,0.44779372215270996
187,3,12.498538452386857,0.9535964131355286,2.752275228500366,8.39030933380127,2.884244680404663,0.4828101098537445
187,4,2.4189423747360705,0.9569403529167175,1.9633723497390747,0.01917635276913643,1.3719581365585327,0.44374534487724304
187,5,2.3309636930003763,0.9599319696426392,1.7073626518249512,0.011977122165262699,1.0085442066192627,0.7769834399223328
187,6,2.56018087156117,0.9598633050918579,1.5128881931304932,0.011344091966748238,0.8603020906448364,1.1939843893051147
187,7,2.11812841873616,0.9572280645370483,1.2773295640945435,0.010844695381820202,0.6454514861106873,1.014920711517334
187,8,1.9328216871246695,0.9573227763175964,1.2194329500198364,0.010479076765477657,0.6574475169181824,0.829543948173523
187,9,1.957315253838897,0.9577820897102356,1.1822386980056763,0.010681545361876488,0.5925057530403137,0.9261237978935242
187,10,1.9702674075961113,0.9574573636054993,1.1467102766036987,0.009887389838695526,0.6834975481033325,0.8560489416122437
187,11,2.2062749551609158,0.9558429718017578,1.1415987014770508,0.011588101275265217,0.7410179972648621,1.0341805219650269
187,12,2.147085735760629,0.9573343396186829,1.14003324508667,0.010440192185342312,0.7704548239707947,0.9467172026634216
187,13,1.8390937389805913,0.9566929936408997,1.1413804292678833,0.009925943799316883,0.6031916737556458,0.8063614368438721
187,14,1.3801921451464296,0.9574558138847351,1.1421853303909302,0.009962604381144047,0.11310216039419174,0.8371991515159607
187,15,1.5400512497872114,0.9569841623306274,1.143646240234375,0.009511386975646019,0.09270631521940231,1.0177074670791626
187,16,0.8775487389415503,0.9568507671356201,1.1452025175094604,0.010306423529982567,0.0862947553396225,0.3605369031429291
187,17,0.8333473850041628,0.9566030502319336,1.1447356939315796,0.010096127167344093,0.08709695190191269,0.31588655710220337
187,18,0.8206003045663237,0.9562748670578003,1.1439279317855835,0.01071567740291357,0.08982745558023453,0.3000166118144989
187,19,0.7228921065106988,0.9565622210502625,1.143140435218811,0.010219999589025974,0.08544962853193283,0.2072819471359253
187,20,0.765221518278122,0.9564962387084961,1.1426944732666016,0.010951511561870575,0.07422763854265213,0.2602042257785797
187,21,0.7124322904273868,0.9561861753463745,1.1427252292633057,0.010643082670867443,0.0724305585026741,0.20957636833190918
187,22,0.5977285461500288,0.9551401138305664,1.1423895359039307,0.010226462967693806,0.07019323110580444,0.09780292212963104
187,23,0.5860132575035095,0.955207109451294,1.1428591012954712,0.010526604950428009,0.06296387314796448,0.09290953725576401
187,24,0.5777650469914078,0.9549229145050049,1.1423653364181519,0.011118964292109013,0.0647922083735466,0.08239622414112091
188,0,32.53359489440918,0.9554615020751953,4.835197925567627,22.064748764038086,6.968003273010254,2.3427109718322754
188,1,26.173419240117074,0.9554615020751953,3.9873361587524414,19.582456588745117,5.373060703277588,0.22934241592884064
188,2,22.71848811507225,0.9671710133552551,3.304975748062134,19.87119483947754,1.706407904624939,0.28645601868629456
188,3,20.386023753881453,0.9638168811798096,2.762014150619507,18.65424156188965,0.8286331295967102,0.15798285603523254
188,4,1.4950376227498055,0.9539671540260315,1.9696898460388184,0.033399634063243866,0.672589123249054,0.20431746542453766
188,5,1.3532967798411848,0.9539046287536621,1.7073954343795776,0.02564413473010063,0.6156822443008423,0.17971038818359375
188,6,1.0438911132514477,0.9529135823249817,1.5139089822769165,0.01848476752638817,0.38209986686706543,0.14994196593761444
188,7,0.7581910591572523,0.9543064832687378,1.2778288125991821,0.012732556089758873,0.19464650750160217,0.10438493639230728
188,8,0.7596440890803933,0.9547840356826782,1.216676115989685,0.012242362834513187,0.2027532458305359,0.11035645008087158
188,9,0.812982065230608,0.9559817314147949,1.1782437562942505,0.01303992047905922,0.23121121525764465,0.14188583195209503
188,10,0.730179631523788,0.9557923674583435,1.1451481580734253,0.01233431976288557,0.20775407552719116,0.08990313112735748
188,11,0.7236724335700273,0.9557569622993469,1.1412179470062256,0.013765500858426094,0.18843843042850494,0.10207352042198181
188,12,0.7355546114966274,0.9547255039215088,1.140014410018921,0.010726499371230602,0.1691998541355133,0.13668027520179749
188,13,0.7228832887485623,0.9534845352172852,1.1423685550689697,0.010687937028706074,0.1677233874797821,0.12530134618282318
188,14,0.6410957215353847,0.9532849192619324,1.143691897392273,0.014871078543365002,0.10574859380722046,0.10108068585395813
188,15,0.7386706564575434,0.9532988667488098,1.1473437547683716,0.011123383417725563,0.18731312453746796,0.12010562419891357
188,16,0.8510120719671249,0.954262912273407,1.1468784809112549,0.010325998067855835,0.2642228603363037,0.15623493492603302
188,17,0.8076516110450029,0.9541446566581726,1.1467524766921997,0.010927500203251839,0.24826976656913757,0.12827491760253906
188,18,0.8940745944157242,0.9541529417037964,1.1453399658203125,0.008663916029036045,0.30081474781036377,0.16469734907150269
188,19,0.7615603758022189,0.9546910524368286,1.14509117603302,0.010384115390479565,0.224073588848114,0.10714622586965561
188,20,0.7067733749747276,0.9542424082756042,1.1439460515975952,0.009273931384086609,0.16239123046398163,0.1154705211520195
189,0,28.868916237354277,0.9537680745124817,1.1478331089019775,20.313766479492188,6.602694511413574,1.532135009765625
189,1,25.195560616254806,0.9537680745124817,1.146013617515564,17.568029403686523,7.109183311462402,0.0983915627002716
189,2,18.56611359938979,0.9536463022232056,1.1517802476882935,15.799843788146973,2.317195415496826,0.027989085763692856
189,3,21.60541694946587,0.9532400965690613,1.1548019647598267,18.645999908447266,2.5147459506988525,0.023062678053975105
189,4,0.9863094329833985,0.9528436064720154,1.1485114097595215,0.03884509205818176,0.39472466707229614,0.13246867060661316
189,5,0.9590629426762463,0.9528444409370422,1.1469433307647705,0.014570253901183605,0.34453827142715454,0.17999686300754547
189,6,0.9332138841971755,0.9523975849151611,1.1491718292236328,0.01408215519040823,0.34035560488700867,0.15846224129199982
189,7,0.814380020648241,0.952174723148346,1.1488807201385498,0.012483853846788406,0.18947595357894897,0.1922091245651245
189,8,0.7880923891440035,0.952175498008728,1.146289348602295,0.013677381910383701,0.1887805312871933,0.1659415066242218
189,9,0.7221783548593521,0.953298807144165,1.1446160078048706,0.013419471681118011,0.18806347250938416,0.10111244767904282
189,10,0.7273371838033199,0.9533001780509949,1.14607572555542,0.01365974172949791,0.171840637922287,0.12196162343025208
189,11,0.7408057438209653,0.95330411195755,1.1465458869934082,0.011664261110126972,0.16697339713573456,0.1421980857849121
189,12,0.7081454062834383,0.9531900882720947,1.1465554237365723,0.01305465493351221,0.15421423316001892,0.12092741578817368
189,13,0.7522717356681824,0.953781008720398,1.1472792625427246,0.012271031737327576,0.1505170464515686,0.16927160322666168
189,14,0.7104070294648409,0.9543300867080688,1.1475205421447754,0.011634768918156624,0.1334919035434723,0.14491023123264313
189,15,0.7308677373453976,0.9543281197547913,1.1469789743423462,0.012205543927848339,0.12492811679840088,0.17347265779972076
189,16,0.6744791261851788,0.9535986185073853,1.1469539403915405,0.01361619308590889,0.07982998341321945,0.16092243790626526
189,17,0.716472920961678,0.9533460736274719,1.1467636823654175,0.012635861523449421,0.08593793958425522,0.1978771686553955
189,18,0.6910714540630579,0.9533445835113525,1.1465575695037842,0.00961274839937687,0.12453904747962952,0.13693922758102417
189,19,0.7414989994838834,0.9537670612335205,1.1468462944030762,0.009557058103382587,0.11879058182239532,0.19302868843078613
189,20,0.673897203989327,0.9538341164588928,1.1465826034545898,0.010833588428795338,0.09826673567295074,0.14471353590488434
189,21,0.6445397654548288,0.9538329839706421,1.147162675857544,0.009911702014505863,0.07388471066951752,0.14054422080516815
189,22,0.7383799150586128,0.9539908170700073,1.1476037502288818,0.009499512612819672,0.10012413561344147,0.20843735337257385
189,23,0.7780448162928224,0.9539712071418762,1.1479471921920776,0.0102029824629426,0.10642468929290771,0.24103346467018127
189,24,0.6849361214786768,0.954334020614624,1.1475348472595215,0.010371210053563118,0.06067349761724472,0.19351764023303986
190,0,30.175535488128663,0.9554615020751953,4.835197925567627,21.617971420288086,5.5816521644592285,1.8177800178527832
190,1,29.026246464252473,0.9592714905738831,3.988391637802124,21.793838500976562,5.400378704071045,0.8424966335296631
190,2,25.191982316970826,0.9528322815895081,3.30241060256958,22.51741600036621,1.6118849515914917,0.21163278818130493
190,3,22.951123732328416,0.9528454542160034,2.7397382259368896,19.639856338500977,2.348724126815796,0.22402653098106384
190,4,1.0703289572149517,0.9530152678489685,1.970465064048767,0.014103973284363747,0.2817547023296356,0.18977421522140503
190,5,0.915367428958416,0.9526260495185852,1.7094897031784058,0.015350483357906342,0.21720647811889648,0.15038731694221497
190,6,0.8454589415341616,0.9542328119277954,1.510169506072998,0.019531594589352608,0.20445804297924042,0.12858884036540985
190,7,0.7914661925286055,0.9543766379356384,1.2727806568145752,0.017810923978686333,0.19320538640022278,0.13501842319965363
190,8,0.7976298112422229,0.9542304873466492,1.2098814249038696,0.018132003024220467,0.21025696396827698,0.13641846179962158
190,9,0.7297389838844538,0.9548018574714661,1.173655390739441,0.01742221601307392,0.1924929916858673,0.09413232654333115
190,10,0.7047780960798264,0.9550166726112366,1.1437357664108276,0.012842059135437012,0.17584295570850372,0.09634259343147278
190,11,0.6694287803024054,0.9544095396995544,1.1404742002487183,0.012166677042841911,0.14833873510360718,0.08994662016630173
190,12,0.6309379160404206,0.9544953107833862,1.1401302814483643,0.011807776987552643,0.1304638385772705,0.06974118202924728
190,13,0.6432171326130629,0.9547056555747986,1.1435625553131104,0.00899009220302105,0.14465361833572388,0.06991977989673615
190,14,0.5485879322513938,0.9551120400428772,1.1460551023483276,0.010570346377789974,0.06594470143318176,0.05183945596218109
190,15,0.5308902563527227,0.9564937949180603,1.1475876569747925,0.01014524046331644,0.04720291867852211,0.05272580683231354
190,16,0.5531680414453148,0.9567362070083618,1.1486021280288696,0.010705106891691685,0.06829958409070969,0.053095683455467224
190,17,0.5257749050855637,0.9572337865829468,1.1476632356643677,0.010648857802152634,0.04641756787896156,0.04772907495498657
190,18,0.5773634139448405,0.9568919539451599,1.14748215675354,0.010542916133999825,0.058694563806056976,0.08725111186504364
190,19,0.5500490523874759,0.9574798345565796,1.1463600397109985,0.009869970381259918,0.04743159934878349,0.07197950780391693
190,20,0.5474440338090063,0.9574325084686279,1.1483714580535889,0.009934247471392155,0.04452018067240715,0.07182881236076355
190,21,0.5407742721959949,0.9577100872993469,1.1475344896316528,0.009821723215281963,0.05358163267374039,0.05632200092077255
190,22,0.560020517744124,0.9565515518188477,1.1502141952514648,0.009729930199682713,0.05747164040803909,0.07146579772233963
190,23,0.6040064273402095,0.9565728306770325,1.1523780822753906,0.008634514175355434,0.0502280630171299,0.12335366755723953
191,0,29.784405636787415,0.9554615020751953,4.835197925567627,21.32913589477539,5.770899772644043,1.5262380838394165
191,1,28.730278462171555,0.9520776271820068,3.9879839420318604,23.04360580444336,4.325311660766602,0.3733486831188202
191,2,26.603869450092315,0.9542259573936462,3.3081552982330322,23.898862838745117,1.5416656732559204,0.3108646869659424
191,3,20.20429675579071,0.9542089104652405,2.7592992782592773,17.484731674194336,1.6412642002105713,0.33559924364089966
191,4,1.5284296669065953,0.9537951946258545,1.9665324687957764,0.03871617093682289,0.4942443370819092,0.411403626203537
191,5,1.297034315392375,0.9529595375061035,1.7056044340133667,0.02457454614341259,0.4026625156402588,0.33808445930480957
191,6,1.3899603564292193,0.9547660946846008,1.5105525255203247,0.019082428887486458,0.44562509655952454,0.43218910694122314
191,7,1.9661471087485554,0.9546836018562317,1.2812070846557617,0.016467483714222908,0.4393194913864136,1.06318199634552
191,8,1.5201471742242574,0.9538495540618896,1.2200380563735962,0.01785260997712612,0.4041186571121216,0.6633983850479126
191,9,1.381168795377016,0.9551967978477478,1.1829301118850708,0.016147423535585403,0.24945497512817383,0.6879410147666931
191,10,1.2873549290001391,0.9560844302177429,1.1488319635391235,0.015634525567293167,0.23015454411506653,0.6205825805664062
191,11,1.0778168259188532,0.956456184387207,1.1432993412017822,0.01465826015919447,0.22690021991729736,0.4163072407245636
191,12,0.8810111528262496,0.95587158203125,1.1410009860992432,0.014488241635262966,0.09950204193592072,0.3476463556289673
191,13,0.756052422709763,0.9547221660614014,1.1401985883712769,0.014586036093533039,0.07459012418985367,0.2478921115398407
191,14,0.5039293747395277,0.9536831378936768,1.1409140825271606,0.012634353712201118,0.0482003316283226,0.024175245314836502
191,15,0.49694729279726746,0.9536337852478027,1.1418617963790894,0.013821999542415142,0.03908083587884903,0.024945341050624847
192,0,29.301807475090026,0.9554295539855957,1.1539130210876465,21.235559463500977,5.826676845550537,1.8177026510238647
192,1,25.312619721889497,0.9524573087692261,1.140339732170105,21.67535972595215,2.6949710845947266,0.5237295031547546
192,2,21.06010106801987,0.9524552822113037,1.1400675773620605,18.923542022705078,1.4131793975830078,0.30487507581710815
192,3,20.492761892080306,0.9540218114852905,1.1408618688583374,17.975772857666016,1.9393842220306396,0.15862807631492615
192,4,1.475207358598709,0.954084575176239,1.146345853805542,0.04180815815925598,0.8379040956497192,0.17540901899337769
192,5,1.5791391763836145,0.9540887475013733,1.1457326412200928,0.028848284855484962,0.9350900650024414,0.19523654878139496
192,6,1.2290462460368872,0.9545477032661438,1.1482347249984741,0.016329338774085045,0.6161054968833923,0.1760549247264862
192,7,0.8532893471419811,0.9550559520721436,1.1421042680740356,0.0119527168571949,0.3151308000087738,0.10677378624677658
192,8,0.8493788950145245,0.9550809264183044,1.1421785354614258,0.01001308485865593,0.26791760325431824,0.15199631452560425
192,9,0.7906202796846629,0.9560077786445618,1.1421257257461548,0.011605093255639076,0.20801091194152832,0.1513775736093521
192,10,0.7351049162447453,0.9541563987731934,1.141503095626831,0.01078065112233162,0.190277561545372,0.11491480469703674
192,11,0.8265188289806247,0.9550085067749023,1.1434874534606934,0.010488401167094707,0.2598620653152466,0.13646917045116425
192,12,0.6360001815482974,0.9549566507339478,1.1435935497283936,0.009671139530837536,0.16418209671974182,0.042436905205249786
192,13,0.63320193272084,0.955281138420105,1.143343210220337,0.010097063146531582,0.1715407818555832,0.031839217990636826
192,14,0.6425585072487593,0.954723060131073,1.1436511278152466,0.012443624436855316,0.18075034022331238,0.02968970499932766
192,15,0.6815934650599956,0.9547572135925293,1.1434823274612427,0.010928792878985405,0.2262726128101349,0.024744151160120964
192,16,0.6220866691321134,0.9540956020355225,1.1430649757385254,0.011253103613853455,0.1632043868303299,0.028197063133120537
192,17,0.6566114174202085,0.954351007938385,1.143339991569519,0.010587855242192745,0.1963919848203659,0.030093377456068993
192,18,0.6438638269901276,0.9543255567550659,1.143174409866333,0.010295713320374489,0.19228549301624298,0.02178262732923031
192,19,0.6048243550583721,0.9545482993125916,1.1433759927749634,0.010589773766696453,0.13659563660621643,0.03805408626794815
192,20,0.5972757574170828,0.9543343782424927,1.1431580781936646,0.010143762454390526,0.13174031674861908,0.035893186926841736
192,21,0.5672264417633415,0.9544877409934998,1.1431868076324463,0.010257012210786343,0.09881826490163803,0.038616254925727844
192,22,0.597834599018097,0.9538938999176025,1.1431188583374023,0.010858379304409027,0.12883548438549042,0.0387381836771965
192,23,0.5679607573896647,0.9536420702934265,1.1435906887054443,0.010345129296183586,0.10374578088521957,0.03442329540848732
192,24,0.5298303037881851,0.9536277055740356,1.143724799156189,0.010424584150314331,0.06765265017747879,0.032282568514347076
193,0,30.02711718082428,0.9554615020751953,4.835197925567627,20.743114471435547,6.150094509124756,1.9757763147354126
193,1,28.720136165618896,0.9558376669883728,3.989025354385376,21.478769302368164,5.511860370635986,0.7405338883399963
193,2,24.587998217344285,0.9624233245849609,3.2721152305603027,20.55848503112793,3.0374197959899902,0.1451856791973114
193,3,12.777156221866608,0.962422788143158,2.7214863300323486,8.969261169433594,2.4421796798706055,0.6289335489273071
193,4,1.9931913724169135,0.9540174007415771,1.9360935688018799,0.009274243377149105,0.47548621892929077,0.9304087162017822
193,5,1.3646378319710493,0.955146312713623,1.6797709465026855,0.010506419464945793,0.357496052980423,0.4696519076824188
193,6,1.2675663998350502,0.955680787563324,1.4981744289398193,0.009373514913022518,0.3168686330318451,0.45055320858955383
193,7,1.4880821689963342,0.9566487073898315,1.2696269750595093,0.010458461940288544,0.3417882025241852,0.6905803680419922
193,8,1.1257366547361016,0.9548972845077515,1.2110317945480347,0.010088772512972355,0.28423744440078735,0.3982246220111847
193,9,1.0703858179971575,0.9536413550376892,1.173642873764038,0.012082214467227459,0.10214488208293915,0.5307018756866455
193,10,1.167485730536282,0.9542235732078552,1.144152045249939,0.010592316277325153,0.15074244141578674,0.5864758491516113
193,11,1.1040435787290335,0.9540277123451233,1.1404422521591187,0.010473480448126793,0.13931123912334442,0.5353648662567139
193,12,0.8065911255776883,0.9551946520805359,1.140458345413208,0.009501885622739792,0.11707516014575958,0.26088348031044006
193,13,0.8951536692678929,0.956426203250885,1.1446129083633423,0.01028185710310936,0.0899566188454628,0.3747073709964752
193,14,0.8008910091593862,0.9559540152549744,1.146810531616211,0.010130723007023335,0.09546694904565811,0.27474042773246765
193,15,0.8336544485762716,0.9567998647689819,1.1481586694717407,0.010498289950191975,0.08593141287565231,0.3162330389022827
193,16,0.8247703805565835,0.9569146633148193,1.1474920511245728,0.010361451655626297,0.06102164462208748,0.3325059413909912
193,17,0.7780733853578568,0.95689857006073,1.1477766036987305,0.010092400014400482,0.061181776225566864,0.2858641743659973
193,18,0.772793385386467,0.9572644233703613,1.1478008031845093,0.009789042174816132,0.057104967534542084,0.28488633036613464
193,19,0.7160067742690444,0.9584746360778809,1.1472499370574951,0.010136659257113934,0.0490511916577816,0.23567400872707367
193,20,0.7250888964161277,0.9583929181098938,1.144346833229065,0.010594314895570278,0.04621382802724838,0.24773280322551727
193,21,0.754194818623364,0.9583895206451416,1.1448291540145874,0.009821214713156223,0.03951096162199974,0.2842189073562622
193,22,0.7946026518940925,0.9579023718833923,1.1473122835159302,0.009149063378572464,0.03829731419682503,0.32611334323883057
193,23,0.881276991777122,0.9579580426216125,1.1502342224121094,0.010180286131799221,0.036917757242918015,0.4125404953956604
193,24,0.7263656724244356,0.9580075144767761,1.1482611894607544,0.010385824367403984,0.031663212925195694,0.26306289434432983
194,0,31.335699605941773,0.9554615020751953,4.835197925567627,21.53018569946289,5.852522850036621,2.7948591709136963
194,1,17.566260290145873,0.9554615020751953,3.987522840499878,10.289621353149414,5.59586238861084,0.6921796798706055
194,2,15.097091370821,0.9616263508796692,3.2869508266448975,11.34261703491211,2.586740016937256,0.3180188834667206
194,3,12.78630343079567,0.9595073461532593,2.708033800125122,10.847359657287598,0.9215257167816162,0.2839098274707794
194,4,1.7636681869626045,0.9534540772438049,1.922871470451355,0.036872200667858124,0.9354444146156311,0.2160864621400833
194,5,1.617787254601717,0.953518807888031,1.6654560565948486,0.018533382564783096,0.927774965763092,0.14768393337726593
194,6,1.4291854500770569,0.9527243375778198,1.4808474779129028,0.014014005661010742,0.7988868355751038,0.12957024574279785
194,7,1.192642041668296,0.9527466893196106,1.2599183320999146,0.015659010037779808,0.6701298952102661,0.06432013213634491
194,8,1.635672952234745,0.9527431726455688,1.203959345817566,0.012524224817752838,0.6250320076942444,0.5667762160301208
194,9,1.9179289165884257,0.9529682397842407,1.1687779426574707,0.013476425781846046,0.5352233648300171,0.9448798894882202
194,10,1.6438716243952514,0.9527955055236816,1.1417640447616577,0.011863021180033684,0.10045333206653595,1.1126433610916138
194,11,1.7915650332346558,0.9525662064552307,1.139992356300354,0.011781998910009861,0.13851529359817505,1.222756028175354
194,12,1.8808547032997012,0.9525545239448547,1.140670657157898,0.009864683263003826,0.11697480082511902,1.3353701829910278
194,13,1.9661864267662168,0.9527456164360046,1.1437928676605225,0.011031297035515308,0.09274197369813919,1.4431054592132568
195,0,32.37490726709366,0.9538621306419373,1.141696572303772,22.66115951538086,5.5608038902282715,3.7338321208953857
195,1,29.02991285920143,0.9521157741546631,1.1415921449661255,23.481204986572266,4.983363628387451,0.14660266041755676
195,2,26.30108847618103,0.9521159529685974,1.1467434167861938,22.899808883666992,2.8831722736358643,0.09833544492721558
195,3,22.175315840542318,0.9521019458770752,1.15110445022583,20.732027053833008,0.9761630296707153,0.04648447781801224
195,4,1.1829257942736149,0.9530032873153687,1.1458288431167603,0.036661721765995026,0.6711500883102417,0.05534755811095238
195,5,1.409002662450075,0.9529582262039185,1.1478078365325928,0.01746736839413643,0.7426626682281494,0.22871941328048706
195,6,1.0179009044542908,0.954611599445343,1.1477766036987305,0.012669377960264683,0.37102144956588745,0.21373243629932404
195,7,0.8703061152249575,0.9537630081176758,1.1463119983673096,0.009298713877797127,0.23723609745502472,0.20375630259513855
195,8,0.8767117103561759,0.9533823728561401,1.148329257965088,0.009863345883786678,0.2350117713212967,0.21149426698684692
195,9,1.1762484492734075,0.9533964991569519,1.1474027633666992,0.009929311461746693,0.4954546093940735,0.25070467591285706
195,10,0.7515940135344863,0.9534245133399963,1.1474076509475708,0.010103254579007626,0.10772062093019485,0.21360370516777039
195,11,0.6876892223954201,0.9546481370925903,1.145735502243042,0.010747991502285004,0.09718823432922363,0.15967626869678497
195,12,0.7350576993077993,0.9545682668685913,1.14528226852417,0.010328931733965874,0.10433127731084824,0.20042738318443298
195,13,0.6490287564694881,0.9537896513938904,1.1451313495635986,0.009900819510221481,0.0732620358467102,0.14608170092105865
195,14,0.643794771283865,0.953432023525238,1.1455118656158447,0.011270303279161453,0.07603428512811661,0.13670140504837036
195,15,0.7093717297539115,0.9534554481506348,1.1451507806777954,0.009754872880876064,0.06545353680849075,0.21444207429885864
195,16,0.6668179074302316,0.9542363286018372,1.1459523439407349,0.010175139643251896,0.054229989647865295,0.18237504363059998
195,17,0.615952361933887,0.9538142681121826,1.145199179649353,0.00998810213059187,0.04608675092458725,0.14007481932640076
195,18,0.6354619203135371,0.9541058540344238,1.1458806991577148,0.009485497139394283,0.04667149856686592,0.15930761396884918
195,19,0.6160395426675678,0.9542893171310425,1.1452898979187012,0.009095217101275921,0.04107186198234558,0.1459566205739975
195,20,0.6096737034618855,0.9541390538215637,1.1453250646591187,0.011444974690675735,0.04095037281513214,0.1373855322599411
195,21,0.6090768510475755,0.9541519284248352,1.1457784175872803,0.010540199466049671,0.03880618140101433,0.13974440097808838
195,22,0.604169712215662,0.9541282057762146,1.1458948850631714,0.010661516338586807,0.04316452145576477,0.13033905625343323
195,23,0.5946813696995378,0.954548180103302,1.1464354991912842,0.010508176870644093,0.029919173568487167,0.13405728340148926
195,24,0.617445938102901,0.9541257619857788,1.1464859247207642,0.010727169923484325,0.038583867251873016,0.14801256358623505
196,0,32.41114084720611,0.9554615020751953,4.835197925567627,23.518585205078125,5.804384231567383,1.9300395250320435
196,1,28.352324747294187,0.9520735144615173,3.987973213195801,22.410053253173828,4.913903713226318,0.04035843536257744
196,2,27.51035754457116,0.9522313475608826,3.2852911949157715,24.89086151123047,1.7201950550079346,0.05179646983742714
196,3,26.20255539268255,0.952072262763977,2.7288403511047363,24.0771427154541,1.3201030492782593,0.06912710517644882
196,4,0.991421764343977,0.9520682096481323,1.95435631275177,0.01508665457367897,0.318887859582901,0.07616234570741653
196,5,0.7929106431081892,0.9522705078125,1.69507896900177,0.011073504574596882,0.1770949363708496,0.07527230679988861
196,6,0.709664984419942,0.9520860314369202,1.5026133060455322,0.013907352462410927,0.10971560329198837,0.09510216116905212
196,7,0.643740633316338,0.9521359801292419,1.2784290313720703,0.009917591698467731,0.08636178821325302,0.10134825110435486
196,8,1.1664160354062916,0.9521897435188293,1.2177461385726929,0.011611009947955608,0.0896553248167038,0.6311625242233276
196,9,1.219819361716509,0.9522516131401062,1.1807365417480469,0.011558931320905685,0.06495282799005508,0.7167099714279175
196,10,1.9326730525121092,0.9521129727363586,1.1465425491333008,0.012059650383889675,0.07766249775886536,1.4232197999954224
196,11,1.548772451467812,0.9523988366127014,1.1411526203155518,0.010063727386295795,0.06327853351831436,1.0567198991775513
196,12,1.3221616385504604,0.9524810910224915,1.1400021314620972,0.01039633434265852,0.05160875618457794,0.8416599035263062
196,13,1.266244377568364,0.9528923630714417,1.142364501953125,0.01118483953177929,0.046618614345788956,0.7893895506858826
197,0,30.30396728515625,0.9554615020751953,4.835197925567627,20.41679573059082,7.461677551269531,1.267362117767334
197,1,25.962347519397735,0.9554615020751953,3.987217664718628,18.596698760986328,5.718837261199951,0.6582756638526917
197,2,19.20543293952942,0.9520716667175293,3.314716339111328,15.779067993164062,2.1306605339050293,0.44234681129455566
197,3,18.569739520549774,0.9638726711273193,2.7587854862213135,16.453847885131836,0.949508011341095,0.4218519926071167
197,4,1.8420590452849865,0.9560002088546753,2.001155138015747,0.031989168375730515,0.9088619947433472,0.30977681279182434
197,5,1.2345536593347788,0.9522574543952942,1.7394373416900635,0.015215033665299416,0.27011820673942566,0.4108814597129822
197,6,1.093846432119608,0.9521813988685608,1.5429577827453613,0.01082739606499672,0.21058163046836853,0.37340956926345825
197,7,0.8707250563427806,0.95237135887146,1.2983235120773315,0.009984421543776989,0.13995827734470367,0.2706433832645416
197,8,0.8203489057719708,0.9525887370109558,1.2283918857574463,0.010317828506231308,0.14365069568157196,0.23018425703048706
197,9,0.8315412975847721,0.9526010751724243,1.1857448816299438,0.010802771896123886,0.12244639545679092,0.27062293887138367
197,10,0.8013654951006175,0.9538367986679077,1.1485363245010376,0.010960424318909645,0.13498057425022125,0.23494987189769745
197,11,0.8103530624881387,0.9538209438323975,1.1421774625778198,0.01077303383499384,0.13313162326812744,0.24724872410297394
197,12,0.8024616399779916,0.9543008804321289,1.139999508857727,0.010772199369966984,0.1420430690050125,0.2307862937450409
197,13,0.8011964624747634,0.9535281658172607,1.1422224044799805,0.00954651739448309,0.11150721460580826,0.2609926164150238
197,14,0.770828983746469,0.9535291790962219,1.1443322896957397,0.010781100951135159,0.09466792643070221,0.24580766260623932
197,15,0.7562212223187089,0.9534675478935242,1.146392583847046,0.009837971068918705,0.08280662447214127,0.2436046004295349
197,16,0.7260505516082049,0.9532808661460876,1.147391676902771,0.009930768981575966,0.06560216099023819,0.23038311302661896
197,17,0.7509775942191481,0.9532856941223145,1.1466447114944458,0.01055960264056921,0.07621004432439804,0.24422186613082886
197,18,0.7486157240346074,0.9534802436828613,1.1471424102783203,0.009725679643452168,0.06114070862531662,0.2576248049736023
197,19,0.7042811177670956,0.9537257552146912,1.1475266218185425,0.011256851255893707,0.05095762386918068,0.22181616723537445
197,20,0.7423459285870195,0.953351616859436,1.147678017616272,0.01049510482698679,0.050604477524757385,0.26104041934013367
197,21,1.150951494462788,0.9533848166465759,1.1464263200759888,0.009534825570881367,0.046922504901885986,0.6745319366455078
197,22,1.3314082430675627,0.953457772731781,1.1458323001861572,0.010230847634375095,0.04306149110198021,0.8582578897476196
197,23,1.2296526797115803,0.9533779621124268,1.1455622911453247,0.01019948348402977,0.04402279108762741,0.7556423544883728
197,24,1.0173538137227296,0.9533858299255371,1.1447782516479492,0.010373102501034737,0.041809529066085815,0.5455383658409119
198,0,32.566999804973605,0.952761709690094,1.1451698541641235,22.55140495300293,7.327567100524902,2.2684414386749268
198,1,33.29953143000603,0.953982949256897,1.1416239738464355,25.210359573364258,7.220424652099609,0.44962581992149353
198,2,20.609470987319945,0.9539977312088013,1.1459002494812012,17.64847183227539,1.9445390701293945,0.5964804887771606
198,3,21.052762120962143,0.9543672800064087,1.1469926834106445,19.032386779785156,1.2493270635604858,0.3507762849330902
198,4,1.5120686262845995,0.9542598724365234,1.1496431827545166,0.012815877795219421,0.7950845956802368,0.28338754177093506
198,5,1.2164255676791074,0.9533954858779907,1.1460819244384766,0.011102634482085705,0.48576390743255615,0.2996635437011719
198,6,1.2887065019458532,0.9534125328063965,1.145326018333435,0.011343708261847496,0.6008556485176086,0.2567594349384308
198,7,1.2731276866048575,0.9545888900756836,1.1424663066864014,0.013944482430815697,0.5427674055099487,0.297004759311676
198,8,1.1954933447763323,0.9559367895126343,1.1437019109725952,0.012989054434001446,0.4981740713119507,0.26440247893333435
198,9,1.2188984196633101,0.9558794498443604,1.1423600912094116,0.013553736731410027,0.4083765745162964,0.37732020020484924
198,10,1.2111090935766697,0.9557629227638245,1.141545057296753,0.024560455232858658,0.4860747158527374,0.28101232647895813
198,11,1.0794973846524956,0.9549974799156189,1.1415935754776,0.025422966107726097,0.35775381326675415,0.27700239419937134
198,12,1.1668277010321617,0.95503830909729,1.1417386531829834,0.028403453528881073,0.3699789345264435,0.34908992052078247
198,13,1.129408919066191,0.9544793963432312,1.1416175365447998,0.0254313163459301,0.33091264963150024,0.3538455665111542
198,14,1.038990017771721,0.9543834328651428,1.1419405937194824,0.027102425694465637,0.2843780219554901,0.3082447648048401
198,15,1.1540692746639252,0.9540371298789978,1.1419354677200317,0.027953416109085083,0.4132206439971924,0.2937006950378418
198,16,1.1890096975490452,0.9541627764701843,1.142315149307251,0.011582191102206707,0.35620948672294617,0.40192243456840515
198,17,0.9891866927966475,0.9542866349220276,1.1423747539520264,0.00927749928086996,0.19855880737304688,0.3620181083679199
198,18,0.7880969099700451,0.9550471305847168,1.142566204071045,0.00920030102133751,0.1418006420135498,0.21757330000400543
198,19,0.8300455836579204,0.9551575779914856,1.1422640085220337,0.01406859140843153,0.20704598724842072,0.18944668769836426
198,20,0.8283592877909541,0.9550896883010864,1.1421451568603516,0.012147071771323681,0.18012003600597382,0.21664521098136902
198,21,0.7779273580759765,0.9549412727355957,1.142100214958191,0.01169833354651928,0.1641514152288437,0.18266931176185608
198,22,0.7667190967127682,0.9556571245193481,1.1419416666030884,0.012140962295234203,0.14172622561454773,0.19333215057849884
198,23,0.8075201923027635,0.9555689692497253,1.1422438621520996,0.011709772981703281,0.12140592932701111,0.2548419237136841
198,24,0.7542941868305206,0.9555661082267761,1.1423066854476929,0.011833950877189636,0.15186326205730438,0.1710224151611328
199,0,29.28554277420044,0.9554615020751953,4.835197925567627,20.00298500061035,5.987298488616943,2.13712739944458
199,1,22.22477161884308,0.9554615020751953,3.9883217811584473,14.414661407470703,6.173172950744629,0.6481806039810181
199,2,20.63677567243576,0.9990449547767639,3.311286687850952,15.275191307067871,3.970346689224243,0.529171347618103
199,3,16.230943310260773,0.9654737710952759,2.7285666465759277,13.413663864135742,1.5535632371902466,0.5249081254005432
199,4,1.7960474282503127,0.9627107381820679,1.9327507019042969,0.04018019139766693,0.7755692601203918,0.4012056887149811
199,5,1.463394130393863,0.9617232084274292,1.6867374181747437,0.017808539792895317,0.5990418195724487,0.3168516457080841
199,6,1.1823385011404755,0.9585328102111816,1.5038701295852661,0.010443611070513725,0.4165257513523102,0.2628885507583618
199,7,0.9961003767326475,0.9590567350387573,1.272613763809204,0.014645536430180073,0.21231649816036224,0.3228042423725128
199,8,1.073767713829875,0.9590781927108765,1.2153363227844238,0.016260696575045586,0.24189971387386322,0.38072440028190613
199,9,1.0812241919338703,0.9590783715248108,1.178133487701416,0.01467261090874672,0.24889008700847626,0.390219122171402
199,10,1.0637803129851817,0.9613711833953857,1.145746111869812,0.015573184937238693,0.18132537603378296,0.4454582929611206
199,11,0.9947753803804518,0.9614145159721375,1.1414601802825928,0.012570579536259174,0.16779375076293945,0.393836110830307
199,12,0.9746906772255898,0.9604983925819397,1.1400132179260254,0.014382340013980865,0.18711411952972412,0.35309189558029175
199,13,0.9081998094916344,0.9601098299026489,1.141350269317627,0.015130378305912018,0.13364599645137787,0.3391314148902893
199,14,0.9412196066230536,0.9603295922279358,1.143155813217163,0.016731178387999535,0.14571870863437653,0.3580726385116577
199,15,0.8284436073154211,0.9589818120002747,1.1449187994003296,0.016063781455159187,0.061224181205034256,0.3303755223751068
199,16,0.9165629509836436,0.9576086401939392,1.1464061737060547,0.012166338041424751,0.08259183913469315,0.40100181102752686
199,17,0.9299486555159092,0.9576029777526855,1.1478137969970703,0.012946080416440964,0.07964526861906052,0.41627395153045654
199,18,0.895359949208796,0.9571623802185059,1.1482763290405273,0.012924392707645893,0.05488016828894615,0.40646764636039734
199,19,0.8460728742182255,0.9570891261100769,1.147689700126648,0.01355639100074768,0.04771989956498146,0.36384081840515137
199,20,0.8971991572529078,0.9567232728004456,1.1487325429916382,0.010476114228367805,0.0372609868645668,0.4283708930015564
199,21,0.8483125608414411,0.9567649960517883,1.150161623954773,0.010818986222147942,0.0367758572101593,0.37933239340782166
