method,seed,n_nodes,episodes,final_total_loss,min_total_loss,elapsed_s
random,456,15,150,2.3693936225026846,2.3110495265573263,1404.671596288681
