dpo_loss,reward,cov_bonus,score,target,value,episode,step
0.6931471824645996,400.5,5.524238696897335,406.0242386968973,X24,-1.84,0,0
