episode,step,total_loss,loss_X1,loss_X3,loss_X5,loss_X10,loss_X11,loss_X12,loss_X13,loss_X14,loss_X15,loss_X16,loss_X17,loss_X18,loss_X19,loss_X20,loss_X21,loss_X22,loss_X23,loss_X24,loss_X25,loss_X26,loss_X27,loss_X28,loss_X29,loss_X30,loss_X6,loss_X7,loss_X8,loss_X9
0,0,50.91740809679031,0.9554615020751953,1.0168070793151855,1.146030306816101,2.3976635932922363,2.6663010120391846,1.3017876148223877,0.9585103392601013,1.4462651014328003,2.703195571899414,1.765291690826416,0.9831773042678833,3.2255756855010986,2.20392107963562,1.5365337133407593,1.1728107929229736,2.0306527614593506,4.432275295257568,1.582107424736023,3.0334324836730957,3.2864067554473877,1.2648320198059082,1.1020430326461792,1.0710264444351196,1.4108155965805054,1.6294904947280884,1.6946810483932495,3.9592268466949463,1.4357246160507202
0,1,8.423932188004255,0.9529731273651123,1.0307198762893677,1.153128743171692,2.4285523891448975,0.035037968307733536,0.06093287840485573,0.22206734120845795,0.02384588122367859,0.5545742511749268,0.25914502143859863,0.029217341914772987,0.7989313006401062,0.06802691519260406,0.07290904968976974,0.1897343248128891,0.3669716715812683,1.7070822715759277,0.14644792675971985,0.35630759596824646,0.14569416642189026,0.0346444807946682,0.049681756645441055,0.06698070466518402,0.04750920459628105,0.03665096312761307,0.023490408435463905,0.04697692021727562,0.02515510469675064
0,2,8.568125315010548,0.9524099826812744,1.0253151655197144,1.1446611881256104,2.3981916904449463,0.026995984837412834,0.17496076226234436,0.5551837086677551,0.04167918860912323,0.4076804518699646,0.060888852924108505,0.028904329985380173,0.4060015380382538,0.034060243517160416,0.05452992022037506,0.2899070978164673,0.5611560940742493,1.6906288862228394,0.3773651421070099,0.19344724714756012,0.12104493379592896,0.2131529003381729,0.04428136721253395,0.06215251609683037,0.04631759971380234,0.06028689444065094,0.025513561442494392,0.0411960706114769,0.028121065348386765
0,3,4.201625955849886,0.9535577893257141,1.0175938606262207,1.1451590061187744,0.02683872915804386,0.035963188856840134,0.29356738924980164,0.26040032505989075,0.06124075502157211,0.029235972091555595,0.04182583466172218,0.05047500878572464,0.03773821145296097,0.02702770195901394,0.045376967638731,0.06803900003433228,0.6439050436019897,0.6998801827430725,0.1171053797006607,0.11543583869934082,0.2636401653289795,0.4867936074733734,0.04177200421690941,0.021341323852539062,0.07582023739814758,0.04500841721892357,0.020935537293553352,0.033206917345523834,0.035790085792541504
0,4,5.208660992980003,0.959551990032196,1.0169860124588013,1.1411758661270142,0.023785263299942017,0.05765299126505852,0.542963445186615,0.05536345764994621,0.04320187866687775,0.080051951110363,0.0492548830807209,0.031614284962415695,0.06883084028959274,0.02558220736682415,0.02709946036338806,0.07720554620027542,0.8650291562080383,0.15237116813659668,0.21535150706768036,1.0987361669540405,0.3254917562007904,0.6315901279449463,0.027214594185352325,0.02404073253273964,0.025806430727243423,0.037662751972675323,0.028972523286938667,0.03156963363289833,0.0386754609644413
0,5,4.429882587119937,0.9576065540313721,1.0174551010131836,1.1419181823730469,0.02384689263999462,0.055441588163375854,0.6267244219779968,0.060265153646469116,0.06581636518239975,0.09168141335248947,0.03675355389714241,0.025997959077358246,0.03301028534770012,0.0238584503531456,0.03383667394518852,0.060821354389190674,0.8357955813407898,0.15202279388904572,0.28918150067329407,0.0887187272310257,0.4519459903240204,0.646663248538971,0.025485001504421234,0.022233368828892708,0.032042328268289566,0.042139675468206406,0.02366325445473194,0.024591486901044846,0.03394955024123192
0,6,5.207519935443997,0.9572341442108154,1.0166493654251099,1.1444711685180664,0.026325713843107224,0.05573094263672829,0.8097742795944214,0.05454854667186737,0.054143376648426056,0.07157550752162933,0.03746543824672699,0.027945196256041527,0.035069696605205536,0.02088312990963459,0.03763296455144882,0.08106265962123871,1.3665564060211182,0.13642942905426025,0.499971866607666,0.08540620654821396,0.44576093554496765,0.5120712518692017,0.032197341322898865,0.02310585044324398,0.0376703180372715,0.03587576374411583,0.026961088180541992,0.03074544668197632,0.038939643651247025
0,7,5.723009625077248,0.9573497772216797,1.0174247026443481,1.1446192264556885,0.02584415301680565,0.06487631052732468,0.7468446493148804,0.05453844740986824,0.0414697490632534,0.04142468050122261,0.03936249390244484,0.02504793182015419,0.032552264630794525,0.02348153479397297,0.03557870164513588,0.10579728335142136,1.3726247549057007,0.20533184707164764,1.1374458074569702,0.09381484985351562,0.3677352964878082,0.48031923174858093,0.03468694910407066,0.022907191887497902,0.030892441049218178,0.02876787632703781,0.023256197571754456,0.026094960048794746,0.038435280323028564
0,8,5.712004036083817,0.9566250443458557,1.0174009799957275,1.1450560092926025,0.02970680594444275,0.04948090761899948,0.5686231851577759,0.058581285178661346,0.034856341779232025,0.04220936447381973,0.024388553574681282,0.030629264190793037,0.03350776433944702,0.01976865902543068,0.03062557987868786,0.11644773185253143,2.481386661529541,0.21873532235622406,0.050794266164302826,0.11605016887187958,0.41441190242767334,0.5497784614562988,0.03866365924477577,0.022397464141249657,0.037653081119060516,0.032478149980306625,0.025047872215509415,0.028846709057688713,0.03311846777796745
0,9,7.106710951775312,0.9564054608345032,1.0174014568328857,1.147872805595398,0.027048194780945778,0.054506026208400726,0.6963976621627808,0.07145272940397263,0.022783752530813217,0.04509403184056282,0.029057683423161507,0.034465137869119644,0.028518522158265114,0.022799918428063393,0.030066316947340965,0.12195808440446854,3.577075719833374,0.2567902207374573,0.05115819722414017,0.1404930055141449,0.46454864740371704,0.5798159241676331,0.0354500412940979,0.02375008910894394,0.04309694841504097,0.038310665637254715,0.02403748221695423,0.029415063560009003,0.03428494185209274
1,0,53.7558886885643,0.9554615020751953,1.0168070793151855,1.146030306816101,2.6213502883911133,2.2356395721435547,2.0098066329956055,0.963880717754364,0.9657083749771118,2.049502372741699,1.5817829370498657,1.7272961139678955,3.21174693107605,2.7422523498535156,2.2657015323638916,1.4371801614761353,2.7688629627227783,3.96587872505188,1.5282410383224487,3.513231039047241,3.2749807834625244,1.168821930885315,1.4999384880065918,0.8872886896133423,1.3599921464920044,1.8604592084884644,1.7582570314407349,4.559471607208252,1.174957275390625
1,1,10.206220910698175,0.9548875689506531,1.0313822031021118,1.1562707424163818,2.7283449172973633,0.031185142695903778,0.05650344491004944,0.21809206902980804,0.07681833952665329,1.2385659217834473,0.09798026829957962,0.11675384640693665,1.7845849990844727,0.024355841800570488,0.031387656927108765,0.6025831699371338,0.2481621950864792,1.070578932762146,0.22270336747169495,0.3679198622703552,0.22864192724227905,0.19246216118335724,0.023340750485658646,0.05295982584357262,0.03188398480415344,0.03070051036775112,0.023976890370249748,0.04936954751610756,0.027857234701514244
1,2,11.330207043886185,0.9538251757621765,1.0464057922363281,1.1466968059539795,2.779599905014038,0.2362712025642395,0.12183812260627747,0.293155699968338,0.04029694199562073,0.8368614912033081,0.42110469937324524,0.1885557919740677,1.3403257131576538,0.03249663487076759,0.03273400291800499,0.10710995644330978,0.17463748157024384,1.5086265802383423,1.0178292989730835,0.9233723282814026,0.35228511691093445,0.03249286115169525,0.05168772488832474,0.04835635423660278,0.034518174827098846,0.03123750537633896,0.027925236150622368,0.040845442563295364,0.0266572218388319
1,3,11.673065669462085,0.9533456563949585,1.025720477104187,1.1440385580062866,2.819854497909546,0.23247192800045013,0.11868681758642197,0.1736544370651245,0.037257514894008636,0.6499009728431702,0.645158588886261,0.21488595008850098,1.1990351676940918,0.027058517560362816,0.06149328500032425,0.13745123147964478,0.1849290430545807,0.9304380416870117,1.913885235786438,1.0638829469680786,0.31599393486976624,0.025539753958582878,0.043314915150403976,0.091218501329422,0.03169163316488266,0.028499042615294456,0.024456996470689774,0.04419918730854988,0.033486589789390564
1,4,6.529209217429161,0.9591544270515442,1.0211210250854492,1.141830325126648,0.027296440675854683,0.2859000563621521,0.190909743309021,0.03576677292585373,0.06886747479438782,0.06012236699461937,0.5314322113990784,0.08438339084386826,0.04152291640639305,0.02635716088116169,0.13371573388576508,0.0786784440279007,0.3074887990951538,0.21817760169506073,2.7360639572143555,0.6425228118896484,0.16852551698684692,0.07075851410627365,0.02585495635867119,0.02554701268672943,0.030822666361927986,0.03071410395205021,0.02624506875872612,0.0270277988165617,0.030086541548371315
1,5,5.85069686435163,0.9556365013122559,1.0199798345565796,1.1424055099487305,0.024877598509192467,0.2709163725376129,0.24207524955272675,0.03487050160765648,0.04535143822431564,0.05816790834069252,0.43578723073005676,0.1272852122783661,0.04387008771300316,0.02728865295648575,0.03690977767109871,0.09818220883607864,0.24063681066036224,0.1985054314136505,2.3238673210144043,0.48473745584487915,0.2545396387577057,0.09789358079433441,0.025578303262591362,0.02428703010082245,0.023186633363366127,0.029011204838752747,0.02524571493268013,0.031229108572006226,0.022792022675275803
1,6,7.310674672946334,0.9548295736312866,1.0196505784988403,1.1410611867904663,0.021724781021475792,0.30956488847732544,0.23573197424411774,0.03993695229291916,0.05916799604892731,0.048404861241579056,0.4007382094860077,0.15619860589504242,0.035538606345653534,0.026275888085365295,0.030296780169010162,0.16826768219470978,0.2573698163032532,0.21374842524528503,2.7686917781829834,1.2522445917129517,0.39037492871284485,0.09491515159606934,0.025071239098906517,0.02563871443271637,0.025081947445869446,0.027577092871069908,0.022301027551293373,0.02823575958609581,0.02446870692074299
1,7,5.027564178034663,0.9536755084991455,1.0200252532958984,1.1416758298873901,0.024039974436163902,0.14531368017196655,0.21330885589122772,0.02318510040640831,0.08329706639051437,0.04077780991792679,0.6580342650413513,0.12487012147903442,0.031763337552547455,0.030513085424900055,0.021959124132990837,0.18220175802707672,0.21274350583553314,0.12109989672899246,1.700624704360962,0.5383312702178955,0.039421167224645615,0.028415605425834656,0.023592956364154816,0.025811439380049706,0.03349331021308899,0.02423391304910183,0.023485785350203514,0.02965514548122883,0.024315981194376945
1,8,5.554071984067559,0.953197717666626,1.0192735195159912,1.1412447690963745,0.02321208454668522,0.10624810308218002,0.21361184120178223,0.03494199365377426,0.07405906170606613,0.045649636536836624,0.7385579943656921,0.1496501863002777,0.03020760789513588,0.024695610627532005,0.023937957361340523,0.21003420650959015,0.2589753270149231,0.141984224319458,2.1045022010803223,0.49560752511024475,0.03824615105986595,0.02813059836626053,0.02332570031285286,0.026900526136159897,0.03170613944530487,0.029150579124689102,0.025772348046302795,0.030545661225914955,0.02167551778256893
1,9,5.4875421792268755,0.9537419080734253,1.0200523138046265,1.1420323848724365,0.02426156960427761,0.11503079533576965,0.29511845111846924,0.03899233043193817,0.08026272803544998,0.03794873133301735,0.9302641749382019,0.10641270875930786,0.03422147035598755,0.02142205834388733,0.02624581940472126,0.1626024693250656,0.24290765821933746,0.09103567153215408,2.3805973529815674,0.029700426384806633,0.036764536052942276,0.028069010004401207,0.022026268765330315,0.023751255124807358,0.026466935873031616,0.03073841892182827,0.02428572066128254,0.02931363694369793,0.025936659425497055
1,10,4.543036263436079,0.9543095827102661,1.0189731121063232,1.1427807807922363,0.020256539806723595,0.08328507095575333,0.3570621609687805,0.0451318584382534,0.06416119635105133,0.0353732667863369,0.8054463863372803,0.1671973168849945,0.036193519830703735,0.02281724475324154,0.02388371340930462,0.22709475457668304,0.32214459776878357,0.09656558185815811,1.339009404182434,0.03882436454296112,0.028184009715914726,0.03381389006972313,0.021863162517547607,0.022930879145860672,0.03071005456149578,0.02574816159904003,0.025783751159906387,0.025104813277721405,0.021237868815660477
1,11,4.238151726126671,0.9544821381568909,1.0191630125045776,1.1423557996749878,0.024300353601574898,0.06711707264184952,0.3617344796657562,0.04256225377321243,0.06412972509860992,0.038140445947647095,0.46952125430107117,0.07384584844112396,0.035001907497644424,0.022270293906331062,0.024288009852170944,0.2176790088415146,0.26255565881729126,0.10527311265468597,1.5318981409072876,0.03748955577611923,0.022128697484731674,0.03189690783619881,0.025120964273810387,0.02254880964756012,0.03147822245955467,0.027184102684259415,0.024818668141961098,0.028044791892170906,0.023923249915242195
1,12,5.0789503961801525,0.9556066393852234,1.0188283920288086,1.1421012878417969,0.02416994981467724,0.06420433521270752,0.4105047285556793,0.05568002909421921,0.06067785620689392,0.03235979750752449,0.40241533517837524,0.09499167650938034,0.03652593493461609,0.021784953773021698,0.023024635389447212,0.25550442934036255,0.13524489104747772,0.11802837997674942,2.456725597381592,0.040193215012550354,0.024784695357084274,0.024063877761363983,0.022061659023165703,0.02317555993795395,0.026740333065390587,0.029575053602457047,0.022096361964941025,0.02702292799949646,0.02408691868185997
1,13,6.153714422881603,0.9565333724021912,1.0189611911773682,1.1432857513427734,0.02124410681426525,0.06123265251517296,0.4245673716068268,0.059131547808647156,0.06140156835317612,0.03555499389767647,0.4048573970794678,0.0991799458861351,0.03920000419020653,0.02056165412068367,0.026454979553818703,0.3403887152671814,0.3933834433555603,0.09118454158306122,3.082765817642212,0.15431827306747437,0.021461259573698044,0.024834144860506058,0.02093280665576458,0.027517396956682205,0.026486016809940338,0.022175440564751625,0.022782087326049805,0.025614481419324875,0.022727712988853455
1,14,3.005200747027993,0.9572755098342896,1.0181639194488525,1.1429469585418701,0.022754495963454247,0.07141484320163727,0.42691919207572937,0.10147938132286072,0.06609214097261429,0.03731250762939453,0.3566461503505707,0.09772912412881851,0.03903450816869736,0.022652093321084976,0.02412186749279499,0.5018885135650635,0.08521122485399246,0.09501896798610687,0.09644176065921783,0.11388453096151352,0.022527186200022697,0.024547293782234192,0.022083573043346405,0.030101899057626724,0.027020003646612167,0.025168873369693756,0.02163843810558319,0.025826867669820786,0.02400803193449974
1,15,2.719859138503671,0.9565390348434448,1.0187556743621826,1.1428589820861816,0.024888373911380768,0.05921085178852081,0.3679068684577942,0.10273602604866028,0.05508352816104889,0.03475737199187279,0.39291128516197205,0.08746770769357681,0.03123467229306698,0.02196865901350975,0.02406967617571354,0.39879515767097473,0.07670896500349045,0.08221469819545746,0.07949447631835938,0.03411582112312317,0.022704746574163437,0.025673294439911842,0.02441209740936756,0.02310148999094963,0.027797164395451546,0.025469273328781128,0.022649601101875305,0.02693633735179901,0.02392025664448738
1,16,2.884839065745473,0.9564810395240784,1.0183629989624023,1.1432443857192993,0.02187957800924778,0.056743323802948,0.7563762068748474,0.07297338545322418,0.06181015074253082,0.03455618396401405,0.3161882162094116,0.06628260761499405,0.03367064893245697,0.02132098563015461,0.030302228406071663,0.3459698557853699,0.0726621001958847,0.0669197216629982,0.04955701529979706,0.03777201473712921,0.022383524104952812,0.026627959683537483,0.022780122235417366,0.022449733689427376,0.023353883996605873,0.025737987831234932,0.022045793011784554,0.0269492007791996,0.0239089522510767
1,17,3.009207421913743,0.9564030766487122,1.017711877822876,1.1439366340637207,0.0225834958255291,0.0490269809961319,0.8402346968650818,0.07078714668750763,0.07405055314302444,0.03326161950826645,0.34695127606391907,0.07021626085042953,0.034553639590740204,0.021890951320528984,0.02315116673707962,0.34610533714294434,0.08829015493392944,0.06068049743771553,0.04752855747938156,0.04243882745504379,0.02237735316157341,0.02489680051803589,0.023085033521056175,0.02631334587931633,0.023084884509444237,0.024068558588624,0.024149509146809578,0.021694742143154144,0.02417571470141411
1,18,3.0533042270690203,0.9568141102790833,1.017647385597229,1.1435537338256836,0.022425584495067596,0.059024423360824585,0.879795491695404,0.06198123097419739,0.07266396284103394,0.03892358019948006,0.37568819522857666,0.0674651637673378,0.03349669650197029,0.024007679894566536,0.02460450306534767,0.3200274109840393,0.07989908009767532,0.05933227390050888,0.05782827362418175,0.040170226246118546,0.024538693949580193,0.025829413905739784,0.023852892220020294,0.02191651239991188,0.024034926667809486,0.023161692544817924,0.020655285567045212,0.02605956606566906,0.022318420931696892
1,19,2.6695312939584257,0.9571030139923096,1.0181812047958374,1.143623948097229,0.021063117310404778,0.036094848066568375,0.7022212743759155,0.07098226249217987,0.05918249860405922,0.03198466822504997,0.2840850055217743,0.061291035264730453,0.03300047293305397,0.02126423828303814,0.02587192878127098,0.24048849940299988,0.08013255149126053,0.06684070080518723,0.056700605899095535,0.04076306149363518,0.025688759982585907,0.025850899517536163,0.023944217711687088,0.022711802273988724,0.02061586268246174,0.024717209860682487,0.02238203026354313,0.025011513382196426,0.02286059595644474
1,20,2.757378874719143,0.9575050473213196,1.0175480842590332,1.143673062324524,0.02219543606042862,0.044652458280324936,0.7971042990684509,0.08945498615503311,0.06446491926908493,0.03428207337856293,0.1842760294675827,0.06192727014422417,0.030414234846830368,0.022599708288908005,0.022954437881708145,0.2798910439014435,0.09839481860399246,0.06448403745889664,0.05700775980949402,0.046629540622234344,0.024116002023220062,0.023460175842046738,0.0201664250344038,0.025617945939302444,0.02203242853283882,0.022970298305153847,0.022556520998477936,0.026237085461616516,0.025743700563907623
1,21,3.210110891610384,0.9574573636054993,1.0177890062332153,1.1435151100158691,0.024183087050914764,0.03389394283294678,1.006611943244934,0.07193166017532349,0.07238523662090302,0.03031190112233162,0.20407076179981232,0.07641749829053879,0.036963075399398804,0.024630924686789513,0.025256628170609474,0.5062928199768066,0.10133761912584305,0.0663980096578598,0.05931220203638077,0.041135143488645554,0.022381486371159554,0.024289792403578758,0.020282017067074776,0.02280895970761776,0.02106357365846634,0.02350361831486225,0.021750641986727715,0.025360362604260445,0.02378568984568119
1,22,2.9285179316997527,0.9571618437767029,1.0174083709716797,1.144149661064148,0.021148625761270523,0.03416929021477699,0.8709688186645508,0.08304312825202942,0.059059612452983856,0.034671295434236526,0.18694305419921875,0.07641066610813141,0.03753095492720604,0.021909821778535843,0.03680894523859024,0.38328394293785095,0.07358259707689285,0.0744444876909256,0.057682473212480545,0.03830191493034363,0.021387290209531784,0.02386440709233284,0.024099789559841156,0.022847671061754227,0.0221871230751276,0.026644408702850342,0.023105354979634285,0.027090517804026604,0.02358776517212391
1,23,2.8220989868044852,0.9577094316482544,1.0173321962356567,1.1447389125823975,0.024608036503195763,0.03647904843091965,0.8281916379928589,0.03579246625304222,0.06968065351247787,0.03005427122116089,0.18616162240505219,0.066695936024189,0.035426344722509384,0.025375062599778175,0.025299781933426857,0.3842027187347412,0.08457718789577484,0.0480712428689003,0.07265597581863403,0.037525542080402374,0.0237021092325449,0.02324197255074978,0.02276666648685932,0.02388796955347061,0.02046053111553192,0.024932410567998886,0.02061912603676319,0.024454254657030106,0.02328030951321125
1,24,2.5167707595974207,0.9575355052947998,1.017174482345581,1.1451061964035034,0.022239739075303078,0.03357896953821182,0.5946671962738037,0.02474117837846279,0.0626286044716835,0.03598388284444809,0.17566098272800446,0.07289823144674301,0.03509815037250519,0.024033356457948685,0.031763963401317596,0.35830268263816833,0.06702010333538055,0.04788490757346153,0.061098363250494,0.03430616855621338,0.02417948469519615,0.02539568766951561,0.021581806242465973,0.021949326619505882,0.02024875581264496,0.02790587767958641,0.02311687543988228,0.02624489739537239,0.020278330892324448
2,0,53.43383829593658,0.9554615020751953,1.0168070793151855,1.146030306816101,3.108032703399658,1.827728509902954,1.4632014036178589,0.9810857176780701,1.1803475618362427,2.7333168983459473,2.4942870140075684,1.5940760374069214,3.744598150253296,1.169036865234375,2.186965227127075,1.7110974788665771,2.524118423461914,4.326873302459717,1.325859785079956,4.249571323394775,2.1576602458953857,1.636231541633606,1.234920859336853,0.6054956316947937,1.5893248319625854,1.7406718730926514,1.9426013231277466,3.4890992641448975,1.7939765453338623
2,1,13.45041121095419,0.9736054539680481,1.015350580215454,1.147279977798462,0.04501653462648392,2.0018746852874756,0.0688270702958107,0.07014970481395721,0.1278226524591446,0.10607339441776276,0.28633472323417664,0.26058846712112427,0.06837480515241623,0.026184722781181335,0.04309067502617836,0.037406641989946365,1.826055884361267,3.5145328044891357,1.1313104629516602,0.33449769020080566,1.3344941139221191,1.3004335165023804,0.02390613593161106,0.0455201119184494,0.03855208680033684,0.04190424084663391,0.022167053073644638,0.04279807582497597,0.025247754529118538
2,2,4.556830130890011,0.9709537029266357,1.0154829025268555,1.152761697769165,0.027957996353507042,1.9828559160232544,0.17505352199077606,0.07755985110998154,0.10725224763154984,0.0597384087741375,0.14133067429065704,0.11656360328197479,0.1200655922293663,0.027396829798817635,0.06333667784929276,0.06839846074581146,0.14188431203365326,0.069581538438797,0.07194685190916061,0.35587310791015625,0.025837687775492668,0.020206786692142487,0.03651177138090134,0.03639382869005203,0.04958787560462952,0.06582067906856537,0.02757108397781849,0.035277482122182846,0.024987684562802315
2,3,4.7095310620963575,0.9667763710021973,1.0170557498931885,1.1500743627548218,0.02955547533929348,1.672899603843689,0.1594633013010025,0.07688529789447784,0.1132822260260582,0.03646642342209816,0.11875510960817337,0.06032681092619896,0.576709508895874,0.03473381698131561,0.07091017812490463,0.07342597097158432,0.07878927886486053,0.07078368216753006,0.03658248111605644,0.5492568016052246,0.028672106564044952,0.023500941693782806,0.03792781010270119,0.027180327102541924,0.04870728403329849,0.05940466374158859,0.029068371281027794,0.04142476245760918,0.028037531301379204
2,4,2.328436177968979,0.9576786160469055,1.0185257196426392,1.1548652648925781,0.02409258484840393,0.02600288763642311,0.046058185398578644,0.14453570544719696,0.18888404965400696,0.031069112941622734,0.16669005155563354,0.03084954433143139,0.05779062211513519,0.03124009259045124,0.10939212888479233,0.1538527011871338,0.0754486694931984,0.06782089173793793,0.027980312705039978,0.19646115601062775,0.02604469284415245,0.022865593433380127,0.051515132188797,0.04625255614519119,0.052922967821359634,0.03428902104496956,0.029243892058730125,0.0348234623670578,0.026096243411302567
2,5,2.280743198096752,0.9565068483352661,1.0189753770828247,1.1563509702682495,0.025679446756839752,0.022725556045770645,0.09268064796924591,0.16037191450595856,0.13504770398139954,0.03403007984161377,0.2680879235267639,0.027723403647542,0.04946710169315338,0.027913440018892288,0.04643579199910164,0.2121376246213913,0.07035160809755325,0.05145316943526268,0.029535768553614616,0.10130403190851212,0.02652454562485218,0.025021567940711975,0.04761417210102081,0.04767392948269844,0.025984063744544983,0.037458114326000214,0.03055943362414837,0.03337334096431732,0.025222178548574448
2,6,2.3881635945290327,0.9554987549781799,1.0196425914764404,1.155452847480774,0.023808827623724937,0.028210291638970375,0.09779804944992065,0.16030395030975342,0.114842988550663,0.0311433095484972,0.25485387444496155,0.028475426137447357,0.055740274488925934,0.029000703245401382,0.04811191186308861,0.3476768136024475,0.07877779752016068,0.045747727155685425,0.029987262561917305,0.10643483698368073,0.025521785020828247,0.02674091048538685,0.02367059327661991,0.05447220429778099,0.026154935359954834,0.035538021475076675,0.03180236369371414,0.033840928226709366,0.023388968780636787
2,7,2.1328490931540727,0.9561604857444763,1.0161960124969482,1.1528441905975342,0.024838820099830627,0.02688663825392723,0.06302978843450546,0.21049083769321442,0.07988079637289047,0.03672872111201286,0.03607533872127533,0.026041720062494278,0.05760462209582329,0.024520661681890488,0.037622254341840744,0.35910412669181824,0.06309681385755539,0.03883526474237442,0.03654627874493599,0.11063546687364578,0.027205051854252815,0.026830527931451797,0.026255257427692413,0.04312249645590782,0.025135912001132965,0.038993094116449356,0.03425320237874985,0.028448153287172318,0.02562711015343666
2,8,2.1817999873310328,0.9554017186164856,1.0162408351898193,1.1524416208267212,0.023558109998703003,0.022201387211680412,0.05156926438212395,0.2383648008108139,0.08263631910085678,0.037358809262514114,0.037014879286289215,0.030305081978440285,0.06180102378129959,0.0267792921513319,0.03248964995145798,0.4219196140766144,0.062006719410419464,0.03251422569155693,0.04676375538110733,0.10111958533525467,0.024986185133457184,0.025547031313180923,0.027074292302131653,0.024389687925577164,0.025306614115834236,0.042703308165073395,0.02681853249669075,0.030561674386262894,0.021193308755755424
2,9,2.076286996901035,0.9545480012893677,1.0162410736083984,1.1512887477874756,0.022442929446697235,0.02315119467675686,0.04652688279747963,0.20988589525222778,0.06145830452442169,0.051213040947914124,0.021854236721992493,0.026732511818408966,0.05278652161359787,0.026172498241066933,0.025730842724442482,0.3983413279056549,0.06921932846307755,0.03176039457321167,0.04282926023006439,0.09967461228370667,0.02425052411854267,0.026246482506394386,0.027499446645379066,0.02234981767833233,0.022570308297872543,0.03838958591222763,0.02865554951131344,0.027977749705314636,0.024152185767889023
2,10,2.1368770014494656,0.9539512991905212,1.0159893035888672,1.1492794752120972,0.024152042344212532,0.022814806550741196,0.0675734281539917,0.26366639137268066,0.08419660478830338,0.04859902337193489,0.020536039024591446,0.022240199148654938,0.043012626469135284,0.025885017588734627,0.025642581284046173,0.41350963711738586,0.06281069666147232,0.030454974621534348,0.03793564438819885,0.08390767872333527,0.02404770627617836,0.02844119258224964,0.025054100900888443,0.025889718905091286,0.024282848462462425,0.030417246744036674,0.027459222823381424,0.027672072872519493,0.02283148467540741
2,11,2.3939398087561132,0.9539334774017334,1.0157703161239624,1.1486583948135376,0.02372300997376442,0.024584852159023285,0.07956935465335846,0.38158583641052246,0.07452050596475601,0.0527164600789547,0.02076069265604019,0.02323390357196331,0.04396118223667145,0.02422909624874592,0.026953626424074173,0.5583912134170532,0.06766556948423386,0.027683105319738388,0.04427621513605118,0.04901646450161934,0.022658737376332283,0.03112053871154785,0.02827288955450058,0.025645766407251358,0.025097301229834557,0.030209459364414215,0.03417675569653511,0.025188563391566277,0.025026271119713783
2,12,2.1751861102879047,0.9538249373435974,1.0162009000778198,1.1476807594299316,0.022067582234740257,0.023202480748295784,0.04961555078625679,0.4042961895465851,0.07275200635194778,0.04752853140234947,0.02503242716193199,0.02840215340256691,0.041429098695516586,0.023646879941225052,0.024545220658183098,0.3320937752723694,0.0909389778971672,0.03058970347046852,0.0394471138715744,0.06022431328892708,0.023578926920890808,0.0267924927175045,0.026917187497019768,0.025597067549824715,0.02619856223464012,0.028457792475819588,0.03183754161000252,0.023361343890428543,0.023091871291399002
2,13,2.3605158288031816,0.9541346430778503,1.0165188312530518,1.1476718187332153,0.026530027389526367,0.02210368402302265,0.04197617620229721,0.25014644861221313,0.06794032454490662,0.03951970115303993,0.0213309396058321,0.033494215458631516,0.03550805523991585,0.02348218858242035,0.02628660760819912,0.744014322757721,0.07369932532310486,0.026250790804624557,0.03233641758561134,0.036084115505218506,0.0226048082113266,0.024695400148630142,0.023953735828399658,0.024786947295069695,0.023346297442913055,0.030676500871777534,0.0363980196416378,0.02709362655878067,0.02259209379553795
2,14,2.4592037040740253,0.9543520212173462,1.0163609981536865,1.1478595733642578,0.02378019690513611,0.02218749187886715,0.029583752155303955,0.2191089689731598,0.0706808790564537,0.05746621638536453,0.02329128421843052,0.04541623219847679,0.04350206255912781,0.025220206007361412,0.023544590920209885,0.8164433836936951,0.095146045088768,0.02855835109949112,0.03316290304064751,0.0401449128985405,0.020288242027163506,0.03154377266764641,0.027815433219075203,0.02542134001851082,0.022891871631145477,0.02926441840827465,0.030599037185311317,0.026829905807971954,0.023597687482833862
2,15,2.1382021594792606,0.9541966319084167,1.0162115097045898,1.1472694873809814,0.021307798102498055,0.021491985768079758,0.03417736291885376,0.13257096707820892,0.06473501026630402,0.04143727198243141,0.021641487255692482,0.04802113398909569,0.043832212686538696,0.02323182485997677,0.027251243591308594,0.6118366718292236,0.07179271429777145,0.029185013845562935,0.040965382009744644,0.042123451828956604,0.026317963376641273,0.03238268569111824,0.02079099230468273,0.02410210855305195,0.022830311208963394,0.03167722001671791,0.03418269008398056,0.024830300360918045,0.02195082977414131
3,0,53.50590790510178,0.963961124420166,1.0205320119857788,1.1451551914215088,2.9005885124206543,1.4613018035888672,1.6842092275619507,0.8369339108467102,1.3250328302383423,2.9769089221954346,1.658034324645996,1.2719225883483887,3.1355650424957275,1.5225144624710083,2.898745536804199,1.1431984901428223,2.620306968688965,4.05068826675415,1.6529256105422974,3.769146203994751,2.283773183822632,1.1853338479995728,1.3916767835617065,1.281628131866455,1.410780429840088,2.058054208755493,2.2769076824188232,4.083678245544434,2.0001230239868164
3,1,24.382588040456177,0.963961124420166,1.0149356126785278,1.1417299509048462,2.350792646408081,0.46076500415802,0.1997307538986206,0.03164830803871155,0.04446480795741081,0.9884686470031738,0.056902483105659485,1.0566312074661255,2.0961039066314697,0.6087687611579895,0.02501087263226509,1.0892020463943481,2.908827543258667,2.9523777961730957,0.6487205028533936,2.7154769897460938,0.602726936340332,0.47713613510131836,0.5643324255943298,0.1978830248117447,0.8410516381263733,0.7954754829406738,0.025302153080701828,1.996091365814209,0.024571264162659645
3,2,4.314319183304906,0.9623410701751709,1.0171931982040405,1.1607062816619873,0.03462376445531845,0.19457603991031647,0.40195232629776,0.6134204268455505,0.04556227847933769,0.05757715180516243,0.4517272412776947,0.02486308477818966,0.053620826452970505,0.03789874538779259,0.03952972963452339,0.053627919405698776,0.1961509734392166,0.7739114761352539,0.10325029492378235,0.07178636640310287,0.05826486274600029,0.25882330536842346,0.03989977017045021,0.02594195120036602,0.022867843508720398,0.025096828117966652,0.025461232289671898,0.028406871482729912,0.04742976278066635
3,3,4.249235488846898,0.9600194096565247,1.0164787769317627,1.1513087749481201,0.02500779740512371,0.057066913694143295,0.5411653518676758,0.5017607808113098,0.025471385568380356,0.08220221102237701,0.6439033150672913,0.03074851632118225,0.04276803135871887,0.043164998292922974,0.027577286586165428,0.1817196011543274,0.35840460658073425,0.06269783526659012,0.05707027390599251,0.06385163217782974,0.04108118265867233,0.6141694188117981,0.05186718329787254,0.02671487256884575,0.02293509617447853,0.024815497919917107,0.021959932520985603,0.029057933017611504,0.04649244248867035
3,4,3.4642017472535374,0.9590586423873901,1.0199986696243286,1.147560715675354,0.023652460426092148,0.03970465809106827,0.13380329310894012,0.1819484829902649,0.026288457214832306,0.12267059832811356,0.16847822070121765,0.0454915352165699,0.06906053423881531,0.026126371696591377,0.04106273129582405,0.4984701871871948,0.3991752564907074,0.03669849410653114,0.45720842480659485,0.04295046254992485,0.15162122249603271,0.2017073631286621,0.02154153399169445,0.025410251691937447,0.02202552556991577,0.0235140398144722,0.02294890210032463,0.029078904539346695,0.028240229934453964
3,5,3.759371827170253,0.958032488822937,1.0184873342514038,1.1491475105285645,0.02315974421799183,0.021728506311774254,0.21195070445537567,0.2685786187648773,0.023830702528357506,0.11892982572317123,0.1998383104801178,0.04505717754364014,0.060965705662965775,0.025586018338799477,0.03514699637889862,0.6862636208534241,0.26339519023895264,0.05523863807320595,0.45737990736961365,0.04044204205274582,0.18460924923419952,0.23083391785621643,0.02322542853653431,0.024856582283973694,0.018746022135019302,0.029138118028640747,0.02409321814775467,0.028981082141399384,0.03226303309202194
3,6,3.2364751592278482,0.9575068354606628,1.019858956336975,1.1530272960662842,0.02342829667031765,0.02393346279859543,0.24055756628513336,0.28499093651771545,0.02543617971241474,0.12785959243774414,0.18691429495811462,0.04899534583091736,0.06366150081157684,0.029937272891402245,0.028890803456306458,0.6367140412330627,0.20803149044513702,0.06783813238143921,0.04921087622642517,0.04716300219297409,0.08169820159673691,0.25251591205596924,0.023508183658123016,0.024258607998490334,0.023465683683753014,0.023748299106955528,0.02362019382417202,0.0311043132096529,0.03291435167193413
3,7,3.1515372689813375,0.9561682343482971,1.0181223154067993,1.1507688760757446,0.026274142786860466,0.022640375420451164,0.3016603887081146,0.2036556601524353,0.026468638330698013,0.09542329609394073,0.17251934111118317,0.07045374065637589,0.05109991133213043,0.03323899954557419,0.028180500492453575,0.6360399127006531,0.19743986427783966,0.06368523091077805,0.04178531467914581,0.07503212243318558,0.12965147197246552,0.1707824170589447,0.023165011778473854,0.02489209733903408,0.023062866181135178,0.02696843072772026,0.023375030606985092,0.02517300844192505,0.03385761007666588
3,8,3.251644529774785,0.9563695192337036,1.0170341730117798,1.1469041109085083,0.02182718738913536,0.03427619859576225,0.17930886149406433,0.23088431358337402,0.02368125505745411,0.1020774096250534,0.15393541753292084,0.08843288570642471,0.03602927178144455,0.02027457021176815,0.02991396375000477,0.8724895715713501,0.20089365541934967,0.0738401934504509,0.038473375141620636,0.05649392679333687,0.1228492259979248,0.1616189330816269,0.024943701922893524,0.02862846478819847,0.022606614977121353,0.026113202795386314,0.023813344538211823,0.02571631595492363,0.02846110798418522
3,9,3.1871947374194862,0.9558743834495544,1.017109751701355,1.1464130878448486,0.022578176110982895,0.029676098376512527,0.19593024253845215,0.1793505698442459,0.026014957576990128,0.09263768792152405,0.14677123725414276,0.07033529877662659,0.03263234347105026,0.02185632660984993,0.050649892538785934,0.9215286374092102,0.23922355473041534,0.05714034289121628,0.04673661291599274,0.03221582993865013,0.06236158311367035,0.16050714254379272,0.024667032063007355,0.02673710323870182,0.022677920758724213,0.02613450400531292,0.022221306338906288,0.02469192072749138,0.02803897112607956
3,10,3.0938662495464087,0.9559789896011353,1.0166727304458618,1.1456445455551147,0.021768687292933464,0.052238285541534424,0.35493433475494385,0.17468619346618652,0.030247017741203308,0.10626188665628433,0.11429332196712494,0.0722976103425026,0.03403884172439575,0.0255991630256176,0.0783933699131012,0.6019320487976074,0.2772672176361084,0.05328139662742615,0.04132848605513573,0.03910795971751213,0.13606111705303192,0.08080974221229553,0.023153727874159813,0.028564976528286934,0.020941872149705887,0.02549491450190544,0.021377697587013245,0.02487512305378914,0.03125200420618057
3,11,2.8549148596823217,0.9550081491470337,1.0159845352172852,1.1447707414627075,0.02292552776634693,0.04105517268180847,0.5359488725662231,0.186889186501503,0.0274184662848711,0.11222761124372482,0.08980674296617508,0.05244230851531029,0.041448675096035004,0.027208779007196426,0.06238209828734398,0.13962003588676453,0.2861635088920593,0.05062765255570412,0.044522035866975784,0.04087619110941887,0.15903981029987335,0.12782278656959534,0.020972441881895065,0.026912694796919823,0.026360491290688515,0.02961510606110096,0.02426082454621792,0.02577855996787548,0.029436593875288963
3,12,2.542807686701417,0.9550693035125732,1.016648292541504,1.1454969644546509,0.02155977673828602,0.06760825216770172,0.26834970712661743,0.1794375628232956,0.023617977276444435,0.14642517268657684,0.15907062590122223,0.051397211849689484,0.036310531198978424,0.026811420917510986,0.0475686751306057,0.1294732540845871,0.25918200612068176,0.04495658725500107,0.04152030870318413,0.0369926355779171,0.14679747819900513,0.06728954613208771,0.021755650639533997,0.022317100316286087,0.021178890019655228,0.025210268795490265,0.021105434745550156,0.024616101756691933,0.028812598437070847
3,13,2.602422094345093,0.9558735489845276,1.0160530805587769,1.1461677551269531,0.02249079942703247,0.12502650916576385,0.25922635197639465,0.15153193473815918,0.024390509352087975,0.15590082108974457,0.17750686407089233,0.030252987518906593,0.04131720960140228,0.023190166801214218,0.053347304463386536,0.06807302683591843,0.27466896176338196,0.04424997791647911,0.0368022546172142,0.04266729950904846,0.1350063532590866,0.1351579874753952,0.02388407103717327,0.023148467764258385,0.02199247106909752,0.02679024077951908,0.02355414815247059,0.027596523985266685,0.031029975041747093
3,14,2.680414067953825,0.9559322595596313,1.015893816947937,1.1457959413528442,0.020855208858847618,0.15578974783420563,0.21278008818626404,0.16683785617351532,0.02696114592254162,0.14821378886699677,0.17997956275939941,0.033294759690761566,0.04655667021870613,0.02499828301370144,0.049151185899972916,0.07574397325515747,0.3272643983364105,0.053394757211208344,0.037977807223796844,0.044413674622774124,0.1518358588218689,0.1375586837530136,0.02325490303337574,0.022883618250489235,0.023038728162646294,0.02232522889971733,0.024610577151179314,0.025300312787294388,0.02186884544789791
3,15,2.671706476435065,0.9563958048820496,1.0162174701690674,1.1461448669433594,0.02305103838443756,0.15389469265937805,0.09965576231479645,0.21744570136070251,0.0293552428483963,0.16936182975769043,0.1562459021806717,0.06674442440271378,0.047685034573078156,0.022652296349406242,0.04750222712755203,0.06895047426223755,0.2627825438976288,0.05770394206047058,0.028256265446543694,0.04069961979985237,0.23320181667804718,0.15631519258022308,0.022712143138051033,0.020120983943343163,0.024556107819080353,0.02357298508286476,0.026205934584140778,0.02614261582493782,0.02314007095992565
3,16,2.611780747026205,0.9572620987892151,1.0158991813659668,1.146903395652771,0.0238146111369133,0.1047089695930481,0.028446540236473083,0.2541887164115906,0.024948695674538612,0.11600276082754135,0.16207461059093475,0.07167468965053558,0.03797805309295654,0.023366166278719902,0.04142862558364868,0.048205673694610596,0.3464411199092865,0.0710248351097107,0.032468292862176895,0.03894054517149925,0.2401999682188034,0.15685734152793884,0.02511516772210598,0.02170601300895214,0.022617463022470474,0.021878164261579514,0.024913201108574867,0.025327976793050766,0.02343961037695408
3,17,2.5813298486173153,0.9575321078300476,1.0163764953613281,1.1469825506210327,0.024276645854115486,0.10312001407146454,0.037655528634786606,0.24755676090717316,0.023933742195367813,0.12171512097120285,0.11908005177974701,0.06753531098365784,0.035447441041469574,0.026343470439314842,0.04295247793197632,0.051326438784599304,0.3671581745147705,0.06785296648740768,0.03177351877093315,0.04151294007897377,0.23774884641170502,0.14306601881980896,0.02270866185426712,0.02313525602221489,0.021426020190119743,0.021540401503443718,0.02617615833878517,0.029086003080010414,0.02302364818751812
3,18,2.467652529478073,0.9576427936553955,1.016159176826477,1.146311640739441,0.023098086938261986,0.13747049868106842,0.03779255971312523,0.2835581600666046,0.02282543294131756,0.12724032998085022,0.0942419171333313,0.08123619109392166,0.032834287732839584,0.024656077846884727,0.04111436381936073,0.03683939948678017,0.23108208179473877,0.06893563270568848,0.03404268994927406,0.04354678839445114,0.21939688920974731,0.1377808153629303,0.02249854803085327,0.019966095685958862,0.02260884828865528,0.023599665611982346,0.025237560272216797,0.028657255694270134,0.02336963079869747
3,19,2.0246972128748895,0.9567601084709167,1.0164920091629028,1.1461845636367798,0.02353292889893055,0.18020620942115784,0.06053176894783974,0.09670795500278473,0.02630414254963398,0.12977880239486694,0.0828595981001854,0.04381658136844635,0.03322282060980797,0.023202301934361458,0.050257742404937744,0.026814933866262436,0.2632198631763458,0.05106274411082268,0.03065151907503605,0.040598124265670776,0.022648757323622704,0.049419257789850235,0.021583113819360733,0.02201009914278984,0.023712366819381714,0.02449660375714302,0.02463972195982933,0.026021189987659454,0.023510729894042015
3,20,2.0050461545586584,0.9573227763175964,1.0169241428375244,1.1474974155426025,0.02300351671874523,0.10834187269210815,0.0645713359117508,0.09114667028188705,0.030669858679175377,0.12029542028903961,0.10699136555194855,0.03464415669441223,0.03381463140249252,0.02532561495900154,0.049657754600048065,0.03363983333110809,0.30460360646247864,0.0443384163081646,0.030514497309923172,0.036686573177576065,0.02396489679813385,0.05236164107918739,0.024449823424220085,0.021222885698080063,0.021687963977456093,0.025443624705076218,0.027000010013580322,0.024158665910363197,0.022162651643157005
3,21,1.8861832011491062,0.9568389654159546,1.0163177251815796,1.1474061012268066,0.020348437130451202,0.10307049006223679,0.05847141891717911,0.08599603921175003,0.02463442087173462,0.11468014866113663,0.07966305315494537,0.02946573868393898,0.0319138765335083,0.02441425248980522,0.05242159590125084,0.03498636558651924,0.2573621869087219,0.03915301337838173,0.032229624688625336,0.03662452846765518,0.025854986160993576,0.04232601821422577,0.024727046489715576,0.021317511796951294,0.022717131301760674,0.026481833308935165,0.027648184448480606,0.023305004462599754,0.022257735952734947
3,22,2.0141465570777655,0.9561108350753784,1.016618013381958,1.1471374034881592,0.02584681287407875,0.09661712497472763,0.07602831721305847,0.08774974197149277,0.02674962766468525,0.11971104890108109,0.08727788180112839,0.03900713101029396,0.03825316205620766,0.027020901441574097,0.05295127257704735,0.03409570828080177,0.32685813307762146,0.050268396735191345,0.0316910594701767,0.04080934822559357,0.023471737280488014,0.04869212210178375,0.021650027483701706,0.022640032693743706,0.02439829520881176,0.022748460993170738,0.022452708333730698,0.02180538885295391,0.021378865465521812
3,23,2.002851725369692,0.9558889865875244,1.016761302947998,1.1465797424316406,0.022697871550917625,0.05749114975333214,0.06378255039453506,0.09262944757938385,0.027796240523457527,0.13558033108711243,0.08371351659297943,0.04434046521782875,0.034744083881378174,0.02425510436296463,0.04513083025813103,0.0318719744682312,0.3476692736148834,0.0464438870549202,0.03037199378013611,0.043836794793605804,0.0284886471927166,0.0506424717605114,0.022462470456957817,0.02407672442495823,0.0245332233607769,0.02516697160899639,0.022696586325764656,0.026897190138697624,0.021685918793082237
3,24,2.029094913229346,0.9560816287994385,1.0168190002441406,1.1468114852905273,0.026381906121969223,0.0923399105668068,0.05051792040467262,0.09923094511032104,0.02860506810247898,0.1549796760082245,0.07412426918745041,0.04850418120622635,0.02985590510070324,0.027812639251351357,0.038759924471378326,0.027826527133584023,0.321450799703598,0.05517611280083656,0.0346328541636467,0.04579723998904228,0.0279073528945446,0.05097106844186783,0.022121373564004898,0.02314687892794609,0.023591430857777596,0.02581237070262432,0.022197211161255836,0.028554899618029594,0.0248540248721838
4,0,53.24909000396728,0.9554615020751953,1.0168070793151855,1.146030306816101,3.3722009658813477,1.998480200767517,1.209340214729309,1.3120856285095215,1.1795690059661865,2.967953681945801,1.8200613260269165,1.043753743171692,3.6249399185180664,1.405508041381836,1.5342693328857422,1.647009015083313,2.767951250076294,4.234703063964844,1.568719506263733,3.5501668453216553,2.278580665588379,1.6120026111602783,1.6628576517105103,0.7541615962982178,1.3353055715560913,1.704538106918335,2.2143259048461914,3.91257905960083,1.9143673181533813
4,1,11.360486929863692,0.9530764222145081,1.033233404159546,1.1712520122528076,3.423780679702759,0.05613240972161293,0.1349932849407196,0.08091563731431961,0.04723338782787323,1.0449628829956055,0.033975712954998016,0.2056928128004074,1.8640520572662354,0.05477932095527649,0.10156034678220749,0.9622307419776917,0.06905955821275711,0.416446715593338,0.5981448888778687,1.1166887283325195,0.0378902330994606,0.17554821074008942,0.062014397233724594,0.033980123698711395,0.07862374931573868,0.043567247688770294,0.027563663199543953,0.03624265268445015,0.022895118221640587
4,2,6.500409148260951,0.9524078369140625,1.0208704471588135,1.1447373628616333,3.260284662246704,0.09264189749956131,0.09834565967321396,0.05294346436858177,0.03375627100467682,0.07831092923879623,0.24708198010921478,0.16801832616329193,0.048287492245435715,0.02574525959789753,0.02135246992111206,0.18107137084007263,0.2793169617652893,0.2160406857728958,0.38017457723617554,0.08454867452383041,0.1151166558265686,0.27945753931999207,0.029653940349817276,0.024352967739105225,0.027085332199931145,0.03895380347967148,0.030937060713768005,0.035865314304828644,0.02746272273361683
4,3,3.371302180364728,0.9521098732948303,1.0187437534332275,1.1410651206970215,0.025279220193624496,0.13344861567020416,0.05778755992650986,0.046520449221134186,0.07066985964775085,0.03329665958881378,0.4049900472164154,0.23903654515743256,0.027427949011325836,0.02232583425939083,0.02958519756793976,0.07588446140289307,0.46452611684799194,0.3075774312019348,0.3399607837200165,0.05306559056043625,0.04370603710412979,0.1796170175075531,0.024675937369465828,0.02678222954273224,0.028097640722990036,0.027672486379742622,0.023712124675512314,0.03637241944670677,0.026900216937065125
4,4,3.5749801591038706,0.9522358179092407,1.0201256275177002,1.1469228267669678,0.023427428677678108,0.1619219034910202,0.04273906350135803,0.029347814619541168,0.14400678873062134,0.0645531490445137,0.16272814571857452,0.0842626616358757,0.026196816936135292,0.026835912838578224,0.0707850232720375,0.0760425552725792,0.3876064419746399,0.19383469223976135,0.8467487692832947,0.057519007474184036,0.057704124599695206,0.2974986135959625,0.032288938760757446,0.02796356938779354,0.02661748230457306,0.028799381107091904,0.02646196447312832,0.02959941327571869,0.025633642449975014
4,5,3.716693390533328,0.9534544348716736,1.0198920965194702,1.143034815788269,0.023270022124052048,0.14497151970863342,0.06492237746715546,0.04038703441619873,0.06736833602190018,0.05751873925328255,0.16667824983596802,0.18028180301189423,0.02567409723997116,0.03252973407506943,0.023038160055875778,0.0804889127612114,0.4099346697330475,0.18469184637069702,0.9671814441680908,0.07545997947454453,0.057995010167360306,0.29294323921203613,0.03619696944952011,0.028112778440117836,0.02880290150642395,0.02243441715836525,0.028494736179709435,0.030478008091449738,0.02356213517487049
4,6,3.8118580613285302,0.953109860420227,1.0198079347610474,1.1436697244644165,0.022797981277108192,0.18016204237937927,0.07259811460971832,0.043492358177900314,0.10324545204639435,0.05547482147812843,0.16526304185390472,0.19379964470863342,0.020946254953742027,0.02988436073064804,0.02540384978055954,0.05957754701375961,0.3027102053165436,0.19078803062438965,1.0422444343566895,0.07434280961751938,0.050336066633462906,0.3477838337421417,0.04330281913280487,0.02737637609243393,0.032818302512168884,0.02513294853270054,0.02297193743288517,0.03259161487221718,0.023495709523558617
4,7,4.0300924722105265,0.9533411264419556,1.0169042348861694,1.145192265510559,0.025525953620672226,0.22440898418426514,0.10067480802536011,0.032279204577207565,0.07057018578052521,0.06306324899196625,0.066414013504982,0.24151766300201416,0.02653065137565136,0.023679155856370926,0.026718877255916595,0.06273837387561798,0.24395623803138733,0.15251079201698303,1.2578855752944946,0.07946565747261047,0.049419913440942764,0.4820694625377655,0.02757243439555168,0.027373434975743294,0.022996200248599052,0.02620367892086506,0.024932220578193665,0.028227373957633972,0.02027084492146969
4,8,2.943805679678917,0.9542555212974548,1.0168557167053223,1.1449137926101685,0.02559742145240307,0.25321659445762634,0.15256717801094055,0.038748808205127716,0.05532408878207207,0.056635767221450806,0.10604028403759003,0.21480931341648102,0.027229072526097298,0.026254884898662567,0.022111831232905388,0.07902668416500092,0.23222659528255463,0.1693068891763687,0.2964412569999695,0.06828698515892029,0.027631131932139397,0.297987163066864,0.025257032364606857,0.025180216878652573,0.021398646757006645,0.024580975994467735,0.021748604252934456,0.027583081275224686,0.025410166010260582
4,9,3.0526134692132474,0.9538690447807312,1.016901969909668,1.1453677415847778,0.027092475444078445,0.24871774017810822,0.11567516624927521,0.04069892317056656,0.041054755449295044,0.057546667754650116,0.10882644355297089,0.21508777141571045,0.026782672852277756,0.02514202892780304,0.028822217136621475,0.06350187957286835,0.3242758512496948,0.2518801987171173,0.19981737434864044,0.06951078772544861,0.027512583881616592,0.3841855823993683,0.025705156847834587,0.0248419176787138,0.023547139018774033,0.022032029926776886,0.0251044612377882,0.029004249721765518,0.023019643500447273
4,10,2.720586905628443,0.9563505053520203,1.0179475545883179,1.1454145908355713,0.022262146696448326,0.10411077737808228,0.10596901178359985,0.036849167197942734,0.02731904946267605,0.06449402868747711,0.06346158683300018,0.027825461700558662,0.02366633154451847,0.023588508367538452,0.02334495633840561,0.06960555166006088,0.28651124238967896,0.2656497359275818,0.24008913338184357,0.07139097154140472,0.0243090633302927,0.43931877613067627,0.023352842777967453,0.027642764151096344,0.023325487971305847,0.02479253150522709,0.025688791647553444,0.027717068791389465,0.024359388276934624
4,11,2.912558016553521,0.9552664756774902,1.0172293186187744,1.1453900337219238,0.02387135662138462,0.13636070489883423,0.16993770003318787,0.03443145751953125,0.03506666049361229,0.06669563055038452,0.08264532685279846,0.029790153726935387,0.022747281938791275,0.02541160210967064,0.02739799953997135,0.08453407883644104,0.3437599241733551,0.285612016916275,0.26474645733833313,0.06997740268707275,0.026830170303583145,0.3806905448436737,0.02443217672407627,0.02563130110502243,0.0252427626401186,0.02901252545416355,0.02262667380273342,0.03026938997209072,0.021259551867842674
4,12,2.629957964271307,0.9551696181297302,1.016614556312561,1.1455987691879272,0.0242872703820467,0.15086285769939423,0.11921273916959763,0.03709259629249573,0.03420017287135124,0.06544291973114014,0.06781350821256638,0.030431797727942467,0.027162017300724983,0.02577691152691841,0.022217005491256714,0.12226717174053192,0.2635391354560852,0.18247972428798676,0.21271580457687378,0.06146787106990814,0.02840472385287285,0.34623947739601135,0.02808060124516487,0.025333302095532417,0.02522004395723343,0.026531890034675598,0.0260096937417984,0.029461918398737907,0.024230221286416054
4,13,2.6182562090456485,0.9553223848342896,1.0174667835235596,1.1469132900238037,0.025562770664691925,0.1742723435163498,0.13703277707099915,0.03138262405991554,0.03352510929107666,0.062279026955366135,0.04141033813357353,0.02833542972803116,0.025756392627954483,0.04427015408873558,0.02320336550474167,0.10523347556591034,0.29598119854927063,0.15300537645816803,0.2097528576850891,0.05790390446782112,0.02408766560256481,0.3385981023311615,0.02773485891520977,0.02467261627316475,0.025336232036352158,0.03218666464090347,0.024743935093283653,0.026015382260084152,0.022033115848898888
4,14,2.6712581112980844,0.9553055763244629,1.0174574851989746,1.1457469463348389,0.026150481775403023,0.1753687709569931,0.16684198379516602,0.02470937743782997,0.037525955587625504,0.07212437689304352,0.04726939648389816,0.0299090463668108,0.02617371827363968,0.03374329209327698,0.02193056046962738,0.11575224995613098,0.2593209147453308,0.18151956796646118,0.26035115122795105,0.058543507009744644,0.030750932171940804,0.29468196630477905,0.02766302600502968,0.025600383058190346,0.023426078259944916,0.03383868560194969,0.02592141181230545,0.02474674955010414,0.023692525923252106
4,15,2.598095406964421,0.9560021758079529,1.0170047283172607,1.145341157913208,0.0264021884649992,0.16039781272411346,0.14055733382701874,0.03270452097058296,0.037818484008312225,0.06169161573052406,0.061025530099868774,0.033889058977365494,0.023745330050587654,0.0316232293844223,0.02118302881717682,0.03999613970518112,0.2835037410259247,0.17807026207447052,0.28769758343696594,0.05521894246339798,0.03331242501735687,0.2876213490962982,0.029305778443813324,0.02655039168894291,0.02128329686820507,0.02845592051744461,0.021842405200004578,0.02667095884680748,0.023858467116951942
4,16,2.5163507048040628,0.9560667872428894,1.0170302391052246,1.1452091932296753,0.027375005185604095,0.18087859451770782,0.14824935793876648,0.03254282474517822,0.04361816123127937,0.03142204135656357,0.03528088703751564,0.031025992706418037,0.023989204317331314,0.026618294417858124,0.024451443925499916,0.03703060746192932,0.29592376947402954,0.15208037197589874,0.30088841915130615,0.057967543601989746,0.04355733096599579,0.2300778329372406,0.023454513400793076,0.023795973509550095,0.021988658234477043,0.024069571867585182,0.025424420833587646,0.02600146271288395,0.024977177381515503
4,17,2.7939233265817167,0.9555181860923767,1.0169297456741333,1.1455986499786377,0.026534980162978172,0.24466106295585632,0.19295212626457214,0.024099085479974747,0.03958437591791153,0.03137524425983429,0.04480947554111481,0.03213006630539894,0.02778753824532032,0.028056800365447998,0.022783629596233368,0.03898794576525688,0.3404442071914673,0.18770979344844818,0.3108545243740082,0.05955076962709427,0.0316944383084774,0.31409743428230286,0.02584545500576496,0.02152996137738228,0.02137184329330921,0.029464684426784515,0.02433045580983162,0.02425975166261196,0.025398360565304756
4,18,2.898292821645737,0.9555102586746216,1.017483115196228,1.1456316709518433,0.024114124476909637,0.190128892660141,0.19057095050811768,0.026843881234526634,0.04282103851437569,0.036289963871240616,0.042788341641426086,0.035375699400901794,0.03133556991815567,0.030149970203638077,0.02657538652420044,0.03541265055537224,0.20575109124183655,0.22237850725650787,0.3823547959327698,0.07462932169437408,0.033106729388237,0.46814194321632385,0.02581803686916828,0.02690095454454422,0.02244301326572895,0.02938365563750267,0.02273552492260933,0.025519199669361115,0.022998569533228874
4,19,2.53763341344893,0.9559077620506287,1.0172516107559204,1.1444803476333618,0.025644319131970406,0.25444015860557556,0.16098825633525848,0.02506311796605587,0.025694308802485466,0.031997036188840866,0.05197511613368988,0.058773793280124664,0.02797236293554306,0.032391346991062164,0.038975734263658524,0.031753167510032654,0.24683113396167755,0.23842814564704895,0.26676857471466064,0.08104841411113739,0.04613623395562172,0.09408646821975708,0.028717491775751114,0.026381120085716248,0.022162124514579773,0.02579641342163086,0.021298274397850037,0.026104962453246117,0.024677393957972527
4,20,2.4748183969408273,0.9559354186058044,1.017148494720459,1.1452741622924805,0.02555074542760849,0.2670938968658447,0.138207346200943,0.02788662724196911,0.02977149374783039,0.029047459363937378,0.0423240028321743,0.06447682529687881,0.027952926233410835,0.030749386176466942,0.03559236600995064,0.03325340524315834,0.12819939851760864,0.20044702291488647,0.3448144197463989,0.07209831476211548,0.0603606253862381,0.11795935779809952,0.024808574467897415,0.027141572907567024,0.022429723292589188,0.026213768869638443,0.024908531457185745,0.0242896880954504,0.025569302961230278
4,21,2.644911667332053,0.9559839963912964,1.0171210765838623,1.1453890800476074,0.021803423762321472,0.26064032316207886,0.17338350415229797,0.029255103319883347,0.028820086270570755,0.035242337733507156,0.05334661155939102,0.07080787420272827,0.02716604247689247,0.03331615403294563,0.031054815277457237,0.04380111023783684,0.1976788491010666,0.20634694397449493,0.2980181872844696,0.06709069758653641,0.050764501094818115,0.22458916902542114,0.024728115648031235,0.024468766525387764,0.022349806502461433,0.026194902136921883,0.022528408095240593,0.025405868887901306,0.02241123467683792
4,22,2.630574845150113,0.955793559551239,1.0167262554168701,1.1456836462020874,0.024451348930597305,0.24469882249832153,0.07774433493614197,0.029586125165224075,0.027202997356653214,0.0338708832859993,0.08003997802734375,0.0742192193865776,0.029130801558494568,0.02698664553463459,0.025957224890589714,0.047096606343984604,0.2371448576450348,0.2202264964580536,0.33100640773773193,0.04407546669244766,0.06216035410761833,0.2194790095090866,0.0258417259901762,0.027034495025873184,0.02208913490176201,0.024551836773753166,0.02329384535551071,0.026362918317317963,0.022682616487145424
4,23,2.497767677158117,0.9556593298912048,1.0172337293624878,1.1451926231384277,0.02165362611413002,0.28732994198799133,0.10002690553665161,0.028757495805621147,0.025753900408744812,0.03217202425003052,0.06420152634382248,0.037388160824775696,0.026887768879532814,0.025604117661714554,0.02547232247889042,0.03798951953649521,0.21564637124538422,0.21143044531345367,0.27936041355133057,0.04715181142091751,0.06379629671573639,0.17389428615570068,0.023928150534629822,0.027387751266360283,0.02536187320947647,0.022362705320119858,0.024878323078155518,0.025233086198568344,0.020481716841459274
4,24,2.2186861384660004,0.9557908773422241,1.0170000791549683,1.144843339920044,0.02521202340722084,0.2938704192638397,0.09981998801231384,0.034190330654382706,0.03050607070326805,0.03261528164148331,0.06102148815989494,0.04051811248064041,0.02664243057370186,0.026218419894576073,0.026407873257994652,0.03513128310441971,0.17863672971725464,0.1957700550556183,0.22902490198612213,0.04222948104143143,0.027215151116251945,0.027394743636250496,0.023892605677247047,0.02754858508706093,0.02207595854997635,0.022277669981122017,0.021453795954585075,0.02466178685426712,0.020824093371629715
5,0,51.189014482498166,0.9554615020751953,1.0168070793151855,1.146030306816101,2.385751962661743,1.833988070487976,1.5070927143096924,1.0000522136688232,0.9463145732879639,2.532392740249634,1.6826690435409546,1.2070400714874268,2.9343678951263428,2.311434030532837,1.7016993761062622,1.2361897230148315,3.127418279647827,4.211833477020264,1.424694538116455,3.1792685985565186,1.8559671640396118,1.8046977519989014,1.4811707735061646,0.5613797903060913,1.7843254804611206,1.6236183643341064,2.1064608097076416,4.597340106964111,1.5281871557235718
5,1,14.030616077035665,0.9554615020751953,1.0197628736495972,1.1568535566329956,2.604621648788452,0.1346856653690338,0.05677180737257004,0.04995584487915039,0.0869518592953682,1.5389608144760132,0.04929928854107857,0.08585264533758163,0.3716556429862976,0.09792039543390274,0.1223735511302948,0.16049493849277496,0.22713178396224976,0.6380265355110168,0.6283814907073975,0.4227665662765503,1.0746618509292603,0.033757567405700684,0.8765206933021545,0.3021192252635956,0.028935344889760017,0.914607584476471,0.02468078024685383,2.836118698120117,0.03694826737046242
5,2,11.707810905203223,0.9554615020751953,1.0161164999008179,1.1548595428466797,1.4399410486221313,0.08996720612049103,0.047293469309806824,0.045053884387016296,0.075504370033741,1.3117315769195557,0.06668875366449356,0.02324061281979084,0.2290702760219574,0.061541661620140076,0.04146755859255791,0.33127355575561523,0.15380099415779114,0.6732534766197205,1.4326598644256592,0.49094653129577637,1.6907528638839722,0.028853897005319595,1.3072373867034912,0.3260951638221741,0.05285638943314552,0.17158599197864532,0.023643413558602333,0.9405294060707092,0.027534043416380882
5,3,8.964729438349604,0.9520687460899353,1.0160940885543823,1.1559103727340698,0.03157249093055725,0.20805485546588898,0.047969967126846313,0.026156194508075714,0.03527282178401947,0.08251900225877762,0.0776004046201706,1.594470500946045,0.14009535312652588,0.07453341037034988,0.024353597313165665,0.2058415561914444,0.2323787808418274,0.2995997965335846,0.3968897759914398,0.4442084729671478,1.693665862083435,0.03082573227584362,1.637266993522644,0.22665561735630035,0.09230699390172958,0.035213205963373184,0.023590216413140297,0.6536383628845215,0.025234831497073174
5,4,4.421886055916548,0.9521474838256836,1.0157129764556885,1.1601569652557373,0.027384910732507706,0.0265322457998991,0.06575146317481995,0.09498193114995956,0.02426968142390251,0.03817468136548996,0.05584890767931938,0.6347094774246216,0.034211743623018265,0.023171812295913696,0.025961315259337425,0.59492427110672,0.5853875875473022,0.25380051136016846,0.6870664954185486,0.24435125291347504,0.1361730843782425,0.021228618919849396,0.03239774703979492,0.02447550557553768,0.03166218474507332,0.048135146498680115,0.026601281017065048,0.03173056244850159,0.027350151911377907
5,5,4.062183623015881,0.9520686268806458,1.0168668031692505,1.1528054475784302,0.027770474553108215,0.030547190457582474,0.09348678588867188,0.09235641360282898,0.02203075960278511,0.04014338552951813,0.04740813374519348,0.6555301547050476,0.030327631160616875,0.02583732269704342,0.028176669031381607,0.10711392015218735,0.8759414553642273,0.29814988374710083,0.6105426549911499,0.19592395424842834,0.029367860406637192,0.02454184927046299,0.03131217509508133,0.023368975147604942,0.025507882237434387,0.04476937651634216,0.022738078609108925,0.030965285375714302,0.02397717535495758
5,6,4.854353510215878,0.9522746205329895,1.0183466672897339,1.148120403289795,0.03004308231174946,0.02593134716153145,0.09250476211309433,0.13130724430084229,0.027970394119620323,0.04218323156237602,0.06952236592769623,0.3078700006008148,0.038942866027355194,0.021239446476101875,0.02723083086311817,0.07079624384641647,2.144044876098633,0.46889495849609375,0.34755632281303406,0.11756914854049683,0.045223843306303024,0.031381405889987946,0.03198050707578659,0.022550074383616447,0.021948548033833504,0.036328259855508804,0.02539094351232052,0.02874007448554039,0.023454394191503525
5,7,2.579382395744324,0.9536769986152649,1.015495777130127,1.1469898223876953,0.021681640297174454,0.026334503665566444,0.11349710822105408,0.03216233849525452,0.025968175381422043,0.04837759956717491,0.031211594119668007,0.10179992765188217,0.03878956660628319,0.02262067422270775,0.03152540698647499,0.0878729373216629,0.6324295997619629,0.14571915566921234,0.1898259073495865,0.14852765202522278,0.057408176362514496,0.026515698060393333,0.027348564937710762,0.024319743737578392,0.023292260244488716,0.026746921241283417,0.02338012307882309,0.022633308544754982,0.02616129256784916
5,8,2.745755445584655,0.9546234011650085,1.0154069662094116,1.1471198797225952,0.025794563814997673,0.06621620804071426,0.11939316987991333,0.03131060302257538,0.03137453645467758,0.055288512259721756,0.027460193261504173,0.08361624926328659,0.03821796923875809,0.025254057720303535,0.040243882685899734,0.1386091709136963,0.7274394035339355,0.1336154192686081,0.24034391343593597,0.08737054467201233,0.039489466696977615,0.02843705378472805,0.029052279889583588,0.023965932428836823,0.02421882562339306,0.029630687087774277,0.02692914754152298,0.025646870955824852,0.023406734690070152
5,9,2.7682239290326836,0.9535623788833618,1.0156444311141968,1.147878646850586,0.022664936259388924,0.03097042441368103,0.1257544606924057,0.030497323721647263,0.030974721536040306,0.04780227690935135,0.03615986928343773,0.10597501695156097,0.04446612298488617,0.05851113051176071,0.03082648105919361,0.12473896890878677,0.7902165055274963,0.12828147411346436,0.10595561563968658,0.1602124720811844,0.03994669392704964,0.045186225324869156,0.024339357390999794,0.025224987417459488,0.03040761500597,0.02366802468895912,0.027280056849122047,0.026854708790779114,0.0278913676738739
5,10,2.561729983240366,0.9530465006828308,1.015285611152649,1.1501024961471558,0.02552088163793087,0.027500100433826447,0.13144704699516296,0.041671719402074814,0.029547644779086113,0.03675536811351776,0.030790196731686592,0.026703260838985443,0.04488822817802429,0.07351286709308624,0.02693064510822296,0.13507716357707977,0.5575816035270691,0.15028779208660126,0.177962988615036,0.16879020631313324,0.037559010088443756,0.04075310751795769,0.02443019673228264,0.022565698251128197,0.026512430980801582,0.027556195855140686,0.022853275761008263,0.025995466858148575,0.024849966168403625
5,11,2.2991859003901483,0.9531373381614685,1.0146980285644531,1.1481937170028687,0.023892385885119438,0.02852005325257778,0.11333715915679932,0.0404871329665184,0.028624355792999268,0.03940720111131668,0.028569089248776436,0.04010487347841263,0.037649109959602356,0.06536797434091568,0.048239756375551224,0.17427313327789307,0.33380553126335144,0.11699894815683365,0.22647622227668762,0.06546524167060852,0.04246281087398529,0.03961934521794319,0.023621950298547745,0.022831927984952927,0.030087005347013474,0.029491161927580833,0.026788096874952316,0.025875039398670197,0.023984577506780624
5,12,2.4318339612334965,0.9536916613578796,1.0146939754486084,1.147243857383728,0.02380508929491043,0.02872650884091854,0.13560830056667328,0.040338184684515,0.031538259238004684,0.04172734171152115,0.03584001213312149,0.0625833198428154,0.04476340487599373,0.07598549872636795,0.03828240558505058,0.19650474190711975,0.38841015100479126,0.10699096322059631,0.2196051925420761,0.06804607808589935,0.04502818360924721,0.038446951657533646,0.028283629566431046,0.022998860105872154,0.02874797210097313,0.029388898983597755,0.02393900230526924,0.026112733408808708,0.027006378397345543
5,13,2.616722136735916,0.9548779129981995,1.0151844024658203,1.147308588027954,0.022527383640408516,0.03432967886328697,0.11493008583784103,0.03838811442255974,0.03734069690108299,0.04109592363238335,0.022419625893235207,0.0747695192694664,0.03982788324356079,0.08483459800481796,0.07609347254037857,0.3192039728164673,0.3896341621875763,0.13757258653640747,0.21979784965515137,0.0892685204744339,0.04483062028884888,0.027073897421360016,0.02541602961719036,0.027513332664966583,0.027572566643357277,0.025141308084130287,0.024562155827879906,0.026470407843589783,0.022633563727140427
5,14,2.505734859034419,0.9558338522911072,1.0150679349899292,1.14696204662323,0.024533618241548538,0.03298019617795944,0.12657371163368225,0.03904322162270546,0.040046826004981995,0.036510493606328964,0.02411748096346855,0.06659399718046188,0.038106538355350494,0.08320008218288422,0.04198341444134712,0.36919841170310974,0.4026015102863312,0.12164316326379776,0.12979355454444885,0.06054563820362091,0.03316931426525116,0.035948045551776886,0.023296818137168884,0.02472338080406189,0.02962249331176281,0.02698487415909767,0.024553490802645683,0.023018881678581238,0.023372935131192207
5,15,2.549785029143095,0.9557335376739502,1.015028476715088,1.1459851264953613,0.024179212749004364,0.03893159329891205,0.1108563244342804,0.04048779979348183,0.04011049494147301,0.0524195097386837,0.022987831383943558,0.06280127912759781,0.03648069128394127,0.07662077248096466,0.07530610263347626,0.41581815481185913,0.35493946075439453,0.11451514065265656,0.14579875767230988,0.05945906788110733,0.03592333570122719,0.04038415849208832,0.022436436265707016,0.025217566639184952,0.0351177379488945,0.025062497705221176,0.02413351647555828,0.02224591001868248,0.024202248081564903
5,16,2.4904010731726887,0.9561550617218018,1.0148030519485474,1.1458239555358887,0.021549807861447334,0.03091561235487461,0.1172514408826828,0.03436696529388428,0.03712937980890274,0.0485905259847641,0.02404746785759926,0.054937198758125305,0.044362738728523254,0.08467276394367218,0.023562654852867126,0.35529133677482605,0.3764094412326813,0.11971326172351837,0.16987602412700653,0.09674828499555588,0.02736872434616089,0.024930128827691078,0.025731557980179787,0.02858073078095913,0.025679640471935272,0.025325365364551544,0.024356864392757416,0.02329840138554573,0.02234834060072899
5,17,2.571239348500967,0.9556436538696289,1.014904499053955,1.1459176540374756,0.022603347897529602,0.033069878816604614,0.11930906772613525,0.035116713494062424,0.051785197108983994,0.0433017872273922,0.023425862193107605,0.07485826313495636,0.03685571253299713,0.09155245125293732,0.028353925794363022,0.4504738450050354,0.3543541431427002,0.12963758409023285,0.14080379903316498,0.08377507328987122,0.029925312846899033,0.024656612426042557,0.02281755395233631,0.023357687518000603,0.027305053547024727,0.02782837674021721,0.02303401567041874,0.02547013945877552,0.024274783208966255
6,0,56.335790026187894,0.9561965465545654,1.01736581325531,1.141799807548523,2.2890899181365967,2.675279140472412,1.346610188484192,0.8558983206748962,1.2820254564285278,3.1144464015960693,1.8918122053146362,1.6043201684951782,3.489664077758789,1.7820791006088257,2.247978687286377,1.927365779876709,2.5840182304382324,4.530162334442139,1.650075912475586,4.480553150177002,2.919403553009033,0.9726994037628174,1.4632189273834229,0.9292258024215698,1.3326164484024048,1.6231467723846436,2.408388137817383,4.284867763519287,2.0277717113494873
6,1,7.65202203206718,0.9704922437667847,1.0144627094268799,1.1734826564788818,2.412322759628296,0.21378068625926971,0.15666989982128143,0.022616855800151825,0.03366025537252426,0.5599027872085571,0.1056770458817482,0.10563521832227707,0.848246693611145,0.03263933211565018,0.06213675066828728,0.73631352186203,0.29506149888038635,0.2753159701824188,0.1684572845697403,0.140489861369133,0.050159160047769547,0.2202121764421463,0.13649533689022064,0.23901532590389252,0.0679781511425972,0.030395595356822014,0.02446480095386505,0.03232177346944809,0.05036576837301254
6,2,10.651422917470336,0.9611124396324158,1.0150535106658936,1.1655446290969849,2.298508405685425,0.3806055188179016,0.10391714423894882,0.059057846665382385,0.05749513581395149,0.6366661190986633,0.09787379205226898,0.5679681897163391,0.9034249186515808,0.022824490442872047,0.08146651089191437,0.9514235854148865,0.2565860152244568,1.2345868349075317,0.39015907049179077,0.2785870134830475,0.060889650136232376,0.45417436957359314,0.24604099988937378,0.6434327960014343,0.17134834825992584,0.03868602588772774,0.028802627697587013,0.03280740603804588,0.025747986510396004
6,3,4.21786913536489,0.9588146805763245,1.018976092338562,1.1633758544921875,0.0289856418967247,0.28549978137016296,0.05604417249560356,0.03046874701976776,0.08207286149263382,0.06161341071128845,0.17845652997493744,0.11483076214790344,0.05851190537214279,0.02693624049425125,0.1724485456943512,0.15048611164093018,0.6683882474899292,0.43795454502105713,0.38266247510910034,0.3586622476577759,0.22125773131847382,0.06413701921701431,0.03267727792263031,0.022681666538119316,0.030788959935307503,0.028401417657732964,0.03360389545559883,0.0302436426281929,0.031821973621845245
6,4,3.28770433627069,0.9597473740577698,1.016801357269287,1.1578766107559204,0.026715293526649475,0.23057997226715088,0.0439043864607811,0.03049010969698429,0.0982036218047142,0.081337109208107,0.0803283080458641,0.13722412288188934,0.026923667639493942,0.022668462246656418,0.3121815025806427,0.18905779719352722,0.4998398423194885,0.24101711809635162,0.05598427727818489,0.14512956142425537,0.09074723720550537,0.13597840070724487,0.03370142728090286,0.025734610855579376,0.03729822859168053,0.028271283954381943,0.028539523482322693,0.027941761538386345,0.031021641567349434
6,5,3.2653611660003663,0.9571729898452759,1.0158237218856812,1.1528817415237427,0.022068291902542114,0.20999829471111298,0.0461549386382103,0.03916822746396065,0.10729948431253433,0.054499778896570206,0.034994564950466156,0.13888925313949585,0.03610815107822418,0.023861398920416832,0.30075350403785706,0.08608345687389374,0.4887789189815521,0.21504336595535278,0.0597837008535862,0.27173346281051636,0.11715573817491531,0.18804427981376648,0.02335347980260849,0.021842416375875473,0.0266877394169569,0.02906719781458378,0.03598992899060249,0.027653703466057777,0.035172197967767715
6,6,2.914390804618597,0.9552606344223022,1.017878532409668,1.158991813659668,0.024453094229102135,0.22460517287254333,0.04118877276778221,0.05208105966448784,0.11483592540025711,0.04610615596175194,0.029678847640752792,0.12524721026420593,0.03745821490883827,0.02471357025206089,0.2780599892139435,0.07391828298568726,0.28817981481552124,0.13210685551166534,0.06738223135471344,0.4443630278110504,0.05358799546957016,0.02793290838599205,0.020932141691446304,0.0232608113437891,0.02152632363140583,0.03288485109806061,0.03600909188389778,0.03081483393907547,0.03663742542266846
6,7,3.1619214583188295,0.9563422203063965,1.0161716938018799,1.1563323736190796,0.024351203814148903,0.10937923938035965,0.03980225324630737,0.07040010392665863,0.11030691117048264,0.03172704949975014,0.10050325095653534,0.6234069466590881,0.043989889323711395,0.025664128363132477,0.05421809107065201,0.11486590653657913,0.252611368894577,0.22066204249858856,0.053064730018377304,0.35304978489875793,0.09687931835651398,0.03320201858878136,0.021548613905906677,0.021998828276991844,0.023193655535578728,0.030716218054294586,0.025681518018245697,0.028352100402116776,0.02657702937722206
6,8,2.7072184175252914,0.956147313117981,1.016072392463684,1.1527100801467896,0.025968503206968307,0.0335935577750206,0.03537081927061081,0.2031731903553009,0.026286013424396515,0.030948767438530922,0.09188583493232727,0.30667027831077576,0.04306412115693092,0.028583234176039696,0.054242465645074844,0.11498454958200455,0.2599155604839325,0.18920977413654327,0.043293923139572144,0.3125746548175812,0.05295325070619583,0.03129390627145767,0.024737976491451263,0.024094322696328163,0.0244454313069582,0.038865186274051666,0.028755981475114822,0.027257610112428665,0.03006354719400406
6,9,2.959848822653294,0.9577124714851379,1.0171259641647339,1.1534998416900635,0.025370100513100624,0.032537661492824554,0.03345909342169762,0.2235734462738037,0.030859531834721565,0.0313468836247921,0.09698899835348129,0.3548891842365265,0.03711017593741417,0.0245471503585577,0.09688938409090042,0.1154022365808487,0.21416941285133362,0.23286251723766327,0.05130736902356148,0.4660162925720215,0.056973036378622055,0.032975658774375916,0.022242629900574684,0.02258019708096981,0.025331709533929825,0.030778266489505768,0.022301658987998962,0.02916104719042778,0.02450752444565296
6,10,2.5079248122870923,0.9561607837677002,1.0172452926635742,1.1518816947937012,0.020937379449605942,0.03366484120488167,0.050687212496995926,0.23678773641586304,0.0348237007856369,0.02271399088203907,0.10885557532310486,0.3400387763977051,0.03653077781200409,0.02428227849304676,0.08678241074085236,0.08292238414287567,0.13277913630008698,0.061569951474666595,0.07867347449064255,0.2365141063928604,0.08029326796531677,0.035100072622299194,0.02549479715526104,0.025837866589426994,0.021990813314914703,0.030738402158021927,0.022011755034327507,0.026263918727636337,0.026572631672024727
6,11,2.5141567409038545,0.9564785361289978,1.0179698467254639,1.152106761932373,0.02318934164941311,0.027673352509737015,0.05548654869198799,0.2604811191558838,0.03654695302248001,0.028422337025403976,0.1264553815126419,0.3368396461009979,0.03623932972550392,0.025562210008502007,0.07772720605134964,0.10331375896930695,0.13283087313175201,0.06496033817529678,0.050155919045209885,0.22286249697208405,0.0693984106183052,0.037317048758268356,0.023035498335957527,0.02224869281053543,0.02316686324775219,0.029705362394452095,0.024682454764842987,0.02414524368941784,0.02639932557940483
6,12,1.9480380732566118,0.9553080201148987,1.0190186500549316,1.1527067422866821,0.021476903930306435,0.030586259439587593,0.04282734543085098,0.05687934160232544,0.02551465481519699,0.028287248685956,0.11130311340093613,0.03136824816465378,0.0291878841817379,0.02130381017923355,0.0798955038189888,0.10625727474689484,0.12590575218200684,0.060371093451976776,0.0740271508693695,0.23028573393821716,0.026617256924510002,0.03419387340545654,0.02740558050572872,0.026603294536471367,0.021975664421916008,0.03139886260032654,0.028387537226080894,0.02423311583697796,0.026338886469602585
6,13,2.0126078344881533,0.9548764824867249,1.0174874067306519,1.1513903141021729,0.023356037214398384,0.03718119487166405,0.04187428951263428,0.022247152402997017,0.026430873200297356,0.04432954266667366,0.07467830181121826,0.03283867985010147,0.03596367686986923,0.021535539999604225,0.11663240939378738,0.10877631604671478,0.15840448439121246,0.06816291809082031,0.07104746997356415,0.26448196172714233,0.028712591156363487,0.03398739546537399,0.025443321093916893,0.025843903422355652,0.02315320074558258,0.025530971586704254,0.025276988744735718,0.028084412217140198,0.023883361369371414
6,14,2.1359706073999405,0.9553203582763672,1.0168602466583252,1.1510902643203735,0.024014754220843315,0.03158993273973465,0.05724335089325905,0.023424779996275902,0.02692839317023754,0.0490901842713356,0.06979399919509888,0.03059857152402401,0.03191296011209488,0.022247178480029106,0.11123760044574738,0.10778094083070755,0.15062803030014038,0.06813320517539978,0.06456861644983292,0.3985539376735687,0.030182858929038048,0.036729391664266586,0.024029189720749855,0.025093764066696167,0.023567872121930122,0.02986905351281166,0.02278135158121586,0.027977820485830307,0.023338695988059044
6,15,2.023715892061591,0.9558292031288147,1.0169161558151245,1.1514731645584106,0.024724863469600677,0.03653330355882645,0.030856572091579437,0.024645747616887093,0.023758718743920326,0.05298199877142906,0.056614577770233154,0.029400762170553207,0.03157825395464897,0.02410036511719227,0.09138493239879608,0.06579255312681198,0.12172175943851471,0.058577749878168106,0.06909699738025665,0.40823855996131897,0.031051285564899445,0.03943303972482681,0.0227249376475811,0.024733571335673332,0.025120941922068596,0.02831120416522026,0.024961499497294426,0.028992069885134697,0.023535922169685364
6,16,1.7137719813734293,0.9560354948043823,1.016697645187378,1.1506297588348389,0.02236558124423027,0.027897922322154045,0.027629317715764046,0.023320656269788742,0.02328779734671116,0.05527263507246971,0.07019584625959396,0.02678971365094185,0.03636692091822624,0.026328735053539276,0.07179038971662521,0.06667748838663101,0.1277092844247818,0.06080794706940651,0.07614950090646744,0.10392239689826965,0.0353507399559021,0.03417143225669861,0.021510127931833267,0.02482156828045845,0.02207135781645775,0.028143329545855522,0.024299129843711853,0.026379389688372612,0.025840193033218384
6,17,1.68926894813776,0.9561249613761902,1.0165319442749023,1.1517534255981445,0.02473141811788082,0.028374578803777695,0.02703154645860195,0.024809254333376884,0.024021392688155174,0.05301179736852646,0.06120573729276657,0.029416890814900398,0.028596406802535057,0.022963164374232292,0.0935199186205864,0.07869365811347961,0.09549828618764877,0.05768626928329468,0.07654556632041931,0.09830644726753235,0.03494056314229965,0.04597332328557968,0.022826282307505608,0.02209710329771042,0.02095145732164383,0.0238509364426136,0.021673500537872314,0.026119710877537727,0.021541671827435493
6,18,1.755143142491579,0.9558764696121216,1.016650676727295,1.1520731449127197,0.024568889290094376,0.02300482615828514,0.027056962251663208,0.0253542922437191,0.023830313235521317,0.05454503744840622,0.0638541728258133,0.030270367860794067,0.030023088678717613,0.0214933380484581,0.13750267028808594,0.08154215663671494,0.09345933794975281,0.06463523209095001,0.09206857532262802,0.08568889647722244,0.0350734107196331,0.04640008881688118,0.024132903665304184,0.023375263437628746,0.024041688069701195,0.029211286455392838,0.02367008663713932,0.023172983899712563,0.02224721573293209
6,19,1.8324824038892986,0.956291913986206,1.0164645910263062,1.1519321203231812,0.024267690256237984,0.02617926336824894,0.05178403481841087,0.030645770952105522,0.02552921511232853,0.04442426934838295,0.046119574457407,0.02482922002673149,0.027871986851096153,0.02225015126168728,0.21135397255420685,0.07198590785264969,0.09653917700052261,0.08388444036245346,0.0755346342921257,0.08932339400053024,0.030903160572052002,0.050249796360731125,0.02170688845217228,0.023943008854985237,0.026144789531826973,0.027995388954877853,0.02597217634320259,0.02620411477982998,0.021902652457356453
6,20,1.7069822486490012,0.956458568572998,1.0165208578109741,1.1520905494689941,0.022109048441052437,0.03431525081396103,0.050066012889146805,0.027985161170363426,0.025540906935930252,0.0426202155649662,0.05245745927095413,0.029081422835588455,0.027965908870100975,0.023053796961903572,0.15491849184036255,0.07963740825653076,0.06446792930364609,0.09408188611268997,0.06327605992555618,0.037370312958955765,0.03058849647641182,0.04497644677758217,0.02209029719233513,0.024864139035344124,0.02442391961812973,0.026859557256102562,0.024036219343543053,0.029462557286024094,0.025719348341226578
6,21,1.537926671281457,0.9564443230628967,1.0163567066192627,1.1526137590408325,0.0225098617374897,0.036343980580568314,0.026688987389206886,0.02882772870361805,0.024074692279100418,0.04996645078063011,0.02521342597901821,0.025031549856066704,0.027123335748910904,0.021876579150557518,0.0773562341928482,0.0642261803150177,0.0565093532204628,0.07575473189353943,0.06035633757710457,0.03576481714844704,0.03474675118923187,0.05188995227217674,0.022616855800151825,0.025741571560502052,0.020276419818401337,0.025853339582681656,0.02403712458908558,0.025662420317530632,0.024395031854510307
6,22,1.5300398528575898,0.955317497253418,1.016249179840088,1.1523644924163818,0.023070326074957848,0.04711945727467537,0.02570587955415249,0.03540439158678055,0.023478863760828972,0.05571452155709267,0.02358892746269703,0.02356904186308384,0.031531721353530884,0.021406924352049828,0.09332523494958878,0.07272171974182129,0.03947239741683006,0.05284614488482475,0.05160300061106682,0.0401250496506691,0.033629562705755234,0.04418092221021652,0.023227203637361526,0.021519610658288002,0.02249901555478573,0.026186030358076096,0.025370722636580467,0.026186201721429825,0.021770747378468513
6,23,1.6076061237603425,0.9554026126861572,1.016296148300171,1.1523351669311523,0.020934870466589928,0.049968499690294266,0.025423657149076462,0.035292573273181915,0.02311159484088421,0.052859071642160416,0.024132322520017624,0.026295626536011696,0.032468531280756,0.022656846791505814,0.10193157196044922,0.08806394040584564,0.08901423960924149,0.049440618604421616,0.05317457765340805,0.04082914814352989,0.035730812698602676,0.044386185705661774,0.022417422384023666,0.023722751066088676,0.022006507962942123,0.025734882801771164,0.02377358265221119,0.029479023069143295,0.01995047926902771
6,24,1.6115589778870345,0.9552326798439026,1.016209363937378,1.1524471044540405,0.022529572248458862,0.027813786640763283,0.025947388261556625,0.03745899721980095,0.02260413207113743,0.05156908184289932,0.020971843972802162,0.026174811646342278,0.03166600316762924,0.023745760321617126,0.12126271426677704,0.10407204180955887,0.06719022244215012,0.0476091094315052,0.06418849527835846,0.03529980406165123,0.034623198211193085,0.051333509385585785,0.026208337396383286,0.024720661342144012,0.022744784131646156,0.024736469611525536,0.024632606655359268,0.025486068800091743,0.022191748023033142
7,0,53.84345220327377,0.9554615020751953,1.0168070793151855,1.146030306816101,2.646195411682129,1.8377330303192139,2.1177496910095215,1.7126809358596802,0.839754045009613,2.4809606075286865,1.294602394104004,1.2273527383804321,3.1779255867004395,1.8224931955337524,2.361138343811035,1.1144484281539917,2.1513726711273193,5.731826305389404,1.6502348184585571,3.6389706134796143,2.255450487136841,1.9985771179199219,1.0732563734054565,1.0490937232971191,1.2511082887649536,2.0588414669036865,2.2230405807495117,3.604198694229126,1.9007868766784668
7,1,11.939462660625576,0.9522054195404053,1.0146549940109253,1.1491020917892456,0.028132446110248566,1.8637006282806396,0.0680810958147049,0.041583701968193054,0.03269786760210991,0.11347946524620056,0.03701871261000633,0.023897383362054825,0.03224729746580124,0.022958500310778618,0.038869258016347885,0.2918643653392792,1.700788140296936,2.7837159633636475,1.242978572845459,0.12587568163871765,1.6748567819595337,0.8855798840522766,0.04400172457098961,0.028489816933870316,0.06662216037511826,0.03388834744691849,0.025419563055038452,0.08735083043575287,0.022171970456838608
7,2,3.7630460847169163,0.9529566168785095,1.014491319656372,1.1416388750076294,0.021434469148516655,0.03561240807175636,0.11596859991550446,0.061297085136175156,0.14354358613491058,0.17271411418914795,0.06015215069055557,0.026457931846380234,0.1325554996728897,0.032690033316612244,0.046170759946107864,0.40653127431869507,0.12459462136030197,0.6435624957084656,0.07886433601379395,0.595661997795105,0.09981642663478851,0.03631451725959778,0.05888419970870018,0.06903202831745148,0.055731192231178284,0.03608985245227814,0.02506154775619507,0.03461437672376633,0.027873218059539795
7,3,3.841853820905089,0.955907940864563,1.0149621963500977,1.1400395631790161,0.02439352497458458,0.05045520141720772,0.325571209192276,0.09550455957651138,0.1651850789785385,0.095939502120018,0.0664818063378334,0.04649873450398445,0.2651959955692291,0.03781600669026375,0.08184406161308289,0.493787944316864,0.13536715507507324,0.3270769417285919,0.0466252863407135,0.6113558411598206,0.05200660228729248,0.05348288640379906,0.06227507069706917,0.02279919758439064,0.02563226781785488,0.04099099338054657,0.035376615822315216,0.029106901958584785,0.02890249527990818
7,4,4.883191108703613,0.9538694024085999,1.0150891542434692,1.1402876377105713,0.025470133870840073,0.04890283942222595,0.7900341749191284,0.09199981391429901,0.15814171731472015,0.09426814317703247,0.0633329227566719,0.10276322066783905,0.3157415986061096,0.03959950804710388,0.10376153141260147,0.6910898685455322,0.08967677503824234,0.3729032874107361,0.1254897266626358,0.5094021558761597,0.38013383746147156,0.05158350616693497,0.02529487945139408,0.039945319294929504,0.026204971596598625,0.03271244093775749,0.030485231429338455,0.026540903374552727,0.025863362476229668
7,5,5.54049206674099,0.9554777145385742,1.0158663988113403,1.1402050256729126,0.02304956130683422,0.0517587848007679,0.9768487215042114,0.05950690433382988,0.19287937879562378,0.10176479071378708,0.05172480642795563,0.13574036955833435,0.4046739935874939,0.04160192608833313,0.2791895270347595,1.0749768018722534,0.08073748648166656,0.1442490518093109,0.16430754959583282,0.5370177030563354,0.3375175893306732,0.04670954868197441,0.02872120961546898,0.04489963874220848,0.023259039968252182,0.03961905464529991,0.02490357868373394,0.024784808978438377,0.027740413323044777
7,6,5.716073677688837,0.9559723138809204,1.0158026218414307,1.1403800249099731,0.026367023587226868,0.06817784160375595,1.1214778423309326,0.03664635494351387,0.11102399975061417,0.08264148980379105,0.029853349551558495,0.20321615040302277,0.42575639486312866,0.04547920823097229,0.3270875811576843,1.1509324312210083,0.04476272314786911,0.16890941560268402,0.1341841220855713,0.4657481908798218,0.3856395184993744,0.050646018236875534,0.0375228077173233,0.04216087609529495,0.022597823292016983,0.04274256154894829,0.025746598839759827,0.02190317213535309,0.022419190034270287
7,7,4.774134021252394,0.9569196105003357,1.0160480737686157,1.140902042388916,0.022969530895352364,0.03894390910863876,0.10479990392923355,0.039544571191072464,0.16910651326179504,0.06954026967287064,0.02556602470576763,0.2577165961265564,0.41758137941360474,0.054422181099653244,0.26872703433036804,0.8449406623840332,0.05134154111146927,0.08643737435340881,0.23483024537563324,0.7411275506019592,0.41912561655044556,0.07141219824552536,0.03652918338775635,0.049969714134931564,0.024270784109830856,0.044255297631025314,0.028882795944809914,0.02469153329730034,0.02462766505777836
7,8,4.3167448312044145,0.9556487798690796,1.0173304080963135,1.1413370370864868,0.022558223456144333,0.08398041129112244,0.09827791899442673,0.03792015463113785,0.1637432873249054,0.05799731984734535,0.030675608664751053,0.2856305241584778,0.05013442412018776,0.05022226274013519,0.055057719349861145,0.9399876594543457,0.07127650082111359,0.06482058763504028,0.17087019979953766,0.6946308612823486,0.49493151903152466,0.06698799878358841,0.028605233877897263,0.062266867607831955,0.05083721876144409,0.03590857982635498,0.02382737398147583,0.0266545619815588,0.026078568771481514
8,0,52.89336686134338,0.9554615020751953,1.0168070793151855,1.146030306816101,3.277480363845825,1.9873478412628174,1.7188398838043213,1.0994274616241455,1.446582555770874,2.513728141784668,1.9489318132400513,1.3753215074539185,2.8767199516296387,1.7787023782730103,1.5345574617385864,1.0438295602798462,2.520664930343628,4.314831733703613,1.3151994943618774,3.868802785873413,2.808063268661499,1.68596613407135,1.4785679578781128,0.6586958169937134,1.582525372505188,1.5254921913146973,2.3076109886169434,4.107509613037109,1.4943078756332397
8,1,12.55280385762453,0.9647459983825684,1.028167963027954,1.143324375152588,0.08645843714475632,2.057354211807251,0.42739081382751465,0.09831453859806061,0.036268483847379684,0.3757549524307251,0.025719445198774338,0.27994418144226074,0.05241219326853752,0.04361449182033539,0.10705473273992538,0.3501223027706146,1.930405855178833,2.4816973209381104,1.06572687625885,0.04996359720826149,1.1454322338104248,0.9573253393173218,0.03494197502732277,0.025984128937125206,0.10555998980998993,0.054394230246543884,0.04542029649019241,0.06453630328178406,0.023759258911013603
8,2,3.512715159356594,0.9640786647796631,1.0254192352294922,1.140055775642395,0.0859665796160698,0.14184513688087463,0.35305237770080566,0.13448436558246613,0.11913963407278061,0.10430251806974411,0.044334836304187775,0.23268234729766846,0.054386258125305176,0.026294605806469917,0.1639568954706192,0.15966951847076416,0.18535926938056946,0.3364233076572418,0.1763373464345932,0.1269640475511551,0.10295429080724716,0.05457253381609917,0.023826034739613533,0.029376644641160965,0.0891999900341034,0.05630180239677429,0.027055863291025162,0.03496566414833069,0.02335255593061447
8,3,4.64189604409039,0.956782341003418,1.0193727016448975,1.1402490139007568,0.033720433712005615,0.0745982900261879,0.30539363622665405,0.14257559180259705,0.15372544527053833,0.07593528181314468,1.0058733224868774,0.24584905803203583,0.057200752198696136,0.024215545505285263,0.07803673297166824,0.4309062659740448,0.1405792087316513,0.10286226123571396,0.5137726664543152,0.20377402007579803,0.11413215845823288,0.05122281610965729,0.026671573519706726,0.024757500737905502,0.07244682312011719,0.04950829967856407,0.033674273639917374,0.03355034440755844,0.02363293059170246
8,4,2.671617530658841,0.959296703338623,1.0176031589508057,1.140312671661377,0.024887951090931892,0.06470616906881332,0.05544442683458328,0.13927927613258362,0.13395658135414124,0.06599695980548859,0.06358681619167328,0.11238639056682587,0.14865387976169586,0.026249559596180916,0.04866942763328552,0.15461742877960205,0.12055469304323196,0.05974132940173149,0.07198399305343628,0.4203197956085205,0.03629101812839508,0.050977688282728195,0.035889025777578354,0.05310588330030441,0.030591830611228943,0.04059852287173271,0.03820512443780899,0.030274104326963425,0.02120714820921421
8,5,2.6549430031329395,0.9582419395446777,1.015946626663208,1.1404435634613037,0.02258613333106041,0.077059306204319,0.04804246500134468,0.34002912044525146,0.12392031401395798,0.04756658524274826,0.041008252650499344,0.033855050802230835,0.17305505275726318,0.024824947118759155,0.1301354467868805,0.0911988690495491,0.06318143010139465,0.06117791682481766,0.083888478577137,0.2992721199989319,0.041532911360263824,0.10447166115045547,0.03000446781516075,0.04030042886734009,0.03274080902338028,0.03651566058397293,0.0315546952188015,0.02953004464507103,0.024564409628510475
8,6,2.311170518770814,0.9585421681404114,1.0162014961242676,1.1422843933105469,0.025369342416524887,0.1000002846121788,0.03783895820379257,0.04112233221530914,0.14731106162071228,0.05303226411342621,0.03868655487895012,0.03506839647889137,0.06932111084461212,0.021077660843729973,0.1452757567167282,0.1149749681353569,0.050464268773794174,0.09962108731269836,0.1474839448928833,0.21861861646175385,0.129674032330513,0.03847869113087654,0.021144945174455643,0.022430583834648132,0.021215248852968216,0.030134214088320732,0.03139669448137283,0.02580147609114647,0.02222241275012493
8,7,2.5059687074273826,0.9584619998931885,1.0149694681167603,1.1425650119781494,0.02382909134030342,0.06464352458715439,0.05383531004190445,0.041162751615047455,0.1495862603187561,0.046216536313295364,0.04174571484327316,0.033698633313179016,0.05067802220582962,0.02178874984383583,0.19595953822135925,0.18526054918766022,0.060624897480010986,0.15771083533763885,0.09243492037057877,0.24593350291252136,0.21194100379943848,0.027669552713632584,0.02310335263609886,0.024121470749378204,0.022474179044365883,0.032501209527254105,0.02701442502439022,0.024025116115808487,0.024810263887047768
8,8,2.314609304815531,0.957893967628479,1.0156892538070679,1.143595814704895,0.024538153782486916,0.062369368970394135,0.04113790765404701,0.030351608991622925,0.12138909846544266,0.04817718267440796,0.024708710610866547,0.03142913803458214,0.04766136780381203,0.026364188641309738,0.04335194081068039,0.235490620136261,0.07462572306394577,0.14013713598251343,0.08323732763528824,0.22522443532943726,0.23943334817886353,0.026514653116464615,0.023055169731378555,0.020956028252840042,0.01981877163052559,0.02995968982577324,0.02108980529010296,0.025229232385754585,0.024922890588641167
8,9,2.1468617014586924,0.9584020972251892,1.0169230699539185,1.1443872451782227,0.02539636380970478,0.06782741844654083,0.059379030019044876,0.025998547673225403,0.09262602031230927,0.05192115530371666,0.026444779708981514,0.02521156705915928,0.04716150462627411,0.023761913180351257,0.04514418542385101,0.3000384569168091,0.08665692061185837,0.09387227147817612,0.11777304857969284,0.038728851824998856,0.18054069578647614,0.03002205118536949,0.022003410384058952,0.02404383383691311,0.023333672434091568,0.03645922988653183,0.024828122928738594,0.027813680469989777,0.025932487100362778
8,10,2.1639366913586855,0.958094596862793,1.0170092582702637,1.1453393697738647,0.024162529036402702,0.06650808453559875,0.06723039597272873,0.03510101139545441,0.09028123319149017,0.03760837763547897,0.023436103016138077,0.024131175130605698,0.04241766780614853,0.0206746906042099,0.0368080697953701,0.33454152941703796,0.0946604311466217,0.09658704698085785,0.1410336047410965,0.04855096712708473,0.15569142997264862,0.03077773004770279,0.021625427529215813,0.021895788609981537,0.019193872809410095,0.032330501824617386,0.025763336569070816,0.025475526228547096,0.023361515253782272
8,11,2.1803802471607923,0.9577326774597168,1.01756751537323,1.146497368812561,0.02551383525133133,0.06347693502902985,0.057140834629535675,0.03653314337134361,0.10638060420751572,0.03439684957265854,0.02294134348630905,0.01985562965273857,0.029230182990431786,0.023260677233338356,0.03366586193442345,0.2844346761703491,0.09443721175193787,0.07733587175607681,0.14524033665657043,0.07107830792665482,0.21454894542694092,0.04367031902074814,0.02268541045486927,0.022262511774897575,0.021953752264380455,0.029746558517217636,0.02620568312704563,0.02659749798476696,0.023427754640579224
8,12,2.2452895510941744,0.9574941396713257,1.0170644521713257,1.1472758054733276,0.02398727275431156,0.09414616227149963,0.04804765060544014,0.03887908533215523,0.09583480656147003,0.033397167921066284,0.02754940278828144,0.02346041053533554,0.03256663307547569,0.02250874601304531,0.0355779193341732,0.31280234456062317,0.10747133940458298,0.08462627232074738,0.17593345046043396,0.06119339168071747,0.18358555436134338,0.05145610123872757,0.02182759903371334,0.020382435992360115,0.024341842159628868,0.03282908350229263,0.021980321034789085,0.025071969255805016,0.021465709432959557
8,13,2.3088548097759487,0.9571881890296936,1.0170326232910156,1.1472679376602173,0.0252113975584507,0.08861816674470901,0.05222839489579201,0.03391619399189949,0.09073281288146973,0.03244948014616966,0.02774869091808796,0.023239415138959885,0.027203284204006195,0.0229183342307806,0.030361641198396683,0.31112751364707947,0.059157438576221466,0.09058453887701035,0.20568300783634186,0.08085566014051437,0.02803676575422287,0.28450945019721985,0.024247054010629654,0.023437144234776497,0.022437022998929024,0.027569342404603958,0.024209925904870033,0.025393227115273476,0.022681156173348427
8,14,2.4074430238455533,0.9571967124938965,1.0169631242752075,1.147472620010376,0.023470347747206688,0.09397844225168228,0.05083039030432701,0.038439664989709854,0.10378716886043549,0.03825969994068146,0.025028880685567856,0.023091938346624374,0.029920315369963646,0.022188320755958557,0.0258034560829401,0.21602411568164825,0.06274721771478653,0.0965823382139206,0.1890149563550949,0.09799639880657196,0.02493065595626831,0.44866353273391724,0.021026363596320152,0.022804714739322662,0.022059505805373192,0.030946724116802216,0.026148876175284386,0.02822892740368843,0.021143579855561256
8,15,2.490920938551426,0.9569709897041321,1.016169548034668,1.1472904682159424,0.02398347482085228,0.07880736887454987,0.04199671372771263,0.039708998054265976,0.10078559070825577,0.03992227837443352,0.024059584364295006,0.028856400400400162,0.025975661352276802,0.02414918690919876,0.023720968514680862,0.2829742133617401,0.05733524635434151,0.11053382605314255,0.2597391605377197,0.09051807224750519,0.022663455456495285,0.41962724924087524,0.02282741852104664,0.02352779358625412,0.02137252502143383,0.03131634742021561,0.023903826251626015,0.02673087641596794,0.021798500791192055
9,0,53.17456228733063,0.9559255838394165,1.0173014402389526,1.1445295810699463,3.6405131816864014,2.555840492248535,1.6247220039367676,0.7331990599632263,1.306441068649292,2.1539828777313232,1.6771918535232544,1.3785008192062378,2.9937336444854736,2.1938326358795166,2.638570785522461,1.536068081855774,2.6253185272216797,3.9116692543029785,1.3081752061843872,4.015128135681152,2.1543993949890137,0.711270272731781,1.3073903322219849,1.1597611904144287,1.4352461099624634,1.867276906967163,1.9111050367355347,3.83744215965271,1.8742319345474243
9,1,9.450454634800554,0.9753144979476929,1.0221449136734009,1.1451539993286133,3.52738094329834,0.05088815093040466,0.29012441635131836,0.24354849755764008,0.034184232354164124,1.1348825693130493,0.04986901208758354,0.02838548831641674,1.2530767917633057,0.03498528152704239,0.03989728167653084,0.10975781828165054,0.34160634875297546,0.2983747720718384,0.05802401900291443,0.22306616604328156,0.027659522369503975,0.693083643913269,0.021712055429816246,0.15580318868160248,0.0833195298910141,0.037481244653463364,0.02580449916422367,0.03373066708445549,0.025285812094807625
9,2,8.21202674843371,0.9677032232284546,1.0158087015151978,1.1558594703674316,3.54677677154541,0.07253223657608032,0.22701966762542725,0.19694355130195618,0.06718777120113373,0.0705590546131134,0.02849641814827919,0.04359768331050873,0.07506949454545975,0.03262446075677872,0.034890707582235336,0.21564677357673645,0.4512721002101898,0.2876832187175751,0.6904513835906982,0.2891268730163574,0.0363960936665535,0.9339884519577026,0.05774557590484619,0.07268106937408447,0.033211395144462585,0.0351940356194973,0.026372263208031654,0.038115352392196655,0.020570065826177597
9,3,4.557583241164684,0.9654216170310974,1.0145100355148315,1.1484224796295166,0.050499871373176575,0.10461888462305069,0.21997560560703278,0.23276740312576294,0.08657229691743851,0.06258710473775864,0.03286240994930267,0.035163357853889465,0.041537001729011536,0.027270279824733734,0.04658658802509308,0.09604165703058243,0.6385083198547363,0.46029576659202576,0.30954962968826294,0.16412438452243805,0.06912009418010712,0.9659993648529053,0.0795447900891304,0.025307513773441315,0.04831120744347572,0.03511914983391762,0.028134800493717194,0.04339166358113289,0.028023269027471542
9,4,3.952657977119088,0.9601383805274963,1.0144553184509277,1.1617207527160645,0.02698116935789585,0.11305134743452072,0.09057663381099701,0.19787736237049103,0.22514086961746216,0.06857664883136749,0.059939052909612656,0.03790484368801117,0.03742137551307678,0.023049337789416313,0.02704177238047123,0.0560339130461216,1.2880605459213257,0.28018566966056824,0.30479955673217773,0.0824819803237915,0.11114054918289185,0.07549530267715454,0.04849720746278763,0.023903172463178635,0.02310854382812977,0.02514384686946869,0.030726687982678413,0.04089552164077759,0.027362175285816193
9,5,4.911177948489785,0.9604746103286743,1.0144989490509033,1.1636114120483398,0.024099096655845642,0.12359524518251419,0.07994741946458817,0.2394043207168579,0.08556641638278961,0.06525527685880661,0.0649738609790802,0.04590149596333504,0.03494257107377052,0.021531734615564346,0.031828880310058594,0.049991920590400696,2.35892653465271,0.3053004741668701,0.3048667311668396,0.07745824009180069,0.10312329232692719,0.04126951843500137,0.06553158164024353,0.023159831762313843,0.024024723097682,0.026692934334278107,0.02622806653380394,0.03416365012526512,0.025677137076854706
9,6,2.4001897547394035,0.9574649930000305,1.0146681070327759,1.1587069034576416,0.022594740614295006,0.15634188055992126,0.07912636548280716,0.08661279827356339,0.04161617532372475,0.08419305086135864,0.045340899378061295,0.04070715978741646,0.0329846628010273,0.028661314398050308,0.037501879036426544,0.05084878206253052,0.23670229315757751,0.08100283890962601,0.2974259555339813,0.05092066526412964,0.1408376395702362,0.0498867966234684,0.04189811646938324,0.03245564550161362,0.02601456455886364,0.032278288155794144,0.02339753322303295,0.03258493170142174,0.022086776793003082
9,7,2.4505457948893308,0.9582393169403076,1.0156264305114746,1.1524879932403564,0.023775862529873848,0.1907164752483368,0.12124328315258026,0.0834505632519722,0.08895114064216614,0.11653394997119904,0.03872941806912422,0.03119029849767685,0.038001544773578644,0.023526400327682495,0.03507046774029732,0.05140228196978569,0.25098273158073425,0.07672211527824402,0.245881587266922,0.05132560804486275,0.08558177202939987,0.058628808706998825,0.04810769855976105,0.03803582862019539,0.026127295568585396,0.025004124268889427,0.0245194248855114,0.03078712895512581,0.02097923681139946
9,8,2.3894341230392455,0.95854651927948,1.0148204565048218,1.1517457962036133,0.02486703172326088,0.25705239176750183,0.10302592813968658,0.04165410250425339,0.08876824378967285,0.06948812305927277,0.043220002204179764,0.028689850121736526,0.03306201472878456,0.02876875177025795,0.034843362867832184,0.04476117715239525,0.22323372960090637,0.06674206256866455,0.2660127878189087,0.05789788067340851,0.10486526042222977,0.07065529376268387,0.02733786590397358,0.02527567744255066,0.02250533737242222,0.025346696376800537,0.02476642280817032,0.02708231657743454,0.024489257484674454
9,9,2.3534503415226937,0.9583476781845093,1.0150153636932373,1.1505234241485596,0.026450645178556442,0.21669399738311768,0.09787560999393463,0.03948007524013519,0.06616953015327454,0.10389398038387299,0.09107989072799683,0.028751153498888016,0.030840329825878143,0.024400008842349052,0.03009273298084736,0.049543365836143494,0.22889840602874756,0.13384868204593658,0.23711355030536652,0.05658946558833122,0.02587813511490822,0.05925929173827171,0.02783711440861225,0.024717232212424278,0.027838053181767464,0.02875564992427826,0.023865822702646255,0.02438049390912056,0.02441983111202717
9,10,2.6851547878235578,0.9562262892723083,1.0146820545196533,1.1489040851593018,0.0289540383964777,0.34859395027160645,0.21974804997444153,0.0366874635219574,0.05150125175714493,0.14011041820049286,0.08082886040210724,0.02569008059799671,0.0795910581946373,0.023626292124390602,0.042336467653512955,0.041392236948013306,0.16244633495807648,0.1896422952413559,0.2580694258213043,0.042262814939022064,0.023407770320773125,0.0703984946012497,0.030129779130220413,0.02548370696604252,0.02688021771609783,0.030930358916521072,0.02594188041985035,0.03184179589152336,0.024697259068489075
9,11,2.7065585538744927,0.9558529257774353,1.0144962072372437,1.148742437362671,0.028075968846678734,0.41539961099624634,0.1678994596004486,0.034360989928245544,0.0516473650932312,0.12264489382505417,0.08108841627836227,0.028185520321130753,0.05014456436038017,0.02450667880475521,0.0388091504573822,0.042246535420417786,0.19243423640727997,0.27476316690444946,0.25653544068336487,0.04421549290418625,0.02358325384557247,0.022976599633693695,0.026675265282392502,0.025853745639324188,0.023498475551605225,0.02657381445169449,0.02231481671333313,0.03543253242969513,0.022874245420098305
9,12,2.536086029186845,0.9548612236976624,1.0147355794906616,1.148887276649475,0.027155883610248566,0.13591231405735016,0.17357055842876434,0.02363145723938942,0.05514369159936905,0.16691675782203674,0.030076516792178154,0.02989559806883335,0.05828941613435745,0.028446970507502556,0.03535911813378334,0.05075400322675705,0.16056667268276215,0.43590742349624634,0.22005878388881683,0.03855666145682335,0.02267109416425228,0.026501338928937912,0.029333872720599174,0.028465617448091507,0.02835525944828987,0.027915891259908676,0.024466460570693016,0.032647792249917984,0.02179005928337574
9,13,2.854732537269592,0.9542512893676758,1.0154008865356445,1.1487056016921997,0.023512888699769974,0.11503210663795471,0.185629740357399,0.023262815549969673,0.07178545743227005,0.07518398016691208,0.04023820161819458,0.026121094822883606,0.0777866393327713,0.02608782984316349,0.03418678417801857,0.056972138583660126,0.142859548330307,0.8382596373558044,0.2292700707912445,0.037636104971170425,0.025462038815021515,0.025316288694739342,0.025248074904084206,0.026881132274866104,0.025989562273025513,0.023870989680290222,0.025364140048623085,0.025162385776638985,0.02394133061170578
9,14,2.084797103330493,0.9543956518173218,1.0153694152832031,1.1479743719100952,0.022756656631827354,0.12360218912363052,0.19777213037014008,0.02602972835302353,0.06341593712568283,0.09503700584173203,0.03802529349923134,0.027955876663327217,0.03068750910460949,0.02484232373535633,0.03134850040078163,0.04513825103640556,0.11827804893255234,0.09988191723823547,0.2317638248205185,0.0527535006403923,0.023546088486909866,0.02473452128469944,0.03080509416759014,0.0222147349268198,0.02204263024032116,0.02855168841779232,0.028740614652633667,0.02839367277920246,0.022931477054953575
9,15,2.1434686794877056,0.9542734622955322,1.0158696174621582,1.1474076509475708,0.022778915241360664,0.13328580558300018,0.2094922661781311,0.025079909712076187,0.0676937997341156,0.09499917924404144,0.05050349608063698,0.026067394763231277,0.035867467522621155,0.022474687546491623,0.03466297686100006,0.04046761989593506,0.11255182325839996,0.137644961476326,0.22182795405387878,0.05732403323054314,0.022614017128944397,0.025273436680436134,0.028532549738883972,0.022257346659898758,0.025497473776340485,0.02706601284444332,0.02496514469385147,0.02796282432973385,0.02306743711233139
9,16,2.1907475627958775,0.9550252556800842,1.0159543752670288,1.1468794345855713,0.024335399270057678,0.10455546528100967,0.24914231896400452,0.023346619680523872,0.06079796329140663,0.09479302167892456,0.046244822442531586,0.026060843840241432,0.03633204475045204,0.025524843484163284,0.0342477411031723,0.03793804720044136,0.13392435014247894,0.13659189641475677,0.24440136551856995,0.053971145302057266,0.024189475923776627,0.025172913447022438,0.03367426246404648,0.024239221587777138,0.024902185425162315,0.027055248618125916,0.027070173993706703,0.02797204628586769,0.020692333579063416
9,17,2.074660990014672,0.9553586840629578,1.0156482458114624,1.1463128328323364,0.023106824606657028,0.09998111426830292,0.26300251483917236,0.026843978092074394,0.06349004805088043,0.0885121151804924,0.048800528049468994,0.027299674227833748,0.03755851462483406,0.02529086172580719,0.03056775964796543,0.03940550237894058,0.09912071377038956,0.1328233927488327,0.15920916199684143,0.0670296922326088,0.022127671167254448,0.024802740663290024,0.028747471049427986,0.02130829729139805,0.023082347586750984,0.026266103610396385,0.02379636839032173,0.025915363803505898,0.02310827746987343
9,18,2.2265967037528753,0.9550610184669495,1.015413522720337,1.1458532810211182,0.02460210584104061,0.10403390228748322,0.35388079285621643,0.0254571121186018,0.07688003033399582,0.1136263981461525,0.04696972668170929,0.025999760255217552,0.03501726686954498,0.02508903481066227,0.029180511832237244,0.03654184937477112,0.13561078906059265,0.12149360775947571,0.17145994305610657,0.05532407760620117,0.022331805899739265,0.022544465959072113,0.0317995548248291,0.025194352492690086,0.024514708667993546,0.022771889343857765,0.024016087874770164,0.02647031471133232,0.02252105064690113
9,19,2.0502005729824306,0.955487072467804,1.01564621925354,1.1461867094039917,0.023767434060573578,0.10733036696910858,0.18868620693683624,0.02342063933610916,0.0684734433889389,0.11989592760801315,0.02212543971836567,0.022550158202648163,0.03679312765598297,0.025393696501851082,0.02954554185271263,0.036175716668367386,0.12964384257793427,0.1292322874069214,0.1946709007024765,0.04732440412044525,0.022444771602749825,0.026918575167655945,0.029803436249494553,0.02207154408097267,0.026910636574029922,0.0219481959939003,0.024995774030685425,0.025411132723093033,0.02120337262749672
9,20,2.0822133496403694,0.9550204873085022,1.0158494710922241,1.145591378211975,0.024893509224057198,0.09474433958530426,0.20869426429271698,0.023708516731858253,0.08139009773731232,0.12143831700086594,0.025351308286190033,0.025928938761353493,0.03910765424370766,0.022002676501870155,0.02271384187042713,0.03348680958151817,0.12136781215667725,0.14204606413841248,0.2017732560634613,0.0565197728574276,0.023265168070793152,0.02622412145137787,0.027611711993813515,0.021567391231656075,0.02386099100112915,0.02112811803817749,0.023548679426312447,0.024669010192155838,0.021878711879253387
9,21,2.1578252244740725,0.9551507830619812,1.0160560607910156,1.1455202102661133,0.025052567943930626,0.10759397596120834,0.16438274085521698,0.02374814823269844,0.10693037509918213,0.13522429764270782,0.024811025708913803,0.023661352694034576,0.03728049620985985,0.02365158498287201,0.022033672779798508,0.04046091064810753,0.14470435678958893,0.15588782727718353,0.2255759984254837,0.04856003448367119,0.02511637657880783,0.024303872138261795,0.027099652215838432,0.023832328617572784,0.027381878346204758,0.02262876182794571,0.022494252771139145,0.028302859514951706,0.023760465905070305
9,22,2.1073215421289206,0.9551685452461243,1.0164023637771606,1.147159457206726,0.022262169048190117,0.08670105785131454,0.21370123326778412,0.022513069212436676,0.09891150146722794,0.11080358922481537,0.023932762444019318,0.024384023621678352,0.04424092546105385,0.03026455081999302,0.022778639569878578,0.04298403859138489,0.12189825624227524,0.155105859041214,0.1988374888896942,0.056223854422569275,0.021643435582518578,0.021944671869277954,0.028235847130417824,0.022435735911130905,0.02294105477631092,0.02232588641345501,0.02248440496623516,0.025253377854824066,0.02076803520321846
9,23,1.8861425686627626,0.9548638463020325,1.0165536403656006,1.146795630455017,0.02207343280315399,0.10537245869636536,0.1564209759235382,0.028138229623436928,0.021456550806760788,0.056254416704177856,0.021183911710977554,0.029822709038853645,0.04367557540535927,0.026593010872602463,0.024369489401578903,0.03989630937576294,0.10788232088088989,0.14310723543167114,0.17623557150363922,0.04902222752571106,0.022843316197395325,0.022482160478830338,0.02520320937037468,0.023862741887569427,0.0248549971729517,0.02376340515911579,0.0210625771433115,0.026179784908890724,0.02074332721531391
9,24,1.9583145089447498,0.9550155997276306,1.0167747735977173,1.1466811895370483,0.0221092626452446,0.1176287978887558,0.21799421310424805,0.024479197338223457,0.022584864869713783,0.057693153619766235,0.0269691813737154,0.025788383558392525,0.034122198820114136,0.023765383288264275,0.02394946664571762,0.044363271445035934,0.10971470177173615,0.16191694140434265,0.17259515821933746,0.04004630073904991,0.02210099808871746,0.022646034136414528,0.026279155164957047,0.019619211554527283,0.024922305718064308,0.022975070402026176,0.021406421437859535,0.024417346343398094,0.02453317679464817
10,0,53.93557475805282,0.9554615020751953,1.0168070793151855,1.146030306816101,1.9076786041259766,1.9679605960845947,1.4880415201187134,1.5802687406539917,1.6363862752914429,3.0977225303649902,1.9283069372177124,1.8045368194580078,3.7693755626678467,1.5656392574310303,2.371112585067749,1.3832091093063354,2.7773871421813965,4.460136890411377,1.3754009008407593,3.879326581954956,2.4819395542144775,2.0655760765075684,1.0396406650543213,0.933723509311676,1.3640437126159668,1.4580227136611938,2.008063793182373,3.2240657806396484,1.7443491220474243
10,1,6.857637625187635,0.9532603621482849,1.0635710954666138,1.1479275226593018,1.8643134832382202,0.02441352978348732,0.10976633429527283,0.03007613681256771,0.19521212577819824,0.6519990563392639,0.12867330014705658,0.08874959498643875,1.4335170984268188,0.03221854194998741,0.043967582285404205,0.21049176156520844,0.5166093111038208,0.16749200224876404,0.08909203857183456,0.17180241644382477,0.048914793878793716,0.06941752880811691,0.10998313128948212,0.04352777451276779,0.02097814716398716,0.04239094257354736,0.02721625380218029,0.07665599137544632,0.02720695175230503
10,2,4.945711419731379,0.9531778693199158,1.0316874980926514,1.1432818174362183,1.810929775238037,0.02412746287882328,0.07772544771432877,0.043142449110746384,0.07915668934583664,0.05128466710448265,0.15465140342712402,0.14463292062282562,0.08712828159332275,0.04673657566308975,0.03844429552555084,0.048963725566864014,0.32905957102775574,0.3548562228679657,0.10875648260116577,0.07411695271730423,0.19929270446300507,0.1933469921350479,0.2782679796218872,0.026472175493836403,0.02304505743086338,0.030347175896167755,0.02533281221985817,0.04250585660338402,0.02775830589234829
10,3,3.6453484747558833,0.9520956873893738,1.0186744928359985,1.1427727937698364,0.06232120841741562,0.02449316345155239,0.06617800146341324,0.05557119846343994,0.07254583388566971,0.060667894780635834,0.15725074708461761,0.30850037932395935,0.029569031670689583,0.071651890873909,0.05901157483458519,0.241804301738739,0.46582451462745667,0.22268369793891907,0.10995306074619293,0.08540701866149902,0.12789693474769592,0.356408029794693,0.2576974630355835,0.03167327493429184,0.030583767220377922,0.036709271371364594,0.02088182047009468,0.03716075047850609,0.030195049941539764
10,4,5.144333578646183,0.9526733756065369,1.0157099962234497,1.145171046257019,0.03392250835895538,0.03382435441017151,0.07626599073410034,0.023181099444627762,0.07308650016784668,0.07129073888063431,0.14049336314201355,0.3710108995437622,0.03289134055376053,0.04337531700730324,0.03227657079696655,0.18744131922721863,2.2010297775268555,0.3985239267349243,0.08825129270553589,0.12082444876432419,0.18023236095905304,0.15189898014068604,0.036030855029821396,0.04266946017742157,0.045253463089466095,0.04892783612012863,0.026009786874055862,0.03127793222665787,0.031632572412490845
10,5,5.242203008010984,0.9523009657859802,1.0174143314361572,1.14519464969635,0.026620520278811455,0.036637403070926666,0.07804450392723083,0.02474101074039936,0.050333838909864426,0.07306503504514694,0.05105971917510033,0.3757174015045166,0.03276313468813896,0.0581132210791111,0.04309738799929619,0.2453017234802246,2.3587348461151123,0.344992995262146,0.08960893005132675,0.1283065229654312,0.26771408319473267,0.04909409210085869,0.035036955028772354,0.04797815904021263,0.06570377200841904,0.043882958590984344,0.02447357401251793,0.030010445043444633,0.038188785314559937
10,6,4.860480142384768,0.9528180956840515,1.0174546241760254,1.1463472843170166,0.026996389031410217,0.027913199737668037,0.0637437030673027,0.03172474727034569,0.0319925881922245,0.07928065955638885,0.05382172018289566,0.23918898403644562,0.03258742392063141,0.06123383715748787,0.04007374122738838,0.3966599702835083,2.1588168144226074,0.12563782930374146,0.08622974157333374,0.13323934376239777,0.27382782101631165,0.06774955242872238,0.040911853313446045,0.055318787693977356,0.07217270880937576,0.039364129304885864,0.023257208988070488,0.03307719528675079,0.04233619198203087
10,7,4.418130851536989,0.9531010985374451,1.0176504850387573,1.142968773841858,0.024593589827418327,0.031954117119312286,0.05798133462667465,0.035082899034023285,0.02668195217847824,0.05685729533433914,0.07051002979278564,0.19679954648017883,0.028652165085077286,0.05062500387430191,0.06311656534671783,0.27477943897247314,1.8196074962615967,0.128962442278862,0.1809765100479126,0.13086962699890137,0.2634768784046173,0.062466904520988464,0.049902405589818954,0.05189453437924385,0.0690474882721901,0.038378287106752396,0.020443690940737724,0.030487962067127228,0.0312386155128479
10,8,4.211631744354963,0.954371988773346,1.017858862876892,1.144837498664856,0.023232351988554,0.03471391275525093,0.05930173397064209,0.040700629353523254,0.026953574270009995,0.07994488626718521,0.0699511170387268,0.2018699198961258,0.03364115208387375,0.024564452469348907,0.0618758387863636,0.33861085772514343,1.5635794401168823,0.13163085281848907,0.15945686399936676,0.16062720119953156,0.2657114267349243,0.056932222098112106,0.02511075884103775,0.055870309472084045,0.05061071366071701,0.03568606823682785,0.022221263498067856,0.03259584307670593,0.03282468393445015
10,9,3.458570556715131,0.955208957195282,1.0178704261779785,1.1441913843154907,0.026529697701334953,0.028304042294621468,0.04609810560941696,0.04399316757917404,0.027284136041998863,0.06890475004911423,0.049777768552303314,0.23936358094215393,0.03252082318067551,0.024972442537546158,0.024738386273384094,0.13477575778961182,1.2887898683547974,0.10161907225847244,0.11631782352924347,0.1035507321357727,0.2725082337856293,0.026990776881575584,0.02567903697490692,0.026818836107850075,0.023014500737190247,0.026265010237693787,0.023547157645225525,0.029091792181134224,0.023660903796553612
10,10,4.0078134898096325,0.9546501636505127,1.0180093050003052,1.146844744682312,0.02293720282614231,0.022207994014024734,0.04875197261571884,0.051091574132442474,0.03474685177206993,0.07580062001943588,0.051063165068626404,0.2403332144021988,0.03481925278902054,0.023313621059060097,0.033023737370967865,0.15418380498886108,1.6484076976776123,0.16632609069347382,0.19339586794376373,0.10998573899269104,0.24386875331401825,0.05066400766372681,0.029060326516628265,0.028392726555466652,0.024259833618998528,0.025589512661099434,0.023766322061419487,0.0263227466493845,0.021600011736154556
10,11,3.126503149420023,0.9546887278556824,1.0185823440551758,1.1473678350448608,0.02299017645418644,0.023908566683530807,0.043286483734846115,0.04322826489806175,0.026642723008990288,0.0637231096625328,0.04965050518512726,0.21584242582321167,0.02987339347600937,0.020200802013278008,0.034884728491306305,0.16251035034656525,0.9652142524719238,0.19272324442863464,0.09651593118906021,0.10153260082006454,0.1690574437379837,0.054006483405828476,0.035375792533159256,0.028954321518540382,0.02232235111296177,0.027550149708986282,0.025484923273324966,0.025005502626299858,0.02189084142446518
10,12,2.3793153535574674,0.9552889466285706,1.0187134742736816,1.147186279296875,0.019663266837596893,0.02419855445623398,0.04625769704580307,0.048557113856077194,0.03180065006017685,0.055108360946178436,0.04998399317264557,0.18532025814056396,0.033620063215494156,0.021043306216597557,0.03327322378754616,0.12651941180229187,0.39016106724739075,0.10139389336109161,0.12158047407865524,0.09727824479341507,0.12880045175552368,0.04806865379214287,0.030631640926003456,0.030352823436260223,0.026845093816518784,0.030053921043872833,0.02466358244419098,0.025797611102461815,0.024104256182909012
10,13,2.4118392992764712,0.955703854560852,1.0177490711212158,1.147334098815918,0.02513715624809265,0.036791037768125534,0.07395906001329422,0.05310637503862381,0.027961187064647675,0.049564700573682785,0.05629211291670799,0.030358288437128067,0.030986741185188293,0.023861998692154884,0.0342269241809845,0.2180282026529312,0.34616783261299133,0.08948756754398346,0.12043790519237518,0.10075820982456207,0.25104111433029175,0.03594334051012993,0.03515883535146713,0.02731938660144806,0.023789508268237114,0.02654322423040867,0.023413045331835747,0.02429119683802128,0.023056942969560623
10,14,2.4731267016381024,0.9555826187133789,1.0181348323822021,1.14680814743042,0.025487449020147324,0.03306390345096588,0.08013401180505753,0.028935424983501434,0.025393573567271233,0.04658536985516548,0.04222206026315689,0.03512561693787575,0.03452819213271141,0.021384943276643753,0.027908269315958023,0.16169922053813934,0.4534137547016144,0.08264749497175217,0.21226546168327332,0.09382305294275284,0.2171192318201065,0.04098346829414368,0.03555053845047951,0.02753136120736599,0.02536577358841896,0.02494346722960472,0.022755488753318787,0.02759459987282753,0.02255985327064991
10,15,2.5918278101831675,0.9555361270904541,1.0169901847839355,1.1467580795288086,0.020164307206869125,0.03355807438492775,0.09068109840154648,0.03144245222210884,0.029427887871861458,0.06197541952133179,0.040696144104003906,0.02692161686718464,0.03965559974312782,0.022301968187093735,0.03206629678606987,0.1923649162054062,0.5380041003227234,0.08684440702199936,0.18683287501335144,0.11169781535863876,0.20395199954509735,0.04038174822926521,0.027935098856687546,0.024636559188365936,0.026113195344805717,0.027035661041736603,0.023047907277941704,0.025804493576288223,0.024429289624094963
10,16,2.4830335695296526,0.9557793140411377,1.017488718032837,1.1471322774887085,0.02459701895713806,0.03073008358478546,0.10756620019674301,0.033413711935281754,0.03000088408589363,0.05856810137629509,0.048303909599781036,0.025939151644706726,0.037736523896455765,0.02154054492712021,0.029247252270579338,0.13671161234378815,0.5643960237503052,0.07628745585680008,0.14676949381828308,0.06165279820561409,0.20859436690807343,0.03273974359035492,0.029048649594187737,0.029337089508771896,0.02789163589477539,0.02614773064851761,0.022444317117333412,0.02895459532737732,0.02033461257815361
10,17,2.518236827850342,0.9560589790344238,1.0175344944000244,1.1469782590866089,0.021675555035471916,0.028204085305333138,0.10573926568031311,0.03303121030330658,0.029664531350135803,0.07427717000246048,0.04750542715191841,0.028567224740982056,0.037985604256391525,0.02313576638698578,0.029963700100779533,0.12505215406417847,0.5496307015419006,0.06664799898862839,0.16377699375152588,0.0544610433280468,0.2692636549472809,0.022783348336815834,0.03323332965373993,0.024915555492043495,0.02473883330821991,0.028528766706585884,0.02614559605717659,0.02230418659746647,0.02289077825844288
10,18,2.217952585965395,0.9559826254844666,1.0170239210128784,1.1475498676300049,0.025111939758062363,0.027620844542980194,0.06818681210279465,0.03539590537548065,0.03335687890648842,0.060671817511320114,0.03298727795481682,0.03153764456510544,0.030177852138876915,0.02364123985171318,0.02892637625336647,0.12086083739995956,0.5498353838920593,0.0621463917195797,0.17934690415859222,0.05221262574195862,0.026369186118245125,0.025539249181747437,0.031731631606817245,0.021905088797211647,0.026885423809289932,0.028566544875502586,0.023234518244862556,0.024073000997304916,0.023519927635788918
10,19,2.0526980720460415,0.9564689993858337,1.017074465751648,1.1479812860488892,0.021793963387608528,0.024208497256040573,0.07497069239616394,0.03476854786276817,0.021489011123776436,0.05529337748885155,0.042195066809654236,0.02477763593196869,0.03234124556183815,0.02454298920929432,0.027461595833301544,0.13406576216220856,0.38345205783843994,0.07134228944778442,0.17292411625385284,0.05824887752532959,0.024322202429175377,0.02322930097579956,0.028347073122859,0.02294129878282547,0.028247421607375145,0.027455773204565048,0.02208467572927475,0.027712605893611908,0.020177043974399567
10,20,1.8533852294087412,0.9563822746276855,1.017492651939392,1.1486923694610596,0.023369736969470978,0.0265611931681633,0.07859554886817932,0.04325781390070915,0.026225369423627853,0.05465244874358177,0.04297567903995514,0.021823802962899208,0.026876313611865044,0.023129155859351158,0.028685899451375008,0.12624497711658478,0.2017839550971985,0.06601240485906601,0.17564530670642853,0.037524815648794174,0.023619741201400757,0.0221080519258976,0.03244331479072571,0.024690847843885422,0.02680310234427452,0.022897429764270782,0.02436269260942936,0.02511489763855934,0.02346727065742016
10,21,1.9264014031738044,0.9559611678123474,1.0173779726028442,1.1493769884109497,0.02426358312368393,0.02616780437529087,0.07341916859149933,0.04208226874470711,0.023501571267843246,0.08056759834289551,0.04293762147426605,0.03729747235774994,0.033044952899217606,0.022360218688845634,0.029939407482743263,0.10934565961360931,0.23859763145446777,0.065529003739357,0.18754547834396362,0.04125437140464783,0.02479713223874569,0.022706378251314163,0.031739261001348495,0.02269960567355156,0.02413679100573063,0.025269951671361923,0.022493183612823486,0.025364473462104797,0.02479758858680725
10,22,1.8726394273340703,0.9559432864189148,1.0167701244354248,1.1492010354995728,0.023964758962392807,0.027710599824786186,0.06523841619491577,0.04398416355252266,0.029976563528180122,0.05871603265404701,0.043196901679039,0.030099401250481606,0.029313506558537483,0.026767253875732422,0.02934371493756771,0.13267214596271515,0.20822672545909882,0.05674433335661888,0.17496620118618011,0.04505391791462898,0.026748130097985268,0.02132779359817505,0.03409632295370102,0.02438514120876789,0.024254364892840385,0.0255899578332901,0.02338213287293911,0.02169252373278141,0.020805533975362778
10,23,1.8596368465572595,0.9553688764572144,1.0169693231582642,1.1497251987457275,0.021349970251321793,0.02738041803240776,0.05943285673856735,0.04967315495014191,0.025791339576244354,0.052978578954935074,0.04670329391956329,0.026529556140303612,0.0289470124989748,0.020062856376171112,0.03134150058031082,0.12641093134880066,0.18882335722446442,0.0865972489118576,0.16793233156204224,0.036666497588157654,0.027954746037721634,0.023406973108649254,0.03782476484775543,0.025055987760424614,0.02796143852174282,0.02783343754708767,0.02400657907128334,0.021740127354860306,0.02281920798122883
10,24,1.8945111460983752,0.9557672142982483,1.01731276512146,1.1501233577728271,0.023267356678843498,0.026521261781454086,0.06582267582416534,0.035204898566007614,0.028904827311635017,0.06934157013893127,0.04793611541390419,0.02943563461303711,0.02942955680191517,0.02763264812529087,0.030114686116576195,0.1451084315776825,0.1686495989561081,0.10535934567451477,0.16872571408748627,0.038719646632671356,0.02282702550292015,0.021623261272907257,0.03763778507709503,0.022994903847575188,0.03123411349952221,0.026594582945108414,0.023739095777273178,0.02189725451171398,0.02114848792552948
11,0,52.766632604598996,0.9554615020751953,1.0168070793151855,1.146030306816101,2.5043747425079346,2.4397473335266113,1.8483803272247314,1.618221640586853,1.464070439338684,2.47117280960083,1.9586095809936523,1.333552598953247,3.350059986114502,1.8842730522155762,2.125049591064453,1.5419868230819702,2.8962390422821045,4.235108852386475,1.6324560642242432,3.2703888416290283,2.4938814640045166,1.285482406616211,0.7736954092979431,0.8798807263374329,1.6499494314193726,1.404886245727539,2.183835744857788,3.4805593490600586,1.4171103239059448
11,1,6.324324785917997,0.9679890275001526,1.0153714418411255,1.170965552330017,0.027752399444580078,0.0719580128788948,0.33197250962257385,0.061097923666238785,0.02794380858540535,0.10326440632343292,0.3204793632030487,0.05464949086308479,0.05272457376122475,0.038637273013591766,2.2459945678710938,0.05588177964091301,0.17340151965618134,1.2503418922424316,0.18998414278030396,0.20839157700538635,0.11430758982896805,0.08295346796512604,0.030542723834514618,0.06330249458551407,0.06806646287441254,0.028325103223323822,0.04108051210641861,0.02817446179687977,0.02223152481019497
11,2,4.526176097989082,0.9570603966712952,1.0157678127288818,1.15171217918396,0.024594420567154884,0.20410068333148956,0.2630949318408966,0.19860248267650604,0.026755498722195625,0.12088136374950409,0.08543868362903595,0.2834257483482361,0.04429164156317711,0.037073764950037,0.06008252874016762,0.135711207985878,0.1882152259349823,0.5534114837646484,0.0694064125418663,0.3247089684009552,0.10301677882671356,0.8927814960479736,0.03310900554060936,0.061096277087926865,0.07920477539300919,0.031248994171619415,0.028377853333950043,0.030955439433455467,0.02168235369026661
11,3,3.425090379267931,0.9584522247314453,1.014400601387024,1.1523423194885254,0.028642738237977028,0.0673479214310646,0.14526353776454926,0.23920196294784546,0.024007780477404594,0.0640549436211586,0.0646771714091301,0.09114573895931244,0.03728571534156799,0.04534770920872688,0.11288899928331375,0.22949935495853424,0.25632160902023315,0.09324144572019577,0.16893994808197021,0.3077976107597351,0.08682413399219513,0.5170122385025024,0.044875368475914,0.04093074053525925,0.03151066601276398,0.029726145789027214,0.024060850962996483,0.028534676879644394,0.02091234177350998
11,4,4.539518690109253,0.9571523666381836,1.0205274820327759,1.1501989364624023,0.02422802336513996,0.1387476772069931,0.19678543508052826,0.19072796404361725,0.029859008267521858,0.044092126190662384,0.08883356302976608,0.11868087202310562,0.03861115872859955,0.0722421184182167,0.26975762844085693,0.1735534518957138,0.5456523299217224,0.06645964086055756,0.42998459935188293,0.19066035747528076,0.636093258857727,0.4254189729690552,0.04783273860812187,0.029993226751685143,0.033177245408296585,0.03999151661992073,0.028123604133725166,0.02891373448073864,0.025522680953145027
11,5,4.1152681831270455,0.9558396339416504,1.0167502164840698,1.149038553237915,0.02530517801642418,0.05410464107990265,0.10677188634872437,0.18380163609981537,0.028318626806139946,0.044877808541059494,0.09539288282394409,0.13588359951972961,0.04444211348891258,0.06224728003144264,0.21843640506267548,0.1913454383611679,0.44204404950141907,0.07458414137363434,0.2231966257095337,0.19043119251728058,0.7595430612564087,0.3650733530521393,0.056028567254543304,0.022635992616415024,0.043710291385650635,0.04572693631052971,0.025774020701646805,0.028887450695037842,0.022379323840141296
11,6,4.203172865882516,0.956373393535614,1.0180693864822388,1.1491807699203491,0.02896685153245926,0.038623031228780746,0.11809340864419937,0.07587411254644394,0.027365772053599358,0.03892354667186737,0.09616754204034805,0.07916218787431717,0.04757469892501831,0.07188276201486588,0.22831499576568604,0.2000049501657486,0.5610200762748718,0.07491758465766907,0.16243474185466766,0.26398926973342896,0.8288339972496033,0.3804555833339691,0.057433728128671646,0.030900605022907257,0.0510532408952713,0.04038691893219948,0.023858925327658653,0.030612217262387276,0.02159740775823593
11,7,3.6938068974763154,0.9570855498313904,1.0178425312042236,1.147745966911316,0.024053223431110382,0.04062841832637787,0.10359078645706177,0.09691859781742096,0.03310555964708328,0.04643703252077103,0.18467780947685242,0.09319883584976196,0.046926096081733704,0.07460137456655502,0.22809262573719025,0.1548803299665451,0.5844994187355042,0.096512570977211,0.16647040843963623,0.30096435546875,0.11883269250392914,0.457479864358902,0.04211120679974556,0.028237661346793175,0.029299113899469376,0.04473236948251724,0.0244551170617342,0.02673456072807312,0.0218320582062006
11,8,3.9051818031817676,0.9566481113433838,1.0178899765014648,1.1486289501190186,0.028783712536096573,0.028396980836987495,0.10294578969478607,0.15098047256469727,0.03249230235815048,0.04843544587492943,0.16293007135391235,0.09529775381088257,0.049148716032505035,0.06798473000526428,0.29348859190940857,0.25433120131492615,0.739920973777771,0.09194587916135788,0.11640451848506927,0.2758961617946625,0.10254716128110886,0.41833317279815674,0.037666987627744675,0.023626932874321938,0.03213408961892128,0.051573820412158966,0.02616630680859089,0.02706032618880272,0.022056296467781067
11,9,2.971414750814438,0.9554230570793152,1.016866683959961,1.1466617584228516,0.023071717470884323,0.029444225132465363,0.10644793510437012,0.10379569232463837,0.03265821933746338,0.038295820355415344,0.12625060975551605,0.0817294791340828,0.05079495906829834,0.04065003618597984,0.2480858415365219,0.3182770609855652,0.4823344647884369,0.05820713937282562,0.09926731139421463,0.2007322907447815,0.023041337728500366,0.06320168077945709,0.03606949746608734,0.033329106867313385,0.03688215836882591,0.042594701051712036,0.023243498057127,0.027783062309026718,0.021436605602502823
11,10,3.174674852192402,0.9553623199462891,1.0168930292129517,1.1457141637802124,0.027246195822954178,0.03322093188762665,0.13428765535354614,0.10579511523246765,0.034126751124858856,0.047209810465574265,0.1580534279346466,0.044692620635032654,0.04924130067229271,0.03983093053102493,0.2439747005701065,0.3761672377586365,0.6386198401451111,0.06395979970693588,0.10454542934894562,0.15338388085365295,0.02526688575744629,0.07030787318944931,0.03199847787618637,0.02718023769557476,0.03330889344215393,0.035611532628536224,0.023550981655716896,0.027125868946313858,0.02237457036972046
11,11,2.7087494727224115,0.9562143087387085,1.0163213014602661,1.1469677686691284,0.02316316030919552,0.03613757714629173,0.15912827849388123,0.08918577432632446,0.041624583303928375,0.05133133381605148,0.1727851927280426,0.048962876200675964,0.04429677501320839,0.027226857841014862,0.34463465213775635,0.31691256165504456,0.07282175123691559,0.04946806654334068,0.13203789293766022,0.17473885416984558,0.022199997678399086,0.06559701263904572,0.03244726359844208,0.027173824608325958,0.03488539159297943,0.04357306659221649,0.024600639939308167,0.026717739179730415,0.02319767326116562
11,12,2.8946459103375672,0.9572886824607849,1.016613245010376,1.1460940837860107,0.024325404316186905,0.029068022966384888,0.1694585531949997,0.06790593266487122,0.046228379011154175,0.04917460307478905,0.13875572383403778,0.04769115895032883,0.0718933641910553,0.027779677882790565,0.3798307478427887,0.48917481303215027,0.08116215467453003,0.05873481184244156,0.07519256323575974,0.19444164633750916,0.023369144648313522,0.08771191537380219,0.03291356563568115,0.0262299831956625,0.034801699221134186,0.03957770764827728,0.02465682104229927,0.025907883420586586,0.02466043084859848
11,13,2.5682059220969675,0.9580485224723816,1.0161714553833008,1.146698236465454,0.02327379584312439,0.02968856692314148,0.1210256889462471,0.0632157176733017,0.0435926578938961,0.04733578488230705,0.15821564197540283,0.040511999279260635,0.06402984261512756,0.0243992917239666,0.4102252125740051,0.1770937442779541,0.0840962678194046,0.051140110939741135,0.08329698443412781,0.22892099618911743,0.024600332602858543,0.06863314658403397,0.029037462547421455,0.02315082959830761,0.031471818685531616,0.04634571075439453,0.024072693660855293,0.024698549881577492,0.02194943092763424
11,14,2.553431023657322,0.9585718512535095,1.016297459602356,1.145762324333191,0.02006400004029274,0.03188074752688408,0.14967679977416992,0.058160778135061264,0.04967038333415985,0.04469262436032295,0.08698248118162155,0.04151380807161331,0.05508763715624809,0.025754684582352638,0.4044187068939209,0.18061202764511108,0.09017277508974075,0.06378140300512314,0.10452789813280106,0.2318507581949234,0.022247234359383583,0.07717008888721466,0.026950282976031303,0.02503691241145134,0.03488468751311302,0.03379383683204651,0.022811247035861015,0.025500718504190445,0.02206217497587204
11,15,2.590183299407363,0.958873987197876,1.0159401893615723,1.1455597877502441,0.02437564730644226,0.03311076760292053,0.1554761826992035,0.07510223984718323,0.03349987044930458,0.05084489285945892,0.08716882765293121,0.03736981377005577,0.06782376766204834,0.029320145025849342,0.4527395963668823,0.11540039628744125,0.08592122048139572,0.06842892616987228,0.10220795124769211,0.2666586935520172,0.025221209973096848,0.06848493218421936,0.028759026899933815,0.021954374387860298,0.03258214145898819,0.035009175539016724,0.020863864570856094,0.024212902411818504,0.023571940138936043
11,16,2.6617801275104283,0.959887683391571,1.0158036947250366,1.1462007761001587,0.02346096932888031,0.059746772050857544,0.12131622433662415,0.10828743129968643,0.03486495465040207,0.05069640651345253,0.11513003706932068,0.028689971193671227,0.06256938725709915,0.026539333164691925,0.4086454212665558,0.16674716770648956,0.08634526282548904,0.07976307719945908,0.09121120721101761,0.27253028750419617,0.024292049929499626,0.08028507232666016,0.030679553747177124,0.02407016232609749,0.036675672978162766,0.037559665739536285,0.021607114002108574,0.025199655443429947,0.020488839596509933
11,17,2.486424266174436,0.9596050977706909,1.016037106513977,1.1457866430282593,0.022498508915305138,0.05173034593462944,0.06901103258132935,0.06391412019729614,0.03732337802648544,0.04614336043596268,0.1252354234457016,0.02515699528157711,0.05474875122308731,0.025675099343061447,0.5705830454826355,0.1466379016637802,0.07507994025945663,0.0880926251411438,0.09104101359844208,0.07992053031921387,0.02418598346412182,0.07137006521224976,0.026041390374302864,0.023119978606700897,0.040030337870121,0.028949763625860214,0.02647959068417549,0.024522244930267334,0.024647070094943047
11,18,2.5115298725664617,0.9594096541404724,1.0158493518829346,1.1465952396392822,0.023177487775683403,0.049103621393442154,0.08134210109710693,0.06868647783994675,0.035508893430233,0.04825634881854057,0.1128825917840004,0.02264515683054924,0.06098650023341179,0.027081333100795746,0.5735930800437927,0.15077120065689087,0.06582549214363098,0.08441556245088577,0.11993807554244995,0.08286462724208832,0.02098039910197258,0.0733717605471611,0.022612443193793297,0.023418350145220757,0.04013265669345856,0.02924102172255516,0.02310846745967865,0.02409489080309868,0.02312048338353634
11,19,2.2780967190861703,0.958479106426239,1.015812873840332,1.1467593908309937,0.02382885292172432,0.06250252574682236,0.10120309144258499,0.04465175420045853,0.027833135798573494,0.04726213589310646,0.08847423642873764,0.027496686205267906,0.06223529949784279,0.027164144441485405,0.29667213559150696,0.1409434825181961,0.07759596407413483,0.10474786162376404,0.17018845677375793,0.06990885734558105,0.021615954115986824,0.0758625790476799,0.024447515606880188,0.02947811782360077,0.024719398468732834,0.03181916102766991,0.02531926892697811,0.025038249790668488,0.022877579554915428
11,20,2.1244550313800574,0.9585641026496887,1.0156662464141846,1.1462857723236084,0.021744079887866974,0.07386218756437302,0.07283491641283035,0.05237636715173721,0.028834400698542595,0.04325884208083153,0.08559416979551315,0.028188612312078476,0.06579406559467316,0.030401356518268585,0.16682587563991547,0.1354631632566452,0.08375365287065506,0.11042470484972,0.1558467596769333,0.07801414281129837,0.024089505895972252,0.06244645267724991,0.02285918779671192,0.028166312724351883,0.026478469371795654,0.03108830377459526,0.022644730284810066,0.02590280957520008,0.02345873787999153
11,21,2.071440516039729,0.9581261277198792,1.0155283212661743,1.1459695100784302,0.024409575387835503,0.07929503917694092,0.048644836992025375,0.053996406495571136,0.02556646056473255,0.049314092844724655,0.07302457839250565,0.03519446402788162,0.0636104866862297,0.029121650382876396,0.1560450941324234,0.15776556730270386,0.08036881685256958,0.10487788170576096,0.11437021940946579,0.06601674109697342,0.023198988288640976,0.06910620629787445,0.026839183643460274,0.033326875418424606,0.026796070858836174,0.032227348536252975,0.024505985900759697,0.026707744225859642,0.023185409605503082
11,22,2.108985725417733,0.9578798413276672,1.015457272529602,1.1458524465560913,0.020519744604825974,0.08087079226970673,0.08825389295816422,0.0627831369638443,0.02906319871544838,0.05272023752331734,0.0645243301987648,0.033427197486162186,0.05411424860358238,0.03370990231633186,0.1858370453119278,0.14380162954330444,0.07035521417856216,0.14966420829296112,0.0813094824552536,0.062107887119054794,0.023380115628242493,0.06606173515319824,0.023112690076231956,0.028940968215465546,0.02627846971154213,0.03356342390179634,0.023182056844234467,0.025662584230303764,0.021903621032834053
11,23,1.9575098607689143,0.9579190015792847,1.0154576301574707,1.1455310583114624,0.022762233391404152,0.07436110824346542,0.06121183931827545,0.07041390240192413,0.029912911355495453,0.05092230811715126,0.08098559826612473,0.031060542911291122,0.03651478886604309,0.023728515952825546,0.14776787161827087,0.11346999555826187,0.059586793184280396,0.11882013827562332,0.09073098748922348,0.051309339702129364,0.022750092670321465,0.06334051489830017,0.022380389273166656,0.03379015997052193,0.027690643444657326,0.029417719691991806,0.02215348556637764,0.02441009320318699,0.024236349388957024
11,24,2.0226512368768454,0.9579330086708069,1.0153931379318237,1.1453827619552612,0.024332134053111076,0.09944774210453033,0.08694040775299072,0.06377891451120377,0.024732865393161774,0.05214335396885872,0.07388035953044891,0.02757110446691513,0.03743099793791771,0.026187999173998833,0.18186868727207184,0.12172090262174606,0.07079477608203888,0.09023990482091904,0.10241428017616272,0.057556238025426865,0.021199114620685577,0.06022648140788078,0.021352369338274002,0.03167494013905525,0.025210371240973473,0.028220558539032936,0.023849360644817352,0.023899763822555542,0.022235827520489693
12,0,54.09873402118683,0.9540426135063171,1.0168555974960327,1.1425811052322388,2.717440128326416,2.114053964614868,1.4538753032684326,2.0812153816223145,1.4918181896209717,2.316784143447876,2.2137887477874756,1.5793476104736328,3.4343998432159424,2.174217700958252,2.6485095024108887,1.2733534574508667,2.2581896781921387,3.5920932292938232,1.445099115371704,4.658851146697998,2.6290762424468994,1.2548214197158813,1.7322829961776733,0.8320756554603577,1.160410761833191,1.479682207107544,1.9148212671279907,3.9259297847747803,1.0939006805419922
12,1,6.449337041378021,0.9580108523368835,1.021992564201355,1.1399929523468018,0.03066324256360531,0.16621243953704834,0.09667540341615677,0.29722756147384644,0.03678848221898079,0.14472906291484833,0.02252514846622944,0.02859223447740078,0.2347344160079956,0.025742579251527786,2.5524637699127197,0.16830328106880188,0.7595645189285278,0.6908100843429565,0.1167154610157013,0.08841826766729355,0.054173801094293594,0.07395865023136139,0.03779419884085655,0.026814663782715797,0.031671274453401566,0.03018111363053322,0.04499899968504906,0.03613671287894249,0.029442399740219116
12,2,3.569583623856306,0.9757130146026611,1.0171105861663818,1.1436642408370972,0.02766476571559906,0.2388518750667572,0.06969112902879715,0.1380646675825119,0.041270554065704346,0.08901014924049377,0.045533470809459686,0.03393690288066864,0.1936916708946228,0.02847869321703911,0.10580731183290482,0.20299182832241058,1.0046145915985107,0.2822849750518799,0.056961752474308014,0.04824179783463478,0.03639694303274155,0.06354140490293503,0.027660785242915154,0.028140714392066002,0.03439491614699364,0.052157897502183914,0.040753092616796494,0.029958922415971756,0.022185243666172028
12,3,3.6895750988274814,0.9642384648323059,1.016663908958435,1.140533447265625,0.030995788052678108,0.05860961228609085,0.03782866150140762,0.16112011671066284,0.05915500968694687,0.14264367520809174,0.030068865045905113,0.0336691290140152,0.0815020203590393,0.02707376517355442,0.07023915648460388,0.21548056602478027,1.333993911743164,0.07961035519838333,0.098111093044281,0.19894860684871674,0.033031489700078964,0.12113098055124283,0.028928358107805252,0.02973991446197033,0.04738202691078186,0.04446559026837349,0.03618688881397247,0.04228554293513298,0.02308681048452854
12,4,3.425358495488763,0.9599787592887878,1.0148905515670776,1.1417574882507324,0.025441432371735573,0.1428280770778656,0.05623107776045799,0.15774746239185333,0.10594483464956284,0.10838862508535385,0.315494179725647,0.046594761312007904,0.16169431805610657,0.028949439525604248,0.03755144402384758,0.3713987171649933,0.25804537534713745,0.08738182485103607,0.11830337345600128,0.30260708928108215,0.039557576179504395,0.19127172231674194,0.04052623361349106,0.03333623334765434,0.030149489641189575,0.04205511510372162,0.041894011199474335,0.03755386918783188,0.021086852997541428
12,5,3.60956863053143,0.9576849937438965,1.0152642726898193,1.1452620029449463,0.023362141102552414,0.1985141634941101,0.12513713538646698,0.14640969038009644,0.11077215522527695,0.14770404994487762,0.2800748944282532,0.04894355684518814,0.14883075654506683,0.02949642948806286,0.043119877576828,0.5925863981246948,0.2859017252922058,0.0668804943561554,0.039385244250297546,0.35559844970703125,0.022425062954425812,0.07201683521270752,0.05035179853439331,0.033525582402944565,0.026927463710308075,0.04096005856990814,0.03744830563664436,0.03375565633177757,0.025798451155424118
12,6,2.813066753000021,0.9576341509819031,1.0160709619522095,1.1460719108581543,0.026772409677505493,0.26486384868621826,0.12720301747322083,0.03478739783167839,0.047585781663656235,0.12140684574842453,0.2435959130525589,0.027234939858317375,0.13191846013069153,0.02382664382457733,0.032352957874536514,0.08227208256721497,0.2606927156448364,0.09075379371643066,0.044788435101509094,0.38365018367767334,0.032613229006528854,0.027840202674269676,0.028347739949822426,0.022681765258312225,0.023102950304746628,0.03138730302453041,0.027546962723135948,0.02992108091711998,0.02196468785405159
12,7,3.33970750272274,0.9595232009887695,1.016954779624939,1.146838903427124,0.024971546605229378,0.18119682371616364,0.20888425409793854,0.054719068109989166,0.029937390238046646,0.09339495748281479,0.198867067694664,0.031072190031409264,0.14535541832447052,0.02305915579199791,0.04881531000137329,0.12301081418991089,0.3238919675350189,0.07219899445772171,0.07090172916650772,0.8307597041130066,0.03227633610367775,0.03378307446837425,0.025493882596492767,0.025958752259612083,0.02383134700357914,0.032320473343133926,0.025983132421970367,0.03382693976163864,0.020533796399831772
12,8,3.5390761688351633,0.9591756463050842,1.0177325010299683,1.146639347076416,0.025275323539972305,0.2332325130701065,0.2568500339984894,0.041137613356113434,0.03232359141111374,0.12586943805217743,0.41988837718963623,0.0438624769449234,0.28069958090782166,0.021325672045350075,0.042912110686302185,0.07175736874341965,0.2117973268032074,0.05869187042117119,0.06657136231660843,0.7269445657730103,0.032728396356105804,0.04108615219593048,0.026204368099570274,0.021790022030472755,0.0212901309132576,0.03415289893746376,0.021772833541035652,0.032893162220716476,0.023309480398893356
12,9,3.4611974958330394,0.9602729678153992,1.0172616243362427,1.1459766626358032,0.025167658925056458,0.2533870041370392,0.08724277466535568,0.035510819405317307,0.04206807166337967,0.06784892827272415,0.4600142240524292,0.05648164078593254,0.2557627558708191,0.023613162338733673,0.04444432631134987,0.05895889922976494,0.20304477214813232,0.054190218448638916,0.0818193256855011,0.8338080048561096,0.036872219294309616,0.03913513198494911,0.02381337434053421,0.023465653881430626,0.02107928693294525,0.03067663125693798,0.027561213821172714,0.028114160522818565,0.022414986044168472
12,10,3.198954575136304,0.9592412710189819,1.0170036554336548,1.146044135093689,0.02417302504181862,0.09714698791503906,0.1111563965678215,0.026067033410072327,0.03052387572824955,0.060409508645534515,0.26151004433631897,0.0691671147942543,0.07646295428276062,0.02275584079325199,0.03297651559114456,0.08747044205665588,0.1597221940755844,0.05559588596224785,0.08832971006631851,1.1132577657699585,0.0343351736664772,0.041085463017225266,0.03043770045042038,0.02156248688697815,0.025155406445264816,0.02728198654949665,0.025727568194270134,0.0300464890897274,0.02213919349014759
12,11,3.061621745675802,0.9585698246955872,1.015910029411316,1.146701693534851,0.021999653428792953,0.032800450921058655,0.08103597909212112,0.024477481842041016,0.028759129345417023,0.041779834777116776,0.24166123569011688,0.06628893315792084,0.08194345980882645,0.0216805599629879,0.03198476880788803,0.06824970990419388,0.17453795671463013,0.05874374881386757,0.09623652696609497,1.1100809574127197,0.03536716476082802,0.03768565505743027,0.03443192318081856,0.021492337808012962,0.020061153918504715,0.03077496774494648,0.023210451006889343,0.028896039351820946,0.023205356672406197
12,12,3.1776220884174107,0.959945023059845,1.0162160396575928,1.146335482597351,0.026273826137185097,0.03496328741312027,0.05432192236185074,0.024740876629948616,0.0308647733181715,0.04150419682264328,0.19637563824653625,0.07272814214229584,0.13112911581993103,0.022432809695601463,0.03124287538230419,0.06701730936765671,0.19467101991176605,0.06071553751826286,0.0954781174659729,1.21195650100708,0.0359351672232151,0.041870858520269394,0.025673750787973404,0.023604176938533783,0.02159060165286064,0.027752919122576714,0.027700144797563553,0.02895410545170307,0.023625105619430542
13,0,55.10564999580383,0.9554615020751953,1.0168070793151855,1.146030306816101,3.047679901123047,2.010953664779663,1.6204952001571655,1.1787761449813843,0.7052571177482605,2.9892399311065674,2.1332056522369385,1.1846050024032593,3.022831916809082,1.9292510747909546,2.7075395584106445,1.1864826679229736,2.6583030223846436,4.764357566833496,1.4468337297439575,4.303192615509033,2.877490520477295,1.1692765951156616,1.182564377784729,0.4912354350090027,1.2176237106323242,1.6130789518356323,3.0552799701690674,3.478647470474243,2.5077884197235107
13,1,12.04847033508122,0.952579140663147,1.0195764303207397,1.142091155052185,0.022253254428505898,0.05531996116042137,0.058729127049446106,0.038603998720645905,0.056882865726947784,0.06430558115243912,0.024415407329797745,0.028489399701356888,3.189753770828247,0.035956449806690216,0.09834021329879761,0.7409636378288269,0.209396630525589,2.3063042163848877,0.1123640388250351,3.6142871379852295,0.052779488265514374,0.06381646543741226,0.11892498284578323,0.30642277002334595,0.11155088245868683,0.04286504536867142,0.021350547671318054,0.025014527142047882,0.026530589908361435
13,2,5.541692509129644,0.952752947807312,1.0163366794586182,1.1417051553726196,0.024943286553025246,0.2386023998260498,0.06185220554471016,0.25064289569854736,0.20820870995521545,0.08146312832832336,0.022575773298740387,0.04240475594997406,1.6683902740478516,0.033096808940172195,0.1093311607837677,0.09865878522396088,0.3435351848602295,0.27977028489112854,0.43503135442733765,0.2043846696615219,0.051943518221378326,0.07270438969135284,0.37339118123054504,0.1431737095117569,0.05821334943175316,0.04073355346918106,0.02480616793036461,0.027593715116381645,0.02408229000866413
13,3,5.8038521625101565,0.954326868057251,1.0157097578048706,1.1463823318481445,0.02646649070084095,0.28505635261535645,0.048559121787548065,0.4259282648563385,0.3217514157295227,0.09752219170331955,0.04426979273557663,0.048535898327827454,1.6250375509262085,0.03336619585752487,0.044119901955127716,0.12757688760757446,0.36308935284614563,0.18667282164096832,0.489467591047287,0.1742505133152008,0.09609463065862656,0.09208040684461594,0.29201576113700867,0.08702709525823593,0.1618308126926422,0.030226223170757294,0.02907465025782585,0.027232700958848,0.02331574633717537
13,4,3.6655035115778447,0.9548414349555969,1.0164605379104614,1.143641710281372,0.02759547531604767,0.2520558834075928,0.03991319239139557,0.035825636237859726,0.08345673978328705,0.05760045349597931,0.05686767026782036,0.05388356000185013,0.03625544533133507,0.030721649527549744,0.08224828541278839,0.23130424320697784,0.29309675097465515,0.2536814510822296,0.7978450655937195,0.27869921922683716,0.0650881975889206,0.1025286614894867,0.02420911006629467,0.026965713128447533,0.09681206196546555,0.03429741784930229,0.030230946838855743,0.02695348672568798,0.02437845803797245
13,5,3.290895090252161,0.9553476572036743,1.0169793367385864,1.1444950103759766,0.02593095414340496,0.26948821544647217,0.05158853158354759,0.025551339611411095,0.045790161937475204,0.04855639487504959,0.06285545229911804,0.055047180503606796,0.042108193039894104,0.028107253834605217,0.08046078681945801,0.2004418969154358,0.08238165080547333,0.3148517906665802,1.001332402229309,0.05627475306391716,0.02410481497645378,0.05701752007007599,0.02678396925330162,0.022813953459262848,0.043314214795827866,0.030189692974090576,0.021627459675073624,0.027223767712712288,0.023688338696956635
13,6,3.3763262122869495,0.9542887806892395,1.016464352607727,1.1435929536819458,0.02604711800813675,0.3155968487262726,0.05029013007879257,0.03340363875031471,0.03482814133167267,0.04043497517704964,0.05711214244365692,0.11126698553562164,0.041037824004888535,0.03421745076775551,0.04894900694489479,0.2541593313217163,0.08259313553571701,0.13258914649486542,1.1746760606765747,0.05472925305366516,0.028646482154726982,0.054274071007966995,0.02229834347963333,0.023094670847058296,0.029363568872213364,0.029641922563314438,0.023556148633360863,0.02753562293946743,0.023114975541830063
13,7,4.262209266424179,0.9542938470840454,1.0162522792816162,1.1452372074127197,0.024751465767621994,0.3476470708847046,0.05392700806260109,0.04818263277411461,0.03887852281332016,0.04014217481017113,0.04244555905461311,0.11510322242975235,0.03170578554272652,0.028313087299466133,0.05282312259078026,0.18959687650203705,0.06694334745407104,0.16977575421333313,2.0390188694000244,0.08054818212985992,0.0327443964779377,0.061691753566265106,0.023244129493832588,0.022242991253733635,0.028095627203583717,0.032398324459791183,0.02248281054198742,0.025306949391961098,0.02104293555021286
13,8,4.747472408786416,0.9540544152259827,1.0156822204589844,1.1457496881484985,0.02601521834731102,0.3726786673069,0.06264801323413849,0.060548748821020126,0.034393638372421265,0.04021678492426872,0.04870711266994476,0.15326115489006042,0.032412100583314896,0.02894745022058487,0.045942287892103195,0.18483920395374298,0.10973021388053894,0.16785718500614166,2.4226059913635254,0.07390616089105606,0.03676459565758705,0.050108350813388824,0.02144715003669262,0.02213970012962818,0.02928902953863144,0.02812405861914158,0.024297351017594337,0.02517903968691826,0.022315936163067818
13,9,3.8808858409523963,0.9551123976707458,1.016943335533142,1.1457575559616089,0.025539029389619827,0.451715350151062,0.05978884547948837,0.0818253755569458,0.02963409200310707,0.04490970820188522,0.08326895534992218,0.1735527217388153,0.03012567199766636,0.03188849240541458,0.04911176115274429,0.11048723012208939,0.06677266210317612,0.06676565855741501,1.6395984888076782,0.08035001903772354,0.03122171387076378,0.026761183515191078,0.02036828175187111,0.024777980521321297,0.028489042073488235,0.03076161816716194,0.021606074646115303,0.02391378954052925,0.02408943697810173
13,10,3.958058447390795,0.9541813731193542,1.0171492099761963,1.1468846797943115,0.025094065815210342,0.2678307592868805,0.05699764937162399,0.09964694082736969,0.025985077023506165,0.03690950572490692,0.050170332193374634,0.18948297202587128,0.06884617358446121,0.02953297644853592,0.031037122011184692,0.13584090769290924,0.09364133328199387,0.0664675161242485,1.8292102813720703,0.08730215579271317,0.031038856133818626,0.026656366884708405,0.025451011955738068,0.02315612882375717,0.02652088552713394,0.03583325818181038,0.02172039821743965,0.027593525126576424,0.022449195384979248
13,11,4.221857428923249,0.9538856148719788,1.0175676345825195,1.145787000656128,0.02647535316646099,0.24088051915168762,0.04332106187939644,0.1144019290804863,0.028082139790058136,0.04103778675198555,0.05016784742474556,0.2460903376340866,0.07480447739362717,0.023990582674741745,0.03260216489434242,0.12624020874500275,0.10320737957954407,0.06396473944187164,2.0597286224365234,0.0923992171883583,0.026948830112814903,0.026830902323126793,0.022760452702641487,0.022667305544018745,0.02892083302140236,0.030648784711956978,0.02332044579088688,0.026034541428089142,0.022882916033267975
14,0,52.879131364822385,0.9554615020751953,1.0168070793151855,1.146030306816101,3.2983875274658203,1.7238551378250122,1.7704811096191406,1.148803472518921,1.5085994005203247,2.060009479522705,1.75638747215271,0.8175504207611084,3.183410882949829,2.1326372623443604,2.3919677734375,1.8299508094787598,2.700310468673706,4.471222400665283,1.9139357805252075,4.396546840667725,1.9874184131622314,1.5887902975082397,1.0209496021270752,0.8024213314056396,1.6117000579833984,1.5537450313568115,2.201408624649048,3.08443546295166,1.3005465269088745
14,1,13.282763855531812,0.9523477554321289,1.0145810842514038,1.1444514989852905,0.024805720895528793,1.7672830820083618,0.05484402924776077,0.0348300002515316,0.028778789564967155,0.0691051185131073,0.03285052627325058,0.1932135373353958,0.04105139896273613,0.0488419346511364,0.09286198019981384,0.052082665264606476,2.5184338092803955,3.8023629188537598,1.4124218225479126,0.12362697720527649,1.3495875597000122,0.7754941582679749,0.026704752817749977,0.03273342549800873,0.023996619507670403,0.05529455095529556,0.0282114427536726,0.048860449343919754,0.022210517898201942
14,2,4.071036116406321,0.9529111385345459,1.0143808126449585,1.1451352834701538,0.028869545087218285,0.09417907148599625,0.06880462169647217,0.03850363940000534,0.03469349816441536,0.1632709801197052,0.09109777957201004,0.4154225289821625,0.09549374878406525,0.031797993928194046,0.12961435317993164,0.27098512649536133,0.7465616464614868,0.07360570877790451,0.08697176724672318,0.08508332818746567,0.7329204678535461,0.05908702313899994,0.02562268264591694,0.028628738597035408,0.031061353161931038,0.04072461649775505,0.023710642009973526,0.028435513377189636,0.02340429462492466
14,3,3.216726180166006,0.9557250738143921,1.014510989189148,1.1415722370147705,0.02650533989071846,0.02847324311733246,0.2364894598722458,0.047741103917360306,0.06676548719406128,0.15059734880924225,0.08484691381454468,0.05829298496246338,0.10755183547735214,0.028249461203813553,0.19051741063594818,0.4867478609085083,0.216395303606987,0.08542495965957642,0.08021386712789536,0.18401342630386353,0.1599075198173523,0.14553675055503845,0.023790346458554268,0.033184900879859924,0.04213360697031021,0.042167145758867264,0.020472697913646698,0.026260139420628548,0.02208540588617325
14,4,5.037431072443724,0.9580238461494446,1.015000581741333,1.1462442874908447,0.022637495771050453,0.029535189270973206,0.22382692992687225,0.05134722217917442,0.12031229585409164,0.10742797702550888,0.03602341189980507,0.02961164154112339,0.09666629135608673,0.024378633126616478,0.13503967225551605,0.7630971074104309,0.06405804306268692,0.11046253144741058,0.10282361507415771,0.20004673302173615,2.0493428707122803,0.050811588764190674,0.022957930341362953,0.034962207078933716,0.03467622399330139,0.03102945163846016,0.023563427850604057,0.026909828186035156,0.022029010578989983
14,5,4.676885540038347,0.9561635255813599,1.0162535905838013,1.1474233865737915,0.023410849273204803,0.033286020159721375,0.15564320981502533,0.05284550040960312,0.1200765073299408,0.12365782260894775,0.053196392953395844,0.030372727662324905,0.13424091041088104,0.02542915567755699,0.14108851552009583,0.2838681638240814,0.07324177771806717,0.06421808153390884,0.06745468825101852,0.32633739709854126,2.1226329803466797,0.04080573096871376,0.023278851062059402,0.025124968960881233,0.026612309738993645,0.03189770504832268,0.025132082402706146,0.025610877200961113,0.02345421351492405
14,6,4.925668558105826,0.9560399055480957,1.0167053937911987,1.1479506492614746,0.02771025523543358,0.04115094989538193,0.21792440116405487,0.042530473321676254,0.12158691138029099,0.11359284818172455,0.05599033087491989,0.03382269665598869,0.2652270197868347,0.028653116896748543,0.11009902507066727,0.3064397871494293,0.067367322742939,0.07141362130641937,0.0914490669965744,0.11231468617916107,2.366018772125244,0.03953253850340843,0.023590682074427605,0.024959390982985497,0.033389654010534286,0.030040232464671135,0.02229350619018078,0.029807941988110542,0.024624137207865715
14,7,2.7777126040309668,0.9561166167259216,1.0159419775009155,1.1484421491622925,0.02518162876367569,0.05027652159333229,0.14088624715805054,0.09976605325937271,0.10823208838701248,0.06814279407262802,0.05054546520113945,0.031776152551174164,0.2994973361492157,0.025536011904478073,0.11744570732116699,0.2384772151708603,0.06192149966955185,0.05933620408177376,0.08566450327634811,0.17505933344364166,0.28739306330680847,0.04131096228957176,0.025016946718096733,0.022404683753848076,0.03628557175397873,0.03062405064702034,0.022258460521697998,0.025562092661857605,0.025011861696839333
14,8,2.717617831379175,0.9551392793655396,1.0172333717346191,1.1469371318817139,0.025265665724873543,0.04938151687383652,0.1233988031744957,0.07039462774991989,0.10189948976039886,0.07705759257078171,0.04198664799332619,0.03166663274168968,0.22250649333000183,0.02334471046924591,0.1270987093448639,0.1982913464307785,0.1006341502070427,0.07481927424669266,0.09634392708539963,0.09105260670185089,0.4194032549858093,0.04870400205254555,0.023552268743515015,0.022980527952313423,0.023912250995635986,0.027079518884420395,0.0226051677018404,0.028108227998018265,0.02226846106350422
14,9,2.7512552071362735,0.954886257648468,1.0160759687423706,1.146139144897461,0.029144583269953728,0.05790550634264946,0.15665654838085175,0.07247573882341385,0.09310651570558548,0.06704564392566681,0.03481968864798546,0.03836723417043686,0.22954119741916656,0.02535477839410305,0.11576104164123535,0.15983055531978607,0.11048761755228043,0.08576839417219162,0.09749694168567657,0.07767773419618607,0.4521030783653259,0.040776416659355164,0.02528342790901661,0.02631301060318947,0.02237504906952381,0.031092265620827675,0.023872219026088715,0.02745005115866661,0.02712969481945038
14,10,3.081170804798603,0.9536216855049133,1.0157850980758667,1.146161675453186,0.02182476408779621,0.043350569903850555,0.2606692314147949,0.0839635357260704,0.06998250633478165,0.07197987288236618,0.04150652140378952,0.035968881100416183,0.3077279329299927,0.021699165925383568,0.12082165479660034,0.2165909856557846,0.19556497037410736,0.10184965282678604,0.12040558457374573,0.09398279339075089,0.4422987997531891,0.03512188419699669,0.021463138982653618,0.022108539938926697,0.02407972328364849,0.03217463567852974,0.023718759417533875,0.027403783053159714,0.021799225360155106
14,11,3.1033851321786643,0.9538733959197998,1.015366554260254,1.1462315320968628,0.023490283638238907,0.02609274722635746,0.17234529554843903,0.07977601140737534,0.0644383504986763,0.08265634626150131,0.04698915034532547,0.040001291781663895,0.3973110318183899,0.02797899767756462,0.12759393453598022,0.22665666043758392,0.20621010661125183,0.09240099787712097,0.16184502840042114,0.08571810275316238,0.40660011768341064,0.034854281693696976,0.022520728409290314,0.0215055700391531,0.021484464406967163,0.03553250804543495,0.023449691012501717,0.029151784256100655,0.02368735335767269
14,12,3.2328157637268307,0.9542187452316284,1.0150961875915527,1.1464717388153076,0.023442652076482773,0.031130004674196243,0.2612246870994568,0.09014730155467987,0.0658644288778305,0.09936998039484024,0.04544118046760559,0.05183077231049538,0.31132936477661133,0.027232719585299492,0.12843579053878784,0.2806330919265747,0.16150666773319244,0.09904996305704117,0.1532995104789734,0.09410502016544342,0.4713456630706787,0.039254751056432724,0.0235481858253479,0.022897230461239815,0.02054590918123722,0.030819006264209747,0.024994205683469772,0.03314177691936493,0.019068565219640732
14,13,3.003179567679763,0.9538795351982117,1.015366792678833,1.1474519968032837,0.023009562864899635,0.048734311014413834,0.2830001711845398,0.039354585111141205,0.04806624352931976,0.09813039749860764,0.04069240391254425,0.025292424485087395,0.26137953996658325,0.02438821829855442,0.147066131234169,0.08688777685165405,0.17462128400802612,0.11081753671169281,0.10763081908226013,0.08882986754179001,0.5653120279312134,0.03623976558446884,0.021876797080039978,0.022864675149321556,0.020644718781113625,0.031185774132609367,0.02136262133717537,0.027626696974039078,0.024825552478432655
14,14,3.0983126468956472,0.9543876051902771,1.0154235363006592,1.148677110671997,0.02252453751862049,0.05411391705274582,0.31422266364097595,0.044216904789209366,0.04652577266097069,0.12210822850465775,0.033771999180316925,0.02560855820775032,0.28217196464538574,0.029207302257418633,0.1472223997116089,0.13483521342277527,0.1449611783027649,0.11475398391485214,0.09257220476865768,0.10485751926898956,0.554725706577301,0.03704017028212547,0.02690974809229374,0.02061036229133606,0.021573778241872787,0.029822569340467453,0.021206611767411232,0.026042647659778595,0.023009054362773895
15,0,54.83432440757751,0.952313244342804,1.0153310298919678,1.1493996381759644,3.305617332458496,1.2829787731170654,1.2895057201385498,1.1409131288528442,1.2462925910949707,3.157670259475708,1.853614091873169,1.5029741525650024,2.7271223068237305,1.4341657161712646,2.8522746562957764,1.3588531017303467,2.0944507122039795,4.914957046508789,1.5004591941833496,3.6703011989593506,2.5010669231414795,1.4869179725646973,1.5355561971664429,0.6553487181663513,1.575323224067688,2.0827698707580566,2.805344820022583,4.585738182067871,1.6506997346878052
15,1,7.878443000465632,0.9599875211715698,1.0394991636276245,1.1401153802871704,2.867727756500244,0.07588498294353485,0.1320694237947464,0.05934298038482666,0.13755588233470917,0.9629471898078918,0.02461513690650463,0.033984046429395676,0.7963243722915649,0.039257511496543884,0.09002075344324112,0.13960999250411987,0.14705047011375427,0.07708638906478882,0.11727402359247208,0.08934997022151947,0.06256533414125443,0.16090691089630127,0.3396744430065155,0.7298811078071594,0.042832158505916595,0.027123168110847473,0.02603990025818348,0.04705047607421875,0.02434820681810379
15,2,9.444179571047425,0.9684807062149048,1.028163194656372,1.1399972438812256,2.879594326019287,0.24345572292804718,0.19667412340641022,0.044780708849430084,0.13226257264614105,0.8121787309646606,0.035513173788785934,0.02396240457892418,0.6846117973327637,0.029378803446888924,0.06127927452325821,0.26277396082878113,0.3638230264186859,0.9742963314056396,0.2760288119316101,0.14665523171424866,0.09170413017272949,0.19376763701438904,0.541469156742096,0.6345834732055664,0.0534374825656414,0.04526548087596893,0.028941037133336067,0.03481895104050636,0.02559499256312847
15,3,9.586436615884304,0.9633952975273132,1.0246145725250244,1.1422220468521118,2.945363759994507,0.1104883998632431,0.14089061319828033,0.04766304790973663,0.14030085504055023,0.7406193017959595,0.028642533347010612,0.03252813592553139,0.6851899027824402,0.02871701307594776,0.04461611434817314,0.154201477766037,0.40091273188591003,1.1411677598953247,0.3601698577404022,0.1188131794333458,0.12756535410881042,0.12981241941452026,0.6776891946792603,0.7439596652984619,0.054012950509786606,0.032561350613832474,0.02693125233054161,0.024578461423516273,0.02299490012228489
15,4,2.8879430890083313,0.9612910151481628,1.0200098752975464,1.1494488716125488,0.03204603120684624,0.030359962955117226,0.08054089546203613,0.03438229858875275,0.06149173900485039,0.06963638216257095,0.12550748884677887,0.16689276695251465,0.030329536646604538,0.02655208297073841,0.026795176789164543,0.0907939001917839,0.21182218194007874,0.5277990698814392,0.18215233087539673,0.08410441875457764,0.13226011395454407,0.15349480509757996,0.02608579583466053,0.02400493249297142,0.03063431940972805,0.03136378526687622,0.03002290427684784,0.027110164985060692,0.025610052049160004
15,5,2.6506398517638443,0.9588555693626404,1.0172200202941895,1.1465312242507935,0.026278698816895485,0.04206985607743263,0.07698460668325424,0.035903144627809525,0.033108096569776535,0.042896732687950134,0.04753335937857628,0.1476578265428543,0.03150741755962372,0.026651911437511444,0.03529614582657814,0.1314239352941513,0.20917709171772003,0.47163450717926025,0.1753229796886444,0.06098500266671181,0.12445797771215439,0.12564337253570557,0.02430465631186962,0.02344951406121254,0.03419003635644913,0.026721328496932983,0.02308792620897293,0.024469157680869102,0.02536320686340332
15,6,2.1190938863903286,0.9596172571182251,1.0196603536605835,1.146141767501831,0.019696155562996864,0.02983762137591839,0.06379234045743942,0.0427638404071331,0.0419076532125473,0.04218095913529396,0.02886003442108631,0.07628874480724335,0.03691928833723068,0.026602333411574364,0.03999593108892441,0.09010659158229828,0.19424951076507568,0.10869919508695602,0.11312919855117798,0.05758628249168396,0.16969960927963257,0.12588408589363098,0.02244812436401844,0.025118496268987656,0.029749717563390732,0.03357761353254318,0.023332346230745316,0.027182241901755333,0.02440209500491619
15,7,2.101776126027107,0.9603655934333801,1.0193524360656738,1.1449350118637085,0.023645231500267982,0.03506554663181305,0.0846099779009819,0.04613384231925011,0.0454445481300354,0.034782540053129196,0.06936675310134888,0.05178583040833473,0.03957591578364372,0.026536820456385612,0.04372989758849144,0.0982702448964119,0.10009288042783737,0.10408816486597061,0.14009617269039154,0.03595660999417305,0.06774494051933289,0.1981292963027954,0.025535808876156807,0.03327152505517006,0.048928577452898026,0.03071559965610504,0.041559476405382156,0.026259053498506546,0.025520263239741325
15,8,2.013668195530772,0.9602635502815247,1.0201531648635864,1.1471360921859741,0.023790886625647545,0.035231735557317734,0.08618199080228806,0.04420062527060509,0.058171600103378296,0.04068567603826523,0.0839410275220871,0.03847801685333252,0.05241073668003082,0.026234066113829613,0.0768836960196495,0.09220822155475616,0.07068143039941788,0.09204564243555069,0.07867305725812912,0.038530535995960236,0.0552842952311039,0.15833832323551178,0.02429543435573578,0.025638723745942116,0.047694895416498184,0.033103641122579575,0.045209139585494995,0.02871578559279442,0.031528450548648834
15,9,1.9878445003181695,0.9587435722351074,1.020936131477356,1.1467902660369873,0.027051765471696854,0.037264708429574966,0.09588567167520523,0.04286221042275429,0.06100492551922798,0.057743191719055176,0.0758250430226326,0.03274744749069214,0.043334636837244034,0.02646537870168686,0.11802023649215698,0.1573076695203781,0.08577049523591995,0.07665450125932693,0.07752424478530884,0.03753713145852089,0.058626189827919006,0.04200729355216026,0.02309793047606945,0.024277618154883385,0.05723421648144722,0.028669269755482674,0.0209638811647892,0.02589401602745056,0.028780832886695862
15,10,2.1510449461638927,0.9577375650405884,1.0195612907409668,1.1484670639038086,0.02470824122428894,0.0626581683754921,0.11342678964138031,0.043410249054431915,0.07311643660068512,0.05014044791460037,0.07404392957687378,0.03738095983862877,0.04554150253534317,0.023072754964232445,0.1746501624584198,0.12907171249389648,0.06799917668104172,0.10247928649187088,0.127618670463562,0.041944943368434906,0.07522104680538177,0.045504599809646606,0.02371334657073021,0.024433095008134842,0.05292150378227234,0.035977743566036224,0.02380131557583809,0.027521364390850067,0.025534315034747124
15,11,2.3146735411137342,0.958328902721405,1.0186878442764282,1.1498879194259644,0.03263631835579872,0.048494018614292145,0.09987480938434601,0.04889995977282524,0.08659303933382034,0.036920834332704544,0.08052203804254532,0.037503305822610855,0.051521725952625275,0.024632494896650314,0.22482436895370483,0.1761031299829483,0.0770769938826561,0.10487063229084015,0.16903376579284668,0.03539959341287613,0.08429548889398575,0.050722744315862656,0.021077923476696014,0.027486884966492653,0.0629735067486763,0.031360357999801636,0.026142530143260956,0.028889130800962448,0.021437011659145355
15,12,2.401832203194499,0.956851065158844,1.0187052488327026,1.1484096050262451,0.028130849823355675,0.04713049903512001,0.09086542576551437,0.04305114224553108,0.031718283891677856,0.04298165813088417,0.0906900092959404,0.03645609691739082,0.04100671410560608,0.02513890154659748,0.3487764894962311,0.19220788776874542,0.08386268466711044,0.08874974399805069,0.20451046526432037,0.03342626616358757,0.09240195155143738,0.04427303373813629,0.024020886048674583,0.024085069075226784,0.06275927275419235,0.027983976528048515,0.022552670910954475,0.027589131146669388,0.02266990952193737
15,13,2.101428735256195,0.9555977582931519,1.0185047388076782,1.1481767892837524,0.029349051415920258,0.03584707900881767,0.1295253187417984,0.052386000752449036,0.028304757550358772,0.03589490428566933,0.02770783007144928,0.028856080025434494,0.03431614860892296,0.028983348980545998,0.15210936963558197,0.15137051045894623,0.08122961223125458,0.07486869394779205,0.20862658321857452,0.03360447287559509,0.1096910610795021,0.04741273075342178,0.02409144677221775,0.024511288851499557,0.02697707898914814,0.031240489333868027,0.027093958109617233,0.02703135646879673,0.025943705812096596
15,14,1.9876317124813796,0.9561011791229248,1.018213152885437,1.1484670639038086,0.027002746239304543,0.03049781545996666,0.13415847718715668,0.04729738086462021,0.027737269178032875,0.036456093192100525,0.032378941774368286,0.0314040370285511,0.032086364924907684,0.02888723649084568,0.17925672233104706,0.1721435934305191,0.07668031752109528,0.06773825734853745,0.06676823645830154,0.031173763796687126,0.11572279781103134,0.04549526795744896,0.020815568044781685,0.023708121851086617,0.023541897535324097,0.030799558386206627,0.03177091106772423,0.023273028433322906,0.026281028985977173
15,15,2.0120233900845053,0.9561035633087158,1.0184764862060547,1.1492395401000977,0.025424426421523094,0.03468640521168709,0.16919420659542084,0.05345044657588005,0.024299591779708862,0.027650782838463783,0.03475482761859894,0.029639922082424164,0.037791986018419266,0.03013443388044834,0.17866414785385132,0.14623871445655823,0.08202815055847168,0.07037219405174255,0.0629127249121666,0.030885109677910805,0.10985439270734787,0.057045333087444305,0.02129085548222065,0.02451162226498127,0.02667279914021492,0.03460412845015526,0.030260862782597542,0.024706196039915085,0.020185211673378944
16,0,51.57735674381256,0.9554615020751953,1.0168070793151855,1.146030306816101,2.7891910076141357,1.8307803869247437,1.495335578918457,1.021388053894043,0.9887806177139282,2.73490047454834,1.7113170623779297,2.188481330871582,2.876018762588501,2.044114112854004,2.0446085929870605,1.2002853155136108,2.613833427429199,4.392292022705078,1.3987613916397095,3.573056221008301,2.3175792694091797,1.3620637655258179,1.8038978576660156,0.5432353019714355,1.230964183807373,1.4076834917068481,1.9543049335479736,4.183406352996826,1.2474174499511719
16,1,15.280851264670492,0.9730997681617737,1.028327465057373,1.1452395915985107,0.03568337485194206,0.043043047189712524,0.12387406826019287,0.054480500519275665,0.0360148586332798,0.12493868917226791,0.06368223577737808,0.040813907980918884,0.06224362552165985,1.8495068550109863,0.07659893482923508,0.27888578176498413,1.261464238166809,0.08860357105731964,1.030910849571228,0.9475023150444031,7.120246887207031,0.5269785523414612,0.5296079516410828,0.16059771180152893,0.06823264062404633,0.034588523209095,0.027679912745952606,0.0403045192360878,0.02503434754908085
16,2,7.718355395644903,0.9667876362800598,1.0256149768829346,1.1441482305526733,0.03186699002981186,0.04752223193645477,0.26473474502563477,0.030867431312799454,0.03377791866660118,0.26180168986320496,0.046338845044374466,0.04081112518906593,0.07408406585454941,0.02281501330435276,0.060355134308338165,0.05825338140130043,1.0119441747665405,0.12526863813400269,1.8337534666061401,0.045555826276540756,0.2795684337615967,2.616668224334717,0.029143938794732094,0.02527531050145626,0.023898368701338768,0.04496704041957855,0.024645525962114334,0.033305998891592026,0.02382170781493187
16,3,3.61094879694283,0.9583677053451538,1.0245872735977173,1.144618272781372,0.02477947063744068,0.07269825786352158,0.5447357296943665,0.4428870975971222,0.05076914280653,0.2529980540275574,0.05422138050198555,0.028649842366576195,0.07330063730478287,0.0854400247335434,0.13608713448047638,0.2083440124988556,0.05757006257772446,0.15522073209285736,0.17278817296028137,0.07159435749053955,0.30392855405807495,0.03886601701378822,0.02499154955148697,0.025382686406373978,0.03186914324760437,0.050823990255594254,0.023657014593482018,0.028874555602669716,0.02495652623474598
16,4,5.147871940210462,0.9563648104667664,1.023706316947937,1.1432236433029175,0.02850811369717121,0.06206251680850983,0.6317791938781738,0.1232319250702858,0.030651390552520752,0.16788794100284576,0.09099741280078888,0.034786954522132874,0.05413886159658432,0.030262717977166176,0.09168270975351334,0.04914529249072075,0.08468908816576004,0.20894217491149902,0.19212445616722107,0.05557459965348244,2.339287519454956,0.045264434069395065,0.022843217477202415,0.020276229828596115,0.021869979798793793,0.04955437406897545,0.029007598757743835,0.02851688489317894,0.030127398669719696
16,5,6.052916880697012,0.9551306366920471,1.0183937549591064,1.1457282304763794,0.03653828054666519,0.07006809115409851,0.5852566957473755,0.1205727607011795,0.032722119241952896,0.17679257690906525,0.0922783613204956,0.04145992919802666,0.05608842149376869,0.03267962858080864,0.03373441472649574,0.0797257050871849,0.0995851382613182,0.30655911564826965,0.1185193806886673,0.06343617290258408,3.242304801940918,0.0435049831867218,0.025895653292536736,0.021105291321873665,0.02320346049964428,0.04031195491552353,0.027735283598303795,0.03136296197772026,0.027625173330307007
16,6,7.025417305901646,0.9549577236175537,1.0175201892852783,1.1454516649246216,0.027076356112957,0.08401060849428177,0.9155797362327576,0.14734025299549103,0.04174422845244408,0.1109282523393631,0.08971165865659714,0.03704977035522461,0.045907508581876755,0.030665773898363113,0.03494315966963768,0.05798354744911194,0.08963608741760254,0.36989179253578186,0.08737776428461075,0.060014139860868454,3.936889171600342,0.049499381333589554,0.02124367468059063,0.02401258610188961,0.02150881662964821,0.03770389407873154,0.023745384067296982,0.028491320088505745,0.028876524418592453
16,7,4.362444193661213,0.9552320241928101,1.0161590576171875,1.1452041864395142,0.026049969717860222,0.04823107644915581,1.0097846984863281,0.04904378205537796,0.03941401466727257,0.09573473781347275,0.10096070170402527,0.06557220220565796,0.04775528237223625,0.028722450137138367,0.04207204654812813,0.06537344306707382,0.06070857122540474,0.39848792552948,0.07702403515577316,0.11915995925664902,1.177057147026062,0.10885593295097351,0.024616118520498276,0.0236387699842453,0.02354937605559826,0.02998838759958744,0.02395489625632763,0.027921464294195175,0.02544815093278885
16,8,3.2788070775568485,0.9561100602149963,1.0159406661987305,1.1445465087890625,0.025884807109832764,0.06559061259031296,0.4883880317211151,0.05487414076924324,0.03233196958899498,0.10223275423049927,0.17338047921657562,0.06348643451929092,0.03655994310975075,0.02853172831237316,0.05205097794532776,0.06366780400276184,0.06833895295858383,0.09792990982532501,0.09435585886240005,0.17612087726593018,0.7826260328292847,0.06744181364774704,0.024927493184804916,0.026043720543384552,0.01900133118033409,0.031533896923065186,0.024834169074892998,0.02861453965306282,0.026739351451396942
16,9,3.1558176048099993,0.9549525380134583,1.01633882522583,1.1441360712051392,0.02880137600004673,0.06395841389894485,0.5630363821983337,0.04194076359272003,0.032327041029930115,0.07796835154294968,0.16796977818012238,0.06288519501686096,0.036730922758579254,0.030092593282461166,0.03398704528808594,0.059361230581998825,0.07290440052747726,0.13386720418930054,0.08497244119644165,0.033700909465551376,0.7514824271202087,0.08592637628316879,0.021080974489450455,0.02194768562912941,0.023799633607268333,0.02798202633857727,0.02307528257369995,0.030444510281085968,0.02248915284872055
16,10,2.568228494003415,0.9537175297737122,1.0167183876037598,1.1446945667266846,0.026118885725736618,0.04236535355448723,0.2941824793815613,0.048104122281074524,0.029402973130345345,0.10420361906290054,0.043144360184669495,0.04387885704636574,0.035916946828365326,0.02774633653461933,0.026661710813641548,0.04862430691719055,0.1341317892074585,0.14306606352329254,0.10743378102779388,0.04029924049973488,0.4699903428554535,0.1002616435289383,0.024082155898213387,0.025518808513879776,0.02091178297996521,0.025057559832930565,0.026203351095318794,0.032967086881399155,0.02492883987724781
16,11,2.483823526650667,0.9535145163536072,1.016076922416687,1.1433252096176147,0.02485600672662258,0.04150692746043205,0.26100900769233704,0.039297886192798615,0.03216688707470894,0.11852806061506271,0.044827453792095184,0.04756063595414162,0.03168907016515732,0.024099882692098618,0.028875887393951416,0.0498516820371151,0.20939067006111145,0.1643262654542923,0.13070707023143768,0.03325701877474785,0.31693780422210693,0.0832570344209671,0.02641860395669937,0.023533286526799202,0.026191459968686104,0.026539089158177376,0.023717425763607025,0.028023509308695793,0.02467157132923603
16,12,2.4274892576038836,0.9536094069480896,1.0162080526351929,1.143517255783081,0.025271665304899216,0.04632037505507469,0.215178981423378,0.042187225073575974,0.03572416305541992,0.12708857655525208,0.039872653782367706,0.031985726207494736,0.03126654773950577,0.02248634770512581,0.02835141308605671,0.041091080754995346,0.1694604605436325,0.12348155677318573,0.1849053055047989,0.03128758445382118,0.3441384434700012,0.08874677121639252,0.024278175085783005,0.023068588227033615,0.024031316861510277,0.020828774198889732,0.024615924805402756,0.033437471836805344,0.02571718581020832
16,13,2.6199551399797203,0.9536987543106079,1.0157182216644287,1.14348304271698,0.02413518726825714,0.0495542474091053,0.22244809567928314,0.039239972829818726,0.033121444284915924,0.10320824384689331,0.022604580968618393,0.03818131983280182,0.03348873183131218,0.022602204233407974,0.026736682280898094,0.055922966450452805,0.23560675978660583,0.18201203644275665,0.26730087399482727,0.03505169600248337,0.35184240341186523,0.07971090823411942,0.025195887312293053,0.024526668712496758,0.023451894521713257,0.023186733946204185,0.022188853472471237,0.03167754411697388,0.024379199370741844
16,14,2.6493242464959623,0.9544113874435425,1.0160335302352905,1.1437729597091675,0.02183586359024048,0.06193955987691879,0.16768917441368103,0.024280142039060593,0.0332612469792366,0.12906719744205475,0.021413739770650864,0.035581693053245544,0.027985358610749245,0.020630382001399994,0.025283394381403923,0.07653693854808807,0.2939186096191406,0.17800144851207733,0.303012490272522,0.037415917962789536,0.3061237037181854,0.08387737721204758,0.024492748081684113,0.024134282022714615,0.02418186143040657,0.025586526840925217,0.022210516035556793,0.032643407583236694,0.025377091020345688
16,15,2.5707010228186844,0.9547127485275269,1.0155946016311646,1.1441136598587036,0.02372278831899166,0.07859306037425995,0.23852385580539703,0.0262189619243145,0.03373303264379501,0.11284968256950378,0.024254485964775085,0.036731354892253876,0.03281019628047943,0.022712795063853264,0.02779608964920044,0.051333166658878326,0.3199092447757721,0.04730182886123657,0.2560296058654785,0.03575984016060829,0.31734126806259155,0.08426134288311005,0.027377352118492126,0.02402154542505741,0.02719338797032833,0.022903820499777794,0.02427852340042591,0.03085211105644703,0.021307479590177536
16,16,2.7320122044533495,0.9538599252700806,1.015403389930725,1.1443159580230713,0.02643507346510887,0.09762126207351685,0.1672157645225525,0.025624606758356094,0.03260093554854393,0.0968630313873291,0.02891877293586731,0.03243516758084297,0.029283227398991585,0.02577032893896103,0.03415228798985481,0.0886227935552597,0.3531278371810913,0.053508758544921875,0.29578301310539246,0.04029611125588417,0.4254668056964874,0.07790326327085495,0.025362685322761536,0.02522784285247326,0.02544468455016613,0.032503362745046616,0.021168537437915802,0.02565895766019821,0.022301238030195236
16,17,2.749579436331987,0.9540146589279175,1.015869379043579,1.1450108289718628,0.025706781074404716,0.11140527576208115,0.22327516973018646,0.02393225021660328,0.028778983280062675,0.0898907259106636,0.027117591351270676,0.04212427884340286,0.027412591502070427,0.023010378703475,0.028424521908164024,0.06776329129934311,0.44287243485450745,0.053409941494464874,0.28475451469421387,0.03537812829017639,0.33873292803764343,0.06860064715147018,0.02341279946267605,0.02248338982462883,0.024419018998742104,0.03087656944990158,0.02457541599869728,0.035089921206235886,0.0231529138982296
16,18,2.793992058932781,0.9541374444961548,1.015789270401001,1.1455771923065186,0.02454299107193947,0.10887783765792847,0.1408158540725708,0.024300185963511467,0.034796059131622314,0.07480956614017487,0.02906479313969612,0.03779897093772888,0.030040472745895386,0.02712247334420681,0.037373121827840805,0.04784068465232849,0.39953404664993286,0.05225628614425659,0.5435526967048645,0.0322677418589592,0.2864353060722351,0.06606210023164749,0.022606758400797844,0.02610683999955654,0.024745389819145203,0.026129426434636116,0.02038751170039177,0.0329902358353138,0.020433926954865456
17,0,53.77176730632782,0.9554615020751953,1.0168070793151855,1.146030306816101,2.9510350227355957,1.8286046981811523,1.66364324092865,1.8169015645980835,0.6597661375999451,2.3138535022735596,1.75448739528656,1.3320891857147217,3.0430688858032227,2.1804087162017822,2.4430575370788574,1.6063750982284546,2.579528570175171,4.533835411071777,1.9350143671035767,3.3802919387817383,2.8291049003601074,1.4907970428466797,1.5164839029312134,0.6509421467781067,1.5140897035598755,1.9796247482299805,1.7615269422531128,3.3355071544647217,2.048069715499878
17,1,7.652012063190341,0.9556229114532471,1.0156521797180176,1.1507542133331299,3.022641181945801,0.0971621572971344,0.17314957082271576,0.1364515870809555,0.024420244619250298,0.22130006551742554,0.06954789161682129,0.05186093971133232,0.9692493677139282,0.0228472538292408,0.0732342079281807,0.252517431974411,0.12697052955627441,0.27748921513557434,0.5812516212463379,0.19996967911720276,0.19007296860218048,0.10267165303230286,0.031823065131902695,0.1577480584383011,0.05256769061088562,0.031914256513118744,0.03701584413647652,0.10222961008548737,0.021500110626220703
17,2,4.352024330943823,0.9521274566650391,1.0189762115478516,1.1429555416107178,0.050141703337430954,0.22285382449626923,0.04037541151046753,0.20040015876293182,0.09135963022708893,0.06595315784215927,0.024533646181225777,0.09681146591901779,0.08473297208547592,0.023637693375349045,0.13551175594329834,0.39814844727516174,0.14309705793857574,0.6460936069488525,0.336028128862381,0.5260859727859497,0.2656153738498688,0.11561650037765503,0.028848066926002502,0.0648684948682785,0.030466899275779724,0.03281708061695099,0.03204798325896263,0.048281874507665634,0.02488558180630207
17,3,3.9537446193397043,0.9524760842323303,1.025865077972412,1.1559207439422607,0.02523345686495304,0.18316084146499634,0.0434260331094265,0.05758140608668327,0.09571508318185806,0.07395485043525696,0.021819496527314186,0.15204085409641266,0.20236210525035858,0.02466592937707901,0.14044949412345886,0.07853410392999649,0.14189456403255463,0.5330632328987122,0.22504907846450806,0.6937423348426819,0.2726723551750183,0.06074836105108261,0.02695637196302414,0.09937645494937897,0.035816989839076996,0.04926737770438194,0.026592640206217766,0.04315047338604927,0.01961834914982319
17,4,3.93276521936059,0.9547818899154663,1.0213130712509155,1.1474870443344116,0.023490434512495995,0.20102761685848236,0.047758761793375015,0.06464925408363342,0.037970684468746185,0.08046109229326248,0.17090316116809845,0.1457442343235016,0.15347693860530853,0.021381543949246407,0.04355499893426895,0.3679952323436737,0.212544783949852,0.18239757418632507,0.35689476132392883,0.31882360577583313,0.28974542021751404,0.3860948383808136,0.031216558068990707,0.027275051921606064,0.03000546246767044,0.03132503107190132,0.02382095903158188,0.03456583991646767,0.024924978613853455
17,5,3.2667626954615114,0.9542891979217529,1.0231651067733765,1.1449930667877197,0.029539087787270546,0.1301451325416565,0.049926627427339554,0.11281854659318924,0.0341237410902977,0.11429928988218307,0.060537829995155334,0.03235883265733719,0.11258736997842789,0.023995207622647285,0.15499919652938843,0.42901816964149475,0.20862287282943726,0.23878726363182068,0.1912224441766739,0.09585797041654587,0.0884755402803421,0.3297673463821411,0.02897796966135502,0.028286293148994446,0.02757507562637329,0.03328148275613785,0.026173001155257225,0.03354830667376518,0.027348622679710388
17,6,3.178593971580267,0.9546162486076355,1.0229954719543457,1.1443246603012085,0.029409078881144524,0.18655142188072205,0.07848893851041794,0.1311682015657425,0.03334006667137146,0.07802288979291916,0.03287247568368912,0.03482215851545334,0.09100338816642761,0.02426472119987011,0.11288294196128845,0.5078832507133484,0.19738125801086426,0.19356590509414673,0.04749273881316185,0.07657337188720703,0.11888588219881058,0.36989811062812805,0.02305511385202408,0.026143820956349373,0.025615539401769638,0.035418856889009476,0.02442520298063755,0.04980282112956047,0.025238540023565292
17,7,2.972745696082711,0.9542621970176697,1.023579478263855,1.1451267004013062,0.02878020703792572,0.19883395731449127,0.08814028650522232,0.03685816377401352,0.03413452208042145,0.060295697301626205,0.023049794137477875,0.03284347429871559,0.07870589196681976,0.0225015040487051,0.14632201194763184,0.3812926709651947,0.32067832350730896,0.16820479929447174,0.057175956666469574,0.03751105070114136,0.05048844590783119,0.3943040072917938,0.020914068445563316,0.027232956141233444,0.023574061691761017,0.02466128207743168,0.026209449395537376,0.04210123419761658,0.023338204249739647
17,8,3.271388567611575,0.9556946754455566,1.0229071378707886,1.1475564241409302,0.026270898059010506,0.17724983394145966,0.11886993050575256,0.04481036216020584,0.0440412275493145,0.08070280402898788,0.02558218315243721,0.03890083730220795,0.054625075310468674,0.023234205320477486,0.19272471964359283,0.4511474370956421,0.4133267104625702,0.1418454945087433,0.0999707356095314,0.04015680402517319,0.04078821465373039,0.4499710500240326,0.02305462211370468,0.02845996804535389,0.022915927693247795,0.024899112060666084,0.02227943204343319,0.034242648631334305,0.026086686179041862
17,9,3.31736565977335,0.9554257392883301,1.0238986015319824,1.1474618911743164,0.022930724546313286,0.15053634345531464,0.1493799090385437,0.03977139666676521,0.04573800042271614,0.07898928970098495,0.025699207559227943,0.03529362380504608,0.07482951134443283,0.022749990224838257,0.18738308548927307,0.3837769627571106,0.5439440011978149,0.10668066143989563,0.16663430631160736,0.047981664538383484,0.04586818069219589,0.380733460187912,0.023553742095828056,0.02654370665550232,0.024636421352624893,0.028808051720261574,0.021457862108945847,0.035946037620306015,0.02214227244257927
17,10,2.918094664439559,0.9556887149810791,1.0235892534255981,1.147314190864563,0.026489825919270515,0.14196376502513885,0.16040252149105072,0.0339621901512146,0.03412630781531334,0.07872478663921356,0.02595667727291584,0.030169928446412086,0.20052964985370636,0.023766979575157166,0.14571313560009003,0.13387930393218994,0.15838712453842163,0.07732201367616653,0.3617441952228546,0.04775174334645271,0.05666122958064079,0.37559452652931213,0.022647961974143982,0.027153680101037025,0.025795353576540947,0.028182704001665115,0.02189909853041172,0.029230257496237755,0.02472127228975296
17,11,3.1307461585849525,0.9568765759468079,1.0214061737060547,1.1471649408340454,0.023051787167787552,0.19945365190505981,0.14384478330612183,0.027528202161192894,0.045092273503541946,0.06322590261697769,0.029226848855614662,0.030348969623446465,0.20515616238117218,0.022752080112695694,0.1997184008359909,0.1646917760372162,0.13703326880931854,0.07597632706165314,0.4927627444267273,0.04192952811717987,0.04978705942630768,0.3564917743206024,0.02370520867407322,0.03338434547185898,0.028099101036787033,0.02496029995381832,0.0226217620074749,0.039797063916921616,0.025017298758029938
17,12,2.5721299070864916,0.9563688039779663,1.0222712755203247,1.1479954719543457,0.025482023134827614,0.16183073818683624,0.08306649327278137,0.031079210340976715,0.04199253395199776,0.07134193927049637,0.026441408321261406,0.0375489667057991,0.15774863958358765,0.01943175494670868,0.04801230877637863,0.18504095077514648,0.1568051278591156,0.07916411757469177,0.09730439633131027,0.04149988293647766,0.04918059706687927,0.42131128907203674,0.02474193647503853,0.028818948194384575,0.023744093254208565,0.024839065968990326,0.023261865600943565,0.06222517788410187,0.024889331310987473
17,13,2.9010447140783073,0.9562740921974182,1.0208561420440674,1.1473369598388672,0.02364969439804554,0.17310906946659088,0.0911862850189209,0.029006795957684517,0.042533401399850845,0.06919217854738235,0.024570850655436516,0.03533284738659859,0.46936994791030884,0.02105395682156086,0.05846112221479416,0.03643624484539032,0.15040332078933716,0.07188133150339127,0.08446300774812698,0.0411345548927784,0.04615100100636482,0.6035661101341248,0.02114899456501007,0.02859910950064659,0.02403310313820839,0.02530263178050518,0.023710139095783234,0.0579388253390789,0.02391675114631653
17,14,2.255362567305565,0.956459105014801,1.0201743841171265,1.147449254989624,0.025461271405220032,0.1838211864233017,0.09877127408981323,0.033336300402879715,0.05054907500743866,0.04276995360851288,0.024995949119329453,0.030523372814059258,0.036801889538764954,0.021351955831050873,0.05167596787214279,0.04403923451900482,0.12756381928920746,0.08048896491527557,0.08499394357204437,0.05802709981799126,0.050900425761938095,0.3893488049507141,0.022062847390770912,0.02727671153843403,0.026570040732622147,0.021844616159796715,0.025941280648112297,0.049115415662527084,0.022314617410302162
17,15,2.273604995757341,0.9566988348960876,1.0198559761047363,1.1474825143814087,0.024066783487796783,0.21911783516407013,0.09590522199869156,0.027851898223161697,0.050066202878952026,0.05076194927096367,0.02495681121945381,0.0270581915974617,0.04004469886422157,0.02285207062959671,0.06069430708885193,0.0483611561357975,0.1550259292125702,0.10303428024053574,0.051652465015649796,0.04407169297337532,0.059862300753593445,0.3336004614830017,0.023868663236498833,0.03059307113289833,0.025927480310201645,0.027879731729626656,0.022241856902837753,0.059646591544151306,0.019655879586935043
17,16,2.28628974892199,0.9569061994552612,1.018662691116333,1.148883581161499,0.02341214008629322,0.1469709724187851,0.0778687596321106,0.02079690806567669,0.04998374357819557,0.044903259724378586,0.029720855876803398,0.022907618433237076,0.04501565545797348,0.023898784071207047,0.07931853830814362,0.037898313254117966,0.18087798357009888,0.07707803696393967,0.04765743389725685,0.04705110564827919,0.03865780681371689,0.48554834723472595,0.02178242802619934,0.03267636522650719,0.022991126403212547,0.022394277155399323,0.02369866520166397,0.03597084805369377,0.022319281473755836
17,17,2.20963265709579,0.9561086297035217,1.0190682411193848,1.148024082183838,0.02516825683414936,0.1318379044532776,0.06816678494215012,0.025431519374251366,0.04763376712799072,0.04884427413344383,0.02457864210009575,0.025875022634863853,0.039433568716049194,0.022359536960721016,0.07207110524177551,0.045145183801651,0.18354347348213196,0.0714724212884903,0.04537045955657959,0.051599305123090744,0.04294026270508766,0.43426433205604553,0.022664755582809448,0.02911870740354061,0.023764029145240784,0.023631634190678596,0.0228471327573061,0.03278319165110588,0.02444719523191452
17,18,2.127068875730038,0.9560205340385437,1.019112229347229,1.148006558418274,0.02391529269516468,0.16132400929927826,0.07104463130235672,0.028753696009516716,0.03648647665977478,0.039852045476436615,0.026567112654447556,0.027722589671611786,0.037346191704273224,0.023595811799168587,0.07100143283605576,0.0432187020778656,0.19402943551540375,0.061891842633485794,0.049417681992053986,0.040750179439783096,0.04142767935991287,0.3486078679561615,0.020596416667103767,0.029232196509838104,0.026165788993239403,0.024897003546357155,0.023004794493317604,0.02722565457224846,0.024366477504372597
17,19,2.2500576209276915,0.9560099244117737,1.0181976556777954,1.1481730937957764,0.024918103590607643,0.14226476848125458,0.07498643547296524,0.030403343960642815,0.037036649882793427,0.043603088706731796,0.02834288775920868,0.028072182089090347,0.04723995923995972,0.021770695224404335,0.06274060904979706,0.04804189130663872,0.23358413577079773,0.06788689643144608,0.04744255915284157,0.04342573136091232,0.03805634379386902,0.4345598816871643,0.02309812419116497,0.028791682794690132,0.02177305333316326,0.024904966354370117,0.024047303944826126,0.026552315801382065,0.022037876769900322
17,20,2.3349899128079414,0.9564220905303955,1.0182201862335205,1.148512363433838,0.026371832937002182,0.15906023979187012,0.07029014825820923,0.02787204086780548,0.035898905247449875,0.042281411588191986,0.030620519071817398,0.026060648262500763,0.047598984092473984,0.020671429112553596,0.08212076127529144,0.04612720012664795,0.28610584139823914,0.11054076999425888,0.049074914306402206,0.04545513167977333,0.03478524461388588,0.4029332399368286,0.019092880189418793,0.027575446292757988,0.02463993802666664,0.025853227823972702,0.022189054638147354,0.025496454909443855,0.021642720326781273
17,21,2.316870718449354,0.9565504789352417,1.0188090801239014,1.1487030982971191,0.02677871659398079,0.17545031011104584,0.06503937393426895,0.03646758943796158,0.04006170108914375,0.04955020919442177,0.03020898438990116,0.02822982147336006,0.03608497977256775,0.02175595797598362,0.07160048931837082,0.03996391221880913,0.3687075674533844,0.12367212027311325,0.04356326162815094,0.03514562174677849,0.029053160920739174,0.3023471534252167,0.021919772028923035,0.026455996558070183,0.021886302158236504,0.029241329059004784,0.02444998174905777,0.024632031098008156,0.019791843369603157
17,22,2.2370948366820813,0.9554780721664429,1.018251895904541,1.147926688194275,0.027079204097390175,0.13494724035263062,0.056817442178726196,0.037025924772024155,0.03649931773543358,0.042385611683130264,0.02618664875626564,0.02453107014298439,0.04864030331373215,0.023845242336392403,0.0677654817700386,0.04331573098897934,0.4615599513053894,0.07826976478099823,0.044943153858184814,0.03852342814207077,0.028450172394514084,0.22116303443908691,0.02331605926156044,0.0256057009100914,0.02171320468187332,0.02545885555446148,0.02413267269730568,0.02840181440114975,0.02218647487461567
17,23,2.442094915732741,0.955934464931488,1.0183627605438232,1.1475776433944702,0.023865588009357452,0.13523125648498535,0.054339006543159485,0.02733205445110798,0.030877459794282913,0.04363492503762245,0.024677611887454987,0.024075744673609734,0.047059204429388046,0.02588149532675743,0.07739286869764328,0.040250588208436966,0.643353283405304,0.07658495008945465,0.04285392537713051,0.03956329822540283,0.029965462163090706,0.2619919776916504,0.023066379129886627,0.025631582364439964,0.02110947109758854,0.024033881723880768,0.024331126362085342,0.02596227265894413,0.024654528126120567
17,24,2.481765754893422,0.9557663202285767,1.0186995267868042,1.1467992067337036,0.026992974802851677,0.11229651421308517,0.0610712431371212,0.02850869856774807,0.03743405640125275,0.040596574544906616,0.028200246393680573,0.02264346368610859,0.043061431497335434,0.024107400327920914,0.07882513105869293,0.038956381380558014,0.6442822813987732,0.0809715986251831,0.040107373148202896,0.04099588841199875,0.030049195513129234,0.30678483843803406,0.02338773012161255,0.023381343111395836,0.023521317169070244,0.026310935616493225,0.022840077057480812,0.02995552308857441,0.02223052643239498
18,0,52.67552855014801,0.9523246884346008,1.0143874883651733,1.1476434469223022,3.007039785385132,2.370593547821045,1.5018057823181152,1.43763267993927,1.1214191913604736,2.9283394813537598,1.6692042350769043,1.859609603881836,3.2989139556884766,1.4061280488967896,3.226367473602295,1.48223078250885,2.1679060459136963,3.690199851989746,1.5399280786514282,4.1282806396484375,2.30391526222229,1.7018083333969116,1.1657888889312744,1.1958345174789429,0.9288362860679626,1.5225332975387573,1.9329121112823486,3.270810842514038,1.1946187019348145
18,1,10.632607993856073,0.9597432613372803,1.0204094648361206,1.1458011865615845,0.024470070376992226,2.155423641204834,0.2587333619594574,0.03012462891638279,0.050107192248106,0.05136125534772873,0.09521438926458359,0.02592950128018856,0.05720977485179901,0.02994527854025364,0.032272327691316605,0.2643452286720276,1.7034775018692017,1.4739969968795776,0.8974556922912598,0.44612759351730347,1.3324393033981323,0.8394903540611267,0.056123435497283936,0.044077660888433456,0.03198760002851486,0.029651055112481117,0.024904685094952583,0.02675662562251091,0.025792056694626808
18,2,9.031327394023538,0.9550053477287292,1.0264121294021606,1.155601143836975,0.02380490116775036,2.360477924346924,0.7252836227416992,0.03136781230568886,0.03167053684592247,0.08491287380456924,0.0895509347319603,0.021823890507221222,0.07094281911849976,0.026499584317207336,0.03833116963505745,0.4306246340274811,0.7622893452644348,0.4929752051830292,1.398510456085205,0.5077806711196899,0.3406086564064026,0.659125804901123,0.09970200806856155,0.051749613136053085,0.03345681354403496,0.04063069820404053,0.025365130975842476,0.02655031904578209,0.029888244345784187
18,3,6.378415395691991,0.9535788297653198,1.017781138420105,1.1587692499160767,0.024854294955730438,0.4276183843612671,1.036858081817627,0.02783154509961605,0.03005998209118843,0.0924701914191246,0.06042291969060898,0.11919305473566055,0.04621510207653046,0.030575765296816826,0.042764559388160706,0.9882083535194397,0.14873537421226501,0.6279982924461365,1.1558752059936523,0.44142773747444153,0.05634245276451111,0.1629992425441742,0.02528163231909275,0.056336455047130585,0.031421396881341934,0.03644191101193428,0.024761952459812164,0.028010616078972816,0.029685048386454582
18,4,5.259068782255054,0.9522639513015747,1.0186301469802856,1.1475938558578491,0.023946059867739677,0.05937859043478966,1.8729501962661743,0.03389272838830948,0.03208749741315842,0.138520747423172,0.08337109535932541,0.2017267495393753,0.04500554874539375,0.023380864411592484,0.035747379064559937,0.28179314732551575,0.2328808307647705,0.38065221905708313,0.08793360739946365,0.5273756980895996,0.15967339277267456,0.15635667741298676,0.03551314026117325,0.07383860647678375,0.03342074528336525,0.031008878722786903,0.028032595291733742,0.031905848532915115,0.02497834712266922
18,5,5.566454749181867,0.9525558352470398,1.0174541473388672,1.1441352367401123,0.02227027527987957,0.02417503297328949,2.093251943588257,0.02519885078072548,0.03606325015425682,0.09947606921195984,0.044336948543787,0.04252483695745468,0.039076562970876694,0.02471541240811348,0.03771248832345009,0.30609795451164246,0.27016785740852356,0.9210463762283325,0.13300247490406036,0.20762498676776886,0.20074352622032166,0.18329036235809326,0.03578117489814758,0.05243969336152077,0.032599419355392456,0.02843104675412178,0.02557152882218361,0.03178533911705017,0.026242293417453766
18,6,5.859665062278509,0.9527190923690796,1.0160819292068481,1.1445099115371704,0.02389366552233696,0.025669867172837257,1.7339186668395996,0.04229889437556267,0.05551942437887192,0.2611611485481262,0.059080589562654495,0.041369497776031494,0.037941835820674896,0.022454384714365005,0.024776512756943703,0.4895816743373871,0.29729947447776794,1.098963975906372,0.06937089562416077,0.3335787057876587,0.23294268548488617,0.15243379771709442,0.03060377575457096,0.06566648930311203,0.03151056915521622,0.02751508168876171,0.025664180517196655,0.027629729360342026,0.026157353073358536
18,7,5.476589658856392,0.9532362222671509,1.016464352607727,1.144331693649292,0.0251300185918808,0.022564128041267395,1.0427894592285156,0.05450451374053955,0.04339618980884552,0.05872612074017525,0.06952963024377823,0.02490249089896679,0.039083220064640045,0.022883618250489235,0.03794466331601143,1.2448221445083618,0.320993572473526,0.7787578701972961,0.11192306876182556,0.3151796758174896,0.27265533804893494,0.16257375478744507,0.0329008474946022,0.028606394305825233,0.04277897626161575,0.02649572677910328,0.023059971630573273,0.02617824822664261,0.025403562933206558
18,8,5.129360013827681,0.9532084465026855,1.0153474807739258,1.1433873176574707,0.024937843903899193,0.025760462507605553,1.3638113737106323,0.07318751513957977,0.04844140633940697,0.05759511888027191,0.05149221792817116,0.020720943808555603,0.04599972069263458,0.02688612975180149,0.04177410155534744,0.3735261559486389,0.25763797760009766,0.9856018424034119,0.10829555243253708,0.2818601131439209,0.3004303574562073,0.20913158357143402,0.03153030946850777,0.025319527834653854,0.045834749937057495,0.027858613058924675,0.02245386876165867,0.028330892324447632,0.028552986681461334
18,9,4.84113742671907,0.9541764855384827,1.0158791542053223,1.143570065498352,0.021475380286574364,0.041124824434518814,0.8144057989120483,0.061865173280239105,0.05055498704314232,0.06155344471335411,0.05759907513856888,0.02149045094847679,0.039384372532367706,0.024093417450785637,0.04269273579120636,0.3792014718055725,0.4417685568332672,0.9881957173347473,0.08459750562906265,0.2637867331504822,0.4016888737678528,0.21101713180541992,0.03002999909222126,0.023032119497656822,0.05472489818930626,0.02817617915570736,0.022714760154485703,0.030723636969923973,0.02251504175364971
18,10,4.6522690210491415,0.9558044672012329,1.0159659385681152,1.1442416906356812,0.023122169077396393,0.04373437538743019,0.9026228189468384,0.060910794883966446,0.06378033757209778,0.06582315266132355,0.05022406205534935,0.02664022147655487,0.03881197050213814,0.02695070393383503,0.03617769479751587,0.327065110206604,0.3477959632873535,0.733079195022583,0.06303515285253525,0.29382163286209106,0.5303543210029602,0.18393954634666443,0.03215908631682396,0.025985373184084892,0.05110636726021767,0.025903472676873207,0.021552257239818573,0.028789855539798737,0.025680966675281525
18,11,3.677850145474076,0.9559729695320129,1.0157642364501953,1.1458406448364258,0.024765431880950928,0.06427264213562012,0.3816366195678711,0.05178571492433548,0.073826864361763,0.0619066096842289,0.05496038869023323,0.02716093882918358,0.034799739718437195,0.023668186739087105,0.04781867191195488,0.26516470313072205,0.1759921908378601,0.35355231165885925,0.04910898581147194,0.32130879163742065,0.6827656626701355,0.16842025518417358,0.02731495350599289,0.02966972440481186,0.02711600624024868,0.028927108272910118,0.021899836137890816,0.027474606409668922,0.029017630964517593
18,12,3.372807217016816,0.9559672474861145,1.0154759883880615,1.1453086137771606,0.024699822068214417,0.045027755200862885,0.08558247238397598,0.056980352848768234,0.07052987813949585,0.08995633572340012,0.04011339694261551,0.024495329707860947,0.035997070372104645,0.024829471483826637,0.04207872599363327,0.24843718111515045,0.1849401593208313,0.11951658874750137,0.04858219623565674,0.3375313878059387,0.8719949722290039,0.20779487490653992,0.026309719309210777,0.02479279227554798,0.0301892701536417,0.030324039980769157,0.021701958030462265,0.02869044616818428,0.028360649943351746
18,13,3.143747380003333,0.9555237889289856,1.0153571367263794,1.1451512575149536,0.023167043924331665,0.05446835234761238,0.05235018581151962,0.041609469801187515,0.08737128227949142,0.05948636680841446,0.0419745147228241,0.026857908815145493,0.0334787592291832,0.02070508524775505,0.043174490332603455,0.24345244467258453,0.190128892660141,0.1330723911523819,0.07037296891212463,0.34187448024749756,0.844860851764679,0.03202236071228981,0.02591664344072342,0.023524921387434006,0.029146241024136543,0.028082143515348434,0.022765086963772774,0.027271371334791183,0.023406686261296272
18,14,3.4266774795949457,0.9545276165008545,1.0156726837158203,1.1446409225463867,0.02571784518659115,0.04980922117829323,0.0524788498878479,0.042315445840358734,0.06744920462369919,0.06615088135004044,0.05040736496448517,0.026261601597070694,0.03745127096772194,0.02347801811993122,0.044584084302186966,0.2211398035287857,0.21119259297847748,0.1256931722164154,0.09164342284202576,0.2792451083660126,1.1528762578964233,0.05286944657564163,0.02894669771194458,0.021546265110373497,0.02856130339205265,0.029313484206795692,0.021502971649169922,0.028526578098535538,0.02454834245145321
18,15,3.374124578386545,0.9545239806175232,1.015902042388916,1.1446402072906494,0.024293331429362297,0.05740804225206375,0.05394645035266876,0.04183773696422577,0.0637994334101677,0.0760306790471077,0.04702663794159889,0.02949192002415657,0.04272480309009552,0.02356175146996975,0.053249094635248184,0.17758461833000183,0.17757496237754822,0.11275538057088852,0.13787348568439484,0.18484298884868622,1.2333928346633911,0.02466617524623871,0.0230353232473135,0.026965247467160225,0.02583882212638855,0.03516556695103645,0.02521553449332714,0.030082283541560173,0.022748228162527084
18,16,4.127506813034415,0.9545008540153503,1.015633463859558,1.1441043615341187,0.024694763123989105,0.03694894164800644,0.03088507615029812,0.08591240644454956,0.06281377375125885,0.07004102319478989,0.04754406586289406,0.03941141068935394,0.04891710355877876,0.024304404854774475,0.058981142938137054,0.2226376235485077,0.2744709849357605,0.14167901873588562,0.31050753593444824,0.24812579154968262,1.537037968635559,0.041637226939201355,0.026821406558156013,0.03130027651786804,0.033570546656847,0.03465123102068901,0.01903216354548931,0.0293154027312994,0.02341778762638569
18,17,2.3368123680353166,0.9546507596969604,1.0156898498535156,1.1440740823745728,0.02708609774708748,0.043053194880485535,0.03138988837599754,0.08257579803466797,0.06662055104970932,0.06818737089633942,0.04453563690185547,0.04103216528892517,0.05340137332677841,0.0251723974943161,0.04592631757259369,0.18968090415000916,0.12636078894138336,0.13384364545345306,0.3947361409664154,0.042250264436006546,0.0495760515332222,0.059320732951164246,0.022307734936475754,0.02531374804675579,0.025254592299461365,0.03949176147580147,0.02459057606756687,0.028988676145672798,0.023233020678162575
18,18,2.2066127840429544,0.9544541239738464,1.0158412456512451,1.1440930366516113,0.027204731479287148,0.04389484226703644,0.03354695066809654,0.08325367420911789,0.07016948610544205,0.06315381824970245,0.04054109752178192,0.0405292846262455,0.043002501130104065,0.02645263448357582,0.04957009106874466,0.20222589373588562,0.11595284938812256,0.11794199049472809,0.26201122999191284,0.03608400747179985,0.06823519617319107,0.07749751210212708,0.022336402907967567,0.022706348448991776,0.024913810193538666,0.03362509235739708,0.022944819182157516,0.03460873290896416,0.02133210562169552
18,19,2.2573149114847184,0.9549582600593567,1.0155632495880127,1.1448006629943848,0.025402797386050224,0.03905915841460228,0.030545365065336227,0.07336129248142242,0.06650526076555252,0.06561493128538132,0.04584701359272003,0.056946318596601486,0.034864574670791626,0.0240340419113636,0.048800818622112274,0.17279298603534698,0.12443996965885162,0.1251012533903122,0.31791937351226807,0.03470301255583763,0.09297477453947067,0.06443748623132706,0.02601425163447857,0.024917632341384888,0.022347699850797653,0.03961604833602905,0.025709135457873344,0.02946341224014759,0.02283186838030815
18,20,2.3001839373260737,0.9552950263023376,1.01547372341156,1.1452949047088623,0.025715161114931107,0.0428849458694458,0.04224228113889694,0.0757061019539833,0.06804060935974121,0.05956262722611427,0.021830817684531212,0.04932573437690735,0.03758677467703819,0.024289000779390335,0.054770149290561676,0.21884368360042572,0.10490714758634567,0.10836830735206604,0.3678387999534607,0.03505460172891617,0.08893364667892456,0.06557775288820267,0.02465507946908474,0.024865075945854187,0.020964188501238823,0.04163343831896782,0.02255275845527649,0.025303799659013748,0.02551872283220291
18,21,1.9305583674460651,0.9558532238006592,1.0159255266189575,1.145371675491333,0.02336234413087368,0.04176173359155655,0.03750677406787872,0.0730113610625267,0.07306253165006638,0.07071471959352493,0.032541826367378235,0.04634401574730873,0.04365406930446625,0.023181650787591934,0.04941611364483833,0.15726469457149506,0.12163697183132172,0.043573759496212006,0.19637073576450348,0.03431647643446922,0.023624291643500328,0.024716421961784363,0.029237521812319756,0.026254843920469284,0.023700328543782234,0.030458873137831688,0.024256698787212372,0.03046230785548687,0.02669721655547619
18,22,1.8166174992918969,0.9557175636291504,1.01662278175354,1.1455228328704834,0.02444196306169033,0.030253486707806587,0.05347989499568939,0.09037298709154129,0.04185134544968605,0.07658705115318298,0.03687136247754097,0.03980938717722893,0.03450360521674156,0.021398404613137245,0.051349226385354996,0.134532630443573,0.09659834206104279,0.04548437148332596,0.1417931616306305,0.033997174352407455,0.024220697581768036,0.021997177973389626,0.02817780338227749,0.024753406643867493,0.023969730362296104,0.034059856086969376,0.022131506353616714,0.035554349422454834,0.02485594153404236
18,23,1.853855161368847,0.955807626247406,1.0166993141174316,1.1458574533462524,0.024899810552597046,0.036891572177410126,0.033017128705978394,0.09525994956493378,0.043919775635004044,0.07838189601898193,0.038531456142663956,0.04268278554081917,0.03247126191854477,0.02659442462027073,0.06670749187469482,0.11569686979055405,0.10700773447751999,0.04225970059633255,0.17888179421424866,0.03456301614642143,0.02417638711631298,0.02112351357936859,0.0290080439299345,0.02443166822195053,0.02287948504090309,0.03620500490069389,0.02241927571594715,0.02981765754520893,0.022354578599333763
18,24,1.902703059837222,0.9559168219566345,1.016472339630127,1.1459574699401855,0.02451142482459545,0.05340764671564102,0.05020087957382202,0.05620619282126427,0.03790559992194176,0.07579892128705978,0.04060124605894089,0.04324139282107353,0.03629370778799057,0.027342038229107857,0.06138799339532852,0.14449533820152283,0.09647686779499054,0.04085782170295715,0.22586673498153687,0.0305954460054636,0.021916883066296577,0.02404494769871235,0.03296833857893944,0.023252110928297043,0.020880041643977165,0.03283461183309555,0.024136826395988464,0.03102385625243187,0.022786865010857582
19,0,50.00709407329559,0.9554615020751953,1.0168070793151855,1.146030306816101,2.3457422256469727,1.2393144369125366,1.4459893703460693,0.9602634310722351,0.7776322364807129,2.275249481201172,1.0778409242630005,1.4001694917678833,2.9898624420166016,2.3114116191864014,2.0330023765563965,0.9921383261680603,2.5580532550811768,4.971643447875977,1.4624667167663574,3.843773365020752,2.1521971225738525,1.8183659315109253,1.0470890998840332,0.935624361038208,1.1097691059112549,1.6803364753723145,1.9294915199279785,4.628656387329102,1.3973511457443237
19,1,7.224319610744715,0.955983579158783,1.0145788192749023,1.1430355310440063,0.03796873241662979,0.34544041752815247,0.3215220272541046,0.026868289336562157,0.09659707546234131,0.07081945240497589,0.07040265202522278,0.19297587871551514,0.15157397091388702,2.1149497032165527,0.07115337252616882,0.057916175574064255,0.7904766798019409,0.3330442011356354,0.7467887997627258,0.1765645295381546,0.15043902397155762,0.4580884277820587,0.09153659641742706,0.13662312924861908,0.03817805275321007,0.03764992207288742,0.024020612239837646,0.036403656005859375,0.023598646745085716
19,2,5.496373959630728,0.954987645149231,1.0159403085708618,1.141286015510559,0.03426182642579079,0.0839676484465599,0.185381680727005,0.028885627165436745,0.06992750614881516,0.05907510221004486,0.22655938565731049,0.024440430104732513,0.10751455277204514,0.026736462488770485,0.10931834578514099,0.20007210969924927,0.8507524728775024,0.2124648541212082,0.40204793214797974,0.14815549552440643,1.54059898853302,0.3667050004005432,0.025426769629120827,0.03624497726559639,0.02786901593208313,0.030079010874032974,0.024075977504253387,0.029603252187371254,0.023766741156578064
19,3,3.5579992379993204,0.9558643102645874,1.0153778791427612,1.1426178216934204,0.023324022069573402,0.07966876029968262,0.21425920724868774,0.03345067426562309,0.05703261122107506,0.07184658944606781,0.19049488008022308,0.022842789068818092,0.09957926720380783,0.029536405578255653,0.04553714394569397,0.3012184500694275,0.7768335938453674,0.16968801617622375,0.22593887150287628,0.11045875400304794,0.03369404375553131,0.24164214730262756,0.025993777438998222,0.03856046125292778,0.03442784398794174,0.032426659017801285,0.024064021185040474,0.02948482148349285,0.023223424330353737
19,4,3.0747903894633053,0.9550909996032715,1.021417498588562,1.1422213315963745,0.025156449526548386,0.07688853144645691,0.047168005257844925,0.03838328644633293,0.04718901216983795,0.06383182853460312,0.14921623468399048,0.04766758903861046,0.13948792219161987,0.025652017444372177,0.023170920088887215,0.2136991322040558,0.28858718276023865,0.21188603341579437,0.4519825875759125,0.11401203274726868,0.044331252574920654,0.24770550429821014,0.036953505128622055,0.021964922547340393,0.025708211585879326,0.03628800809383392,0.026454288512468338,0.024782681837677956,0.0228772833943367
19,5,3.1694156896322965,0.9543347954750061,1.0236644744873047,1.141867995262146,0.0263777244836092,0.07091616839170456,0.0951414555311203,0.026509756222367287,0.030125465244054794,0.06946287304162979,0.09132163226604462,0.03623323515057564,0.16610383987426758,0.025152498856186867,0.030155731365084648,0.24789731204509735,0.15209539234638214,0.15391261875629425,0.6811544299125671,0.1438644677400589,0.04140288755297661,0.2657472789287567,0.04430311173200607,0.021969759836792946,0.027987515553832054,0.023484990000724792,0.025117618963122368,0.025884391739964485,0.023120081052184105
19,6,2.8389686748385428,0.9550986886024475,1.021287202835083,1.1434844732284546,0.021154344081878662,0.1640244573354721,0.09160356968641281,0.027565358206629753,0.038186363875865936,0.07750014215707779,0.0721864327788353,0.03104306384921074,0.15116402506828308,0.024846207350492477,0.023914046585559845,0.23294146358966827,0.12950581312179565,0.14291997253894806,0.2134293019771576,0.2042226493358612,0.042822178453207016,0.31602904200553894,0.03452511504292488,0.022934328764677048,0.0323699451982975,0.028676418587565422,0.038064807653427124,0.028576159849762917,0.024789394810795784
19,7,2.858905702456832,0.9544211626052856,1.0194435119628906,1.1437671184539795,0.024796372279524803,0.16407392919063568,0.11005904525518417,0.02582036331295967,0.037407245486974716,0.06850223988294601,0.03291719779372215,0.03665948286652565,0.11424484103918076,0.027004322037100792,0.030824994668364525,0.2032650113105774,0.13292525708675385,0.24619914591312408,0.08476866781711578,0.25544875860214233,0.04526492953300476,0.40954330563545227,0.03156023100018501,0.02568179741501808,0.023722665384411812,0.02478576824069023,0.0286724716424942,0.029680484905838966,0.021550815552473068
19,8,2.9017269808799027,0.9548519253730774,1.018309235572815,1.1427812576293945,0.022568482905626297,0.1866837739944458,0.07463449239730835,0.023297438398003578,0.02405405044555664,0.09904565662145615,0.028230326250195503,0.031245578080415726,0.1102859377861023,0.025045426562428474,0.024151481688022614,0.2590338885784149,0.13816697895526886,0.23632323741912842,0.1384783685207367,0.25775647163391113,0.04876578226685524,0.3535313010215759,0.03382004797458649,0.026806866750121117,0.02674725651741028,0.02864241413772106,0.028301890939474106,0.027314839884638786,0.025606507435441017
19,9,3.153428807109594,0.9549288749694824,1.0191736221313477,1.14235520362854,0.022625746205449104,0.23399437963962555,0.07808936387300491,0.06119294464588165,0.03406399115920067,0.12076950818300247,0.02569374069571495,0.036775141954422,0.07722330838441849,0.026697253808379173,0.023637734353542328,0.20078331232070923,0.15957854688167572,0.3072238266468048,0.16364789009094238,0.29590579867362976,0.06561010330915451,0.39460745453834534,0.036026641726493835,0.02357824705541134,0.027648182585835457,0.02693905681371689,0.03385704755783081,0.02926703728735447,0.024701008573174477
19,10,3.362589543685317,0.9542942643165588,1.020719051361084,1.1418789625167847,0.02324768714606762,0.20895759761333466,0.08798286318778992,0.06270331889390945,0.03842358663678169,0.07890067994594574,0.03187321126461029,0.0437740683555603,0.04371367022395134,0.027657832950353622,0.02523680403828621,0.21196547150611877,0.28064048290252686,0.44433897733688354,0.1933903843164444,0.21462340652942657,0.09227059781551361,0.43224456906318665,0.040965866297483444,0.026512233540415764,0.0237601138651371,0.024172846227884293,0.031100362539291382,0.026177428662776947,0.024577027186751366
19,11,2.9199258077889683,0.9544827938079834,1.019352674484253,1.1420328617095947,0.024637650698423386,0.20865105092525482,0.06915619224309921,0.0485052764415741,0.03949807584285736,0.07613278925418854,0.029486538842320442,0.04158489406108856,0.03419553115963936,0.029483657330274582,0.02153092622756958,0.1332298219203949,0.2214544415473938,0.2919556796550751,0.05910308659076691,0.17050299048423767,0.11051709204912186,0.5020301342010498,0.03526187315583229,0.022929277271032333,0.024433558806777,0.024518664926290512,0.02582370862364769,0.028126901015639305,0.024002328515052795
19,12,2.7390638943761587,0.9543375372886658,1.0184478759765625,1.1420707702636719,0.025568226352334023,0.18106715381145477,0.07009666413068771,0.05968000739812851,0.04099409654736519,0.09132003784179688,0.02495160885155201,0.03765801340341568,0.03516833484172821,0.029409920796751976,0.022272704169154167,0.14903764426708221,0.1837657392024994,0.06699515879154205,0.061361800879240036,0.24293643236160278,0.11391982436180115,0.4854090213775635,0.030401919037103653,0.023228323087096214,0.02570616453886032,0.02667800709605217,0.029082579538226128,0.0324317142367363,0.026951560750603676
19,13,2.4330413889139892,0.9549912214279175,1.0170527696609497,1.142661452293396,0.022797949612140656,0.09726647287607193,0.08062078803777695,0.04758208245038986,0.03889089077711105,0.07518842816352844,0.024642936885356903,0.027987897396087646,0.03424369916319847,0.026782017201185226,0.0261602234095335,0.07880686968564987,0.12147311866283417,0.08101939409971237,0.06001592427492142,0.252490371465683,0.14348682761192322,0.3853635787963867,0.03238379582762718,0.023865466937422752,0.023976372554898262,0.025257444009184837,0.027001280337572098,0.029951509088277817,0.022844960913062096
19,14,2.6007226150482894,0.9545613527297974,1.0166122913360596,1.142795205116272,0.024347854778170586,0.13940252363681793,0.10084060579538345,0.028984423726797104,0.04310894384980202,0.07077991217374802,0.02272886224091053,0.029952675104141235,0.03157694265246391,0.025380399078130722,0.024232929572463036,0.07297306507825851,0.12105219811201096,0.10014529526233673,0.06867029517889023,0.2964283227920532,0.17659015953540802,0.4153890013694763,0.02977747656404972,0.02421700395643711,0.02477024495601654,0.02381313219666481,0.02957927994430065,0.02999001555144787,0.02319728210568428
19,15,2.201987700164318,0.95455002784729,1.0170989036560059,1.1428732872009277,0.025258267298340797,0.06576118618249893,0.05254863202571869,0.02709033153951168,0.03901873528957367,0.05106942728161812,0.048044320195913315,0.03702221065759659,0.027707600966095924,0.02529309131205082,0.0255440566688776,0.0607696995139122,0.1575518101453781,0.10900748521089554,0.0629243478178978,0.24940188229084015,0.11660044640302658,0.22829103469848633,0.024466892704367638,0.02319812960922718,0.02021743729710579,0.02220979705452919,0.030634256079792976,0.029150133952498436,0.020302044227719307
19,16,2.008195937797427,0.9544786810874939,1.0168811082839966,1.1428332328796387,0.022779304534196854,0.06385254114866257,0.05678360536694527,0.02559431828558445,0.040639184415340424,0.06494669616222382,0.02410917729139328,0.040050774812698364,0.034593936055898666,0.02718605473637581,0.025045674294233322,0.06308025121688843,0.16921614110469818,0.09580093622207642,0.07747718691825867,0.26240259408950806,0.09085199981927872,0.027477078139781952,0.02642492577433586,0.020756442099809647,0.02346741035580635,0.025304924696683884,0.02940768003463745,0.026488928124308586,0.021619567647576332
19,17,1.9310756213963032,0.9540492296218872,1.0169408321380615,1.1428632736206055,0.024182643741369247,0.06559742242097855,0.04805108532309532,0.028126906603574753,0.03766479343175888,0.07505611330270767,0.022125883027911186,0.040893714874982834,0.032990649342536926,0.025656163692474365,0.02862207591533661,0.0573558546602726,0.14796020090579987,0.03725707158446312,0.036310844123363495,0.29336515069007874,0.09927359223365784,0.028877459466457367,0.024461450055241585,0.021297384053468704,0.026447836309671402,0.025766991078853607,0.029271038249135017,0.030382491648197174,0.02131013758480549
19,18,1.9320244431495666,0.9545359015464783,1.0173566341400146,1.143307089805603,0.021386057138442993,0.06924405694007874,0.0687163695693016,0.027213966473937035,0.03861285746097565,0.06622164696455002,0.02436499297618866,0.05137429013848305,0.029797948896884918,0.02638375572860241,0.03107435256242752,0.05563119053840637,0.1633199155330658,0.04022938758134842,0.04924838989973068,0.24925218522548676,0.08789238333702087,0.027878720313310623,0.024094801396131516,0.024215374141931534,0.025390854105353355,0.025361014530062675,0.02812526375055313,0.029677357524633408,0.02427738532423973
19,19,1.9490632217377426,0.9547384977340698,1.017229437828064,1.143341302871704,0.022614073008298874,0.061061836779117584,0.0797547772526741,0.023938847705721855,0.04365742579102516,0.047393929213285446,0.028197644278407097,0.04466322436928749,0.03268391638994217,0.02677176520228386,0.02518186718225479,0.05012045428156853,0.17602990567684174,0.040753234177827835,0.043786805123090744,0.3094229996204376,0.0743085965514183,0.026261264458298683,0.023023823276162148,0.02047874964773655,0.023038584738969803,0.02651643380522728,0.026424743235111237,0.02718288265168667,0.022733589634299278
19,20,1.9272497028112412,0.9545373916625977,1.0168925523757935,1.1440907716751099,0.024130424484610558,0.07637201249599457,0.07806218415498734,0.02205565758049488,0.042832180857658386,0.05447164177894592,0.02829710766673088,0.04325585067272186,0.032762862741947174,0.02368284948170185,0.02898688055574894,0.06341559439897537,0.24651379883289337,0.042022705078125,0.044303808361291885,0.222993865609169,0.02607196755707264,0.026167815551161766,0.026373641565442085,0.023487407714128494,0.02422189898788929,0.024307643994688988,0.028105827048420906,0.029441822320222855,0.021808110177516937
19,21,1.9038428869098425,0.9543706178665161,1.0169596672058105,1.1439875364303589,0.02591651678085327,0.07722017914056778,0.1010652408003807,0.027381790801882744,0.030231541022658348,0.04577520117163658,0.027721518650650978,0.03091946430504322,0.03056333400309086,0.02378724329173565,0.025352464988827705,0.05600768327713013,0.25733837485313416,0.036811575293540955,0.04622265323996544,0.2194405496120453,0.024910828098654747,0.02191668190062046,0.028446385636925697,0.02060510590672493,0.024041881784796715,0.024412021040916443,0.02718156762421131,0.026335371658205986,0.021174147725105286
19,22,2.1259147901088,0.9538776874542236,1.0168521404266357,1.144071102142334,0.023575864732265472,0.0879942998290062,0.14511661231517792,0.028364649042487144,0.02398053929209709,0.045943714678287506,0.026521533727645874,0.03591008856892586,0.030009793117642403,0.02357589267194271,0.03326497972011566,0.04335348308086395,0.44305238127708435,0.0395846925675869,0.04058647155761719,0.2148532122373581,0.024068661034107208,0.022785505279898643,0.0270288847386837,0.022993456572294235,0.024841178208589554,0.02555246092379093,0.022266248241066933,0.02586120367050171,0.02186879701912403
19,23,2.192329366505146,0.9534354209899902,1.0168144702911377,1.1441032886505127,0.02426079660654068,0.10631058365106583,0.12962251901626587,0.030990399420261383,0.0279836468398571,0.04663072153925896,0.024730216711759567,0.03835560008883476,0.02556779980659485,0.022596264258027077,0.031930238008499146,0.039284270256757736,0.5148001909255981,0.04266335442662239,0.04940249025821686,0.1997544914484024,0.023316163569688797,0.021475238725543022,0.029420537874102592,0.02243751659989357,0.02415294013917446,0.020838158205151558,0.02439902536571026,0.026447197422385216,0.022088369354605675
19,24,1.9757300112396479,0.9538120031356812,1.0170097351074219,1.1443774700164795,0.023489776998758316,0.10886578261852264,0.16565674543380737,0.02804543264210224,0.025587674230337143,0.049781955778598785,0.024527160450816154,0.037178073078393936,0.028524992987513542,0.023880556225776672,0.028550101444125175,0.04675449803471565,0.2985585331916809,0.033882975578308105,0.0532708540558815,0.15783444046974182,0.0246001984924078,0.021726243197917938,0.026975618675351143,0.024393552914261818,0.02330755814909935,0.02584451623260975,0.02364342100918293,0.02521228790283203,0.022597219794988632
20,0,55.014146733283994,0.9554615020751953,1.0168070793151855,1.146030306816101,3.7406527996063232,1.5511738061904907,1.2633980512619019,1.1602524518966675,1.5252219438552856,2.8437445163726807,1.8286118507385254,1.5988640785217285,2.6539664268493652,2.6690218448638916,2.238415241241455,1.325822114944458,2.429176092147827,4.582160472869873,1.7750635147094727,3.725282907485962,2.3142096996307373,1.6222436428070068,1.4924194812774658,1.146478533744812,1.5593761205673218,1.6180176734924316,2.15527081489563,3.6193296909332275,1.9523131847381592
20,1,9.326750632375479,0.9696974158287048,1.0146783590316772,1.1713298559188843,3.272353410720825,0.04702945053577423,0.08494773507118225,0.11022721230983734,0.1459876000881195,1.263130784034729,0.050259869545698166,0.026591932401061058,1.217748761177063,0.028264101594686508,0.10026536136865616,0.4004685878753662,0.2347916215658188,0.3622642457485199,0.5298536419868469,0.10766670107841492,0.1317262202501297,0.039164360612630844,0.022678488865494728,0.3353431820869446,0.022669509053230286,0.08008798211812973,0.023674115538597107,0.0365135557949543,0.021901074796915054
20,2,11.226220080628991,0.9692280292510986,1.0173040628433228,1.1542118787765503,3.3433148860931396,0.13683384656906128,0.05259028822183609,0.24462255835533142,0.10074256360530853,1.7969846725463867,0.0669873058795929,0.14862042665481567,1.5904861688613892,0.03469357267022133,0.1013227328658104,0.6163296103477478,0.3195967972278595,0.4573743939399719,0.4085645377635956,0.3139045834541321,0.25557008385658264,0.37560057640075684,0.023652033880352974,0.05474120005965233,0.027372267097234726,0.04794153943657875,0.027493683621287346,0.031436722725629807,0.021294234320521355
20,3,14.346036814153194,0.9663951992988586,1.0263433456420898,1.1527073383331299,3.605886936187744,0.16368813812732697,0.08752982318401337,0.18301109969615936,0.05136178806424141,1.599075198173523,0.19055761396884918,0.03738553076982498,2.4293742179870605,0.021591318771243095,0.04729572311043739,1.5441391468048096,0.6045241951942444,0.7637642621994019,0.5735377669334412,0.4459599554538727,0.44178441166877747,0.4841979444026947,0.22719043493270874,0.04190462827682495,0.04797464981675148,0.046419501304626465,0.02562735415995121,0.027062317356467247,0.026103680953383446
20,4,3.5727744325995445,0.9574627876281738,1.0215809345245361,1.1464945077896118,0.03143807873129845,0.07676079869270325,0.08309634029865265,0.08077122271060944,0.06610815972089767,0.05498472601175308,0.06574506312608719,0.03432273119688034,0.04263276606798172,0.024715034291148186,0.06308308243751526,0.10005395114421844,1.146821141242981,0.07541488111019135,0.2675091326236725,0.060172125697135925,0.13202893733978271,0.3529015779495239,0.02568580023944378,0.022649528458714485,0.02818424254655838,0.032701026648283005,0.024383964017033577,0.0301500391215086,0.025352435186505318
20,5,4.046723023802042,0.9582921266555786,1.0199357271194458,1.1490398645401,0.027008693665266037,0.06351601332426071,0.07099869847297668,0.09590131789445877,0.06175250560045242,0.04582349956035614,0.11084792762994766,0.040008798241615295,0.03003992699086666,0.027938630431890488,0.05032416060566902,0.06981424242258072,1.6926625967025757,0.0665808916091919,0.19079415500164032,0.0266408808529377,0.15377894043922424,0.39669108390808105,0.022459188476204872,0.026105955243110657,0.025085732340812683,0.04998745396733284,0.027451973408460617,0.02499612234532833,0.024060091003775597
20,6,3.100745313242078,0.9550714492797852,1.0174996852874756,1.1462990045547485,0.025175489485263824,0.09742514044046402,0.03982023894786835,0.08273524045944214,0.07594681531190872,0.04398532584309578,0.09831756353378296,0.03860878571867943,0.03221863880753517,0.025484951213002205,0.04750537872314453,0.07587279379367828,0.8983706831932068,0.05780036747455597,0.21582765877246857,0.028628429397940636,0.1259760856628418,0.25851893424987793,0.024368256330490112,0.027502743527293205,0.02624586969614029,0.04865270107984543,0.030623918399214745,0.027554072439670563,0.023805202916264534
20,7,3.389876301586628,0.9543570280075073,1.0160517692565918,1.1469024419784546,0.0269650686532259,0.09654562920331955,0.0546833798289299,0.09393293410539627,0.07836758345365524,0.0570235550403595,0.21456822752952576,0.04199943691492081,0.036724090576171875,0.02493881992995739,0.08487348258495331,0.07613570988178253,0.7434734106063843,0.07801607251167297,0.47312140464782715,0.026188742369413376,0.15462861955165863,0.20403733849525452,0.02535649947822094,0.020185530185699463,0.02308513969182968,0.055133480578660965,0.021101482212543488,0.032492443919181824,0.022835971787571907
20,8,3.866044321283698,0.9531330466270447,1.0167841911315918,1.147605299949646,0.023050570860505104,0.061996813863515854,0.05324816331267357,0.10572601109743118,0.08266706764698029,0.06040995940566063,0.24388562142848969,0.03878551349043846,0.03210817649960518,0.02268102392554283,0.06308403611183167,0.09051141142845154,1.1789734363555908,0.1039060652256012,0.3856106996536255,0.038817521184682846,0.1550096720457077,0.3014672100543976,0.022649012506008148,0.020470717921853065,0.02624206244945526,0.04591754451394081,0.02415909431874752,0.03722219541668892,0.02394021302461624
20,9,2.7197303704917433,0.9529604315757751,1.0168179273605347,1.1480053663253784,0.028012985363602638,0.054815929383039474,0.054687488824129105,0.09044262766838074,0.07715361565351486,0.05933932214975357,0.28681477904319763,0.053555622696876526,0.03527507185935974,0.022975146770477295,0.07358531653881073,0.05472472310066223,0.29934242367744446,0.10442915558815002,0.40291669964790344,0.04353148490190506,0.10984427481889725,0.06045573949813843,0.026107385754585266,0.023395536467432976,0.02256839908659458,0.03882519528269768,0.023236889392137527,0.028700482100248337,0.021437330171465874
20,10,2.868374314531684,0.9526867270469666,1.0168308019638062,1.1470175981521606,0.02620607241988182,0.03124164044857025,0.055474162101745605,0.07265082001686096,0.07006815075874329,0.05610232427716255,0.16579760611057281,0.05718574300408363,0.034566573798656464,0.02378818951547146,0.10452359914779663,0.05137421935796738,0.34582728147506714,0.08347996324300766,0.6814919710159302,0.04916641116142273,0.07582572102546692,0.05664564669132233,0.023616064339876175,0.024989057332277298,0.01967085897922516,0.05608690530061722,0.0231788270175457,0.03380143642425537,0.022308044135570526
20,11,2.8925922151654957,0.9528613090515137,1.0168441534042358,1.1454981565475464,0.0273165013641119,0.03030850552022457,0.04831768944859505,0.05751907080411911,0.031163806095719337,0.06070323660969734,0.17220792174339294,0.043618958443403244,0.03320856764912605,0.02118384651839733,0.08395052701234818,0.0624312199652195,0.33439865708351135,0.11926975846290588,0.7493186593055725,0.04849725216627121,0.09214964509010315,0.0626458004117012,0.023785077035427094,0.026249157264828682,0.021629123017191887,0.04341480880975723,0.024325640872120857,0.026622965931892395,0.025315094739198685
20,12,2.763972572609782,0.9527507424354553,1.0167360305786133,1.1453510522842407,0.02407434768974781,0.04006032645702362,0.04169135168194771,0.06747974455356598,0.025103859603405,0.06540513783693314,0.16914963722229004,0.03845738247036934,0.03594949468970299,0.02132454328238964,0.07902222871780396,0.05563885718584061,0.3399510383605957,0.08375703543424606,0.6445492506027222,0.047343116253614426,0.09202291071414948,0.07564219832420349,0.025739077478647232,0.026619357988238335,0.020861204713582993,0.042968567460775375,0.025387920439243317,0.02712213434278965,0.025684284046292305
20,13,2.695445734634996,0.9534878730773926,1.0167231559753418,1.145002007484436,0.024645574390888214,0.03496387228369713,0.06109250336885452,0.06344969570636749,0.026416905224323273,0.05651143193244934,0.25383225083351135,0.0363902673125267,0.033707939088344574,0.02423948422074318,0.033015720546245575,0.04852176085114479,0.3359657824039459,0.07551518082618713,0.6001994609832764,0.04064198210835457,0.0842919871211052,0.05279795825481415,0.02593069151043892,0.025245605036616325,0.020238295197486877,0.04037833586335182,0.023724282160401344,0.027607327327132225,0.023078832775354385
20,14,2.945984112098813,0.9532204270362854,1.0164916515350342,1.144534945487976,0.023592768236994743,0.0586179718375206,0.05110130459070206,0.05488286912441254,0.02444400079548359,0.08067754656076431,0.22813019156455994,0.049647256731987,0.04028943553566933,0.024872107431292534,0.04219378903508186,0.04099450260400772,0.44303640723228455,0.09397654235363007,0.7032644748687744,0.037185199558734894,0.08802054822444916,0.05282510817050934,0.025168972089886665,0.02528013102710247,0.023782646283507347,0.03895461931824684,0.022530343383550644,0.02602412924170494,0.023641841486096382
20,15,2.6871583946049213,0.9530019760131836,1.017337441444397,1.1439144611358643,0.0246947780251503,0.055779438465833664,0.05005291476845741,0.05818738043308258,0.026451151818037033,0.08798591047525406,0.23692068457603455,0.048565223813056946,0.04625426232814789,0.024487443268299103,0.036241523921489716,0.055767860263586044,0.22889208793640137,0.11140559613704681,0.626460075378418,0.03198482468724251,0.07230938225984573,0.05600952357053757,0.02216373011469841,0.024340132251381874,0.023174015805125237,0.035393912345170975,0.02531593292951584,0.032150477170944214,0.02331935614347458
20,16,2.87162660472095,0.9528130292892456,1.0178130865097046,1.1445777416229248,0.024022052064538002,0.05447491630911827,0.04101935029029846,0.043339889496564865,0.02505517564713955,0.06570152938365936,0.2525129020214081,0.055505868047475815,0.048062514513731,0.022209439426660538,0.03877166658639908,0.031997933983802795,0.35199853777885437,0.0891740545630455,0.8112613558769226,0.028620513156056404,0.05681543052196503,0.035768020898103714,0.02454664185643196,0.025409668684005737,0.022593088448047638,0.0319855660200119,0.020864855498075485,0.026240942999720573,0.020633919164538383
20,17,2.774681707471609,0.9530386328697205,1.0178145170211792,1.1446731090545654,0.02540484070777893,0.05282954126596451,0.04445132240653038,0.034056734293699265,0.03053697943687439,0.055642131716012955,0.10099804401397705,0.06250319629907608,0.028757957741618156,0.02382429875433445,0.03736548125743866,0.05562101677060127,0.3053652048110962,0.10117632895708084,0.8855301737785339,0.030269920825958252,0.057847145944833755,0.035944003611803055,0.0211960319429636,0.02612980082631111,0.02337980456650257,0.037908706814050674,0.02137853391468525,0.02553659863770008,0.027922656387090683
20,18,2.4066613972187043,0.9527662396430969,1.0182360410690308,1.1444629430770874,0.025687923654913902,0.050205446779727936,0.049826767295598984,0.043096575886011124,0.02926178276538849,0.057988785207271576,0.10093265026807785,0.0373755507171154,0.02892046794295311,0.027099817991256714,0.04652690142393112,0.040470320731401443,0.2518210709095001,0.06610135734081268,0.6403412222862244,0.027481388300657272,0.06358083337545395,0.026708239689469337,0.019753117114305496,0.022961707785725594,0.021022098138928413,0.03335675969719887,0.024051040410995483,0.025196338072419167,0.023800188675522804
20,19,2.3822528433054684,0.9529405236244202,1.0177448987960815,1.143757939338684,0.021588418632745743,0.03345867246389389,0.057391442358493805,0.048022858798503876,0.032426171004772186,0.07145664095878601,0.11298159509897232,0.02918877825140953,0.02623210847377777,0.025863125920295715,0.05070335790514946,0.04566529393196106,0.2356628030538559,0.06580088287591934,0.6199874877929688,0.02667265571653843,0.0462995208799839,0.028946395963430405,0.02382764033973217,0.027304137125611305,0.02147858962416649,0.03672602400183678,0.02245989814400673,0.02359955757856369,0.02562011405825615
20,20,2.401397556439042,0.9528985619544983,1.0177173614501953,1.143663763999939,0.02134997770190239,0.027892891317605972,0.061283573508262634,0.048124510794878006,0.036041341722011566,0.052382972091436386,0.10832252353429794,0.0268840491771698,0.025143995881080627,0.024937212467193604,0.06090344488620758,0.044656265527009964,0.2366860806941986,0.07797608524560928,0.6250622272491455,0.027496367692947388,0.05407726392149925,0.03355003148317337,0.02521195262670517,0.022280802950263023,0.022289548069238663,0.04235244542360306,0.02099229209125042,0.026755938306450844,0.025887824594974518
20,21,2.459482717886567,0.9530104994773865,1.017361044883728,1.1438523530960083,0.023187246173620224,0.029325805604457855,0.06811120361089706,0.05002101883292198,0.03899209573864937,0.06380397081375122,0.1050095185637474,0.03226618096232414,0.02690226584672928,0.02314727194607258,0.057188455015420914,0.03793712332844734,0.22688248753547668,0.08464992046356201,0.6580880880355835,0.0267331562936306,0.05772736296057701,0.0379486046731472,0.02407090738415718,0.024420268833637238,0.02335198037326336,0.038489699363708496,0.022887637838721275,0.02689424715936184,0.028601421043276787
20,22,2.3152692537754778,0.9535617828369141,1.017073631286621,1.1437532901763916,0.023075997829437256,0.03741273656487465,0.059149570763111115,0.03385019302368164,0.05282946676015854,0.05791790783405304,0.09037058055400848,0.03069639950990677,0.02539428509771824,0.02629108913242817,0.04737478494644165,0.03655281662940979,0.23887604475021362,0.08431217819452286,0.5343802571296692,0.029264220967888832,0.05127048119902611,0.054094474762678146,0.023861421272158623,0.026218567043542862,0.024061255156993866,0.028381794691085815,0.02184920199215412,0.029024703428149223,0.02588108368217945
20,23,2.2577079497277737,0.9536516070365906,1.0168447494506836,1.1437023878097534,0.021950174123048782,0.03194304183125496,0.049301378428936005,0.02905546873807907,0.053195368498563766,0.06177888438105583,0.10034812241792679,0.02798469178378582,0.026722755283117294,0.024163808673620224,0.04884502664208412,0.04568885266780853,0.18145506083965302,0.06550763547420502,0.5772318243980408,0.026184918358922005,0.04888579249382019,0.04568563401699066,0.023839464411139488,0.02344287931919098,0.021566925570368767,0.027727773413062096,0.023764267563819885,0.02560729719698429,0.022991154342889786
20,24,2.046533125266433,0.9537380337715149,1.0170401334762573,1.1437034606933594,0.023311398923397064,0.03500818461179733,0.06528955698013306,0.0303327739238739,0.05745070055127144,0.045345667749643326,0.15529806911945343,0.032040465623140335,0.024246394634246826,0.02693893015384674,0.06186931952834129,0.05033928155899048,0.20784704387187958,0.07920526713132858,0.23626849055290222,0.027047429233789444,0.05502653121948242,0.044169723987579346,0.02154737338423729,0.028295723721385002,0.022185420617461205,0.024972278624773026,0.020336080342531204,0.024184217676520348,0.025080475956201553
21,0,49.67969925403595,0.9570260047912598,1.0176385641098022,1.142860770225525,2.726792812347412,1.8190244436264038,1.4574024677276611,1.034091591835022,0.9674997329711914,2.2307581901550293,2.0898890495300293,1.1133198738098145,2.6062893867492676,1.6768834590911865,1.761205792427063,1.124142050743103,2.526519775390625,4.273761749267578,1.4871435165405273,3.005807399749756,2.5267601013183594,1.6402504444122314,1.5054887533187866,0.8755654096603394,1.2938848733901978,1.586612343788147,1.852437973022461,4.661367416381836,1.213295578956604
21,1,14.639494375139474,0.9631121158599854,1.0176385641098022,1.148262858390808,0.026360515505075455,0.10579059273004532,1.4292370080947876,0.04701938480138779,0.03207453340291977,0.1010090783238411,1.087130069732666,0.09087194502353668,0.35747626423835754,0.8271998763084412,1.3731262683868408,0.0429348424077034,0.16095930337905884,2.4834072589874268,0.16908419132232666,1.1400481462478638,0.04773902893066406,0.2496478259563446,0.028972605243325233,0.031023511663079262,0.15572841465473175,0.062210533767938614,0.03503069281578064,2.770942449569702,1.1586673259735107
21,2,10.090332272648812,0.9665445685386658,1.0185661315917969,1.1526225805282593,0.028317371383309364,0.22801323235034943,0.677248477935791,0.08378446847200394,0.026068132370710373,0.14425179362297058,0.9087914824485779,0.0789891704916954,0.08035341650247574,0.033881183713674545,1.4565720558166504,0.1633044183254242,0.9145146608352661,2.1058101654052734,0.18450519442558289,0.08609674125909805,0.4960656464099884,0.3655698299407959,0.021488169208168983,0.07625605911016464,0.025484168902039528,0.02483602985739708,0.02542744018137455,0.03250613436102867,1.1946501731872559
21,3,7.099571979045868,0.9611705541610718,1.0198379755020142,1.1478370428085327,0.02557571977376938,0.03041321597993374,0.03212784230709076,0.04911809042096138,0.02283456362783909,0.047729138284921646,0.023475944995880127,0.1381779909133911,0.1363590806722641,0.03882769122719765,1.4794217348098755,0.5896371603012085,0.3520418703556061,2.0117580890655518,0.1186753660440445,0.05996530503034592,0.6793712377548218,0.4409807026386261,0.02491237409412861,0.025084802880883217,0.03212621435523033,0.03476057946681976,0.02442578598856926,0.028605924919247627,0.027396438643336296
21,4,5.043978941068053,0.9590025544166565,1.0151512622833252,1.14805269241333,0.025112800300121307,0.039918627589941025,0.06700917333364487,0.07362249493598938,0.02619527094066143,0.061788782477378845,0.16058315336704254,0.1618109494447708,0.12375502288341522,0.036672189831733704,0.059524450451135635,0.5986068248748779,0.8505555391311646,0.17032937705516815,0.1328524947166443,0.20145896077156067,0.9116617441177368,0.5229281783103943,0.023130100220441818,0.024312913417816162,0.03514130041003227,0.03301863744854927,0.028851913288235664,0.025719989091157913,0.02497675083577633
21,5,5.414696051180362,0.9571253657341003,1.0177040100097656,1.147018313407898,0.024113763123750687,0.05045726150274277,0.10731618106365204,0.04603639245033264,0.028667964041233063,0.06058109924197197,0.03389349207282066,0.16202495992183685,0.06157035008072853,0.024116549640893936,0.024297362193465233,0.7952857613563538,1.2601311206817627,0.18361710011959076,0.21086455881595612,0.3467330038547516,0.7262600660324097,0.4641563594341278,0.022844962775707245,0.021894091740250587,0.02241288498044014,0.0314863845705986,0.034293197095394135,0.023950112983584404,0.02332153357565403
21,6,3.335246456041932,0.9551146030426025,1.0156878232955933,1.1467126607894897,0.024076806381344795,0.054343074560165405,0.10720829665660858,0.053989432752132416,0.023863574489951134,0.07202255725860596,0.03059489093720913,0.08971662819385529,0.06204715371131897,0.020903194323182106,0.05034550651907921,0.22131268680095673,0.6573359370231628,0.05257723480463028,0.22388111054897308,0.39851585030555725,0.02815677784383297,0.3498360812664032,0.02603990212082863,0.023513702675700188,0.024020984768867493,0.0347009152173996,0.03374412655830383,0.026278724893927574,0.022718288004398346
21,7,4.001154293492436,0.9556540250778198,1.0149669647216797,1.1458677053451538,0.022887980565428734,0.0638013631105423,0.028095701709389687,0.05687185749411583,0.04753267765045166,0.06352832168340683,0.02816512994468212,0.1150803193449974,0.07438857853412628,0.024304499849677086,0.054186753928661346,0.4863336682319641,1.0453296899795532,0.04555497318506241,0.3063353896141052,0.3870725929737091,0.02203291654586792,0.33315083384513855,0.02730032429099083,0.02271658554673195,0.02355099655687809,0.02740372344851494,0.02544989436864853,0.022531069815158844,0.024250712245702744
21,8,4.363506997004151,0.9559810757637024,1.015526533126831,1.1468539237976074,0.025808067992329597,0.06407070904970169,0.027012992650270462,0.05719630420207977,0.02668498456478119,0.09318047761917114,0.025303728878498077,0.12318900972604752,0.041304830461740494,0.02395808883011341,0.060324423015117645,0.5952041745185852,1.0634840726852417,0.04220867529511452,0.4165607690811157,0.3941265344619751,0.022223234176635742,0.4588968753814697,0.025273559615015984,0.023651443421840668,0.026986366137862206,0.029125183820724487,0.025359325110912323,0.024800200015306473,0.023900659754872322
21,9,4.538039036095142,0.9565436840057373,1.0157641172409058,1.1483523845672607,0.021217407658696175,0.06629615277051926,0.027174022048711777,0.06276604533195496,0.02184901386499405,0.11455540359020233,0.026381898671388626,0.14026227593421936,0.03412875160574913,0.023226888850331306,0.06528834253549576,0.4623217284679413,1.2018465995788574,0.18061135709285736,0.43229833245277405,0.40557757019996643,0.022731702774763107,0.4319039285182953,0.023476915434002876,0.021225456148386,0.02513899840414524,0.027889123186469078,0.02770492061972618,0.02607206255197525,0.021962100639939308
21,10,4.259316425770521,0.9564811587333679,1.0169316530227661,1.1498953104019165,0.024433106184005737,0.09430544078350067,0.027113376185297966,0.07985291630029678,0.02646026760339737,0.09261007606983185,0.02438116818666458,0.11524972319602966,0.04348255321383476,0.022118063643574715,0.05161263048648834,0.29549622535705566,1.1399725675582886,0.056110043078660965,0.4922991991043091,0.397283136844635,0.02663389965891838,0.4565826952457428,0.022845814004540443,0.024413837119936943,0.02156943455338478,0.026742976158857346,0.02469565160572529,0.025652816519141197,0.022737182676792145
21,11,4.537462029978633,0.9570479989051819,1.0168167352676392,1.1490176916122437,0.0210863184183836,0.10252511501312256,0.02529548481106758,0.07934867590665817,0.024604910984635353,0.09813343733549118,0.02135593257844448,0.07343482226133347,0.03411391004920006,0.02391941472887993,0.060490574687719345,0.4448930621147156,1.3240149021148682,0.04908914119005203,0.4029111862182617,0.40263551473617554,0.030733907595276833,0.5230467319488525,0.02493482083082199,0.026138214394450188,0.022030696272850037,0.027060704305768013,0.02363697439432144,0.02415229007601738,0.023298801854252815
21,12,4.536644206941128,0.9568949341773987,1.0156000852584839,1.1499167680740356,0.025286057963967323,0.06443370878696442,0.024076536297798157,0.0807352066040039,0.024264339357614517,0.04992075636982918,0.024503782391548157,0.10094979405403137,0.03035666048526764,0.020163405686616898,0.07688099145889282,0.45794427394866943,1.5394266843795776,0.06731586903333664,0.4995552897453308,0.11590169370174408,0.021199434995651245,0.5264455080032349,0.0244449470192194,0.022535108029842377,0.02120056189596653,0.02503926493227482,0.022133314982056618,0.02710345946252346,0.02034519985318184
22,0,49.63705687522888,0.9554615020751953,1.0168070793151855,1.146030306816101,3.201524496078491,2.287893533706665,1.523125171661377,1.825965404510498,0.9170361757278442,2.7291059494018555,1.6442804336547852,1.2182972431182861,2.705343008041382,1.9244370460510254,2.063079595565796,1.3657970428466797,2.8584794998168945,4.543157577514648,1.666666030883789,3.4294564723968506,2.110304117202759,1.1157299280166626,0.9359204173088074,0.512570321559906,1.2107694149017334,1.5391713380813599,1.21539306640625,2.977804183959961,1.4920896291732788
22,1,8.857547029852867,0.9522786736488342,1.0153874158859253,1.144086480140686,3.2497634887695312,0.05717037245631218,0.12786400318145752,0.1584586799144745,0.0684048980474472,0.2553258240222931,0.030423903837800026,0.06214408203959465,1.0923677682876587,0.022299369797110558,0.061280976980924606,0.45248493552207947,0.28099167346954346,1.294608473777771,0.1427895873785019,0.09108974039554596,0.15147921442985535,0.10362929105758667,0.051602985709905624,0.0456918366253376,0.2734214663505554,0.07207836955785751,0.024587225168943405,0.03099042922258377,0.03424791991710663
22,2,11.277742631733418,0.9523555040359497,1.014755368232727,1.1415741443634033,3.0570995807647705,0.09415124356746674,0.09043104946613312,0.07809390872716904,0.11296737194061279,0.2931402623653412,0.03991812840104103,0.23285743594169617,0.9936666488647461,0.025391900911927223,0.14632201194763184,1.1547465324401855,0.24509626626968384,2.141615629196167,0.34867966175079346,0.24317878484725952,0.09915779531002045,1.0523611307144165,0.03047562949359417,0.031638599932193756,0.02563457377254963,0.04548364132642746,0.02247643657028675,0.028560789301991463,0.022860614582896233
22,3,7.840680799633264,0.9540124535560608,1.0147593021392822,1.143498420715332,3.103799819946289,0.12039653211832047,0.4634307324886322,0.17165063321590424,0.08836373686790466,0.03393780067563057,0.04685639962553978,0.11598610132932663,0.03340485692024231,0.023706411942839622,0.2873412072658539,0.05715276673436165,0.3258095681667328,0.23132449388504028,0.42710837721824646,0.5070804953575134,0.46411630511283875,0.4539628028869629,0.027848277240991592,0.04283268749713898,0.049064766615629196,0.061966314911842346,0.022042905911803246,0.028538472950458527,0.030504297465085983
22,4,3.7193752840161323,0.9533001184463501,1.0156378746032715,1.1416717767715454,0.024551771581172943,0.15168823301792145,0.4441312551498413,0.08980130404233932,0.06768285483121872,0.03237072378396988,0.03807676583528519,0.06259122490882874,0.043207067996263504,0.02216145768761635,0.02583797089755535,0.09412398934364319,0.3170032799243927,0.13634729385375977,0.31091925501823425,0.5622938275337219,0.1047532856464386,0.3419789671897888,0.045000091195106506,0.029932374134659767,0.026686716824769974,0.03852248564362526,0.02429778315126896,0.028631536290049553,0.03466181457042694
22,5,3.302157390117645,0.9533026218414307,1.0167077779769897,1.1422827243804932,0.026615509763360023,0.07076460123062134,0.2407251000404358,0.051871322095394135,0.09679951518774033,0.03476272523403168,0.040042512118816376,0.054424673318862915,0.0446503609418869,0.021287333220243454,0.03547045961022377,0.20375357568264008,0.20891925692558289,0.1339545100927353,0.229141965508461,0.6515832543373108,0.06490829586982727,0.26125994324684143,0.04406962916254997,0.0243892353028059,0.025732310488820076,0.030556570738554,0.02464347332715988,0.026781370863318443,0.032591260969638824
22,6,3.293657387793064,0.952933132648468,1.0151524543762207,1.1427159309387207,0.021781867370009422,0.08592730015516281,0.22860048711299896,0.06062598526477814,0.09497999399900436,0.03476237505674362,0.02301378920674324,0.06670226901769638,0.04323174059391022,0.022359583526849747,0.029816005378961563,0.24790960550308228,0.17820240557193756,0.14635488390922546,0.15616540610790253,0.6193253993988037,0.04208078980445862,0.3701142966747284,0.04214884340763092,0.02413204312324524,0.020075540989637375,0.029796455055475235,0.025086188688874245,0.0246887244284153,0.0336151048541069
22,7,3.727320743352175,0.9538532495498657,1.0144110918045044,1.1414591073989868,0.023178597912192345,0.11887753754854202,0.22945718467235565,0.038614422082901,0.06958244740962982,0.029001014307141304,0.03312350809574127,0.09984458237886429,0.036112334579229355,0.02621668018400669,0.025204628705978394,0.0996076837182045,0.34045806527137756,0.20622611045837402,0.26042282581329346,0.747494637966156,0.046732693910598755,0.457599937915802,0.05791701748967171,0.024249102920293808,0.024985378608107567,0.024319563060998917,0.022255340591073036,0.028344204649329185,0.0355505533516407
22,8,3.971765389293432,0.9535412192344666,1.0144147872924805,1.1413630247116089,0.025714116171002388,0.12266819179058075,0.29041728377342224,0.03589167073369026,0.06906259059906006,0.0278006698936224,0.03012065403163433,0.11235113441944122,0.030887925997376442,0.023447996005415916,0.026296528056263924,0.14966274797916412,0.2566980719566345,0.26170188188552856,0.21888402104377747,0.848452627658844,0.13984155654907227,0.4764256775379181,0.04804470017552376,0.02461397275328636,0.022678116336464882,0.02356724441051483,0.022735627368092537,0.026559770107269287,0.03537680581212044
22,9,4.106747431308031,0.9542612433433533,1.014529824256897,1.1417701244354248,0.024631207808852196,0.15435679256916046,0.23599666357040405,0.0372796393930912,0.07126063853502274,0.039434708654880524,0.029841085895895958,0.08399994671344757,0.03164776787161827,0.022060325369238853,0.026237545534968376,0.1468496024608612,0.2587842643260956,0.31190305948257446,0.3479235768318176,0.7533504366874695,0.14118054509162903,0.5565295815467834,0.049637313932180405,0.0244252048432827,0.024530626833438873,0.024851148948073387,0.022904090583324432,0.029135053977370262,0.03588436543941498
22,10,4.358568767085671,0.9534920454025269,1.0149613618850708,1.141860008239746,0.021932018920779228,0.1953621506690979,0.21934235095977783,0.03526639938354492,0.06798725575208664,0.036897435784339905,0.030809737741947174,0.12123721837997437,0.029203705489635468,0.022910725325345993,0.028540324419736862,0.116876982152462,0.276474267244339,0.3246977627277374,0.9181528687477112,0.8727969527244568,0.05054180324077606,0.19134192168712616,0.02385174110531807,0.022384975105524063,0.02452882006764412,0.02437709830701351,0.023662272840738297,0.026779918000102043,0.03054937720298767
22,11,4.482523255050182,0.953887403011322,1.015058159828186,1.1418169736862183,0.023243926465511322,0.20527133345603943,0.30766531825065613,0.034785132855176926,0.06389037519693375,0.034947216510772705,0.031661417335271835,0.11259926855564117,0.03342115506529808,0.021339887753129005,0.029611827805638313,0.0817074403166771,0.2932496964931488,0.36276891827583313,1.0328510999679565,0.7908327579498291,0.05247850716114044,0.1692013293504715,0.025010207667946815,0.023208189755678177,0.023362640291452408,0.024728942662477493,0.023678913712501526,0.026695674285292625,0.03215957060456276
22,12,4.369909118115902,0.9534546732902527,1.0149668455123901,1.1421326398849487,0.022782962769269943,0.16416218876838684,0.24008293449878693,0.032598305493593216,0.06792840361595154,0.0416426844894886,0.03738468140363693,0.08304710686206818,0.027721479535102844,0.02378222905099392,0.026202738285064697,0.09599755704402924,0.2590590715408325,0.3923843204975128,1.1144860982894897,0.6297264695167542,0.05796091631054878,0.2539328932762146,0.024246960878372192,0.02115332894027233,0.023181261494755745,0.027258310467004776,0.0225312951952219,0.0275845006108284,0.030959587544202805
23,0,51.57635091543197,0.9554615020751953,1.0168070793151855,1.146030306816101,2.7525928020477295,1.8740620613098145,1.5062986612319946,0.9844666719436646,1.433944821357727,2.1193931102752686,0.8529473543167114,1.6911957263946533,2.9927194118499756,2.1555888652801514,2.487067699432373,1.3953040838241577,2.935727596282959,4.5520124435424805,1.5486441850662231,3.5941622257232666,2.607771158218384,0.8710252046585083,1.1284009218215942,0.8620069622993469,1.389607310295105,1.6420589685440063,1.5431314706802368,4.327916145324707,1.7046452760696411
23,1,13.970578953251243,0.9569530487060547,1.0220015048980713,1.1399927139282227,0.05554177239537239,0.02348003350198269,0.03964508697390556,0.10424826294183731,0.07559212297201157,0.07581114023923874,0.1307140737771988,0.06743982434272766,3.277115821838379,0.031166348606348038,0.02601173147559166,0.5930639505386353,0.3453516960144043,2.730583429336548,0.04745224490761757,2.7029974460601807,0.049715153872966766,0.3402412533760071,0.9169151782989502,0.5523740649223328,1.030066967010498,0.029439037665724754,0.022831935435533524,0.05270293354988098,0.02628798969089985
23,2,7.6626974157989025,0.9537584781646729,1.0216000080108643,1.1418178081512451,0.07346830517053604,0.022624172270298004,0.08177103847265244,0.11047711223363876,0.04897730052471161,0.05853227898478508,0.09629055857658386,0.08175421506166458,1.2302137613296509,0.030910441651940346,0.1661824882030487,0.21683573722839355,0.4211529791355133,0.38804227113723755,0.4241875112056732,0.2676246464252472,0.10334719717502594,2.5612235069274902,0.1413859724998474,0.2929459810256958,0.10439511388540268,0.03065168298780918,0.024945953860878944,0.033177584409713745,0.028144346550107002
23,3,7.1452918410301205,0.9544057250022888,1.0186142921447754,1.1399918794631958,0.12930293381214142,0.02942464128136635,0.05719076097011566,0.07134576886892319,0.06971763074398041,0.060424767434597015,0.13936905562877655,0.05205622315406799,0.16990713775157928,0.03038753569126129,0.2198188155889511,0.5364121198654175,0.7906612753868103,0.2938867509365082,0.6666690111160278,0.07428087294101715,0.03728651627898216,1.673541784286499,0.10403399169445038,0.026660267263650894,1.1659349203109741,0.029376422986388206,0.029678599908947945,0.0338897630572319,0.031431894749403
23,4,4.8775555968284605,0.9531540274620056,1.0182660818099976,1.140321969985962,0.033127427101135254,0.026876557618379593,0.08626467734575272,0.08033094555139542,0.06703347712755203,0.11189929395914078,0.050001125782728195,0.06705186516046524,0.4184585511684418,0.05367818474769592,0.16633059084415436,0.2724665105342865,0.4827069342136383,0.12439113110303879,0.20053663849830627,0.10957270860671997,0.024373706430196762,1.5885156393051147,0.07555434852838516,0.036274053156375885,0.05358697101473808,0.03887036815285683,0.023776493966579437,0.03597836196422577,0.02755061909556389
23,5,5.386208765953779,0.9536586999893188,1.0185494422912598,1.1402013301849365,0.03113022819161415,0.02915479801595211,0.06264839321374893,0.07097253948450089,0.03634851425886154,0.08991343528032303,0.05014213174581528,0.05620502308011055,0.3198266327381134,0.06415871530771255,0.23194999992847443,0.6155133247375488,0.5197691917419434,0.13284151256084442,0.18132802844047546,0.36542391777038574,0.029211154207587242,1.6565622091293335,0.028452150523662567,0.027716519311070442,0.053979817777872086,0.0337030366063118,0.01935654506087303,0.03320706635713577,0.024211985990405083
23,6,5.120987702906132,0.9543729424476624,1.0187321901321411,1.1420249938964844,0.03977794945240021,0.02395183965563774,0.043600328266620636,0.08911694586277008,0.04322145879268646,0.10370547324419022,0.05978519842028618,0.06217263266444206,0.10861118882894516,0.03652489185333252,0.2842669188976288,0.3285641372203827,0.43616846203804016,0.14924368262290955,0.20314115285873413,0.45715588331222534,0.030111735686659813,1.810854196548462,0.02337244339287281,0.02612701617181301,0.02183198183774948,0.03760046511888504,0.023326247930526733,0.029198559001088142,0.026530887931585312
23,7,4.7827381558716295,0.9535328149795532,1.018173098564148,1.141406774520874,0.03456975147128105,0.025226566940546036,0.036916252225637436,0.2199518084526062,0.05246675759553909,0.10030543059110641,0.035914041101932526,0.06595250219106674,0.05256417766213417,0.027303501963615417,0.24676714837551117,0.5007147192955017,0.5046097040176392,0.1686217039823532,0.2300194352865219,0.14017190039157867,0.033014338463544846,1.5005544424057007,0.025756927207112312,0.02807791531085968,0.02144910767674446,0.0325840525329113,0.02168232947587967,0.02860620804131031,0.02631489560008049
23,8,3.3498171877115963,0.952593982219696,1.0186554193496704,1.1409599781036377,0.02958984673023224,0.024350915104150772,0.040931060910224915,0.2364390790462494,0.06595705449581146,0.08265592902898788,0.04193342477083206,0.07027848064899445,0.07168228924274445,0.02593650110065937,0.34067463874816895,0.48190611600875854,0.3849159777164459,0.05352400615811348,0.2549947500228882,0.13216176629066467,0.028647543862462044,0.17247234284877777,0.030768094584345818,0.025903712958097458,0.02094540372490883,0.033756766468286514,0.024109764024615288,0.02634948119521141,0.026490366086363792
23,9,3.3313637975603343,0.9526011347770691,1.0186457633972168,1.142099380493164,0.024052781984210014,0.023088669404387474,0.053443461656570435,0.3299637734889984,0.07340303063392639,0.07744698971509933,0.03137877956032753,0.06907980144023895,0.07049548625946045,0.026173744350671768,0.17876634001731873,0.1873600333929062,0.7658630609512329,0.04909416660666466,0.31622081995010376,0.09979481250047684,0.030838433653116226,0.11988754570484161,0.03195629268884659,0.02367538958787918,0.02354501187801361,0.028329525142908096,0.023769240826368332,0.026735898107290268,0.024331452324986458
23,10,2.933287025988102,0.9528370499610901,1.0193835496902466,1.1423859596252441,0.0236200001090765,0.026799000799655914,0.025887686759233475,0.4126282334327698,0.034752313047647476,0.08725305646657944,0.029238862916827202,0.07654452323913574,0.03727871552109718,0.022396717220544815,0.20842081308364868,0.2360941618680954,0.5244526267051697,0.07096478343009949,0.08469145745038986,0.1180800348520279,0.04844391345977783,0.06102905049920082,0.026751631870865822,0.022775448858737946,0.023024817928671837,0.028646377846598625,0.024583766236901283,0.03080897033214569,0.02519875019788742
23,11,2.826168103143573,0.9525230526924133,1.0188363790512085,1.1429901123046875,0.025635844096541405,0.022946178913116455,0.02733544260263443,0.38809794187545776,0.04187709838151932,0.10052871704101562,0.031582579016685486,0.05655322223901749,0.03035557083785534,0.025796815752983093,0.22240518033504486,0.21471385657787323,0.29484549164772034,0.04499682039022446,0.07750174403190613,0.31693920493125916,0.047286029905080795,0.048381295055150986,0.026813935488462448,0.02433805912733078,0.024642078205943108,0.030113279819488525,0.02567298710346222,0.025980625301599503,0.02795819565653801
23,12,2.3158650886267425,0.9526309370994568,1.0173814296722412,1.1433601379394531,0.026276642456650734,0.05304444581270218,0.02731616608798504,0.09579800069332123,0.06414239853620529,0.04901352524757385,0.02401139587163925,0.07436750084161758,0.029866039752960205,0.02546759881079197,0.2401859015226364,0.2055923491716385,0.09934049099683762,0.06044429913163185,0.08823610097169876,0.2805004417896271,0.04053442180156708,0.03286026045680046,0.025522641837596893,0.02146761864423752,0.02323777601122856,0.03196468576788902,0.02243698760867119,0.025272347033023834,0.02629055082798004
23,13,2.5280342742800714,0.9529193043708801,1.0179861783981323,1.1442842483520508,0.0217236690223217,0.09522309899330139,0.05469243973493576,0.1215907633304596,0.0729171559214592,0.04859481751918793,0.030431242659687996,0.1076008751988411,0.0314570814371109,0.023886356502771378,0.16116486489772797,0.18231889605522156,0.06982824206352234,0.04953782632946968,0.1346026360988617,0.4013349115848541,0.04264022782444954,0.08413958549499512,0.023646704852581024,0.02340983785688877,0.02519499883055687,0.029135141521692276,0.021499676629900932,0.02657841518521309,0.021846862509846687
23,14,2.671574618294835,0.9531468749046326,1.0179283618927002,1.1440922021865845,0.025405118241906166,0.1345483958721161,0.048842400312423706,0.11853401362895966,0.07254617661237717,0.06673622131347656,0.03372642770409584,0.07256164401769638,0.02846168912947178,0.02363148145377636,0.14591608941555023,0.2559124529361725,0.09505268931388855,0.04747350513935089,0.12070482224225998,0.46154284477233887,0.04388129711151123,0.08058112859725952,0.023241301998496056,0.02443559467792511,0.02438959851861,0.027731778100132942,0.02166900411248207,0.027816638350486755,0.023198816925287247
23,15,2.606787111610174,0.9528114199638367,1.0179321765899658,1.1443814039230347,0.023040875792503357,0.13791275024414062,0.04977191239595413,0.13044850528240204,0.05489838868379593,0.07515525817871094,0.03177071362733841,0.05495430901646614,0.05438969284296036,0.02439839020371437,0.1481083631515503,0.24621358513832092,0.08315438777208328,0.03731093555688858,0.11879308521747589,0.4456137418746948,0.049036458134651184,0.04256940260529518,0.023626258596777916,0.024930229410529137,0.026675378903746605,0.029574505984783173,0.020714202895760536,0.02823079191148281,0.022469988092780113
23,16,2.562180157378316,0.9530220627784729,1.0180844068527222,1.143947720527649,0.027948345988988876,0.14001691341400146,0.06731001287698746,0.06652049720287323,0.032567575573921204,0.06732377409934998,0.02502760849893093,0.05540195852518082,0.034443531185388565,0.024635348469018936,0.11633875966072083,0.2406771183013916,0.07374338060617447,0.05157090723514557,0.16385208070278168,0.4952355921268463,0.05305108800530434,0.037621285766363144,0.021706178784370422,0.020005490630865097,0.019744031131267548,0.02875407785177231,0.022484244778752327,0.029459984973073006,0.023729532957077026
23,17,2.554698318988085,0.9531365036964417,1.0184394121170044,1.1437091827392578,0.023818382993340492,0.13102327287197113,0.06925535947084427,0.08636759221553802,0.03952137753367424,0.06572218239307404,0.027706211432814598,0.07547956705093384,0.029208991676568985,0.025230014696717262,0.09684079140424728,0.219138041138649,0.08723902702331543,0.05028446018695831,0.18870146572589874,0.45494741201400757,0.05027198791503906,0.04196876659989357,0.02308022603392601,0.02274089865386486,0.022059649229049683,0.027435028925538063,0.021698350086808205,0.02939699962735176,0.022505242377519608
23,18,2.6205410435795784,0.9533566832542419,1.0185717344284058,1.1437091827392578,0.026644902303814888,0.11643717437982559,0.0798661932349205,0.09765148907899857,0.04981638118624687,0.052569806575775146,0.03066614642739296,0.06605269014835358,0.027810700237751007,0.023797668516635895,0.10974762588739395,0.2711978852748871,0.07785055786371231,0.0473717637360096,0.2062920182943344,0.44081979990005493,0.05361100658774376,0.0418790727853775,0.02501312643289566,0.022084390744566917,0.022929463535547256,0.03108268603682518,0.023246916010975838,0.027620304375886917,0.025353753939270973
24,0,52.964440965652464,0.9544364213943481,1.0185710191726685,1.1404097080230713,2.0587692260742188,2.9738881587982178,1.7294769287109375,1.6885470151901245,1.214004397392273,2.7346718311309814,1.7703906297683716,1.2929245233535767,2.9016594886779785,2.0089080333709717,1.7119050025939941,1.6011582612991333,2.456270933151245,4.217918872833252,1.5887595415115356,3.207902431488037,2.370703935623169,2.354813814163208,0.8263863921165466,0.9249441027641296,1.4603742361068726,1.302142858505249,1.9576458930969238,4.144670009613037,1.8429210186004639
24,1,11.093386440351605,0.9679936170578003,1.0286062955856323,1.140110969543457,0.031112315133213997,2.7961196899414062,0.10575538873672485,0.03624700382351875,0.11361799389123917,0.11048233509063721,0.0713631808757782,0.038912832736968994,0.07528892159461975,0.05015747249126434,0.09956465661525726,0.03934284672141075,2.1817846298217773,2.714724540710449,0.4971005916595459,0.10435144603252411,0.4157048165798187,0.7335079312324524,0.02953498065471649,0.04147961735725403,0.03971707075834274,0.044713377952575684,0.024869177490472794,0.0464334562420845,0.024157989770174026
24,2,3.661254198476672,0.9666103720664978,1.015649676322937,1.1401780843734741,0.03716759383678436,0.04270230233669281,0.27836042642593384,0.023761482909321785,0.10906612873077393,0.1589687019586563,0.24350109696388245,0.02816377580165863,0.03742076829075813,0.02710091881453991,0.0708586573600769,0.06207289919257164,0.6677623987197876,0.32176101207733154,0.0344015434384346,0.11576670408248901,0.37529119849205017,0.0770270973443985,0.0697149857878685,0.02740257978439331,0.04636237025260925,0.06915716081857681,0.0252425167709589,0.06128372251987457,0.026448529213666916
24,3,3.8458624321967365,0.9651973247528076,1.0162996053695679,1.1431022882461548,0.0432245098054409,0.14195525646209717,0.43779587745666504,0.05148732662200928,0.031532976776361465,0.07989563792943954,0.17754144966602325,0.02999163791537285,0.04652336984872818,0.033381443470716476,0.08401335030794144,0.14898653328418732,0.8173624873161316,0.23346786201000214,0.14930666983127594,0.12728802859783173,0.20877669751644135,0.12814190983772278,0.04855627939105034,0.037579432129859924,0.027313541620969772,0.04207226634025574,0.024801038205623627,0.04408501088619232,0.025861995294690132
24,4,4.164481227844954,0.9617645740509033,1.0183786153793335,1.1484582424163818,0.035890091210603714,0.29526177048683167,0.21251758933067322,0.10080303996801376,0.023097572848200798,0.1410204917192459,0.09240983426570892,0.05889594927430153,0.03913259133696556,0.023902133107185364,0.08534128963947296,0.09775584191083908,0.43249666690826416,0.22628402709960938,0.6173179745674133,0.15658336877822876,0.32076627016067505,0.3597409725189209,0.02867034636437893,0.02827850542962551,0.028398914262652397,0.043589308857917786,0.0282871276140213,0.03366848826408386,0.02865077555179596
24,5,2.9004221107810735,0.9599538445472717,1.0203032493591309,1.1519912481307983,0.02571505308151245,0.23257498443126678,0.18422242999076843,0.1194603443145752,0.03140541538596153,0.11926307529211044,0.056562114506959915,0.08450566232204437,0.04587184265255928,0.02649410255253315,0.03323077782988548,0.12023966759443283,0.07737655192613602,0.08923721313476562,0.0716211348772049,0.2398558408021927,0.47822970151901245,0.03127447888255119,0.031182510778307915,0.02891710214316845,0.02714557945728302,0.036990419030189514,0.0235854834318161,0.03448902443051338,0.024521932005882263
24,6,2.865234723314643,0.9584916830062866,1.0181219577789307,1.1535749435424805,0.027823299169540405,0.12014863640069962,0.1586986631155014,0.0895690768957138,0.030594170093536377,0.1176016554236412,0.05008702352643013,0.10703419148921967,0.1408720314502716,0.023488514125347137,0.031500622630119324,0.11135073751211166,0.07353106886148453,0.1269087791442871,0.061568889766931534,0.2530035078525543,0.4771689474582672,0.03003104031085968,0.03232092037796974,0.02586890384554863,0.02872471511363983,0.03828545659780502,0.026435332372784615,0.029357941821217537,0.027222881093621254
24,7,2.7805607013404368,0.960271418094635,1.0165470838546753,1.1512928009033203,0.024669919162988663,0.05707675218582153,0.16269037127494812,0.11773818731307983,0.027444053441286087,0.09406083822250366,0.055184315890073776,0.09671866148710251,0.20316457748413086,0.023489555343985558,0.036776524037122726,0.14475978910923004,0.13104180991649628,0.06534803658723831,0.0749974176287651,0.153949573636055,0.4498230814933777,0.0330481082201004,0.03193128854036331,0.02356058359146118,0.03314618021249771,0.03772192448377609,0.02190706506371498,0.027632031589746475,0.027057794854044914
24,8,3.158623771369457,0.9619355797767639,1.0160859823226929,1.1515100002288818,0.02252253144979477,0.05657030642032623,0.1864401251077652,0.1526048481464386,0.02527296356856823,0.13873891532421112,0.06177718937397003,0.1470484882593155,0.2075735330581665,0.02693646214902401,0.04396399110555649,0.3642332851886749,0.1490384042263031,0.08541939407587051,0.060486502945423126,0.14448165893554688,0.41291308403015137,0.03226153180003166,0.03167828917503357,0.026212770491838455,0.03591781482100487,0.03522681072354317,0.023950016126036644,0.029239075258374214,0.03220946714282036
24,9,3.365041974186897,0.9629704356193542,1.0160239934921265,1.1483747959136963,0.022689728066325188,0.04716237634420395,0.11872527003288269,0.14574897289276123,0.026033572852611542,0.1667761206626892,0.05000446364283562,0.13466855883598328,0.20078349113464355,0.02756042405962944,0.06200075149536133,0.5402921438217163,0.18128006160259247,0.10918773710727692,0.061128053814172745,0.07881790399551392,0.5347803235054016,0.02800695039331913,0.028095843270421028,0.02528396248817444,0.029479457065463066,0.036188580095767975,0.023464538156986237,0.02827208861708641,0.0331367552280426
24,10,3.536864610761404,0.9661543369293213,1.0180758237838745,1.148037314414978,0.022083092480897903,0.0406939797103405,0.16189229488372803,0.12342002987861633,0.025798961520195007,0.11131137609481812,0.05471064895391464,0.09107495844364166,0.19387896358966827,0.027537154033780098,0.05746951326727867,0.6939475536346436,0.22368323802947998,0.11771644651889801,0.04008123278617859,0.08522964268922806,0.6085416674613953,0.027177494019269943,0.028616316616535187,0.023797186091542244,0.03224840760231018,0.03438275307416916,0.022948745638132095,0.030637461692094803,0.03153199702501297
24,11,3.212549404799938,0.9654631614685059,1.0172569751739502,1.1468522548675537,0.02542785182595253,0.04198670759797096,0.07129635661840439,0.09069506078958511,0.021904021501541138,0.10652411729097366,0.057909559458494186,0.11454568058252335,0.21492412686347961,0.02806500904262066,0.05037591606378555,0.687674880027771,0.18345029652118683,0.1152077317237854,0.05072750151157379,0.12976935505867004,0.3786815106868744,0.023160822689533234,0.02545139752328396,0.02267947420477867,0.03433999419212341,0.03378354012966156,0.019702816382050514,0.028545282781124115,0.02980591543018818
24,12,3.4446145124733447,0.9651434421539307,1.0167590379714966,1.1485031843185425,0.02691347524523735,0.05150824040174484,0.1047225371003151,0.11314697563648224,0.024811996147036552,0.12512993812561035,0.060519423335790634,0.09971268475055695,0.3083905279636383,0.025932196527719498,0.04560013487935066,0.6534284949302673,0.20292535424232483,0.0666787400841713,0.06660300493240356,0.17834508419036865,0.45037561655044556,0.02304505929350853,0.027918286621570587,0.023308223113417625,0.036153052002191544,0.030020706355571747,0.023189181461930275,0.023656103760004044,0.0264983419328928
24,13,3.7791284911334513,0.9628927111625671,1.0162897109985352,1.1484127044677734,0.025606686249375343,0.07005413621664047,0.05901205539703369,0.07637478411197662,0.03836221992969513,0.11981583386659622,0.03907331824302673,0.1196967363357544,0.2279721200466156,0.024087941274046898,0.07749225199222565,1.1671754121780396,0.13690967857837677,0.11223398149013519,0.06861592084169388,0.16897089779376984,0.38894176483154297,0.02470163255929947,0.02672928012907505,0.02485150843858719,0.051666274666786194,0.03148805350065231,0.022253792732954025,0.026550129055976868,0.024973055347800255
25,0,52.51965491771698,0.9554615020751953,1.0168070793151855,1.146030306816101,2.448187828063965,1.9274303913116455,1.4821079969406128,1.1751173734664917,1.1279343366622925,2.349125385284424,2.443362236022949,1.0483465194702148,2.635188102722168,1.8272100687026978,2.001201629638672,1.2589436769485474,2.7124996185302734,4.056220531463623,1.8800835609436035,3.6395206451416016,1.9721503257751465,1.6239861249923706,1.2450474500656128,1.293400526046753,1.6244235038757324,1.454477071762085,2.5438125133514404,4.5116963386535645,1.6145213842391968
25,1,11.345364887267351,0.9554615020751953,1.0217065811157227,1.1613579988479614,1.7328176498413086,0.06794259697198868,0.3909093737602234,0.10567362606525421,0.03146431967616081,0.5365534424781799,0.04897165670990944,0.137408047914505,0.4459591209888458,0.03455573692917824,0.1276172697544098,0.11227203160524368,0.8287402391433716,0.34496554732322693,1.3247814178466797,0.43747586011886597,0.4075137972831726,0.4409589469432831,0.11897049099206924,0.14670315384864807,0.04261922091245651,1.191745638847351,0.02591913938522339,1.607877254486084,0.027244091033935547
25,2,4.719351960346103,0.959601879119873,1.0299580097198486,1.1485072374343872,0.03763921558856964,0.16566354036331177,0.1012520045042038,0.11901787668466568,0.050695694983005524,0.06689773499965668,0.040538277477025986,0.07645659148693085,0.09880518168210983,0.026769369840621948,0.08739619702100754,0.042258646339178085,0.8647669553756714,0.3121606707572937,0.17217983305454254,0.394451379776001,0.5930865406990051,0.5946759581565857,0.033100228756666183,0.042723648250103,0.034248173236846924,0.028834139928221703,0.026714786887168884,0.030853573232889175,0.05055231600999832
25,3,3.46957872658968,0.9549020528793335,1.023712158203125,1.1526131629943848,0.026215342804789543,0.03727108612656593,0.0717419981956482,0.024207310751080513,0.09014759957790375,0.06818148493766785,0.0462961345911026,0.16142870485782623,0.12042073905467987,0.040128711611032486,0.11602145433425903,0.06401143968105316,0.9894202947616577,0.13390059769153595,0.052037809044122696,0.056093811988830566,0.06869775056838989,0.39442992210388184,0.10269862413406372,0.027491556480526924,0.037110064178705215,0.030159112066030502,0.02539597637951374,0.03292595222592354,0.026899773627519608
25,4,3.3857449289411305,0.9598785638809204,1.0192910432815552,1.1412856578826904,0.024261202663183212,0.0591953881084919,0.10162701457738876,0.03454504534602165,0.13489393889904022,0.04237334802746773,0.07846763730049133,0.20689882338047028,0.16461503505706787,0.0489223450422287,0.13050468266010284,0.13157311081886292,0.20057827234268188,0.845302402973175,0.0899418443441391,0.22651757299900055,0.02267957665026188,0.025139644742012024,0.03249722346663475,0.02541276253759861,0.03190737962722778,0.02588370069861412,0.024537036195397377,0.026964791119098663,0.026414096355438232
25,5,3.312715834006667,0.9608601331710815,1.0193291902542114,1.144411325454712,0.025551730766892433,0.05797053501009941,0.11427217721939087,0.06796088814735413,0.13474443554878235,0.033737748861312866,0.08724220842123032,0.11871225386857986,0.28159376978874207,0.043700553476810455,0.17941060662269592,0.1557672768831253,0.2990138530731201,0.5934653878211975,0.06167546287178993,0.15315239131450653,0.022723648697137833,0.0683574303984642,0.026460878551006317,0.025787679478526115,0.030632399022579193,0.03043307550251484,0.02779252640902996,0.026497425511479378,0.02113936096429825
25,6,3.908827145770192,0.9601584672927856,1.0180500745773315,1.1457384824752808,0.025229008868336678,0.10261736065149307,0.11061639338731766,0.037698447704315186,0.14214400947093964,0.04200640693306923,0.11144278943538666,0.07054274529218674,0.3207584321498871,0.054350219666957855,0.19484199583530426,0.308909147977829,0.4465211033821106,0.7080330848693848,0.08528722822666168,0.18308690190315247,0.04542583227157593,0.08930432796478271,0.031378909945487976,0.032778702676296234,0.03109782002866268,0.029843783006072044,0.02320963330566883,0.029757613316178322,0.027155842632055283
25,7,4.288375749066472,0.9570492506027222,1.0175849199295044,1.1493725776672363,0.026211367920041084,0.12065792828798294,0.14365090429782867,0.04602670297026634,0.13628743588924408,0.033194877207279205,0.14163391292095184,0.07846573740243912,0.326144278049469,0.04334915801882744,0.1345338374376297,0.44888272881507874,0.8143054842948914,0.08410138636827469,0.14800436794757843,0.2591077387332916,0.12667207419872284,0.3691830635070801,0.02599087543785572,0.02876751683652401,0.028048565611243248,0.028034627437591553,0.02384413219988346,0.026232296600937843,0.022243401035666466
25,8,4.675915748625994,0.9569237232208252,1.0187113285064697,1.1497604846954346,0.02530188299715519,0.12152425944805145,0.7472079992294312,0.09049244225025177,0.14416009187698364,0.05546705797314644,0.10251975804567337,0.05407122150063515,0.4281306266784668,0.03813701868057251,0.15493342280387878,0.5259563326835632,0.5998786687850952,0.08622542768716812,0.2712690234184265,0.1247292309999466,0.029857037588953972,0.26539260149002075,0.027566390112042427,0.030746808275580406,0.025462333112955093,0.029934482648968697,0.023093288764357567,0.026431120932102203,0.022348113358020782
25,9,4.9134351998567585,0.9572787880897522,1.0181621313095093,1.1492674350738525,0.027213115245103836,0.1557472199201584,0.6870560050010681,0.11053856462240219,0.13530118763446808,0.057640936225652695,0.04258670285344124,0.05206131562590599,0.43525269627571106,0.04421401396393776,0.07151918858289719,0.6960369944572449,0.8650915622711182,0.0870061069726944,0.17482800781726837,0.16183434426784515,0.022918330505490303,0.2706983685493469,0.02948375977575779,0.03521333262324333,0.02754262462258339,0.025936570018529892,0.022898074239492416,0.025157874450087547,0.024716632440686226
25,10,5.38037048317492,0.9552053213119507,1.0205233097076416,1.1476356983184814,0.0221972968429327,0.11324237287044525,0.11228585243225098,0.10386297851800919,0.13225574791431427,0.05653853341937065,0.04972085729241371,0.04054267704486847,0.2937090992927551,0.03800595551729202,0.06457443535327911,0.9522995352745056,1.804255723953247,0.08475037664175034,0.2258501648902893,0.14004936814308167,0.03475606441497803,0.28209051489830017,0.030185554176568985,0.037734389305114746,0.03236329182982445,0.028972595930099487,0.0229279026389122,0.028213581070303917,0.02431274764239788
25,11,5.63433552570641,0.9554998874664307,1.0203583240509033,1.1474679708480835,0.022891391068696976,0.11370492726564407,0.13068217039108276,0.13027921319007874,0.10404133796691895,0.04770217090845108,0.06201620399951935,0.03891940414905548,0.3465791344642639,0.03509151190519333,0.06219848245382309,1.1281203031539917,1.8654260635375977,0.09637173265218735,0.2020300030708313,0.10294801741838455,0.04798734560608864,0.2784492075443268,0.029852507635951042,0.03411167860031128,0.033073458820581436,0.028130199760198593,0.021531345322728157,0.023204224184155464,0.02432825416326523
26,0,53.62455694675445,0.9554615020751953,1.0168070793151855,1.146030306816101,2.629647970199585,2.384347915649414,1.1156398057937622,0.9967422485351562,1.6303564310073853,3.1487784385681152,1.6736637353897095,1.449927568435669,3.1687824726104736,2.1454720497131348,1.8176283836364746,1.5765777826309204,2.5315608978271484,4.519396781921387,1.5416479110717773,3.873044490814209,2.4733211994171143,1.562361240386963,1.265331506729126,0.46013689041137695,1.1669832468032837,1.7634943723678589,2.7423667907714844,4.086002826690674,1.277684211730957
26,1,10.936964229866863,0.9545384645462036,1.028894066810608,1.1713426113128662,2.7103536128997803,0.05374725162982941,0.12400184571743011,0.03191700205206871,0.12150860577821732,0.7233477234840393,0.03364468738436699,0.47874075174331665,1.2741352319717407,0.0319950096309185,0.08849742263555527,0.829881489276886,1.821958303451538,0.5261754989624023,0.26623013615608215,0.10184697061777115,0.3333980441093445,0.2114221453666687,0.12370529770851135,0.17335668206214905,0.12281299382448196,0.039364658296108246,0.024571841582655907,0.032833971083164215,0.026562023907899857
26,2,9.682374377176165,0.9563078880310059,1.0230889320373535,1.1609852313995361,2.6313021183013916,0.08050888031721115,0.29005521535873413,0.0785101056098938,0.17086176574230194,0.8424549102783203,0.03460914269089699,0.17603418231010437,1.0575220584869385,0.034766487777233124,0.11422642320394516,0.19936813414096832,1.0639561414718628,0.48432183265686035,0.35575613379478455,0.22113960981369019,0.423865407705307,0.04783354327082634,0.04899359121918678,0.04297415167093277,0.5403779745101929,0.03493912145495415,0.024142256006598473,0.035018425434827805,0.02076035365462303
26,3,10.798966827616095,0.9535418748855591,1.0215801000595093,1.14930260181427,2.6697916984558105,0.07737451791763306,0.30625757575035095,0.04711829870939255,0.18848469853401184,0.9680356979370117,0.04532930999994278,0.13604359328746796,1.1908752918243408,0.03050122782588005,0.7932752370834351,0.14669060707092285,0.7302931547164917,0.33469948172569275,0.800644040107727,0.3627464473247528,0.08448659628629684,0.07053681463003159,0.0931631550192833,0.04119827598333359,0.9428998827934265,0.03908213973045349,0.021660130470991135,0.030093014240264893,0.022801024839282036
26,4,6.194434451684356,0.9555901885032654,1.0280015468597412,1.1508097648620605,0.025500845164060593,0.13958041369915009,0.43062907457351685,0.0424305722117424,0.17656312882900238,0.03824232518672943,0.04945169761776924,0.05553005263209343,0.03951641172170639,0.02547498233616352,0.723251223564148,0.14064151048660278,0.9706342220306396,0.17233052849769592,1.0590304136276245,1.0218133926391602,0.11345627158880234,0.12299531698226929,0.048856668174266815,0.0312444306910038,0.024814611300826073,0.03060919977724552,0.026258548721671104,0.032387714833021164,0.026310594752430916
26,5,5.310797792300582,0.9554739594459534,1.0245249271392822,1.1481364965438843,0.025915415957570076,0.2342192381620407,0.31021225452423096,0.05557680502533913,0.2417450249195099,0.030069345608353615,0.06750401109457016,0.050144534558057785,0.03665249049663544,0.026652228087186813,0.2803961932659149,0.09676022082567215,0.3871837258338928,0.09963319450616837,1.6403361558914185,0.6890486478805542,0.036890387535095215,0.16010819375514984,0.02543731965124607,0.05862966924905777,0.027564214542508125,0.028254229575395584,0.02399403788149357,0.02953803911805153,0.022705137729644775
26,6,5.202960232272744,0.9553415179252625,1.027302861213684,1.1476017236709595,0.023658709600567818,0.29415327310562134,0.32983437180519104,0.0517914779484272,0.20124775171279907,0.039494480937719345,0.07288677990436554,0.05008530989289284,0.03444136679172516,0.02441365085542202,0.4170636534690857,0.07339946925640106,0.41888803243637085,0.2423291951417923,1.6490973234176636,0.06292161345481873,0.12881901860237122,0.2353733479976654,0.02640804834663868,0.056473635137081146,0.028191188350319862,0.03483734652400017,0.02436843514442444,0.03378797322511673,0.02294555865228176
26,7,5.735504724830389,0.957582950592041,1.022731065750122,1.1467409133911133,0.02733040414750576,0.27851402759552,0.28010237216949463,0.04967963322997093,0.27177369594573975,0.056434016674757004,0.07722152024507523,0.06209377199411392,0.030647877603769302,0.027781257405877113,0.48458927869796753,0.04687614366412163,0.4581751525402069,0.22028237581253052,2.038252115249634,0.05174855887889862,0.19273866713047028,0.22320708632469177,0.0219008456915617,0.06575469672679901,0.03937403857707977,0.030490107834339142,0.02494313381612301,0.027197452262043953,0.022985508665442467
26,8,6.160818008333445,0.9577820301055908,1.019936203956604,1.1460665464401245,0.02368677593767643,0.2917945384979248,0.26744383573532104,0.03958074748516083,0.30320829153060913,0.05812278762459755,0.061635833233594894,0.075758196413517,0.028619952499866486,0.0232074037194252,0.42663508653640747,0.035065699368715286,0.4416565001010895,0.2576705813407898,2.2294228076934814,0.04962626099586487,0.1665477752685547,0.5175954699516296,0.02457611821591854,0.06796396523714066,0.03792155534029007,0.032595012336969376,0.024694107472896576,0.029792802408337593,0.02123894728720188
26,9,5.632310999557376,0.959193229675293,1.0197995901107788,1.1471796035766602,0.028391137719154358,0.343936949968338,0.1625315546989441,0.0464104600250721,0.2812967896461487,0.050773147493600845,0.0738673284649849,0.08408800512552261,0.025396300479769707,0.024294449016451836,0.2937379777431488,0.05249110236763954,0.3593021631240845,0.3359679579734802,2.133376121520996,0.04276037588715553,0.21572774648666382,0.28471803665161133,0.02287575788795948,0.02413330413401127,0.022588469088077545,0.031067637726664543,0.022206930443644524,0.02482937090098858,0.02030744031071663
26,10,4.7961174443364145,0.9569963216781616,1.0176098346710205,1.1464722156524658,0.02234877459704876,0.07168585062026978,0.24040894210338593,0.041729461401700974,0.18037745356559753,0.04366200044751167,0.06901926547288895,0.0887649655342102,0.03282599523663521,0.024395884945988655,0.34377220273017883,0.06469236314296722,0.3288857936859131,0.3246864378452301,1.6719419956207275,0.03994548320770264,0.2701141834259033,0.13865481317043304,0.02262941002845764,0.02374153956770897,0.02411980926990509,0.030855098739266396,0.021477673202753067,0.026858016848564148,0.024308355525135994
26,11,4.700858790799975,0.957060694694519,1.018027663230896,1.1452891826629639,0.022136501967906952,0.08120105415582657,0.20848619937896729,0.04622487351298332,0.21654707193374634,0.036855392158031464,0.07839576154947281,0.09345171600580215,0.03307502344250679,0.02429899387061596,0.3232536017894745,0.06456531584262848,0.26871800422668457,0.268267422914505,1.623863935470581,0.034157104790210724,0.342305451631546,0.13117586076259613,0.020459741353988647,0.024769660085439682,0.023947712033987045,0.03446446359157562,0.022406384348869324,0.02865694835782051,0.02509908750653267
26,12,3.501336207985878,0.958204984664917,1.0166124105453491,1.144406795501709,0.024393446743488312,0.07834301888942719,0.2323508858680725,0.04352482780814171,0.1252226084470749,0.036857832223176956,0.058927543461322784,0.07312984019517899,0.060743559151887894,0.02262949012219906,0.44040530920028687,0.0453033484518528,0.32247164845466614,0.21207526326179504,0.2961491048336029,0.04192561283707619,0.4059310853481293,0.18694107234477997,0.02194029651582241,0.023884747177362442,0.024149248376488686,0.03167007863521576,0.023411104455590248,0.02522508054971695,0.019885316491127014
26,13,3.5705795522779225,0.9596604108810425,1.0159525871276855,1.1446605920791626,0.024049658328294754,0.08667721599340439,0.31001582741737366,0.10056611150503159,0.09386397153139114,0.035820670425891876,0.05890076979994774,0.029275642707943916,0.03674408793449402,0.022903872653841972,0.5626207590103149,0.05411847308278084,0.2719362676143646,0.25608059763908386,0.13966496288776398,0.03745471313595772,0.5025986433029175,0.1478552520275116,0.022885872051119804,0.023522770032286644,0.02176545560359955,0.03417832404375076,0.02233663573861122,0.029465530067682266,0.02122274972498417
26,14,3.6412124391645193,0.9586893320083618,1.0156614780426025,1.1442524194717407,0.020434129983186722,0.10921011865139008,0.385171115398407,0.09271878004074097,0.09509087353944778,0.04246694967150688,0.08139064162969589,0.03542598709464073,0.03690241277217865,0.024287942796945572,0.5944852828979492,0.047469936311244965,0.23211923241615295,0.2337256669998169,0.15202735364437103,0.034951381385326385,0.44154539704322815,0.18602634966373444,0.021817665547132492,0.0240667462348938,0.023375501856207848,0.030067989602684975,0.023469749838113785,0.02566646598279476,0.02357812225818634
26,15,3.033830251544714,0.9584577083587646,1.0156254768371582,1.1443698406219482,0.02232782356441021,0.09200650453567505,0.2898940145969391,0.08688405156135559,0.08781781047582626,0.04255758598446846,0.06097778305411339,0.03487139195203781,0.02987837605178356,0.024134665727615356,0.35221728682518005,0.04578087106347084,0.1841433048248291,0.11912666261196136,0.10903044044971466,0.03493228554725647,0.4609149098396301,0.15422727167606354,0.021321065723896027,0.023718589916825294,0.02430986426770687,0.03289052098989487,0.023226065561175346,0.028692645952105522,0.024257853627204895
26,16,2.809005804732442,0.9593663811683655,1.0155397653579712,1.146782398223877,0.02243875153362751,0.09195929765701294,0.29730120301246643,0.05562274158000946,0.07459434866905212,0.04023067653179169,0.09184148907661438,0.03486759960651398,0.0248178169131279,0.02271047607064247,0.2772456109523773,0.04952824115753174,0.25805822014808655,0.10121724754571915,0.13629615306854248,0.030568547546863556,0.26260289549827576,0.13565130531787872,0.021957648918032646,0.023609450086951256,0.0228024460375309,0.03314322978258133,0.020863626152276993,0.02873609960079193,0.026002973318099976
26,17,2.849530228227377,0.9588150382041931,1.0158101320266724,1.1467300653457642,0.022683124989271164,0.07481794059276581,0.3052920699119568,0.04433365538716316,0.05865171179175377,0.042989764362573624,0.08417845517396927,0.04240357503294945,0.031965989619493484,0.023800164461135864,0.39888834953308105,0.04596918448805809,0.20668870210647583,0.09363613277673721,0.11908506602048874,0.03583359345793724,0.3596186637878418,0.059814680367708206,0.0212075375020504,0.022381415590643883,0.023273425176739693,0.035683345049619675,0.022308720275759697,0.027598777785897255,0.02215513586997986
26,18,2.7198794919997455,0.9579350352287292,1.016160249710083,1.1476002931594849,0.025754684582352638,0.07679390162229538,0.2364218533039093,0.023532535880804062,0.07813399285078049,0.0404176339507103,0.0710156112909317,0.03866983577609062,0.02828543446958065,0.021798213943839073,0.3465116322040558,0.055436309427022934,0.19099798798561096,0.10628657788038254,0.10790545493364334,0.03350050374865532,0.378897488117218,0.05365385487675667,0.022080225870013237,0.02631222829222679,0.024713100865483284,0.03720599785447121,0.021255986765027046,0.02483293227851391,0.025126397609710693
26,19,2.769984356686473,0.9582014083862305,1.015869379043579,1.1476689577102661,0.02753813937306404,0.09234478324651718,0.21983282268047333,0.021329820156097412,0.11132612824440002,0.04048559069633484,0.06378160417079926,0.04594041034579277,0.029834164306521416,0.024793963879346848,0.29292598366737366,0.07241129130125046,0.19021910429000854,0.11058786511421204,0.09351102262735367,0.036719825118780136,0.4279606342315674,0.05542151629924774,0.023274794220924377,0.02345217578113079,0.02014784887433052,0.04400208592414856,0.023618901148438454,0.027669530361890793,0.02650640159845352
26,20,2.7455889746546744,0.9586941599845886,1.0162577629089355,1.147566556930542,0.021536625921726227,0.09323936700820923,0.15832829475402832,0.022730592638254166,0.11936360597610474,0.03835778310894966,0.05590156838297844,0.05092044547200203,0.026889817789196968,0.020342517644166946,0.27980926632881165,0.09867767244577408,0.17636434733867645,0.15964938700199127,0.11088040471076965,0.03673403337597847,0.41123488545417786,0.06026606634259224,0.02193458005785942,0.023202253505587578,0.024124078452587128,0.0328705832362175,0.023765455931425095,0.02809738926589489,0.0258642565459013
26,21,2.657143886387348,0.9579628109931946,1.0164320468902588,1.1477351188659668,0.022199343889951706,0.07817031443119049,0.17245173454284668,0.028689434751868248,0.10871654748916626,0.04474055394530296,0.06154125556349754,0.03992268070578575,0.02592913620173931,0.023865552619099617,0.31953173875808716,0.035056497901678085,0.16534361243247986,0.14753234386444092,0.11318214237689972,0.035387538373470306,0.3856127858161926,0.04453281685709953,0.022744396701455116,0.02390105463564396,0.02202652581036091,0.03668184205889702,0.02638314664363861,0.02530534937977791,0.023269545286893845
26,22,2.073067246004939,0.9581271409988403,1.016034722328186,1.1484575271606445,0.0225682333111763,0.09588353335857391,0.18461884558200836,0.02631004899740219,0.070914126932621,0.034234706312417984,0.038665637373924255,0.04178326949477196,0.025429749861359596,0.02022385410964489,0.2790215015411377,0.04138089716434479,0.1069384217262268,0.12153932452201843,0.08534030616283417,0.030299536883831024,0.03272075206041336,0.023275380954146385,0.022287344560027122,0.022833816707134247,0.024068716913461685,0.0297634769231081,0.021857719868421555,0.024096842855215073,0.022487323731184006
26,23,2.133778741210699,0.9583873152732849,1.015821099281311,1.148235559463501,0.024103360250592232,0.07943889498710632,0.18206723034381866,0.023700306192040443,0.09142433106899261,0.03915945440530777,0.05558285117149353,0.040522851049900055,0.027789505198597908,0.023539096117019653,0.36444297432899475,0.03277716413140297,0.10350635647773743,0.08631282299757004,0.08953652530908585,0.028946254402399063,0.03003953956067562,0.021863002330064774,0.02112295851111412,0.025499816983938217,0.02192544937133789,0.02867516689002514,0.022559961304068565,0.02168186381459236,0.02307220920920372
26,24,2.0273092426359653,0.9588121175765991,1.0156679153442383,1.1473257541656494,0.026621082797646523,0.07527324557304382,0.2308952957391739,0.026979167014360428,0.06533069908618927,0.04019378125667572,0.04605843126773834,0.03056190349161625,0.03440302610397339,0.02336048148572445,0.2318750023841858,0.03607865795493126,0.09630659222602844,0.09318692237138748,0.08795622736215591,0.032321956008672714,0.030375471338629723,0.023114565759897232,0.021593419834971428,0.025858433917164803,0.023018889129161835,0.03055303543806076,0.021318532526493073,0.027351509779691696,0.02236175537109375
27,0,53.56949166059494,0.953533947467804,1.014404058456421,1.1448402404785156,2.3116745948791504,2.1277034282684326,2.2606537342071533,1.3179765939712524,0.8927333354949951,2.936802625656128,2.266899824142456,1.3424111604690552,3.013139247894287,2.243089199066162,2.773926258087158,0.8414826393127441,2.7375471591949463,4.277466297149658,1.5168840885162354,2.788982629776001,2.219167709350586,1.0008655786514282,1.2908812761306763,0.6588956117630005,1.0947155952453613,2.098435401916504,2.150404453277588,4.251430511474609,2.5327670574188232
27,1,9.76718472801149,0.9571477174758911,1.014407992362976,1.1546694040298462,2.257537364959717,0.04152573645114899,0.4073083698749542,0.12008734047412872,0.04598526284098625,1.2156081199645996,0.04949987679719925,0.04435677453875542,1.4251593351364136,0.027249623090028763,0.049227025359869,0.4228343069553375,0.2986075282096863,0.615598738193512,0.6049941182136536,0.1084870994091034,0.3742072284221649,0.33885079622268677,0.40965408086776733,0.08087573200464249,0.05606337636709213,0.033228639513254166,0.043414197862148285,0.03078167699277401,0.04079735651612282
27,2,11.222760189324617,0.9602134823799133,1.0154398679733276,1.1741341352462769,2.4095094203948975,0.044571731239557266,0.23394781351089478,0.44633808732032776,0.06682824343442917,0.6052345037460327,0.08373364806175232,0.22695307433605194,1.6260311603546143,0.021656977012753487,0.0443115234375,0.28414905071258545,0.20632337033748627,0.48273131251335144,0.28145262598991394,0.43714961409568787,0.6940410137176514,0.41796526312828064,0.17949968576431274,1.035780906677246,0.6519307494163513,0.0349731519818306,0.023717151954770088,0.030301032587885857,0.023671580478549004
27,3,13.71931067109108,0.9590532183647156,1.0219646692276,1.1600703001022339,2.1729965209960938,0.1463967263698578,0.27387091517448425,0.7516354322433472,0.06772635132074356,0.6235458850860596,0.0993262380361557,0.22291870415210724,1.5508313179016113,0.024315977469086647,0.03593171387910843,0.18302294611930847,0.31946250796318054,0.4757872223854065,0.30657652020454407,1.130170464515686,0.32333898544311523,2.274502992630005,0.17181475460529327,1.1823434829711914,0.646546483039856,0.02969147078692913,0.02446303889155388,0.030480220913887024,0.023396160453557968
27,4,8.806667910143734,0.9563869833946228,1.0151840448379517,1.1521313190460205,0.026046419516205788,0.23584872484207153,0.13645969331264496,1.2841088771820068,0.048452094197273254,0.038855455815792084,0.09823748469352722,0.1777758151292801,0.02823265641927719,0.03958281874656677,0.05294052138924599,0.11370658129453659,0.8011398315429688,0.15010717511177063,0.31260350346565247,1.5168277025222778,0.11146441847085953,2.814770460128784,0.03592301905155182,0.028199121356010437,0.03088868409395218,0.026188263669610023,0.02507573366165161,0.027279691770672798,0.02121269330382347
27,5,9.824904978647828,0.9557470083236694,1.016020655632019,1.1540368795394897,0.0232850369066,0.23028461635112762,0.13932475447654724,1.4600361585617065,0.0528547465801239,0.04553084820508957,0.0731143206357956,0.13132813572883606,0.03046964295208454,0.026226572692394257,0.0493951253592968,0.10080622881650925,0.8034058809280396,0.12632916867733002,0.31482940912246704,1.5170233249664307,0.10642436891794205,3.7641913890838623,0.04754462093114853,0.03407298028469086,0.026337837800383568,0.024509403854608536,0.026569468900561333,0.02520006150007248,0.020649967715144157
27,6,8.265598814934492,0.9565898180007935,1.0169740915298462,1.1537612676620483,0.025110116228461266,0.19024401903152466,0.14539735019207,0.21295467019081116,0.029136143624782562,0.03407453000545502,0.07440764456987381,0.09081383049488068,0.02410736121237278,0.027942785993218422,0.04874006658792496,0.10554784536361694,0.9781332015991211,0.14110711216926575,0.36799487471580505,0.9718517065048218,0.0792052373290062,3.890895128250122,0.041733380407094955,0.034366581588983536,0.032168298959732056,0.0265105701982975,0.020685167983174324,0.02563055418431759,0.02137560211122036
27,7,7.203622819110751,0.9578928351402283,1.0155558586120605,1.1504765748977661,0.025757620111107826,0.044869452714920044,0.07442504912614822,0.17219266295433044,0.03694991022348404,0.0709817036986351,0.11816248297691345,0.0784219428896904,0.026376841589808464,0.025736460462212563,0.07380576431751251,0.09533566981554031,0.9288488626480103,0.11104725301265717,0.3473675847053528,1.233483910560608,0.09819398820400238,2.827808141708374,0.02875644899904728,0.030635349452495575,0.03320544585585594,0.02470412664115429,0.02168038859963417,0.028931915760040283,0.021158788353204727
27,8,3.005113448947668,0.9571623802185059,1.0160503387451172,1.1490108966827393,0.02215113304555416,0.05789128690958023,0.0871153473854065,0.1746997833251953,0.04244673624634743,0.07262763381004333,0.1193995326757431,0.08826382458209991,0.02411717176437378,0.02975967526435852,0.067611463367939,0.10309898108243942,0.3693951666355133,0.0956851914525032,0.2838442921638489,0.20232723653316498,0.24758191406726837,0.10182324796915054,0.023390427231788635,0.03140808641910553,0.033616188913583755,0.024321209639310837,0.020525101572275162,0.02962217666208744,0.02794591709971428
27,9,3.2632256846874954,0.9569514393806458,1.0164759159088135,1.1475064754486084,0.02372678369283676,0.08908616751432419,0.0857515037059784,0.2162928730249405,0.039894916117191315,0.044546082615852356,0.16378454864025116,0.09594355523586273,0.026128973811864853,0.030296791344881058,0.0897987112402916,0.08149360865354538,0.4151739776134491,0.17794391512870789,0.2537471354007721,0.190552219748497,0.2757561206817627,0.12959402799606323,0.021663391962647438,0.03103104792535305,0.03836359456181526,0.026949312537908554,0.024831155315041542,0.03329382464289665,0.03339467942714691
27,10,2.94358646646142,0.9571146368980408,1.0156974792480469,1.1461467742919922,0.02337925136089325,0.07579560577869415,0.07363931089639664,0.1596686691045761,0.041660986840724945,0.05017448216676712,0.22316917777061462,0.10068193078041077,0.05260508880019188,0.03392985463142395,0.08348629623651505,0.14304615557193756,0.10142926126718521,0.06710726767778397,0.11350865662097931,0.18651236593723297,0.4672754108905792,0.12931813299655914,0.023635659366846085,0.032059572637081146,0.03416386991739273,0.026452066376805305,0.024694152176380157,0.030323294922709465,0.022078167647123337
27,11,3.056534756347537,0.9578647613525391,1.0157870054244995,1.1455456018447876,0.024889256805181503,0.08544149249792099,0.07988817244768143,0.16507531702518463,0.03349941223859787,0.04409720376133919,0.281737357378006,0.05492982268333435,0.045140985399484634,0.02989521063864231,0.07793640345335007,0.16144688427448273,0.10195444524288177,0.06081803888082504,0.18241271376609802,0.21327540278434753,0.4030289649963379,0.1990893930196762,0.023657301440835,0.03590695187449455,0.03282822296023369,0.022770797833800316,0.02298002876341343,0.025336818769574165,0.0246586836874485
27,12,3.475852292403579,0.9576074481010437,1.0151952505111694,1.1468181610107422,0.022532524541020393,0.09419181197881699,0.10751752555370331,0.2216147482395172,0.03510570526123047,0.047594718635082245,0.19570748507976532,0.1150754988193512,0.025702107697725296,0.026964640244841576,0.07902602106332779,0.21824893355369568,0.11975869536399841,0.06664423644542694,0.23712047934532166,0.26864340901374817,0.5278395414352417,0.2411629855632782,0.02444981411099434,0.03589165210723877,0.0347348190844059,0.027049900963902473,0.025772657245397568,0.02621588110923767,0.02736232802271843
27,13,3.6091537412256,0.957348644733429,1.0163021087646484,1.1468442678451538,0.02270769514143467,0.14008794724941254,0.09339411556720734,0.2501177489757538,0.027170753106474876,0.050430841743946075,0.27061185240745544,0.09626114368438721,0.03599704056978226,0.032942626625299454,0.04073799028992653,0.3536790907382965,0.11213918030261993,0.06928529590368271,0.2984665632247925,0.15845777094364166,0.5536459684371948,0.187500461935997,0.021935848519206047,0.03473488986492157,0.030971068888902664,0.0247234757989645,0.025247696787118912,0.03136802464723587,0.02243964560329914
27,14,3.342287415266037,0.9570075869560242,1.0162794589996338,1.1477586030960083,0.0232513677328825,0.16531994938850403,0.09180071204900742,0.2697581350803375,0.031065916642546654,0.04421292617917061,0.20384417474269867,0.06982939690351486,0.041740190237760544,0.03391953185200691,0.04621795937418938,0.21350418031215668,0.10992234945297241,0.09902530908584595,0.28362905979156494,0.15477272868156433,0.4650895297527313,0.19246815145015717,0.02316325716674328,0.028670623898506165,0.021190328523516655,0.02691006287932396,0.022925643250346184,0.03083973564207554,0.025007065385580063
27,15,3.21713968552649,0.9561574459075928,1.0164382457733154,1.1465970277786255,0.025609511882066727,0.12410685420036316,0.080414317548275,0.2265748232603073,0.02752341888844967,0.043220892548561096,0.2449219524860382,0.07065877318382263,0.03688312694430351,0.041174259036779404,0.03328845277428627,0.2152012288570404,0.11156220734119415,0.11485449224710464,0.28907790780067444,0.11254827678203583,0.40390917658805847,0.21615713834762573,0.024413887411355972,0.028004031628370285,0.02487560361623764,0.02597934566438198,0.023397892713546753,0.025435006245970726,0.02350856363773346
27,16,3.0714735340327026,0.9576235413551331,1.016261100769043,1.1458994150161743,0.024348923936486244,0.12374795228242874,0.07283014059066772,0.2708897590637207,0.02621474862098694,0.03641697019338608,0.22185391187667847,0.06116321682929993,0.04824179410934448,0.025061968713998795,0.0415986031293869,0.13077540695667267,0.10204793512821198,0.11600802838802338,0.11680445075035095,0.14197668433189392,0.5345726609230042,0.17003758251667023,0.021779218688607216,0.02677210420370102,0.022313814610242844,0.03101234883069992,0.02296440489590168,0.02557728812098503,0.032506804913282394
28,0,53.466939377784726,0.9554615020751953,1.0168070793151855,1.146030306816101,3.349660873413086,2.0402936935424805,1.32478666305542,1.6738895177841187,0.9331403970718384,3.0919225215911865,1.6034244298934937,1.472774624824524,3.203768491744995,2.654231071472168,2.0712671279907227,1.2591166496276855,2.8966028690338135,4.537323474884033,1.6605569124221802,3.6906466484069824,1.6454578638076782,2.0135748386383057,1.1723021268844604,1.5075827836990356,1.0949798822402954,1.384491205215454,1.9789509773254395,3.0592448711395264,1.5232890844345093
28,1,11.21649871133268,0.9605897665023804,1.017928957939148,1.1441807746887207,0.025577807798981667,2.034639596939087,0.057747796177864075,0.038621485233306885,0.12314413487911224,0.07686906307935715,0.09799860417842865,0.03555377572774887,0.04745979979634285,0.024476300925016403,0.06606245785951614,0.09404446929693222,1.7607477903366089,2.772528886795044,1.290371060371399,0.05972927808761597,0.6625157594680786,1.1029595136642456,0.027632439509034157,0.03142522647976875,0.027127986773848534,0.052894093096256256,0.02219049632549286,0.03380727395415306,0.02583371475338936
28,2,2.7463489927351477,0.9571065902709961,1.0161113739013672,1.1484344005584717,0.024290287867188454,0.06950438022613525,0.07906167209148407,0.07141126692295074,0.21887215971946716,0.07361547648906708,0.07364039868116379,0.14989173412322998,0.05076302960515022,0.020032711327075958,0.10381844639778137,0.14429718255996704,0.10325873643159866,0.3249894976615906,0.1728087067604065,0.0778786763548851,0.0855487734079361,0.06309393048286438,0.02913874387741089,0.03860009089112282,0.030085036531090736,0.038944944739341736,0.023231377825140953,0.029760921373963356,0.02548033744096756
28,3,2.685124786198139,0.9557283520698547,1.0161068439483643,1.1435593366622925,0.023010337725281715,0.25823071599006653,0.09126020222902298,0.1414104551076889,0.16424071788787842,0.12836724519729614,0.024708077311515808,0.050169963389635086,0.04219561442732811,0.02247895672917366,0.03429590165615082,0.20012708008289337,0.05505506694316864,0.10393868386745453,0.14242978394031525,0.13150709867477417,0.18205538392066956,0.07075566798448563,0.02121656760573387,0.024472350254654884,0.027236457914114,0.03591148555278778,0.031049201264977455,0.03139016404747963,0.024532699957489967
28,4,3.1767709743231536,0.9545772671699524,1.0143977403640747,1.1445053815841675,0.027758318930864334,0.27495476603507996,0.052594322711229324,0.06351856142282486,0.20492877066135406,0.1297803819179535,0.02464933879673481,0.03581704571843147,0.032363876700401306,0.023156825453042984,0.026079799979925156,0.23870569467544556,0.05799247696995735,0.5485666990280151,0.10339882969856262,0.39793476462364197,0.0930875688791275,0.03760692477226257,0.02277372218668461,0.02674543298780918,0.023145411163568497,0.03227958083152771,0.022534087300300598,0.027087772265076637,0.02661392278969288
28,5,2.9310959711670876,0.9535101056098938,1.0149478912353516,1.1446611881256104,0.022908195853233337,0.24132348597049713,0.05175458639860153,0.047659505158662796,0.24115979671478271,0.07499305158853531,0.025382572785019875,0.06774596124887466,0.03067324496805668,0.02192160114645958,0.02612907998263836,0.3128874897956848,0.07996327430009842,0.4675026834011078,0.2311718910932541,0.1145719587802887,0.0385754331946373,0.027263401076197624,0.024092523381114006,0.02303871512413025,0.02531905472278595,0.030566340312361717,0.02290337160229683,0.033070918172597885,0.02589399740099907
28,6,2.7897274140268564,0.9539897441864014,1.0149390697479248,1.142815113067627,0.027472635731101036,0.17835262417793274,0.0513414591550827,0.05364504083991051,0.2675424814224243,0.05735710635781288,0.03643575310707092,0.0804254487156868,0.027965132147073746,0.024447772651910782,0.021823585033416748,0.29319679737091064,0.08220277726650238,0.5059124231338501,0.1359768956899643,0.09499645978212357,0.0252405796200037,0.028354041278362274,0.02406369149684906,0.024133292958140373,0.02299107238650322,0.029149670153856277,0.02322251722216606,0.027751609683036804,0.023377761244773865
28,7,2.791615867242217,0.9563895463943481,1.0168671607971191,1.1445486545562744,0.02360473945736885,0.16409516334533691,0.06618981063365936,0.054613448679447174,0.32905906438827515,0.05558052659034729,0.039199262857437134,0.10126876831054688,0.06271093338727951,0.02299502119421959,0.021970106288790703,0.2795962691307068,0.08917960524559021,0.329734206199646,0.06424000859260559,0.09575695544481277,0.13427641987800598,0.0495101697742939,0.03020058572292328,0.02222060039639473,0.02814466878771782,0.028976742178201675,0.021707121282815933,0.03093918040394783,0.02228541672229767
28,8,2.84650729522109,0.9570451974868774,1.0161728858947754,1.1455153226852417,0.026132289320230484,0.18518337607383728,0.07226961851119995,0.03618244454264641,0.41820916533470154,0.043091434985399246,0.038388513028621674,0.08623621612787247,0.09665419161319733,0.022316254675388336,0.02502230554819107,0.2001008242368698,0.12466737627983093,0.3295629322528839,0.07595465332269669,0.0941099300980568,0.033905282616615295,0.12408004701137543,0.029718289151787758,0.02415296994149685,0.029793590307235718,0.03138500452041626,0.018856041133403778,0.032861996442079544,0.023925866931676865
28,9,3.0744838580489158,0.9577861428260803,1.0165492296218872,1.1458841562271118,0.02533937804400921,0.19073466956615448,0.05980759859085083,0.03091898001730442,0.8202074766159058,0.040933918207883835,0.04514208436012268,0.10989964753389359,0.12027677893638611,0.02229686826467514,0.024685008451342583,0.03187217190861702,0.08846297860145569,0.30387717485427856,0.06259622424840927,0.08252474665641785,0.04271529242396355,0.14226824045181274,0.03590359166264534,0.023113105446100235,0.03700146824121475,0.03290988877415657,0.02310132049024105,0.031268857419490814,0.022582482546567917
29,0,52.56531338691711,0.9554615020751953,1.0168070793151855,1.146030306816101,3.5250940322875977,1.5126301050186157,1.4999949932098389,0.9236761927604675,1.0612919330596924,3.0403811931610107,1.9629474878311157,1.688099980354309,3.178786516189575,1.8217971324920654,2.4579694271087646,1.4441643953323364,2.351559638977051,3.610391855239868,1.2674685716629028,4.045607566833496,2.2091598510742188,1.9300059080123901,1.2081968784332275,0.9668188691139221,1.3087931871414185,1.5022841691970825,2.4052505493164062,4.007992744445801,1.011290431022644
29,1,8.084319630637765,0.9534699320793152,1.0168887376785278,1.1430270671844482,0.03215976059436798,0.28933483362197876,0.06461866945028305,0.032185621559619904,0.02445291541516781,0.06784488260746002,0.0826629102230072,0.04521733894944191,0.0687495619058609,0.03142132982611656,2.602992057800293,0.22621622681617737,0.18099050223827362,1.665468692779541,1.3696708679199219,0.08355625718832016,0.07070066779851913,0.2773383855819702,0.03251487761735916,0.040072403848171234,0.038080647587776184,0.035274799913167953,0.028833793476223946,0.040904462337493896,0.030380016192793846
29,2,8.233147354051471,0.9520858526229858,1.0167187452316284,1.1432101726531982,0.04431816190481186,0.33983901143074036,0.05059674009680748,0.08823826164007187,0.054093506187200546,0.0539712980389595,0.06683538854122162,0.48807504773139954,0.04985371232032776,0.03361684828996658,0.12375494837760925,0.38245484232902527,0.29543134570121765,1.594292402267456,2.6715786457061768,0.6743931770324707,0.35685908794403076,0.03894982114434242,0.025560704991221428,0.03797287121415138,0.02519483119249344,0.02841947227716446,0.027208643034100533,0.0271481741219759,0.032087456434965134
29,3,5.40959529876709,0.9538799524307251,1.0182594060897827,1.1472240686416626,0.041328027844429016,0.03805289417505264,0.07155714184045792,0.1167994812130928,0.059101056307554245,0.06145975738763809,0.11589769273996353,0.06926221400499344,0.057773083448410034,0.02785930037498474,0.17460621893405914,0.2228037714958191,0.36394351720809937,0.24971161782741547,1.6986517906188965,0.4013919234275818,0.28345853090286255,0.5221214890480042,0.02722223661839962,0.04224897921085358,0.02447265200316906,0.03698548302054405,0.02175695262849331,0.02898349240422249,0.028273308649659157
29,4,5.775011465698481,0.9547821879386902,1.0204194784164429,1.1446408033370972,0.023888254538178444,0.08914712071418762,0.10548467189073563,0.1478276252746582,0.06447073072195053,0.04061230272054672,0.18626199662685394,0.07525704801082611,0.05572737753391266,0.02557152509689331,0.15410737693309784,0.10313142091035843,0.3794185221195221,0.11784347891807556,2.0132486820220947,0.19987118244171143,0.23135687410831451,0.9295473694801331,0.026518652215600014,0.044112540781497955,0.028800370171666145,0.02925313077867031,0.02556946687400341,0.029190808534622192,0.024824442341923714
29,5,3.756553133204579,0.9543129205703735,1.0155531167984009,1.1465433835983276,0.026629997417330742,0.11418513208627701,0.09083226323127747,0.10933474451303482,0.05078509449958801,0.051243457943201065,0.2417507916688919,0.030789440497756004,0.036188188940286636,0.024915918707847595,0.11702302098274231,0.050961874425411224,0.12007613480091095,0.08466912806034088,0.7304754853248596,0.20805294811725616,0.18998312950134277,0.6591982841491699,0.02391302026808262,0.024626506492495537,0.0276082344353199,0.0362231619656086,0.025625716894865036,0.03402206301689148,0.024157511070370674
29,6,3.2064399257302285,0.9531583189964294,1.0145522356033325,1.1485259532928467,0.02634364180266857,0.150406613945961,0.09498358517885208,0.11717667430639267,0.026634840294718742,0.05743169039487839,0.21296077966690063,0.03164741396903992,0.039972804486751556,0.024552665650844574,0.06910392642021179,0.045317843556404114,0.1860363781452179,0.0762079656124115,0.12031347304582596,0.13151289522647858,0.2528532147407532,0.7349437475204468,0.02476356364786625,0.025912778452038765,0.02638692781329155,0.025966079905629158,0.021930061280727386,0.03831290081143379,0.021520158275961876
29,7,3.031808749213815,0.9527320265769958,1.014687180519104,1.1496201753616333,0.023270754143595695,0.1665000021457672,0.08767742663621902,0.21020916104316711,0.02603667415678501,0.06715920567512512,0.3344532251358032,0.0327368825674057,0.03451886400580406,0.028400128707289696,0.09201974421739578,0.07855521887540817,0.19266510009765625,0.07646872103214264,0.09438687562942505,0.15482686460018158,0.30718743801116943,0.214710533618927,0.029218895360827446,0.02428452856838703,0.027140140533447266,0.027682647109031677,0.025542311370372772,0.03067825548350811,0.022071273997426033
29,8,2.998471224308014,0.9527239799499512,1.0149112939834595,1.148906946182251,0.02595706284046173,0.1628194898366928,0.09947843104600906,0.25153976678848267,0.026170631870627403,0.06763792783021927,0.14858712255954742,0.02857922948896885,0.03806097432971001,0.024493500590324402,0.08824540674686432,0.10579083114862442,0.15933597087860107,0.08877130597829819,0.13220420479774475,0.14778828620910645,0.35950353741645813,0.22848565876483917,0.03375954180955887,0.0229599978774786,0.02942694164812565,0.02577572502195835,0.021252693608403206,0.0353468582034111,0.023191682994365692
29,9,3.187456167861819,0.953006386756897,1.0147420167922974,1.1480231285095215,0.026564601808786392,0.11223174631595612,0.06591524928808212,0.444546639919281,0.024431513622403145,0.07655612379312515,0.13496828079223633,0.023643074557185173,0.031134942546486855,0.027298234403133392,0.08890529721975327,0.08452847599983215,0.14265449345111847,0.09131013602018356,0.1639190912246704,0.15935014188289642,0.4857924282550812,0.18966025114059448,0.03320237621665001,0.025377940386533737,0.02459268644452095,0.026057438924908638,0.02264643833041191,0.03320641815662384,0.02580784074962139
29,10,2.7120125386863947,0.9563215374946594,1.0148199796676636,1.1466805934906006,0.024746662005782127,0.1521923691034317,0.042678091675043106,0.3178727924823761,0.02812608703970909,0.0690528079867363,0.03381946310400963,0.021459855139255524,0.052475251257419586,0.02516620047390461,0.12589006125926971,0.12103619426488876,0.17781144380569458,0.07271188497543335,0.199970081448555,0.10381902009248734,0.10495422035455704,0.21879979968070984,0.03300559148192406,0.025931179523468018,0.028307195752859116,0.027458293363451958,0.021050458773970604,0.03579535335302353,0.024317758157849312
29,11,2.8035034209489824,0.9560136795043945,1.0151610374450684,1.1452723741531372,0.021224461495876312,0.1646994650363922,0.05564185231924057,0.3990577459335327,0.028685903176665306,0.0742259994149208,0.03736387565732002,0.024344367906451225,0.05276722088456154,0.031586118042469025,0.08006320148706436,0.13383352756500244,0.12447106093168259,0.08494444936513901,0.17360128462314606,0.18399235606193542,0.16761192679405212,0.15720710158348083,0.023290004581212997,0.02333708480000496,0.025173116475343704,0.029888063669204712,0.021925846114754677,0.03643704205751419,0.024840926751494408
29,12,2.8095068696886303,0.9556042551994324,1.014684796333313,1.1449799537658691,0.024670403450727463,0.14538636803627014,0.053792908787727356,0.4454650282859802,0.026107139885425568,0.06276965886354446,0.03566164895892143,0.0252675823867321,0.05264341086149216,0.026367001235485077,0.09888322651386261,0.09719979763031006,0.11375685036182404,0.12336425483226776,0.17077499628067017,0.17683586478233337,0.1624346375465393,0.1505318135023117,0.024174649268388748,0.028994187712669373,0.024417443200945854,0.026873234659433365,0.02418682351708412,0.042081043124198914,0.023813094943761826
29,13,2.706268056854606,0.9552162289619446,1.0150970220565796,1.1439845561981201,0.025189468637108803,0.13730591535568237,0.05806504189968109,0.3620576858520508,0.02816285751760006,0.06123907491564751,0.03637443855404854,0.026530632749199867,0.025459466502070427,0.022280052304267883,0.03955593705177307,0.12244942784309387,0.1000281497836113,0.09183977544307709,0.14435313642024994,0.17853714525699615,0.32467249035835266,0.1177770346403122,0.02598896063864231,0.022264136001467705,0.027454998344182968,0.026770584285259247,0.02494356408715248,0.0298541821539402,0.024254338815808296
29,14,2.3042010717093944,0.9551680088043213,1.0151879787445068,1.143760323524475,0.024994608014822006,0.06613576412200928,0.046776581555604935,0.24697232246398926,0.026801858097314835,0.05165493115782738,0.045439716428518295,0.024035461246967316,0.02658555842936039,0.0226081945002079,0.03955096751451492,0.08778019994497299,0.0919741615653038,0.1779472529888153,0.13336342573165894,0.14921796321868896,0.16380463540554047,0.06788169592618942,0.027248874306678772,0.024533558636903763,0.02974572964012623,0.029203740879893303,0.024227267131209373,0.030925756320357323,0.021967584267258644
29,15,2.3419358607381584,0.9550095200538635,1.015147089958191,1.1439483165740967,0.02271822839975357,0.08376674354076385,0.043097514659166336,0.31298381090164185,0.03660450503230095,0.052047811448574066,0.04490107670426369,0.025884153321385384,0.02715514414012432,0.023653442040085793,0.04146011918783188,0.12372174113988876,0.09302902966737747,0.19723527133464813,0.12049592286348343,0.08465968817472458,0.06413524597883224,0.13815677165985107,0.024513931944966316,0.022596530616283417,0.028603335842490196,0.03061913326382637,0.021434780210256577,0.032270196825265884,0.02337074652314186
29,16,2.115130165219307,0.9550533294677734,1.014893651008606,1.1429760456085205,0.025299444794654846,0.0955224484205246,0.04536624625325203,0.35590073466300964,0.03470936045050621,0.04799879342317581,0.0397985503077507,0.023739272728562355,0.027041660621762276,0.02326149493455887,0.06407593190670013,0.05046532303094864,0.08505283296108246,0.07193570584058762,0.13368473947048187,0.08065155148506165,0.048242464661598206,0.06287261098623276,0.02792658656835556,0.022479405626654625,0.024863984435796738,0.02535737119615078,0.025004124268889427,0.028909403830766678,0.02238551713526249
29,17,2.1246074948459865,0.9549086689949036,1.0147572755813599,1.142488718032837,0.028279606252908707,0.11745394766330719,0.04893365874886513,0.3984981179237366,0.041987232863903046,0.059061456471681595,0.04253644496202469,0.023370329290628433,0.030017439275979996,0.025996144860982895,0.059783101081848145,0.07749425619840622,0.08514729887247086,0.07430490106344223,0.08465096354484558,0.0810597762465477,0.02394741214811802,0.027260039001703262,0.02500508539378643,0.01967489905655384,0.025859778746962547,0.025342458859086037,0.025308486074209213,0.030520124360919,0.02068360336124897
29,18,2.201630874723196,0.9545794725418091,1.0146998167037964,1.1422336101531982,0.02737840637564659,0.12778934836387634,0.04371720924973488,0.5340198874473572,0.03881987929344177,0.05386747047305107,0.042419835925102234,0.02166811190545559,0.028500240296125412,0.023095130920410156,0.06192755326628685,0.029362009838223457,0.08639990538358688,0.06844977289438248,0.09013297408819199,0.08026888221502304,0.023008495569229126,0.025928929448127747,0.02232951670885086,0.02160259708762169,0.028128091245889664,0.02583901956677437,0.02157699689269066,0.031144119799137115,0.02195391058921814
29,19,2.1989416938275097,0.9541618227958679,1.0150413513183594,1.1424554586410522,0.026951229199767113,0.132736936211586,0.04499237239360809,0.5035249590873718,0.04030897468328476,0.04391060769557953,0.0486372634768486,0.02305527776479721,0.034772779792547226,0.022798912599682808,0.0717017725110054,0.03217865899205208,0.11162694543600082,0.06651248782873154,0.07831929624080658,0.07117506116628647,0.0262433011084795,0.025850404053926468,0.02258082665503025,0.024209758266806602,0.025381872430443764,0.02537909708917141,0.024830425158143044,0.0290458332747221,0.01988491415977478
29,20,2.042007851228118,0.954181969165802,1.0151833295822144,1.1423876285552979,0.02245536632835865,0.1016557514667511,0.028760720044374466,0.4229547679424286,0.037558022886514664,0.06344681978225708,0.05087408423423767,0.0226435586810112,0.03160124644637108,0.02136341668665409,0.07095751911401749,0.027690989896655083,0.1036757305264473,0.06891583651304245,0.06880275160074234,0.05703725293278694,0.025316549465060234,0.024411329999566078,0.022071972489356995,0.02558681182563305,0.021506790071725845,0.024142395704984665,0.023209694772958755,0.029758231714367867,0.023259654641151428
29,21,1.899981340393424,0.9539875388145447,1.0151530504226685,1.1428337097167969,0.022196674719452858,0.09893432259559631,0.022189125418663025,0.386482834815979,0.0375371016561985,0.03692261129617691,0.027384426444768906,0.02585858665406704,0.03208709508180618,0.023344174027442932,0.048814233392477036,0.02351061999797821,0.10349541902542114,0.042546845972537994,0.07999074459075928,0.053721990436315536,0.025969645008444786,0.022781195119023323,0.02248869650065899,0.02232803776860237,0.02230897732079029,0.02118956670165062,0.022855030372738838,0.02980884350836277,0.022839682176709175
29,22,1.6619040358811616,0.9535589814186096,1.015047311782837,1.1434279680252075,0.02311757579445839,0.0887157991528511,0.026169897988438606,0.13095895946025848,0.04498143494129181,0.0330171212553978,0.032964836806058884,0.035706114023923874,0.030714603140950203,0.024412158876657486,0.04898396506905556,0.025957534089684486,0.09285562485456467,0.03832053020596504,0.09234057366847992,0.06364148110151291,0.02290991321206093,0.02357003651559353,0.02121577225625515,0.02036423236131668,0.022976091131567955,0.023926490917801857,0.020992882549762726,0.02719026431441307,0.023493289947509766
29,23,1.6864314392209052,0.9538116455078125,1.0150816440582275,1.1427661180496216,0.022509543225169182,0.10112818330526352,0.025618763640522957,0.11753033101558685,0.04494576156139374,0.0357515886425972,0.04385746270418167,0.029979737475514412,0.033624958246946335,0.020797252655029297,0.059250738471746445,0.024250254034996033,0.09866437315940857,0.03735547140240669,0.09163746982812881,0.05765316262841225,0.026160990819334984,0.022085392847657204,0.023226335644721985,0.023332977667450905,0.022975219413638115,0.027660468593239784,0.02410741150379181,0.02781413495540619,0.022181574255228043
29,24,1.6247544396668672,0.9536697864532471,1.0149601697921753,1.1427212953567505,0.0237803403288126,0.07596410065889359,0.024370936676859856,0.12150128185749054,0.0465332567691803,0.03238314017653465,0.030532874166965485,0.024008797481656075,0.03257998824119568,0.02350844442844391,0.052413519471883774,0.027101416140794754,0.10971467196941376,0.04242580756545067,0.0787229984998703,0.05115649849176407,0.021527061238884926,0.02210785634815693,0.023724133148789406,0.02226482704281807,0.0209340900182724,0.02557290717959404,0.021279288455843925,0.028014879673719406,0.020361073315143585
30,0,52.60430827140808,0.9582157731056213,1.0262044668197632,1.145961880683899,2.558018207550049,2.3592216968536377,1.423362374305725,0.9768254160881042,1.1337974071502686,2.700814962387085,1.935211181640625,1.1621536016464233,2.732628345489502,1.8039449453353882,2.4027822017669678,1.426059365272522,2.94460391998291,4.798559188842773,1.7239142656326294,4.28845739364624,2.579465627670288,0.9679098725318909,1.3439692258834839,0.8180304169654846,1.1899062395095825,1.6514289379119873,2.147952079772949,3.6745097637176514,1.2347052097320557
30,1,12.358242759853601,0.9582157731056213,1.01663076877594,1.1416242122650146,1.7242604494094849,0.32513928413391113,0.21574918925762177,0.22409960627555847,0.024705898016691208,0.5979884266853333,0.11245127767324448,0.21117395162582397,0.24253691732883453,0.239553302526474,0.032251548022031784,0.07879532128572464,0.9229751229286194,0.3480882942676544,0.6517283916473389,0.488080769777298,0.07532517611980438,0.2135104387998581,2.8108747005462646,0.08597128093242645,0.09253514558076859,0.5002545118331909,0.029562175273895264,1.4500432014465332,0.03729422762989998
30,2,5.669431510195136,0.9756045937538147,1.014769434928894,1.147169828414917,1.6559009552001953,0.05396160110831261,0.08366746455430984,0.13300582766532898,0.04602523893117905,0.08534090965986252,0.06535133719444275,0.06203324720263481,0.08151335269212723,0.02775830402970314,0.026232274249196053,0.3094603419303894,0.2463754564523697,0.23399338126182556,0.6881521344184875,0.045541632920503616,0.2430085390806198,0.6596847772598267,0.02960936725139618,0.06299256533384323,0.03677244111895561,0.03366459161043167,0.035347528755664825,0.04363705590367317,0.05289241299033165
30,3,6.210172001644969,0.9665257930755615,1.0145736932754517,1.145223617553711,1.6536859273910522,0.14783090353012085,0.1812945008277893,0.11770835518836975,0.06272365152835846,0.07645397633314133,0.10364147275686264,0.05203602463006973,0.09550140053033829,0.027627408504486084,0.05198635160923004,0.7188429236412048,0.21518029272556305,0.14280204474925995,0.3757511079311371,0.04143422469496727,0.26215660572052,0.9578988552093506,0.02728542871773243,0.090033158659935,0.06343883275985718,0.03590521216392517,0.03140325844287872,0.02975204773247242,0.022533414885401726
30,4,5.054708975180984,0.9594292044639587,1.0155681371688843,1.147451639175415,0.033527880907058716,0.21601757407188416,0.5025102496147156,0.10928674787282944,0.04089020937681198,0.05738891661167145,0.11476071178913116,0.06359122693538666,0.04722331091761589,0.03706211969256401,0.03389284759759903,0.3710569739341736,0.29377061128616333,0.13009870052337646,0.1575583517551422,0.6758214831352234,0.31038373708724976,0.9111889600753784,0.02446182258427143,0.15407785773277283,0.031382448971271515,0.033044490963220596,0.02767006866633892,0.027907440438866615,0.025644436478614807
30,5,5.425482401996851,0.9553825259208679,1.0156092643737793,1.144250512123108,0.026983171701431274,0.3227245509624481,0.5100783109664917,0.04385009780526161,0.03905497118830681,0.05513694882392883,0.07616806030273438,0.03479868918657303,0.05517102777957916,0.027982352301478386,0.03750969097018242,0.3000781238079071,0.33822745084762573,0.11493723839521408,0.13537244498729706,0.8621155619621277,0.4088698625564575,1.0764349699020386,0.022153215482831,0.17798639833927155,0.031684596091508865,0.03206246346235275,0.023652462288737297,0.026638491079211235,0.022762790322303772
30,6,4.986653495579958,0.9578260183334351,1.0158745050430298,1.1478245258331299,0.023685749620199203,0.3633043169975281,0.47990912199020386,0.04968894645571709,0.04677576944231987,0.056355949491262436,0.062154971063137054,0.04033830389380455,0.0399257130920887,0.0255894735455513,0.03260509669780731,0.17692233622074127,0.47730985283851624,0.11029621213674545,0.07235575467348099,0.6117322444915771,0.36954987049102783,1.0114539861679077,0.02541465125977993,0.15831048786640167,0.029169132933020592,0.027601730078458786,0.023245101794600487,0.024865079671144485,0.023788632825016975
30,7,4.661073068529367,0.9562581777572632,1.0180907249450684,1.149061918258667,0.023766502737998962,0.2526320815086365,0.3185386657714844,0.04572679474949837,0.02573988400399685,0.048190560191869736,0.06333708018064499,0.08219724148511887,0.037987783551216125,0.0328335240483284,0.032356102019548416,0.07521224766969681,0.21312154829502106,0.1006777286529541,0.11648751050233841,1.2905322313308716,0.5375051498413086,0.4989316761493683,0.05404620245099068,0.04594171792268753,0.03941535949707031,0.0292222797870636,0.022744573652744293,0.025148142129182816,0.024098316207528114
30,8,4.297670194134116,0.9566341638565063,1.0198408365249634,1.1481056213378906,0.022267738357186317,0.281549334526062,0.3108074367046356,0.056671142578125,0.02500748820602894,0.06745856255292892,0.05601733177900314,0.07080494612455368,0.05018908530473709,0.025484750047326088,0.03979206085205078,0.0662885308265686,0.15827839076519012,0.07872957736253738,0.045021552592515945,1.938156247138977,0.10064533352851868,0.07951125502586365,0.031789883971214294,0.028228215873241425,0.039977967739105225,0.0249274130910635,0.02365739457309246,0.0282458383589983,0.02324659191071987
30,9,4.466248215734959,0.9551112055778503,1.020379662513733,1.1476552486419678,0.028629129752516747,0.26726141571998596,0.05571351945400238,0.04510030522942543,0.020225467160344124,0.05256223306059837,0.02091209404170513,0.04462698847055435,0.060025688260793686,0.027472149580717087,0.026844235137104988,0.04522230848670006,0.19273394346237183,0.050722431391477585,0.034317824989557266,2.4981179237365723,0.10174469649791718,0.0718454122543335,0.03155466541647911,0.027131471782922745,0.03756607696413994,0.024529311805963516,0.023144135251641273,0.028067484498023987,0.02554807998239994
30,10,3.903075658529997,0.9563329815864563,1.0200456380844116,1.1468678712844849,0.02662593312561512,0.24794045090675354,0.0844011902809143,0.029031584039330482,0.02679167315363884,0.0550309456884861,0.02193448320031166,0.049540843814611435,0.0424758680164814,0.028406336903572083,0.030483640730381012,0.07468166947364807,0.23921068012714386,0.05417727679014206,0.04792365804314613,1.8336191177368164,0.1290941685438156,0.06427697092294693,0.0256996750831604,0.023859206587076187,0.03501831367611885,0.03009343333542347,0.027073489502072334,0.026468811556696892,0.02456693910062313
30,11,1.896420044451952,0.9561455249786377,1.0206329822540283,1.1463005542755127,0.0224665068089962,0.2092089205980301,0.09551297873258591,0.030011318624019623,0.032581623643636703,0.04947308078408241,0.02314288355410099,0.05804109200835228,0.0394270159304142,0.02229057252407074,0.0333503857254982,0.08868754655122757,0.12694010138511658,0.08141591399908066,0.04146832600235939,0.046287618577480316,0.02246379666030407,0.06196486949920654,0.025707123801112175,0.024628978222608566,0.03360574319958687,0.025175079703330994,0.025871533900499344,0.028033945709466934,0.024047276005148888
30,12,1.8360129676759245,0.9554126262664795,1.0206092596054077,1.1462044715881348,0.02574319764971733,0.18211019039154053,0.08849610388278961,0.044021617621183395,0.028752218931913376,0.05284304544329643,0.022722026333212852,0.05524967238306999,0.04565633833408356,0.02443862520158291,0.03005301207304001,0.039533596485853195,0.1453874707221985,0.08036945015192032,0.045170873403549194,0.05089685693383217,0.02618878334760666,0.051936112344264984,0.02178393118083477,0.02466782182455063,0.02131868712604046,0.02798982337117195,0.0236892718821764,0.02859114110469818,0.02395782805979252
30,13,1.6838959466665984,0.9552208185195923,1.0199886560440063,1.1469470262527466,0.025174163281917572,0.0357956700026989,0.03399385139346123,0.07858895510435104,0.02342340536415577,0.0473845973610878,0.02251158282160759,0.06766847521066666,0.04948491230607033,0.026536589488387108,0.023545246571302414,0.045650023967027664,0.16054368019104004,0.07856016606092453,0.037817563861608505,0.04649769514799118,0.023279817774891853,0.06246882677078247,0.025329701602458954,0.024902468547225,0.025050422176718712,0.02521432936191559,0.021810458973050117,0.025534819811582565,0.022697223350405693
30,14,1.7034648761153222,0.955405056476593,1.0196858644485474,1.1466134786605835,0.019710920751094818,0.03847279027104378,0.03365226089954376,0.09059801697731018,0.022437889128923416,0.04335302859544754,0.022193249315023422,0.0753345787525177,0.04910150170326233,0.0271650068461895,0.021313684061169624,0.037788692861795425,0.16954545676708221,0.07934297621250153,0.043538421392440796,0.04772542789578438,0.02426890842616558,0.05655640363693237,0.022642236202955246,0.023746885359287262,0.021591510623693466,0.02776595763862133,0.0241120345890522,0.03009858727455139,0.02706757001578808
30,15,1.6065426144748927,0.9560773968696594,1.0194276571273804,1.147963047027588,0.02320767566561699,0.05789278820157051,0.03462759032845497,0.06547334790229797,0.021595418453216553,0.04461018368601799,0.021493084728717804,0.047766443341970444,0.038091376423835754,0.022999484091997147,0.021542591974139214,0.03375836834311485,0.14724160730838776,0.06937483698129654,0.04281821474432945,0.040323469787836075,0.023583825677633286,0.06041867658495903,0.01974564604461193,0.022652143612504005,0.022913550958037376,0.024324873462319374,0.022681085392832756,0.03000950627028942,0.022703204303979874
30,16,1.6889981977641582,0.9560798406600952,1.019372820854187,1.1470321416854858,0.02394302934408188,0.050580285489559174,0.03942178562283516,0.05518899857997894,0.02165118232369423,0.045683685690164566,0.022890962660312653,0.06236482784152031,0.03693174943327904,0.022406700998544693,0.0264891404658556,0.08361269533634186,0.15423691272735596,0.07759281992912292,0.05035396292805672,0.046313345432281494,0.025888651609420776,0.05749434605240822,0.02056385762989521,0.021518616005778313,0.020765839144587517,0.025881584733724594,0.024444544687867165,0.02649591490626335,0.0217857975512743
30,17,1.7079796884208918,0.955504298210144,1.0190558433532715,1.1467914581298828,0.024542730301618576,0.037656351923942566,0.03927939757704735,0.06677740812301636,0.023808026686310768,0.051418550312519073,0.022400476038455963,0.05653486028313637,0.03622850403189659,0.023880481719970703,0.022813569754362106,0.06950191408395767,0.1656818389892578,0.07914409786462784,0.05715842917561531,0.05015600472688675,0.02134040743112564,0.06409750878810883,0.0240301713347435,0.021959420293569565,0.02616094797849655,0.025037147104740143,0.02414810098707676,0.02577533945441246,0.024177683517336845
30,18,1.7409690625965597,0.955672025680542,1.0190247297286987,1.1469335556030273,0.022060053423047066,0.037240076810121536,0.030263645574450493,0.06834670156240463,0.023695122450590134,0.04816056042909622,0.020624684169888496,0.06518170237541199,0.03636041283607483,0.024583615362644196,0.019301140680909157,0.05924651399254799,0.20216821134090424,0.10508304089307785,0.05496663227677345,0.05067380517721176,0.02473408728837967,0.06199263036251068,0.02385382354259491,0.022780492901802063,0.022306134924292564,0.023350585252046585,0.023220311850309372,0.02262447588145733,0.0238245390355587
30,19,1.6549169421195984,0.9558584094047546,1.0192773342132568,1.1474589109420776,0.02303512580692768,0.029195468872785568,0.029751209542155266,0.053281478583812714,0.02245943434536457,0.04282533749938011,0.026229700073599815,0.03333447128534317,0.03347187861800194,0.022876139730215073,0.021864181384444237,0.07557680457830429,0.1483088731765747,0.11011361330747604,0.05385050177574158,0.06439147889614105,0.023020649328827858,0.050979990512132645,0.02329430542886257,0.0223422572016716,0.022785300388932228,0.02795778214931488,0.024364979937672615,0.021640487015247345,0.02344656176865101
30,20,1.6860184479504823,0.956123411655426,1.019094467163086,1.1475920677185059,0.024844134226441383,0.036880940198898315,0.03579931706190109,0.05073288083076477,0.02434847690165043,0.044609129428863525,0.022716600447893143,0.037033192813396454,0.03741244599223137,0.02446816861629486,0.023081526160240173,0.0732356533408165,0.12667621672153473,0.1255243420600891,0.057618025690317154,0.06475333124399185,0.023158539086580276,0.05885901674628258,0.021449001505970955,0.020258087664842606,0.022237000986933708,0.027481485158205032,0.02504587359726429,0.026901891455054283,0.026331180706620216
30,21,1.7159231286495924,0.9559158086776733,1.0188714265823364,1.1477534770965576,0.02720903605222702,0.03513041511178017,0.032538507133722305,0.05807410180568695,0.02245163358747959,0.04682295396924019,0.02424488216638565,0.03933250904083252,0.03499370813369751,0.024348942562937737,0.02335192635655403,0.059958990663290024,0.15257801115512848,0.133158877491951,0.054915931075811386,0.07453787326812744,0.02254621684551239,0.0551687628030777,0.021925032138824463,0.023463264107704163,0.024329135194420815,0.025074293836951256,0.025222521275281906,0.02537265047430992,0.024664809927344322
31,0,51.46058582067489,0.9554615020751953,1.0168070793151855,1.146030306816101,2.751894474029541,2.0614941120147705,1.787074327468872,0.7743785381317139,0.8638710379600525,2.609351634979248,2.3890655040740967,1.8560463190078735,3.1600382328033447,1.8317410945892334,2.3186302185058594,1.4768996238708496,2.6740410327911377,4.685014724731445,1.4354225397109985,3.5827786922454834,1.813199758529663,1.1675150394439697,0.8699600696563721,1.1267262697219849,1.0108375549316406,1.5279520750045776,1.5999255180358887,3.6954569816589355,1.7676106691360474
31,1,7.646119144931435,0.9809309840202332,1.033170461654663,1.1412312984466553,2.7524101734161377,0.03163444623351097,0.03592068329453468,0.0934746265411377,0.030073240399360657,0.5375567078590393,0.035470061004161835,0.24445508420467377,1.1353107690811157,0.023595942184329033,0.04406362026929855,0.12182379513978958,0.15886124968528748,0.3402630686759949,0.42204833030700684,0.187140092253685,0.449345201253891,0.04874557629227638,0.0335024893283844,0.045230966061353683,0.06115151569247246,0.03109072521328926,0.049067866057157516,0.04159338399767876,0.06122298166155815
31,2,9.90599705055356,0.9889920949935913,1.0437567234039307,1.140182375907898,2.9385759830474854,0.0987049862742424,0.11572625488042831,0.2883933186531067,0.057677850127220154,0.2856001555919647,0.06154531240463257,0.2656940817832947,1.374588131904602,0.04039551317691803,0.04754522442817688,0.0770016759634018,0.9311217069625854,0.11486748605966568,1.4662978649139404,0.33890098333358765,0.33484265208244324,0.10497695952653885,0.03133097663521767,0.08153652399778366,0.08708272129297256,0.033784475177526474,0.02733461931347847,0.030538681894540787,0.037346672266721725
31,3,6.878937079012394,0.9721007347106934,1.027141809463501,1.1426540613174438,0.027805915102362633,0.023292962461709976,0.2029677778482437,0.2920968234539032,0.06246239319443703,0.055315811187028885,0.02294708788394928,0.14022517204284668,0.05508185550570488,0.06156231835484505,0.04335590451955795,0.254673033952713,1.0726292133331299,0.12213556468486786,2.2941012382507324,0.4300646185874939,0.5940679907798767,0.06741288304328918,0.1041836366057396,0.10060788691043854,0.09700630605220795,0.03611115366220474,0.029761048033833504,0.031492680311203,0.02919648215174675
31,4,6.545025995001197,0.9623220562934875,1.0202040672302246,1.1434028148651123,0.028438318520784378,0.0336121991276741,0.40184637904167175,0.22937294840812683,0.08289796113967896,0.0603809729218483,0.033816926181316376,0.14412900805473328,0.06827181577682495,0.039164748042821884,0.056902505457401276,0.08803356438875198,0.8611198663711548,0.11843453347682953,2.061323881149292,0.3793342411518097,0.8712942600250244,0.07328270375728607,0.05038324370980263,0.0950528085231781,0.03463856875896454,0.032725345343351364,0.02436007373034954,0.02877192199230194,0.022251412272453308
31,5,7.254350129887461,0.9608450531959534,1.019479751586914,1.1433086395263672,0.03217126801609993,0.04934413731098175,0.4843038022518158,0.2639220952987671,0.0477609857916832,0.05534391850233078,0.19299553334712982,0.21708834171295166,0.05651012435555458,0.03569097816944122,0.17462243139743805,0.08807917684316635,0.9153083562850952,0.12679052352905273,2.6761937141418457,0.22644366323947906,0.3867664039134979,0.31133952736854553,0.05232708901166916,0.0920252650976181,0.036935098469257355,0.03456992283463478,0.025320814922451973,0.025036564096808434,0.02273370511829853
31,6,7.2215392455458645,0.956098735332489,1.0188170671463013,1.1427836418151855,0.03589577227830887,0.04336943104863167,0.23981909453868866,0.09416380524635315,0.04327172413468361,0.049518316984176636,0.22233323752880096,0.3103915750980377,0.05753986909985542,0.03497467562556267,0.26994675397872925,0.12483779340982437,1.0123733282089233,0.10981881618499756,2.813805341720581,0.0732581838965416,0.34360435605049133,0.41419026255607605,0.043242018669843674,0.11534342169761658,0.04396151751279831,0.032103072851896286,0.02236511930823326,0.027049412950873375,0.02082245610654354
31,7,5.562747244536877,0.9543420672416687,1.016158938407898,1.145310401916504,0.034352123737335205,0.04200788587331772,0.1435474008321762,0.09783683717250824,0.029183760285377502,0.05118056386709213,0.14719872176647186,0.33165013790130615,0.04518967494368553,0.03592212498188019,0.27732402086257935,0.1202307790517807,0.5664049386978149,0.08001240342855453,1.5747880935668945,0.10488037019968033,0.40031689405441284,0.5635790824890137,0.04791930690407753,0.11066115647554398,0.026897147297859192,0.03453647717833519,0.022045427933335304,0.02829907089471817,0.023620562627911568
31,8,5.378628322854638,0.9537039995193481,1.0158579349517822,1.1464967727661133,0.05139812082052231,0.04350173473358154,0.20330923795700073,0.07815615832805634,0.030023742467164993,0.0417858250439167,0.15929612517356873,0.41463276743888855,0.041903018951416016,0.029169537127017975,0.294656366109848,0.12382298707962036,0.5146332383155823,0.08380546420812607,1.8492499589920044,0.12490088492631912,0.15111654996871948,0.24265311658382416,0.03709924593567848,0.1126885637640953,0.022466355934739113,0.033232174813747406,0.022511932998895645,0.026709625497460365,0.022693848237395287
31,9,4.744567518308759,0.9537592530250549,1.0158717632293701,1.1463805437088013,0.03790875896811485,0.05462751165032387,0.07754992693662643,0.07670348882675171,0.03630157187581062,0.04405326768755913,0.1372208297252655,0.355386883020401,0.033397477120161057,0.028816429898142815,0.2761916518211365,0.22974731028079987,0.48782989382743835,0.1900220662355423,1.3764011859893799,0.14952199161052704,0.13947011530399323,0.12384045124053955,0.036322567611932755,0.10017699003219604,0.024115027859807014,0.03109024465084076,0.024887606501579285,0.029143040999770164,0.02063891664147377
31,10,4.96634602099657,0.9535557627677917,1.0177812576293945,1.146745204925537,0.026813896372914314,0.026770951226353645,0.09925790131092072,0.08724021166563034,0.04062948375940323,0.0510215125977993,0.12389053404331207,0.08962380141019821,0.03300314396619797,0.027869127690792084,0.23470216989517212,0.23435787856578827,0.9300342202186584,0.08104154467582703,1.5813486576080322,0.1581423133611679,0.17282797396183014,0.07452172040939331,0.04124372825026512,0.09774044901132584,0.020318390801548958,0.03132874518632889,0.026456158608198166,0.031195541843771935,0.02134951949119568
31,11,4.337137601152063,0.9539401531219482,1.0178210735321045,1.1467595100402832,0.02583344653248787,0.03466342017054558,0.06933880597352982,0.0630243569612503,0.032973673194646835,0.06150205060839653,0.11440041661262512,0.10537342727184296,0.03808588534593582,0.027081072330474854,0.3303893804550171,0.17798654735088348,0.8403381109237671,0.09161314368247986,1.0617841482162476,0.13178931176662445,0.1764175444841385,0.053306110203266144,0.04115767031908035,0.10299048572778702,0.022281156852841377,0.03227674961090088,0.02226456068456173,0.029486611485481262,0.02707536704838276
31,12,4.704116420075297,0.953754723072052,1.0187615156173706,1.1471055746078491,0.025862880051136017,0.03800756856799126,0.07610385864973068,0.07424774765968323,0.02412564307451248,0.052491407841444016,0.07423080503940582,0.1087193563580513,0.05267714336514473,0.025767484679818153,0.052278753370046616,0.23194940388202667,0.9561631083488464,0.08048668503761292,1.4954180717468262,0.14408546686172485,0.16398924589157104,0.14215600490570068,0.03634408861398697,0.08434758335351944,0.02530648745596409,0.037946246564388275,0.022295041009783745,0.033836282789707184,0.02135569229722023
31,13,3.988124227523804,0.9538116455078125,1.0184197425842285,1.1477086544036865,0.021479733288288116,0.036842912435531616,0.03927560895681381,0.04194295033812523,0.029295822605490685,0.061841949820518494,0.03914828971028328,0.08933789283037186,0.049032680690288544,0.028195813298225403,0.07791762799024582,0.24083027243614197,0.7513391375541687,0.10594716668128967,1.0852097272872925,0.142449751496315,0.12167609483003616,0.10901902616024017,0.039582230150699615,0.1204678937792778,0.02224661223590374,0.039017271250486374,0.02241312526166439,0.026345759630203247,0.02328086830675602
31,14,3.8652824841439726,0.9536574482917786,1.0176115036010742,1.148080587387085,0.022153792902827263,0.043281540274620056,0.04251678287982941,0.04409613832831383,0.03063146024942398,0.05396336317062378,0.03906697779893875,0.0839996412396431,0.05447319522500038,0.02473045140504837,0.0733896940946579,0.15177865326404572,1.1313190460205078,0.08314168453216553,0.8682178258895874,0.06911733746528625,0.13714593648910522,0.1106148511171341,0.023350035771727562,0.025239119306206703,0.02389821596443653,0.030707351863384247,0.024215010926127434,0.027037693187594414,0.023326776921749115
31,15,3.955473367124796,0.9536495208740234,1.01776123046875,1.1486867666244507,0.023068148642778397,0.042116474360227585,0.046430688351392746,0.04888952523469925,0.030973197892308235,0.0506952740252018,0.04270555451512337,0.09204563498497009,0.05491502583026886,0.021914327517151833,0.09218722581863403,0.12088631093502045,0.8158596158027649,0.08666194975376129,1.3703206777572632,0.07041508704423904,0.11140898615121841,0.022948794066905975,0.023806734010577202,0.031815849244594574,0.024132613092660904,0.0291562769562006,0.02307768538594246,0.028084702789783478,0.02693750336766243
31,16,3.1489479478448628,0.9536687135696411,1.0181612968444824,1.1486492156982422,0.021627992391586304,0.04093719273805618,0.03975120559334755,0.04068755730986595,0.03136764094233513,0.04674025624990463,0.05150354281067848,0.09997619688510895,0.06892275810241699,0.023936118930578232,0.08732488751411438,0.15058399736881256,0.3321940302848816,0.09429940581321716,1.000509262084961,0.061234086751937866,0.1256132870912552,0.023257765918970108,0.022385766729712486,0.02790050581097603,0.022515174001455307,0.0363323837518692,0.023168576881289482,0.030493542551994324,0.021588968113064766
31,17,2.237478983774781,0.9535216093063354,1.0179816484451294,1.1476420164108276,0.02251235395669937,0.04996524751186371,0.061606865376234055,0.031920477747917175,0.02721359394490719,0.05046422779560089,0.025400307029485703,0.12996380031108856,0.08184907585382462,0.023517033085227013,0.044213563203811646,0.11939315497875214,0.3084609806537628,0.08740196377038956,0.10916877537965775,0.07631176710128784,0.16266566514968872,0.022282451391220093,0.023987608030438423,0.026896480470895767,0.021061714738607407,0.03180685266852379,0.023552371188998222,0.0306219682097435,0.021411629393696785
31,18,2.312390907481313,0.9533905386924744,1.0183697938919067,1.1482043266296387,0.023312605917453766,0.04743887856602669,0.05380496382713318,0.03222675621509552,0.034266624599695206,0.04760873690247536,0.02401161938905716,0.1090250164270401,0.08452158421278,0.022448426112532616,0.03985908627510071,0.13324321806430817,0.37881141901016235,0.082652747631073,0.10443459451198578,0.06785653531551361,0.19340726733207703,0.024220477789640427,0.02474943920969963,0.03001156449317932,0.022564036771655083,0.03149526193737984,0.024730799719691277,0.0277728121727705,0.02392350323498249
31,19,2.2933174174278976,0.9534201622009277,1.0184016227722168,1.1475739479064941,0.020692680031061172,0.040138326585292816,0.1015043631196022,0.03299020975828171,0.035474326461553574,0.06078048422932625,0.02105853520333767,0.10195500403642654,0.07110132277011871,0.024056095629930496,0.036052580922842026,0.12054622173309326,0.42526018619537354,0.07375204563140869,0.09291140735149384,0.060668908059597015,0.1497281789779663,0.02186339907348156,0.024175157770514488,0.03324984386563301,0.020563768222928047,0.027071112766861916,0.02571650967001915,0.024396350607275963,0.023731252178549767
31,20,2.3100614838302134,0.9540202617645264,1.0183711051940918,1.1488627195358276,0.02429853193461895,0.03833044320344925,0.0866590142250061,0.04016499221324921,0.03494676947593689,0.06462745368480682,0.026573987677693367,0.10705860704183578,0.07716664671897888,0.023717427626252174,0.029402805492281914,0.0710533857345581,0.45619288086891174,0.07035961747169495,0.055307965725660324,0.06666943430900574,0.20047128200531006,0.02499690279364586,0.024079173803329468,0.03122248314321041,0.025055278092622757,0.027512114495038986,0.025864114984869957,0.03001507744193077,0.02406427636742592
31,21,2.427926766872406,0.9539422988891602,1.0180999040603638,1.1481163501739502,0.022394029423594475,0.041415002197027206,0.13520120084285736,0.038866348564624786,0.035243865102529526,0.050828851759433746,0.024697452783584595,0.10859513282775879,0.07827137410640717,0.020890945568680763,0.03387124463915825,0.060758788138628006,0.5758205056190491,0.06555049121379852,0.0734795406460762,0.03604765236377716,0.19942575693130493,0.023382404819130898,0.021426767110824585,0.030562302097678185,0.02282136119902134,0.025981448590755463,0.02323925867676735,0.030273037031292915,0.02485029399394989
31,22,2.9666583690792323,0.9544722437858582,1.0172899961471558,1.1490685939788818,0.023570608347654343,0.029959307983517647,0.14814600348472595,0.043711479753255844,0.0343112051486969,0.06848952919244766,0.020945195108652115,0.07958414405584335,0.08969905227422714,0.024767113849520683,0.029472095891833305,0.07046718150377274,1.0095016956329346,0.07608846575021744,0.10822395235300064,0.03151647374033928,0.2624257206916809,0.021930323913693428,0.022937778383493423,0.021388066932559013,0.02578849159181118,0.027149364352226257,0.024041898548603058,0.024767478927969933,0.023609574884176254
31,23,2.8586795058101417,0.9547244906425476,1.0171045064926147,1.1496955156326294,0.022253280505537987,0.027123592793941498,0.16767875850200653,0.0399031788110733,0.0407421849668026,0.08523549139499664,0.025258300825953484,0.06890199333429337,0.09874695539474487,0.02150760404765606,0.028225015848875046,0.12754039466381073,0.7748323082923889,0.06797902286052704,0.102296844124794,0.03274259716272354,0.32090064883232117,0.02231391705572605,0.02308429777622223,0.021283911541104317,0.022450141608715057,0.023828325793147087,0.02068278379738331,0.028307117521762848,0.02055593580007553
32,0,52.654112982749936,0.9554615020751953,1.0168070793151855,1.146030306816101,3.4204349517822266,1.4853425025939941,1.6443065404891968,1.2583051919937134,1.2931462526321411,2.6564462184906006,1.6720786094665527,2.4041688442230225,3.093456745147705,1.9297219514846802,2.3686985969543457,1.3288347721099854,2.4939775466918945,4.132240295410156,1.291067361831665,3.3587169647216797,2.5170798301696777,1.754868984222412,1.1733741760253906,0.8347122669219971,0.8844559192657471,1.4112558364868164,1.5773868560791016,4.682382106781006,1.3639938831329346
32,1,13.991243075579405,0.9542221426963806,1.0286263227462769,1.1530392169952393,0.02883247286081314,0.08780716359615326,0.057700272649526596,0.12015248835086823,0.1387050300836563,0.049161653965711594,0.1093875989317894,0.03192431479692459,0.049953605979681015,1.7719589471817017,0.03824819624423981,0.04888685792684555,1.7311021089553833,0.25223782658576965,0.31692570447921753,1.7091553211212158,1.228440523147583,0.5614244341850281,0.502250611782074,4.092461109161377,0.2966192066669464,0.03483583778142929,0.034041471779346466,0.040445443242788315,0.03140733763575554
32,2,3.2002805463969706,0.9542204737663269,1.0221755504608154,1.1530331373214722,0.023663725703954697,0.03611072897911072,0.12499871104955673,0.052135005593299866,0.1794847697019577,0.07079247385263443,0.06404055655002594,0.042449530214071274,0.04800568148493767,0.8185487389564514,0.05421631783246994,0.04246784746646881,0.32299289107322693,0.15699680149555206,0.04023148864507675,0.21917709708213806,0.03173982724547386,0.03031579591333866,0.025377264246344566,0.023359058424830437,0.02406388521194458,0.02677987329661846,0.029861701652407646,0.059445224702358246,0.02713971771299839
32,3,3.208539541810751,0.9584187269210815,1.0167186260223389,1.1484237909317017,0.022839589044451714,0.07059486210346222,0.1578715443611145,0.04859151691198349,0.07299663871526718,0.07738100737333298,0.1280241310596466,0.042889222502708435,0.06614900380373001,1.0180959701538086,0.04410076141357422,0.07302815467119217,0.1901123970746994,0.14741764962673187,0.07859142124652863,0.0667065903544426,0.03977883979678154,0.030281616374850273,0.023353731259703636,0.023251313716173172,0.024843282997608185,0.02820361591875553,0.035084255039691925,0.042916763573884964,0.030723433941602707
32,4,2.188986372575164,0.9607164263725281,1.0180985927581787,1.1450031995773315,0.024203067645430565,0.04105042293667793,0.1435611993074417,0.05514800176024437,0.046265408396720886,0.08984383195638657,0.12667681276798248,0.04248157516121864,0.04141968488693237,0.021699560806155205,0.07667913287878036,0.10479939728975296,0.10995833575725555,0.1540004462003708,0.1159752607345581,0.05318855866789818,0.05121259018778801,0.04912090301513672,0.02234112098813057,0.022736651822924614,0.024688757956027985,0.03141283988952637,0.03628367558121681,0.04716147482395172,0.03231401741504669
32,5,2.0862660095095635,0.9601319432258606,1.017916202545166,1.1469401121139526,0.02708778902888298,0.05046984925866127,0.06943274289369583,0.05162957310676575,0.04081372916698456,0.11338383704423904,0.07348189502954483,0.04830970987677574,0.048130959272384644,0.022675009444355965,0.09749279916286469,0.11047642678022385,0.08439843356609344,0.11138314753770828,0.16622395813465118,0.029355617240071297,0.05925995111465454,0.04125679284334183,0.024688497185707092,0.021483339369297028,0.02302495203912258,0.031182661652565002,0.032743070274591446,0.05610743910074234,0.026776177808642387
32,6,2.0395891200751066,0.9594072103500366,1.0176445245742798,1.1493090391159058,0.027906034141778946,0.051573749631643295,0.1008208766579628,0.07055766880512238,0.042257022112607956,0.050367530435323715,0.08306361734867096,0.06287699192762375,0.09775342047214508,0.029729966074228287,0.026794716715812683,0.08820269256830215,0.08746861666440964,0.1055496409535408,0.17115280032157898,0.030817169696092606,0.03748127073049545,0.027995217591524124,0.024283763021230698,0.021921025589108467,0.0205168928951025,0.04100293293595314,0.0299410130828619,0.058897264301776886,0.025385070592164993
32,7,2.1047620460391046,0.9631449580192566,1.0195976495742798,1.1488319635391235,0.03310966491699219,0.03853083774447441,0.059152886271476746,0.06973284482955933,0.041042834520339966,0.0903453677892685,0.030383965000510216,0.07852380722761154,0.1222551241517067,0.03836954012513161,0.08440200984477997,0.08637860417366028,0.11995479464530945,0.0855724960565567,0.19600974023342133,0.029133103787899017,0.031810931861400604,0.02759316936135292,0.022354697808623314,0.02265094965696335,0.024421589449048042,0.03666483983397484,0.027726324275135994,0.057403624057769775,0.024923384189605713
32,8,2.020742002874613,0.9624563455581665,1.0203543901443481,1.1466256380081177,0.02793028950691223,0.031129688024520874,0.06743166595697403,0.07221618294715881,0.03930424153804779,0.07311194390058517,0.028158338740468025,0.07299240678548813,0.07349194586277008,0.035118453204631805,0.10046955943107605,0.07064367085695267,0.22544455528259277,0.08319520205259323,0.12004762142896652,0.028085030615329742,0.033987950533628464,0.027707679197192192,0.01894654892385006,0.02463461272418499,0.02190663106739521,0.03329740837216377,0.02674810029566288,0.03584716469049454,0.023007836192846298
32,9,1.9971601482480765,0.963985025882721,1.0206515789031982,1.1471596956253052,0.03594938665628433,0.03800146281719208,0.0785263255238533,0.06828699260950089,0.03733813390135765,0.08222509175539017,0.028363941237330437,0.07773236185312271,0.03909891098737717,0.03408990055322647,0.10000831633806229,0.08173622936010361,0.2065471112728119,0.09013474732637405,0.09092525392770767,0.03097127377986908,0.03641574829816818,0.030417712405323982,0.025328174233436584,0.021048802882432938,0.021535461768507957,0.03010653890669346,0.02522040531039238,0.03690765053033829,0.023884953930974007
32,10,1.9144622135907412,0.9633086323738098,1.019176721572876,1.1466213464736938,0.024490265175700188,0.022879086434841156,0.0518890805542469,0.023013625293970108,0.03965265676379204,0.06882119178771973,0.03747266158461571,0.11475172638893127,0.038869623094797134,0.03439914062619209,0.06996600329875946,0.06776425242424011,0.25363990664482117,0.09368599951267242,0.07082438468933105,0.026040665805339813,0.0385342501103878,0.026925215497612953,0.023244107142090797,0.024001430720090866,0.024192510172724724,0.03349228948354721,0.025241445749998093,0.031166568398475647,0.023682786151766777
32,11,1.9839691493660212,0.9632711410522461,1.020085096359253,1.1470167636871338,0.022487275302410126,0.028257347643375397,0.052137088030576706,0.031035147607326508,0.028477810323238373,0.05037130042910576,0.03860042616724968,0.16090704500675201,0.04762107506394386,0.036478616297245026,0.07484909147024155,0.03598468005657196,0.27765733003616333,0.09534534811973572,0.07210750132799149,0.03203202784061432,0.04070810228586197,0.02903515100479126,0.026050427928566933,0.024427087977528572,0.026320550590753555,0.04542163014411926,0.02669670805335045,0.032851580530405045,0.02203419990837574
32,12,2.030623913928866,0.9633863568305969,1.0208520889282227,1.1474449634552002,0.02044771797955036,0.030049607157707214,0.060589082539081573,0.026821937412023544,0.03477663919329643,0.04967019706964493,0.04187783971428871,0.16814996302127838,0.03812229633331299,0.031953178346157074,0.0669177770614624,0.05682532861828804,0.2924671471118927,0.0962161123752594,0.07749257981777191,0.030639974400401115,0.036389872431755066,0.031077297404408455,0.02645624801516533,0.027256984263658524,0.022902054712176323,0.04669363424181938,0.031465720385313034,0.03556105121970177,0.023466991260647774
32,13,1.8371000070124865,0.9625013470649719,1.0206691026687622,1.1461153030395508,0.028220318257808685,0.029744954779744148,0.041365478187799454,0.024487020447850227,0.034467924386262894,0.04280802235007286,0.04259214922785759,0.06639965623617172,0.06864205747842789,0.018601318821310997,0.05688555911183357,0.0371035560965538,0.18029315769672394,0.1431933045387268,0.09578796476125717,0.03342168778181076,0.03647447004914284,0.03064347431063652,0.02267429046332836,0.024144936352968216,0.023215360939502716,0.05206384137272835,0.026526231318712234,0.03042588196694851,0.021060239523649216
32,14,2.080113173276186,0.9615640640258789,1.0194330215454102,1.1466258764266968,0.023928260430693626,0.029130760580301285,0.04789465665817261,0.029673274606466293,0.028349967673420906,0.04495038464665413,0.03423485904932022,0.04433370754122734,0.28657782077789307,0.02580907568335533,0.06683473289012909,0.04805513471364975,0.20270955562591553,0.1388886719942093,0.1056024357676506,0.029810752719640732,0.039105743169784546,0.028828943148255348,0.02362707071006298,0.02174142561852932,0.023357849568128586,0.0528746172785759,0.026664573699235916,0.02735845372080803,0.0242458526045084
32,15,1.9464579053223132,0.9609363079071045,1.0199698209762573,1.1465604305267334,0.025001931935548782,0.02625184878706932,0.045528244227170944,0.029114652425050735,0.03084748052060604,0.05006205290555954,0.03345174342393875,0.06994462758302689,0.14002840220928192,0.027626965194940567,0.06756635755300522,0.047971416264772415,0.15651722252368927,0.1402682363986969,0.12903337180614471,0.0333736315369606,0.03506550192832947,0.030294625088572502,0.023205988109111786,0.024406196549534798,0.02382552996277809,0.049453187733888626,0.02565276063978672,0.031154891476035118,0.025317726656794548
32,16,1.871972308307886,0.9603722095489502,1.0200600624084473,1.1447540521621704,0.024957768619060516,0.028953157365322113,0.04832523688673973,0.023883629590272903,0.02037964202463627,0.052447687834501266,0.03692115470767021,0.06322228908538818,0.09882993996143341,0.02159946784377098,0.07240788638591766,0.05777590349316597,0.12959839403629303,0.144081711769104,0.1068185493350029,0.034709494560956955,0.04201484099030495,0.03200431913137436,0.02313479222357273,0.026692857965826988,0.021459652110934258,0.056467410176992416,0.026788856834173203,0.03037896752357483,0.023081433027982712
32,17,1.8677152305841447,0.9597917795181274,1.0196551084518433,1.145506501197815,0.027394233271479607,0.03155885264277458,0.061583779752254486,0.024075176566839218,0.022645045071840286,0.048744864761829376,0.038501203060150146,0.05583370849490166,0.09701407700777054,0.021068943664431572,0.06851088255643845,0.0822799801826477,0.11744294315576553,0.147266685962677,0.1062227264046669,0.03469949960708618,0.03854956850409508,0.027673810720443726,0.023862607777118683,0.02484644018113613,0.02378254197537899,0.043495792895555496,0.021929927170276642,0.030552539974451065,0.023188721388578415
32,18,1.854295128583908,0.9584696292877197,1.0196386575698853,1.1458022594451904,0.023926135152578354,0.028472837060689926,0.04818953946232796,0.024806713685393333,0.02468951605260372,0.042306087911129,0.03706255182623863,0.05469780042767525,0.11523521691560745,0.024049045518040657,0.06680139899253845,0.10072921216487885,0.10900583863258362,0.14390450716018677,0.08788663893938065,0.032483622431755066,0.038739271461963654,0.02952514961361885,0.022189954295754433,0.025495393201708794,0.024295784533023834,0.04993109405040741,0.024358367547392845,0.026947392150759697,0.02378395013511181
32,19,1.8349775180220604,0.9577274322509766,1.0195436477661133,1.1465990543365479,0.02419492043554783,0.030450493097305298,0.062072403728961945,0.023945987224578857,0.025993958115577698,0.03561720252037048,0.03522071614861488,0.07106896489858627,0.08016105741262436,0.025080302730202675,0.05710192397236824,0.12222674489021301,0.11447423696517944,0.14940400421619415,0.08854945003986359,0.03240088000893593,0.03675718605518341,0.028512146323919296,0.02215573936700821,0.023567721247673035,0.020241359248757362,0.02815449982881546,0.0232380423694849,0.027823178097605705,0.02179037220776081
32,20,1.9390965271741152,0.9574099183082581,1.0202608108520508,1.1469796895980835,0.019737040624022484,0.02730962447822094,0.05693402141332626,0.040784284472465515,0.027730628848075867,0.03133530542254448,0.040795695036649704,0.043557725846767426,0.051480766385793686,0.021174035966396332,0.06333442032337189,0.2230147421360016,0.11983954906463623,0.12967224419116974,0.14975674450397491,0.03144044801592827,0.036079976707696915,0.02925732359290123,0.025463111698627472,0.022223325446248055,0.021266700699925423,0.024972792714834213,0.02382817491889,0.02878357283771038,0.024394188076257706
32,21,1.855512649565935,0.957430899143219,1.0193198919296265,1.146188735961914,0.022516818717122078,0.02372761443257332,0.04860687628388405,0.02974281646311283,0.023226303979754448,0.03778967261314392,0.040135592222213745,0.039413608610630035,0.04826216772198677,0.02409854345023632,0.059621941298246384,0.23839333653450012,0.10001255571842194,0.0884995236992836,0.12930180132389069,0.03207886964082718,0.04078421741724014,0.026090487837791443,0.02757635898888111,0.02178485132753849,0.021895943209528923,0.02685241401195526,0.0266085434705019,0.032444316893815994,0.021459568291902542
32,22,1.8871240649372338,0.9579252004623413,1.0187572240829468,1.1470654010772705,0.023689711466431618,0.0381181463599205,0.056573186069726944,0.0313723161816597,0.02739042229950428,0.03828522935509682,0.03305409476161003,0.040629833936691284,0.0690484344959259,0.022407935932278633,0.06779534369707108,0.30436310172080994,0.08482496440410614,0.06808959692716599,0.09321187436580658,0.03084537386894226,0.03688063472509384,0.027979549020528793,0.02204671874642372,0.02137140929698944,0.02494647353887558,0.025925563648343086,0.02529064379632473,0.026198532432317734,0.02203540876507759
32,23,1.9518644206225872,0.9578947424888611,1.0182172060012817,1.1466313600540161,0.022334430366754532,0.039373960345983505,0.07409127801656723,0.02974499948322773,0.03525809198617935,0.0455937385559082,0.039032943546772,0.04461924359202385,0.06469833850860596,0.02159060537815094,0.06111162528395653,0.2666015625,0.06617765873670578,0.08449243754148483,0.15951699018478394,0.032484039664268494,0.04691507667303085,0.027998825535178185,0.02117231674492359,0.022572962567210197,0.022371046245098114,0.02363763563334942,0.026631444692611694,0.027757873758673668,0.021536633372306824
32,24,1.950330188497901,0.9580621123313904,1.0179482698440552,1.1458916664123535,0.0220074150711298,0.03976720944046974,0.07298211753368378,0.031088946387171745,0.030178027227520943,0.04668845981359482,0.03635518625378609,0.04318302497267723,0.08033592998981476,0.02104349434375763,0.05393967404961586,0.306045800447464,0.0840151309967041,0.07798229902982712,0.1232408806681633,0.03290725126862526,0.03459835797548294,0.028674395754933357,0.022487688809633255,0.02095997892320156,0.02127605676651001,0.02436765842139721,0.0246823038905859,0.02691815420985222,0.02022433653473854
33,0,52.90169939994812,0.9551116228103638,1.0148664712905884,1.1428380012512207,2.9011151790618896,1.7772912979125977,1.8699626922607422,0.6929826140403748,1.126285433769226,2.555891990661621,1.2748080492019653,1.5740656852722168,3.7581684589385986,1.4992187023162842,2.071241855621338,1.2817567586898804,2.7953336238861084,4.663492202758789,1.358447551727295,3.510061025619507,2.076197624206543,1.9924479722976685,1.1507680416107178,0.9966191649436951,1.646546721458435,1.5129821300506592,2.0249061584472656,4.224304676055908,1.9442405700683594
33,1,6.060160357132554,0.9648155570030212,1.0145418643951416,1.1631578207015991,0.031217437237501144,0.07990961521863937,0.05488971248269081,0.25580641627311707,1.1681104898452759,0.05109946057200432,0.09893027693033218,0.08673928678035736,0.09323851019144058,0.03629796579480171,0.24474407732486725,1.1333367824554443,0.2017848789691925,0.2665856182575226,0.977678120136261,0.19707994163036346,0.1256607472896576,0.106523297727108,0.028753794729709625,0.025746041908860207,0.02670738473534584,0.04211469367146492,0.028265763074159622,0.03371238335967064,0.03672461211681366
33,2,6.222018782794476,0.9574371576309204,1.0169587135314941,1.1459708213806152,0.02383997105062008,0.0703820064663887,0.05193519592285156,0.3309996426105499,0.3923496603965759,0.04948723316192627,0.120534747838974,0.08327604830265045,0.055951569229364395,0.028436744585633278,0.3018324673175812,0.034479498863220215,0.5549980401992798,0.39308983087539673,1.936777114868164,0.31616008281707764,0.4990962743759155,0.14920592308044434,0.03603661432862282,0.028744367882609367,0.026859674602746964,0.035698287189006805,0.021937644109129906,0.031016649678349495,0.024820154532790184
33,3,5.558198538422585,0.9633834958076477,1.0147987604141235,1.1456221342086792,0.03146715089678764,0.45302578806877136,0.036519404500722885,0.09297436475753784,0.4912228286266327,0.05673777684569359,0.09393341094255447,0.06997104734182358,0.0916384756565094,0.028252627700567245,0.2494334578514099,0.03052215650677681,0.5736828446388245,0.787228524684906,1.0299147367477417,0.16585847735404968,0.2512238621711731,0.18094171583652496,0.05081704631447792,0.030462248250842094,0.02063581719994545,0.033281926065683365,0.02571549080312252,0.0324370339512825,0.025539446622133255
33,4,6.257087820768357,0.9587085247039795,1.0167120695114136,1.1468627452850342,0.023606663569808006,0.35496002435684204,0.052496958523988724,0.23229025304317474,0.4430324137210846,0.03763118013739586,0.1841064840555191,0.12736178934574127,0.1379169374704361,0.03611670807003975,0.34162837266921997,0.060488488525152206,0.62062007188797,0.8525837659835815,1.2990559339523315,0.09894464910030365,0.31452104449272156,0.20140641927719116,0.04121865704655647,0.025466831400990486,0.022069785743951797,0.040060095489025116,0.024496404454112053,0.03328726813197136,0.027263952419161797
33,5,6.245020439475775,0.960250973701477,1.0173836946487427,1.1431591510772705,0.022575609385967255,0.03380076587200165,0.04858031123876572,0.03516070917248726,0.5329148173332214,0.04212799668312073,0.1981482207775116,0.4447060525417328,0.08966001868247986,0.028292106464505196,0.43160775303840637,0.0529661551117897,0.980184018611908,0.9130361080169678,0.8908112645149231,0.10877805948257446,0.35092395544052124,0.21348993480205536,0.03393474966287613,0.022559000179171562,0.023970605805516243,0.036092061549425125,0.02316269464790821,0.03613398224115372,0.027244724333286285
33,6,6.8535087436437605,0.9579904675483704,1.017371416091919,1.1425296068191528,0.02173156663775444,0.04244120419025421,0.03834651783108711,0.030807625502347946,0.21389952301979065,0.04707430675625801,0.28912246227264404,0.3891652524471283,0.121027372777462,0.029618358239531517,0.4195098578929901,0.048659276217222214,1.099966049194336,0.8756163120269775,1.6412402391433716,0.11250782757997513,0.3832641839981079,0.22522607445716858,0.03440167382359505,0.023505378514528275,0.023996502161026,0.03392748534679413,0.02542796917259693,0.029140843078494072,0.030306583270430565
33,7,6.29425890147686,0.9595897793769836,1.0169419050216675,1.1444436311721802,0.02457394450902939,0.03508643060922623,0.10059720277786255,0.20287403464317322,0.14691056311130524,0.05292733013629913,0.060524195432662964,0.17313407361507416,0.06790553778409958,0.030702518299221992,0.15261994302272797,0.040228910744190216,1.250220775604248,0.38864174485206604,2.010869026184082,0.15869593620300293,0.3553037643432617,0.21600058674812317,0.03284332901239395,0.025013277307152748,0.02490481734275818,0.029284922406077385,0.02420656569302082,0.03521423786878586,0.030780170112848282
33,8,3.6747045878320934,0.9599151611328125,1.0163158178329468,1.1449272632598877,0.021486107259988785,0.03814119100570679,0.10557091981172562,0.17610393464565277,0.13162921369075775,0.051873188465833664,0.06986305862665176,0.17755085229873657,0.0681062564253807,0.02671234868466854,0.15083365142345428,0.027022656053304672,0.6274668574333191,0.361666202545166,0.48410874605178833,0.2001151144504547,0.057175878435373306,0.07013612985610962,0.032580483704805374,0.02395627275109291,0.028218647465109825,0.03991283103823662,0.021525098010897636,0.03337368741631508,0.02534361183643341
33,9,4.140985890105367,0.9608684182167053,1.0166374444961548,1.1432127952575684,0.021290885284543037,0.24908041954040527,0.06559932976961136,0.18687500059604645,0.1734442263841629,0.05290912091732025,0.023054778575897217,0.2249136120080948,0.08625978231430054,0.02292429283261299,0.03310351446270943,0.024537181481719017,0.9466181993484497,0.14427897334098816,0.7835172414779663,0.20093370974063873,0.05040568858385086,0.024324363097548485,0.031894661486148834,0.02380206622183323,0.028344735503196716,0.028338981792330742,0.024730095639824867,0.038743071258068085,0.02691822685301304
33,10,3.849784587323666,0.960051417350769,1.0169514417648315,1.142739176750183,0.021792782470583916,0.23905350267887115,0.07345125079154968,0.17069454491138458,0.1300279200077057,0.037020016461610794,0.02151503972709179,0.17028659582138062,0.07887507975101471,0.03370300307869911,0.03370271995663643,0.026325635612010956,0.5863729119300842,0.17553623020648956,0.9180909395217896,0.2075803279876709,0.05351473018527031,0.05047718062996864,0.0312655083835125,0.023829368874430656,0.0298998411744833,0.026506004855036736,0.02121298387646675,0.04203769192099571,0.023064369335770607
33,11,2.5124551810324194,0.9610933065414429,1.0169967412948608,1.1436082124710083,0.022829100489616394,0.32881370186805725,0.1487058401107788,0.06636348366737366,0.14607273042201996,0.04741259664297104,0.021873287856578827,0.11596132814884186,0.07717248797416687,0.03155853599309921,0.03214060515165329,0.02840525284409523,0.18675966560840607,0.08048444986343384,0.14463366568088531,0.14180900156497955,0.02629668265581131,0.03696608915925026,0.03203278034925461,0.021202117204666138,0.03347864747047424,0.024851204827427864,0.024144351482391357,0.04629150778055191,0.021856414154171944
33,12,2.744433571770787,0.960189163684845,1.017525553703308,1.1435223817825317,0.022253762930631638,0.3890095353126526,0.18792086839675903,0.08363727480173111,0.1792006641626358,0.04652911424636841,0.024017592892050743,0.13184139132499695,0.08700089901685715,0.036270081996917725,0.0341242253780365,0.030484629794955254,0.23739080131053925,0.06984730064868927,0.12955592572689056,0.15275365114212036,0.025400344282388687,0.048398736864328384,0.02895227260887623,0.025722045451402664,0.03418649360537529,0.027559492737054825,0.022159360349178314,0.04423028603196144,0.021739400923252106
33,13,2.520569572225213,0.9580147862434387,1.0181193351745605,1.1442092657089233,0.023496370762586594,0.4203159213066101,0.0610852986574173,0.08529123663902283,0.13581451773643494,0.05271890014410019,0.02133236639201641,0.06826552748680115,0.06568294763565063,0.03991210088133812,0.032550930976867676,0.02972661890089512,0.26537179946899414,0.05783975496888161,0.13496336340904236,0.07776743173599243,0.05024683475494385,0.06643474102020264,0.03227517008781433,0.025330957025289536,0.03799184784293175,0.02771736867725849,0.024657689034938812,0.036838795989751816,0.022872403264045715
33,14,2.5373368617147207,0.9575899243354797,1.0184619426727295,1.145343542098999,0.02292933687567711,0.4671820402145386,0.057144928723573685,0.11649373173713684,0.10117468237876892,0.06092071533203125,0.022439848631620407,0.06857557594776154,0.05059937387704849,0.026352835819125175,0.03062068670988083,0.032730430364608765,0.2667942941188812,0.06208816543221474,0.15048715472221375,0.09401919692754745,0.05002380162477493,0.0537910982966423,0.027929017320275307,0.024166129529476166,0.023011162877082825,0.025502534583210945,0.022912900894880295,0.03443802893161774,0.02073010802268982
33,15,2.2726345978677274,0.9576500654220581,1.018093228340149,1.1454424858093262,0.02457391656935215,0.11359324306249619,0.043487247079610825,0.13568377494812012,0.09222032129764557,0.058032747358083725,0.02253670059144497,0.07132181525230408,0.05490849167108536,0.024227863177657127,0.031610000878572464,0.037549350410699844,0.32542136311531067,0.055252909660339355,0.17972876131534576,0.09885266423225403,0.04590168222784996,0.05948156863451004,0.030189335346221924,0.021628597751259804,0.020761532709002495,0.02266659028828144,0.021803196519613266,0.03360297903418541,0.023360788822174072
33,16,2.224477081745863,0.9583016037940979,1.0177181959152222,1.1460410356521606,0.025192800909280777,0.101272813975811,0.03984808549284935,0.15349219739437103,0.08405087143182755,0.06116103008389473,0.02173696458339691,0.08414173126220703,0.04774375632405281,0.02512451261281967,0.026686634868383408,0.040755752474069595,0.36568528413772583,0.06055928021669388,0.06970547884702682,0.1267237663269043,0.045804884284734726,0.05130000412464142,0.025975301861763,0.02386811003088951,0.021462352946400642,0.02352471835911274,0.02037174068391323,0.031022805720567703,0.02285403572022915
33,17,2.36571164727211,0.9584364295005798,1.0167316198349,1.1456035375595093,0.023650357499718666,0.09099247306585312,0.053109146654605865,0.2252236008644104,0.0785459503531456,0.03911764547228813,0.023764852434396744,0.0865984559059143,0.046933773905038834,0.022315403446555138,0.022765865549445152,0.038908813148736954,0.438070148229599,0.06007319688796997,0.08489757776260376,0.1399564892053604,0.04270708188414574,0.040195077657699585,0.02838006056845188,0.02307705767452717,0.024115875363349915,0.026859918609261513,0.025241060182452202,0.03264405578374863,0.023413391783833504
33,18,2.2037276446819307,0.9594166278839111,1.01675283908844,1.1461158990859985,0.025181515142321587,0.08078425377607346,0.038732293993234634,0.20852191746234894,0.04342135787010193,0.052158989012241364,0.023416824638843536,0.07056137919425964,0.045436013489961624,0.022382183000445366,0.024603664875030518,0.041719771921634674,0.4025611877441406,0.05287660285830498,0.09367970377206802,0.09379591792821884,0.040142349898815155,0.049822237342596054,0.0269311536103487,0.020705753937363625,0.023372162133455276,0.025804366916418076,0.0217798613011837,0.02829105779528618,0.022588051855564117
33,19,2.1822982035577296,0.9584164619445801,1.0162551403045654,1.1474049091339111,0.02363624982535839,0.06950581073760986,0.03252822160720825,0.23081639409065247,0.05945942550897598,0.04613058641552925,0.021648254245519638,0.05467965081334114,0.0469016432762146,0.027502138167619705,0.02435295097529888,0.055164240300655365,0.3757825493812561,0.05894903838634491,0.09239378571510315,0.08380663394927979,0.04760284349322319,0.04052018001675606,0.02853064425289631,0.02015352062880993,0.021270716562867165,0.0235905721783638,0.024073131382465363,0.024974098429083824,0.023909620940685272
33,20,2.401668246090412,0.9578417539596558,1.0167313814163208,1.1467578411102295,0.022520912811160088,0.06920462101697922,0.0377456396818161,0.3016083240509033,0.06116906553506851,0.05578620731830597,0.024307167157530785,0.07390450686216354,0.06576213985681534,0.02360372245311737,0.023866023868322372,0.05069896578788757,0.4873887896537781,0.05976205691695213,0.0949297696352005,0.08256282657384872,0.04323596507310867,0.02444346621632576,0.027872972190380096,0.027404971420764923,0.023747358471155167,0.024605432525277138,0.02366277389228344,0.02543392777442932,0.022174444049596786
33,21,2.405579650774598,0.9584857225418091,1.0163524150848389,1.1469014883041382,0.022669177502393723,0.07422500848770142,0.037735749036073685,0.3330565094947815,0.05481894314289093,0.05781630799174309,0.02735138311982155,0.09572598338127136,0.04206959903240204,0.023342758417129517,0.0259870532900095,0.04846583679318428,0.4718339145183563,0.04979414492845535,0.07637660950422287,0.10484302043914795,0.04167104512453079,0.02327726036310196,0.025411469861865044,0.0261225625872612,0.022677075117826462,0.023827755823731422,0.022165048867464066,0.025451557710766792,0.024515951052308083
33,22,2.444644816592336,0.9583837985992432,1.0161726474761963,1.1476682424545288,0.02392374910414219,0.07235393673181534,0.030927518382668495,0.30058321356773376,0.034279730170965195,0.05716884508728981,0.02389538660645485,0.06641998142004013,0.046720441430807114,0.024136407300829887,0.022522006183862686,0.04112323746085167,0.5488356947898865,0.05010506883263588,0.1173422560095787,0.10307158529758453,0.05676637217402458,0.02638791687786579,0.02451612614095211,0.026645591482520103,0.02188614197075367,0.02446001023054123,0.02556532621383667,0.025335857644677162,0.02522747777402401
33,23,2.35541875846684,0.9581102132797241,1.0164635181427002,1.1474072933197021,0.02460876666009426,0.041164711117744446,0.03609075769782066,0.2786151170730591,0.02590363845229149,0.056443944573402405,0.023674847558140755,0.031035026535391808,0.04552580416202545,0.024743815883994102,0.02672925405204296,0.047161225229501724,0.5439904928207397,0.05099567398428917,0.131869837641716,0.09796479344367981,0.054037369787693024,0.025162719190120697,0.022833900526165962,0.02469407394528389,0.022247200831770897,0.023745587095618248,0.02261473424732685,0.02603619545698166,0.023133065551519394
33,24,2.3575579270720484,0.9578355550765991,1.0166293382644653,1.1475409269332886,0.021945985034108162,0.044478725641965866,0.04238631948828697,0.2816077172756195,0.028083641082048416,0.04573546350002289,0.024992793798446655,0.02528231590986252,0.052314598113298416,0.02180079184472561,0.02450123429298401,0.050755757838487625,0.6095998883247375,0.05296856537461281,0.10288414359092712,0.08022762835025787,0.026240838691592216,0.02673819474875927,0.02298932708799839,0.028554843738675117,0.02312357723712921,0.028292011469602585,0.02205994352698326,0.023219900205731392,0.02237255685031414
34,0,54.88221673965454,0.9554615020751953,1.0168070793151855,1.146030306816101,4.1069841384887695,3.205031394958496,1.4630709886550903,1.6850950717926025,1.122450590133667,3.3424437046051025,1.8100208044052124,1.612707495689392,3.145521640777588,1.6871989965438843,2.3966915607452393,1.0121948719024658,2.676370859146118,3.895301342010498,1.1979995965957642,3.9630632400512695,1.588506817817688,1.7153669595718384,1.5610101222991943,0.58388352394104,1.4868298768997192,1.6886132955551147,2.185392379760742,3.4597530364990234,1.6670546531677246
34,1,6.637727289646864,0.9523847699165344,1.0245258808135986,1.1421163082122803,0.025717779994010925,0.09513185918331146,0.272894024848938,0.02422230876982212,0.03051142953336239,0.04607008397579193,0.13396061956882477,0.030185718089342117,0.030082477256655693,0.027407078072428703,2.236720323562622,0.15690168738365173,0.4161849319934845,1.2481465339660645,0.4796181321144104,0.13377819955348969,0.035054177045822144,0.36820441484451294,0.028027169406414032,0.022407755255699158,0.029708469286561012,0.03713264688849449,0.030319156125187874,0.04167895019054413,0.033855970948934555
34,2,5.700859336555004,0.954075813293457,1.0220837593078613,1.1427505016326904,0.02708018571138382,0.05428994819521904,0.36735469102859497,0.048671022057533264,0.045795295387506485,0.18068824708461761,0.2275586873292923,0.15789483487606049,0.03709544986486435,0.027352994307875633,1.9790815114974976,0.14522020518779755,0.4119685888290405,0.15877269208431244,0.452265202999115,0.10966065526008606,0.08055707067251205,0.33133459091186523,0.027770541608333588,0.04027646780014038,0.045946598052978516,0.030620204284787178,0.023774001747369766,0.033588532358407974,0.03245910257101059
34,3,5.013552324101329,0.9538065195083618,1.0222094058990479,1.143121600151062,0.03032410517334938,0.04713430255651474,0.4598610997200012,0.060792744159698486,0.04308752343058586,0.1841057389974594,0.15716494619846344,0.1588078886270523,0.07220163196325302,0.05602441355586052,0.0783323347568512,0.2032102346420288,0.7501219511032104,0.6879428029060364,0.777583122253418,0.08045694977045059,0.14493882656097412,0.14319828152656555,0.032651953399181366,0.039637405425310135,0.044577937573194504,0.051204878836870193,0.022731933742761612,0.03434039652347565,0.029291415587067604
34,4,4.445217474550009,0.9530301094055176,1.02211594581604,1.1416281461715698,0.028760487213730812,0.04217534139752388,0.027933480218052864,0.07138887792825699,0.036984678357839584,0.12040289491415024,0.12463101744651794,0.1442534327507019,0.27491337060928345,0.05579632520675659,0.03977690264582634,0.09315621852874756,0.6447214484214783,0.37974032759666443,0.5701020956039429,0.074317067861557,0.2716137170791626,0.5915034413337708,0.03052196465432644,0.04638674855232239,0.023571131750941277,0.032634343951940536,0.021295253187417984,0.04966374859213829,0.02561831846833229
34,5,3.6890634689480066,0.9539530277252197,1.0240989923477173,1.140776515007019,0.02463741973042488,0.04575693979859352,0.02593371458351612,0.08392686396837234,0.02351203002035618,0.10162675380706787,0.22021503746509552,0.10197348147630692,0.41622233390808105,0.07374713569879532,0.036078520119190216,0.053710777312517166,0.07346194237470627,0.11652400344610214,0.1383577287197113,0.1246059313416481,0.2698023021221161,0.8998131155967712,0.02826167829334736,0.05994678661227226,0.02117002196609974,0.029334476217627525,0.023704109713435173,0.04348920285701752,0.02948545478284359
34,6,2.9012332055717707,0.9539602398872375,1.02402925491333,1.1416875123977661,0.03019677847623825,0.06878875941038132,0.029573870822787285,0.10236949473619461,0.025902632623910904,0.10119354724884033,0.1362614631652832,0.10528424382209778,0.048596568405628204,0.09759306162595749,0.061952028423547745,0.04892739653587341,0.06414375454187393,0.1347924917936325,0.13839411735534668,0.10718514025211334,0.1690628081560135,0.6018152236938477,0.029032688587903976,0.044424209743738174,0.020929235965013504,0.0315634086728096,0.026078803464770317,0.030875874683260918,0.02236020192503929
34,7,2.732760659232736,0.9524334669113159,1.0275384187698364,1.1440414190292358,0.022539108991622925,0.050714053213596344,0.03425935283303261,0.1022944301366806,0.024447422474622726,0.11499610543251038,0.06106238812208176,0.09181755781173706,0.08737475425004959,0.12936507165431976,0.05870804935693741,0.050168685615062714,0.0560934841632843,0.15089629590511322,0.21616390347480774,0.08371009677648544,0.16934826970100403,0.37792742252349854,0.03048579953610897,0.05349704250693321,0.02211366966366768,0.03163287043571472,0.024652373045682907,0.041754595935344696,0.021935194730758667
34,8,2.839434851706028,0.9534578323364258,1.0265393257141113,1.1433932781219482,0.026141829788684845,0.049323439598083496,0.045482415705919266,0.09927881509065628,0.022232655435800552,0.08131643384695053,0.033484846353530884,0.07858327776193619,0.08163326978683472,0.13096171617507935,0.05972404032945633,0.058046791702508926,0.08030671626329422,0.2273370921611786,0.2427845597267151,0.1067623421549797,0.2106168568134308,0.3389133810997009,0.029129719361662865,0.059774428606033325,0.024272756651043892,0.03674106299877167,0.022996457293629646,0.04455072060227394,0.0243611391633749
34,9,2.445808507502079,0.9544656872749329,1.02333664894104,1.1434661149978638,0.022846516221761703,0.04133070632815361,0.04015376791357994,0.12001296132802963,0.024639621376991272,0.09623951464891434,0.03967555984854698,0.08719982951879501,0.070559561252594,0.11195233464241028,0.055516865104436874,0.0885324701666832,0.07191440463066101,0.07540315389633179,0.197043776512146,0.13573294878005981,0.2266119122505188,0.06709995120763779,0.03093031235039234,0.058540377765893936,0.023776525631546974,0.03230744227766991,0.025130555033683777,0.055968210101127625,0.022435538470745087
34,10,2.4981329016387464,0.9544550776481628,1.0233607292175293,1.1437636613845825,0.02533574029803276,0.039927635341882706,0.05204177647829056,0.13044552505016327,0.02457803674042225,0.10875742882490158,0.06159591302275658,0.023074157536029816,0.07053685933351517,0.13147306442260742,0.05913061648607254,0.14389216899871826,0.07234437763690948,0.08938778936862946,0.1339108943939209,0.19759662449359894,0.1882724165916443,0.08486030250787735,0.026125652715563774,0.055593498051166534,0.02296140044927597,0.03710490092635155,0.024539001286029816,0.046336352825164795,0.023994874209165573
34,11,2.427399445325136,0.9547349810600281,1.021980881690979,1.1434946060180664,0.021463537588715553,0.03763379901647568,0.04872776195406914,0.1321154534816742,0.02311566285789013,0.09646139293909073,0.03415856137871742,0.02763744816184044,0.06966176629066467,0.16169317066669464,0.03282523900270462,0.06542245298624039,0.06797359138727188,0.08862680196762085,0.10071162134408951,0.22791729867458344,0.2481776475906372,0.09747521579265594,0.029409337788820267,0.03575495257973671,0.02335221692919731,0.04007068648934364,0.02344880998134613,0.046944428235292435,0.022578496485948563
34,12,2.458957053348422,0.9541146755218506,1.0223819017410278,1.1439884901046753,0.022118818014860153,0.038720760494470596,0.04836540296673775,0.1277576982975006,0.027353988960385323,0.10518516600131989,0.032030943781137466,0.026753298938274384,0.08137321472167969,0.15869073569774628,0.04382506385445595,0.1133672222495079,0.06569656729698181,0.067844457924366,0.08329048752784729,0.2277730405330658,0.23597323894500732,0.12107685208320618,0.03025755099952221,0.039585262537002563,0.023723185062408447,0.032459646463394165,0.024310965090990067,0.032431136816740036,0.024895334616303444
34,13,2.6474817831069233,0.9537462592124939,1.0221385955810547,1.1455705165863037,0.026099877431988716,0.047983020544052124,0.07419102638959885,0.12258270382881165,0.026706866919994354,0.11619100719690323,0.03325607255101204,0.027439862489700317,0.06951345503330231,0.19534794986248016,0.0509350448846817,0.14399847388267517,0.06634128093719482,0.0771232545375824,0.11097438633441925,0.2924576997756958,0.22484911978244781,0.09953264892101288,0.03371107578277588,0.0526229664683342,0.02637452445924282,0.02478073537349701,0.021818747743964195,0.033672161400318146,0.024686746299266815
34,14,2.6111020226031543,0.9544171690940857,1.0210967063903809,1.1455827951431274,0.023454448208212852,0.04247094690799713,0.06532423198223114,0.1312493532896042,0.028275322169065475,0.13008162379264832,0.03745585307478905,0.024904709309339523,0.06937836110591888,0.1389043629169464,0.06265611201524734,0.1061892881989479,0.056954219937324524,0.08416559547185898,0.14446420967578888,0.27838924527168274,0.22592218220233917,0.1269262284040451,0.02940852753818035,0.04684164747595787,0.025841498747467995,0.027401819825172424,0.02113843709230423,0.03551589325070381,0.023568570613861084
34,15,2.544702026247978,0.9542684555053711,1.0217645168304443,1.1460365056991577,0.022864259779453278,0.0428183376789093,0.05931406468153,0.16302239894866943,0.029500145465135574,0.13233070075511932,0.037911638617515564,0.02248922362923622,0.08202508091926575,0.13463398814201355,0.04095585271716118,0.06239023432135582,0.06320828199386597,0.06819858402013779,0.19457599520683289,0.2316400110721588,0.2586074471473694,0.0997760146856308,0.024169601500034332,0.02315368875861168,0.020394491031765938,0.02369706705212593,0.021790742874145508,0.03670743107795715,0.024112848564982414
34,16,2.7179254554212093,0.9548322558403015,1.020821452140808,1.144851803779602,0.02488384209573269,0.021516015753149986,0.08237914741039276,0.17053712904453278,0.030130235478281975,0.1144055500626564,0.03694606199860573,0.02253764122724533,0.07510778307914734,0.12846797704696655,0.04586534947156906,0.0850534439086914,0.07216807454824448,0.0823981836438179,0.18084147572517395,0.2760666012763977,0.3628842532634735,0.1087246686220169,0.022727912291884422,0.023241229355335236,0.023193633183836937,0.026365043595433235,0.0235578790307045,0.030130047351121902,0.023695174604654312
34,17,2.5842805918306113,0.9548422694206238,1.020475149154663,1.1442885398864746,0.024851715192198753,0.026248721405863762,0.11112216114997864,0.15544883906841278,0.028031596913933754,0.1375313103199005,0.03950326889753342,0.0241828765720129,0.07827908545732498,0.1313667744398117,0.04100741818547249,0.09639796614646912,0.07074932008981705,0.0745181068778038,0.15471546351909637,0.2266884595155716,0.26401227712631226,0.1029873937368393,0.020455654710531235,0.026407362893223763,0.02261742763221264,0.027141405269503593,0.02645770274102688,0.025418506935238838,0.024218585342168808
35,0,54.20093439817428,0.9554615020751953,1.0168070793151855,1.146030306816101,2.697054147720337,1.783509612083435,1.7704973220825195,1.7579846382141113,0.997506320476532,2.3054587841033936,1.7339320182800293,0.99477219581604,3.4709160327911377,1.879668951034546,1.6401376724243164,1.4759974479675293,2.623929262161255,4.985275745391846,1.658881425857544,3.989856243133545,2.3589560985565186,2.1087920665740967,1.0760607719421387,0.7982727289199829,1.3991695642471313,1.9380671977996826,2.4887452125549316,3.836026906967163,1.8078062534332275
35,1,8.907897055894136,0.9607720375061035,1.033589243888855,1.156300663948059,2.7054548263549805,0.2116357386112213,0.05315706506371498,0.030271016061306,0.03489857167005539,0.407317578792572,0.11348773539066315,0.07187682390213013,1.42162024974823,0.026532519608736038,0.07020243257284164,0.24947500228881836,0.6297779679298401,0.378900408744812,0.5068747401237488,0.31090247631073,0.28886017203330994,0.20945852994918823,0.02702143043279648,0.36869844794273376,0.03048824891448021,0.04229354113340378,0.025580015033483505,0.03505146503448486,0.027927663177251816
35,2,10.162552729249,0.9647167325019836,1.0358718633651733,1.1622862815856934,2.851738691329956,0.1715622842311859,0.2972186207771301,0.026402639225125313,0.030815109610557556,0.35782966017723083,0.07928278297185898,0.024572191759943962,1.314780354499817,0.03420029580593109,0.042577724903821945,0.9659962058067322,0.8028202652931213,0.4330046474933624,0.456635057926178,0.32338619232177734,0.1655348539352417,0.0847347155213356,0.2991091012954712,0.5876471996307373,0.022910751402378082,0.052145007997751236,0.025281298905611038,0.05572426691651344,0.02406783401966095
35,3,10.155481645092369,0.960302472114563,1.0218411684036255,1.14867103099823,2.5264596939086914,0.23971699178218842,0.615065336227417,0.04225940629839897,0.024703605100512505,0.26831185817718506,0.07157308608293533,0.02760651335120201,1.2375980615615845,0.025830216705799103,0.06622619181871414,1.1074512004852295,1.5417979955673218,0.5421797037124634,0.21701344847679138,0.24139147996902466,0.12819838523864746,0.0948631763458252,0.1451287865638733,0.04287262260913849,0.14291054010391235,0.0438491553068161,0.030652286484837532,0.07812939584255219,0.027529573068022728
35,4,4.810758825391531,0.9628869891166687,1.0227304697036743,1.1457951068878174,0.025932392105460167,0.15448898077011108,0.14561548829078674,0.11236364394426346,0.043527211993932724,0.036383256316185,0.07389407604932785,0.045372020453214645,0.03089800849556923,0.02241983823478222,0.08553166687488556,0.38774481415748596,1.0406577587127686,0.5278586149215698,0.21507801115512848,0.3038548231124878,0.23128017783164978,0.1678222119808197,0.022253399714827538,0.35552647709846497,0.032621465623378754,0.033807311207056046,0.02650195173919201,0.03948671743273735,0.023555994033813477
35,5,4.7490961637347935,0.9628533124923706,1.019912600517273,1.1471678018569946,0.025607550516724586,0.1640699952840805,0.1133674830198288,0.13774290680885315,0.04305877909064293,0.03654828667640686,0.08491000533103943,0.07657255232334137,0.02931111864745617,0.02424505352973938,0.09414380043745041,0.46963998675346375,0.6352949738502502,0.7580423951148987,0.34280505776405334,0.3195217251777649,0.3289048373699188,0.08341013640165329,0.022176790982484818,0.18656903505325317,0.02625296451151371,0.03570172190666199,0.02311515249311924,0.040309395641088486,0.021787716075778008
35,6,4.414027005806565,0.9601781964302063,1.0186350345611572,1.1499593257904053,0.027444029226899147,0.20243199169635773,0.10860584676265717,0.1434430480003357,0.031344179064035416,0.038496870547533035,0.08127986639738083,0.052952852100133896,0.02598065324127674,0.022385302931070328,0.07418020069599152,0.21982534229755402,0.608940064907074,0.8089745044708252,0.2859622836112976,0.43587782979011536,0.34061959385871887,0.025207441300153732,0.025662260130047798,0.07216374576091766,0.03168981894850731,0.031094448640942574,0.021953042596578598,0.04470698535442352,0.027050292119383812
35,7,4.246165104210377,0.9664928317070007,1.019978404045105,1.14736008644104,0.035608820617198944,0.20870424807071686,0.044913534075021744,0.1090892106294632,0.0343465693295002,0.04996730759739876,0.0524446927011013,0.09508810937404633,0.04047025367617607,0.023382097482681274,0.04764758050441742,0.34728577733039856,0.5329536199569702,0.4757620692253113,0.37645235657691956,0.47712621092796326,0.41505852341651917,0.04774833098053932,0.026825949549674988,0.034827280789613724,0.03233039006590843,0.0341680608689785,0.025069739669561386,0.02718777395784855,0.024940332397818565
35,8,4.808150267228484,0.964049220085144,1.0205471515655518,1.146083950996399,0.030464710667729378,0.16147363185882568,0.03441282734274864,0.07696612179279327,0.03707565367221832,0.04906386882066727,0.031164070591330528,0.12125988304615021,0.041836973279714584,0.02318699099123478,0.03106074035167694,0.2593115270137787,0.3761468529701233,0.4012601971626282,0.3730252683162689,0.5189600586891174,1.2155379056930542,0.19855424761772156,0.025331681594252586,0.03652369976043701,0.033844005316495895,0.035253338515758514,0.023402579128742218,0.025135109201073647,0.021762259304523468
35,9,5.248663416132331,0.9665135741233826,1.0191963911056519,1.1460602283477783,0.02791854925453663,0.36473578214645386,0.04353685677051544,0.04383174329996109,0.04206172376871109,0.048593029379844666,0.02684612199664116,0.023208389058709145,0.059345368295907974,0.01964574120938778,0.025059744715690613,0.4128876030445099,0.34345802664756775,0.3068130314350128,0.5262987017631531,0.47842341661453247,1.3450406789779663,0.2817239761352539,0.02655068226158619,0.03150307014584541,0.035876303911209106,0.03250998258590698,0.026131363585591316,0.029747841879725456,0.020561648532748222
35,10,5.243787055835128,0.9663581252098083,1.017716884613037,1.1454981565475464,0.027548199519515038,0.31458646059036255,0.041704438626766205,0.027974281460046768,0.02413693256676197,0.051426950842142105,0.025064364075660706,0.02918396331369877,0.07299546152353287,0.022694682702422142,0.02873872220516205,0.29080599546432495,0.25835663080215454,0.3215646743774414,1.0270942449569702,0.08480153232812881,1.353735327720642,0.41933906078338623,0.024490229785442352,0.03127773851156235,0.03534568473696709,0.03307102993130684,0.021994125097990036,0.02573837898671627,0.024203311651945114
35,11,2.4791124671697617,0.9659612774848938,1.017411470413208,1.147124171257019,0.025981301441788673,0.3545626401901245,0.0433523952960968,0.026086000725626945,0.026328058913350105,0.05726611986756325,0.028034107759594917,0.030362119898200035,0.0812235102057457,0.024093618616461754,0.028084808960556984,0.2635279893875122,0.18127913773059845,0.07714264839887619,0.25632137060165405,0.07282357662916183,0.042544130235910416,0.027644917368888855,0.023867450654506683,0.031785737723112106,0.041574858129024506,0.03241166099905968,0.024319380521774292,0.02839534915983677,0.024000193923711777
35,12,2.399311889335513,0.9640876650810242,1.017094373703003,1.14668869972229,0.02338186651468277,0.30850815773010254,0.03628181666135788,0.027985133230686188,0.02805384062230587,0.056294847279787064,0.0260765440762043,0.03236806020140648,0.08231857419013977,0.020871298387646675,0.025807105004787445,0.1743318736553192,0.2187175154685974,0.08717162907123566,0.2614232003688812,0.08662713319063187,0.03869931772351265,0.02765640988945961,0.029046323150396347,0.034278590232133865,0.040407851338386536,0.03263995423913002,0.02419457584619522,0.027792848646640778,0.022803274914622307
35,13,2.3092525478452446,0.9631693959236145,1.0169545412063599,1.1481221914291382,0.027500081807374954,0.23146405816078186,0.03993489593267441,0.03256974369287491,0.030054422095417976,0.05693042650818825,0.025716226547956467,0.043796028941869736,0.09385576844215393,0.02348073571920395,0.02627587877213955,0.04489031806588173,0.1852216124534607,0.09727371484041214,0.4085453450679779,0.07212181389331818,0.033024873584508896,0.02786209248006344,0.029170405119657516,0.024309108033776283,0.025373194366693497,0.031629953533411026,0.02427673153579235,0.027942394837737083,0.020383497700095177
35,14,2.159812271595001,0.9627509713172913,1.0169235467910767,1.1488239765167236,0.025886759161949158,0.12236061692237854,0.03464353457093239,0.05716211721301079,0.025748644024133682,0.03434617817401886,0.02963641658425331,0.05038073658943176,0.09710221737623215,0.023966018110513687,0.024334650486707687,0.04511021450161934,0.18815089762210846,0.07995525002479553,0.37981706857681274,0.08208950608968735,0.032684650272130966,0.024495216086506844,0.02428635023534298,0.02588515542447567,0.023206349462270737,0.028400486335158348,0.023628702387213707,0.026621514931321144,0.02421332150697708
35,15,2.322961649671197,0.9604197144508362,1.0168765783309937,1.1476250886917114,0.024091120809316635,0.11641978472471237,0.0370161347091198,0.05459238961338997,0.025332022458314896,0.03464321047067642,0.029731765389442444,0.06824374198913574,0.09007838368415833,0.02369333617389202,0.025265546515583992,0.042372964322566986,0.20730170607566833,0.09393449872732162,0.49616682529449463,0.10463830828666687,0.027928262948989868,0.025218822062015533,0.026876559481024742,0.021451221778988838,0.022415077313780785,0.03215283527970314,0.023335622623562813,0.02161637507379055,0.023460857570171356
35,16,2.323591447249055,0.9591020345687866,1.0170198678970337,1.1469085216522217,0.022805146872997284,0.17126454412937164,0.02996508590877056,0.05871516093611717,0.022325200960040092,0.03461486101150513,0.026903923600912094,0.05227101966738701,0.05923352763056755,0.023542748764157295,0.028958387672901154,0.03520984575152397,0.16807614266872406,0.09203407913446426,0.5866219401359558,0.0553835853934288,0.0285826213657856,0.024368474259972572,0.025118088349699974,0.020724931731820107,0.035307131707668304,0.030390145257115364,0.024226125329732895,0.02313719503581524,0.019205449149012566
35,17,1.8438676085323096,0.9587768316268921,1.016968846321106,1.147842526435852,0.025091437622904778,0.14482295513153076,0.03243449702858925,0.07371824979782104,0.024571605026721954,0.03287111222743988,0.028058983385562897,0.04029184579849243,0.05969250574707985,0.021712452173233032,0.02459004893898964,0.03271772339940071,0.2044140249490738,0.09865854680538177,0.08511704206466675,0.048590391874313354,0.028193889185786247,0.0254482664167881,0.025881579145789146,0.02261459082365036,0.036411210894584656,0.03365558385848999,0.021426452323794365,0.02697690762579441,0.02118806540966034
35,18,1.8263103362172841,0.9580457806587219,1.0176055431365967,1.1472724676132202,0.026771174743771553,0.1433781385421753,0.03319473937153816,0.06065798178315163,0.025294747203588486,0.03833736106753349,0.02257293276488781,0.038040678948163986,0.05405803024768829,0.024751534685492516,0.0313161239027977,0.03234654292464256,0.1921815425157547,0.07831279933452606,0.10400568693876266,0.05463245511054993,0.0243089497089386,0.022009948268532753,0.02736651711165905,0.02411680668592453,0.03914487361907959,0.03058052994310856,0.02378876879811287,0.025737278163433075,0.02481943555176258
35,19,1.8776315357536077,0.9576310515403748,1.0175607204437256,1.147661566734314,0.02592715434730053,0.1603417992591858,0.03663689270615578,0.07651934027671814,0.02509491890668869,0.03815631568431854,0.023388713598251343,0.039005160331726074,0.05917393043637276,0.024134686216711998,0.03252260386943817,0.030276726931333542,0.20918838679790497,0.08145477622747421,0.11006409674882889,0.054464008659124374,0.026468435302376747,0.02554457262158394,0.02396787516772747,0.02224731631577015,0.028712783008813858,0.02913661114871502,0.023927731439471245,0.024667123332619667,0.022038908675312996
35,20,1.8161849040538072,0.957023024559021,1.0175931453704834,1.1475551128387451,0.022544657811522484,0.11948073655366898,0.036592964082956314,0.06416596472263336,0.026119114831089973,0.037424877285957336,0.025036990642547607,0.03513433411717415,0.055864471942186356,0.026381665840744972,0.03041858971118927,0.027908679097890854,0.21868614852428436,0.06317560374736786,0.11682429164648056,0.06029607355594635,0.025959327816963196,0.021974705159664154,0.025880912318825722,0.02309693582355976,0.02940545789897442,0.030156560242176056,0.020233364775776863,0.02571803703904152,0.02327018231153488
35,21,1.9298605222254992,0.9562746286392212,1.0179526805877686,1.1475006341934204,0.024634113535284996,0.18150469660758972,0.03616933152079582,0.07112324237823486,0.025358108803629875,0.033195290714502335,0.023983914405107498,0.03365030512213707,0.041499827057123184,0.021430492401123047,0.029242172837257385,0.036361370235681534,0.27906334400177,0.07786378264427185,0.1147775799036026,0.05024285987019539,0.026589149609208107,0.022510221228003502,0.023812927305698395,0.023701107129454613,0.030791861936450005,0.02846142090857029,0.022821353748440742,0.0243898443877697,0.02233661524951458
35,22,1.941664782166481,0.9562232494354248,1.0174260139465332,1.1476186513900757,0.026056639850139618,0.16285012662410736,0.0495440848171711,0.0836472287774086,0.025059150531888008,0.03841281309723854,0.024204071611166,0.02754313498735428,0.0381903238594532,0.022513989359140396,0.0328938253223896,0.031096620485186577,0.3251499533653259,0.07068351656198502,0.0919422060251236,0.05569710582494736,0.022264430299401283,0.026172040030360222,0.021280597895383835,0.022033605724573135,0.02196531929075718,0.027413150295615196,0.02395804226398468,0.02556249499320984,0.021276727318763733
35,23,2.00527708530426,0.9563103914260864,1.0174291133880615,1.146978735923767,0.024203890934586525,0.16990260779857635,0.040054939687252045,0.0910211056470871,0.026783404871821404,0.031071539968252182,0.023805048316717148,0.028030363842844963,0.03426085412502289,0.021732868626713753,0.032465144991874695,0.03443127125501633,0.37287086248397827,0.08253300189971924,0.08678475022315979,0.06605613231658936,0.022712182253599167,0.024831144139170647,0.022502491250634193,0.020487580448389053,0.021559087559580803,0.027631208300590515,0.026197524741292,0.02639775536954403,0.022806676104664803
35,24,2.108729987964034,0.9567809104919434,1.0174291133880615,1.147178053855896,0.026071511209011078,0.16023489832878113,0.056320127099752426,0.08292070776224136,0.024095576256513596,0.036334164440631866,0.026641961187124252,0.02537054754793644,0.03360317647457123,0.023290583863854408,0.031111866235733032,0.036744438111782074,0.46413278579711914,0.08921217918395996,0.08874346315860748,0.062427766621112823,0.022540675476193428,0.02421944960951805,0.029136115685105324,0.02445085719227791,0.022559508681297302,0.024464448913931847,0.024530606344342232,0.02201133966445923,0.023283617570996284
36,0,54.10791331529617,0.9592043161392212,1.018566608428955,1.1464166641235352,3.340925455093384,1.3840337991714478,1.4633569717407227,1.2991342544555664,0.9628527760505676,3.1993393898010254,1.9331128597259521,1.040836215019226,3.3261148929595947,2.0716521739959717,2.644713878631592,1.7844513654708862,2.211623191833496,4.304718971252441,1.7393947839736938,3.4602057933807373,2.3385684490203857,1.7897051572799683,2.061908721923828,0.7296116352081299,1.5185863971710205,1.4476754665374756,2.0305933952331543,3.196526288986206,2.2034335136413574
36,1,7.620067263394594,0.9531450271606445,1.0144319534301758,1.1641731262207031,3.344977378845215,0.13971148431301117,0.09006208181381226,0.03072412498295307,0.07381808012723923,0.4199998378753662,0.0852876752614975,0.19359704852104187,0.6660301685333252,0.02965066209435463,0.04129399359226227,0.2203405797481537,0.3003736138343811,0.15691693127155304,0.2577109634876251,0.18986818194389343,0.4667990803718567,0.05116129294037819,0.035100433975458145,0.04126647859811783,0.0457906574010849,0.025280404835939407,0.02750987559556961,0.03316069394350052,0.027285518124699593
36,2,7.950460295379162,0.9556581974029541,1.0146440267562866,1.1581145524978638,3.3452868461608887,0.29836246371269226,0.0812348946928978,0.06826744228601456,0.22390539944171906,0.03715498372912407,0.058515582233667374,0.23806650936603546,0.055685143917798996,0.028127558529376984,0.058665573596954346,0.610254168510437,0.3150465488433838,0.1496059000492096,0.41860419511795044,0.20893579721450806,0.7882461547851562,0.10188113152980804,0.024841224774718285,0.03809617459774017,0.06215963885188103,0.03611023724079132,0.026186736300587654,0.02587936632335186,0.02565726824104786
36,3,4.9723915126174685,0.9559921026229858,1.014418363571167,1.1529061794281006,0.03283189982175827,0.5353963375091553,0.0878056064248085,0.0747951790690422,0.24410751461982727,0.03208361938595772,0.032369937747716904,0.09814179688692093,0.03183171898126602,0.03301370143890381,0.06305723637342453,0.08533322066068649,0.6508689522743225,0.19272840023040771,0.2653169631958008,0.3850528299808502,0.9924866557121277,0.28723782300949097,0.02367304638028145,0.04023945704102516,0.043933168053627014,0.037362951785326004,0.023864714428782463,0.030085714533925056,0.0241097379475832
36,4,3.6168720964342356,0.962791919708252,1.0155017375946045,1.144014596939087,0.022331146523356438,0.5989793539047241,0.2818896472454071,0.0776674747467041,0.09424286335706711,0.034491654485464096,0.057582952082157135,0.1639738529920578,0.02750164270401001,0.04065448418259621,0.03555698320269585,0.09571688622236252,0.26654568314552307,0.16238979995250702,0.5542429089546204,0.2234245240688324,0.030018096789717674,0.02543819695711136,0.025536710396409035,0.023011963814496994,0.04193728044629097,0.030922509729862213,0.021845929324626923,0.03494454175233841,0.02156335860490799
36,5,4.024383055418729,0.9568754434585571,1.0168027877807617,1.1451120376586914,0.02472863905131817,0.8329408168792725,0.525535523891449,0.05915216729044914,0.07244814932346344,0.03245667740702629,0.08870425820350647,0.20787300169467926,0.029836274683475494,0.03566776588559151,0.0401817187666893,0.09974954277276993,0.1355912685394287,0.09280969947576523,0.7072449922561646,0.15933570265769958,0.022820664569735527,0.05199969559907913,0.02649179846048355,0.02460200898349285,0.02429959923028946,0.02937752567231655,0.025486133992671967,0.029848050326108932,0.021443326026201248
36,6,4.290332093089819,0.9568114876747131,1.0164170265197754,1.1463730335235596,0.023395922034978867,0.9970964193344116,0.241274893283844,0.024817708879709244,0.08806303143501282,0.035328201949596405,0.08147475868463516,0.09740765392780304,0.030174367129802704,0.041987065225839615,0.05681989714503288,0.12187020480632782,0.14711874723434448,0.10107089579105377,1.1292964220046997,0.16626617312431335,0.023178288713097572,0.08443225175142288,0.023194031789898872,0.023349259048700333,0.022782448679208755,0.024699829518795013,0.02170899137854576,0.035556159913539886,0.024048160761594772
36,7,3.4940779279917478,0.958570122718811,1.0162439346313477,1.145738959312439,0.027047524228692055,0.17204560339450836,0.04599142447113991,0.048104483634233475,0.07903509587049484,0.03872251138091087,0.034470945596694946,0.30929070711135864,0.029321610927581787,0.02953433059155941,0.039412859827280045,0.1102837547659874,0.09260783344507217,0.12576036155223846,1.250014305114746,0.11479956656694412,0.024291574954986572,0.1253739297389984,0.023210128769278526,0.02484864369034767,0.02499941550195217,0.025511516258120537,0.02294212207198143,0.02912413328886032,0.023222941905260086
36,8,3.0126137740910055,0.9588925838470459,1.0176633596420288,1.1450541019439697,0.025054728612303734,0.15659168362617493,0.03755203261971474,0.04488905891776085,0.0921623557806015,0.04282624274492264,0.022609617561101913,0.1897863894701004,0.030864255502820015,0.033471670001745224,0.027975155040621758,0.13844238221645355,0.08712399750947952,0.2023545503616333,0.9533319473266602,0.07396125793457031,0.02400909550487995,0.03216414526104927,0.019269000738859177,0.02406284585595131,0.02739706076681614,0.027396908029913902,0.021181615069508553,0.028897186741232872,0.02491658180952072
36,9,3.406027195230126,0.959963858127594,1.017652988433838,1.1435970067977905,0.02372860349714756,0.14604787528514862,0.038559507578611374,0.0383700467646122,0.06512821465730667,0.038926590234041214,0.028922734782099724,0.32085058093070984,0.028962956741452217,0.02540593594312668,0.02464665286242962,0.16709856688976288,0.10362455248832703,0.13033990561962128,1.2928199768066406,0.06912816315889359,0.02406391128897667,0.03496633097529411,0.023977072909474373,0.023719504475593567,0.02397729456424713,0.026088731363415718,0.025283176451921463,0.0329899787902832,0.024157559499144554
36,10,1.8525958508253098,0.9587517380714417,1.0166453123092651,1.1453903913497925,0.02276945859193802,0.030378617346286774,0.0381285585463047,0.07428659498691559,0.044900260865688324,0.04064294695854187,0.024034885689616203,0.041540469974279404,0.035440441220998764,0.021843742579221725,0.026257390156388283,0.06843847781419754,0.18359173834323883,0.1723555028438568,0.09261312335729599,0.081362284719944,0.02151460573077202,0.034855712205171585,0.02305450662970543,0.024475742131471634,0.02549835667014122,0.030546890571713448,0.021567845717072487,0.0236852765083313,0.02465493232011795
36,11,1.85932542309165,0.9583763480186462,1.0166282653808594,1.1455422639846802,0.02370651811361313,0.03042997233569622,0.039303332567214966,0.06184849143028259,0.0497514083981514,0.03528439626097679,0.033434007316827774,0.040757760405540466,0.03111271560192108,0.024049077183008194,0.02218463085591793,0.14965829253196716,0.15485075116157532,0.13835808634757996,0.08677999675273895,0.0806000754237175,0.021955696865916252,0.03619059920310974,0.02435147576034069,0.02273610606789589,0.027789195999503136,0.02773057483136654,0.020254433155059814,0.02879050001502037,0.023307953029870987
36,12,1.8705785885453223,0.9598987102508545,1.0162500143051147,1.1445300579071045,0.023716507479548454,0.02690993808209896,0.0379127599298954,0.053956616669893265,0.053758904337882996,0.04046234115958214,0.037254173308610916,0.048805058002471924,0.029387356713414192,0.024686578661203384,0.024465316906571388,0.16360162198543549,0.163730651140213,0.13438639044761658,0.07819124311208725,0.06865634769201279,0.024570317938923836,0.03233630582690239,0.02156524732708931,0.025826888158917427,0.028140876442193985,0.028470315039157867,0.020511645823717117,0.03188389539718628,0.02325553447008133
36,13,2.0824337184429167,0.9591884613037109,1.0169061422348022,1.1449311971664429,0.024015329778194427,0.024133281782269478,0.06250867992639542,0.04978236183524132,0.07529830932617188,0.031801894307136536,0.050382453948259354,0.03376920148730278,0.03584310784935951,0.024304142221808434,0.02639668993651867,0.12841849029064178,0.2555813193321228,0.23305492103099823,0.0828050971031189,0.08486904203891754,0.024057963863015175,0.03462596237659454,0.023331552743911743,0.023692816495895386,0.030926933512091637,0.02617374248802662,0.0239842738956213,0.024701112881302834,0.02376987785100937
36,14,1.904502807557583,0.9592241048812866,1.0169963836669922,1.144866943359375,0.022961530834436417,0.02198697254061699,0.04295671731233597,0.06325788795948029,0.04918405041098595,0.03234288841485977,0.05299826338887215,0.03913714364171028,0.02986741065979004,0.021230563521385193,0.023388417437672615,0.17202864587306976,0.1984337568283081,0.11121607571840286,0.0894438773393631,0.07629625499248505,0.024821598082780838,0.03470814600586891,0.02353154681622982,0.022374406456947327,0.022147800773382187,0.026821332052350044,0.024871155619621277,0.02788701094686985,0.02639186754822731
36,15,1.9050093706697226,0.9586077928543091,1.0171949863433838,1.1449133157730103,0.022302623838186264,0.021966077387332916,0.037299007177352905,0.06736589223146439,0.055961091071367264,0.03312625735998154,0.04276597499847412,0.04065234214067459,0.030700502917170525,0.021192019805312157,0.02515851892530918,0.1537426859140396,0.2515127658843994,0.11172517389059067,0.08353611826896667,0.0487397164106369,0.02412133477628231,0.03777259960770607,0.023374006152153015,0.024641335010528564,0.02487519569694996,0.02447286807000637,0.02330312691628933,0.023266581818461418,0.027292335405945778
36,16,1.8870067320764066,0.9567925930023193,1.0164645910263062,1.1446986198425293,0.025305891409516335,0.027245597913861275,0.032004740089178085,0.06875589489936829,0.050885215401649475,0.02983056753873825,0.038209468126297,0.03979288041591644,0.031050195917487144,0.023088105022907257,0.02270510047674179,0.22492174804210663,0.20730037987232208,0.11142819374799728,0.07334064692258835,0.03745112195611,0.02311531826853752,0.03651674836874008,0.02096065878868103,0.021057618781924248,0.024262040853500366,0.024544501677155495,0.02439117059111595,0.024027030915021896,0.02122473530471325
37,0,53.90003536939621,0.9554615020751953,1.0168070793151855,1.146030306816101,3.1436991691589355,2.3068554401397705,1.3224629163742065,0.6930102705955505,1.746956467628479,2.5115087032318115,1.7890263795852661,1.6914355754852295,3.260552406311035,2.0062801837921143,2.5861313343048096,1.4349910020828247,2.451478958129883,4.086174964904785,1.368666172027588,4.142810344696045,2.77579927444458,1.2066586017608643,1.3320719003677368,0.9191216230392456,1.5309172868728638,1.9572060108184814,1.6466000080108643,3.5686488151550293,1.797311782836914
37,1,6.686575010791421,0.953566312789917,1.01910400390625,1.1428518295288086,0.03560042008757591,0.06794372200965881,0.11143500357866287,0.1391918957233429,0.040080826729536057,0.08336012065410614,0.08092930167913437,0.09414254128932953,0.1089688315987587,0.029052328318357468,2.446826934814453,0.09985919296741486,0.32297223806381226,0.8946020603179932,0.2776375114917755,0.10719452798366547,0.2163253128528595,0.6732911467552185,0.030596353113651276,0.02434387616813183,0.02224765345454216,0.034770313650369644,0.03157300502061844,0.041089948266744614,0.04943551495671272
37,2,5.338713276386261,0.9530022144317627,1.0171914100646973,1.1408674716949463,0.032622501254081726,0.44173386693000793,0.11806656420230865,0.24244055151939392,0.06019359454512596,0.07553775608539581,0.11531686037778854,0.09871254861354828,0.12729427218437195,0.024877531453967094,0.04928561672568321,0.10253538191318512,1.2970938682556152,0.4444526135921478,0.1830729842185974,0.3343624174594879,0.20574553310871124,0.5298821330070496,0.028279222548007965,0.028372872620821,0.02105814777314663,0.0375763475894928,0.042687635868787766,0.03582243621349335,0.03947779908776283
37,3,5.154030897095799,0.9543540477752686,1.0176541805267334,1.1463159322738647,0.02345973625779152,0.579853355884552,0.165891632437706,0.16730418801307678,0.04065835103392601,0.058771271258592606,0.17835167050361633,0.03797884285449982,0.08430147916078568,0.02566464990377426,0.05578227713704109,0.0735517144203186,0.6903931498527527,0.9312682151794434,0.19173288345336914,0.36635467410087585,0.09720305353403091,0.5324833393096924,0.02628045715391636,0.02673714980483055,0.027780037373304367,0.03805923834443092,0.04337602108716965,0.034171633422374725,0.0329570434987545
37,4,3.5143392857164146,0.9563208222389221,1.0171644687652588,1.1418695449829102,0.026602866128087044,0.11223911494016647,0.2644523084163666,0.04779471084475517,0.03414996713399887,0.07509905844926834,0.07337082922458649,0.03872149437665939,0.03352532535791397,0.04842473939061165,0.03710457682609558,0.10827402025461197,0.47135937213897705,0.11237259954214096,0.1038648784160614,0.7132290601730347,0.10056019574403763,0.3078531324863434,0.02579689957201481,0.03301125764846802,0.02803039364516735,0.026248792186379433,0.022601276636123657,0.024826638400554657,0.021754810586571693
37,5,3.4524277690798044,0.9550432562828064,1.0155943632125854,1.1431891918182373,0.02628970332443714,0.17595554888248444,0.17949706315994263,0.05335590988397598,0.07028515636920929,0.0571451336145401,0.08658378571271896,0.038207169622182846,0.0460924357175827,0.03071584552526474,0.0457867868244648,0.09831567853689194,0.400896281003952,0.10211341828107834,0.16251140832901,0.709044873714447,0.1210177019238472,0.2388526350259781,0.02743595838546753,0.030353397130966187,0.028666500002145767,0.02858608588576317,0.02320624329149723,0.02428414113819599,0.02446354553103447
37,6,3.8641591645777225,0.9559975862503052,1.015259861946106,1.144850254058838,0.025526059791445732,0.2838205099105835,0.17622485756874084,0.054433055222034454,0.06000738963484764,0.051524579524993896,0.10404276847839355,0.05824359506368637,0.04076477140188217,0.031820543110370636,0.05956517159938812,0.1049753725528717,0.4333150088787079,0.09433947503566742,0.17396748065948486,0.8296185731887817,0.1665864884853363,0.3037905991077423,0.02510819584131241,0.03958795592188835,0.02501649037003517,0.02639339119195938,0.026216452941298485,0.024756576865911484,0.02129226177930832
37,7,3.6758954886347057,0.9546151757240295,1.0144504308700562,1.1477996110916138,0.027562834322452545,0.2539064288139343,0.15746137499809265,0.09265648573637009,0.05294206365942955,0.05100720003247261,0.04008952155709267,0.029064105823636055,0.029983337968587875,0.029618730768561363,0.025063930079340935,0.14665836095809937,0.46910038590431213,0.09997927397489548,0.24183320999145508,0.696783185005188,0.16697290539741516,0.271524578332901,0.02241498976945877,0.03151417523622513,0.02360362559556961,0.02357328310608864,0.0214016605168581,0.024706197902560234,0.0231005996465683
37,8,3.633122364804149,0.9545806646347046,1.0143965482711792,1.1479246616363525,0.02547021396458149,0.07058622688055038,0.2370232343673706,0.050464604049921036,0.04101109877228737,0.06866507977247238,0.039235446602106094,0.044976502656936646,0.0334809236228466,0.03336300700902939,0.02164182998239994,0.18813692033290863,0.3886268138885498,0.10309696197509766,0.37390977144241333,0.68379145860672,0.26542189717292786,0.1609424650669098,0.023360205814242363,0.022319434210658073,0.023809731006622314,0.027846070006489754,0.025931280106306076,0.0323650985956192,0.02426571398973465
37,9,3.5604585822671653,0.9539836645126343,1.0143941640853882,1.147507905960083,0.026676014065742493,0.0841159075498581,0.1354212760925293,0.03610529378056526,0.028109215199947357,0.05904673784971237,0.035207439213991165,0.07538743317127228,0.03345636650919914,0.03034922666847706,0.023555457592010498,0.19316989183425903,0.5374955534934998,0.0885421559214592,0.15701143443584442,0.780365526676178,0.27322083711624146,0.1672719568014145,0.023055192083120346,0.023985203355550766,0.022650165483355522,0.028904316946864128,0.02512885443866253,0.02511466294527054,0.023935316130518913
37,10,3.8242479536682366,0.9546653032302856,1.0144726037979126,1.1461342573165894,0.02460988610982895,0.08685294538736343,0.12076961249113083,0.03778595104813576,0.028114862740039825,0.04815500229597092,0.03353951498866081,0.06223049759864807,0.0339081697165966,0.03592865169048309,0.020504716783761978,0.26065388321876526,0.8275343775749207,0.08918669819831848,0.2399059683084488,0.6660059690475464,0.2702074348926544,0.13486094772815704,0.023374857380986214,0.022134071215987206,0.023406093940138817,0.028608955442905426,0.024536672979593277,0.03126584365963936,0.02711193636059761
37,11,3.0362946346402166,0.9555566310882568,1.0147013664245605,1.1458134651184082,0.027024967595934868,0.07824268937110901,0.05351334810256958,0.0335899256169796,0.03360222652554512,0.045122914016246796,0.027540359646081924,0.05239403620362282,0.02931603416800499,0.03032512776553631,0.025827640667557716,0.34811609983444214,0.5658919215202332,0.06868446618318558,0.2640327215194702,0.3837675154209137,0.13697007298469543,0.03134472668170929,0.02343856915831566,0.024388937279582024,0.022202016785740852,0.025641292333602905,0.026270153000950813,0.030472099781036377,0.025360479950904846
37,12,3.3609123658388853,0.9561046957969666,1.014768123626709,1.1454871892929077,0.02609657309949398,0.1115935668349266,0.0537373349070549,0.03963782638311386,0.047221507877111435,0.05429797247052193,0.02549358457326889,0.04544676095247269,0.030005797743797302,0.02739202417433262,0.027947138994932175,0.5585432648658752,0.6668221950531006,0.11618722975254059,0.4766460657119751,0.06769202649593353,0.14938360452651978,0.03847190737724304,0.024657631292939186,0.026366841048002243,0.023045239970088005,0.02587917447090149,0.025298573076725006,0.026105741038918495,0.023670781403779984
37,13,3.337293443456292,0.9562537670135498,1.0149856805801392,1.1443933248519897,0.028549756854772568,0.13575075566768646,0.050660140812397,0.034490540623664856,0.036560095846652985,0.03901153802871704,0.023695189505815506,0.0407867357134819,0.030688388273119926,0.030508900061249733,0.027235904708504677,0.6977895498275757,0.3949262797832489,0.11572614312171936,0.6477319598197937,0.08376477658748627,0.08468522876501083,0.035742953419685364,0.025867363438010216,0.021534636616706848,0.024467872455716133,0.026494406163692474,0.02330341562628746,0.03075636923313141,0.0234379880130291
37,14,3.547872056812048,0.956093966960907,1.0152679681777954,1.145156741142273,0.02318737469613552,0.10171772539615631,0.050652507692575455,0.03037882037460804,0.03185313940048218,0.03658179193735123,0.02316998690366745,0.06897975504398346,0.03459540009498596,0.032230209559202194,0.02581481635570526,0.6610159277915955,0.39990922808647156,0.10962393134832382,0.9013600945472717,0.08331127464771271,0.08815748244524002,0.05209556594491005,0.02319992519915104,0.023101499304175377,0.02020367793738842,0.02662109024822712,0.02370239607989788,0.028928371146321297,0.024176329374313354
37,15,3.415371669828892,0.9557523131370544,1.0150649547576904,1.1444965600967407,0.02467194013297558,0.12534970045089722,0.05185706913471222,0.026736851781606674,0.04146086424589157,0.04136693477630615,0.026677394285798073,0.0523889921605587,0.03356923535466194,0.03609611093997955,0.028648369014263153,0.7648851871490479,0.31947559118270874,0.054769329726696014,0.7784035801887512,0.08942554146051407,0.09253028780221939,0.024378959089517593,0.030326656997203827,0.022248530760407448,0.021983077749609947,0.02781456895172596,0.02339041978120804,0.031004752963781357,0.022848958149552345
37,16,3.4484298937022686,0.955557644367218,1.0155071020126343,1.1436209678649902,0.020205901935696602,0.12820029258728027,0.05491476133465767,0.02939380332827568,0.054581500589847565,0.047448985278606415,0.024802004918456078,0.08611617982387543,0.03345535323023796,0.029218262061476707,0.024933690205216408,0.9425032734870911,0.27985209226608276,0.05423640087246895,0.6422401666641235,0.09358470141887665,0.07934103161096573,0.025985155254602432,0.022174127399921417,0.025235943496227264,0.023403147235512733,0.02558116242289543,0.02344963327050209,0.028854532167315483,0.02578064799308777
37,17,3.2114144176244737,0.9558882117271423,1.0154283046722412,1.1440008878707886,0.021355759352445602,0.13838255405426025,0.05677033215761185,0.028669394552707672,0.05672912672162056,0.04677100479602814,0.021947229281067848,0.09261175990104675,0.03464793413877487,0.025502361357212067,0.030699996277689934,0.5315532088279724,0.26420485973358154,0.0584491528570652,0.7945206165313721,0.113730788230896,0.06838002800941467,0.02454989217221737,0.025329871103167534,0.025281677022576332,0.023302283138036728,0.025232208892703056,0.023999538272619247,0.02805226482450962,0.02767709456384182
38,0,52.50856142044067,0.9554615020751953,1.0168070793151855,1.146030306816101,2.176307439804077,2.0523228645324707,1.1218029260635376,1.0236008167266846,0.8962099552154541,1.9714165925979614,1.9732824563980103,1.0365760326385498,3.3103291988372803,2.1590142250061035,1.9864109754562378,1.6125085353851318,2.7244138717651367,3.8886988162994385,1.5702495574951172,4.255978107452393,3.2063586711883545,1.4371938705444336,1.9662330150604248,1.0690981149673462,1.3031258583068848,1.855150580406189,1.736517071723938,3.7718100547790527,1.78029203414917
38,1,7.334988433867693,0.9520686268806458,1.0418064594268799,1.1440540552139282,2.1462481021881104,0.05651930347084999,0.21566782891750336,0.09086731821298599,0.023977776989340782,0.5385769009590149,0.07563468813896179,0.04344886913895607,1.434935212135315,0.024836815893650055,0.05525250360369682,0.0968070775270462,0.6647107601165771,0.09708721190690994,0.2440265268087387,0.22157594561576843,0.0759378969669342,0.0760040134191513,0.09133996069431305,0.04142775014042854,0.274725079536438,0.03427042067050934,0.02271239645779133,0.02759566530585289,0.033216580748558044
38,2,8.429067925363778,0.9522823095321655,1.0183480978012085,1.1415019035339355,2.1166863441467285,0.023982800543308258,0.2942879796028137,0.04010868817567825,0.03185150399804115,0.5152304768562317,0.03581145778298378,0.07268287986516953,1.7730308771133423,0.024845343083143234,0.051381852477788925,0.5600790977478027,0.8727364540100098,0.16089195013046265,0.5165888071060181,0.12186143547296524,0.05419737473130226,0.05610967054963112,0.07086047530174255,0.044059138745069504,0.25170066952705383,0.030479632318019867,0.02378886379301548,0.029824623838067055,0.03356306627392769
38,3,9.266902588680386,0.9531905651092529,1.0145663022994995,1.1421105861663818,2.2018089294433594,0.02825143188238144,0.3058910667896271,0.13245317339897156,0.0639762431383133,0.653307318687439,0.030241750180721283,0.043453264981508255,1.8991121053695679,0.0267980694770813,0.07657758891582489,1.0344760417938232,0.6347673535346985,0.580711305141449,0.29130420088768005,0.140028715133667,0.02313852123916149,0.04741353541612625,0.024634728208184242,0.04489665478467941,0.2476259171962738,0.03838104382157326,0.02251889556646347,0.028804942965507507,0.0243563000112772
38,4,5.451539833843708,0.952606201171875,1.0173674821853638,1.1451835632324219,0.03142385184764862,0.04649840667843819,0.1605796068906784,0.1067558228969574,0.026544753462076187,0.07043875008821487,0.030184118077158928,0.030814845114946365,0.0943983644247055,0.026055078953504562,0.14055819809436798,0.2894464135169983,0.4618675112724304,0.632744550704956,2.1715118885040283,0.11124972254037857,0.04378420114517212,0.04513589292764664,0.02447480335831642,0.06465379893779755,0.09818457067012787,0.03688577935099602,0.022908061742782593,0.0383586660027504,0.02305072732269764
38,5,6.292821429669857,0.9525338411331177,1.0170718431472778,1.144677996635437,0.05153781920671463,0.037305619567632675,0.1323985457420349,0.1290207952260971,0.042052220553159714,0.0692160353064537,0.03802315518260002,0.03238790109753609,0.09201648086309433,0.02434633858501911,0.14688287675380707,0.512222945690155,0.42612984776496887,0.8519128561019897,2.456732988357544,0.11956844478845596,0.06576278805732727,0.05554942414164543,0.03313472121953964,0.07452141493558884,0.1454903483390808,0.043606482446193695,0.023308103904128075,0.04476900398731232,0.022067535668611526
38,6,7.613190030306578,0.9528630971908569,1.0185272693634033,1.1429452896118164,0.04141126200556755,0.034460801631212234,0.21112994849681854,0.1349298506975174,0.07347079366445541,0.06393805891275406,0.05695798620581627,0.03309797868132591,0.05910762771964073,0.02020152099430561,0.05090244114398956,0.23372741043567657,0.26146772503852844,1.993979573249817,3.097321033477783,0.13807673752307892,0.03532378748059273,0.025066757574677467,0.046047769486904144,0.09019070863723755,0.1628570556640625,0.03415748476982117,0.02552960254251957,0.044329073280096054,0.022639909759163857
38,7,5.098566710948944,0.953675389289856,1.0181565284729004,1.143956184387207,0.044174887239933014,0.04286936670541763,0.27957916259765625,0.10535384714603424,0.031371258199214935,0.04794040694832802,0.03688279166817665,0.03082066774368286,0.04819256812334061,0.021829703822731972,0.05546386167407036,0.1128009706735611,0.1799536496400833,1.286839246749878,1.7100937366485596,0.16405941545963287,0.026827724650502205,0.030566347762942314,0.044349029660224915,0.026727207005023956,0.04674650356173515,0.029109403491020203,0.024112116545438766,0.02521141804754734,0.02353379875421524
38,8,6.125683244690299,0.9540152549743652,1.0178660154342651,1.1442440748214722,0.038032304495573044,0.050376687198877335,0.2790031135082245,0.1318158656358719,0.0315433032810688,0.05162770673632622,0.03824910148978233,0.03781949728727341,0.06791041046380997,0.024151405319571495,0.059089355170726776,0.13750872015953064,0.2151065468788147,1.4118297100067139,2.4806931018829346,0.18413449823856354,0.026087624952197075,0.020599322393536568,0.025359129533171654,0.028217894956469536,0.058866772800683975,0.02999759279191494,0.0243232399225235,0.027200797572731972,0.022914472967386246
38,9,6.145359203591942,0.9543271660804749,1.017634630203247,1.14577317237854,0.03519120812416077,0.031290341168642044,0.3242075741291046,0.1477101892232895,0.0325804278254509,0.045130737125873566,0.03825031965970993,0.03900056704878807,0.06138237565755844,0.022056447342038155,0.055878523737192154,0.31881943345069885,0.23984524607658386,1.6367990970611572,2.0342040061950684,0.19621112942695618,0.028197109699249268,0.022528383880853653,0.023700237274169922,0.029979361221194267,0.055762242525815964,0.02744765765964985,0.024190785363316536,0.027857009321451187,0.023591799661517143
38,10,4.646628022938967,0.9547555446624756,1.0195132493972778,1.1472786664962769,0.034529633820056915,0.02869764156639576,0.23472966253757477,0.15913216769695282,0.03698042035102844,0.045092564076185226,0.024740010499954224,0.04152119159698486,0.05774838104844093,0.023856472223997116,0.06797480583190918,0.27389493584632874,0.29517948627471924,0.1762828677892685,2.0633938312530518,0.23344048857688904,0.029207224026322365,0.02190573699772358,0.02822338044643402,0.02493877522647381,0.023532632738351822,0.02584155462682247,0.023082245141267776,0.02524329349398613,0.023149127140641212
38,11,3.9256884470582007,0.955262303352356,1.0196009874343872,1.1464753150939941,0.034327782690525055,0.0294406246393919,0.4564247727394104,0.14440065622329712,0.03185127675533295,0.04671098664402962,0.05032356083393097,0.04481849819421768,0.059685759246349335,0.021174531430006027,0.06459670513868332,0.4899851679801941,0.10984570533037186,0.09327422827482224,0.9971544146537781,0.39474985003471375,0.02475249208509922,0.023995542898774147,0.029931286349892616,0.02797747775912285,0.02529851906001568,0.028991064056754112,0.022366438060998917,0.026245463639497757,0.023097921162843704
38,12,4.361140092089772,0.9552999138832092,1.0194435119628906,1.1463321447372437,0.027465732768177986,0.026661956682801247,0.6294049620628357,0.1770208328962326,0.02614101767539978,0.06430621445178986,0.04374042898416519,0.050561562180519104,0.0881083533167839,0.026698140427470207,0.06537876278162003,0.5048163533210754,0.11698900163173676,0.08660310506820679,1.2305099964141846,0.3068200349807739,0.032130900770425797,0.02693178318440914,0.04152536392211914,0.03213948383927345,0.026681043207645416,0.028578611090779305,0.028050314635038376,0.028118133544921875,0.02154288813471794
38,13,3.8010010473430156,0.9551540017127991,1.0183727741241455,1.1475003957748413,0.029229536652565002,0.02705996483564377,0.09208206087350845,0.13496965169906616,0.02428961917757988,0.0842929407954216,0.031518395990133286,0.029711613431572914,0.0967172160744667,0.02331680990755558,0.05413803085684776,0.7206300497055054,0.12787023186683655,0.08975058794021606,1.0334364175796509,0.3264337182044983,0.030559604987502098,0.02478564716875553,0.03439345583319664,0.027202216908335686,0.024317048490047455,0.03247386962175369,0.025513214990496635,0.02822846733033657,0.023875242099165916
38,14,2.890733681246638,0.9549511075019836,1.0196747779846191,1.1474270820617676,0.026146220043301582,0.03166915848851204,0.12094342708587646,0.1485872119665146,0.03312889486551285,0.09116727858781815,0.04147181287407875,0.02829655259847641,0.10996444523334503,0.02100493013858795,0.04364645108580589,0.5546044111251831,0.1618409901857376,0.09125029295682907,0.0824873298406601,0.43487411737442017,0.03024832345545292,0.026297494769096375,0.029887057840824127,0.03194701671600342,0.022152485325932503,0.027717269957065582,0.023961203172802925,0.02734365127980709,0.025685060769319534
38,15,2.778314095363021,0.9551410675048828,1.0185540914535522,1.1480151414871216,0.030246585607528687,0.028953835368156433,0.11804496496915817,0.13609205186367035,0.037928368896245956,0.105145163834095,0.06154610961675644,0.02928934060037136,0.11116311699151993,0.02219856157898903,0.050075165927410126,0.5679113864898682,0.09556467831134796,0.09935063868761063,0.0737290158867836,0.3446592092514038,0.032828688621520996,0.021449873223900795,0.0347197949886322,0.02607668936252594,0.025701744481921196,0.02436874248087406,0.022836489602923393,0.03022858314216137,0.023863235488533974
38,16,2.8141291949898006,0.9561694860458374,1.0175093412399292,1.147896647453308,0.029789846390485764,0.0320054367184639,0.1238575130701065,0.10272212326526642,0.027057042345404625,0.06469062715768814,0.07069645822048187,0.035017967224121094,0.11557336896657944,0.025347990915179253,0.0449337512254715,0.6774740219116211,0.08362752944231033,0.10285920649766922,0.06665050983428955,0.34512847661972046,0.030114848166704178,0.024518484249711037,0.025420406833291054,0.02942078374326229,0.023782778531312943,0.028126051649451256,0.023420268669724464,0.03032693639397621,0.027251671999692917
38,17,2.8557398419827225,0.9562917947769165,1.0170117616653442,1.148240327835083,0.028068462386727333,0.029115669429302216,0.13616442680358887,0.1311216503381729,0.03178216144442558,0.06084571033716202,0.048123858869075775,0.0385676845908165,0.08747001737356186,0.02592645213007927,0.04671156778931618,0.629624605178833,0.0738416463136673,0.0671987310051918,0.059737272560596466,0.49321234226226807,0.03851723298430443,0.02652856335043907,0.02674940973520279,0.03193441405892372,0.022093163803219795,0.027542131021618843,0.023812243714928627,0.025892633944749832,0.020849013701081276
38,18,2.336688841506839,0.9562074542045593,1.0172044038772583,1.1475911140441895,0.026521047577261925,0.02313389629125595,0.13843005895614624,0.10153386741876602,0.03268497437238693,0.04843714088201523,0.04393862187862396,0.038446858525276184,0.11525722593069077,0.025513149797916412,0.05235561728477478,0.08417617529630661,0.06660370528697968,0.06456748396158218,0.06314429640769958,0.5410408973693848,0.03895222395658493,0.029748285189270973,0.028831643983721733,0.028896909207105637,0.025273500010371208,0.023838546127080917,0.02278437651693821,0.023679878562688828,0.024697866290807724
38,19,2.28293612934649,0.9558433890342712,1.0164042711257935,1.1462945938110352,0.024521784856915474,0.02700890228152275,0.1380506008863449,0.06995274871587753,0.045223433524370193,0.051742956042289734,0.04291180521249771,0.031038977205753326,0.10274133086204529,0.024546846747398376,0.07026978582143784,0.09003408998250961,0.07299954444169998,0.07593835145235062,0.06527859717607498,0.48500677943229675,0.03836054727435112,0.026212655007839203,0.026115011423826218,0.034409087151288986,0.023457592353224754,0.022496169432997704,0.022787567228078842,0.026482976973056793,0.021639537066221237
38,20,2.3831507433205843,0.9561565518379211,1.016331672668457,1.1458005905151367,0.02348806895315647,0.02618524432182312,0.14796660840511322,0.07727546244859695,0.049098994582891464,0.040363360196352005,0.04803110659122467,0.026798728853464127,0.12355078011751175,0.027409154921770096,0.07142435014247894,0.12673084437847137,0.057855866849422455,0.06670960783958435,0.07096242159605026,0.5399681925773621,0.03592577949166298,0.025070082396268845,0.025903083384037018,0.02824070118367672,0.023636067286133766,0.025236617773771286,0.022853951901197433,0.026368306949734688,0.02243959717452526
38,21,2.285702382773161,0.9553231000900269,1.0165283679962158,1.145816683769226,0.023185256868600845,0.025904014706611633,0.15458910167217255,0.06869936734437943,0.0367397777736187,0.05178724601864815,0.05071885511279106,0.033277641981840134,0.1215837299823761,0.02612907625734806,0.07444068789482117,0.10122157633304596,0.05853120982646942,0.06957580894231796,0.06808087974786758,0.45888230204582214,0.035491202026605606,0.02671714313328266,0.02597298100590706,0.02603992447257042,0.02420099265873432,0.02967064641416073,0.019713155925273895,0.0270167738199234,0.023999400436878204
38,22,2.2177968356758355,0.9560607075691223,1.016389012336731,1.1467362642288208,0.02578238770365715,0.02378355897963047,0.16270071268081665,0.09603697061538696,0.038997501134872437,0.03759583830833435,0.05455734208226204,0.02973635494709015,0.16313837468624115,0.025096431374549866,0.07715623080730438,0.07748022675514221,0.04786987602710724,0.06466516852378845,0.060400187969207764,0.3714198172092438,0.04051417112350464,0.025432825088500977,0.026652030646800995,0.02722507156431675,0.022473478689789772,0.025997204706072807,0.02413954958319664,0.023518651723861694,0.021589675918221474
38,23,2.2563507314771414,0.956275999546051,1.016890287399292,1.1464380025863647,0.028864208608865738,0.024114111438393593,0.17892177402973175,0.11219178140163422,0.031962405890226364,0.04157872498035431,0.06859942525625229,0.025886133313179016,0.12605328857898712,0.022560127079486847,0.10036981105804443,0.09305445849895477,0.05137567222118378,0.07010722160339355,0.05929550155997276,0.3553186058998108,0.038053981959819794,0.02590774931013584,0.02613176591694355,0.02913564443588257,0.025577398017048836,0.025996346026659012,0.02198336459696293,0.02566569484770298,0.02372467704117298
38,24,2.186102405190468,0.9558035731315613,1.016693353652954,1.1462764739990234,0.022297605872154236,0.02345605380833149,0.10737494379281998,0.11855902522802353,0.031169386580586433,0.04117869213223457,0.041263993829488754,0.03027532622218132,0.10943064093589783,0.023886239156126976,0.048440121114254,0.08981350809335709,0.047047585248947144,0.07141296565532684,0.05723016336560249,0.4568188190460205,0.03481301665306091,0.02368508279323578,0.023811427876353264,0.025646550580859184,0.03230127692222595,0.029045406728982925,0.022685034200549126,0.026431554928421974,0.024273304268717766
39,0,51.04201707839966,0.9657331705093384,1.0157102346420288,1.148672342300415,3.1318418979644775,2.3775336742401123,1.4929108619689941,0.6476317048072815,1.3961608409881592,2.721494674682617,1.5086857080459595,0.9524686336517334,2.5775809288024902,1.650683879852295,1.6463927030563354,1.5089166164398193,3.03886079788208,4.08803129196167,1.4224388599395752,3.737375497817993,2.2404956817626953,1.1535917520523071,1.9131251573562622,0.6972669959068298,1.076740026473999,1.3184243440628052,2.180981397628784,4.419043064117432,1.5173169374465942
39,1,5.618576445803046,0.9554041028022766,1.0167044401168823,1.1561994552612305,0.022413551807403564,0.1184518039226532,0.06612664461135864,0.07508014142513275,0.09839906543493271,0.05260137841105461,0.17624437808990479,0.9755595922470093,0.07893393188714981,0.05577452480792999,0.029691996052861214,0.14577758312225342,1.364454984664917,0.22137010097503662,0.2509031295776367,0.16116519272327423,0.4635297358036041,0.38395050168037415,0.03705766424536705,0.05893179401755333,0.029839446768164635,0.03196094557642937,0.028465425595641136,0.03371202200651169,0.03251931071281433
39,2,2.9085276272147893,0.9531680941581726,1.0145902633666992,1.1548542976379395,0.025114160031080246,0.02725972980260849,0.08723480999469757,0.19328168034553528,0.038709767162799835,0.056279540061950684,0.13580776751041412,0.027885854244232178,0.03637247905135155,0.023242976516485214,0.11461473256349564,0.24132399260997772,0.06061997264623642,0.4648614227771759,0.2684919536113739,0.04955895245075226,0.04474780336022377,0.13587595522403717,0.03971315547823906,0.047071341425180435,0.036357954144477844,0.031233791261911392,0.024498282000422478,0.03423773869872093,0.039609283208847046
39,3,3.608439593762159,0.9541909098625183,1.016404390335083,1.1520299911499023,0.023601684719324112,0.02336817979812622,0.17085935175418854,0.11660062521696091,0.04826251044869423,0.039241209626197815,0.19026507437229156,0.026348423212766647,0.05771784484386444,0.05168432369828224,0.17715398967266083,0.3056088984012604,0.17171640694141388,0.5884572267532349,0.3213661313056946,0.09137959778308868,0.18144245445728302,0.07116439938545227,0.04015043377876282,0.04932106286287308,0.04411299154162407,0.06500622630119324,0.025103790685534477,0.028716275468468666,0.07526542246341705
39,4,4.101225467026234,0.961027979850769,1.0173426866531372,1.151840090751648,0.03892827406525612,0.03674565628170967,0.16195911169052124,0.12431582808494568,0.07824994623661041,0.048577532172203064,0.2858416736125946,0.04041082412004471,0.08797655254602432,0.024920731782913208,0.148905947804451,0.34348028898239136,0.2137465476989746,0.4886438548564911,0.6284224390983582,0.1009429544210434,0.2364392727613449,0.12723113596439362,0.043188583105802536,0.0273667611181736,0.053098082542419434,0.0577634833753109,0.02385481633245945,0.030046261847019196,0.024126755073666573
39,5,4.960365865752101,0.9611019492149353,1.0173927545547485,1.149899959564209,0.04236774519085884,0.032638177275657654,0.20684047043323517,0.09131292998790741,0.07126878947019577,0.027598755434155464,0.26993149518966675,0.06151067465543747,0.1508660912513733,0.02295496314764023,0.17893794178962708,0.3012351393699646,0.22848071157932281,0.5777478814125061,0.955034077167511,0.09106740355491638,0.6335121989250183,0.15416978299617767,0.03891238570213318,0.021751699969172478,0.03764940798282623,0.05858137086033821,0.02728656679391861,0.028479766100645065,0.024550506845116615
39,6,4.281892168149352,0.9617453813552856,1.0181876420974731,1.1543889045715332,0.03592730686068535,0.024457233026623726,0.18953701853752136,0.08803766965866089,0.06769667565822601,0.036707472056150436,0.2651461362838745,0.029650507494807243,0.06262505054473877,0.024926509708166122,0.2006235420703888,0.29735687375068665,0.19012147188186646,0.5903971195220947,0.6647902727127075,0.1000361517071724,0.36422279477119446,0.18303817510604858,0.02801951952278614,0.0327826626598835,0.037503067404031754,0.06618233025074005,0.025378096848726273,0.026797447353601456,0.023066677153110504
39,7,5.269748026505113,0.9557669758796692,1.016708254814148,1.152768850326538,0.021878894418478012,0.025040779262781143,0.21127188205718994,0.07310990244150162,0.059007104486227036,0.03937834873795509,0.3059629499912262,0.03168407455086708,0.05596781149506569,0.024185635149478912,0.1981835663318634,0.31334245204925537,0.1625525951385498,0.45235133171081543,0.7220959663391113,0.09991198033094406,1.3671231269836426,0.24967250227928162,0.03145688772201538,0.048269301652908325,0.037697531282901764,0.0329568088054657,0.024860359728336334,0.02943343296647072,0.02730398438870907
39,8,4.196691965311766,0.9561372399330139,1.0166815519332886,1.1531245708465576,0.024011269211769104,0.023130804300308228,0.16744960844516754,0.04868217185139656,0.05444925278425217,0.03841252624988556,0.10761761665344238,0.022569365799427032,0.054246701300144196,0.0247016791254282,0.17314746975898743,0.32423147559165955,0.18060417473316193,0.36913904547691345,0.9652472138404846,0.08223274350166321,0.523768424987793,0.16532957553863525,0.02823268249630928,0.04690970852971077,0.038685332983732224,0.03399494290351868,0.026991283521056175,0.023153452202677727,0.024564770981669426
