method,seed,n_nodes,episodes,final_total_loss,min_total_loss,elapsed_s
ppo,1011,30,150,5.7466712817549706,5.6267706118524075,3515.6603422164917
