dpo_loss,reward,cov_bonus,score,target,value,episode,step
0.6931471824645996,400.5,7.872579023732767,408.3725790237328,X13,4.88,0,0
0.7648392915725708,82.03214973583817,0.19952084188600475,82.23167057772417,X5,-1.11,0,1
0.6662335991859436,-1.5,4.671881283267383,3.171881283267383,X14,4.18,0,2
0.631072461605072,-1.5,6.728782024784074,5.228782024784074,X19,0.38,0,3
0.3085126280784607,-1.5,2.9115523866090136,1.4115523866090136,X12,-0.04,0,4
0.6931471824645996,7.478027179837234,0.0,7.478027179837234,X11,1.5,0,5
0.6931471824645996,1.4235881902277576,0.0,1.4235881902277576,X11,1.5,0,6
0.09142468124628067,37.0589753203094,16.083772552742886,53.142747873052286,X19,-1.04,0,7
6.163798389025033e-05,0.42452016845345675,3.3797196669622616,3.8042398354157183,X13,-0.0,0,8
0.00054171058582142,-1.5,2.8974887641623104,1.3974887641623104,X19,-0.16,0,9
4.353421445557615e-06,-1.5,3.4970404097183003,1.9970404097183003,X9,0.18,0,10
0.07536578923463821,-1.5,5.054183051784809,3.5541830517848094,X18,-0.08,0,11
0.00026625150348991156,2.4896339997649193,2.6540433817321145,5.143677381497033,X9,0.64,0,12
1.7360669346544455e-08,-1.5,4.808363950134525,3.308363950134525,X19,-0.07,0,13
0.6931471824645996,1.0505757443606907,0.0,1.0505757443606907,X11,1.5,0,14
7.518991424149135e-06,400.5,6.158279719650845,406.65827971965086,X14,-1.0,1,0
15.028271675109863,36.931750524789095,0.0,36.931750524789095,X11,1.5,1,1
0.0003832030051853508,-1.5,4.485917467183054,2.9859174671830537,X13,-0.0,1,2
0.009061126969754696,-1.5,0.38852603926124174,-1.1114739607387583,X4,-0.07,1,4
0.00013085395039524883,-1.5,1.7480708627615826,32.50742602364219,X7,-0.14,1,5
0.00023168631014414132,-1.5,0.1527637952410461,32.346142581266506,X3,-0.3,1,6
3.256167110521346e-05,-1.5,0.1774713844255338,31.638022308145157,X5,-0.63,1,7
7.523403382947436e-06,400.5,8.798005659339474,441.60838195352403,X14,-0.1,2,0
0.6931471824645996,40.178836666047566,0.0,72.59020148403411,X11,1.5,2,1
3.1477220545639284e-06,-1.5,5.915116259289271,36.327684659428265,X13,-0.77,2,2
1.825843469305255e-06,-1.5,7.353807713425722,37.25955462608703,X9,-0.0063,2,4
9.55454424911295e-07,-1.5,0.9977156143299077,33.16296975094679,X6,-0.43,2,5
0.6931471824645996,-1.9947858899831772,0.0,30.25960861274954,X11,1.5,2,7
2.6811749194166623e-06,400.5,7.049237908514041,439.3399554112068,X19,-0.8,3,0
11.466508865356445,26.862833071500056,0.0,58.60507190778923,X11,1.5,3,1
0.6931471824645996,17.6164691671729,0.0,48.48813791485681,X11,1.5,3,3
0.39055779576301575,-1.5,0.4952483579751365,31.504818608612766,X10,-2.0,3,4
0.6931471824645996,400.5,5.42415433397606,438.19030293984366,X10,-2.0,4,0
0.6931471824645996,66.89139533415437,0.0,99.18346556156106,X11,1.5,4,1
0.6931471824645996,6.032417722046368,0.0,37.94869466638623,X11,1.5,4,2
3.921355962753296,0.684864167124033,0.0,31.83024854207255,X11,1.5,4,8
0.18924835324287415,-1.5,0.22073083171308006,29.572832030032842,X5,-2.0,4,9
0.06879302114248276,-1.5,0.20022286588762656,29.833385165617464,X5,-2.0,4,10
0.007253506686538458,-1.5,0.2738048363648476,30.999975354548468,X4,-2.0,4,11
2.7169138775207102e-05,-1.5,0.11740656023512511,29.794939570578283,X5,-2.0,4,14
9.51704987528501e-06,-2.0,0.12046673504130263,29.41474666691176,X5,-2.0,4,15
7.835135875211563e-06,-2.0,0.08856904667124492,28.66631825576017,X5,-2.0,4,19
4.435069968167227e-06,-2.0,0.07700774284952562,28.45162252173315,X5,-2.0,4,21
0.6931471824645996,13.317301277071234,0.0,43.232276309498985,X11,1.5,5,2
0.6931471824645996,0.36234160885214806,0.0,26.65081936360361,X11,1.5,6,2
0.6931471824645996,-0.32211412116886606,0.0,25.40125667692311,X11,1.5,6,3
0.6931471824645996,12.410495802760124,0.0,37.03903738324733,X11,1.5,6,5
0.6931471824645996,-1.9465103410184348,0.0,22.151647609386195,X11,1.5,6,6
0.6931471824645996,6.071403406560414,0.0,28.154259808222033,X11,1.5,6,10
0.6931471824645996,4.875366281718012,0.0,27.16984994816578,X11,1.5,6,12
0.6931471824645996,1.3285249136388266,0.0,23.735477020170038,X11,1.5,6,14
0.03434937819838524,0.0,13.918839637802611,23.918839637802613,X16,1.7449,6,15
1.3153817235433962e-06,-1.875,0.2585480451179196,25.539083748494335,X5,-2.5,6,17
1.6037996886097972e-07,2.2392829358577693,0.15334881443329748,29.446864444136004,X5,-2.0,6,19
0.6931471824645996,4.344522099941974,0.0,27.253208604705414,X11,1.5,7,3
0.6931471824645996,-1.9304052814841288,0.0,20.273921888820993,X11,1.5,7,6
0.6931471824645996,-0.4732312187552523,0.0,21.194843160528656,X11,1.5,7,8
0.6931471824645996,1.6257610693573987,0.0,23.204965006720332,X11,1.5,7,11
0.0002254416758660227,0.0,11.550647353119063,21.55064735311906,X14,-4.5627,8,3
0.6931471824645996,13.211196407675745,0.0,33.03051346413546,X11,1.5,8,4
1.7138045222964138e-05,0.0,13.276287639649954,23.276287639649954,X13,-0.6633,9,4
2.895386160162161e-06,0.0,13.696496136157425,23.696496136157425,X14,-1.4662,9,6
1.3006325616515824e-06,0.0,51.6608989425106,61.6608989425106,X16,-1.6836,9,8
0.0007835247088223696,0.0,9.032121671422772,19.03212167142277,X13,3.0115,9,10
7.211203865153948e-06,0.0,17.67620947569684,27.67620947569684,X16,-0.8764,10,4
0.0048582046292722225,0.0,14.61309471167972,24.61309471167972,X12,3.939,10,5
9.097377073885582e-08,0.0,7.179229736397959,17.179229736397957,X16,-3.4182,10,7
2.86095733770253e-08,14.850422980636358,0.19463368473682374,40.88490530884872,X5,-2.35,10,8
8.107598114293069e-05,0.0,11.238772079580983,21.238772079580983,X12,1.1733,11,2
1.3393298559094546e-07,0.0,14.525467976050255,24.525467976050255,X18,2.2585,11,4
6.810008557067704e-08,0.0,14.269453473903805,24.269453473903805,X13,-1.688,12,1
6.381058875737367e-11,16.51718850433827,0.2537943528888489,40.92100519612622,X5,-2.0,12,2
7.377295302424258e-11,-2.0,0.325625128540666,22.47564746743976,X5,-2.0,12,3
9.782465809626828e-11,-1.488734520971775,0.19285598562515602,23.183873856161416,X5,-2.0,12,4
0.6931471824645996,4.255291108042005,0.0,21.390685157810765,X11,1.5,12,5
0.6931471824645996,6.848147325217724,0.0,23.227899716725766,X11,1.5,12,7
8.055756239855327e-08,-2.0,0.15473164950056578,22.6344840410086,X5,-2.5,12,8
6.504578919930282e-08,0.0,18.829170523863052,28.829170523863052,X14,-1.6098,13,3
6.092913196198424e-08,29.33397000655532,0.17151880041115644,54.31238491604013,X5,-2.5,13,4
1.0857259535868025e-10,-2.0,0.13014027966236918,23.24004633303845,X5,-2.0,13,5
1.0591055116249137e-10,-2.0,0.10669991558950845,23.49813806358486,X5,-2.0,13,6
0.6931471824645996,4.9128462523222005,0.0,24.266387941227645,X11,1.5,14,2
0.6931471824645996,1.0960793755948472,0.0,21.194446935423823,X11,1.5,14,4
0.6931471824645996,5.115914903581142,0.0,26.002897083234682,X11,1.5,14,6
0.6931471824645996,65.87986759096384,0.0,87.48716135582333,X11,1.5,15,1
0.6931471824645996,4.743759781122208,0.0,27.164045277958042,X11,1.5,15,3
1.6920576229040307e-07,-2.0,0.24013555398593112,25.160421050821764,X5,-2.5,15,4
0.6931471824645996,3.853519052267078,0.0,26.05758636420934,X11,1.5,15,5
0.6931471824645996,-0.8316894806921482,0.0,21.03497674447883,X11,1.5,15,9
0.6931471824645996,3.2464740611612797,0.0,25.615789845458497,X11,1.5,15,11
0.6931471824645996,1.6968561224639434,0.0,24.148291278868655,X11,1.5,15,13
0.6931471824645996,4.420274190604685,0.0,27.11588938634914,X11,1.5,15,15
0.6931471824645996,0.6896149553358555,0.0,23.38523015108031,X11,1.5,15,17
0.6931471824645996,2.499167073518036,0.0,26.09364424312782,X11,1.5,15,19
0.6931471824645996,-0.07688720151782125,0.0,22.856139800128343,X11,1.5,15,21
0.6931471824645996,2.0039628930389908,0.0,25.34249498116483,X11,1.5,15,23
0.6931471824645996,45.02322435751557,0.0,68.83674735511738,X11,1.5,16,2
1.821781125954658e-08,0.0,21.78834708391165,31.78834708391165,X18,-1.2198,16,5
0.6931471824645996,8.803225334733735,0.0,31.862077116940387,X11,1.5,16,6
0.0005969646153971553,0.0,16.56821953688932,26.56821953688932,X19,2.207,16,7
0.6931471824645996,30.05976177752018,0.0,52.312689610870365,X11,1.5,17,1
2.950452035466178e-11,3.111435800194737,0.32272678669918575,29.781585333764433,X5,-2.56,17,3
5.148870154021712e-13,-1.99025,0.13082167826588043,24.487994425136385,X5,-2.599,17,6
0.6931471824645996,6.180706530809408,0.0,27.956101851256506,X11,1.5,17,7
5.179059221413485e-13,0.0,10.643484334819751,20.643484334819753,X19,-4.0139,17,8
6.129739592427783e-14,-1.9875,0.13092298878325365,24.748606570848665,X5,-2.05,17,10
3.8358422341233656e-14,-2.0,0.1247604009881737,24.684562542940586,X5,-2.0,17,11
0.6931471824645996,1.4230474047362751,0.0,23.0763662011465,X11,1.5,18,2
0.6931471824645996,0.38853099569678307,0.0,21.897659033636845,X11,1.5,18,4
2.9352434653857895e-13,0.0,9.073375120369821,19.07337512036982,X19,-3.1781,18,6
0.6931471824645996,-0.9048120267689264,0.0,21.272066925852982,X11,1.5,18,8
0.6931471824645996,-1.23864893615246,0.0,19.347431581891783,X11,1.5,18,14
0.6931471824645996,-1.4028618745505783,0.0,19.937889858888823,X11,1.5,18,16
0.6931471824645996,1.1743633002042753,0.0,21.537765838213673,X11,1.5,18,17
4.56313182769022e-14,-1.222672579139471,0.3687142038058476,24.009444162675774,X5,-2.23,18,19
0.6931471824645996,104.83691792190075,0.0,125.44811548616815,X11,1.5,19,1
4.2230419161626287e-10,0.0,9.48440592397079,19.48440592397079,X16,0.9545,19,2
6.838144417029013e-13,-1.995,0.42736279666316973,23.949065447410245,X5,-2.25,19,3
1.8233834581105057e-12,0.0,13.734682668409258,23.734682668409256,X19,-4.7313,19,6
0.6931471824645996,1.259118471294638,0.0,21.53422747773581,X11,1.5,19,7
3.6810884201932126e-12,0.0,10.41917086585697,20.41917086585697,X13,-2.1696,20,7
0.6931471824645996,-1.618529010564087,0.0,20.943997103534258,X11,1.5,20,13
0.6931471824645996,0.43483694270253004,0.0,23.402868143280543,X11,1.5,20,15
0.6931471824645996,1.5248518101871023,0.0,24.898388097244787,X11,1.5,20,17
0.6931471824645996,-0.6319676674902475,0.0,22.711365349241408,X11,1.5,20,19
0.6931471824645996,-1.5907671153545344,0.0,21.975243881411963,X11,1.5,20,21
0.6931471824645996,0.40416621789336027,0.0,24.59836028117438,X11,1.5,21,2
0.6931471824645996,2.8937890641391206,0.0,27.28917621177465,X11,1.5,21,6
0.6931471824645996,1.6889536119997484,0.0,26.17996227136973,X11,1.5,21,8
0.6931471824645996,18.716648478060964,0.0,43.65978132943867,X11,1.5,22,2
0.6931471824645996,-0.6161319054663128,0.0,24.207927233664385,X11,1.5,22,4
0.6931471824645996,12.393246389925476,0.0,37.170686423528124,X11,1.5,22,6
0.6931471824645996,0.19110923632979393,0.0,24.968549269932442,X11,1.5,22,8
0.6931471824645996,8.146594319492575,0.0,32.77309252481158,X11,1.5,22,16
0.6931471824645996,1.9505558200180495,0.0,25.85968380509515,X11,1.5,23,1
9.088092149493743e-13,0.0,12.443552336505196,22.443552336505196,X16,-2.6329,23,2
0.6931471824645996,12.11328667029738,0.0,37.02788109705965,X11,1.5,24,2
0.6931471824645996,1.5272686257958412,0.0,26.41674600633495,X11,1.5,24,6
5.60539331964649e-12,4.403708143681288,0.3052618570655943,35.190090878562216,X5,-2.55,24,8
0.6931471824645996,2.017927374690771,0.0,27.883089104949295,X11,1.5,24,16
0.6931471824645996,-0.9671660661697379,0.0,24.024250736446614,X11,1.5,24,18
0.6931471824645996,-1.193239461630582,0.0,23.630819677500114,X11,1.5,24,20
0.6931471824645996,-1.3481339327990982,0.0,23.762356580564266,X11,1.5,24,22
0.6931471824645996,-1.2746002227067965,0.0,23.835890290656565,X11,1.5,24,24
0.6931471824645996,54.38195291534066,0.0,79.43712311215484,X11,1.5,25,1
1.3906203508377075,0.0,29.342785878358047,39.34278587835804,X19,-3.7039,25,2
0.00019304161833133548,0.0,23.127776218135796,33.12777621813579,X19,0.3605,25,4
0.6931471824645996,0.37306058406829656,0.0,25.98534106246594,X11,1.5,25,7
1.1650234110760493e-09,0.0,14.182446207435566,24.182446207435568,X16,-3.4825,25,10
0.6931471824645996,-1.170914676040411,0.0,23.275156884136678,X11,1.5,25,15
0.6931471824645996,37.307302437722676,0.0,60.89212973249411,X11,1.5,26,1
0.6931471824645996,-0.03383753448724214,0.0,23.353428826472495,X11,1.5,26,4
0.6931471824645996,90.25567804276943,0.0,112.98287605905347,X11,1.5,27,1
1.3303601065217663e-07,0.0,12.424907832639422,22.42490783263942,X19,-2.3082,27,4
0.6931471824645996,3.4749073386192375,0.0,25.870719720853153,X11,1.5,28,2
7.80574009695556e-06,0.0,17.811316745202255,27.811316745202255,X14,-1.8554,28,3
0.6931471824645996,6.553950551897296,0.0,28.88434469272279,X11,1.5,28,4
7.10234473899618e-07,0.0,21.43868992049801,31.43868992049801,X18,-2.9635,28,5
0.6931471824645996,-0.03133022785187123,0.0,23.013433933183517,X11,1.5,28,6
0.6931471824645996,3.5485715232789516,0.0,25.52036497714988,X11,1.5,28,8
0.6931471824645996,38.84670690074563,0.0,62.092017941439934,X11,1.5,29,1
8.220770835876465,0.0,11.841443829785518,21.84144382978552,X12,4.3527,29,2
0.6931471824645996,-0.2956523522734589,0.0,23.848520662286163,X11,1.5,29,3
0.6931471824645996,-1.856816653162241,0.0,21.390159233242656,X11,1.5,29,7
0.6931471824645996,-1.4707380793988722,0.0,21.96072976066145,X11,1.5,29,9
1.5648641493726245e-08,0.0,11.78627191483126,21.78627191483126,X13,2.8294,30,1
0.6931471824645996,11.0162340439856,0.0,34.64599843794992,X11,1.5,30,2
0.6931471824645996,3.69308250769973,0.0,27.301344842359157,X11,1.5,30,4
0.6931471824645996,6.574142385274175,0.0,30.1824047199336,X11,1.5,30,6
0.6931471824645996,9.159841753542421,0.0,32.70268584679343,X11,1.5,30,8
0.6931471824645996,-1.294200427830221,0.0,22.15302215368633,X11,1.5,30,10
0.6931471824645996,2.0375939831137657,0.0,25.31745890114466,X11,1.5,30,12
0.6931471824645996,-0.8932205922901604,0.0,22.39674225059997,X11,1.5,30,16
0.6931471824645996,1.2449707090854645,0.0,24.679124310445758,X11,1.5,30,22
0.6931471824645996,-0.6334465034306103,0.0,23.13810818320097,X11,1.5,30,24
0.6931471824645996,45.31493433192373,0.0,69.0355193075167,X11,1.5,31,1
1.5493247701670043e-05,0.0,13.010614779569485,23.010614779569487,X12,1.9172,31,2
0.6931471824645996,12.740571193397052,0.0,36.42732074812116,X11,1.5,31,5
0.6931471824645996,77.37900517508388,0.0,101.18919621119012,X11,1.5,32,2
0.6931471824645996,15.983536008745443,0.0,40.57351530647001,X11,1.5,32,4
1.43423831104883e-05,0.0,13.599106150169712,23.59910615016971,X12,-0.5204,32,7
0.6931471824645996,9.493988987058408,0.0,33.329297069387806,X11,1.5,32,8
0.6931471824645996,3.6325397081673216,0.0,27.442730744273565,X11,1.5,32,10
0.6931471824645996,0.5057583600282634,0.0,24.239127020280424,X11,1.5,32,12
0.6931471824645996,3.089102745056147,0.0,26.797354359085148,X11,1.5,32,14
0.6931471824645996,5.940733674913643,0.0,29.64898528894264,X11,1.5,32,16
0.6931471824645996,0.216616962105034,0.0,24.094911999419665,X11,1.5,32,20
0.6931471824645996,-1.1320352815091628,0.0,23.176881888508298,X11,1.5,32,22
0.6931471824645996,0.0604515410959694,0.0,24.74467052726707,X11,1.5,32,24
0.6931471824645996,65.8965607881546,0.0,90.61098304465173,X11,1.5,33,1
0.6931471824645996,-0.9360564090311474,0.0,24.511535003556254,X11,1.5,33,3
0.6931471824645996,-0.8089947253465724,0.0,27.676677443682248,X11,1.5,35,12
0.6931471824645996,-0.4470693394541758,0.0,28.205960493060296,X11,1.5,35,16
0.6931471824645996,-1.597098350524906,0.0,26.34308605891873,X11,1.5,35,23
0.6931471824645996,4.423304934054615,0.0,32.31251963245963,X11,1.5,36,2
2.0497704922295412e-10,0.0,23.326851242182194,33.326851242182194,X14,4.6372,36,3
0.6931471824645996,0.5349301919341087,0.0,29.033813225917672,X11,1.5,36,7
0.6931471824645996,-1.3984307833015919,0.0,28.639704302998368,X11,1.5,36,13
0.6931471824645996,-1.7175394371151942,0.0,29.145968372582246,X11,1.5,36,17
0.6931471824645996,19.670687779784206,0.0,50.466091588273244,X11,1.5,37,3
0.6931471824645996,1.6479598507285065,0.0,31.570944649996477,X11,1.5,37,5
1.7391456330617672e-11,0.0,23.199215408139164,33.19921540813917,X12,0.5172,37,6
0.6931471824645996,5.764355570077893,0.0,35.171035601344784,X11,1.5,37,10
0.6931471824645996,4.705546282231801,0.0,33.46610893196153,X11,1.5,37,11
0.6931471824645996,4.079632341861723,0.0,32.17693371458064,X11,1.5,37,13
0.6931471824645996,-0.6698212176561302,0.0,27.42748015506279,X11,1.5,37,14
0.6931471824645996,13.894878312945362,0.0,40.543335181816886,X11,1.5,38,3
0.6931471824645996,6.6754047907888925,0.0,32.523248521032905,X11,1.5,38,4
0.6931471824645996,-1.8209325112402475,0.0,24.026911219003765,X11,1.5,38,5
3.154151245743364e-11,0.0,26.101635635126744,36.10163563512674,X18,4.433,39,5
0.6931471824645996,1.5795792527496832,0.0,25.09897114398813,X11,1.5,39,6
0.6931471824645996,0.8616597354412026,0.0,24.402553685984543,X11,1.5,39,14
0.6931471824645996,7.073939524590966,0.0,30.901264849366974,X11,1.5,39,16
0.6931471824645996,3.326287779957058,0.0,26.503927980413657,X11,1.5,39,22
0.6931471824645996,1.7144763395190266,0.0,25.006839646712066,X11,1.5,39,24
3.786674973582649e-09,0.0,13.19506779900891,23.19506779900891,X14,-0.3673,40,3
4.5731588654840394e-11,0.0,9.32538549383909,19.32538549383909,X14,0.7936,40,4
0.6931471824645996,-1.6901510879397375,0.0,19.98367061069284,X11,1.5,40,5
6.644182981574431e-10,0.0,13.422894456412552,23.42289445641255,X18,-3.3998,40,6
0.6931471824645996,-1.3781048357486725,0.0,20.257816132001544,X11,1.5,40,11
0.6931471824645996,0.6225750446319545,0.0,21.439678122231577,X11,1.5,40,13
0.6931471824645996,1.6180735938251,0.0,21.57562769376475,X11,1.5,40,15
0.6931471824645996,-1.787466462701559,0.0,17.02567995429002,X11,1.5,40,17
0.6931471824645996,-0.49252961948513807,0.0,18.32061679750644,X11,1.5,40,18
0.6931471824645996,58.564923856407404,0.0,75.9090035251287,X11,1.5,41,1
2.453859115902901e-09,0.0,12.09624534283319,22.096245342833193,X13,-2.9005,41,2
3.0696630133608682e-12,0.0,7.5567387532489985,17.556738753249,X12,1.3319,41,4
1.5036970280046802e-10,0.0,5.08512586892609,15.08512586892609,X18,4.8377,41,7
0.6931471824645996,17.249917365610603,0.0,34.07952905265386,X11,1.5,42,2
1.5051250176756348e-11,0.0,7.396950594989868,17.396950594989868,X13,1.8091,42,3
7.496562259845518e-10,0.0,8.618256196422347,18.618256196422347,X14,3.3158,42,5
6.693570697713369e-11,0.0,9.800753980835394,19.800753980835395,X13,1.0909,42,8
2.5984787654920183e-09,0.0,4.624582070678188,14.624582070678187,X18,-4.9085,43,2
1.4038959994522315e-09,0.0,4.6115045745711845,14.611504574571185,X6,-1.7968,43,3
0.6931471824645996,10.377450145781033,0.0,24.908162764397495,X11,1.5,43,4
0.6931471824645996,6.385698296129707,0.0,19.916589217145706,X11,1.5,43,5
1.1227093033028268e-08,0.0,15.360379319740922,25.36037931974092,X14,-3.8972,43,6
0.6931471824645996,2.1653226129710745,0.0,14.956784676563393,X11,1.5,43,8
1.8098280651912546e-09,0.0,7.71332852097935,17.71332852097935,X9,3.8663,43,9
2.8224140802279862e-09,0.0,5.260574526465557,15.260574526465557,X6,2.7163,43,10
2.152428013602048e-09,0.0,3.288126506290891,13.28812650629089,X18,-3.3698,43,12
1.971770316466781e-11,0.0,3.880337397079981,13.88033739707998,X14,0.7519,43,13
7.614270991496142e-09,0.0,2.3188985584836175,12.318898558483617,X9,-2.8675,43,19
5.262652535975576e-10,0.0,2.884990206844484,12.884990206844485,X19,-1.1919,43,23
2.7524315271421074e-08,0.0,10.102506514583153,20.102506514583155,X16,-2.8177,44,2
0.6931471824645996,1.122606962919237,0.0,19.150423687047642,X11,1.5,44,3
0.6931471824645996,1.0426052995026147,0.0,19.070422023631018,X11,1.5,44,4
1.2153305917195212e-08,0.0,12.01377712516189,22.01377712516189,X12,-2.4092,44,5
0.6931471824645996,0.724634665995838,0.0,21.76866983093612,X11,1.5,44,12
0.6931471824645996,1.8035580106079552,0.0,23.142298582006493,X11,1.5,44,14
0.6931471824645996,-0.3403648287057903,0.0,22.042161820546177,X11,1.5,44,24
0.6931471824645996,79.36953592672944,0.0,101.62471483300881,X11,1.5,45,1
1.7859876078052395e-10,0.0,15.185765743697827,25.18576574369783,X12,2.2901,45,2
0.6931471824645996,-0.2470701783895457,0.0,22.818100259834164,X11,1.5,45,3
0.6931471824645996,10.393989559262993,0.0,32.611267734660004,X11,1.5,45,5
0.6931471824645996,-1.7526835016906261,0.0,20.280102720050955,X11,1.5,45,7
0.6931471824645996,1.1840451359748805,0.0,23.88581993781336,X11,1.5,45,9
0.6931471824645996,-0.5510121174156657,0.0,22.33104517019188,X11,1.5,45,17
0.6931471824645996,11.341828797012568,0.0,35.504800944452555,X11,1.5,46,3
0.6931471824645996,-0.1065330021083355,0.0,23.342069125121757,X11,1.5,46,4
5.4537689919698096e-09,0.0,12.53903342406511,22.53903342406511,X18,-2.4386,46,7
0.6931471824645996,79.81141687557101,0.0,103.91649307496749,X11,1.5,47,1
0.6931471824645996,-0.11463171616195922,0.0,23.257275327144264,X11,1.5,47,3
0.6931471824645996,5.199418697506184,0.0,28.55239931300183,X11,1.5,47,8
0.6931471824645996,1.6803444065153528,0.0,25.878170617339187,X11,1.5,48,6
0.6931471824645996,42.56213780120015,0.0,66.72446374544454,X11,1.5,49,1
0.6931471824645996,400.5,6.325461311437937,436.6319470673268,X10,-1.67662767562763,50,0
0.7186347842216492,72.86076962202789,7.16404503267232,110.22335625792105,X5,2.6105048794486136,50,1
0.589942991733551,-1.9755312191103749,5.29326957641312,31.852819529761888,X12,-0.6182751235585,50,2
2.393827199935913,-1.5,3.588341596995389,27.92517674834623,X23,4.06718158516311,50,3
0.00953235849738121,-1.8707,2.8695955413529513,30.39411437089242,X12,-0.0,50,4
0.6025247573852539,-1.8624160970994958,2.5821550421651773,30.416567552978613,X12,-1.1686107351605164,50,5
19.97462272644043,-1.697525,3.556655725676237,31.311779294249433,X12,3.5,50,6
4.6358628935649904e-08,-1.5,0.23806264122484794,29.317860084132228,X10,-2.2315664258324883,50,7
1.5293791193471407e-06,-1.94660795,1.1760057136768616,29.37971326989135,X12,-0.2135682,50,8
1.985670496651437e-05,400.035659375,7.030437566098165,437.4514418170506,X12,-2.2665625,51,0
0.3771900236606598,57.81486813204216,9.50643444233589,97.57929970735788,X12,-0.21392612,51,1
2.3735692501068115,27.42320423573256,0.0,55.20132797494395,X11,1.5,51,2
5.736239910125732,-1.5,0.7649439470974754,29.310302703113244,X10,-0.2193431926222614,51,3
1.8264398574829102,3.1016391716897522,5.929134603332004,39.19241975684996,X12,-0.1,51,4
0.04812515154480934,-1.5,5.0804158446605046,33.21324255055711,X12,-5.0,51,5
0.6931471824645996,-1.3918935880064964,0.0,26.619884194837198,X11,1.5,51,6
7.881134633791476e-11,-2.0,3.111226971799913,30.744053677696517,X12,-0.1,51,8
0.6931471824645996,9.796906646341093,0.0,37.80868442918479,X11,1.5,51,9
2.5308052875594456e-10,-1.5,0.0,27.23126258682061,X20,-5.0,52,1
0.6931471824645996,28.97077623382211,0.0,55.265482761779566,X11,1.5,52,6
0.6931471824645996,10.015674497932192,0.0,36.31038102588965,X11,1.5,52,7
0.6931471824645996,10.048964321613303,0.0,34.3576340696672,X11,1.5,53,1
1.7004762753458635e-07,0.0,22.912741269726418,32.91274126972642,X19,-4.7957,53,6
2.083802685959313e-09,-1.5,0.0,22.212875424764018,X20,-5.0,53,11
0.6931471824645996,38.11053831502795,0.0,61.28309228838168,X11,1.5,54,2
5.3924617532175034e-05,0.0,18.544047519044295,28.544047519044295,X19,2.1279,54,3
0.6931471824645996,8.30135174840688,0.0,31.550728097614687,X11,1.5,54,4
0.6931471824645996,19.06146740540862,0.0,42.53352173465127,X11,1.5,54,6
0.6931471824645996,2.0142386108636856,0.0,25.48629294010634,X11,1.5,54,8
0.6931471824645996,-0.9076838791370356,0.0,22.133748317402787,X11,1.5,54,10
2.6307075962073156e-10,-1.5,0.0,21.487350193885383,X20,-5.0,54,14
0.6931471824645996,1.5588620267808473,0.0,24.576108677290172,X11,1.5,54,15
0.6931471824645996,2.861738670617342,0.0,24.427208279379446,X11,1.5,54,17
0.6931471824645996,2.492184463888405,0.0,24.630975419220732,X11,1.5,54,20
0.6931471824645996,-1.814197685569523,0.0,20.354796540088834,X11,1.5,54,24
0.6931471824645996,62.09576160088182,0.0,84.23455255621414,X11,1.5,55,1
7.909799251137883e-07,0.0,21.00733896326343,31.00733896326343,X16,-1.5805,55,2
2.8866207202327132e-08,0.0,11.201361851509006,21.201361851509006,X19,-3.1648,55,4
0.6931471824645996,1.6981058306992036,0.0,24.88118718228207,X11,1.5,55,9
0.6931471824645996,-1.1832330301403982,0.0,21.754003437892123,X11,1.5,55,14
0.6931471824645996,-0.11379998549818637,0.0,21.975544219707636,X11,1.5,55,15
0.6931471824645996,-0.035748783499007786,0.0,21.648090335227145,X11,1.5,55,17
0.6931471824645996,8.620326556265363,0.0,31.22408536424163,X11,1.5,56,2
0.6931471824645996,-1.7170975171029568,0.0,20.00867588602622,X11,1.5,56,6
0.6931471824645996,0.4198817946016753,0.0,22.14565519773086,X11,1.5,56,8
0.6931471824645996,1.5051653645932728,0.0,23.47332666942139,X11,1.5,56,10
0.6931471824645996,-0.9576206617057315,0.0,20.71583523666412,X11,1.5,56,12
0.6931471824645996,-0.5009220913052603,0.0,21.313536758912043,X11,1.5,56,14
0.6931471824645996,0.9588151499628994,0.0,23.05970537441287,X11,1.5,56,16
0.6931471824645996,1.7006769068539151,0.0,23.11592314230013,X11,1.5,56,18
0.6931471824645996,-0.20675963535905062,0.0,20.296931992912313,X11,1.5,56,20
0.6931471824645996,-0.6237932443618766,0.0,19.608826197501067,X11,1.5,56,22
0.6931471824645996,-1.0642655529081857,0.0,18.17934797869149,X11,1.5,56,23
0.6931471824645996,54.76849059388041,0.0,73.61830007483928,X11,1.5,57,1
9.807023388930247e-07,0.0,10.654714796440906,20.654714796440906,X14,4.3243,57,3
8.161246114468668e-06,0.0,8.604031967220644,18.604031967220642,X13,0.028,57,4
0.6931471824645996,2.8324885405599964,0.0,20.26754783933296,X11,1.5,57,5
1.192772884905935e-07,0.0,9.323917893277729,19.32391789327773,X18,-3.7602,58,1
0.6931471824645996,10.385596551001077,0.0,29.340092947068115,X11,1.5,58,3
0.6931471824645996,6.348923914134508,0.0,25.839874846661544,X11,1.5,58,7
0.6931471824645996,1.3714465051889402,0.0,21.527697868088616,X11,1.5,58,9
0.6931471824645996,1.9639750346541351,0.0,23.31146131064785,X11,1.5,58,11
2.215363670288184e-09,0.0,11.431568825101728,21.431568825101728,X22,-1.2395,58,14
5.476808695448199e-08,0.0,14.385449027166878,24.385449027166878,X14,-2.1808,59,1
0.6931471824645996,2.593203045427792,0.0,25.416752211363434,X11,1.5,59,2
3.399214421051511e-08,0.0,12.859239377752498,22.8592393777525,X18,-4.2535,59,3
9.325628269607478e-08,0.0,11.000161716315008,21.000161716315006,X13,-2.4002,59,5
4.669771769272302e-08,0.0,20.967976165370118,30.967976165370118,X14,-2.0744,60,2
8.622506264543972e-09,0.0,11.342748936893187,21.342748936893187,X19,-4.9962,60,4
0.6931471824645996,4.054952815175064,0.0,26.44982998811554,X11,1.5,60,5
1.5845253642510215e-07,0.0,11.346446865364687,21.346446865364687,X12,-1.781,60,6
0.6931471824645996,37.841038715094335,0.0,60.53062129449307,X11,1.5,60,7
0.6931471824645996,4.963695876300331,0.0,27.688778722278514,X11,1.5,60,9
0.6931471824645996,-1.4417946077883315,0.0,21.98095712770067,X11,1.5,60,11
0.6931471824645996,1.7119526192545909,0.0,24.384834067954245,X11,1.5,60,13
0.6931471824645996,-0.7266998887062126,0.0,21.683202384773338,X11,1.5,60,15
0.6931471824645996,-0.07750251889229176,0.0,22.457933261975533,X11,1.5,60,19
0.6931471824645996,-1.1988128423690814,0.0,21.351648039037812,X11,1.5,60,21
0.6931471824645996,-0.25918092206120846,0.0,22.441503332661576,X11,1.5,60,23
0.6931471824645996,18.80419706553221,0.0,41.84228240552628,X11,1.5,61,2
0.6931471824645996,1.8807215355336648,0.0,25.007677317448703,X11,1.5,61,4
0.6931471824645996,11.75188829749822,0.0,34.991166721846795,X11,1.5,61,6
0.6931471824645996,-1.4923070855438691,0.0,21.627897626557704,X11,1.5,61,10
0.6931471824645996,-1.7206998951733121,0.0,21.828176809923423,X11,1.5,61,18
0.6931471824645996,0.39993450418114307,0.0,24.067884921524886,X11,1.5,61,22
0.6931471824645996,-1.5227821432054078,0.0,22.32966022779376,X11,1.5,61,24
0.6931471824645996,103.9952286221087,0.0,127.86437212380694,X11,1.5,62,1
9.95371891576724e-08,0.0,15.457296201453474,25.457296201453474,X19,1.7587,62,2
0.6931471824645996,0.5080157294869414,0.0,23.59003441670909,X11,1.5,62,15
0.6931471824645996,-1.9266398847103083,0.0,21.853047692022656,X11,1.5,62,17
0.6931471824645996,-1.8021314591169357,0.0,21.197767855997714,X11,1.5,62,20
0.6931471824645996,-1.503619272261858,0.0,21.983904501439962,X11,1.5,62,22
0.6931471824645996,17.33817801252007,0.0,42.010995134319884,X11,1.5,63,2
0.6931471824645996,9.762863807380198,0.0,33.96309048250694,X11,1.5,63,4
0.6931471824645996,-0.5844372585415769,0.0,23.728112059018702,X11,1.5,63,8
0.6931471824645996,1.4497742727398943,0.0,25.838410347561947,X11,1.5,63,15
1.5707790623764595e-08,0.0,19.65637118644035,29.65637118644035,X12,-0.6325,64,4
0.6931471824645996,8.022814482450489,0.0,32.16967098373571,X11,1.5,64,6
0.6931471824645996,0.9561217315495085,0.0,25.923067689638312,X11,1.5,64,10
1.0121488369652099e-10,-1.5,0.0,25.180091514669922,X20,-5.0,64,13
0.6931471824645996,58.80592664331198,0.0,84.66673776655993,X11,1.5,65,1
1.5588970114777112e-08,0.0,24.072265479755412,34.072265479755416,X19,-4.0772,65,5
0.6931471824645996,0.8554082550108433,0.0,31.176056626382696,X11,1.5,65,14
0.6931471824645996,-0.7083218730986118,0.0,30.042948630976074,X11,1.5,65,16
0.6931471824645996,1.4228461459279051,0.0,32.143913379676555,X11,1.5,65,18
0.6931471824645996,-0.742161661386489,0.0,30.2230856117019,X11,1.5,65,21
0.6931471824645996,0.3532855957746506,0.0,31.31853286886304,X11,1.5,65,22
0.6931471824645996,1.239080976694824,0.0,32.634950382486046,X11,1.5,65,24
0.6931471824645996,-0.008232802152630114,0.0,31.243445845168424,X11,1.5,66,8
0.6931471824645996,-1.4835949391126624,0.0,31.067814764992384,X11,1.5,66,14
0.6931471824645996,6.701100889593352,0.0,39.43293723884031,X11,1.5,67,2
0.6931471824645996,22.802637785673134,0.0,54.68360040583765,X11,1.5,68,1
0.6931471824645996,17.88675640150906,0.0,49.76771902167357,X11,1.5,68,2
0.6931471824645996,10.862395409494638,0.0,42.74335802965915,X11,1.5,68,3
0.6931471824645996,11.9421466216445,0.0,42.65719840567197,X11,1.5,68,4
0.6931471824645996,13.035042595118274,0.0,43.75009437914574,X11,1.5,68,5
0.6931471824645996,1.2689651697874105,0.0,31.02264088589373,X11,1.5,68,7
0.6931471824645996,-1.980179805308584,0.0,27.006347168952313,X11,1.5,68,8
0.6931471824645996,0.8586468584835494,0.0,29.04456069411694,X11,1.5,68,9
0.6931471824645996,1.6373402252793312,0.0,27.543371468642867,X11,1.5,70,2
0.6931471824645996,5.040133345872171,0.0,29.955431974917403,X11,1.5,70,6
1.6906639643821109e-07,0.0,14.792076442154503,24.792076442154503,X12,3.4463,71,2
0.6931471824645996,-0.31730074062943814,0.0,25.380786350066117,X11,1.5,71,3
0.6931471824645996,-0.14958849921822726,0.0,24.765710129827006,X11,1.5,71,6
0.6931471824645996,91.5101516135037,0.0,114.2306201886518,X11,1.5,72,1
1.2348305062914733e-06,0.0,11.665867515720421,21.66586751572042,X14,0.3672,72,2
0.6931471824645996,7.755088984966285,0.0,31.93786465961685,X11,1.5,72,4
0.6931471824645996,8.507544521242387,0.0,31.95120947480664,X11,1.5,73,2
2.094758499993077e-08,0.0,14.296359612149796,24.296359612149796,X16,-0.7404,73,3
0.6931471824645996,12.25396090000868,0.0,35.786496295493905,X11,1.5,73,4
0.6931471824645996,2.8608789667487144,0.0,21.350684133900664,X11,1.5,74,3
7.746140084918807e-08,0.0,11.487228618996257,21.487228618996255,X12,-1.6168,74,6
0.6931471824645996,59.944673709571376,0.0,78.72454240149881,X11,1.5,75,1
0.6931471824645996,-1.6343047693371826,0.0,16.85913254835758,X11,1.5,75,4
1.364212989807129,0.0,8.738033846337016,18.738033846337018,X18,2.679,75,8
0.6931471824645996,54.51375264674426,0.0,72.7164079831958,X11,1.5,76,1
0.0036572671961039305,0.0,8.000628089382145,18.000628089382147,X19,-1.5494,76,2
1.580227575459503e-07,0.0,8.537262901738789,18.53726290173879,X19,-3.6175,76,3
0.00030486236209981143,0.0,6.695674345670971,16.695674345670973,X9,2.6297,76,5
8.689188035759798e-09,0.0,10.004973490551839,20.00497349055184,X18,-0.4432,77,1
0.6931471824645996,4.9267868138849735,0.0,20.344717663431553,X11,1.5,77,3
4.465860911295749e-06,0.0,13.638800685685657,23.63880068568566,X12,4.8636,77,5
0.6931471824645996,1.3370330296456778,0.0,15.897334600704859,X11,1.5,77,6
2.6322353733121417e-05,0.0,10.596512168399514,20.596512168399514,X14,1.7774,77,8
2.992190317741006e-08,0.0,6.1952621686949785,16.195262168694978,X14,-2.7894,77,9
0.6931471824645996,0.9203944727778435,0.0,16.545144426818595,X11,1.5,77,11
0.6931471824645996,-1.2483184486627596,0.0,14.376431505377992,X11,1.5,77,12
0.6931471824645996,3.123693645000456,0.0,22.230909683725223,X11,1.5,78,7
1.8428434334083477e-09,0.0,9.791473397585296,19.791473397585296,X16,2.9442,78,8
0.6931471824645996,-0.7582864463329297,0.0,19.205648213424787,X11,1.5,78,9
0.6931471824645996,-0.0648420713841924,0.0,21.090327501467566,X11,1.5,78,11
0.6931471824645996,0.8161024563014507,0.0,22.784263761129562,X11,1.5,78,13
0.6931471824645996,-1.6939122639596427,0.0,20.27424904086847,X11,1.5,78,14
0.6931471824645996,1.0773627124726737,0.0,23.212881680786445,X11,1.5,78,16
0.6931471824645996,2.556197326630354,0.0,26.049453529130655,X11,1.5,79,4
0.6931471824645996,8.475464042276144,0.0,31.271051355265623,X11,1.5,79,5
0.6931471824645996,0.5353127494454313,0.0,24.48460831841896,X11,1.5,79,12
0.6931471824645996,6.472234316170216,0.0,31.1762011005389,X11,1.5,80,2
0.6931471824645996,8.105955015867954,0.0,32.905543311971094,X11,1.5,80,4
0.6931471824645996,12.566716875880957,0.0,37.38510430786447,X11,1.5,80,6
4.047087998060306e-07,0.0,12.440647450685153,22.440647450685155,X19,-0.0334,80,7
0.6931471824645996,4.927682187408209,0.0,29.114839885378693,X11,1.5,81,2
0.6931471824645996,5.437878079712393,0.0,29.625035777682875,X11,1.5,81,3
1.8105237131749163e-07,0.0,23.00153887107514,33.00153887107514,X14,-4.1147,81,5
0.6931471824645996,-1.558703482151027,0.0,22.702590831873568,X11,1.5,81,16
0.6931471824645996,-1.9973111599683735,0.0,22.263983154056223,X11,1.5,81,17
0.6931471824645996,67.01073472946882,0.0,91.35486687056867,X11,1.5,82,1
0.6931471824645996,1.3909393586218322,0.0,26.264949566276144,X11,1.5,82,5
0.6931471824645996,74.5853930003941,0.0,100.4012498638246,X11,1.5,83,1
0.6931471824645996,26.096627071499825,0.0,50.72283997982177,X11,1.5,83,5
0.6931471824645996,-0.8155562914907932,0.0,23.566476577491407,X11,1.5,83,9
0.6931471824645996,1.2483562417328375,0.0,30.690626057529258,X11,1.5,84,14
0.6931471824645996,32.93763907253742,0.0,61.30380971367626,X11,1.5,85,1
0.6931471824645996,14.333456937223676,0.0,41.813405124270076,X11,1.5,85,2
0.6931471824645996,43.78964199125767,0.0,71.26959017830407,X11,1.5,85,3
0.6931471824645996,5.2047397457063305,0.0,31.508772977971578,X11,1.5,85,5
0.6931471824645996,14.40000701323152,0.0,40.70404024549677,X11,1.5,85,6
0.6931471824645996,5.100904617458584,0.0,29.043599253666635,X11,1.5,86,7
0.6931471824645996,5.56975731626153,0.0,28.498866871867815,X11,1.5,86,10
6.882902994220785e-07,0.0,11.050391651024523,21.050391651024523,X16,-0.054,86,11
0.6931471824645996,1.0608020760118908,0.0,23.817467744029642,X11,1.5,86,17
3.325783026753015e-08,0.0,10.047535311928183,20.047535311928183,X13,-0.0276,86,19
0.6931471824645996,-0.10685204714536489,0.0,22.61431335429294,X11,1.5,86,21
0.6931471824645996,2.194834779947996,0.0,24.731508227730874,X11,1.5,86,24
0.6931471824645996,11.702268864959473,0.0,35.741140832872915,X11,1.5,87,3
0.6931471824645996,4.747859645634893,0.0,28.09212416105921,X11,1.5,87,4
0.6931471824645996,-1.1366221792995912,0.0,21.427854074506413,X11,1.5,87,5
0.011326238512992859,0.0,12.768602367898822,22.768602367898822,X12,1.5697,87,6
0.6931471824645996,-1.4828361943364143,0.0,21.147058300878005,X11,1.5,87,8
0.09844127297401428,0.0,10.042435193339589,20.04243519333959,X19,-2.1954,87,9
0.6931471824645996,-1.9959666505455953,0.0,20.50252077235786,X11,1.5,87,14
0.6931471824645996,-0.6376326940953714,0.0,22.594023884898355,X11,1.5,87,16
14.159863471984863,-1.5,0.520145126652691,27.147796517223334,X2,-5.0,87,18
1.733105672863111e-11,2.2124482430517673,0.33584150744043045,30.603290336492847,X2,-5.0,87,19
0.6931471824645996,1.139073889702562,0.0,24.45960091211726,X11,1.5,87,20
0.6931471824645996,-0.055464576929811216,0.0,22.03946790220163,X11,1.5,88,6
8.088859004828919e-08,0.0,14.387094255673613,24.387094255673613,X14,4.3377,88,10
1.490852330476855e-09,0.0,10.149563539270245,20.149563539270247,X19,4.6828,88,11
0.6931471824645996,31.280986435711373,0.0,53.268249337041475,X11,1.5,89,2
5.172454962121265e-07,0.0,14.612681875398707,24.612681875398707,X12,1.7892,89,7
0.6931471824645996,-1.865422099828713,0.0,20.094037995478264,X11,1.5,89,8
0.6931471824645996,2.6593520082533395,0.0,22.485413821383677,X11,1.5,89,15
7.605446050718001e-09,0.0,10.711752465038206,20.711752465038206,X13,-1.1462,89,16
0.6931471824645996,-1.8749223947525007,0.0,18.03386698881816,X11,1.5,89,21
0.0003359286056365818,0.0,9.143332705103319,19.14333270510332,X19,0.643,90,1
1.4160300709775697e-09,0.0,7.238593811855394,17.238593811855395,X12,2.812,90,2
2.4035266221744678e-08,0.0,7.783761700566579,17.78376170056658,X9,1.8925,90,4
2.0203281627143802e-15,0.0,5.426265300082269,15.42626530008227,X19,-2.1004,90,7
1.2709220657474056e-17,0.0,11.887264437229797,21.887264437229796,X19,-1.6503,91,3
9.773868520079887e-11,0.0,9.83045728860573,19.83045728860573,X13,2.1441,91,5
0.6931471824645996,-1.0033712126314587,0.0,20.051826242975274,X11,1.5,91,6
0.6931471824645996,0.6658977754414064,0.0,22.909388779178137,X11,1.5,91,8
0.6931471824645996,0.7055650465190411,0.0,23.68222520634604,X11,1.5,91,10
0.6931471824645996,4.261258050799368,0.0,26.748929093875837,X11,1.5,91,12
0.6931471824645996,5.242723513394605,0.0,26.495623786111516,X11,1.5,92,4
1.323281457012767e-15,0.0,17.477916837933012,27.477916837933012,X14,-0.8433,92,5
2.208416910849881e-15,0.0,9.785052207754006,19.785052207754006,X13,-0.0286,92,6
2.2312551112291246e-11,0.0,14.094825490272399,24.0948254902724,X18,1.6537,92,7
0.6931471824645996,3.0619248226284945,0.0,25.295174490807415,X11,1.5,93,4
0.6931471824645996,4.885905105620623,0.0,27.470862506142147,X11,1.5,94,3
0.6931471824645996,1.195083629339928,0.0,23.7334219243334,X11,1.5,94,5
2.8434178708299656e-16,0.0,12.094924047758862,22.094924047758862,X16,-1.9191,94,6
0.6931471824645996,0.906303651630882,0.0,22.05878746468267,X11,1.5,94,9
0.6931471824645996,-1.4567377083003485,0.0,20.71233138538521,X11,1.5,94,13
0.6931471824645996,-1.3470846638083511,0.0,21.252606562580034,X11,1.5,94,15
0.6931471824645996,-1.8293877914547885,0.0,21.22242762694132,X11,1.5,94,20
0.6931471824645996,-1.9136467166244975,0.0,21.15967076107651,X11,1.5,94,23
0.6931471824645996,10.36898430064321,0.0,33.60529167269475,X11,1.5,95,2
1.620186406911528e-12,0.0,16.817757247025924,26.817757247025924,X18,0.5724,95,7
4.249501792119581e-11,0.0,13.4166158563527,23.4166158563527,X14,0.3682,96,4
1.7008605635027152e-09,0.0,13.211522206377856,23.211522206377857,X13,2.5104,96,5
0.6931471824645996,3.9040246419608593,0.0,26.493332647992954,X11,1.5,97,6
0.6931471824645996,-0.5837084837257933,0.0,21.940181280897885,X11,1.5,97,10
0.6931471824645996,1.296507779508831,0.0,23.775745743436673,X11,1.5,97,13
0.6931471824645996,1.3165628761053094,0.0,24.643693102859856,X11,1.5,97,17
0.6931471824645996,0.9114566706120986,0.0,23.65367380976005,X11,1.5,97,19
0.6931471824645996,0.6082710064947605,0.0,23.613467320862824,X11,1.5,97,21
0.6931471824645996,-1.3303954824805242,0.0,22.126925023895268,X11,1.5,97,23
3.919622940562646e-14,0.0,13.220861253962495,23.220861253962497,X14,-1.404,98,2
0.6931471824645996,0.5449566207826173,0.0,24.22060450018268,X11,1.5,98,6
0.6931471824645996,0.8135492093861085,0.0,24.366776521493406,X11,1.5,98,10
0.6931471824645996,6.54905539751053,0.0,33.41768723941402,X11,1.5,99,4
1.3862943649291992,400.5,7.382253832332463,440.2146180192047,X12,3.32,100,0
0.727888822555542,76.14303380657901,4.137153549978208,112.17980848028046,X14,-1.29903672581239,100,1
0.15508221089839935,5.623961202800276,1.9130900602630587,40.21241685659641,X7,4.23,100,2
1.3437784910202026,3.513653922826056,5.520000792315849,41.27294363779007,X18,1.042,100,3
0.069028340280056,5.505643396908043,9.442586819121752,46.986326054323456,X13,1.82,100,4
9.52484130859375,1.2433200776577031,4.09664132336672,37.60634361686797,X13,4.55,100,6
1.4805889129638672,3.65185759216547,1.2060866029464041,37.603064518608804,X16,4.95,100,7
1.866929531097412,-1.9219249999999999,4.440494137966659,34.94375423318359,X14,4.65,100,8
0.003416022751480341,0.022104948759082532,0.4430490367476702,33.147065272169684,X16,-0.0,100,9
7.511200904846191,3.9052211977541402,0.3875947439535445,36.59942541221698,X16,-0.4,100,10
4.15494966506958,1.2079419886469842,3.18617278635033,37.0004106430748,X14,-2.4,100,11
0.1718505322933197,3.0464200922071933,2.4431314353032105,37.62492406769981,X14,-4.38,100,12
1.1162521839141846,1.0338860747396936,1.8861312043103493,35.26920645397746,X14,0.2,100,13
0.6931471824645996,-0.5915904752910128,0.0,31.95254365842819,X11,1.5,100,14
0.028698589652776718,1.9106524626731844,2.2242479522311793,36.18938418337353,X14,1.2,100,15
0.6931471824645996,-1.7906140945851812,0.0,30.445159423800924,X11,1.5,100,16
0.6931471824645996,-0.9036400690674729,0.0,31.12216338998777,X11,1.5,100,17
0.6931471824645996,-0.6674538329243696,0.0,31.032210348959328,X11,1.5,100,19
0.6931471824645996,0.4852362573146829,0.0,31.31614032938317,X11,1.5,100,20
0.6931471824645996,-0.4131452254951018,0.0,30.417758846573385,X11,1.5,100,21
4.0786062527331524e-08,-1.829409241229294,1.6331178053277782,30.878411811839488,X14,-4.3,100,22
0.6931471824645996,-1.7936452999711028,0.0,29.01108905529203,X11,1.5,100,23
6.781181838277917e-08,400.09749999899753,8.328341719198045,439.1796698426729,X14,-2.010000004009765,101,0
0.6931471824645996,69.46121495217083,0.0,99.93352431645991,X11,1.5,101,1
0.6931471824645996,9.708374179899693,0.0,40.18068354418877,X11,1.5,101,2
0.6931471824645996,3.659524612128733,0.0,34.77116503638468,X11,1.5,101,8
0.6931471824645996,6.541153606027361,0.0,36.35004463431185,X11,1.5,101,10
0.6931471824645996,-1.0577734634280223,0.0,25.050648973233194,X11,1.5,101,24
4.017824650759394e-08,1.7643949344754184,12.479609922447251,42.13757196160064,X14,-0.0,102,5
3.9692814368663676e-08,35.80235432393643,16.35548392922806,78.78429253378086,X14,-2.0003002001292,103,2
8.501325646648183e-05,0.0,17.444884029781303,27.444884029781303,X12,0.3234,103,4
0.021990319713950157,0.0,12.510712652730028,22.510712652730028,X19,1.308,104,15
0.0012544072233140469,0.0,8.387229103221397,18.387229103221397,X12,3.6079,105,1
1.119869648402716e-11,-1.9999249499927025,5.050441882155799,28.30285858740445,X14,-2.0000000001000102,105,2
0.6931471824645996,8.526056587696074,0.0,29.053328388030373,X11,1.5,105,3
0.6931471824645996,0.7614827267825586,0.0,20.883249440637186,X11,1.5,105,5
0.6931471824645996,4.912194680422544,0.0,25.01726026357809,X11,1.5,105,7
0.6931471824645996,-1.9525598809123057,0.0,17.92969974915802,X11,1.5,105,9
0.6931471824645996,-0.32493333145976244,0.0,18.29244727333306,X11,1.5,105,15
1.0828621332947819e-09,0.0,6.118264507016566,16.118264507016566,X12,-4.2378,105,16
0.6931471824645996,0.8095941692590714,0.0,20.32490524772455,X11,1.5,105,19
0.6931471824645996,0.31523109972477314,0.0,18.361630448014694,X11,1.5,105,23
9.330443617727724e-07,0.0,5.496466924470027,15.496466924470027,X13,-1.5361,106,2
0.6931471824645996,-0.21324662864207866,0.0,15.094311718178632,X11,1.5,106,3
2.2460493909193247e-08,0.0,9.2900498099101,19.2900498099101,X16,-3.6966,106,4
6.431713245547144e-06,0.0,6.190922630893765,16.190922630893766,X12,-1.5218,106,7
0.6931471824645996,5.343483526259654,0.0,19.410746395908326,X11,1.5,106,8
8.568469489489416e-09,0.0,2.9052063874496405,12.90520638744964,X6,-4.052,106,10
2.8590536160777447e-08,0.0,9.871489189023364,19.871489189023364,X18,2.9183,106,13
5.0795776473933074e-08,0.0,5.7054185309611345,15.705418530961134,X18,2.1332,106,15
2.2018507905841034e-08,0.0,4.947935693352989,14.947935693352989,X18,-1.8871,106,16
1.4024140071455804e-08,0.0,6.498250869782072,16.498250869782073,X19,0.9688,106,22
0.6931471824645996,63.62358635663986,0.0,81.00682362781606,X11,1.5,107,1
1.9050778732321305e-08,0.0,12.772076474924605,22.772076474924603,X19,-1.1862,107,2
5.046008944020741e-09,0.0,8.574854021381155,18.574854021381157,X13,-1.9002,108,1
0.6931471824645996,2.439973697066309,0.0,19.891314969450903,X11,1.5,108,2
5.146976178593832e-09,0.0,25.49777200005597,35.497772000055974,X14,3.8818,108,6
1.9140339091450187e-08,0.0,12.12243482228968,22.12243482228968,X19,3.3166,108,7
0.6931471824645996,6.4983716309070605,0.0,27.147862190059058,X11,1.5,108,11
1.893264434116304e-09,-1.998749999,1.765926878089546,27.03299536846997,X14,0.005000004,108,13
0.6931471824645996,1.8157162815332395,0.0,23.973530285210167,X11,1.5,108,14
0.6931471824645996,1.435745187103743,0.0,23.593559190780674,X11,1.5,108,15
0.6931471824645996,0.779155723750593,0.0,24.868741767278962,X11,1.5,108,22
3.494990252761454e-08,0.0,17.670397672421647,27.670397672421647,X12,-0.471,109,3
0.6931471824645996,5.820508405566223,0.0,30.664765664489753,X11,1.5,109,4
5.4754824674319025e-08,0.0,13.316253363777857,23.316253363777857,X12,-1.8375,109,6
2.4207382764984686e-08,0.0,16.026344972034618,26.026344972034618,X13,2.0964,109,7
0.6931471824645996,79.71896867826581,0.0,105.21652604992701,X11,1.5,110,1
0.6931471824645996,-1.8984782882034779,0.0,22.15080656013963,X11,1.5,110,12
0.6931471824645996,-0.7903889417648324,0.0,24.013567121973438,X11,1.5,110,15
0.6931471824645996,0.04268923401832936,0.0,24.88694649294186,X11,1.5,110,18
0.6931471824645996,1.2121895067393762,0.0,24.87115341756492,X11,1.5,110,20
0.6931471824645996,0.11164081841707141,0.0,23.110536384566903,X11,1.5,110,23
7.785674682736499e-08,0.0,15.087448624241599,25.0874486242416,X12,1.0666,112,5
9.076607909719314e-09,0.0,11.08194962972563,21.081949629725628,X14,0.0896,112,6
0.6931471824645996,22.006464309990417,0.0,44.00577527438742,X11,1.5,113,1
7.624186793009358e-08,0.0,18.604496653074555,28.604496653074555,X16,-4.9393,113,4
0.6931471824645996,-1.3932012729346788,0.0,20.966377495701852,X11,1.5,113,5
3.524673175547832e-08,0.0,12.428816002515473,22.428816002515475,X12,-3.6153,113,7
2.6628171667653078e-08,0.0,14.171501108549014,24.171501108549016,X12,-4.5474,114,4
0.6931471824645996,91.50625124573708,0.0,116.91262851011328,X11,1.5,115,1
0.6931471824645996,7.461227897554643,0.0,32.852712287640955,X11,1.5,115,8
0.6931471824645996,11.399593044072391,0.0,35.42086267202191,X11,1.5,115,14
0.6931471824645996,8.386704426258804,0.0,31.63756418590684,X11,1.5,115,15
0.6931471824645996,5.209745425730947,0.0,28.46060518537898,X11,1.5,115,16
0.6931471824645996,-0.8040846362709964,0.0,21.00724638180061,X11,1.5,115,18
0.6931471824645996,79.24925234913827,0.0,100.81024372027612,X11,1.5,116,1
4.568107225821905e-09,0.0,15.71790612846448,25.717906128464477,X14,0.6268,116,3
2.8740767543666834e-09,0.0,11.06940378651297,21.06940378651297,X14,3.4039,116,5
1.1378017639174232e-08,0.0,28.559851213331633,38.55985121333163,X19,-3.4192,116,7
1.7804078211725027e-08,0.0,27.14821461136293,37.14821461136293,X12,-1.73,116,8
0.6931471824645996,10.438048958778383,0.0,31.841780591289798,X11,1.5,116,9
0.6931471824645996,-1.0984592288732475,0.0,20.30527240363817,X11,1.5,116,10
0.6931471824645996,-1.0167822055518627,0.0,20.609627406994395,X11,1.5,116,16
0.6931471824645996,-1.5305565968155754,0.0,21.150022313940404,X11,1.5,117,3
0.6931471824645996,1.0326819382607866,0.0,23.713260849016766,X11,1.5,117,4
2.527792730688816e-08,0.0,10.65059445278357,20.650594452783572,X13,-1.2732,117,6
1.5971533429137708e-08,0.0,16.25532669724699,26.25532669724699,X14,3.5826,117,7
0.6931471824645996,72.44064446911216,0.0,94.70098673909598,X11,1.5,118,1
0.6931471824645996,2.407211970537899,0.0,24.333121938973086,X11,1.5,118,9
0.6931471824645996,-1.6651110947132164,0.0,20.30110006890724,X11,1.5,118,11
0.6931471824645996,-0.8977193534374228,0.0,21.848280071801348,X11,1.5,118,15
0.6931471824645996,-0.9558845460414922,0.0,21.070943930381564,X11,1.5,118,17
0.6931471824645996,-0.9023656919598544,0.0,21.02354427647533,X11,1.5,118,21
0.6931471824645996,-1.5636611320078408,0.0,20.265104363780782,X11,1.5,118,23
0.6931471824645996,17.69185136258603,0.0,39.27643681903491,X11,1.5,119,3
0.6931471824645996,2.7936200015246904,0.0,22.826103004910898,X11,1.5,119,5
4.220799709742096e-08,0.0,16.665768070134888,26.665768070134888,X16,-2.2141,119,6
0.6931471824645996,10.112220529466871,0.0,30.00370058100563,X11,1.5,120,2
0.6931471824645996,16.997573193162687,0.0,35.419793329946714,X11,1.5,120,5
7.90681387030645e-09,0.0,17.62889505825911,27.62889505825911,X14,-0.9363,120,6
0.6931471824645996,1.2468462623655796,0.0,18.940261727540445,X11,1.5,120,7
2.3759406531098648e-07,0.0,7.388026890009354,17.388026890009353,X12,-2.2586,120,8
1.1369758112778072e-07,0.0,6.840423612078932,16.840423612078933,X13,-0.5421,120,9
7.881954644517464e-09,0.0,12.215429957042016,22.215429957042016,X14,-0.9671,120,11
0.6931471824645996,-1.217599615454672,0.0,15.247507760897358,X11,1.5,120,13
1.1719447456925991e-07,0.0,5.224364953128394,15.224364953128394,X13,-1.6169,120,14
2.4339747994872596e-08,0.0,5.495823319487121,15.49582331948712,X12,-3.4149,121,1
1.4889178778787482e-08,0.0,8.352548123316952,18.35254812331695,X18,-2.8798,121,2
0.6931471824645996,-0.3597757518291367,0.0,17.595871661077375,X11,1.5,121,5
5.672970093684171e-09,0.0,20.397781465263588,30.397781465263588,X19,4.052,121,6
7.073280183789166e-09,0.0,9.682362587748363,19.682362587748365,X19,4.8547,121,7
0.6931471824645996,70.32147522270678,0.0,90.32667881542297,X11,1.5,122,1
2.4868139547606916e-08,0.0,11.532627268101153,21.53262726810115,X12,-2.1789,122,2
0.6931471824645996,2.946478765457874,0.0,23.246846361237203,X11,1.5,122,7
4.441254919385074e-09,0.0,20.42407882624891,30.42407882624891,X14,-3.9994,123,3
5.169742411936795e-09,0.0,12.857769375570829,22.85776937557083,X14,-4.0125,123,7
0.6931471824645996,-0.4553057402372307,0.0,20.527705644513844,X11,1.5,124,4
0.6931471824645996,2.833635862916708,0.0,23.11897835815697,X11,1.5,124,6
0.6931471824645996,0.849494628608225,0.0,21.914625385466806,X11,1.5,124,8
1.3862943649291992,0.0,10.063472957010164,20.063472957010163,X19,4.0588,125,1
0.6931471824645996,-0.061582308262586594,0.0,20.047582272790184,X11,1.5,125,2
0.6931471824645996,7.208147842437027,0.0,27.253844323289044,X11,1.5,125,4
0.6931471824645996,16.57856398075819,0.0,35.844472199991884,X11,1.5,125,5
0.024256527423858643,0.0,8.303238370193986,18.303238370193988,X13,-1.3607,125,7
0.6931471824645996,-0.993280146270985,0.0,18.418215545270968,X11,1.5,125,8
7.673355014418575e-18,0.0,13.362893204732373,23.362893204732373,X14,0.8922,125,9
7.8328297124289595e-16,-1.5,3.135890894714711,26.72102331889321,X16,0.17,125,10
1.918946392210819e-16,0.0,13.513556787930431,23.513556787930433,X18,-2.0555,125,13
3.238489771489883e-12,15.07193831959963,11.633104521739897,50.59066259217934,X14,-1.5,126,1
0.6931471824645996,-0.852622736245392,0.0,18.8191663707167,X11,1.5,126,2
1.4689982563709236e-10,0.0,14.187035931158988,24.187035931158988,X12,0.3851,126,4
2.7977830122094538e-11,0.0,15.222906097000417,25.22290609700042,X13,0.17,126,5
0.6931471824645996,1.6421823427081073,0.0,20.861847257662475,X11,1.5,126,6
2.1213870660119483e-09,0.0,11.878714198385405,21.878714198385403,X18,-3.9293,126,7
6.982718403492072e-09,400.246875,7.4403870720836025,430.93600365914983,X14,-5.0,127,0
1.4852908236662188e-07,67.97652902081609,0.0,88.77543698924337,X17,-2.04,127,1
0.6931471824645996,10.582207512110475,0.0,30.49744331139437,X11,1.5,127,2
0.6931471824645996,6.413816772401333,0.0,26.329052571685228,X11,1.5,127,3
1.9665801573864883e-06,0.0,12.96414609862136,22.96414609862136,X12,-2.2791,127,4
2.7034463983000023e-06,0.0,11.666419308147159,21.66641930814716,X19,2.3684,127,7
0.0007789431838318706,-1.5,0.8128302128975399,25.72630804101147,X10,-2.068880906020809,127,9
0.6931471824645996,2.751416318118576,0.0,23.781221977089114,X11,1.5,127,10
6.708356702634745e-19,0.0,13.236680589681459,23.23668058968146,X18,4.9632,127,16
0.6931471824645996,-1.6254039108753204,0.0,20.166235698401927,X11,1.5,127,21
5.4538762991279025e-19,0.0,9.848138656613171,19.848138656613173,X14,-2.0701,127,24
2.1335456614883172e-19,0.0,9.019177926741621,19.01917792674162,X18,3.033,128,2
0.6931471824645996,5.598344974219813,0.0,25.779814026443542,X11,1.5,128,3
4.497974492540318e-19,0.0,24.519092233705912,34.51909223370591,X19,-0.1987,128,4
8.134936168486307e-19,0.0,15.907167817313308,25.907167817313308,X19,-0.1313,128,6
0.6931471824645996,0.8214531205594522,0.0,21.700591062294002,X11,1.5,129,5
0.6931471824645996,4.258372627198694,0.0,25.137510568933244,X11,1.5,129,7
0.6931471824645996,19.144632566720237,0.0,39.29060135236452,X11,1.5,130,1
0.6931471824645996,6.234529688954353,0.0,27.06314226357038,X11,1.5,130,3
7.720925675138132e-17,0.0,17.722666750492245,27.722666750492245,X13,-1.0309,130,5
1.3449445562493672e-17,0.0,14.524574912184214,24.524574912184214,X18,2.1964,130,6
3.6095015336763976e-17,0.0,20.18253967930736,30.18253967930736,X19,-1.9661,131,3
0.6931471824645996,28.474464625120177,0.0,48.620433410764456,X11,1.5,131,5
0.6931471824645996,7.535370945930477,0.0,27.681339731574756,X11,1.5,131,6
0.6931471824645996,20.006853915750984,0.0,40.61699496096988,X11,1.5,132,2
9.3559140656004e-16,0.0,14.934072410608625,24.934072410608625,X14,2.0011,132,3
2.923230807599533e-17,0.0,10.023452456922724,20.023452456922726,X9,3.3324,132,5
0.6931471824645996,4.633397735655311,0.0,26.220887976304212,X11,1.5,132,6
5.544717906791645e-16,0.0,14.802684008351747,24.802684008351747,X16,-1.9127,133,4
0.6931471824645996,-1.6582306921482015,0.0,31.119203298478837,X11,1.5,134,6
0.6931471824645996,-0.9224261865019745,0.0,31.528868526953524,X11,1.5,134,7
0.6931471824645996,1.565752353519203,0.0,33.169053397872084,X11,1.5,134,14
0.6931471824645996,0.30346702039241613,0.0,31.79204495800885,X11,1.5,135,5
0.6931471824645996,6.402099732309576,0.0,37.137332372951946,X11,1.5,135,8
0.6931471824645996,-0.17660031095147133,0.0,30.594132596270356,X11,1.5,135,10
0.6931471824645996,-0.504491776227951,0.0,30.266241130993876,X11,1.5,135,12
0.6931471824645996,1.5306729637086391,0.0,31.514285537545845,X11,1.5,135,14
0.6931471824645996,-1.6871814578771627,0.0,27.56114241252583,X11,1.5,135,15
0.6931471824645996,14.366765473037963,0.0,39.832437568037975,X11,1.5,137,1
0.6931471824645996,1.0211810059845483,0.0,26.48685310098456,X11,1.5,137,2
0.6931471824645996,4.228704504668714,0.0,28.914588338050415,X11,1.5,137,11
0.6931471824645996,-1.266766358166933,0.0,23.374465673018932,X11,1.5,137,18
0.6931471824645996,-1.9881087094545347,0.0,21.672773926269322,X11,1.5,137,20
0.6931471824645996,12.666265964508057,0.0,37.21834225827588,X11,1.5,138,2
0.6931471824645996,-1.7883698791265523,0.0,22.19924532601523,X11,1.5,138,10
1.9152962636020954e-13,0.0,11.301041924687803,21.3010419246878,X12,-4.0467,138,11
0.6931471824645996,-1.900767117738722,0.0,21.780024344730172,X11,1.5,138,16
0.6931471824645996,-1.0734483301639575,0.0,23.059467324312656,X11,1.5,138,18
0.6931471824645996,-1.0741239860653895,0.0,23.058791668411224,X11,1.5,138,19
1.154671671455389e-14,0.0,14.297820726835969,24.29782072683597,X16,0.3085,139,7
0.6931471824645996,30.77972865104676,0.0,51.945678994794584,X11,1.5,140,2
2.577157881360464e-15,0.0,20.53098750480491,30.53098750480491,X19,4.4901,140,3
0.6931471824645996,5.199821956455697,0.0,25.40749691703589,X11,1.5,140,4
0.6931471824645996,4.327442023903121,0.0,23.32998284817317,X11,1.5,140,5
3.644857734451086e-15,0.0,15.649538753745295,25.649538753745297,X18,-3.6009,140,6
1.0405120436595382e-14,0.0,9.042349324634745,19.042349324634745,X13,-3.0065,141,1
2.7375370054177244e-15,0.0,7.3213054027064475,17.321305402706447,X18,-2.0142,141,2
0.6931471824645996,2.562574055045843,0.0,18.52751498824229,X11,1.5,141,5
7.786804377294884e-15,0.0,10.228863589466679,20.228863589466677,X16,-4.882,141,7
1.6790866928188125e-13,0.0,8.35383345532854,18.35383345532854,X12,2.0618,141,9
2.955328256420975e-12,0.0,3.821235463424646,13.821235463424646,X12,3.6874,141,10
1.609861396309985e-15,0.0,13.140574045651054,23.140574045651054,X18,3.2348,142,3
2.538955213131637e-15,0.0,20.337081346265556,30.337081346265556,X19,-4.262,142,5
6.880723492738066e-15,0.0,9.93336889555867,19.933368895558672,X14,3.8677,143,1
1.4016690199735848e-14,0.0,9.477845627994387,19.477845627994387,X14,1.9304,143,2
0.6931471824645996,-1.7580876126885414,0.0,16.02264095588907,X11,1.5,143,6
0.6931471824645996,2.1742271669209057,0.0,19.033621259462734,X11,1.5,143,7
1.2028041492765252e-15,0.0,17.580934170088423,27.580934170088423,X19,-4.1113,143,8
0.6931471824645996,0.7540783286094666,0.0,17.757663179621456,X11,1.5,143,10
0.6931471824645996,4.076110206544401,0.0,21.079695057556393,X11,1.5,143,11
5.093556924744074e-16,0.0,10.752505215991901,20.752505215991903,X18,-1.4946,143,13
8.10184642356486e-15,0.0,8.922224225668106,18.922224225668106,X13,4.7202,144,1
0.6931471824645996,12.897508274763823,0.0,32.910382689752666,X11,1.5,144,2
2.9196120313859566e-15,0.0,27.56648257112625,37.56648257112625,X16,-0.1465,145,4
0.6931471824645996,35.38248533755541,0.0,59.702431929624765,X11,1.5,146,1
0.6931471824645996,0.8298114389181155,0.0,25.152158496790378,X11,1.5,146,8
0.6931471824645996,71.6642492711544,0.0,95.2534271729364,X11,1.5,148,1
0.6931471824645996,-1.1116252467036247,0.0,22.477552655078373,X11,1.5,148,2
0.6931471824645996,5.7530694790184445,0.0,28.60607802467817,X11,1.5,148,4
5.6764892265859235e-12,0.0,10.074980271874507,20.07498027187451,X12,4.1583,148,7
0.6931471824645996,4.861214920878405,0.0,27.71620502555514,X11,1.5,148,8
0.6931471824645996,-1.7969048768281892,0.0,20.332598641764413,X11,1.5,148,15
3.663103671167891e-15,0.0,9.50954251651592,19.50954251651592,X14,-4.4535,149,1
0.6931471824645996,8.638467572629454,0.0,30.64452960983993,X11,1.5,149,2
0.6931471824645996,1.830536499619484,0.0,24.83108202242973,X11,1.5,149,5
5.361754334791413e-13,0.0,11.22849348759869,21.22849348759869,X12,0.1162,149,6
0.6931471824645996,1.565265595912937,0.0,23.85414402193781,X11,1.5,149,7
0.6931471824645996,2.422673538327218,0.0,24.71155196435209,X11,1.5,149,9
0.6931471824645996,0.28342194110155816,0.0,23.3054695232167,X11,1.5,149,11
0.6931471824645996,-1.3277099952101734,0.0,21.172727570400948,X11,1.5,149,19
0.6931471824645996,-1.2862749136984375,0.0,21.911831541423496,X11,1.5,149,21
0.6931471824645996,168.8244104795158,4.016337847100206,202.8158684398435,X2,-1.7133441356947352,150,1
1.258150577545166,-1.84216606875,2.3652321736630966,29.27340074023897,X12,1.016435725,150,2
1.850593456254046e-08,-1.747432911,7.063076369650811,34.12129841052587,X14,0.920131644,150,3
1.9472031593322754,-1.9989314999999999,6.074736361938332,32.938462139697734,X18,4.967474,150,4
3.5181167125701904,-1.8861780000000001,3.8051678618476363,30.72632682305785,X18,-1.039312,150,5
2.7275965213775635,17.942974134871715,16.94591492300199,63.97633373815248,X12,-1.0711015,150,6
0.09775236248970032,32.16182428225875,16.07819243687341,77.65106299791216,X13,-2.6989775649,150,7
8.024468201028867e-09,0.4787064790725699,0.6468617334709624,32.843870504758904,X10,-3.030111321444,150,8
9.242695568900672e-07,2.0432980731129664,1.0163493823439695,33.915350832943595,X7,1.26114,150,9
3.3269220711673597e-10,-1.950402662175,1.8009300238704464,30.54245319327454,X19,-0.3970893513,150,10
1.3022278835705947e-05,-1.5,0.23649929611420084,31.010344263011145,X5,1.0183119,150,11
0.001286843209527433,-1.5,1.8603446573354683,31.673190790460087,X16,1.21185,150,12
1.7056074434751434e-12,-1.5,0.34054499797895527,31.359476981729575,X2,4.4181,150,13
3.4132194141368866e-13,-1.5,0.22563448032599304,31.71025928185167,X3,-2.36413,150,14
5.003298682071432e-15,-1.5,0.16320270118749866,31.478449635416002,X3,-0.6739,150,15
1.5564611570624033e-15,-1.5,2.5591681038783647,33.52812750090034,X13,0.73,150,16
1.1630885601043701,-1.59165,2.293501694821095,33.37701191617055,X13,2.3634,150,17
1.997612459604694e-16,-1.9762460389749998,1.1347861105032353,31.833700292877694,X13,-2.793993409,150,18
2.9902610907527472e-16,-1.94170675,1.0604994319752092,31.422503605142225,X13,0.963173,150,22
0.6931471824645996,-0.5420082621276379,0.0,31.504248276492014,X11,1.5,150,23
0.6931471824645996,-1.0466300584375832,0.0,30.21607791288198,X11,1.5,150,24
2.408996643909762e-20,400.090696885,7.715038662524708,439.96844351884425,X13,-1.39368754,151,0
45.43931198120117,58.12483265250922,0.0,89.14515272212985,X11,1.5,151,1
0.6931471824645996,-1.8133230805397016,0.0,28.33100621377534,X11,1.5,151,4
0.6931471824645996,-0.932971965521574,0.0,28.4509515791361,X11,1.5,151,6
0.6931471824645996,3.6706197597086465,0.0,32.22262416904847,X11,1.5,151,7
0.6931471824645996,8.749302688986056,0.0,35.733545217852935,X11,1.5,152,2
0.6931471824645996,13.938651435077176,0.0,40.92289396394406,X11,1.5,152,3
0.056350305676460266,-1.5,0.3314118896372314,28.54825182532693,X5,1.9268764021644904,153,1
3.6942033148079645e-06,15.961091756820675,0.17088713189179258,45.69768079826749,X5,3.7749577,153,2
0.6931471824645996,1.010767452418797,0.0,27.10233467053744,X11,1.5,153,3
0.6931471824645996,-0.05303965508938191,0.0,25.06423980462096,X11,1.5,153,4
0.12039335072040558,-1.5,0.12256001622359786,27.262490280503933,X5,0.0,153,5
1.3408048289420549e-06,4.404197122901678,1.4535297801529654,35.72661421652071,X7,-0.8,153,6
0.6931471824645996,18.29664037749172,0.0,42.398669910889694,X11,1.5,154,3
0.00027422638959251344,0.0,15.982713926723724,25.982713926723726,X14,-3.7568,154,4
2.287780409560014e-09,-1.5,0.27413346629598206,27.038761914422672,X5,-1.9826093640320561,154,5
0.6931471824645996,3.26919351890683,0.0,28.718737466803255,X11,1.5,155,5
0.6931471824645996,17.401206016540527,0.0,41.954949427593334,X11,1.5,155,6
0.6931471824645996,11.53856328129768,0.0,35.20817854435202,X11,1.5,155,8
1.5622180216112724e-09,-1.8396403192086164,0.32273535177373375,26.2897185636431,X5,4.416396423165534,156,2
0.6931471824645996,4.126134961843486,0.0,29.639432305437737,X11,1.5,157,4
0.6931471824645996,-0.8841452486813051,0.0,23.877542316539483,X11,1.5,157,6
1.9471808609949903e-09,-1.928884583349834,0.25995890279430495,26.362816734371435,X5,-1.698147697431392,158,2
9.989850724423377e-09,0.0,17.486001847144035,27.486001847144035,X13,-4.0533,158,6
0.6931471824645996,74.65435827895999,0.0,98.98468809138564,X11,1.5,159,1
8.088573144604538e-10,-1.5,1.205894315970187,27.882875472759334,X7,-3.738616131266186,159,4
0.6931471824645996,3.705699007958172,0.0,26.79781562153955,X11,1.5,159,7
0.6931471824645996,2.8924775570631045,0.0,25.513670842756383,X11,1.5,159,9
0.6931471824645996,3.0847523696720547,0.0,24.725596259903327,X11,1.5,159,11
8.747744573156524e-08,7.245251279324291,0.44367690090774153,33.94404224384894,X7,2.642183924799978,159,12
0.6931471824645996,0.5173825323581704,0.0,21.468118107709525,X11,1.5,159,13
0.6931471824645996,-0.39666299149394124,0.0,19.79057501025601,X11,1.5,159,14
7.828327985848205e-10,-1.5,0.2622632292319069,24.458056254530277,X7,-1.0,159,15
0.6931471824645996,-1.602750815451146,0.0,17.762838939521195,X11,1.5,159,16
9.710751092129044e-10,-1.810118287375725,0.24305072620288037,23.800918386309956,X7,-0.0404731495029,159,17
0.6931471824645996,-1.3404793962836248,0.0,17.277506551199174,X11,1.5,159,19
1.971610652518052e-09,-1.104413195185098,0.38350908975693204,24.10257057221525,X5,-0.9129476776833083,159,20
0.6931471824645996,-1.7169458866119403,0.0,15.906528791031475,X11,1.5,159,21
0.6931471824645996,-1.6004079580307007,0.0,14.817932583302571,X11,1.5,159,22
0.6931471824645996,-1.2418451681733167,0.0,13.968729522891506,X11,1.5,159,24
2.1785210719826864e-06,0.0,11.524716095569609,21.52471609556961,X13,3.6476,160,1
2.715652414053693e-08,0.0,11.20732822006444,21.20732822006444,X19,4.0302,160,2
0.6931471824645996,0.8259928002953476,0.0,15.167966998330256,X11,1.5,160,4
1.0214419177145828e-07,-1.87640492,0.21575360511038488,21.23132288314529,X5,0.49438032,160,5
0.6931471824645996,-0.8894451446831297,0.0,14.210757046655825,X11,1.5,160,6
0.6931471824645996,6.965786412358286,0.0,21.23093823453911,X11,1.5,160,7
1.8166119275520032e-07,-1.95346437663225,0.1537821063998331,21.015469551948406,X5,0.680522813471,160,8
0.6931471824645996,69.67232824862003,0.0,84.60880492701614,X11,1.5,161,1
0.6931471824645996,3.277241811156273,0.0,18.213718489552384,X11,1.5,161,2
0.6931471824645996,1.639794852584604,0.0,16.576271530980716,X11,1.5,161,3
2.414053597021848e-06,0.0,7.526428814270027,17.526428814270027,X19,0.3713,161,6
1.3284984667905064e-08,0.0,6.875512647833288,16.87551264783329,X19,-4.4294,161,7
0.6931471824645996,78.44113190844654,0.0,96.57844363341002,X11,1.5,162,1
2.297006176377181e-06,0.0,16.905601519825453,26.905601519825453,X14,4.277,162,2
0.6931471824645996,15.023592703044413,0.0,33.87023003235198,X11,1.5,162,3
3.853752730265114e-07,0.0,21.007487229550133,31.007487229550133,X16,0.1973,162,4
0.6931471824645996,3.604570209980009,0.0,23.645327245591808,X11,1.5,162,5
1.544192151925472e-08,0.0,9.264528250691976,19.264528250691974,X13,1.9179,162,6
0.6931471824645996,3.423123668879273,0.0,25.29806392777584,X11,1.5,162,9
0.6931471824645996,0.09314499422908185,0.0,20.520305522818568,X11,1.5,162,15
21.4453125,400.0,0.0,421.8481412033383,X11,1.5,163,0
0.6931471824645996,34.88042838871479,0.0,56.84089223448659,X11,1.5,163,3
0.11996903270483017,0.0,25.471852211855833,35.47185221185583,X14,-2.8549,163,4
0.6931471824645996,1.8519906289875543,0.0,24.510123364270164,X11,1.5,163,5
0.6931471824645996,8.219415012747042,0.0,30.877547748029652,X11,1.5,163,7
0.021662671118974686,0.0,9.192396958186333,19.192396958186333,X14,-1.9255,164,2
8.523885726928711,0.0,11.653262507960301,21.6532625079603,X12,0.1782,165,2
0.0011533460346981883,0.0,14.297684465129258,24.297684465129258,X19,-3.6627,165,3
0.6931471824645996,-1.2626250013708962,0.0,20.470074640263167,X11,1.5,165,4
3.913591228865698e-08,0.0,12.64858764159506,22.64858764159506,X13,-0.4405,165,9
0.6931471824645996,3.555565234273672,0.0,24.45015609770823,X11,1.5,165,10
9.538287937260748e-10,0.0,15.890467703945252,25.89046770394525,X12,0.0842,166,5
2.650411357399407e-13,0.0,13.354886610582962,23.354886610582962,X12,3.9547,166,7
0.6931471824645996,7.454339098185301,0.0,29.98412034003049,X11,1.5,167,7
0.6931471824645996,-1.2493831701576674,0.0,20.432505808860817,X11,1.5,167,8
0.6931471824645996,2.530168171972038,0.0,24.212057150990525,X11,1.5,167,9
0.6931471824645996,0.19662494957446874,0.0,21.838212733407687,X11,1.5,167,12
0.6931471824645996,-1.7401893734931928,0.0,19.790598728818615,X11,1.5,167,14
0.6931471824645996,0.6734863296151161,0.0,22.204274431926923,X11,1.5,167,15
6.334434566416247e-18,0.0,17.705249632130165,27.705249632130165,X16,-2.7548,169,4
0.6931471824645996,0.6875065192580276,0.0,21.431169805593733,X11,1.5,169,5
0.6931471824645996,0.7624944597482708,0.0,22.921324487950397,X11,1.5,169,11
0.6931471824645996,4.862800527364013,0.0,26.33898676659439,X11,1.5,169,12
0.6931471824645996,1.9661913700401756,0.0,23.847882695750226,X11,1.5,169,14
9.527147071253239e-09,0.0,15.923814368398855,25.923814368398855,X14,1.2274,170,2
0.6931471824645996,50.93016576394439,0.0,75.23297806434397,X11,1.5,171,1
0.6931471824645996,6.651184886693953,0.0,30.953997187093535,X11,1.5,171,2
7.485315354489345e-18,0.0,18.262158322260824,28.262158322260824,X14,-4.0131,171,4
0.6931471824645996,-1.8055859543383068,0.0,24.06150125270618,X11,1.5,171,14
0.6931471824645996,-1.359110109508035,0.0,29.04437608593907,X11,1.5,171,23
0.6931471824645996,-1.0139046125113982,0.0,32.68552193009584,X11,1.5,172,13
0.6931471824645996,-1.8407344967126837,0.0,31.371958074683413,X11,1.5,172,15
0.6931471824645996,5.09421380981804,0.0,38.306906381214134,X11,1.5,173,2
0.6931471824645996,15.065389398485411,0.0,47.323603973011245,X11,1.5,173,3
0.6931471824645996,66.35203732922673,0.0,98.41900440069219,X11,1.5,174,1
0.6931471824645996,-0.8208096213638783,0.0,31.24615745010157,X11,1.5,174,2
0.6931471824645996,-0.5965893827378821,0.0,30.515899691857285,X11,1.5,174,4
0.6931471824645996,-0.826548714190718,0.0,30.28594036040445,X11,1.5,174,5
0.6931471824645996,6.94900586828588,0.0,36.602692300522634,X11,1.5,175,2
0.6931471824645996,2.291709017008543,0.0,29.041281914688224,X11,1.5,176,3
0.6931471824645996,18.137517657130946,0.0,44.03919829198392,X11,1.5,176,4
0.6931471824645996,11.948856145143498,0.0,37.850536779996474,X11,1.5,176,5
1.1530122756958008,0.0,19.505394021244445,29.505394021244445,X18,-4.2066,176,6
6.340582139191531e-12,0.0,16.484973199162106,26.484973199162106,X14,0.9922,176,8
0.6931471824645996,0.7509324960410613,0.0,25.678595899959596,X11,1.5,176,17
0.6931471824645996,18.17527743801474,0.0,41.90261348192118,X11,1.5,177,2
1.9075179854584476e-15,0.0,14.120458046379184,24.120458046379184,X13,-4.5908,177,5
3.614265132407241e-19,0.0,14.990319933911008,24.99031993391101,X16,4.4891,177,6
0.6931471824645996,2.5436226464807987,0.0,25.206480695911733,X11,1.5,177,7
0.6931471824645996,-0.43233608081937547,0.0,22.23052196861156,X11,1.5,177,9
0.6931471824645996,4.303962431848047,0.0,28.22558707861093,X11,1.5,177,18
0.6931471824645996,4.853732552379371,0.0,28.775357199142253,X11,1.5,177,19
0.6931471824645996,2.997316710650919,0.0,26.10012346726321,X11,1.5,177,20
0.6931471824645996,-1.7944786734878981,0.0,20.486679836346777,X11,1.5,177,21
3.3953444957733154,0.0,12.3529669236273,22.3529669236273,X12,-4.9934,178,3
4.6980561136258804e-27,0.0,12.655940615468289,22.65594061546829,X12,1.43,178,4
0.6931471824645996,-1.0207097157835943,0.0,19.473124218721622,X11,1.5,178,5
0.6931471824645996,-1.4204243756830692,0.0,15.948079072626271,X11,1.5,179,2
6.940356379232296e-29,0.0,7.936801057880046,17.936801057880047,X16,-4.492,179,3
0.6931471824645996,6.7409906648099405,0.0,24.23895104572258,X11,1.5,179,4
0.6931471824645996,2.9133689552545494,0.0,19.4089213035234,X11,1.5,179,5
0.6931471824645996,0.5399532020092046,0.0,16.160011955616053,X11,1.5,179,6
1.3340949925727275e-39,0.0,9.505721066405197,19.505721066405197,X19,1.3854,179,7
2.7081571765078003e-27,0.0,3.2073389940271335,13.207338994027133,X12,-4.0233,179,8
1.5984542629162335e-31,0.0,5.069402471362452,15.069402471362451,X18,4.6714,179,9
0.6931471824645996,2.2604642920196083,0.0,17.90273796731163,X11,1.5,179,12
0.6931471824645996,0.5175131075084183,0.0,16.15978678280044,X11,1.5,179,14
0.6931471824645996,3.2625175602734124,0.0,18.904791235565433,X11,1.5,179,15
1.68436075411843e-42,0.0,8.537003751958716,18.537003751958714,X9,0.8206,180,4
0.6931471824645996,-0.5858291313052177,0.0,16.66623816640764,X11,1.5,180,7
0.6931471824645996,-0.30021155625582274,0.0,16.363571746681977,X11,1.5,180,11
0.6931471824645996,1.0754327885806525,0.0,17.73921609151845,X11,1.5,180,13
0.6931471824645996,-0.6117384247481805,0.0,16.05204487818962,X11,1.5,180,14
0.6931471824645996,-1.2324922122061244,0.0,18.219220491656266,X11,1.5,180,18
0.6931471824645996,-1.1899359039962265,0.0,19.124103714092143,X11,1.5,180,20
0.6931471824645996,0.26652050763368074,0.0,22.484005436370367,X11,1.5,180,23
0.6931471824645996,1.9211331307888013,0.0,24.13861805952549,X11,1.5,180,24
0.6931471824645996,131.85885729268196,0.0,154.89227531835905,X11,1.5,181,1
0.6931471824645996,-1.968417737632988,0.0,21.266193372398604,X11,1.5,181,4
8.90920844712808e-38,0.0,15.891951557159828,25.891951557159828,X16,0.5425,181,5
1.2054316528699334e-30,0.0,14.422443446325273,24.422443446325275,X19,-1.8952,182,3
4.264362968743572e-36,0.0,14.253832661559539,24.25383266155954,X16,2.7025,182,7
0.6931471824645996,-0.3788546957075667,0.0,23.925711870299327,X11,1.5,182,8
0.6931471824645996,-0.6881195269525087,0.0,24.349616195144648,X11,1.5,182,10
0.6931471824645996,3.5841402038931847,0.0,28.62187592599034,X11,1.5,182,11
0.6931471824645996,2.121702644973995,0.0,27.106803810321935,X11,1.5,182,16
0.6931471824645996,2.4053883999586123,0.0,27.313667189452467,X11,1.5,182,18
0.6931471824645996,3.552381359040737,0.0,26.716938326656283,X11,1.5,183,2
5.746063194715266e-35,0.0,10.819170598228233,20.819170598228233,X12,0.5209,183,3
3.5122906038727746e-31,0.0,17.26979436143795,27.26979436143795,X19,-3.0053,183,4
3.2467095890886696e-27,0.0,11.174104230843126,21.174104230843128,X12,-2.5054,183,5
0.6931471824645996,27.697373051196337,0.0,52.700825421930766,X11,1.5,184,2
0.6931471824645996,6.256432570517063,0.0,30.996905766031382,X11,1.5,184,4
3.429489487097463e-31,0.0,23.69914297855115,33.69914297855115,X16,-4.3618,184,5
0.6931471824645996,4.825418785214426,0.0,29.596095251054777,X11,1.5,184,6
0.6931471824645996,-0.8124300315976107,0.0,22.681126358449934,X11,1.5,184,10
0.6931471824645996,0.3525522686541116,0.0,23.470806842548015,X11,1.5,184,13
0.6931471824645996,-1.9390360824763775,0.0,22.015345710600027,X11,1.5,184,20
0.6931471824645996,1.2248532846570015,0.0,26.364528425831395,X11,1.5,184,22
0.6931471824645996,3.235100869089358,0.0,26.80711306289224,X11,1.5,185,2
0.6931471824645996,-1.6199607104063007,0.0,23.950336563470923,X11,1.5,185,8
0.6931471824645996,0.01545873656869201,0.0,26.481556547289546,X11,1.5,185,10
0.6931471824645996,1.642164696007966,0.0,31.52543986336351,X11,1.5,186,13
0.6931471824645996,0.19870262965559604,0.0,33.18268460767112,X11,1.5,186,20
0.6931471824645996,-0.9252431355416801,0.0,32.226096505959504,X11,1.5,186,22
0.6931471824645996,-0.7978633157908899,0.0,32.35347632571029,X11,1.5,186,23
0.6931471824645996,-1.4424584396183482,0.0,31.708881201882832,X11,1.5,186,24
0.6931471824645996,10.275601904839284,0.0,42.73544272469031,X11,1.5,187,1
0.6931471824645996,12.802091993391524,0.0,43.83095014053182,X11,1.5,187,3
0.6931471824645996,28.321594189852473,0.0,56.24469539498594,X11,1.5,188,3
1.2072038845769619e-29,0.0,21.268924708199886,31.268924708199886,X13,-0.7066,188,5
0.6931471824645996,3.9401108622551018,0.0,31.863212067388567,X11,1.5,189,1
0.6931471824645996,2.5775743238627857,0.0,30.330632105710627,X11,1.5,189,4
0.6931471824645996,3.9331478476524318,0.0,31.68620562950027,X11,1.5,189,5
0.6931471824645996,-1.262698560953135,0.0,25.267165140414356,X11,1.5,189,10
0.6931471824645996,3.115168131887911,0.0,29.645031833255402,X11,1.5,189,11
0.6931471824645996,2.354642152786255,0.0,28.579417227339196,X11,1.5,190,4
0.6931471824645996,-0.599029235541817,0.0,25.326822054791467,X11,1.5,191,3
3.852496536514877e-31,0.0,18.399600970335218,28.399600970335218,X14,-1.9201,191,5
0.6931471824645996,3.9574405960738623,0.0,30.720082473909798,X11,1.5,191,7
0.6931471824645996,84.59156291931869,0.0,110.47007664915617,X11,1.5,192,1
0.6931471824645996,45.27681064233184,0.0,69.41733497908947,X11,1.5,193,1
3.0800975675254935e-34,0.0,15.67238511822493,25.67238511822493,X13,2.2804,193,2
0.6931471824645996,7.641581472009413,0.0,30.103246437085847,X11,1.5,193,3
1.6444883849359605e-32,0.0,13.159011809546046,23.159011809546044,X14,-0.4015,193,5
6.073227544383757e-42,0.0,12.186485476446547,22.18648547644655,X14,1.4015,193,7
0.6931471824645996,-0.3017150275409186,0.0,19.75972863268364,X11,1.5,193,12
0.6931471824645996,1.540560476481918,0.0,20.84808241887415,X11,1.5,193,14
0.6931471824645996,4.921106170862917,0.0,23.026172690747778,X11,1.5,193,15
2.1116151697832393e-30,0.0,4.886522163291389,14.886522163291389,X19,-4.0636,194,4
3.654586394959123e-42,0.0,6.699145384390559,16.699145384390558,X6,0.4098,194,7
0.6931471824645996,85.19813759997487,0.0,99.49633328549723,X11,1.5,195,1
0.6931471824645996,0.14268621429801343,0.0,14.440881899820374,X11,1.5,195,4
1.3648776626380682e-27,0.0,12.112295090493015,22.112295090493014,X12,-0.2636,195,5
3.46286171661601e-34,0.0,12.335144645142284,22.335144645142286,X19,4.3299,195,6
2.797018278120584e-31,0.0,6.943885729808332,16.943885729808333,X19,-0.4307,196,1
2.346948527560799e-31,0.0,6.5595398315928355,16.559539831592836,X19,-0.0207,196,2
2.3661140225554756e-31,0.0,15.709677514817104,25.709677514817102,X14,-1.7707,196,3
1.0986050772559056e-30,0.0,9.710802039433277,19.710802039433275,X13,-0.4457,196,4
0.6931471824645996,0.4079502634704113,0.0,19.53241084749987,X11,1.5,196,5
0.005749977193772793,0.0,7.848785365141718,17.84878536514172,X18,-2.4045,196,6
4.2096910220823304e-33,0.0,10.323258759213761,20.32325875921376,X16,-0.5272,196,10
0.6931471824645996,7.530032452195883,0.0,28.65814311112647,X11,1.5,197,6
0.6931471824645996,-1.6506822630763018,0.0,20.023102786499262,X11,1.5,197,10
0.6931471824645996,0.34043044596910654,0.0,21.20422396360032,X11,1.5,197,11
0.6931471824645996,2.0194930247962484,0.0,22.03239407956875,X11,1.5,197,12
0.6931471824645996,-0.834971006959675,0.0,19.17793004781283,X11,1.5,197,13
1.9337918807682476e-43,0.0,13.567836502409401,23.5678365024094,X19,1.6094,198,1
7.539000857473302e-30,0.0,11.538973417684002,21.538973417684,X12,-2.1475,198,2
2.0271140530777687e-30,0.0,8.48087559189272,18.48087559189272,X12,-0.9608,199,3
0.6931471824645996,9.12470330297948,0.0,28.69267557797784,X11,1.5,199,5
1.3452465257518244e-43,0.0,10.09815680110173,20.09815680110173,X14,1.3585,199,13
0.6931471824645996,0.3169981092214602,0.0,21.271877538243707,X11,1.5,199,17
0.6931471824645996,-0.6031312495470065,0.0,21.58081582637827,X11,1.5,199,24
0.6931471824645996,400.5,7.547417068464014,433.92137261244494,X13,0.618181362,200,0
0.08969565480947495,26.859698757196366,1.5629788827759443,55.42996872140451,X16,0.837908635,200,1
1.9182428121566772,-1.5,0.410270419887956,27.16853121235878,X2,-4.94,200,2
0.9455875158309937,30.4033121354878,0.1823683695804172,58.97617320861533,X2,3.26,200,3
20.827268600463867,1.0092651732265985,4.700840718670421,32.07176112775705,X22,1.65,200,4
0.04405475780367851,-1.5468000000000002,4.217409634841491,30.853188198589613,X16,-2.34,200,5
0.02760854922235012,-1.5,6.394935476745786,33.24276251434887,X12,3.69,200,6
7.833280506019946e-06,2.571660876274102,0.1658954145944462,32.0738971979815,X2,-0.1,200,7
3.0307114124298096,400.5,5.690299306808024,436.892333031696,X10,2.9,201,0
8.375102996826172,104.75145487859845,0.0,131.85717691457018,X11,1.5,201,1
24.001941680908203,-1.9775,3.7846546194813815,31.162876655453108,X12,3.6,201,2
23.515981674194336,-1.5,0.35271191501139043,28.573020979958955,X2,2.3,201,3
5.962635896139545e-08,10.339367989450691,4.835280178359638,45.87687636807574,X6,2.71,201,4
1.9926337003707886,-1.5,2.8463029483810334,31.61422396642151,X6,4.0,201,5
4.207662582397461,14.787769883871082,2.4004676198070234,47.28041405190874,X6,-2.0,201,6
0.2955954074859619,17.735880583524708,20.861327130853123,69.02999328259187,X18,-4.3,201,7
5.178737163543701,12.264065641909838,7.184725020112139,49.88157623023602,X13,-2.6,201,8
0.000589301809668541,-1.5,0.34898333128798326,29.54206685703256,X2,2.2,201,9
0.557507336139679,4.207987733185298,2.5931821655573772,38.69676750902872,X7,-4.6,201,10
0.01867525838315487,-1.6756250000000001,4.298887140506442,33.85108731790561,X16,4.0,201,11
7.201459884643555,2.2953069359064093,0.0,33.85302178119981,X11,1.5,201,12
13.228450775146484,-2.0,3.5115068969763437,33.06922174226975,X13,-2.6,201,13
3.0835518836975098,5.30098052496314,2.6347187898457762,39.49341416010232,X13,2.0,201,14
2.525710662837355e-08,0.8117127567529687,1.3802970667542636,34.018690186042015,X7,4.6,201,15
0.008431173861026764,0.5303892344236356,3.487739710734264,35.69056689718774,X18,1.2,201,16
8.560949936509132e-06,-1.6724999999999999,2.88395932369232,33.11441504115925,X12,5.0,201,17
0.6931471824645996,-0.5740126259624923,0.0,31.354060137727593,X11,1.5,201,18
3.853080124827102e-05,-1.97635,2.838770482652036,32.79049324634212,X12,-2.6,201,20
5.381455421447754,1.6060186363756612,0.0,33.47877108351656,X11,1.5,201,21
0.6931471824645996,1.2649010606110167,0.0,29.81359100974535,X11,1.5,203,2
0.6931471824645996,12.044341396540403,0.0,39.82921621156527,X11,1.5,203,3
0.6931471824645996,15.264230839908137,0.0,42.34737515449601,X11,1.5,203,4
0.6931471824645996,12.44382288679482,0.0,39.52696720138269,X11,1.5,203,5
0.6931471824645996,7.410758912563331,0.0,33.77011246437776,X11,1.5,203,6
0.6931471824645996,10.193231143057346,0.0,35.01867210697595,X11,1.5,204,5
0.6931471824645996,3.016760494559998,0.0,27.89752177502779,X11,1.5,205,8
0.6931471824645996,10.509731117635965,0.0,39.29388273146435,X11,1.5,207,3
0.6931471824645996,-1.7599053829908318,0.0,28.852962595225584,X11,1.5,207,9
0.6931471824645996,-0.07616566121578128,0.0,31.936073838888255,X11,1.5,207,16
0.6931471824645996,-0.8542857170104945,0.0,30.289193673278326,X11,1.5,207,18
0.6931471824645996,-1.6171773262321931,0.0,29.285698271892905,X11,1.5,207,20
0.6931471824645996,98.45969749242067,0.0,129.36257309054577,X11,1.5,208,1
0.6931471824645996,2.1340534724295157,0.0,32.160938295249025,X11,1.5,208,2
0.6931471824645996,-0.1785055361688137,0.0,29.057770266667283,X11,1.5,208,3
0.6931471824645996,-0.05974415317177684,0.0,26.798321714078334,X11,1.5,208,10
0.6931471824645996,-0.6849541626870659,0.0,25.334597835053177,X11,1.5,208,11
0.6931471824645996,-0.865083146840333,0.0,24.469737692819653,X11,1.5,208,14
0.6931471824645996,-0.7684018276631832,0.0,23.384187100920514,X11,1.5,208,15
0.6931471824645996,-0.43409311771392733,0.0,22.93870754925145,X11,1.5,208,16
0.6931471824645996,16.88923036307097,0.0,37.36725034306415,X11,1.5,209,1
0.6931471824645996,7.94975624606014,0.0,27.23082616312207,X11,1.5,209,2
0.6931471824645996,-1.6261405833065545,0.0,17.654929333755376,X11,1.5,209,3
0.6931471824645996,18.878754869103425,0.0,37.41222097867582,X11,1.5,209,4
0.6931471824645996,0.12888995930552483,0.0,17.89052277907338,X11,1.5,209,5
0.6931471824645996,10.98233895003796,0.0,27.53883763349567,X11,1.5,209,6
0.6931471824645996,10.183392293751243,0.0,24.983506132015044,X11,1.5,209,8
26.748050689697266,0.0,9.137558521625559,19.137558521625557,X14,-4.1966,209,12
0.6931471824645996,-1.9570324793458038,0.0,12.548375952459734,X11,1.5,209,14
21.38339614868164,0.0,7.933194143852458,17.933194143852457,X18,-3.5431,209,16
0.6931471824645996,-0.527261346578598,0.0,14.81319745438507,X11,1.5,209,17
3.885190010070801,0.0,6.903310347695682,16.903310347695683,X14,4.4099,209,20
1.3504400253295898,0.0,11.951138382032953,21.95113838203295,X12,-2.0448,209,22
0.02363232709467411,0.0,5.198514391931833,15.198514391931834,X18,4.4427,209,23
4.966622873325832e-05,0.0,10.922853105566956,20.922853105566958,X19,-1.4164,210,2
0.6931471824645996,-0.9961931072175556,0.0,18.324999697520916,X11,1.5,210,4
2.663265092905931e-07,0.0,15.096509378010538,25.096509378010538,X13,3.951,210,5
0.6931471824645996,0.8216215260326853,0.0,22.067506848762406,X11,1.5,210,13
0.6931471824645996,0.1084522493183604,0.0,21.332835512743184,X11,1.5,210,15
0.6931471824645996,-1.141160018742089,0.0,20.48872833116241,X11,1.5,210,17
0.6931471824645996,72.16792943328619,0.0,95.72085719421163,X11,1.5,211,1
3.462114028910556e-16,0.0,19.947915521019908,29.947915521019908,X13,3.1647,211,6
1.4168328049656562e-16,0.0,16.504914463149746,26.504914463149746,X12,0.3918,211,8
3.280674434336106e-07,0.0,8.159870924471111,18.15987092447111,X12,1.6383,211,11
1.083435030579949e-08,0.0,19.965187500370984,29.965187500370984,X19,1.4225,211,14
5.689096997028661e-19,0.0,10.98646282067699,20.98646282067699,X12,2.5668,212,4
0.6931471824645996,2.8831092491745913,0.0,20.13855443495809,X11,1.5,212,5
0.6931471824645996,0.134881321340794,0.0,17.390326507124293,X11,1.5,212,7
0.6931471824645996,8.63093158602715,0.0,25.013425671770165,X11,1.5,212,8
0.6931471824645996,-0.04735093191265527,0.0,15.574372665904793,X11,1.5,212,9
1.799517437682984e-22,0.0,7.750792897320536,17.750792897320537,X19,-1.8699,212,10
3.9167075210677865e-22,0.0,7.814165434499851,17.814165434499852,X12,3.3632,212,11
0.6931471824645996,-0.22506022080778898,0.0,14.493435907083585,X11,1.5,212,13
1.2019172114821601e-18,0.0,9.385594470619674,19.385594470619672,X19,1.5845,212,14
0.6931471824645996,-1.1268212571740133,0.0,14.399064464170973,X11,1.5,212,15
0.6931471824645996,0.06470900028944016,0.0,15.590594721634426,X11,1.5,212,16
0.6931471824645996,0.0838302038610017,0.0,15.315010518747732,X11,1.5,212,18
0.6931471824645996,0.948260504752394,0.0,15.252977513938498,X11,1.5,212,19
0.6931471824645996,2.7276425436139107,0.0,17.032359552800017,X11,1.5,212,20
0.6931471824645996,-0.9749485962092885,0.0,13.329768412976815,X11,1.5,212,21
0.6931471824645996,82.32375537604094,0.0,97.7691834006377,X11,1.5,213,1
5.411833117709928e-24,0.0,7.387773240199081,17.38777324019908,X19,0.6281,213,3
1.7906468318962037e-25,0.0,12.019703973757489,22.019703973757487,X19,-3.2131,213,5
0.6931471824645996,10.682363282889122,0.0,25.580653931905815,X11,1.5,213,7
0.6931471824645996,-0.2269144542515278,0.0,14.671376194765166,X11,1.5,213,8
0.6931471824645996,7.264031507074833,0.0,22.162322156091527,X11,1.5,213,9
0.6931471824645996,0.23987172916530852,0.0,15.138162378182002,X11,1.5,213,10
0.6931471824645996,-0.04969887435436249,0.0,17.751244282323363,X11,1.5,213,14
0.6931471824645996,0.3110364414751565,0.0,19.103763444982164,X11,1.5,213,16
0.6931471824645996,-0.4881816096603897,0.0,19.293551304109883,X11,1.5,213,18
0.6931471824645996,1.8471842706203434,0.0,23.479309786205917,X11,1.5,213,24
3.558695510567187e-25,0.0,11.775074213611596,21.775074213611596,X13,-1.0316,214,1
9.30883848071026e-26,0.0,11.175609081881138,21.175609081881138,X18,-1.552,214,3
0.6931471824645996,-1.6020889729261256,0.0,21.653019806580154,X11,1.5,214,5
0.6931471824645996,49.18929719179868,0.0,72.37506430468152,X11,1.5,215,1
0.6931471824645996,11.191335178911697,0.0,34.51062453441134,X11,1.5,215,5
0.6931471824645996,-0.4431845098733955,0.0,23.04179766340131,X11,1.5,215,7
0.6931471824645996,-0.47052650898694814,0.0,23.01445566428776,X11,1.5,215,8
0.6931471824645996,-1.1013783365488106,0.0,22.08845408634754,X11,1.5,215,13
0.6931471824645996,0.571573410183186,0.0,22.765257501769156,X11,1.5,215,22
0.6931471824645996,-1.2649392485618627,0.0,19.740451294894108,X11,1.5,216,1
6.165406499703367e-26,0.0,16.08015948963638,26.08015948963638,X13,-4.5476,216,3
0.6931471824645996,3.6583683900535124,0.0,25.1014488493322,X11,1.5,216,5
3.176923902739787e-27,0.0,16.800003382247194,26.800003382247194,X16,-3.8487,216,11
0.6931471824645996,-1.1453329063951934,0.0,20.8523132137912,X11,1.5,216,16
0.6931471824645996,1.9190548025071674,0.0,23.916700922693558,X11,1.5,216,17
0.6931471824645996,40.05403194203973,0.0,62.14729957396058,X11,1.5,217,1
8.265279349245463e-27,0.0,12.204537907373883,22.204537907373883,X16,-0.4653,217,2
0.6931471824645996,0.20143468305468204,0.0,22.723374307970694,X11,1.5,218,5
0.6931471824645996,-0.12529392912983717,0.0,24.38618337900685,X11,1.5,218,14
0.6931471824645996,2.207829486578703,0.0,26.697804735410493,X11,1.5,219,7
7.144307078480032e-26,0.0,13.078371074860971,23.07837107486097,X13,-3.7576,219,8
0.6931471824645996,3.142782174050809,0.0,31.58518209409733,X11,1.5,220,9
0.6931471824645996,2.129257060587406,0.0,32.14967162799902,X11,1.5,220,16
0.6931471824645996,-0.09735458344221071,0.0,30.090417647455055,X11,1.5,220,18
0.6931471824645996,-0.08597654849290981,0.0,30.101795682404358,X11,1.5,220,19
0.6931471824645996,0.5734528340399248,0.0,30.761225064937193,X11,1.5,220,20
0.6931471824645996,0.46214579790830435,0.0,29.975120337854484,X11,1.5,220,21
0.6931471824645996,-0.08102744445204868,0.0,29.43194709549413,X11,1.5,220,22
0.6931471824645996,-1.2302472777664653,0.0,27.58773975393076,X11,1.5,220,23
0.6931471824645996,-1.8846189826726922,0.0,25.97199198110339,X11,1.5,220,24
4.813602126564997e-25,0.0,12.582095050526597,22.582095050526597,X12,0.8114,222,7
0.6931471824645996,4.376056391745813,0.0,28.85068948654864,X11,1.5,223,6
1.1871892089273641e-26,0.0,16.231523325353738,26.231523325353738,X16,4.8362,224,4
0.6931471824645996,6.25549903139472,0.0,28.755042971846674,X11,1.5,224,8
0.6931471824645996,1.0867314711213094,0.0,24.602418960044787,X11,1.5,224,14
0.6931471824645996,4.639527525752785,0.0,28.155215014676266,X11,1.5,224,15
0.6931471824645996,0.386239361017946,0.0,22.68218975281249,X11,1.5,224,17
0.6931471824645996,-0.772437546402216,0.0,22.823529300226756,X11,1.5,224,20
0.6931471824645996,0.05554444342851461,0.0,22.841519758113137,X11,1.5,224,21
0.6931471824645996,1.0951750464737398,0.0,25.066443709256355,X11,1.5,224,24
0.6931471824645996,7.820513326674696,0.0,30.607382262018483,X11,1.5,225,6
0.6931471824645996,77.99313617497683,0.0,100.92100806216806,X11,1.5,226,1
0.6931471824645996,8.189493231475353,0.0,31.08868480925267,X11,1.5,226,3
0.6931471824645996,10.227076496928937,0.0,33.12626807470625,X11,1.5,226,4
0.6931471824645996,6.884171955287455,0.0,28.007672314183537,X11,1.5,226,9
0.6931471824645996,7.4033398330211675,0.0,28.526840191917252,X11,1.5,227,2
1.379859447479248,0.0,9.85762782168731,19.85762782168731,X18,3.1922,227,6
0.6931471824645996,2.8873604722321033,0.0,20.54749821234282,X11,1.5,227,11
1.5314673973421122e-09,0.0,12.063184314681006,22.063184314681006,X14,0.8078,227,12
0.6931471824645996,5.571717478334897,0.0,20.52097783839021,X11,1.5,228,3
8.391271618529705e-13,0.0,25.142052903317506,35.142052903317506,X14,4.9439,228,4
0.6931471824645996,3.186215419322256,0.0,17.42037241214974,X11,1.5,228,6
0.6931471824645996,8.184772860258818,0.0,22.418929853086297,X11,1.5,228,8
0.6931471824645996,4.825045224279165,0.0,19.059202217106645,X11,1.5,228,9
3.9250490336227573e-13,0.0,19.579462859341888,29.579462859341888,X12,-2.1835,228,10
5.44704198546242e-05,0.0,13.16431077611781,23.16431077611781,X16,0.1281,228,11
0.6931471824645996,0.5452048741280979,0.0,16.51339437297809,X11,1.5,228,12
0.6931471824645996,-0.21135941520332935,0.0,15.756830083646662,X11,1.5,228,13
6.9847472135980335e-19,0.0,10.163411176153916,20.163411176153915,X16,4.246,228,14
3.7954993706418436e-19,0.0,9.71153106415893,19.71153106415893,X16,0.3751,228,17
0.6931471824645996,-0.49237070605158806,0.0,18.075818002076698,X11,1.5,228,18
3.3066044154795775e-20,0.0,17.536115977646556,27.536115977646556,X19,-0.5174,228,19
0.6931471824645996,0.3492344357073307,0.0,20.477752219375436,X11,1.5,229,2
0.6931471824645996,-1.441599391400814,0.0,18.96659869818648,X11,1.5,229,4
0.6931471824645996,1.4036122821271402,0.0,21.811810371714436,X11,1.5,229,7
0.6931471824645996,86.90932701155543,0.0,107.9826939241061,X11,1.5,230,1
3.4079120685323024e-20,0.0,19.060188590997143,29.060188590997143,X14,0.313,230,2
0.6931471824645996,-0.5462772361934043,0.0,20.30483887661796,X11,1.5,230,5
0.6931471824645996,9.047933008521802,0.0,31.36402277535035,X11,1.5,230,8
0.6931471824645996,8.06206599622965,0.0,29.663785742848304,X11,1.5,230,9
0.6931471824645996,6.353658363223076,0.0,27.219208753719453,X11,1.5,230,11
0.6931471824645996,-0.9558857381343877,0.0,20.955717584729488,X11,1.5,230,14
0.6931471824645996,-1.3328315131366253,0.0,21.278982302665177,X11,1.5,230,17
0.6931471824645996,-0.05338855832814904,0.0,21.745433525497297,X11,1.5,230,18
0.6931471824645996,-1.3847173415124425,0.0,20.414104742313004,X11,1.5,230,19
0.6931471824645996,2.0833256058394856,0.0,24.930601086335336,X11,1.5,231,12
0.6931471824645996,3.025487408041956,0.0,24.8924134930758,X11,1.5,231,13
0.6931471824645996,76.3707928918302,0.0,98.63693159163513,X11,1.5,232,1
1.580820368787559e-16,0.0,22.758625198831325,32.758625198831325,X14,1.7095,232,5
0.6931471824645996,1.361158061772585,0.0,24.59760959169698,X11,1.5,232,8
0.6931471824645996,-1.8632997646927763,0.0,20.69050797625987,X11,1.5,232,9
0.6931471824645996,-0.9428532533347589,0.0,32.638104221845836,X11,1.5,233,14
0.6931471824645996,3.799239583313465,0.0,37.561502289879435,X11,1.5,234,1
0.6931471824645996,-0.5989504791796207,0.0,33.16331222738635,X11,1.5,234,2
0.6931471824645996,8.501440733671188,0.0,42.26370344023716,X11,1.5,234,4
0.6931471824645996,6.326814893633106,0.0,40.089077600199076,X11,1.5,234,5
0.6931471824645996,6.0852146819233965,0.0,38.69228590444149,X11,1.5,234,6
0.6931471824645996,1.7928466647863317,0.0,32.85945225694575,X11,1.5,235,3
0.6931471824645996,7.098013013601303,0.0,38.16461860576072,X11,1.5,235,4
0.6931471824645996,1.2528001777827757,0.0,29.095734549117772,X11,1.5,236,10
0.6931471824645996,1.00428561121225,0.0,28.070493157950622,X11,1.5,236,11
0.6931471824645996,-0.03137851878999953,0.0,26.35429442860732,X11,1.5,236,15
0.6931471824645996,-1.0315535068511927,0.0,25.35411944054613,X11,1.5,236,16
0.6931471824645996,74.7939129807055,0.0,105.01263543251514,X11,1.5,237,1
0.6931471824645996,5.166029091924429,0.0,36.92080164379183,X11,1.5,238,3
0.6931471824645996,3.0314533710479807,0.0,34.699020326704996,X11,1.5,240,2
0.6931471824645996,80.3836179599166,0.0,109.61765466343844,X11,1.5,241,2
0.6931471824645996,10.314098183065656,0.0,38.5379127495814,X11,1.5,241,5
0.6931471824645996,2.546420421451323,0.0,29.125949898845366,X11,1.5,241,7
0.6931471824645996,8.55534645169973,0.0,34.23601395522846,X11,1.5,241,8
0.6931471824645996,-1.1493927575647778,0.0,23.550925350501927,X11,1.5,241,9
0.6931471824645996,1.289372257888317,0.0,24.21778498570441,X11,1.5,241,11
0.6931471824645996,8.587913487106569,0.0,30.0023944772047,X11,1.5,242,1
0.6931471824645996,7.908452883362784,0.0,27.628047216068328,X11,1.5,242,3
0.6931471824645996,4.652894571423527,0.0,23.45115442809329,X11,1.5,242,4
0.6931471824645996,1.8069171346724033,0.0,19.602768958698377,X11,1.5,242,5
0.6931471824645996,0.40032045915722847,0.0,16.983277603249917,X11,1.5,243,1
2.3692523926224363e-20,0.0,5.679720041767098,15.679720041767098,X14,-2.1357,243,2
0.6931471824645996,-0.4330579228699172,0.0,16.91066970914833,X11,1.5,243,4
0.6931471824645996,1.283846233040098,0.0,20.144146440047642,X11,1.5,244,2
0.6931471824645996,-1.7277002781629491,0.0,20.689202631082726,X11,1.5,244,9
0.6931471824645996,-0.8033814206719381,0.0,23.415630139150387,X11,1.5,244,13
0.6931471824645996,1.693994101136922,0.0,26.76389812381796,X11,1.5,244,15
0.6931471824645996,-0.3355668447911686,0.0,24.016966957647966,X11,1.5,244,16
0.6931471824645996,77.06691379100084,0.0,102.39544638189142,X11,1.5,245,1
0.6931471824645996,2.189880106598139,0.0,26.43640917694653,X11,1.5,245,5
0.6931471824645996,2.831561006605625,0.0,26.22425624913126,X11,1.5,245,6
6.114526358134083e-21,0.0,10.786560605229697,20.786560605229695,X12,4.1606,246,2
0.6931471824645996,5.200313620269306,0.0,25.454335286069906,X11,1.5,246,3
8.865787236622273e-21,0.0,12.273802218395414,22.273802218395414,X13,3.373,246,4
9.556299678964355e-21,0.0,9.339162929336865,19.339162929336865,X14,-3.325,246,5
0.6931471824645996,-0.8038678579032421,0.0,19.057972939757033,X11,1.5,246,12
0.6931471824645996,0.31530329957603964,0.0,20.385088249904296,X11,1.5,246,14
0.6931471824645996,62.773145474493504,0.0,81.58682657597299,X11,1.5,247,2
6.3789216354602306e-21,0.0,9.512425771005896,19.512425771005894,X12,3.2724,247,3
0.6931471824645996,6.3440149128437096,0.0,24.871264640090537,X11,1.5,247,4
1.1171891659618388e-20,0.0,7.812139214580146,17.812139214580146,X14,-2.6663,247,7
9.971457912554311e-21,0.0,10.695241155284846,20.695241155284847,X16,0.742,247,8
5.9376942878777824e-21,0.0,5.218664273572167,15.218664273572166,X18,4.9069,247,11
0.6931471824645996,6.983030151575802,0.0,23.695227863533773,X11,1.5,247,13
2.9531846325209773e-21,0.0,7.196664747441759,17.19666474744176,X13,4.4183,247,14
0.6931471824645996,-0.8771102838218203,0.0,15.804884157810122,X11,1.5,247,15
0.6931471824645996,0.45057675242423656,0.0,16.257077599394172,X11,1.5,247,16
0.6931471824645996,0.22033539786934675,0.0,16.02683624483928,X11,1.5,247,17
0.6931471824645996,-0.42663224041461945,0.0,15.379868606555316,X11,1.5,247,18
2.26306873604091e-20,0.0,5.340862400667655,15.340862400667655,X14,-3.7547,247,20
1.972152545780278e-20,0.0,7.036217854189547,17.036217854189548,X12,3.8384,248,3
6.625265149945829e-21,0.0,8.018609325503785,18.018609325503785,X18,-4.5192,248,5
7.373864973486688e-14,0.0,11.02713949533505,21.02713949533505,X19,-1.7141,248,12
0.6931471824645996,-1.0816012211143988,0.0,19.09225121228637,X11,1.5,248,16
0.6931471824645996,-1.3101843819022196,0.0,18.86366805149855,X11,1.5,248,17
0.6931471824645996,1.4415085054934096,0.0,23.58141686861986,X11,1.5,249,1
8.195510023132197e-21,0.0,18.75801522421077,28.75801522421077,X12,-2.0641,249,2
0.6931471824645996,5.000038482248774,0.0,28.81259856334858,X11,1.5,249,4
0.6931471824645996,2.2418837063014507,0.0,26.079560833624413,X11,1.5,249,7
0.6931471824645996,-1.2389021106064346,0.0,24.764417760276526,X11,1.5,249,20
0.6931471824645996,0.45115065574646174,0.0,26.238252341735844,X11,1.5,249,22
0.6931471824645996,1.691100977361204,0.0,27.478202663350586,X11,1.5,249,23
0.6931471824645996,1.3487774319946766,0.0,25.950585769886068,X11,1.5,249,24
0.6931471824645996,400.5,6.8136896308096,436.17985397969727,X19,1.1,250,0
0.0008277941960841417,52.4474242549479,11.818911332304612,93.46528839779049,X12,-1.27,250,1
20.092390060424805,18.20253129675985,0.5329200303799381,49.37825260869597,X10,5.0,250,2
0.17659211158752441,9.173331859391926,8.498842291038232,47.373359110174974,X14,-2.29,250,3
0.8223758935928345,-1.5,2.8997230353271544,31.42763481966859,X18,-0.71,250,4
2.0285325050354004,-1.5,0.36042370150653474,30.957301003089356,X4,-0.32,250,5
5.416968822479248,6.932873416692022,4.951061963485318,42.31735225099845,X14,4.79,250,7
4.459493637084961,-1.5,3.893348663909932,32.42126044825137,X13,-3.39,250,8
3.4036334948389646e-12,-1.5,0.4848242851998509,31.40530318528389,X2,-4.69,250,9
0.569102942943573,-1.688675,1.9349196496543346,30.805702185164982,X14,-5.0,250,10
1.7985773865802912e-06,4.068392381072041,3.9089885907414903,39.70109684664389,X16,-0.492,250,11
11.055375099182129,9.87551971152425,0.0,37.74383869488056,X11,1.5,250,12
0.6931471824645996,-1.1574938297271764,0.0,26.022534657435145,X11,1.5,250,13
0.6931471824645996,-1.3036621287465122,0.0,25.876366358415808,X11,1.5,250,14
2.292839235451538e-05,-1.8636750000000002,1.5531882354252198,29.5768664118393,X14,-4.3,250,15
0.6931471824645996,-0.5044386573135862,0.0,25.73629541357245,X11,1.5,250,17
0.6931471824645996,-1.1658749990165251,0.0,25.07485907186951,X11,1.5,250,18
0.6931471824645996,2.0919035412371167,0.0,28.33263761212315,X11,1.5,250,19
0.6931471824645996,-0.5582454651594126,0.0,25.682488605726622,X11,1.5,250,20
0.6931471824645996,0.40155506506561967,0.0,26.642289135951653,X11,1.5,250,21
0.6931471824645996,-1.4154121950268728,0.0,24.82532187585916,X11,1.5,250,22
0.6931471824645996,-1.427979066967966,0.0,24.061145225544614,X11,1.5,250,23
0.6931471824645996,3.6796634867787503,0.0,29.372381327948734,X11,1.5,251,2
0.6931471824645996,4.296494230628012,0.0,28.98674583014484,X11,1.5,251,6
0.6931471824645996,1.179010197520256,0.0,25.788824434264743,X11,1.5,251,13
0.6931471824645996,0.7653025500476351,0.0,25.597794766826965,X11,1.5,251,15
0.6931471824645996,-1.3565527051687232,0.0,24.661232859708598,X11,1.5,251,17
0.6931471824645996,-0.3094393610954249,0.0,25.931024183816742,X11,1.5,251,19
0.6931471824645996,-1.4904897026717645,0.0,23.772624646810392,X11,1.5,251,20
0.6931471824645996,-0.06085733324289411,0.0,24.013963468109267,X11,1.5,251,21
0.6931471824645996,2.3008082211017644,0.0,32.16258133215241,X11,1.5,254,7
0.6931471824645996,0.27984394878148855,0.0,31.258521010171293,X11,1.5,255,3
0.6931471824645996,6.527626041322945,0.0,38.2596483996868,X11,1.5,255,5
0.6931471824645996,-0.045537307858465326,0.0,30.933139753531343,X11,1.5,255,7
0.6931471824645996,-0.1018042191862989,0.0,25.245800309632887,X11,1.5,257,2
0.6931471824645996,4.419942278414961,0.0,29.015937028860687,X11,1.5,257,3
0.6931471824645996,-0.21772383898495562,0.0,24.37827091146077,X11,1.5,257,4
0.010492348112165928,0.0,21.579222861313358,31.579222861313358,X12,-0.0635,257,5
7.7492852210998535,0.0,12.822143304184628,22.822143304184628,X12,0.6985,258,3
0.6931471824645996,14.554561223834757,0.0,38.132620288168155,X11,1.5,258,5
0.021424511447548866,0.0,13.528946417921654,23.528946417921652,X19,-0.2818,258,8
2.0047514226462226e-07,0.0,13.38103479926011,23.38103479926011,X13,0.5413,258,12
0.6931471824645996,49.29462375119329,0.0,72.91058581648342,X11,1.5,259,1
0.6931471824645996,19.736491642892364,0.0,43.34207048782619,X11,1.5,260,1
0.6931471824645996,0.9538761265575912,0.0,23.206803959907777,X11,1.5,260,12
0.6931471824645996,-0.8312585428357133,0.0,22.351680925448672,X11,1.5,260,15
0.6931471824645996,-1.4901776500046227,0.0,22.37626759544484,X11,1.5,260,21
0.6931471824645996,1.3164110593497735,0.0,23.937889639040122,X11,1.5,260,24
0.6931471824645996,7.054811071604492,0.0,27.502738039406566,X11,1.5,261,5
2.4359623651548645e-08,0.0,11.983483974655751,21.98348397465575,X19,2.4308,261,7
0.6931471824645996,0.4096760042011738,0.0,19.981064301000558,X11,1.5,261,10
0.6931471824645996,1.0404981933534119,0.0,19.867060619229264,X11,1.5,261,11
0.6931471824645996,1.917433429509403,0.0,19.75221200855598,X11,1.5,261,13
2.6539679343073885e-09,0.0,5.584657422666886,15.584657422666886,X19,4.8526,261,15
0.6931471824645996,-1.7320436947047746,0.0,15.346371037496432,X11,1.5,261,18
0.6931471824645996,25.52533342316746,0.0,40.93106858224107,X11,1.5,262,2
0.6931471824645996,7.360799364745612,0.0,22.766534523819217,X11,1.5,262,3
0.6931471824645996,5.439925063401452,0.0,20.845660222475054,X11,1.5,262,4
0.6931471824645996,8.977670729160314,0.0,24.383405888233916,X11,1.5,262,5
1.9649497307039354e-10,0.0,10.24231195959075,20.24231195959075,X14,2.3324,262,6
9.517266974512495e-09,0.0,13.754786434313207,23.754786434313207,X12,-1.2169,262,7
0.0029752966947853565,0.0,5.330978279096267,15.330978279096268,X12,1.0222,262,10
0.6931471824645996,-1.410481192171571,0.0,19.93789870748131,X11,1.5,262,21
0.6931471824645996,-1.0265864729881313,0.0,20.338494557363823,X11,1.5,262,24
0.6931471824645996,21.04087880626322,0.0,43.28436980999996,X11,1.5,263,2
5.706079537048936e-05,0.0,34.01928368228929,44.01928368228929,X16,3.433,263,3
1.7390627132796155e-11,0.0,23.809576914968368,33.80957691496837,X14,-3.8667,263,6
0.6931471824645996,0.8170168846845627,0.0,24.245801236519288,X11,1.5,263,9
0.6931471824645996,-0.5816082060337058,0.0,21.396636769468845,X11,1.5,263,11
0.6931471824645996,-1.2525735087692702,0.0,20.72567146673328,X11,1.5,263,12
0.6931471824645996,-0.11549410969018847,0.0,23.295224453282103,X11,1.5,263,15
0.6931471824645996,-1.0498423762619513,0.0,23.222120452116002,X11,1.5,263,18
0.6931471824645996,3.5383186228573305,0.0,26.90841927733795,X11,1.5,263,19
0.6931471824645996,1.3125955685973167,0.0,24.682696223077937,X11,1.5,263,20
0.6931471824645996,20.067228451371186,0.0,45.03084244646441,X11,1.5,264,2
5.165309586302458e-12,0.0,14.960098696690277,24.960098696690277,X12,3.7724,264,3
0.6931471824645996,2.2242179065942747,0.0,27.209333960992396,X11,1.5,264,4
0.6931471824645996,9.634043943136934,0.0,34.61915999753505,X11,1.5,264,5
1.3211875650973747e-16,0.0,13.612135174929444,23.612135174929442,X9,-1.8555,264,6
2.1904693770641304e-12,0.0,14.071009488323948,24.07100948832395,X14,0.9154,265,1
0.6931471824645996,1.2079263329505885,0.0,30.140208654241274,X11,1.5,266,17
0.6931471824645996,17.709587100893263,0.0,50.32116797584496,X11,1.5,267,2
0.6931471824645996,-1.2080432400107366,0.0,32.09505890773696,X11,1.5,267,10
0.6931471824645996,-0.65508171916008,0.0,32.64802042858762,X11,1.5,267,11
0.6931471824645996,-0.48508345708251355,0.0,32.818018690665184,X11,1.5,267,12
1.8673643360778147e-12,1.5728341825306442,0.592648625564618,36.93755047308434,X2,-2.0019,267,13
0.6931471824645996,0.8653114959597596,0.0,34.66191058436466,X11,1.5,267,14
0.6931471824645996,0.9148794561624518,0.0,34.440659583945,X11,1.5,267,15
0.6931471824645996,-0.3643956482410404,0.0,32.45831718750136,X11,1.5,267,16
0.6931471824645996,-0.1075613535940656,0.0,32.715151482148336,X11,1.5,267,17
0.6931471824645996,-1.3789237067103377,0.0,31.443789129032062,X11,1.5,267,18
0.6931471824645996,-0.21888380870223045,0.0,31.875600776289275,X11,1.5,267,19
0.6931471824645996,-1.5977754853665793,0.0,30.496709099624926,X11,1.5,267,20
0.6931471824645996,0.9604557082057008,0.0,32.29802323013862,X11,1.5,267,21
0.6931471824645996,8.469993222504861,0.0,38.164266148423934,X11,1.5,268,2
0.6931471824645996,25.691728141158823,0.0,53.75013518539657,X11,1.5,268,5
3.3404095461930794e-13,6.469532825052724,15.897693426911406,53.13295798545364,X14,-5.0,268,7
0.6931471824645996,7.483069267123934,0.0,34.6954201061415,X11,1.5,268,11
4.4665101695332e-13,-1.5,8.961466576595935,38.12723193916173,X13,-1.0,268,13
0.6931471824645996,4.273387771099806,0.0,31.58136012185182,X11,1.5,268,15
0.6931471824645996,0.8572007641196322,0.0,28.165173114871646,X11,1.5,268,16
0.6931471824645996,-1.5609309077262878,0.0,24.94011134810308,X11,1.5,268,19
8.755337600752089e-12,-1.992104901823725,3.868689646833221,32.504449376692946,X14,-4.3315803927051,269,3
0.6931471824645996,4.04743804037571,0.0,30.93231677865967,X11,1.5,269,9
0.6931471824645996,-0.430554945021866,0.0,27.630238748043254,X11,1.5,269,11
2.5544678677012767e-13,-1.944130023176275,0.6781924697638719,30.657149884147763,X14,-4.5550603,269,22
0.6931471824645996,16.55403753370047,0.0,48.379225031629076,X11,1.5,270,1
0.6931471824645996,9.405037421733144,0.0,41.41036626780661,X11,1.5,270,4
0.6931471824645996,0.3240836150944215,0.0,32.016186512468394,X11,1.5,270,16
0.6931471824645996,11.413563642650848,0.0,39.73762180643314,X11,1.5,271,3
2.7975521205148013e-12,0.0,22.852626888404654,32.85262688840466,X16,4.2991,271,4
0.6931471824645996,9.031591113656763,0.0,37.38585254776508,X11,1.5,271,5
0.6931471824645996,1.2927507534623217,0.0,28.979921291559943,X11,1.5,271,7
0.6931471824645996,-0.6715480610728264,0.0,25.836515792043887,X11,1.5,271,8
0.6931471824645996,7.000387880951164,0.0,32.32621982299158,X11,1.5,271,9
0.6931471824645996,12.200205653905867,0.0,36.62717562208096,X11,1.5,271,10
0.6931471824645996,5.0559738315641845,0.0,28.581081625841954,X11,1.5,271,11
0.6931471824645996,-1.560856446623804,0.0,21.11041751983121,X11,1.5,271,12
0.6931471824645996,32.402318086475134,0.0,53.472047560973664,X11,1.5,272,1
0.6931471824645996,0.9414923898875749,0.0,18.74496857641031,X11,1.5,272,7
0.6931471824645996,0.9219957627355946,0.0,17.890421580100202,X11,1.5,272,8
3.407607529481993e-12,0.0,22.002111964201614,32.00211196420162,X19,-3.426,272,9
0.6931471824645996,10.075426850467926,0.0,26.70645158256125,X11,1.5,272,11
4.588199395069714e-13,0.0,14.67669389523842,24.676693895238422,X14,0.448,272,13
0.6931471824645996,5.107272263616318,0.0,21.267373667821545,X11,1.5,272,15
1.9525295009287236e-12,0.0,4.840042830919568,14.840042830919568,X19,-2.5563,273,1
0.6931471824645996,-0.44254824146628735,0.0,16.552603531897077,X11,1.5,273,2
0.6931471824645996,-0.3305665962398052,0.0,18.214558888961328,X11,1.5,273,5
3.79261969052358e-11,0.0,7.781727677308081,17.78172767730808,X18,1.0957,273,6
0.6931471824645996,7.17849843576551,0.0,26.588678258202727,X11,1.5,273,7
2.3664256318389754e-12,0.0,12.975085716064497,22.9750857160645,X12,4.7608,273,12
4.697668035819058e-13,0.0,10.47349269393758,20.47349269393758,X13,-4.0725,273,22
4.4263196081507916e-13,388.63571543619037,7.500605309001402,424.07576110601997,X12,-4.6219,274,0
0.6931471824645996,38.36693125963212,0.0,62.130503190210305,X11,1.5,274,2
2.4384412891653717e-11,0.0,38.15165705621024,48.15165705621024,X18,2.6784,274,4
0.6931471824645996,0.4655405990779382,0.0,21.167665717979148,X11,1.5,274,9
1.5292787652540496e-12,5.292935892168012,8.57435818381706,40.457092280660305,X14,-4.373,274,10
0.6931471824645996,-1.0897269211709393,0.0,18.279147955616203,X11,1.5,274,12
4.383824900311417e-12,0.0,14.576508694537187,24.57650869453719,X19,-4.6509,274,13
0.6931471824645996,-0.35793070867657484,0.0,18.68464475816333,X11,1.5,274,20
0.6931471824645996,-0.5440136231482029,0.0,17.748230613192053,X11,1.5,274,21
0.6931471824645996,-0.07379015162587432,0.0,17.465444140411957,X11,1.5,274,22
0.6931471824645996,71.77689947932959,0.0,89.54919497025857,X11,1.5,275,1
1.3863188028335571,0.0,10.441951493297275,20.441951493297275,X19,1.9374,275,2
0.13305747509002686,0.0,11.596134967674242,21.596134967674242,X14,-4.3677,275,6
0.001982104266062379,0.0,6.0125489563070635,16.012548956307064,X13,-3.2366,275,7
1.957503172889119e-06,0.0,4.157941269902006,14.157941269902006,X14,-2.499,275,10
0.6931471824645996,-0.6497107595205254,0.0,15.122019846874803,X11,1.5,275,11
0.6931471824645996,0.7380219846963954,0.0,16.509752591091726,X11,1.5,275,12
0.6931471824645996,0.47545481473207474,0.0,16.247185421127405,X11,1.5,275,14
0.6931471824645996,1.2438890784978884,0.0,16.01066915762791,X11,1.5,275,15
0.6931471824645996,1.1307352557778394,0.0,16.67978788213832,X11,1.5,275,20
0.6931471824645996,1.2009902521967852,0.0,15.537148198623978,X11,1.5,275,21
1.7092280553149958e-13,0.0,4.186477833445183,14.186477833445183,X13,0.9909,275,22
8.156538324529533e-14,0.0,4.237030474796581,14.23703047479658,X14,-2.0112,275,24
4.013597434412248e-15,400.5,2.528359665206351,428.74425361680045,X4,-1.06796227,276,0
2.3255355635436702e-14,0.0,5.489333886640279,15.489333886640278,X13,-0.1752,276,2
1.7566330334783942e-13,6.3478857837617415,4.254048904575759,36.33399006677324,X9,-4.2,276,3
0.6931471824645996,-1.6285967491567188,0.0,14.778673151377385,X11,1.5,276,4
0.6931471824645996,5.228980127722025,0.0,21.63625002825613,X11,1.5,276,6
2.6056726221135307e-11,0.0,5.214234653423357,15.214234653423357,X9,3.8038,276,7
0.6931471824645996,-0.2640102058649063,0.0,18.812115384846784,X11,1.5,276,11
2.6206460775318047e-14,0.32174156442284585,2.7755555082115615,28.9234226633461,X13,-2.04,276,12
0.6931471824645996,-0.26944609731435865,0.0,19.554283300886873,X11,1.5,276,13
4.3497134063000265e-14,1.3340920805931056,4.307250709888775,31.765072188683114,X14,-5.0,276,14
0.6931471824645996,0.27233919128775597,0.0,22.545716753544117,X11,1.5,276,19
8.290619256684387e-16,-1.5,0.2927701454314932,26.596002503842918,X4,-4.3,276,20
0.6931471824645996,2.026343509554862,0.0,24.465413889586284,X11,1.5,276,21
32.54680252075195,92.63865946233273,0.0,115.86051830401448,X11,1.5,277,1
0.6931471824645996,4.6629236452281475,0.0,28.613601037489587,X11,1.5,277,8
0.6931471824645996,-1.5656453222036326,0.0,22.378714159715017,X11,1.5,277,15
0.6931471824645996,49.390868335962296,0.0,76.04028540955221,X11,1.5,278,1
12.670053482055664,0.0,15.361170184569287,25.36117018456929,X12,-2.8235,278,4
0.6931471824645996,8.476933419704444,0.0,34.19548915616671,X11,1.5,278,5
0.0022525384556502104,0.0,20.028749895741317,30.028749895741317,X14,-2.5104,278,6
37.82636642456055,0.0,15.20964396400669,25.209643964006688,X14,-1.5834,279,3
0.6931471824645996,-1.5731770843267423,0.0,23.105672652318788,X11,1.5,279,4
3.9424159195469016e-14,10.622116349637505,1.627546125637795,39.83771377734317,X14,-5.0,279,8
0.6931471824645996,1.5157981775701046,0.0,24.568349213058525,X11,1.5,279,10
0.6931471824645996,10.893270693719392,0.0,34.24836875259525,X11,1.5,280,2
3.839564517021943e-12,0.0,12.794943897104126,22.794943897104126,X19,-4.6434,280,3
0.6931471824645996,8.26996698975563,0.0,30.439771700533495,X11,1.5,280,4
9.398801736892892e-09,0.0,10.482815049903925,20.482815049903927,X13,0.1883,280,5
0.6931471824645996,0.11640897393226268,0.0,23.0193828408004,X11,1.5,280,8
0.6931471824645996,1.5278147757053429,0.0,24.46628890915293,X11,1.5,280,10
0.6931471824645996,2.437544777989391,0.0,23.906680399224435,X11,1.5,280,12
0.6931471824645996,-0.8851321823894986,0.0,23.33529261703008,X11,1.5,280,23
0.0013923069927841425,0.0,18.682177775800927,28.682177775800927,X14,-1.96,282,4
0.6931471824645996,-1.3472460284829069,0.0,27.227011285469832,X11,1.5,282,5
0.6931471824645996,-1.1898235119879352,0.0,28.965937189174124,X11,1.5,283,4
0.6931471824645996,14.535961426794515,0.0,44.031949537544556,X11,1.5,283,6
0.6931471824645996,1.8826933726668393,0.0,29.926196751401257,X11,1.5,284,3
0.6931471824645996,0.9623767621815205,0.0,28.28535050459856,X11,1.5,284,4
1.10245715065207e-26,0.0,14.948191357890593,24.948191357890593,X18,-0.9948,285,4
0.6931471824645996,55.631556205451474,0.0,77.68771608404823,X11,1.5,287,2
5.294364360961664e-22,0.0,11.518651067547857,21.518651067547857,X12,-2.212,287,4
0.6931471824645996,-1.0398195236921381,0.0,21.046543625230647,X11,1.5,287,5
0.6931471824645996,29.176948361098766,0.0,51.18648913416747,X11,1.5,288,1
22.10140037536621,0.0,12.976888201028789,22.97688820102879,X12,2.7172,288,4
0.6931471824645996,-1.8834741860628146,0.0,23.799879077265878,X11,1.5,289,2
0.6931471824645996,4.112084344029423,0.0,30.23782478370515,X11,1.5,289,7
0.6931471824645996,1.0261016860604322,0.0,27.72470487420149,X11,1.5,289,12
0.6931471824645996,0.2798763625323808,0.0,25.697564690840995,X11,1.5,289,14
0.6931471824645996,78.15227422118187,0.0,103.34560256012048,X11,1.5,290,1
3.3121056838712426e-29,0.0,23.789084745159208,33.78908474515921,X16,0.9432,290,3
8.904594273919609e-29,0.0,18.51368618294957,28.51368618294957,X19,3.0566,290,6
0.6931471824645996,-0.955421559512617,0.0,22.68311856656336,X11,1.5,290,7
7.202064619732136e-28,0.0,13.02360075333186,23.02360075333186,X19,-0.8734,290,8
0.6931471824645996,-1.9479749985039252,0.0,20.61116852800425,X11,1.5,290,9
2.9676985773013352e-27,0.0,9.840745031753247,19.840745031753247,X19,2.8173,292,2
4.441521089475534e-26,0.0,11.522339386286156,21.522339386286156,X13,0.9394,292,5
0.6931471824645996,18.934227198362343,0.0,42.384818260602216,X11,1.5,293,2
3.921863326617694e-23,0.0,16.194605176411738,26.194605176411738,X14,1.0822,293,4
1.0512114298372774e-23,0.0,13.590197475768862,23.59019747576886,X14,-4.1413,293,5
7.088967636967228e-22,0.0,13.327710139898997,23.327710139898997,X13,0.5893,294,2
0.6931471824645996,4.254262939095499,0.0,29.612263180219806,X11,1.5,294,5
0.6931471824645996,4.6650756895542145,0.0,29.042726535216506,X11,1.5,294,6
0.6931471824645996,7.763857617974281,0.0,34.0422218922688,X11,1.5,294,10
0.6931471824645996,23.694581128656864,0.0,49.218274187556226,X11,1.5,294,11
0.6931471824645996,-1.3768170326948148,0.0,24.677487441276952,X11,1.5,294,21
0.6931471824645996,-1.190764877945183,0.0,23.96167742212925,X11,1.5,294,22
0.6931471824645996,16.848034754395496,0.0,43.5932570480646,X11,1.5,295,3
5.251951688833934e-18,0.0,21.87909584540559,31.87909584540559,X12,2.6969,295,7
0.6931471824645996,28.62211604043841,0.0,52.912878004696736,X11,1.5,296,4
6.794260116294026e-06,0.0,13.563784859515591,23.563784859515593,X16,1.6096,296,5
0.6931471824645996,70.03514806181192,0.0,94.79414986723273,X11,1.5,297,1
0.6931471824645996,-1.7661964595317858,0.0,22.21301708427071,X11,1.5,297,5
0.6931471824645996,2.4325931854546035,0.0,27.310668703122428,X11,1.5,297,7
0.6931471824645996,13.199454206973318,0.0,43.645855007580124,X11,1.5,298,12
0.6931471824645996,1.4383178837597344,0.0,35.587930471046235,X11,1.5,298,19
0.6931471824645996,2.0858598016202468,0.0,36.23547238890674,X11,1.5,298,20
0.6931471824645996,81.20661782100797,0.0,115.62704936891683,X11,1.5,299,1
