loss,preference_margin,ref_margin,kl_from_ref,sigmoid_input,winner_target,loser_target
0.6931471824645996,0.0,0.0,0.0,0.0,X2,X2
0.6931471824645996,0.0,0.0,-0.0125732421875,0.0,X2,X2
0.6931471824645996,0.0,0.0,-0.0423583984375,0.0,X2,X2
0.6931471824645996,0.0,0.0,-0.043701171875,0.0,X2,X2
0.6931471824645996,0.0,0.0,-0.062744140625,0.0,X2,X2
0.6931471824645996,0.0,0.0,-0.0518798828125,0.0,X2,X2
0.6931471824645996,0.0,0.0,-0.05322265625,0.0,X2,X2
0.6931471824645996,0.0,0.0,-0.0667724609375,0.0,X2,X2
0.6931471824645996,0.0,0.0,-0.0589599609375,0.0,X2,X2
0.6931471824645996,0.0,0.0,-0.096923828125,0.0,X2,X2
0.6925248503684998,759.0162353515625,759.0037841796875,-0.0311279296875,0.012451171875,X1,X2
0.00026343698846176267,841.972900390625,759.5572509765625,-67.91510009765625,82.4156494140625,X1,X2
0.00018535368144512177,810.45361328125,724.5220947265625,-317.31365966796875,85.9315185546875,X1,X2
4.124316546949558e-06,843.8267822265625,719.8406982421875,-515.60986328125,123.986083984375,X1,X2
6.647511327173561e-06,837.9404296875,718.727783203125,-697.0765380859375,119.212646484375,X1,X2
0.6931471824645996,0.0,0.0,-966.007568359375,0.0,X2,X2
0.00012644253729376942,849.9404296875,760.183837890625,-958.333740234375,89.756591796875,X1,X2
0.6931471824645996,0.0,0.0,-1143.110107421875,0.0,X2,X2
0.6931471824645996,0.0,0.0,-1225.41357421875,0.0,X2,X2
0.6931471824645996,0.0,0.0,-1297.1651611328125,0.0,X2,X2
1.1623249065451091e-06,895.94677734375,759.2958984375,-1313.8360595703125,136.65087890625,X1,X2
0.6931471824645996,0.0,0.0,-1465.572021484375,0.0,X2,X2
1.197831238641811e-06,896.6728515625,760.3228759765625,-1423.926025390625,136.3499755859375,X1,X2
0.6931471824645996,0.0,0.0,-1580.52490234375,0.0,X2,X2
0.6931471824645996,0.0,0.0,-1624.235107421875,0.0,X2,X2
0.006640116684138775,770.754638671875,720.6416015625,-1666.11767578125,50.113037109375,X1,X2
0.6931471824645996,0.0,0.0,-1590.7662353515625,0.0,X2,X2
0.6931471824645996,0.0,0.0,-1443.3909912109375,0.0,X2,X2
4.962030231148162e-10,932.18310546875,717.9427490234375,-1088.39892578125,214.2403564453125,X1,X2
0.6931471824645996,0.0,0.0,-1062.299072265625,0.0,X2,X2
0.6931471824645996,0.0,0.0,-899.195068359375,0.0,X2,X2
0.0001774633419699967,849.521728515625,763.1551513671875,-658.6569213867188,86.3665771484375,X1,X2
0.6931471824645996,0.0,0.0,-846.126708984375,0.0,X2,X2
0.6931471824645996,0.0,0.0,-872.379638671875,0.0,X2,X2
2.1500543567753994e-08,937.260986328125,760.7091064453125,-764.1796264648438,176.5518798828125,X1,X2
0.6931471824645996,0.0,0.0,-861.943603515625,0.0,X2,X2
0.6931471824645996,0.0,0.0,-876.3133544921875,0.0,X2,X2
0.6931471824645996,0.0,0.0,-853.6162109375,0.0,X2,X2
2.068056836890264e-09,918.656494140625,718.68994140625,-742.2183837890625,199.966552734375,X1,X2
0.6931471824645996,0.0,0.0,-833.2471923828125,0.0,X2,X2
0.6931471824645996,0.0,0.0,-824.661865234375,0.0,X2,X2
8.941634099812745e-10,904.0672607421875,695.7159423828125,-697.0025634765625,208.351318359375,X1,X2
0.6931471824645996,0.0,0.0,-777.77685546875,0.0,X2,X2
0.6931471824645996,0.0,0.0,-753.827392578125,0.0,X2,X2
4.0583678639904974e-09,895.0220947265625,701.7972412109375,-651.750732421875,193.224853515625,X1,X2
0.6931471824645996,0.0,0.0,-789.499267578125,0.0,X2,X2
2.542810534578166e-06,746.55322265625,617.7308349609375,-693.0996704101562,128.8223876953125,X2,X2
6.476800962218476e-08,885.1483154296875,719.623779296875,-663.0227661132812,165.5245361328125,X1,X2
3.849026143143419e-06,742.946044921875,618.2691650390625,-690.4880981445312,124.6768798828125,X2,X2
6.900429070810787e-06,738.690185546875,619.8509521484375,-673.6863403320312,118.8392333984375,X2,X2
2.4980116108963557e-07,914.382568359375,762.3565673828125,-661.3255004882812,152.0260009765625,X1,X2
1.7074560219043633e-06,750.4833984375,617.6783447265625,-694.2949829101562,132.8050537109375,X2,X2
0.6931471824645996,0.0,0.0,-766.2991943359375,0.0,X2,X2
1.7759420600782505e-08,891.8150634765625,713.3515625,-643.1723022460938,178.4635009765625,X1,X2
0.6931471824645996,0.0,0.0,-729.4847412109375,0.0,X2,X2
1.102564056054689e-06,756.172607421875,618.993896484375,-695.669921875,137.1787109375,X2,X2
0.6931471824645996,0.0,0.0,-771.42822265625,0.0,X2,X2
9.245787246925374e-09,903.2615966796875,718.2706298828125,-665.5242919921875,184.990966796875,X1,X2
3.69159636193217e-07,764.985595703125,616.865234375,-689.7774658203125,148.120361328125,X2,X2
4.355076157480653e-07,764.322021484375,617.8544921875,-662.9486083984375,146.467529296875,X2,X2
1.5451121271325974e-08,897.995849609375,718.1400146484375,-652.5750122070312,179.8558349609375,X1,X2
2.7373064881430764e-07,761.071533203125,609.9603271484375,-694.1991577148438,151.1112060546875,X2,X2
5.22540346992173e-07,762.681396484375,618.0357666015625,-710.1648559570312,144.6456298828125,X2,X2
2.405498911173254e-09,807.0645751953125,608.6094970703125,-677.662109375,198.455078125,X1,X2
2.816830431129347e-07,768.509765625,617.6849365234375,-737.6608276367188,150.8248291015625,X2,X2
2.5991391794377705e-07,769.3074951171875,617.6783447265625,-666.821044921875,151.629150390625,X2,X2
0.6931471824645996,0.0,0.0,-739.9840087890625,0.0,X2,X2
2.0874545147986368e-10,677.061279296875,454.1622314453125,-670.1484985351562,222.8990478515625,X1,X2
2.455114724853047e-07,770.2554931640625,618.0562744140625,-729.1036376953125,152.19921875,X2,X2
0.6931471824645996,0.0,0.0,-772.7325439453125,0.0,X2,X2
2.4539081877605895e-08,933.7646484375,758.53466796875,-703.6015625,175.22998046875,X1,X2
2.2599355986585579e-07,770.172119140625,617.14453125,-708.305908203125,153.027587890625,X2,X2
2.044549916035976e-07,770.435791015625,616.4066162109375,-705.0946655273438,154.0291748046875,X2,X2
7.757062214786004e-10,900.7591552734375,690.9866943359375,-704.641845703125,209.7724609375,X1,X2
2.8699696486000903e-07,767.7991943359375,617.1612548828125,-720.570556640625,150.637939453125,X2,X2
3.503922485492694e-08,771.0079345703125,599.3399658203125,-705.8134765625,171.66796875,X2,X2
1.9835509235122117e-08,936.943115234375,759.585205078125,-682.406982421875,177.35791015625,X1,X2
3.785595481531345e-08,772.8359375,601.941162109375,-672.5069580078125,170.894775390625,X2,X2
1.7134856022948952e-07,773.381591796875,617.5859375,-685.5831298828125,155.795654296875,X2,X2
7.26161131225922e-10,905.119873046875,694.6873779296875,-669.2340698242188,210.4324951171875,X1,X2
2.968272951875406e-07,770.1927490234375,619.8916015625,-717.9299926757812,150.3011474609375,X2,X2
1.5547472287380515e-07,775.7177734375,618.949951171875,-727.5089111328125,156.767822265625,X2,X2
1.833982549159785e-10,760.406494140625,536.212890625,-673.9317626953125,224.193603515625,X1,X2
1.436450531855371e-07,775.057861328125,617.4986572265625,-716.0993041992188,157.5592041015625,X2,X2
2.8800336338008492e-08,774.5455322265625,600.916748046875,-701.7959594726562,173.6287841796875,X2,X2
1.4425259209360775e-08,939.0732421875,758.5303955078125,-693.2103881835938,180.5428466796875,X1,X2
1.266889739781618e-07,776.321533203125,617.5062255859375,-722.7758178710938,158.8153076171875,X2,X2
1.318724258680959e-07,776.3720703125,617.957763671875,-695.1910400390625,158.414306640625,X2,X2
1.4144360349632734e-08,941.2032470703125,760.4637451171875,-646.739990234375,180.739501953125,X1,X2
0.08180532604455948,504.3916015625,479.769287109375,-776.0518798828125,24.622314453125,X2,X2
0.00036912187351845205,837.65234375,758.6103515625,-509.79150390625,79.0419921875,X1,X2
0.6931471824645996,0.0,0.0,-758.0325927734375,0.0,X2,X2
0.6931471824645996,0.0,0.0,-792.2557373046875,0.0,X2,X2
3.477573506938114e-10,737.629150390625,519.833984375,-629.7867431640625,217.795166015625,X2,X2
2.2491057904971967e-09,908.948486328125,709.8211669921875,-581.4730834960938,199.1273193359375,X1,X2
1.989782504097093e-05,726.4329833984375,618.18408203125,-536.9059448242188,108.2489013671875,X2,X2
0.19573058187961578,561.2042236328125,545.888671875,-559.7247924804688,15.3155517578125,X2,X2
1.7838605592679357e-10,767.49267578125,543.02197265625,-863.986083984375,224.470703125,X1,X2
1.6466489283217811e-09,820.0654296875,617.8201904296875,-1026.390380859375,202.2452392578125,X2,X2
3.7691879128942674e-07,656.64111328125,508.728759765625,-1201.2862548828125,147.912353515625,X2,X2
2.509868831865325e-12,966.44970703125,699.341796875,-1277.28125,267.10791015625,X1,X2
0.6931471824645996,0.0,0.0,-1569.35107421875,0.0,X2,X2
2.1575381481397926e-09,818.93408203125,619.39111328125,-1583.478759765625,199.54296875,X2,X2
8.330243717047381e-10,827.470703125,618.4111328125,-1714.743408203125,209.0595703125,X2,X2
1.151838180390996e-08,883.220703125,700.427490234375,-1839.0550537109375,182.793212890625,X1,X2
2.7563315597944893e-05,611.80029296875,506.8101806640625,-2012.898681640625,104.9901123046875,X2,X2
9.762206900632009e-06,661.111083984375,545.7413330078125,-2091.5302734375,115.369873046875,X2,X2
9.643936760284078e-10,968.681640625,761.08642578125,-2151.298583984375,207.59521484375,X1,X2
2.1884150047668527e-09,818.994140625,619.59326171875,-2271.1337890625,199.40087890625,X2,X2
4.4314161229408455e-09,675.455322265625,483.1099853515625,-2320.67138671875,192.345458984375,X2,X2
1.8507664290012826e-09,960.821044921875,759.744384765625,-2368.755615234375,201.07666015625,X1,X2
1.3138378562871367e-05,656.732177734375,544.3326416015625,-2487.56494140625,112.399658203125,X2,X2
1.6920205514470155e-10,843.30712890625,618.307861328125,-2568.79296875,224.999267578125,X2,X2
1.1334242433491681e-09,823.77783203125,617.797607421875,-2559.927734375,205.980224609375,X2,X2
2.2867299165341137e-09,958.24267578125,759.28125,-2687.8203125,198.96142578125,X1,X2
8.879486813384574e-06,661.9755859375,545.6580810546875,-2834.68603515625,116.317626953125,X2,X2
0.6931471824645996,0.0,0.0,-2892.609130859375,0.0,X2,X2
3.982977947458721e-09,953.33984375,759.9273681640625,-2728.8173828125,193.412353515625,X1,X2
1.3224887851492895e-09,821.49072265625,617.05322265625,-2873.914306640625,204.4375,X2,X2
1.5658222496384155e-09,820.41455078125,617.6661376953125,-2969.401611328125,202.74853515625,X2,X2
0.0001664784358581528,459.66748046875,372.6619873046875,-3058.2431640625,87.005615234375,X1,X2
6.166879757074639e-05,642.83544921875,545.8984375,-2623.556396484375,96.93701171875,X2,X2
0.00020324406796135008,419.68017578125,334.670166015625,-2354.083984375,85.010009765625,X2,X2
4.2497326830925886e-06,742.0166015625,618.330078125,-2075.619873046875,123.6865234375,X2,X2
3.8448952182079665e-06,885.176513671875,760.4888916015625,-1755.094970703125,124.6876220703125,X1,X2
0.016316091641783714,550.69091796875,509.6165771484375,-1583.711181640625,41.0743408203125,X2,X2
2.759102990523843e-08,718.13671875,544.0789794921875,-1847.895263671875,174.0577392578125,X2,X2
3.242532110869778e-13,1004.70556640625,717.133056640625,-1730.4139404296875,287.572509765625,X1,X2
3.1238161363189576e-11,859.9990234375,618.105224609375,-1685.9293212890625,241.893798828125,X2,X2
1.620056173123885e-05,656.13427734375,545.8297119140625,-1727.567626953125,110.3045654296875,X2,X2
1.0708988156693522e-05,873.88623046875,759.4420166015625,-1620.519775390625,114.4442138671875,X1,X2
0.0003640037903096527,700.09423828125,620.91259765625,-1602.859130859375,79.181640625,X2,X2
5.335336172862526e-09,793.106201171875,602.6170654296875,-1476.75,190.4891357421875,X2,X2
0.015769844874739647,380.022216796875,338.6046142578125,-1504.48486328125,41.4176025390625,X2,X2
4.443201015447151e-11,998.369384765625,759.998779296875,-1178.578125,238.37060546875,X1,X2
2.6620364579343914e-08,792.656005859375,618.2401123046875,-1030.7373046875,174.4158935546875,X2,X2
3.696243027206947e-07,765.8447265625,617.7369384765625,-843.5844116210938,148.1077880859375,X2,X2
1.69265842941968e-06,893.68701171875,760.794921875,-742.78173828125,132.89208984375,X1,X2
3.702101381009015e-08,647.1331787109375,476.015380859375,-573.1273803710938,171.1177978515625,X2,X2
0.0011114181252196431,606.2197265625,538.2041015625,-598.766845703125,68.015625,X1,X2
0.003601565957069397,662.2469482421875,606.0010986328125,-438.4268798828125,56.245849609375,X2,X2
1.2599020919878967e-05,731.22216796875,618.4033203125,-574.306396484375,112.81884765625,X2,X2
1.1089197869296186e-05,595.556640625,481.4613037109375,-490.60382080078125,114.0953369140625,X2,X2
3.202039351890562e-06,827.96435546875,701.4471435546875,-482.96282958984375,126.5172119140625,X1,X2
2.1172146797180176,318.249755859375,338.139404296875,-557.21875,-19.8896484375,X2,X2
1.399867866069826e-08,799.1087646484375,618.2657470703125,-723.2421875,180.843017578125,X2,X2
1.532872995202439e-10,985.6185302734375,759.6314697265625,-710.6871337890625,225.987060546875,X1,X2
2.096425487252418e-05,450.33251953125,342.605712890625,-737.6427001953125,107.726806640625,X2,X2
1.948961436681884e-09,685.5107421875,484.9510498046875,-739.4601440429688,200.5596923828125,X2,X2
4.637272028640326e-15,877.37353515625,547.3270263671875,-764.0278930664062,330.0465087890625,X1,X2
3.232542766795632e-08,789.48193359375,617.0078125,-877.090576171875,172.47412109375,X2,X2
2.415394106947133e-08,664.5380859375,489.14990234375,-893.649169921875,175.38818359375,X2,X2
0.7901912927627563,542.213134765625,544.068115234375,-1043.8447265625,-1.85498046875,X2,X2
3.910117113312085e-15,1050.9169921875,719.1649169921875,-1129.188720703125,331.7520751953125,X1,X2
1.054525282200014e-12,894.359375,618.580078125,-1383.107666015625,275.779296875,X2,X2
2.1474792430420386e-13,909.73388671875,618.040771484375,-1518.6241455078125,291.693115234375,X2,X2
6.0475829710797e-17,1134.25341796875,760.810546875,-1606.21728515625,373.44287109375,X1,X2
8.571857001982153e-09,730.042236328125,544.29443359375,-1798.5203857421875,185.747802734375,X2,X2
5.777759455767584e-13,884.645751953125,602.849853515625,-1846.0296630859375,281.7958984375,X2,X2
8.161975730773446e-17,1131.118896484375,760.67431640625,-1901.6549072265625,370.444580078125,X1,X2
4.755717981962462e-14,925.267333984375,618.4989013671875,-2058.338134765625,306.7684326171875,X2,X2
1.0486750356974994e-11,738.0595703125,485.25048828125,-2135.313232421875,252.80908203125,X2,X2
4.5022670487615546e-12,861.430908203125,600.16650390625,-2324.1748046875,261.264404296875,X2,X2
1.0959874712762455e-15,1104.599853515625,760.128662109375,-2276.57177734375,344.47119140625,X1,X2
5.019191984777238e-13,903.7705078125,620.567138671875,-2460.68359375,283.203369140625,X2,X2
1.6896271399440646e-18,1126.419677734375,717.199462890625,-2418.904052734375,409.22021484375,X1,X2
2.1336305931676097e-13,910.670654296875,618.912841796875,-2533.5439453125,291.7578125,X2,X2
0.0015091791283339262,413.0791015625,348.1248779296875,-2710.35693359375,64.954345703125,X2,X2
2.4846513750177924e-17,1145.44189453125,763.103759765625,-2761.169921875,382.338134765625,X1,X2
2.030798668783973e-06,471.68701171875,340.6162109375,-3026.515869140625,131.07080078125,X2,X2
2.096817944968743e-12,887.111328125,618.205322265625,-3131.23193359375,268.906005859375,X2,X2
0.0001307237398577854,603.48828125,514.0648193359375,-3332.63037109375,89.423583984375,X2,X2
0.0007157329237088561,785.21142578125,712.7930908203125,-3097.576416015625,72.41845703125,X1,X2
6.7358317375183105,453.5654296875,520.9119873046875,-3291.47900390625,-67.346435546875,X2,X2
3.670655814858037e-07,691.65771484375,543.4803466796875,-3699.791748046875,148.17724609375,X2,X2
0.040977638214826584,793.388671875,761.64697265625,-4293.2529296875,31.74169921875,X1,X2
3.731143866092523e-12,881.14013671875,617.9971923828125,-4217.4521484375,263.14306640625,X2,X2
1.756909910000104e-06,479.6083984375,347.0887451171875,-4396.7900390625,132.51953125,X2,X2
1.2786991693990152e-20,1164.69189453125,706.63330078125,-4434.369140625,458.05859375,X1,X2
9.998747663164664e-11,775.7421875,545.482421875,-4756.24658203125,230.259765625,X2,X2
4.578348737529952e-17,996.1162109375,619.8900146484375,-4759.880859375,376.22607421875,X2,X2
5.064564575146336e-16,970.8505859375,618.659423828125,-4922.435546875,352.19091796875,X2,X2
2.3468204878098007e-23,1240.33544921875,719.271728515625,-4992.4609375,521.06396484375,X1,X2
4.072934697840758e-11,783.34375,544.1026611328125,-5107.0068359375,239.24072265625,X2,X2
2.8145888397723695e-16,977.400390625,619.335205078125,-5131.81640625,358.0654296875,X2,X2
2.154938175794008e-21,1195.81005859375,719.94482421875,-5213.0517578125,475.865234375,X1,X2
2.0768241881796712e-07,494.2978515625,340.42529296875,-5415.607421875,153.87255859375,X2,X2
7.616949072140216e-16,950.26806640625,602.158447265625,-5291.62109375,348.10986328125,X2,X2
1.7691450558980756e-21,1237.48046875,759.64208984375,-5315.66796875,477.837890625,X1,X2
1.5323183832904874e-09,658.6650390625,455.7005615234375,-5516.0556640625,202.96484375,X2,X2
4.430899878116179e-07,487.8681640625,341.5732421875,-5560.55322265625,146.294921875,X2,X2
1.412472698802958e-07,498.744140625,341.0166015625,-5564.61767578125,157.7275390625,X2,X2
7.463242630340465e-24,1231.8447265625,699.32373046875,-5432.99951171875,532.5205078125,X1,X2
0.6931471824645996,0.0,0.0,-5757.8291015625,0.0,X2,X2
1.0920847405019918e-16,985.1396484375,617.6068115234375,-5593.9384765625,367.53271484375,X2,X2
1.8431585163019345e-15,1079.947265625,740.67431640625,-5635.2314453125,339.27294921875,X1,X2
5.696780395504641e-14,784.0244140625,479.0616455078125,-5664.462890625,304.962890625,X2,X2
1.0023023582921391e-16,985.65380859375,617.2626953125,-5487.5849609375,368.390625,X2,X2
6.681272870675198e-20,1155.8828125,714.35888671875,-5577.3291015625,441.52392578125,X1,X2
1.982953905244056e-11,790.017578125,543.5791015625,-5709.998046875,246.4384765625,X2,X2
1.1262626099209534e-14,924.26513671875,603.092041015625,-5864.89111328125,321.1728515625,X2,X2
3.070509124736276e-11,785.40234375,543.3365478515625,-5866.9794921875,242.06591796875,X2,X2
7.283668605795361e-21,1123.6337890625,659.947021484375,-5669.03173828125,463.6865234375,X1,X2
0.6931471824645996,0.0,0.0,-5874.755859375,0.0,X2,X2
1.0821608892570706e-16,986.75,619.126220703125,-5763.31591796875,367.6240234375,X2,X2
1.2977503546354297e-21,1241.45263671875,760.51611328125,-5730.14697265625,480.9365234375,X1,X2
2.661849733687216e-11,788.17724609375,544.6832275390625,-5796.73193359375,243.494140625,X2,X2
8.838373229058877e-17,986.9951171875,617.3466796875,-5751.94970703125,369.6484375,X2,X2
1.1002064573226254e-21,1243.47216796875,760.88427734375,-5733.8623046875,482.587890625,X1,X2
1.7360691063981332e-13,778.47314453125,484.6529541015625,-5741.658203125,293.81982421875,X2,X2
8.420872012846213e-17,988.53271484375,618.4000244140625,-5716.6259765625,370.13232421875,X2,X2
0.6931471824645996,0.0,0.0,-5921.396484375,0.0,X2,X2
1.5719667545940742e-23,1246.6650390625,721.5933837890625,-5668.43408203125,525.0712890625,X1,X2
8.953726364779868e-07,684.50732421875,545.2469482421875,-5859.5126953125,139.26025390625,X2,X2
1.5622818615968165e-16,981.064453125,617.112548828125,-5765.1484375,363.9521484375,X2,X2
4.65743024058604e-22,1028.5986328125,537.414306640625,-5721.861328125,491.18408203125,X1,X2
3.564928079188365e-17,998.65966796875,619.931884765625,-5816.1943359375,378.72802734375,X2,X2
1.8042676727669793e-11,792.5654296875,545.1826171875,-5820.251953125,247.3828125,X2,X2
4.349668590861928e-24,1236.1123046875,698.193115234375,-5718.919921875,537.91943359375,X1,X2
9.405767831260903e-12,862.54150390625,608.6446533203125,-5857.892578125,253.89697265625,X2,X2
7.1996952670516645e-12,876.9443359375,620.3743896484375,-5855.6337890625,256.56982421875,X2,X2
1.9913706208768179e-16,979.927734375,618.402099609375,-5811.9638671875,361.525390625,X2,X2
8.753150906095318e-24,1244.6962890625,713.7701416015625,-5742.822265625,530.92626953125,X1,X2
8.092951730986897e-08,506.8046875,343.50732421875,-5967.6611328125,163.296875,X2,X2
1.4080965865570142e-16,984.07666015625,619.085205078125,-5932.00244140625,364.9912109375,X2,X2
1.5943052443915797e-23,1245.07666015625,720.1466064453125,-5896.6171875,524.93017578125,X1,X2
0.6931471824645996,0.0,0.0,-6093.37646484375,0.0,X2,X2
1.16878959310375e-13,778.68701171875,480.910400390625,-5737.91455078125,297.7763671875,X2,X2
8.702918484015815e-22,1246.1591796875,761.2269287109375,-5661.10546875,484.93212890625,X1,X2
2.9605471407734285e-09,751.71435546875,555.3355712890625,-5894.0126953125,196.37890625,X2,X2
3.2869215162156795e-14,911.63623046875,601.174072265625,-5798.9091796875,310.46240234375,X2,X2
3.750882243691578e-11,784.87841796875,544.8138427734375,-5832.6318359375,240.064453125,X2,X2
4.725922047385459e-22,1031.8876953125,540.8499755859375,-5763.57373046875,491.0380859375,X1,X2
1.6137853206532604e-11,867.3671875,618.8685302734375,-5860.0283203125,248.49853515625,X2,X2
0.6931471824645996,0.0,0.0,-6027.9423828125,0.0,X2,X2
9.007357873679274e-19,1177.6806640625,762.16943359375,-5778.22998046875,415.5107421875,X1,X2
0.6931471824645996,981.22119140625,981.22119140625,0.0,0.0,X2,X2
0.00012870664068032056,972.20654296875,882.62744140625,1012.48828125,89.5791015625,X2,X2
0.026685724034905434,1280.8291015625,1244.7265625,1745.63720703125,36.1025390625,X1,X2
2.0706365830847062e-05,885.07275390625,777.22216796875,1010.69873046875,107.8505859375,X2,X2
0.016693543642759323,550.38134765625,509.53759765625,212.18603515625,40.84375,X2,X2
9.953465829326547e-10,1189.2099609375,981.9306640625,-919.2998046875,207.279296875,X2,X2
2.127297643594872e-11,1492.775390625,1247.03955078125,-2092.368896484375,245.73583984375,X1,X2
5.733420849196591e-09,1176.369140625,986.599609375,-3375.95458984375,189.76953125,X2,X2
0.0010398445883765817,843.1943359375,774.5126953125,-4595.62353515625,68.681640625,X2,X2
1.8957485321130507e-12,1515.4921875,1245.578125,-5238.7744140625,269.9140625,X1,X2
5.248886736808345e-05,580.7001953125,482.1513671875,-5964.8173828125,98.548828125,X2,X2
4.565483061047537e-11,1223.1396484375,985.04052734375,-6427.0068359375,238.09912109375,X2,X2
1.6680859117086536e-15,1585.6591796875,1245.38818359375,-6875.337890625,340.27099609375,X1,X2
1.4475220666554378e-07,667.6123046875,510.1298828125,-7435.8359375,157.482421875,X2,X2
9.918514620732566e-11,1004.916015625,774.57568359375,-7799.7109375,230.34033203125,X2,X2
2.2552086202188085e-14,1238.67578125,924.44677734375,-8120.70751953125,314.2294921875,X2,X2
2.0630262994920814e-16,1608.869140625,1247.697265625,-8513.880859375,361.171875,X1,X2
4.665307029583232e-11,1017.388671875,779.505859375,-8932.107421875,237.8828125,X2,X2
2.5483735842303946e-15,1250.876953125,914.84375,-9223.5625,336.033203125,X2,X2
1.649046589670402e-17,1629.345703125,1242.908203125,-9279.048828125,386.4375,X1,X2
2.2681338686554586e-13,1271.435546875,980.28857421875,-9962.4990234375,291.146484375,X2,X2
5.688737241688058e-13,1267.458984375,985.5078125,-9870.44921875,281.951171875,X2,X2
1.9121760512459705e-17,1631.876953125,1246.919921875,-9956.95703125,384.95703125,X1,X2
3.222110078748841e-11,1032.134765625,790.5498046875,-9996.5849609375,241.583984375,X2,X2
5.686754214738758e-16,1264.908203125,913.87646484375,-10191.263671875,351.0322265625,X2,X2
1.7689934033187565e-17,1632.44921875,1246.7138671875,-10445.9453125,385.7353515625,X1,X2
4.162786651842887e-13,1273.5234375,988.44873046875,-10428.853515625,285.07421875,X2,X2
2.2877224420403408e-11,1038.025390625,793.01708984375,-10582.76171875,245.0087890625,X2,X2
1.8967383794738933e-17,1634.197265625,1249.15869140625,-10605.23046875,385.0380859375,X1,X2
8.267216617241502e-05,455.93359375,361.927734375,-10833.943359375,94.005859375,X2,X2
2.279014108506894e-13,1276.814453125,985.71630859375,-10751.189453125,291.0986328125,X2,X2
2.3747550705097533e-16,1598.28125,1238.51611328125,-10779.806640625,359.7646484375,X1,X2
5.306383804581927e-12,1038.599609375,778.978515625,-10947.328125,259.62109375,X2,X2
5.005891257070516e-10,713.59765625,499.4453125,-11032.6162109375,214.15234375,X2,X2
7.655032749180612e-13,1277.88671875,998.904296875,-11055.025390625,278.982421875,X2,X2
6.551127762764314e-18,1623.46875,1227.79931640625,-11017.10546875,395.6689453125,X1,X2
5.5096890591577186e-12,1041.666015625,782.42041015625,-11134.638671875,259.2451171875,X2,X2
9.420022921424742e-12,1043.26171875,789.3798828125,-11245.9140625,253.8818359375,X2,X2
2.6429006214942922e-17,1628.693359375,1246.97265625,-11219.4677734375,381.720703125,X1,X2
6.71804788448388e-13,1278.892578125,998.6044921875,-11382.00390625,280.2880859375,X2,X2
7.336222765783236e-16,1275.736328125,927.25146484375,-11321.150390625,348.4853515625,X2,X2
2.4743038418631215e-17,1625.474609375,1243.0947265625,-11316.4375,382.3798828125,X1,X2
2.7445953496019193e-12,1042.7734375,776.55908203125,-11576.115234375,266.2138671875,X2,X2
3.5726421820925225e-12,1042.1953125,778.61767578125,-11241.693359375,263.5771484375,X2,X2
1.7956539033470165e-11,1037.80078125,790.36962890625,-11262.896484375,247.4306640625,X2,X2
2.2897041216990346e-15,1595.1328125,1258.02880859375,-11236.2939453125,337.103515625,X1,X2
2.1393981697315212e-08,676.962890625,500.36083984375,-11448.34765625,176.6015625,X2,X2
6.03711143298824e-08,660.16796875,493.9404296875,-11489.5546875,166.2275390625,X2,X2
2.895890179131083e-13,1317.408203125,1028.70458984375,-11427.951171875,288.703125,X1,X2
6.614302350271828e-08,660.064453125,494.75,-11520.1923828125,165.314453125,X2,X2
1.1387146434116424e-11,1042.189453125,790.20361328125,-11489.015625,251.9853515625,X2,X2
8.75715269558454e-18,1627.673828125,1234.9072265625,-11471.3125,392.7666015625,X1,X2
4.7612362322072346e-14,1286.9140625,980.15771484375,-11499.3046875,306.7568359375,X2,X2
4.2102777797481394e-07,481.80078125,334.99462890625,-11532.54296875,146.8056640625,X2,X2
1.1421667431288363e-11,1039.197265625,787.24267578125,-11566.5712890625,251.955078125,X2,X2
8.927816710739556e-13,1309.748046875,1032.3037109375,-11553.236328125,277.4443359375,X1,X2
1.2177332926743833e-11,1041.1484375,789.83349609375,-11499.3857421875,251.314453125,X2,X2
1.4670682203787866e-12,1282.8125,1010.33544921875,-11613.1640625,272.4775390625,X2,X2
3.263222884310264e-17,1623.603515625,1243.99072265625,-11588.3984375,379.6123046875,X1,X2
2.109292775165361e-12,1045.76171875,776.91455078125,-11635.76171875,268.8466796875,X2,X2
1.0061894893664824e-11,1036.828125,783.60595703125,-11609.85546875,253.22265625,X2,X2
1.0101091234772921e-17,1622.048828125,1230.71044921875,-11693.177734375,391.3388671875,X1,X2
1.8416513106189747e-11,1036.03125,788.853515625,-11338.1767578125,247.177734375,X2,X2
9.010621242200312e-12,1044.103515625,789.77734375,-11555.48046875,254.326171875,X2,X2
1.6691537746155866e-13,1282.287109375,988.07373046875,-11615.0634765625,294.212890625,X2,X2
2.9348583200340686e-17,1625.8125,1245.1396484375,-11603.203125,380.6728515625,X1,X2
9.543159665281742e-12,1041.826171875,788.0732421875,-11481.2216796875,253.751953125,X2,X2
1.3322042254071409e-11,1039.59375,789.177734375,-11449.73828125,250.416015625,X2,X2
3.6675130335237215e-17,1623.109375,1244.66455078125,-11816.7890625,378.4443359375,X1,X2
7.869640050728322e-09,831.353515625,644.7509765625,-11698.271484375,186.6025390625,X2,X2
0.6931471824645996,0.0,0.0,-11645.626953125,0.0,X2,X2
3.9189385511761545e-17,1622.57421875,1244.79296875,-11868.6484375,377.78125,X1,X2
8.040868318404115e-12,1035.384765625,779.919921875,-11442.912109375,255.46484375,X2,X2
0.0001136728169512935,451.298828125,360.47802734375,-11540.892578125,90.8212890625,X2,X2
9.977748662015617e-12,1042.53125,789.224609375,-11618.1552734375,253.306640625,X2,X2
1.0865492147555624e-17,1626.212890625,1235.60302734375,-11523.162109375,390.609375,X1,X2
1.5906774169262103e-17,1250.126953125,863.32861328125,-11454.658203125,386.7978515625,X2,X2
2.5181215335123852e-08,659.583984375,484.61279296875,-11632.5390625,174.9716796875,X2,X2
1.1065174374606537e-18,1566.228515625,1152.775390625,-11345.697265625,413.453125,X1,X2
6.543567337286005e-12,1038.189453125,780.6640625,-11409.6044921875,257.525390625,X2,X2
2.0546766060400732e-17,1629.744140625,1245.5068359375,-11426.341796875,384.23828125,X1,X2
4.260474351786003e-12,1039.890625,778.07421875,-11387.884765625,261.81640625,X2,X2
1.0886880589741632e-13,1287.578125,989.091796875,-11456.09375,298.486328125,X2,X2
2.579066083960302e-12,1046.076171875,779.24072265625,-11361.6640625,266.8359375,X2,X2
3.8905353526979007e-16,1600.236328125,1245.40869140625,-11277.427734375,354.828125,X1,X2
6.0939144355676156e-12,1047.912109375,789.67529296875,-11388.833984375,258.2373046875,X2,X2
0.6931471824645996,0.0,0.0,-11445.9853515625,0.0,X2,X2
8.457923417715933e-18,1633.171875,1240.05810546875,-11357.955078125,393.1142578125,X1,X2
9.34944396208115e-12,1047.54296875,793.58642578125,-11320.37109375,253.95703125,X2,X2
3.900856634236893e-12,1046.84375,784.14599609375,-11309.943359375,262.6982421875,X2,X2
1.4831098574530795e-17,1634.53515625,1247.037109375,-11221.2919921875,387.498046875,X1,X2
7.095303619815418e-14,1288.37890625,985.611328125,-11286.1318359375,302.767578125,X2,X2
0.6931471824645996,-45.43658447265625,-45.43658447265625,0.0,0.0,X1,X1
0.9726434350013733,-0.0306396484375,4.946319580078125,19.206802368164062,-4.976959228515625,X1,X1
0.26595598459243774,-2.000335693359375,-13.885345458984375,41.178619384765625,11.885009765625,X1,X1
1.0629587173461914,-6.53387451171875,-0.14208984375,43.3974609375,-6.39178466796875,X2,X1
0.6289142966270447,-0.023406982421875,-1.3521728515625,56.80952453613281,1.328765869140625,X2,X1
0.012543987482786179,2.17449951171875,-41.5478515625,79.22637939453125,43.72235107421875,X2,X1
6.428347110748291,-5.54913330078125,58.718170166015625,53.82438659667969,-64.26730346679688,X2,X2
6.004199028015137,-1.65618896484375,58.361083984375,51.807403564453125,-60.01727294921875,X2,X2
5.517831802368164,-5.9368896484375,49.201202392578125,35.91267395019531,-55.138092041015625,X2,X2
5.337738037109375,2.010528564453125,55.3397216796875,36.05293273925781,-53.329193115234375,X2,X2
0.6931471824645996,0.0,0.0,40.17950439453125,0.0,X2,X2
5.421219348907471,2.704742431640625,56.87261962890625,2.0108795166015625,-54.167877197265625,X1,X2
2.883204221725464,-0.23150634765625,28.02471923828125,-16.034271240234375,-28.2562255859375,X2,X2
2.255380630493164,31.94366455078125,53.3900146484375,-30.648468017578125,-21.44635009765625,X2,X2
2.216346263885498,28.122802734375,49.132080078125,-104.09201049804688,-21.00927734375,X1,X2
0.6931471824645996,0.0,0.0,-177.317138671875,0.0,X2,X2
0.005105525720864534,109.24664306640625,56.49786376953125,-199.46923828125,52.748779296875,X2,X2
0.006924428977072239,99.38250732421875,49.690155029296875,-336.56536865234375,49.692352294921875,X1,X2
8.558379782641623e-09,241.64324951171875,55.87969970703125,-405.4146728515625,185.7635498046875,X2,X2
2.094983386768945e-08,237.28466796875,60.47332763671875,-467.8780822753906,176.81134033203125,X2,X2
2.8771701687801965e-10,271.8148193359375,52.124420166015625,-516.4698486328125,219.6904296875,X2,X2
0.005250359885394573,97.505126953125,45.036834716796875,-666.2347412109375,52.46832275390625,X1,X2
2.965362178031228e-09,256.25396728515625,59.891326904296875,-578.1441040039062,196.3626708984375,X2,X2
3.1881722861726303e-06,183.7529296875,57.19232177734375,-512.1654052734375,126.56060791015625,X2,X2
0.0073837293311953545,95.18017578125,46.13232421875,-498.6439208984375,49.047821044921875,X1,X2
0.6931471824645996,0.0,0.0,-836.3612670898438,0.0,X2,X2
1.3730117303517586e-12,329.315673828125,56.17559814453125,-821.828857421875,273.14013671875,X2,X2
1.2165313201251138e-10,279.54248046875,51.24407958984375,-939.9122924804688,228.2984619140625,X1,X2
1.3851825502592119e-12,328.0650634765625,55.013214111328125,-977.1030883789062,273.0518798828125,X2,X2
3.2896766697376734e-06,173.209716796875,46.962554931640625,-1130.156005859375,126.2471923828125,X2,X2
5.669210326880725e-12,312.811279296875,53.85162353515625,-1105.8780517578125,258.959716796875,X2,X2
3.0406424600393223e-10,272.9822998046875,53.84442138671875,-1175.515869140625,219.1378173828125,X1,X2
1.7357512996363234e-13,351.152587890625,57.3309326171875,-1168.984619140625,293.8216552734375,X2,X2
4.2023376445321503e-10,271.8951416015625,55.9930419921875,-1249.4290771484375,215.902099609375,X2,X2
1.1060248853930754e-12,332.150146484375,56.847625732421875,-1260.1229248046875,275.302490234375,X1,X2
6.615569230665821e-14,357.787109375,54.3194580078125,-1250.677978515625,303.4676513671875,X2,X2
8.392597034001525e-11,283.3502197265625,51.33929443359375,-1344.05029296875,232.0108642578125,X2,X2
5.378287259993897e-10,265.753173828125,52.318267822265625,-1397.0201416015625,213.434814453125,X1,X2
6.866647254355485e-06,163.6583251953125,44.770050048828125,-1445.13818359375,118.8883056640625,X2,X2
1.5908793379870723e-11,306.146484375,57.50494384765625,-1366.4638671875,248.6414794921875,X2,X2
3.972223591719448e-11,295.915283203125,56.424163818359375,-1399.746826171875,239.4910888671875,X2,X2
1.688050740855651e-12,316.759033203125,45.6846923828125,-1414.2508544921875,271.074462890625,X1,X2
4.3515620794243315e-12,318.3135986328125,56.708770751953125,-1409.47705078125,261.6048583984375,X2,X2
1.550315460008278e-06,172.70166015625,38.93115234375,-1489.3426513671875,133.7705078125,X2,X2
1.7458767070932524e-11,309.37109375,61.659393310546875,-1449.82275390625,247.7117919921875,X1,X2
5.013465684267082e-11,286.587646484375,49.42449951171875,-1458.71044921875,237.1630859375,X2,X2
1.502830571098457e-08,234.5416259765625,54.40826416015625,-1500.593505859375,180.13330078125,X1,X2
2.4430697048716254e-11,300.2021484375,55.850341796875,-1479.2210693359375,244.351806640625,X2,X2
4.885552466055154e-12,315.51025390625,55.062896728515625,-1468.947998046875,260.4473876953125,X2,X2
1.4102155887485424e-07,208.575439453125,50.832000732421875,-1511.4482421875,157.7435302734375,X2,X2
1.0562072050301907e-10,282.18212890625,52.47052001953125,-1485.2943115234375,229.711669921875,X1,X2
1.2481479391701633e-11,311.4468994140625,60.379058837890625,-1484.036865234375,251.0677490234375,X2,X2
0.023212386295199394,81.1055908203125,43.591094970703125,-1626.2823486328125,37.514404296875,X2,X2
1.8235192273275552e-13,345.69677734375,52.368316650390625,-1509.7791748046875,293.328369140625,X1,X2
9.85477602570995e-15,375.9332275390625,53.42510986328125,-1546.0888671875,322.5081787109375,X2,X2
4.011476209802439e-13,344.41748046875,58.972930908203125,-1538.168701171875,285.4444580078125,X1,X2
0.6931471824645996,0.0,0.0,-1663.41162109375,0.0,X2,X2
8.287453703978084e-14,356.1383056640625,54.923858642578125,-1507.955322265625,301.2144775390625,X2,X2
1.0334724187543998e-08,234.12109375,50.243499755859375,-1551.908935546875,183.8775634765625,X2,X2
2.0884123423658973e-12,323.6859130859375,54.739776611328125,-1488.865478515625,268.9461669921875,X1,X2
4.511813150734692e-14,362.232421875,54.937469482421875,-1459.482177734375,307.294921875,X2,X2
1.7141074337700957e-08,229.24658203125,50.428741455078125,-1514.9356689453125,178.81787109375,X2,X2
1.3122122277664516e-09,254.289306640625,49.7738037109375,-1510.82666015625,204.5155029296875,X1,X2
9.952161761361822e-09,230.7301025390625,46.475341796875,-1513.569580078125,184.2547607421875,X2,X2
5.556820194957401e-13,340.187255859375,58.001495361328125,-1456.5087890625,282.185791015625,X1,X2
7.14084011105981e-14,357.3487548828125,54.645172119140625,-1441.47607421875,302.70361328125,X2,X2
1.0834029495754294e-07,211.5572509765625,51.177398681640625,-1504.1849365234375,160.3798828125,X2,X2
1.3435821344387477e-08,230.019287109375,48.76593017578125,-1478.851318359375,181.25341796875,X2,X2
1.5581916312790156e-10,281.7279052734375,55.90460205078125,-1467.03125,225.8232421875,X1,X2
3.210941512676868e-09,255.17138671875,59.60430908203125,-1479.05419921875,195.5670166015625,X2,X2
8.111944276023575e-12,316.2939453125,60.91705322265625,-1440.912109375,255.3768310546875,X1,X2
4.683269397287582e-12,318.3826904296875,57.51251220703125,-1435.4228515625,260.8702392578125,X2,X2
1.1720865944475634e-10,288.3311767578125,59.660430908203125,-1444.5968017578125,228.670654296875,X2,X2
5.187294482844607e-10,265.104248046875,51.307830810546875,-1439.3665771484375,213.79638671875,X1,X2
3.2129597593577586e-11,297.9996337890625,56.38714599609375,-1443.202880859375,241.6124267578125,X2,X2
2.823588030054225e-10,277.9566650390625,58.078216552734375,-1454.6495361328125,219.87841796875,X2,X2
2.4256864890048746e-06,180.542236328125,51.2481689453125,-1522.324462890625,129.2939453125,X2,X2
1.2111281977311705e-09,259.0809326171875,53.7637939453125,-1464.4014892578125,205.317138671875,X1,X2
6.973627231232626e-10,269.40087890625,58.563720703125,-1423.6385498046875,210.837158203125,X2,X2
4.1808812056842726e-07,195.54638671875,48.67071533203125,-1472.7884521484375,146.875732421875,X2,X2
6.375477923370454e-11,294.5087890625,59.748992919921875,-1409.24658203125,234.759765625,X1,X2
0.0003814740921370685,125.50244140625,46.789581298828125,-1478.574462890625,78.7127685546875,X2,X2
1.4452017870186101e-13,351.493896484375,55.840301513671875,-1419.0350341796875,295.653564453125,X2,X2
5.695262483840224e-09,225.05517578125,35.21881103515625,-1493.299560546875,189.8363037109375,X1,X2
7.3340520323483815e-09,233.9888916015625,46.681549072265625,-1521.8594970703125,187.307373046875,X2,X2
1.196556951299499e-07,185.789794921875,26.4033203125,-1581.7003173828125,159.386474609375,X2,X2
0.6931471824645996,0.0,0.0,-1649.4571533203125,0.0,X2,X2
3.227087108821636e-14,358.786376953125,48.1402587890625,-1509.35693359375,310.6461181640625,X1,X2
1.0316677660814413e-13,354.957763671875,55.933502197265625,-1538.464599609375,299.0242919921875,X2,X2
2.961155487479772e-10,268.6893310546875,49.286529541015625,-1578.179443359375,219.4027099609375,X2,X2
1.7231273916409884e-13,344.568603515625,50.673919677734375,-1533.460693359375,293.8946533203125,X1,X2
5.402938990981378e-15,382.707275390625,54.18890380859375,-1561.4083251953125,328.518310546875,X2,X2
5.0279346353423234e-15,388.5413818359375,59.303680419921875,-1542.26416015625,329.2376708984375,X2,X2
3.733396648471568e-14,361.5281982421875,52.3394775390625,-1550.2279052734375,309.188720703125,X1,X2
3.3414931932540526e-10,265.56689453125,47.372528076171875,-1609.05419921875,218.1943359375,X2,X2
2.410549815312635e-10,264.1541748046875,42.694183349609375,-1605.4136962890625,221.4599609375,X2,X2
4.494649468014594e-15,382.901611328125,52.542724609375,-1486.29296875,330.35888671875,X2,X2
1.1379606024847222e-12,329.927001953125,54.909210205078125,-1485.9315185546875,275.017822265625,X1,X2
8.181611855020976e-14,353.8319091796875,52.488861083984375,-1501.1092529296875,301.343017578125,X2,X2
9.441131210152776e-10,257.4210205078125,49.613250732421875,-1555.96826171875,207.8077392578125,X2,X2
5.11960943474013e-14,357.1688232421875,51.137603759765625,-1525.31494140625,306.0311279296875,X1,X2
8.81642713479111e-15,378.037109375,54.4156494140625,-1511.690673828125,323.62158203125,X2,X2
7.309901572938315e-10,257.9981689453125,47.6319580078125,-1571.66748046875,210.3662109375,X2,X2
6.1840880215323444e-15,384.41064453125,57.24267578125,-1527.157470703125,327.16796875,X1,X2
1.761766843522139e-10,270.96533203125,46.370025634765625,-1629.0966796875,224.5953369140625,X2,X2
2.6335755798356786e-10,272.080078125,51.50506591796875,-1634.9501953125,220.5750732421875,X2,X2
1.1438976664761985e-15,400.988037109375,56.9447021484375,-1598.133056640625,344.0433349609375,X2,X2
8.196868273653742e-15,382.0391845703125,57.688995361328125,-1585.31884765625,324.3502197265625,X1,X2
3.043874596819762e-10,269.73046875,50.603271484375,-1661.946044921875,219.127197265625,X2,X2
5.721482749382334e-12,314.4305419921875,55.5625,-1616.3653564453125,258.867919921875,X1,X2
1.2887756640822317e-15,398.0518798828125,55.2010498046875,-1582.2974853515625,342.850830078125,X2,X2
2.673337107239604e-08,221.169677734375,46.796173095703125,-1680.604248046875,174.37353515625,X2,X2
6.116822170575565e-15,385.86962890625,58.59222412109375,-1588.42431640625,327.27734375,X1,X2
3.1889794353378437e-14,365.2255859375,54.460693359375,-1595.125,310.764892578125,X2,X2
1.3411517452155408e-09,256.90576171875,52.60845947265625,-1660.36474609375,204.29736328125,X2,X2
3.1458691207575384e-10,264.26318359375,45.465545654296875,-1659.9600830078125,218.797607421875,X2,X2
1.874106347337528e-15,388.82568359375,49.71917724609375,-1577.256103515625,339.1064453125,X1,X2
1.879379932115486e-14,374.608642578125,58.55621337890625,-1566.2022705078125,316.052490234375,X2,X2
1.8526450989639343e-13,326.7490234375,33.5791015625,-1603.772216796875,293.169921875,X1,X2
0.6931471824645996,0.0,0.0,-1752.82763671875,0.0,X2,X2
3.607018017603991e-10,268.3994140625,50.969696044921875,-1622.5556640625,217.4296875,X2,X2
1.28458155571054e-11,285.451416015625,34.671417236328125,-1620.9158935546875,250.780029296875,X1,X2
4.718357926591921e-10,261.9183349609375,47.1744384765625,-1638.7760009765625,214.743896484375,X2,X2
1.100660158175927e-13,354.753173828125,56.3763427734375,-1602.43603515625,298.376953125,X2,X2
7.853591665885062e-10,250.546630859375,40.8978271484375,-1632.523681640625,209.6488037109375,X2,X2
7.915473425367317e-14,350.9124755859375,49.23883056640625,-1594.91357421875,301.6737060546875,X1,X2
7.332672744822175e-15,383.7301025390625,58.26568603515625,-1573.6796875,325.46435546875,X2,X2
3.164090219215723e-14,369.677978515625,58.8348388671875,-1593.255859375,310.84326171875,X2,X2
4.133894324130725e-15,387.0633544921875,55.8677978515625,-1572.8697509765625,331.195556640625,X1,X2
2.757474526493553e-10,267.3717041015625,47.25634765625,-1632.782958984375,220.1153564453125,X2,X2
1.0569642398797663e-15,401.035400390625,56.20166015625,-1589.1473388671875,344.833740234375,X2,X2
1.3181251879920697e-12,330.9847412109375,57.4366455078125,-1614.0677490234375,273.548095703125,X1,X2
3.847817585931647e-14,365.0595703125,56.17279052734375,-1602.022705078125,308.8868408203125,X2,X2
7.327274431645492e-08,211.725341796875,47.434478759765625,-1673.1551513671875,164.290771484375,X2,X2
3.087142629205897e-13,346.16650390625,58.102996826171875,-1617.44775390625,288.0635986328125,X2,X2
2.466609544653914e-13,344.976318359375,54.668701171875,-1591.3555908203125,290.3076171875,X1,X2
1.8734844133960066e-15,396.201171875,57.091400146484375,-1585.8427734375,339.1097412109375,X2,X2
1.4925109759200694e-10,275.63818359375,49.384246826171875,-1643.6982421875,226.25390625,X2,X2
1.5030572120456774e-15,400.512451171875,59.199615478515625,-1584.7908935546875,341.312744140625,X1,X2
1.879640265656235e-08,221.5679931640625,43.672027587890625,-1694.6790771484375,177.89599609375,X2,X2
1.056825807421724e-10,276.198486328125,46.49261474609375,-1630.7734375,229.705810546875,X2,X2
9.502428276750643e-14,345.1212158203125,45.274688720703125,-1556.7061767578125,299.846435546875,X1,X2
1.2704086393977576e-10,278.1795654296875,50.31439208984375,-1638.211669921875,227.8651123046875,X2,X2
1.579162148268587e-14,371.20458984375,53.41156005859375,-1579.405517578125,317.79296875,X2,X2
1.827579971039328e-12,329.538818359375,59.258453369140625,-1591.260986328125,270.2802734375,X2,X2
1.5400689621150598e-12,321.189697265625,49.19769287109375,-1601.2713623046875,271.991943359375,X1,X2
1.058195864267475e-09,253.06591796875,46.398834228515625,-1643.885009765625,206.6669921875,X2,X2
1.159028520944863e-13,352.8699951171875,55.009796142578125,-1587.240478515625,297.8602294921875,X2,X2
3.9702023271618106e-14,364.42626953125,55.852569580078125,-1588.73974609375,308.57373046875,X1,X2
1.6622937748511646e-10,275.162353515625,49.9859619140625,-1688.8104248046875,225.176513671875,X2,X2
2.5539916848060784e-09,241.884521484375,44.02838134765625,-1681.0537109375,197.8560791015625,X2,X2
8.209420285492514e-14,358.5133056640625,57.2041015625,-1616.774169921875,301.30908203125,X1,X2
6.046000922133032e-10,259.75048828125,47.48602294921875,-1638.95751953125,212.2645263671875,X2,X2
2.2408791489070268e-10,271.3544921875,49.16473388671875,-1635.003662109375,222.1898193359375,X2,X2
3.018820130058406e-15,390.3504638671875,56.0113525390625,-1587.8045654296875,334.339111328125,X2,X2
1.8151700574477875e-13,349.42236328125,56.04815673828125,-1562.6004638671875,293.374267578125,X2,X2
1.6093372946738714e-15,397.3463134765625,56.716888427734375,-1481.918212890625,340.6295166015625,X2,X2
0.6931471824645996,0.0,0.0,-1672.379150390625,0.0,X2,X2
2.7027284490305226e-13,342.0145263671875,52.621002197265625,-1506.244140625,289.3934326171875,X2,X2
2.6092735083693697e-08,214.373779296875,39.757598876953125,-1564.281982421875,174.6160888671875,X2,X2
1.9629690928280041e-10,266.0006103515625,42.4866943359375,-1538.23291015625,223.513916015625,X2,X2
1.845055277180721e-14,372.5552978515625,56.3184814453125,-1496.34375,316.23681640625,X2,X2
3.910427537334726e-09,250.2117919921875,56.61553955078125,-1557.0673828125,193.59619140625,X2,X2
4.8437199617976795e-14,363.35986328125,56.774810791015625,-1504.15283203125,306.5850830078125,X2,X2
1.718331355568363e-14,374.32666015625,57.37835693359375,-1487.6865234375,316.9483642578125,X2,X2
1.005834853612126e-14,380.240478515625,57.936767578125,-1474.8367919921875,322.3037109375,X1,X2
7.516444931743305e-12,313.0491943359375,56.909820556640625,-1500.697509765625,256.1392822265625,X1,X2
2.184400773938143e-15,396.07275390625,58.4984130859375,-1477.02197265625,337.5743408203125,X1,X2
8.627646340408912e-12,314.2589111328125,59.498321533203125,-1543.1617431640625,254.760498046875,X1,X2
4.392537494759402e-13,330.58349609375,46.0465087890625,-1551.94677734375,284.5369873046875,X1,X2
3.2851461351582345e-15,390.5950927734375,57.1014404296875,-1577.060546875,333.49365234375,X2,X2
6.451358680126598e-14,358.0684814453125,54.3494873046875,-1514.069580078125,303.718994140625,X1,X2
1.8515325939105765e-09,244.037841796875,42.96539306640625,-1649.4801025390625,201.072509765625,X2,X2
4.261898366636268e-15,383.7628173828125,52.8721923828125,-1622.5028076171875,330.890625,X2,X2
2.1896717772307284e-09,245.576416015625,46.1812744140625,-1678.947021484375,199.3951416015625,X2,X2
9.227282837549061e-14,347.502197265625,47.362030029296875,-1537.0537109375,300.1402587890625,X1,X2
1.7328303234583758e-13,342.3775634765625,48.53912353515625,-1611.7705078125,293.8385009765625,X2,X2
0.6931471824645996,0.0,0.0,-1742.947265625,0.0,X2,X2
1.5831581109005538e-14,371.2325439453125,53.464874267578125,-1529.7900390625,317.7677001953125,X1,X2
3.1559471832739994e-14,367.3526611328125,56.48358154296875,-1598.064697265625,310.8690185546875,X2,X2
4.259830710395818e-09,248.63134765625,55.891021728515625,-1658.550048828125,192.7403564453125,X2,X2
6.387551688209932e-15,382.417236328125,55.573028564453125,-1528.282470703125,326.84423828125,X1,X2
5.773658461050157e-14,358.604736328125,53.775909423828125,-1587.8916015625,304.828857421875,X2,X2
3.9110817362519867e-10,263.43896484375,46.81854248046875,-1637.4681396484375,216.620361328125,X2,X2
5.5887789513452135e-14,361.318115234375,56.16387939453125,-1588.865966796875,305.154296875,X2,X2
2.937765319638991e-13,345.740478515625,57.180908203125,-1526.0888671875,288.5595703125,X1,X2
1.5379325230994523e-15,398.3243408203125,57.240997314453125,-1573.551513671875,341.0833740234375,X2,X2
2.2058375959144172e-11,292.640869140625,47.267547607421875,-1622.5120849609375,245.373291015625,X2,X2
1.0909741161955078e-14,382.23388671875,60.74267578125,-1504.078369140625,321.4912109375,X1,X2
0.6931471824645996,4.632171630859375,4.632171630859375,0.0,0.0,X1,X2
1.8462133407592773,-20.2718505859375,-3.527496337890625,-8.260238647460938,-16.744354248046875,X2,X1
1.946863055229187,-14.54156494140625,3.38714599609375,-4.653411865234375,-17.9287109375,X1,X2
0.708522379398346,-0.6534423828125,-0.3482666015625,9.66461181640625,-0.30517578125,X1,X1
0.7873823642730713,-1.50457763671875,0.298919677734375,14.112533569335938,-1.803497314453125,X1,X1
0.562143862247467,2.913360595703125,0.095428466796875,20.08905029296875,2.81793212890625,X1,X1
0.6668943166732788,1.14495849609375,0.612823486328125,28.352767944335938,0.532135009765625,X1,X1
0.7329803109169006,-0.295379638671875,0.48602294921875,31.561599731445312,-0.781402587890625,X1,X1
0.8209139108657837,-2.758270263671875,-0.34783935546875,21.327224731445312,-2.410430908203125,X1,X1
0.862625002861023,0.01470947265625,3.158233642578125,17.057510375976562,-3.143524169921875,X1,X1
0.34419170022010803,8.74249267578125,-0.152801513671875,9.271560668945312,8.895294189453125,X1,X1
0.36381205916404724,10.389862060546875,2.15283203125,3.7633209228515625,8.237030029296875,X1,X1
0.64219731092453,2.17645263671875,1.130096435546875,-7.0860748291015625,1.046356201171875,X1,X1
0.7401001453399658,-1.116943359375,-0.198944091796875,-3.3047943115234375,-0.917999267578125,X1,X1
4.424911022186279,-49.652801513671875,-5.524169921875,-35.84849548339844,-44.128631591796875,X2,X1
3.2106926441192627,-36.489044189453125,-4.79376220703125,-22.093215942382812,-31.695281982421875,X2,X1
1.4442417621612549,-15.36932373046875,-3.6177978515625,-14.95855712890625,-11.75152587890625,X2,X1
1.1300318241119385,-6.37152099609375,1.027618408203125,-25.452590942382812,-7.399139404296875,X2,X2
0.9117642641067505,-8.96405029296875,-4.984954833984375,-16.341598510742188,-3.979095458984375,X2,X1
0.9929304122924805,-4.359527587890625,0.941650390625,-10.600875854492188,-5.301177978515625,X2,X2
1.168806791305542,-6.66619873046875,1.300537109375,-12.3087158203125,-7.96673583984375,X2,X2
0.4757048487663269,6.756866455078125,1.7999267578125,-10.661788940429688,4.956939697265625,X2,X2
0.21203239262104034,14.361907958984375,-0.069366455078125,-13.886505126953125,14.4312744140625,X2,X2
0.021225467324256897,39.8292236328125,1.410003662109375,-34.05940246582031,38.419219970703125,X2,X2
0.00013606621359940618,89.30484008789062,0.281829833984375,-46.7296142578125,89.02301025390625,X2,X2
0.03803282976150513,32.503875732421875,0.0015869140625,-98.55757141113281,32.502288818359375,X2,X2
0.00016032264102250338,88.28158569335938,0.899169921875,-166.8429718017578,87.38241577148438,X2,X2
9.506965881200813e-09,186.6158447265625,1.9034423828125,-242.9151611328125,184.71240234375,X2,X2
8.926744676784892e-09,186.79776000976562,1.45562744140625,-243.9300079345703,185.34213256835938,X2,X2
0.0005276449955999851,77.39288330078125,1.924652099609375,-297.1336669921875,75.46823120117188,X2,X2
5.0010267038658185e-09,192.93310546875,1.796875,-294.50262451171875,191.13623046875,X2,X2
9.825147571973503e-06,116.90313720703125,1.5975341796875,-356.3193664550781,115.30560302734375,X2,X2
8.175517152153589e-09,186.5849609375,0.363739013671875,-393.93475341796875,186.22122192382812,X2,X2
0.6931471824645996,0.0,0.0,-453.2782897949219,0.0,X2,X2
7.982077221413419e-10,210.751708984375,1.26519775390625,-375.7123107910156,209.48651123046875,X2,X2
0.000515426741912961,75.18096923828125,-0.5216064453125,-502.5144958496094,75.70257568359375,X2,X2
4.930570708661097e-12,261.8831787109375,1.52752685546875,-423.0433044433594,260.35565185546875,X2,X2
1.8664965406589573e-12,270.085693359375,0.01611328125,-447.2415771484375,270.069580078125,X2,X2
4.099139800928242e-07,148.46240234375,1.38922119140625,-552.6983642578125,147.07318115234375,X2,X2
3.7233858032371947e-13,287.74761962890625,1.557891845703125,-499.0501708984375,286.1897277832031,X2,X2
3.4727686397673097e-06,126.98175048828125,1.27618408203125,-648.0693359375,125.70556640625,X2,X2
1.1366729268047493e-05,116.4189453125,2.570770263671875,-658.089599609375,113.84814453125,X2,X2
3.6820665627601556e-08,175.1285400390625,3.95648193359375,-662.6519775390625,171.17205810546875,X2,X2
0.00028959536575712264,83.1336669921875,1.66485595703125,-716.3172607421875,81.46881103515625,X2,X2
3.668195608375058e-11,246.5517578125,6.264373779296875,-689.199462890625,240.287353515625,X1,X2
5.959341353722891e-11,238.1981201171875,2.76336669921875,-715.08349609375,235.43475341796875,X2,X2
5.582649578173005e-07,144.7735595703125,0.78924560546875,-768.709228515625,143.98431396484375,X2,X2
4.2390157583313036e-17,380.988037109375,3.99188232421875,-643.14208984375,376.99615478515625,X1,X2
3.923663965347407e-14,310.01092529296875,1.31927490234375,-687.4130859375,308.691650390625,X2,X2
0.6931471824645996,0.0,0.0,-847.1232299804688,0.0,X2,X2
3.018953637009272e-18,406.13232421875,2.71612548828125,-659.6748046875,403.41619873046875,X1,X2
2.3425827792335208e-14,314.43017578125,0.580810546875,-606.57861328125,313.849365234375,X2,X2
0.6931471824645996,0.0,0.0,-776.3548583984375,0.0,X2,X2
6.801029882562123e-19,419.17852783203125,0.858123779296875,-563.7576293945312,418.3204040527344,X2,X2
3.7726572950140746e-19,428.91497802734375,4.70159912109375,-606.3836669921875,424.21337890625,X1,X2
8.946393070807801e-10,208.4517822265625,0.10577392578125,-762.763427734375,208.34600830078125,X2,X2
1.5354997385958196e-15,342.364501953125,1.265350341796875,-727.5390625,341.09918212890625,X2,X2
2.9728504153758994e-19,429.146484375,2.550537109375,-700.4210815429688,426.595947265625,X1,X2
8.663829067145565e-15,326.0875244140625,2.291290283203125,-775.551513671875,323.79620361328125,X2,X2
2.415269677944983e-19,427.9144287109375,-0.75860595703125,-679.783447265625,428.67303466796875,X2,X2
6.232862784254177e-19,423.86566162109375,4.672821044921875,-659.595458984375,419.19281005859375,X1,X2
3.803864876892032e-15,334.5980224609375,2.570465087890625,-772.6453857421875,332.027587890625,X2,X2
0.6931471824645996,0.0,0.0,-945.3933715820312,0.0,X2,X2
1.965845521239326e-15,340.4368896484375,1.808349609375,-743.248291015625,338.6285400390625,X2,X2
7.97298511934219e-12,260.57366943359375,5.024078369140625,-757.5648193359375,255.54962158203125,X1,X2
3.9686706658555857e-19,424.75390625,1.04705810546875,-690.747802734375,423.70684814453125,X2,X2
7.082738733075848e-15,326.40020751953125,0.58905029296875,-749.8499755859375,325.8111572265625,X2,X2
1.9788544067256275e-11,249.5931396484375,3.134002685546875,-798.454345703125,246.45916748046875,X1,X2
1.3319699121439044e-08,181.8687744140625,0.528594970703125,-823.7885131835938,181.3402099609375,X2,X2
7.155418924043033e-09,189.8863525390625,2.3323974609375,-825.2561645507812,187.553955078125,X2,X2
2.5744092594466236e-14,319.12542724609375,6.2197265625,-761.8641357421875,312.90570068359375,X1,X2
1.3725023721711249e-14,320.7408447265625,1.5452880859375,-752.0316162109375,319.195556640625,X2,X2
6.371355566262399e-19,419.80322265625,0.8302001953125,-718.6520385742188,418.9730529785156,X2,X2
7.536157183659304e-19,421.488037109375,4.194000244140625,-701.3827514648438,417.2940368652344,X1,X2
6.370290173184426e-14,305.894775390625,2.049346923828125,-781.1912841796875,303.845458984375,X2,X2
5.0565169151144725e-15,333.5675048828125,4.386505126953125,-665.8409423828125,329.18096923828125,X1,X2
9.8233033055623e-19,416.403076171875,1.759521484375,-602.271240234375,414.6435852050781,X2,X2
5.0903084475122356e-15,334.79327392578125,5.678863525390625,-652.8375854492188,329.1143798828125,X1,X2
2.085791983574836e-09,199.92706298828125,0.0458984375,-737.6279296875,199.88116455078125,X2,X2
1.4150883798080827e-09,204.24462890625,0.483856201171875,-756.748291015625,203.7607421875,X2,X2
4.225928350201462e-14,309.440673828125,1.49114990234375,-686.2362060546875,307.94952392578125,X2,X2
1.6070956079168925e-18,417.22210693359375,7.501129150390625,-635.1671142578125,409.72100830078125,X1,X2
0.6931471824645996,0.0,0.0,-812.6785278320312,0.0,X2,X2
2.1660753191099502e-07,153.7738037109375,0.321990966796875,-770.7029418945312,153.4517822265625,X2,X2
3.318487723654416e-14,314.8779296875,4.5111083984375,-654.0202026367188,310.3668212890625,X1,X2
1.3607438507057372e-18,413.543701171875,2.158721923828125,-610.6435546875,411.3849792480469,X2,X2
1.5851491465463698e-14,317.35107421875,-0.404052734375,-677.4778442382812,317.755126953125,X2,X2
8.439339925134758e-15,331.77960205078125,7.72088623046875,-675.49560546875,324.0587158203125,X1,X2
5.3900548575239876e-14,307.38916015625,1.872772216796875,-779.8126220703125,305.516357421875,X2,X2
1.5852973308245888e-18,413.04229736328125,3.1846923828125,-700.567138671875,409.85760498046875,X2,X2
1.4348817742621806e-18,414.3250732421875,3.4705810546875,-725.0438232421875,410.8544921875,X2,X2
1.582403232656419e-18,418.33782958984375,8.46197509765625,-645.3714599609375,409.8758544921875,X1,X2
1.4542900163720889e-18,412.429443359375,1.709320068359375,-661.4260864257812,410.7201232910156,X2,X2
1.6649746761481467e-18,411.33306884765625,1.96588134765625,-641.9473876953125,409.3672180175781,X2,X2
1.2225951758323373e-18,419.2470703125,6.791534423828125,-645.0064697265625,412.4555358886719,X1,X2
1.4937380529895896e-18,413.621337890625,3.168853759765625,-645.1242065429688,410.4524841308594,X2,X2
9.636159647996578e-10,205.82916259765625,-1.77410888671875,-744.432861328125,207.603271484375,X2,X2
3.450556423163949e-14,314.78179931640625,4.805267333984375,-698.6845703125,309.9765625,X1,X2
1.2913720384412479e-18,413.21881103515625,1.310546875,-573.8656005859375,411.90826416015625,X2,X2
1.2290295036246576e-18,413.3251953125,0.922119140625,-539.7676391601562,412.403076171875,X2,X2
9.643618335255979e-15,323.4178466796875,0.693023681640625,-602.324462890625,322.72479248046875,X2,X2
5.125667668082201e-10,219.535400390625,5.6195068359375,-674.5555419921875,213.9158935546875,X1,X2
1.5697474726819342e-18,410.98297119140625,1.02679443359375,-719.83984375,409.9561767578125,X2,X2
1.6251403461845837e-18,411.0494384765625,1.4400634765625,-684.8622436523438,409.609375,X2,X2
1.628423115843077e-18,412.8529052734375,3.26373291015625,-671.1165771484375,409.58917236328125,X1,X2
1.2783005168113787e-18,412.7139892578125,0.7039794921875,-665.8092041015625,412.010009765625,X2,X2
1.132550362301346e-18,413.40142822265625,0.18084716796875,-681.7704467773438,413.2205810546875,X2,X2
1.074631442860019e-11,255.9466552734375,3.382080078125,-783.562744140625,252.5645751953125,X1,X2
1.547906595788084e-18,410.72265625,0.6263427734375,-692.7454223632812,410.0962829589844,X2,X2
1.20941208821735e-18,413.28057861328125,0.71661376953125,-700.533203125,412.56396484375,X2,X2
1.5979991027206469e-18,411.0863037109375,1.30853271484375,-714.112548828125,409.77777099609375,X2,X2
1.0970881694153788e-14,327.51824951171875,6.082916259765625,-779.2843017578125,321.435302734375,X1,X2
2.1754663994506803e-18,407.92486572265625,1.231964111328125,-741.9796142578125,406.69287109375,X2,X2
1.2379320349672595e-18,412.799072265625,0.46820068359375,-677.5582275390625,412.33087158203125,X2,X2
1.1712081262780453e-14,325.95269775390625,5.171112060546875,-678.439697265625,320.78155517578125,X1,X2
1.3200257816552379e-18,412.8096923828125,1.12091064453125,-629.2572631835938,411.6888122558594,X2,X2
1.6480648296808783e-18,410.8638916015625,1.39459228515625,-623.02783203125,409.46929931640625,X2,X2
2.314988478691049e-12,271.9127197265625,3.996551513671875,-632.7249145507812,267.9161682128906,X1,X2
1.6377553675139002e-18,411.434814453125,1.90277099609375,-574.361572265625,409.53204345703125,X2,X2
9.427035195288413e-19,416.74505615234375,1.689697265625,-548.385009765625,415.05535888671875,X2,X2
1.7495743352344273e-14,317.7156982421875,0.947509765625,-605.829833984375,316.7681884765625,X2,X2
1.617261450850016e-18,413.4195556640625,3.761566162109375,-628.6768798828125,409.657958984375,X1,X2
1.5311747999476677e-18,412.530517578125,2.3255615234375,-662.3121337890625,410.2049560546875,X2,X2
1.868799113513996e-18,409.5235595703125,1.31121826171875,-640.434814453125,408.21234130859375,X2,X2
3.1843715615464015e-18,407.751708984375,4.86895751953125,-641.624755859375,402.88275146484375,X1,X2
2.085002825734584e-18,407.84375,0.726165771484375,-683.540771484375,407.11761474609375,X2,X2
1.5501756556058936e-18,410.1318359375,0.050201416015625,-650.8502807617188,410.0816345214844,X2,X2
2.028221632971341e-18,412.044677734375,4.65093994140625,-653.6633911132812,407.3937072753906,X1,X2
1.6523769222141172e-18,409.37127685546875,-0.0718994140625,-644.024658203125,409.44317626953125,X2,X2
3.295225042165839e-06,127.2420654296875,1.011749267578125,-780.8633422851562,126.2303466796875,X2,X2
2.3778034256198913e-14,315.108642578125,1.40850830078125,-700.5966796875,313.70013427734375,X2,X2
1.0134896038456432e-18,419.016357421875,4.68499755859375,-649.0025634765625,414.3313293457031,X1,X2
1.3887841360979426e-18,412.60400390625,1.4229736328125,-650.9075927734375,411.1810302734375,X2,X2
9.23349250953902e-19,416.530029296875,1.267242431640625,-643.2053833007812,415.2627868652344,X2,X2
6.078674771246547e-15,333.1243896484375,5.784515380859375,-692.2164306640625,327.33990478515625,X1,X2
8.909689556827841e-19,415.78448486328125,0.164703369140625,-694.0243530273438,415.6197509765625,X2,X2
1.1015099962249874e-18,413.187744140625,-0.31072998046875,-664.1650390625,413.49847412109375,X2,X2
4.048791653370664e-15,337.17779541015625,5.774261474609375,-600.00439453125,331.403564453125,X1,X2
1.1488154214811294e-18,412.5341796875,-0.5438232421875,-624.1591186523438,413.0780029296875,X2,X2
6.925876278057351e-15,327.7803955078125,1.745269775390625,-652.1646728515625,326.0351257324219,X2,X2
5.8570425787226e-19,419.50537109375,-0.309326171875,-658.86474609375,419.814697265625,X2,X2
2.450888308221013e-14,318.87261962890625,5.4752197265625,-664.8096923828125,313.39739990234375,X1,X2
7.857616113309662e-19,418.6485595703125,1.772216796875,-615.7742919921875,416.8763427734375,X2,X2
1.0101383063343405e-09,209.5020751953125,2.37030029296875,-746.1658935546875,207.13177490234375,X2,X2
2.1078911253730355e-14,319.73846435546875,4.833465576171875,-681.9412841796875,314.905029296875,X1,X2
7.160944615058895e-10,211.358642578125,0.78656005859375,-716.6292724609375,210.57208251953125,X2,X2
2.0351120216658726e-14,317.7286376953125,2.472198486328125,-683.5264892578125,315.25640869140625,X2,X2
8.028901953714666e-19,421.94512939453125,5.284454345703125,-611.9105224609375,416.6606750488281,X1,X2
1.1717330807373704e-18,415.794189453125,2.91375732421875,-625.5339965820312,412.8804626464844,X2,X2
4.8561004106773e-09,192.8751220703125,1.444854736328125,-759.9721069335938,191.4302978515625,X2,X2
2.6698642821847314e-14,312.35693359375,-0.1846923828125,-690.8854370117188,312.5416259765625,X2,X2
8.700408725948862e-19,422.07196044921875,6.214508056640625,-623.6444702148438,415.8574523925781,X1,X2
3.6698210659560915e-14,310.76727294921875,1.406829833984375,-743.0222778320312,309.3604736328125,X2,X2
6.2250691919202785e-19,421.00341796875,1.798095703125,-643.4609375,419.205322265625,X2,X2
9.194196260563924e-19,420.5225830078125,5.2171630859375,-634.1654052734375,415.305419921875,X1,X2
0.6931471824645996,0.0,0.0,-850.0142822265625,0.0,X2,X2
5.056266445535584e-07,146.1138916015625,1.13922119140625,-775.058837890625,144.97467041015625,X2,X2
1.9352416804480077e-12,273.630615234375,3.9227294921875,-714.6213989257812,269.7078857421875,X1,X2
3.370437609562238e-14,311.19384765625,0.982391357421875,-692.6009521484375,310.21148681640625,X2,X2
3.7543766381355204e-14,310.45526123046875,1.32257080078125,-695.0534057617188,309.1326904296875,X2,X2
8.079997934127832e-19,418.89007568359375,2.2928466796875,-653.22509765625,416.59722900390625,X2,X2
4.604327529189817e-15,336.6630859375,6.5452880859375,-685.9649658203125,330.1177978515625,X1,X2
5.689501281553047e-19,420.730224609375,0.62530517578125,-565.00048828125,420.10491943359375,X2,X2
8.082587009445123e-19,421.2991943359375,4.70513916015625,-559.265869140625,416.59405517578125,X1,X2
8.055530965584279e-19,418.0614013671875,1.433837890625,-569.3701782226562,416.6275634765625,X2,X2
2.4749292631981055e-15,338.76904296875,2.44342041015625,-662.6968994140625,336.32562255859375,X1,X2
7.438334804418783e-19,418.447265625,1.0225830078125,-630.6736450195312,417.4246826171875,X2,X2
6.322978942113e-19,420.412109375,1.362823486328125,-627.924560546875,419.04925537109375,X2,X2
2.8591061809746243e-14,312.51263427734375,0.65582275390625,-683.1888427734375,311.8568115234375,X2,X2
7.533684430615654e-19,420.50311279296875,3.205780029296875,-616.938720703125,417.2973327636719,X1,X2
5.8608646701404775e-19,420.263916015625,0.455718994140625,-598.1089477539062,419.8081970214844,X2,X2
6.571285839963598e-15,326.57049560546875,0.009857177734375,-624.2893676757812,326.5606689453125,X2,X2
2.819404645593984e-15,341.63226318359375,6.60980224609375,-665.74462890625,335.0224914550781,X1,X2
8.614247008405925e-19,416.9847412109375,1.02777099609375,-593.421875,415.95697021484375,X2,X2
4.9772902813161046e-14,310.00030517578125,3.687286376953125,-642.9462890625,306.31304931640625,X2,X2
3.715889917407832e-15,337.18212890625,4.92059326171875,-672.3807983398438,332.2615661621094,X1,X2
4.988226347024598e-19,423.29937744140625,1.8790283203125,-670.902587890625,421.42034912109375,X2,X2
1.4627862587662452e-14,320.302734375,1.744232177734375,-729.0026245117188,318.5584716796875,X2,X2
8.8628421828359e-19,417.14385986328125,1.471405029296875,-721.9042358398438,415.6724853515625,X2,X2
5.554736499168025e-19,427.45166015625,7.10699462890625,-699.1065673828125,420.34466552734375,X1,X2
5.780773424317913e-19,422.05657958984375,2.110809326171875,-726.632568359375,419.94580078125,X2,X2
5.790903801882274e-19,423.075439453125,3.147125244140625,-712.893798828125,419.92828369140625,X2,X2
9.109710100749289e-19,421.98760986328125,6.589874267578125,-697.3423461914062,415.3977355957031,X1,X2
2.2349541989774742e-14,315.87200927734375,1.552276611328125,-765.7051391601562,314.3197021484375,X2,X2
7.736385556709656e-19,419.139404296875,2.107574462890625,-706.5736083984375,417.0318298339844,X2,X2
1.8090151772398588e-12,275.58270263671875,5.2003173828125,-799.1871337890625,270.38238525390625,X1,X2
5.4636763214351245e-19,423.4466552734375,2.93670654296875,-724.12548828125,420.50994873046875,X2,X2
8.207484469835435e-09,187.2822265625,1.10003662109375,-822.0050048828125,186.18218994140625,X2,X2
6.554623634828116e-19,420.30194091796875,1.612548828125,-734.0657958984375,418.689453125,X2,X2
3.667083031954092e-15,338.11163330078125,5.71783447265625,-782.0826416015625,332.393798828125,X1,X2
3.5849689883349356e-09,195.1468505859375,0.68170166015625,-812.6527099609375,194.46514892578125,X2,X2
2.6563578336209932e-14,313.1605224609375,0.568206787109375,-744.5009765625,312.59234619140625,X2,X2
0.6931471824645996,39.82635498046875,39.82635498046875,0.0,0.0,X1,X2
1.8749279975891113,-24.4580078125,-7.37359619140625,-48.470367431640625,-17.08441162109375,X1,X2
0.7201141119003296,-1.2523193359375,-0.720062255859375,-40.56181335449219,-0.532257080078125,X2,X2
4.682697772979736,-49.862396240234375,-3.128387451171875,-81.54019165039062,-46.7340087890625,X2,X1
0.8617962598800659,-6.080963134765625,-2.9517822265625,-53.85670471191406,-3.129180908203125,X2,X1
0.6931471824645996,0.0,0.0,-15.8392333984375,0.0,X1,X1
0.4455968737602234,-13.424285888671875,-19.197113037109375,-25.50543212890625,5.7728271484375,X2,X1
0.03198818117380142,28.992462158203125,-5.27105712890625,-56.10105895996094,34.263519287109375,X1,X1
0.13739264011383057,12.7366943359375,-6.4176025390625,-28.15240478515625,19.154296875,X2,X1
0.001315553323365748,41.105743408203125,-25.22265625,-53.65205383300781,66.32839965820312,X2,X1
5.339927673339844,-49.4298095703125,3.92138671875,-68.0323486328125,-53.3511962890625,X1,X2
1.6877117156982422,-3.228515625,11.6036376953125,-50.1934814453125,-14.8321533203125,X2,X2
1.0068767070770264,16.2379150390625,21.759735107421875,-61.54469299316406,-5.521820068359375,X2,X2
1.1285675764083862,-6.2982177734375,1.07928466796875,-40.274688720703125,-7.37750244140625,X4,X2
10.655315399169922,-80.52862548828125,26.0242919921875,-77.74252319335938,-106.55291748046875,X2,X2
0.5225169062614441,7.10528564453125,3.34039306640625,-93.359130859375,3.764892578125,X2,X2
1.2584497928619385,15.56378173828125,24.80621337890625,-121.50186157226562,-9.242431640625,X2,X2
0.028598016127943993,62.48046875,27.079620361328125,-168.2141571044922,35.400848388671875,X2,X2
0.6931471824645996,0.0,0.0,-299.3740539550781,0.0,X2,X2
0.32209354639053345,31.59161376953125,21.9161376953125,-396.36138916015625,9.67547607421875,X2,X2
1.2261702408977726e-07,182.2408447265625,23.098846435546875,-432.60235595703125,159.14199829101562,X1,X2
8.451693247479852e-07,154.74188232421875,14.904632568359375,-488.18609619140625,139.8372802734375,X2,X2
3.1678630421083653e-06,137.83697509765625,11.212432861328125,-531.0333251953125,126.62451171875,X2,X2
2.834991903455375e-07,179.439208984375,28.678619384765625,-542.5836181640625,150.76055908203125,X1,X2
9.76471073954599e-06,135.0328369140625,19.665496826171875,-629.8933715820312,115.3673095703125,X2,X2
3.173214963680948e-06,148.752685546875,22.145050048828125,-561.8555297851562,126.60763549804688,X2,X2
8.139028068399057e-06,132.10540771484375,14.917022705078125,-546.3886108398438,117.1883544921875,X2,X2
7.33314800527296e-06,158.18798828125,39.957000732421875,-592.87890625,118.23101806640625,X1,X2
2.4238365767814685e-06,157.30450439453125,28.0029296875,-645.400390625,129.30157470703125,X2,X2
2.723896159295691e-06,155.9013671875,27.766937255859375,-699.580322265625,128.13446044921875,X2,X2
6.510729144793004e-05,122.5400390625,26.1456298828125,-694.8678588867188,96.3944091796875,X1,X2
0.00047872995492070913,84.886474609375,8.44512939453125,-703.606689453125,76.44134521484375,X2,X2
5.2759314712602645e-05,117.55029296875,19.0528564453125,-757.7903442382812,98.4974365234375,X2,X2
3.825463466000656e-07,176.962646484375,29.198486328125,-782.3590698242188,147.76416015625,X1,X2
2.2823637380042783e-07,179.3916015625,26.4627685546875,-830.9512939453125,152.9288330078125,X2,X2
4.089778826710244e-08,200.767822265625,30.645965576171875,-785.489501953125,170.12188720703125,X1,X2
2.664667952956279e-08,201.171142578125,26.76513671875,-849.3975219726562,174.406005859375,X2,X2
8.920231380216137e-07,147.221435546875,7.9237060546875,-913.4420166015625,139.2977294921875,X2,X2
2.0600105926860124e-05,130.0185546875,22.116546630859375,-900.59423828125,107.90203857421875,X1,X2
3.7665685681531613e-07,173.8594970703125,25.940185546875,-902.018310546875,147.9193115234375,X2,X2
6.539819423778681e-07,166.582275390625,24.180450439453125,-907.0074462890625,142.40185546875,X2,X2
2.091023176831186e-08,206.876220703125,30.04595947265625,-895.440185546875,176.83026123046875,X1,X2
5.1262974011478946e-05,108.68017578125,9.89501953125,-943.8176879882812,98.78515625,X2,X2
1.398352651449386e-07,182.3138427734375,24.48583984375,-920.7499389648438,157.8280029296875,X2,X2
8.637093706909127e-09,211.4710693359375,25.799102783203125,-911.2066040039062,185.6719970703125,X2,X2
4.832299005386176e-09,219.324462890625,27.84503173828125,-920.1424560546875,191.47943115234375,X1,X2
4.6777674356235366e-07,169.39306640625,23.640289306640625,-946.3319091796875,145.75274658203125,X2,X2
5.5362470163800026e-08,184.048095703125,16.954498291015625,-824.8516235351562,167.0936279296875,X2,X2
1.301378027562805e-08,215.9835205078125,34.41094970703125,-821.3533935546875,181.57257080078125,X1,X2
3.817281140072737e-06,145.908203125,21.148529052734375,-864.69140625,124.75970458984375,X2,X2
2.1850364362308028e-07,174.8477783203125,21.483154296875,-873.3216552734375,153.3646240234375,X2,X2
4.933382147243037e-09,220.449951171875,29.177581787109375,-833.1600341796875,191.27239990234375,X1,X2
2.501373728591716e-06,136.913818359375,7.927093505859375,-880.4113159179688,128.9866943359375,X2,X2
1.800979987365281e-08,205.366455078125,27.042938232421875,-868.607421875,178.323486328125,X2,X2
1.0996158650300458e-08,198.4464111328125,15.189178466796875,-910.4647827148438,183.2572021484375,X2,X2
6.19254976186312e-08,190.6282958984375,24.654937744140625,-922.3590087890625,165.97332763671875,X1,X2
2.3370692048274577e-08,193.8001708984375,18.082305908203125,-918.276123046875,175.71783447265625,X2,X2
1.5712261713929365e-08,204.6917724609375,25.003570556640625,-919.1573486328125,179.688232421875,X2,X2
3.0291134045512536e-09,224.005126953125,27.855133056640625,-894.7896728515625,196.14996337890625,X1,X2
1.1071162653308875e-08,208.8505859375,25.661407470703125,-903.4061279296875,183.189208984375,X2,X2
1.0635713465489971e-07,179.1038818359375,18.539276123046875,-915.3680419921875,160.56463623046875,X2,X2
8.066980861087814e-09,210.7069091796875,24.35205078125,-903.5723876953125,186.3548583984375,X1,X2
2.1792523341446213e-08,190.8741455078125,14.4571533203125,-935.2814331054688,176.4169921875,X2,X2
9.507542699793703e-07,155.94970703125,17.28961181640625,-928.4403076171875,138.66009521484375,X2,X2
1.7189254322147463e-06,157.5428466796875,24.80474853515625,-940.4110107421875,132.73809814453125,X2,X2
9.959590840935562e-08,180.0704345703125,18.8489990234375,-999.65185546875,161.221435546875,X1,X2
1.1288294743394545e-08,209.977294921875,26.98223876953125,-943.1023559570312,182.9949951171875,X2,X2
8.932199335731639e-08,181.2398681640625,18.92962646484375,-950.6576538085938,162.3101806640625,X2,X2
1.0025186902851146e-08,212.233642578125,28.051971435546875,-940.041015625,184.181640625,X1,X2
0.6931471824645996,0.0,0.0,-1031.1461181640625,0.0,X2,X2
1.2839957541643798e-08,209.04833984375,27.341278076171875,-944.8551025390625,181.70703125,X2,X2
2.8725889222869228e-08,198.6563720703125,25.001708984375,-949.1159057617188,173.6546630859375,X1,X2
2.187616701121442e-06,143.42041015625,13.09344482421875,-915.4412841796875,130.32696533203125,X2,X2
5.120207333675353e-07,166.267333984375,21.4183349609375,-887.3333740234375,144.8489990234375,X2,X2
2.6873399505689122e-08,203.04638671875,28.725067138671875,-895.5582275390625,174.3212890625,X2,X2
1.0388221838297795e-08,222.40380859375,38.577850341796875,-922.4771728515625,183.825927734375,X1,X2
1.6520468761882512e-06,153.15283203125,20.017913818359375,-875.7474365234375,133.13494873046875,X2,X2
1.8468047358055628e-07,173.36328125,18.31689453125,-900.2785034179688,155.04638671875,X2,X2
6.823976406167276e-08,192.3685302734375,27.36614990234375,-882.123291015625,165.00238037109375,X1,X2
2.3375505975309352e-08,200.0308837890625,24.315093994140625,-913.5809326171875,175.71575927734375,X2,X2
9.052149252397612e-09,211.424560546875,26.221923828125,-932.656005859375,185.20263671875,X2,X2
3.8325191908938905e-09,212.4925537109375,18.695159912109375,-899.031494140625,193.79742431640625,X1,X2
0.6931471824645996,0.0,0.0,-1028.460205078125,0.0,X2,X2
1.0778456349669341e-08,208.654541015625,25.1973876953125,-922.7199096679688,183.4571533203125,X2,X2
1.1180467481608503e-05,136.4998779296875,22.486541748046875,-946.7147216796875,114.01336669921875,X2,X2
1.7192685675126995e-07,185.324462890625,29.5625,-912.3845825195312,155.761962890625,X1,X2
1.6747122799642966e-07,178.17578125,22.151336669921875,-948.9833374023438,156.0245361328125,X2,X2
1.3502442186563712e-07,175.4923095703125,17.314239501953125,-913.2272338867188,158.1781005859375,X2,X2
3.302617201939029e-08,195.840576171875,23.58087158203125,-947.8353881835938,172.2596435546875,X1,X2
8.931734463146768e-09,210.6004638671875,25.263946533203125,-969.6996459960938,185.3365478515625,X2,X2
3.9337696762231644e-06,146.843994140625,22.384918212890625,-1000.1412963867188,124.4591064453125,X2,X2
2.7128166379952745e-08,197.931640625,23.704681396484375,-931.2085571289062,174.2269287109375,X1,X2
2.372703562514289e-07,171.138671875,18.5980224609375,-974.3966674804688,152.5406494140625,X2,X2
0.6931471824645996,0.0,0.0,-1027.2965087890625,0.0,X2,X2
3.896640521361405e-08,195.27099609375,24.665283203125,-999.8953857421875,170.60565185546875,X2,X2
4.739068693027093e-09,227.22314453125,35.54888916015625,-799.3973388671875,191.67425537109375,X1,X2
7.043154059971357e-09,218.242919921875,30.530792236328125,-844.572265625,187.71209716796875,X2,X2
1.0227952884633851e-07,185.306884765625,24.351318359375,-905.7280883789062,160.95556640625,X2,X2
1.3869625092866045e-07,189.7769775390625,31.8671875,-907.0635375976562,157.9097900390625,X1,X2
9.686673685393998e-09,209.78955078125,25.264404296875,-929.8247680664062,184.525146484375,X2,X2
7.550241662102053e-06,141.6595458984375,23.720306396484375,-925.840087890625,117.93927001953125,X2,X2
2.2192301329937436e-09,228.972412109375,29.711334228515625,-878.57958984375,199.26104736328125,X1,X2
3.778115242880631e-08,196.6937255859375,25.779144287109375,-946.0482177734375,170.91455078125,X2,X2
1.4284684368703893e-07,179.732421875,22.117462158203125,-916.0736083984375,157.61492919921875,X1,X2
5.912137002184181e-09,217.34716796875,27.884552001953125,-917.056640625,189.46258544921875,X1,X2
1.538994354177703e-08,202.839599609375,22.944091796875,-851.0447998046875,179.8955078125,X1,X2
1.3287474232015484e-08,205.325439453125,23.960968017578125,-850.232666015625,181.36444091796875,X2,X2
5.0114845606685776e-08,188.42431640625,20.3348388671875,-863.0043334960938,168.0894775390625,X2,X2
2.6594290147841093e-07,174.1068115234375,22.707000732421875,-867.3017578125,151.39984130859375,X2,X2
1.5696747013294043e-08,207.4664306640625,27.768310546875,-905.7045288085938,179.6981201171875,X2,X2
1.1828948487391244e-08,206.071533203125,23.544403076171875,-911.31494140625,182.52716064453125,X2,X2
8.125122974433907e-08,189.0106201171875,25.753448486328125,-919.3859252929688,163.2572021484375,X2,X2
1.0697642665036255e-06,148.164794921875,10.68408203125,-910.3138427734375,137.480712890625,X2,X2
2.9971309878362717e-09,224.557373046875,28.301300048828125,-888.8807373046875,196.256103515625,X2,X2
6.818122528784443e-07,152.15185546875,10.166748046875,-899.9923706054688,141.985107421875,X2,X2
1.5515625761963747e-07,175.57861328125,18.790252685546875,-908.7032470703125,156.788330078125,X1,X2
7.858974804264562e-09,213.62255859375,27.0064697265625,-897.6914672851562,186.6160888671875,X2,X2
2.307211559582356e-07,163.2921142578125,10.4715576171875,-911.8555297851562,152.820556640625,X2,X2
5.36711331733386e-06,146.595458984375,25.243255615234375,-874.0847778320312,121.3521728515625,X1,X2
1.0157033614177635e-07,187.487548828125,26.46240234375,-805.8115234375,161.025146484375,X2,X2
1.224132688548707e-07,182.021728515625,22.863128662109375,-849.5634765625,159.15863037109375,X2,X2
3.198892928324426e-09,232.2408447265625,36.63629150390625,-862.6958618164062,195.6046142578125,X1,X2
1.383305558988468e-08,207.1075439453125,26.14544677734375,-895.0036010742188,180.9620361328125,X2,X2
2.654465163232089e-07,173.8397216796875,22.421234130859375,-840.2115478515625,151.41851806640625,X2,X2
1.7525753293057278e-08,205.55126953125,26.955322265625,-847.0125732421875,178.595947265625,X2,X2
8.509304372239512e-09,210.0435791015625,24.2225341796875,-876.6888427734375,185.821044921875,X1,X2
7.109008492989233e-07,162.26708984375,20.69976806640625,-920.5821533203125,141.56732177734375,X2,X2
1.648513325847034e-08,206.24462890625,27.03656005859375,-881.1578369140625,179.20806884765625,X2,X2
1.516232250864391e-09,236.189453125,33.11907958984375,-907.4212646484375,203.07037353515625,X1,X2
0.6931471824645996,0.0,0.0,-1036.2579345703125,0.0,X2,X2
1.3978028512440233e-08,207.362060546875,26.504241943359375,-880.3363647460938,180.8577880859375,X1,X2
0.6931471824645996,0.0,0.0,-966.4422607421875,0.0,X2,X2
2.2323523296563508e-07,169.450439453125,16.300018310546875,-884.8265380859375,153.150390625,X2,X2
9.352012142471722e-08,187.278076171875,25.427154541015625,-884.8289794921875,161.85089111328125,X1,X2
1.8838539972421131e-06,151.5076904296875,19.685791015625,-914.8388061523438,131.8218994140625,X2,X2
2.7940407676396717e-07,167.146240234375,16.24017333984375,-893.336669921875,150.90606689453125,X2,X2
2.4054768843484453e-08,205.59521484375,30.165863037109375,-891.4299926757812,175.4293212890625,X1,X2
7.696484658481495e-07,159.7545166015625,18.981170654296875,-920.0253295898438,140.7733154296875,X2,X2
5.625049936952564e-08,191.101806640625,24.167266845703125,-882.6087646484375,166.93450927734375,X2,X2
3.595941677758674e-08,201.643310546875,30.234527587890625,-871.847900390625,171.40875244140625,X1,X2
1.175760303340212e-06,160.0511474609375,23.51519775390625,-895.215576171875,136.53594970703125,X2,X2
2.2175726144268992e-08,200.5645751953125,24.3218994140625,-822.5841064453125,176.24267578125,X2,X2
0.6931471824645996,0.0,0.0,-941.162353515625,0.0,X2,X2
5.160366072232137e-07,172.4599609375,27.689117431640625,-833.9354858398438,144.7708740234375,X1,X2
0.6931471824645996,0.0,0.0,-889.4546508789062,0.0,X2,X2
0.6931471824645996,0.0,0.0,-952.2244873046875,0.0,X2,X2
2.6454733959013765e-09,228.1923828125,30.688262939453125,-875.6854248046875,197.504150390625,X1,X2
3.801584380624945e-09,218.62890625,24.750396728515625,-786.3040771484375,193.87847900390625,X2,X2
8.607741364130561e-08,181.83154296875,19.151336669921875,-857.2060546875,162.68017578125,X2,X2
1.063973908976834e-09,238.5626220703125,31.950042724609375,-861.3511962890625,206.612548828125,X1,X2
6.814294124524167e-07,167.073486328125,25.082763671875,-897.1928100585938,141.99072265625,X2,X2
0.6931471824645996,0.0,0.0,-925.20947265625,0.0,X2,X2
3.190328641267115e-07,170.843017578125,21.2633056640625,-917.0715942382812,149.5797119140625,X2,X2
1.8509297206037445e-08,205.6068115234375,27.556884765625,-902.8700561523438,178.0499267578125,X1,X2
6.720154033246217e-08,181.89892578125,16.743194580078125,-945.1260986328125,165.15570068359375,X2,X2
1.0385884152697145e-08,207.8858642578125,24.057647705078125,-897.8714599609375,183.82818603515625,X2,X2
5.533636215915294e-09,217.068359375,26.944183349609375,-927.2926025390625,190.12420654296875,X1,X2
8.999731448966486e-08,184.2109375,21.97607421875,-937.6144409179688,162.23486328125,X2,X2
0.00019207080185879022,92.9857177734375,7.41021728515625,-984.0706787109375,85.57550048828125,X2,X2
4.539839082440267e-08,191.4539794921875,22.376129150390625,-947.2515869140625,169.077880859375,X1,X2
2.383767183644636e-09,226.785888671875,28.24005126953125,-875.70947265625,198.54583740234375,X2,X2
9.309247417377264e-08,181.454833984375,19.55810546875,-942.8192138671875,161.896728515625,X2,X2
0.6931471824645996,0.0,0.0,-1081.1527099609375,0.0,X2,X2
4.820237542446648e-10,246.096435546875,31.566162109375,-898.5225830078125,214.5302734375,X1,X2
3.3420189282651336e-08,198.0623779296875,25.92132568359375,-919.875244140625,172.14105224609375,X2,X2
1.381172776149242e-08,216.95751953125,35.980010986328125,-824.6524658203125,180.97747802734375,X1,X2
5.591739338228763e-08,194.6708984375,27.677001953125,-838.0231323242188,166.993896484375,X2,X2
9.539698808680441e-09,204.7039794921875,20.02593994140625,-773.7005615234375,184.67803955078125,X2,X2
8.369203108316015e-09,220.8095703125,34.822509765625,-872.4591064453125,185.987060546875,X1,X2
1.221386298766447e-07,181.95458984375,22.773468017578125,-914.3299560546875,159.18109130859375,X2,X2
1.702244745160897e-08,198.001953125,19.1146240234375,-799.7943115234375,178.8873291015625,X2,X2
0.6931471824645996,0.0,0.0,-928.6927490234375,0.0,X2,X2
5.204190967056377e-10,240.95654296875,27.192657470703125,-905.6585693359375,213.76385498046875,X1,X2
0.6931471824645996,0.0,0.0,-957.4815673828125,0.0,X2,X2
3.675167725702977e-09,221.743408203125,27.52667236328125,-851.0134887695312,194.2166748046875,X2,X2
4.3781596126279965e-09,220.33154296875,27.86517333984375,-890.21630859375,192.46636962890625,X1,X2
2.70656315137785e-08,199.4132080078125,25.163238525390625,-850.9100341796875,174.25,X2,X2
1.6530211643939197e-09,233.5869140625,31.380340576171875,-884.4354248046875,202.20660400390625,X1,X2
9.596212748874677e-07,164.4366455078125,25.86944580078125,-888.6211547851562,138.5672607421875,X2,X2
0.6931471824645996,0.0,0.0,-928.6956787109375,0.0,X2,X2
0.6931471824645996,0.0,0.0,-898.7750854492188,0.0,X2,X2
7.245110289488821e-09,223.4532470703125,36.02386474609375,-851.7276611328125,187.42938232421875,X1,X2
4.7932427804653344e-08,195.9189453125,27.384246826171875,-827.9515380859375,168.53472900390625,X2,X2
9.854820293142552e-10,234.8291015625,27.450225830078125,-827.192626953125,207.37890625,X2,X2
1.5433977651468922e-08,205.265625,25.39874267578125,-852.18798828125,179.866943359375,X1,X2
0.6931471824645996,0.0,0.0,-952.66455078125,0.0,X2,X2
0.6931471824645996,0.0,0.0,-924.0230712890625,0.0,X2,X2
3.922880686957342e-09,223.669189453125,30.10479736328125,-824.9534912109375,193.56439208984375,X1,X2
9.423199998082055e-09,210.116943359375,25.3160400390625,-845.9038696289062,184.8009033203125,X2,X2
9.318019245085907e-09,211.578857421875,26.66571044921875,-865.530029296875,184.91314697265625,X2,X2
0.00011114821973023936,112.932861328125,21.886962890625,-885.3661499023438,91.0458984375,X2,X2
1.3370242690768919e-09,234.14306640625,29.814910888671875,-838.1607666015625,204.32818603515625,X1,X2
9.068094053432674e-10,236.7755126953125,28.56463623046875,-843.8853759765625,208.21087646484375,X2,X2
5.873651787169365e-09,213.62548828125,24.097564697265625,-898.375732421875,189.52789306640625,X2,X2
1.6197578389665068e-08,204.9178466796875,25.5338134765625,-898.7612915039062,179.384033203125,X1,X2
1.0943635997406886e-09,232.75439453125,26.4234619140625,-883.5908203125,206.3309326171875,X2,X2
2.9908092074037995e-06,154.174072265625,26.97442626953125,-864.602783203125,127.19964599609375,X1,X2
4.4140444077633845e-10,240.9326171875,25.522003173828125,-821.6396484375,215.41058349609375,X2,X2
3.174967622143754e-09,221.75634765625,26.076690673828125,-858.455078125,195.6796875,X2,X2
3.157454520064107e-09,218.9422607421875,23.20733642578125,-803.8019409179688,195.7349853515625,X1,X2
7.79106645865113e-09,212.8209228515625,26.1180419921875,-798.4654541015625,186.702880859375,X2,X2
2.828468836924003e-08,200.2288818359375,26.41943359375,-838.7279663085938,173.8094482421875,X2,X2
6.9713435024709725e-09,215.902099609375,28.087554931640625,-835.9303588867188,187.8145751953125,X2,X2
8.806319229393011e-09,213.6240234375,28.146087646484375,-858.101806640625,185.47796630859375,X2,X2
0.00011045043356716633,112.4788818359375,21.370025634765625,-900.4256591796875,91.10888671875,X1,X2
4.4845842595009344e-09,217.048828125,24.82269287109375,-855.8536987304688,192.2261962890625,X2,X2
1.0370083680655284e-09,231.0447998046875,24.175537109375,-859.7646484375,206.8692626953125,X2,X2
5.392615798349709e-10,239.552978515625,26.144775390625,-900.4741821289062,213.408203125,X2,X2
1.8263969503440336e-10,254.7476806640625,30.512603759765625,-937.920166015625,224.23504638671875,X1,X2
5.434278582683305e-10,238.6646728515625,25.333404541015625,-895.77392578125,213.33123779296875,X2,X2
4.444246082258019e-10,241.996337890625,26.6539306640625,-920.8692016601562,215.3424072265625,X2,X2
1.3368203211072682e-09,226.556396484375,22.22674560546875,-927.6051635742188,204.3297119140625,X1,X2
4.196874792139482e-10,239.536376953125,23.621307373046875,-875.8839111328125,215.91510009765625,X2,X2
7.751671660116699e-08,185.86279296875,22.135101318359375,-898.9158935546875,163.72772216796875,X2,X2
1.2997666831715549e-10,255.22119140625,27.58453369140625,-869.6029052734375,227.63665771484375,X1,X2
2.405814159001096e-10,248.02490234375,26.545257568359375,-882.4631958007812,221.4796142578125,X2,X2
5.2119151661145224e-08,190.4947509765625,22.79742431640625,-896.0858154296875,167.69732666015625,X2,X2
6.528277363138102e-10,235.92333984375,24.42626953125,-881.4547729492188,211.4970703125,X2,X2
1.5126857988434494e-08,197.75732421875,17.689361572265625,-893.2353515625,180.06793212890625,X1,X2
1.2004478522342765e-09,230.527587890625,25.121856689453125,-882.810302734375,205.40570068359375,X2,X2
3.111349844431288e-09,221.5223388671875,25.640228271484375,-855.216796875,195.882080078125,X2,X2
1.5314438606139902e-10,244.640380859375,18.643951416015625,-869.864013671875,225.99639892578125,X1,X2
1.3380779817495636e-09,226.86669921875,22.54638671875,-898.7097778320312,204.3203125,X2,X2
8.896611802811094e-08,173.2646484375,10.91455078125,-903.4671020507812,162.35009765625,X2,X2
1.9467684408969177e-10,252.7064208984375,29.109588623046875,-860.0225219726562,223.5968017578125,X1,X2
3.6410575887657615e-08,182.660888671875,11.3768310546875,-907.60888671875,171.2840576171875,X2,X2
3.7680794595651435e-10,246.201904296875,29.209014892578125,-785.7093505859375,216.99285888671875,X2,X2
5.684688830775997e-10,243.650390625,30.769683837890625,-808.9733276367188,212.8807373046875,X2,X2
7.689121561682555e-11,266.906982421875,34.020721435546875,-802.0267333984375,232.88629150390625,X1,X2
1.5320678059538295e-08,200.897705078125,20.957061767578125,-888.059814453125,179.94061279296875,X2,X2
2.724616365856747e-10,244.186279296875,23.95098876953125,-853.4131469726562,220.2352294921875,X1,X2
2.0046081461444487e-10,247.564453125,24.26043701171875,-839.3870849609375,223.30401611328125,X2,X2
1.9453700872418267e-09,224.08349609375,23.505401611328125,-879.1231689453125,200.578125,X2,X2
3.021245406631401e-11,271.6083984375,29.38079833984375,-886.5332641601562,242.2276611328125,X1,X2
1.191412635215272e-09,226.138671875,20.65740966796875,-858.2249755859375,205.48126220703125,X2,X2
3.801804027148137e-08,192.1331787109375,21.28118896484375,-918.3616943359375,170.85205078125,X2,X2
4.723790691940621e-09,216.56884765625,24.8623046875,-870.3885498046875,191.70654296875,X2,X2
3.5127722952665863e-10,244.8475341796875,27.153106689453125,-861.6687622070312,217.6944580078125,X1,X2
2.134253440644329e-09,222.329833984375,22.6783447265625,-857.8623046875,199.6514892578125,X2,X2
6.755697778970671e-09,211.625732421875,23.4969482421875,-890.5277709960938,188.1287841796875,X2,X2
2.0378377804664005e-11,277.530517578125,31.365081787109375,-809.8341064453125,246.16546630859375,X1,X2
1.595947374255502e-09,218.0931396484375,15.53515625,-842.2532348632812,202.5579833984375,X2,X2
0.6931471824645996,0.0,0.0,-932.745849609375,0.0,X2,X2
5.87682014163704e-10,243.963623046875,31.415283203125,-826.1887817382812,212.54833984375,X1,X2
1.110349145960754e-09,230.19873046875,24.0128173828125,-828.7518920898438,206.1859130859375,X2,X2
1.8358409237251294e-10,249.4737548828125,25.290283203125,-824.9320678710938,224.1834716796875,X2,X2
2.0235726289064004e-11,276.157958984375,29.9222412109375,-826.3848876953125,246.2357177734375,X1,X2
0.6931471824645996,0.0,0.0,-963.4911499023438,0.0,X2,X2
2.6926424978590546e-10,245.381103515625,25.02783203125,-848.8951416015625,220.353271484375,X2,X2
3.402999063095713e-11,267.753662109375,26.715850830078125,-918.0421142578125,241.03778076171875,X1,X2
9.982974447098059e-10,232.3804931640625,25.130828857421875,-941.154052734375,207.24969482421875,X2,X2
1.300928031966464e-09,228.8619384765625,24.26007080078125,-927.15380859375,204.60186767578125,X2,X2
2.5130775238579872e-09,226.0372314453125,28.0196533203125,-863.2301025390625,198.017578125,X1,X2
4.304332723581439e-10,229.37255859375,13.71026611328125,-849.1019287109375,215.66229248046875,X2,X2
1.3774080542816591e-08,198.5826416015625,17.577911376953125,-923.9495239257812,181.0047607421875,X2,X2
1.8247439115270936e-09,224.38330078125,23.165069580078125,-868.090576171875,201.21826171875,X2,X2
1.379741598750428e-10,253.8271484375,26.78765869140625,-898.1259765625,227.03955078125,X2,X2
4.420181539899204e-06,131.974609375,8.681304931640625,-941.390869140625,123.29327392578125,X2,X2
2.538304288979276e-10,248.53076171875,27.58721923828125,-892.6824951171875,220.94354248046875,X2,X2
7.585584853586624e-07,148.248779296875,7.330322265625,-908.280029296875,140.91845703125,X2,X2
3.303963991285741e-09,217.2464599609375,21.965057373046875,-857.1993408203125,195.28143310546875,X2,X2
1.2934560089661318e-09,229.1112060546875,24.45172119140625,-852.7449951171875,204.65948486328125,X2,X2
1.7448056888191843e-10,251.0523681640625,26.36029052734375,-826.2894287109375,224.69207763671875,X2,X2
3.015037108866636e-09,217.7135009765625,21.5169677734375,-760.1056518554688,196.196533203125,X2,X2
2.908831786552213e-10,249.2264404296875,29.645416259765625,-777.60693359375,219.58099365234375,X2,X2
2.5220267541037344e-10,255.860107421875,34.852264404296875,-773.648681640625,221.00787353515625,X2,X2
3.792138825176039e-10,243.245849609375,26.316650390625,-745.6521606445312,216.92919921875,X1,X2
5.568180916348808e-10,238.7679443359375,25.68011474609375,-744.5025634765625,213.08782958984375,X1,X2
1.2887108047365814e-09,234.746337890625,30.050140380859375,-752.61572265625,204.69622802734375,X1,X2
1.0007862982774895e-07,183.5869140625,22.413818359375,-787.47119140625,161.173095703125,X1,X2
3.2701258367850983e-10,246.4189453125,28.008697509765625,-804.83984375,218.41021728515625,X1,X2
6.302598998253472e-10,235.838623046875,23.98974609375,-816.8173217773438,211.848876953125,X2,X2
4.711110390687168e-10,237.000244140625,22.240966796875,-808.9244995117188,214.75927734375,X1,X2
1.7345890002129494e-10,249.9461669921875,25.19537353515625,-832.4552001953125,224.75079345703125,X2,X2
1.1486827045104064e-09,219.2052001953125,13.35870361328125,-833.8604736328125,205.84649658203125,X2,X2
2.690041078778904e-09,216.19677734375,18.85968017578125,-841.36328125,197.33709716796875,X2,X2
1.1852639758558325e-08,203.53173828125,21.024566650390625,-849.0078125,182.50714111328125,X1,X2
1.9399897244198883e-09,228.886962890625,28.28118896484375,-827.9609985351562,200.6058349609375,X2,X2
5.085808996163621e-10,240.4544677734375,26.460540771484375,-829.4464111328125,213.99395751953125,X2,X2
3.3926639275705384e-10,253.4989013671875,35.456512451171875,-800.8226928710938,218.0423583984375,X1,X2
1.9673067619407902e-09,227.686279296875,27.220245361328125,-839.6900634765625,200.46600341796875,X2,X2
1.2744281718823913e-07,174.8363037109375,16.080322265625,-890.4641723632812,158.7559814453125,X2,X2
8.332162737545445e-11,250.8365478515625,18.753387451171875,-858.5223999023438,232.0831298828125,X1,X2
7.453640371579695e-09,205.5101318359375,18.364532470703125,-895.4443969726562,187.1456298828125,X2,X2
1.0775204062341004e-09,221.231201171875,14.745147705078125,-880.5682373046875,206.48602294921875,X2,X2
0.6931471824645996,0.0,0.0,-1003.2832641601562,0.0,X2,X2
8.449153598988346e-10,227.6917724609375,18.77392578125,-922.7440795898438,208.9178466796875,X1,X2
1.359501400344243e-10,252.1875,25.0001220703125,-933.2301025390625,227.18731689453125,X2,X2
1.5217710425119435e-10,251.4296875,25.36993408203125,-940.903076171875,226.05975341796875,X2,X2
7.348887470781662e-11,261.84765625,28.508758544921875,-917.373046875,233.3388671875,X1,X2
4.774019721209832e-11,264.1878662109375,26.535430908203125,-921.2135620117188,237.6524658203125,X1,X2
6.471898927884467e-08,186.068603515625,20.53643798828125,-906.8571166992188,165.5321044921875,X2,X2
4.27414121872971e-08,187.380859375,17.6998291015625,-961.9879150390625,169.68096923828125,X1,X2
2.1023694937727377e-11,275.2841796875,29.430511474609375,-886.9141845703125,245.85369873046875,X1,X2
2.5812538217984127e-10,240.3662109375,19.5904541015625,-878.5924682617188,220.7757568359375,X1,X2
8.499729808875145e-10,238.8431396484375,29.9849853515625,-807.07763671875,208.858154296875,X1,X2
2.2739461702503405e-10,260.18292236328125,38.139556884765625,-732.6345825195312,222.0433349609375,X1,X2
6.258062401620634e-10,232.9388427734375,21.019012451171875,-788.2981567382812,211.9197998046875,X1,X2
1.483119405065736e-08,195.4417724609375,15.176483154296875,-826.6024169921875,180.26531982421875,X1,X2
1.5576456791066562e-09,221.29248046875,18.491607666015625,-789.8892211914062,202.8009033203125,X1,X2
2.177683866566582e-10,245.4588623046875,22.98297119140625,-854.6302490234375,222.47589111328125,X1,X2
2.516707398036999e-10,248.485107421875,27.45611572265625,-836.9422607421875,221.02899169921875,X1,X2
2.643428011206428e-11,271.89013671875,28.326568603515625,-798.2572631835938,243.5635986328125,X1,X2
3.013354188396988e-08,196.3206787109375,23.1444091796875,-900.69189453125,173.17626953125,X2,X2
2.5414678694879456e-10,247.615478515625,26.684417724609375,-893.77734375,220.93109130859375,X2,X2
3.254726379964268e-06,134.6982421875,8.344268798828125,-888.821533203125,126.35400390625,X2,X2
1.6704829519653686e-08,188.435302734375,9.359619140625,-908.8212890625,179.07568359375,X2,X2
5.778421741098327e-09,207.2022705078125,17.51092529296875,-833.9185791015625,189.69134521484375,X2,X2
1.44652699418657e-06,151.304443359375,16.84100341796875,-845.466064453125,134.46343994140625,X2,X2
1.0833893782091764e-09,224.8385009765625,18.40679931640625,-826.728515625,206.43170166015625,X2,X2
1.3437781443137453e-10,253.5888671875,26.285186767578125,-852.8499755859375,227.30364990234375,X2,X2
3.060368181095896e-09,219.4998779296875,23.45257568359375,-852.1458740234375,196.04730224609375,X2,X2
3.1427985214271814e-10,245.6087646484375,26.8013916015625,-842.4886474609375,218.807373046875,X2,X2
1.2466406795752505e-09,222.730712890625,17.70257568359375,-814.4576416015625,205.02813720703125,X2,X2
1.6472614383644668e-09,217.4449462890625,15.20343017578125,-802.93359375,202.24151611328125,X2,X2
2.1518462567371444e-09,218.821044921875,19.25164794921875,-861.0260009765625,199.56939697265625,X2,X2
8.388216232724233e-10,221.3836669921875,12.3934326171875,-856.3140258789062,208.990234375,X2,X2
8.150797015105127e-08,171.2989501953125,8.07330322265625,-893.966064453125,163.22564697265625,X2,X2
0.6931471824645996,0.0,0.0,-831.566650390625,0.0,X2,X2
2.1771988656382746e-09,222.5904541015625,23.138214111328125,-736.5761108398438,199.4522705078125,X2,X2
3.0012841101267895e-09,223.4906005859375,27.24835205078125,-754.0892333984375,196.24224853515625,X2,X2
4.030018263545543e-10,247.2025146484375,30.88165283203125,-802.449951171875,216.32080078125,X2,X2
2.3006860860874667e-09,223.0440673828125,24.143524169921875,-844.505615234375,198.90057373046875,X2,X2
0.6931471824645996,0.0,0.0,-907.4994506835938,0.0,X2,X2
1.7938953100760102e-10,251.2293701171875,26.81475830078125,-799.7579345703125,224.41461181640625,X2,X2
3.590263364383617e-10,242.1580810546875,24.68182373046875,-794.9217529296875,217.47625732421875,X2,X2
4.5817678540061024e-08,184.9281005859375,15.942138671875,-828.0394287109375,168.9859619140625,X2,X2
1.065808078237751e-06,153.6593017578125,16.14154052734375,-885.8421630859375,137.51776123046875,X2,X2
3.4180374086645315e-08,189.4378662109375,17.521728515625,-858.0712280273438,171.9161376953125,X2,X2
8.566982123703326e-10,234.086669921875,25.30731201171875,-848.301025390625,208.77935791015625,X2,X2
1.4871999465260188e-10,250.292724609375,24.003173828125,-863.9287109375,226.28955078125,X2,X2
1.962520812526236e-09,218.57763671875,18.087310791015625,-876.8154907226562,200.4903564453125,X2,X2
1.7249032202570902e-09,226.2410888671875,24.46014404296875,-880.8150634765625,201.78094482421875,X2,X2
2.8927038542292394e-10,245.3876953125,25.7510986328125,-864.3005981445312,219.6365966796875,X2,X2
2.086666395229031e-10,245.1749267578125,22.272064208984375,-825.2587890625,222.90283203125,X1,X2
4.2268612787665916e-07,169.4461669921875,22.679840087890625,-890.158203125,146.766357421875,X2,X2
1.8266756163232145e-10,250.9547119140625,26.72119140625,-861.9694213867188,224.2335205078125,X2,X2
2.8539606233835002e-08,202.482666015625,28.762939453125,-854.6175537109375,173.7197265625,X1,X2
1.9750781010685614e-09,225.2117919921875,24.78521728515625,-860.5023193359375,200.42657470703125,X2,X2
2.0802732869640295e-09,225.7147216796875,25.80706787109375,-797.45751953125,199.90765380859375,X2,X2
5.364773070226647e-10,245.9873046875,32.527374267578125,-791.7203369140625,213.4599609375,X1,X2
1.8595230910634086e-10,253.4853515625,29.4300537109375,-821.7154541015625,224.0552978515625,X2,X2
2.115102461175411e-06,142.7637939453125,12.0997314453125,-897.610107421875,130.6640625,X2,X2
1.3865989467731765e-09,224.967041015625,21.0029296875,-884.4511108398438,203.964111328125,X2,X2
4.959411548099979e-09,217.1531982421875,25.933380126953125,-899.0152587890625,191.21978759765625,X1,X2
2.2174899416693705e-10,248.978515625,26.68377685546875,-849.7049560546875,222.29473876953125,X2,X2
0.6931471824645996,0.0,0.0,-940.0602416992188,0.0,X2,X2
2.171975932441228e-10,247.5218505859375,25.019744873046875,-829.881103515625,222.50213623046875,X1,X2
1.7679852026830645e-09,225.396484375,23.862213134765625,-833.4405517578125,201.53424072265625,X2,X2
4.443161116807204e-10,240.19091796875,24.84613037109375,-875.8742065429688,215.3448486328125,X2,X2
2.3633167645087383e-10,248.415771484375,26.7579345703125,-847.0343627929688,221.6578369140625,X1,X2
3.955664240606893e-08,184.718505859375,14.26312255859375,-885.0137939453125,170.455322265625,X2,X2
1.1345972161791451e-08,203.715087890625,20.771026611328125,-884.4168701171875,182.94403076171875,X2,X2
1.8121078249055955e-10,249.44677734375,25.1331787109375,-856.8616333007812,224.3135986328125,X2,X2
2.6149093307337168e-11,275.4547119140625,31.78265380859375,-853.6151123046875,243.67205810546875,X1,X2
1.684395678491768e-10,250.2139892578125,25.1695556640625,-838.9535522460938,225.04443359375,X2,X2
6.416642217565993e-10,238.494140625,26.824615478515625,-845.1813354492188,211.6695556640625,X2,X2
3.545240837010688e-11,271.609130859375,30.9808349609375,-830.4131469726562,240.6282958984375,X1,X2
3.393988023958627e-08,194.257568359375,22.270843505859375,-829.277587890625,171.98675537109375,X2,X2
6.460795454188428e-09,211.618408203125,23.043304443359375,-819.6143798828125,188.57513427734375,X2,X2
2.9037470344883687e-11,272.0511474609375,29.42681884765625,-810.085205078125,242.62432861328125,X1,X2
2.000384746736472e-09,218.419921875,18.120697021484375,-835.7940673828125,200.29925537109375,X2,X2
2.4646824385854416e-06,142.73828125,13.603790283203125,-879.8172607421875,129.13446044921875,X2,X2
2.9884986152417525e-10,245.21142578125,25.900634765625,-803.270263671875,219.310791015625,X2,X2
3.282278268623706e-11,276.9036865234375,35.50469970703125,-712.5411376953125,241.39898681640625,X1,X2
6.176338551711069e-09,210.2271728515625,21.2017822265625,-770.2317504882812,189.025390625,X2,X2
4.27192753393868e-10,247.3194580078125,31.58160400390625,-805.3048095703125,215.73785400390625,X2,X2
2.445753155555508e-09,228.862060546875,30.572906494140625,-773.1353759765625,198.28912353515625,X1,X2
1.6598044050297744e-09,220.940185546875,18.774566650390625,-844.3119506835938,202.1656494140625,X2,X2
5.864637109276316e-10,238.476806640625,25.90771484375,-774.6795043945312,212.569091796875,X2,X2
1.2845412511452992e-09,229.3018798828125,24.573272705078125,-816.3899536132812,204.7286376953125,X1,X2
1.7291880427539041e-10,249.5758056640625,24.793853759765625,-821.09716796875,224.781982421875,X2,X2
3.6816785176085887e-09,212.47265625,18.273651123046875,-820.81884765625,194.198974609375,X2,X2
1.3868758919066693e-10,253.62890625,26.64093017578125,-866.5428466796875,226.98797607421875,X2,X2
8.689060138067362e-09,208.6849365234375,23.07293701171875,-882.5189208984375,185.61199951171875,X1,X2
3.1329711047689557e-10,243.5333251953125,24.69464111328125,-856.2568359375,218.83868408203125,X2,X2
2.7576496641756876e-09,222.079833984375,24.990966796875,-889.6912841796875,197.0888671875,X2,X2
7.006321744995603e-09,215.3480224609375,27.583465576171875,-880.2428588867188,187.7645263671875,X1,X2
2.802763576781331e-10,246.21630859375,26.26385498046875,-891.7320556640625,219.95245361328125,X2,X2
4.638161854586542e-09,213.1654052734375,21.27593994140625,-894.6417236328125,191.88946533203125,X2,X2
1.4423477169567267e-11,281.8885498046875,32.266876220703125,-862.7513427734375,249.62164306640625,X1,X2
1.166444829614477e-09,226.452880859375,20.759857177734375,-842.486083984375,205.69305419921875,X2,X2
2.0780238640938364e-10,248.50341796875,25.55908203125,-841.8052368164062,222.9443359375,X2,X2
1.4773583745242291e-10,249.954345703125,23.598419189453125,-850.4698486328125,226.35595703125,X1,X2
3.842673379494954e-08,189.21044921875,18.46533203125,-894.263916015625,170.7451171875,X2,X2
8.66417770861716e-11,258.8739013671875,27.1815185546875,-879.9426879882812,231.6923828125,X2,X2
1.80614509459609e-10,253.040771484375,28.6942138671875,-863.8180541992188,224.3465576171875,X1,X2
2.04267429637639e-08,195.73095703125,18.666748046875,-898.8180541992188,177.064208984375,X2,X2
2.5650896517959154e-08,199.2288818359375,24.4420166015625,-822.3005981445312,174.786865234375,X2,X2
7.192116235898993e-09,223.1826171875,35.679840087890625,-810.2647094726562,187.5028076171875,X1,X2
5.538124181470039e-09,219.5001220703125,29.384002685546875,-800.8723754882812,190.1160888671875,X2,X2
2.1883805878530893e-10,251.291015625,28.8641357421875,-735.4766235351562,222.4268798828125,X2,X2
4.968242484082452e-10,233.2637939453125,19.035980224609375,-740.9293212890625,214.22784423828125,X1,X2
4.87099827140014e-09,211.308837890625,19.909210205078125,-778.3970947265625,191.399658203125,X2,X2
1.112964120864035e-08,191.49365234375,8.35711669921875,-855.3966064453125,183.13653564453125,X2,X2
3.24573767862546e-09,213.9134521484375,18.454193115234375,-773.950439453125,195.459228515625,X1,X2
1.8228331344349868e-10,249.3751220703125,25.12054443359375,-757.50732421875,224.25457763671875,X2,X2
1.3986493907491848e-10,252.890625,25.987152099609375,-788.8843383789062,226.9034423828125,X2,X2
1.642111967237181e-11,276.374755859375,28.05023193359375,-811.4000244140625,248.32452392578125,X1,X2
2.37064989860869e-09,221.603271484375,23.00225830078125,-851.9720458984375,198.60101318359375,X2,X2
6.234044391817406e-10,238.226318359375,26.268035888671875,-848.8746337890625,211.958251953125,X2,X2
2.5118171986804327e-09,215.34716796875,17.32464599609375,-876.1267700195312,198.0225830078125,X2,X2
1.825633404450855e-07,171.172119140625,16.01043701171875,-903.3603515625,155.16168212890625,X1,X2
0.6931471824645996,0.0,0.0,-976.2562866210938,0.0,X2,X2
1.221092255088152e-10,254.1466064453125,25.88555908203125,-826.6513671875,228.26104736328125,X2,X2
1.6198728122751582e-11,277.7041015625,29.243255615234375,-858.98193359375,248.46087646484375,X1,X2
8.400344597703224e-08,172.5093994140625,9.5853271484375,-853.106689453125,162.924072265625,X2,X2
2.7347704101288173e-09,213.91162109375,16.73944091796875,-863.450439453125,197.17218017578125,X2,X2
1.0605271522079462e-10,259.881103515625,30.210235595703125,-822.9803466796875,229.67083740234375,X1,X2
2.8364470772146433e-09,215.978515625,19.17138671875,-801.3238525390625,196.80712890625,X2,X2
6.011174491504789e-07,155.692626953125,12.4478759765625,-821.4178466796875,143.2447509765625,X2,X2
4.6226912076008375e-08,179.588134765625,10.691131591796875,-726.547119140625,168.89703369140625,X2,X2
1.5088057192524928e-10,261.319091796875,35.17376708984375,-693.2650146484375,226.14532470703125,X1,X2
1.0711342213198805e-07,172.8394775390625,12.345703125,-818.7728881835938,160.4937744140625,X2,X2
1.848955433203514e-10,247.9910888671875,23.878753662109375,-793.18115234375,224.1123046875,X1,X2
8.365862447234917e-10,229.4466552734375,20.42974853515625,-774.4727783203125,209.01690673828125,X2,X2
1.68824421109548e-08,191.811279296875,12.841400146484375,-792.6075439453125,178.96990966796875,X2,X2
1.7199406829315755e-11,276.46044921875,28.599029541015625,-767.1329956054688,247.8614501953125,X1,X2
1.91645233016402e-09,219.06982421875,18.341949462890625,-851.7544555664062,200.7279052734375,X2,X2
1.7382353889594526e-10,252.142333984375,27.41253662109375,-776.912353515625,224.72979736328125,X2,X2
1.7676032859625934e-10,249.6248779296875,25.0626220703125,-758.4085693359375,224.562255859375,X2,X2
4.5126055669975074e-10,242.3763427734375,27.186553955078125,-772.847412109375,215.18975830078125,X1,X2
2.6174431695835665e-05,113.3876953125,7.880523681640625,-844.03173828125,105.50714111328125,X2,X2
0.6931471824645996,0.0,0.0,-884.8876342773438,0.0,X2,X2
0.6931471824645996,-8.83380126953125,-8.83380126953125,0.0,0.0,X1,X2
0.6603299379348755,-1.05218505859375,-1.71966552734375,20.24310302734375,0.66748046875,X1,X1
1.2769696712493896,0.62493896484375,10.1251220703125,31.94000244140625,-9.50018310546875,X2,X1
0.0613270029425621,-20.380584716796875,-47.98773193359375,52.31547546386719,27.607147216796875,X2,X1
0.5838881731033325,1.3302001953125,-0.989166259765625,43.57853698730469,2.319366455078125,X1,X1
0.9230960607528687,10.0556640625,14.223480224609375,106.77815246582031,-4.167816162109375,X1,X1
0.8284415006637573,6.614959716796875,9.159423828125,108.27369689941406,-2.544464111328125,X2,X1
4.541126728057861,21.144683837890625,66.44876098632812,84.1566162109375,-45.3040771484375,X2,X1
1.3030674457550049,-7.3109130859375,2.54937744140625,44.019866943359375,-9.86029052734375,X1,X1
0.004833912011235952,34.1737060546875,-19.12310791015625,59.1522216796875,53.29681396484375,X2,X1
4.6636576652526855,-25.8460693359375,20.69573974609375,52.155853271484375,-46.54180908203125,X2,X2
2.784152030944824,-21.91644287109375,5.287353515625,65.17819213867188,-27.20379638671875,X2,X2
8.328980766236782e-05,43.21319580078125,-50.718231201171875,47.66883850097656,93.93142700195312,X2,X1
0.0021143320482224226,68.5404052734375,6.9608154296875,20.702972412109375,61.57958984375,X2,X1
2.352583885192871,-80.43630981445312,-57.9100341796875,88.12806701660156,-22.526275634765625,X1,X2
0.00678956788033247,53.3814697265625,3.49176025390625,75.30068969726562,49.88970947265625,X2,X1
10.351557731628418,-47.40142822265625,56.11383056640625,33.282623291015625,-103.5152587890625,X1,X2
4.810133457183838,8.32391357421875,56.34344482421875,63.86859130859375,-48.01953125,X1,X2
0.01666511781513691,75.350830078125,34.489898681640625,39.48320007324219,40.860931396484375,X2,X2
0.6931471824645996,0.0,0.0,-46.70367431640625,0.0,X2,X2
0.00012116771540604532,109.83758544921875,19.65484619140625,-50.49951171875,90.1827392578125,X2,X2
0.000160022042109631,129.14349365234375,41.7423095703125,-63.235260009765625,87.40118408203125,X2,X2
1.3846880619894364e-07,173.17950439453125,15.2532958984375,-60.618743896484375,157.92620849609375,X2,X2
3.5103460049867863e-07,186.66946411132812,38.045654296875,-72.58683776855469,148.62380981445312,X2,X2
0.00011153767991345376,100.63568115234375,9.624755859375,-108.31100463867188,91.01092529296875,X2,X2
9.617325602562232e-09,215.9547119140625,31.35772705078125,-82.17245483398438,184.59698486328125,X2,X2
0.00020413033780641854,95.0914306640625,10.12493896484375,-158.58193969726562,84.96649169921875,X2,X2
8.517650584849434e-09,238.73492431640625,52.923675537109375,-158.1930389404297,185.81124877929688,X1,X2
3.279874817962991e-06,130.526123046875,4.24908447265625,-209.59292602539062,126.27703857421875,X2,X2
1.5718001900033585e-10,262.03509521484375,36.298797607421875,-184.70274353027344,225.73629760742188,X2,X2
6.822707399045669e-10,256.125732421875,45.069793701171875,-199.6911163330078,211.05593872070312,X1,X2
5.98990371192265e-11,295.1334228515625,59.74981689453125,-193.80331420898438,235.38360595703125,X2,X2
1.0898735069986287e-07,199.81121826171875,39.490875244140625,-247.6061248779297,160.32034301757812,X2,X2
9.91298861663381e-07,188.60540771484375,50.3629150390625,-256.5813293457031,138.24249267578125,X1,X2
5.108058767633317e-11,275.92913818359375,38.952972412109375,-214.37648010253906,236.97616577148438,X2,X2
2.6540374065131545e-11,302.50439453125,58.980865478515625,-210.56239318847656,243.52352905273438,X2,X2
0.0019699600525200367,68.054443359375,5.766876220703125,-310.7276611328125,62.287567138671875,X2,X2
2.6941640650195164e-13,306.34454345703125,16.91937255859375,-222.80035400390625,289.4251708984375,X1,X2
5.813841704067901e-13,303.3822021484375,21.6485595703125,-207.008544921875,281.733642578125,X2,X2
0.6931471824645996,0.0,0.0,-266.08709716796875,0.0,X2,X2
7.335258800367228e-08,190.6397705078125,26.359893798828125,-120.84114074707031,164.27987670898438,X1,X2
1.2564583812491037e-05,174.4814453125,61.635223388671875,-105.86647033691406,112.84622192382812,X2,X2
0.0004515741893555969,140.64031982421875,63.6148681640625,-107.21405029296875,77.02545166015625,X2,X2
0.0005683208000846207,75.76812744140625,1.042724609375,-109.53604125976562,74.72540283203125,X1,X2
2.9412627888802945e-10,287.04193115234375,67.57180786132812,-164.84532165527344,219.47012329101562,X2,X2
1.7198233194016567e-14,386.2449951171875,69.3052978515625,-272.0059814453125,316.939697265625,X2,X2
4.739365730336054e-17,446.1517333984375,70.27130126953125,-263.5449523925781,375.88043212890625,X2,X2
1.854538028615093e-19,462.9351806640625,31.620361328125,-275.72979736328125,431.3148193359375,X1,X2
2.028336817871639e-19,489.567626953125,59.14862060546875,-313.7647399902344,430.41900634765625,X2,X2
0.6931471824645996,0.0,0.0,-570.4679565429688,0.0,X2,X2
2.8016401359811476e-22,551.2530517578125,54.98638916015625,-327.3208312988281,496.26666259765625,X1,X2
2.069634569279302e-21,543.3679809570312,67.09884643554688,-343.0142822265625,476.2691345214844,X2,X2
1.9385696591454786e-20,520.3699340820312,66.472412109375,-359.3533020019531,453.89752197265625,X2,X2
3.2364107264741214e-23,544.6244506835938,26.774505615234375,-353.5452575683594,517.8499145507812,X1,X2
1.0502668873479948e-10,248.0123291015625,18.2442626953125,-500.27020263671875,229.76806640625,X2,X2
1.969412025325056e-21,534.941650390625,58.1761474609375,-391.86273193359375,476.7655029296875,X2,X2
2.2913705332913043e-17,429.0455322265625,45.8975830078125,-422.7860107421875,383.14794921875,X2,X2
1.624831597625691e-24,580.3577880859375,32.591461181640625,-352.7711181640625,547.766357421875,X1,X2
1.60781050522364e-21,538.11962890625,59.32550048828125,-399.8359680175781,478.79412841796875,X2,X2
1.6118075435235373e-22,568.95361328125,67.158447265625,-392.886962890625,501.795166015625,X2,X2
4.354530932266484e-25,621.354736328125,60.420654296875,-364.82257080078125,560.93408203125,X1,X2
1.4275179609225116e-24,601.44970703125,52.388641357421875,-381.6805419921875,549.06103515625,X1,X2
6.581971403238243e-23,568.9033813476562,58.152130126953125,-409.46728515625,510.751220703125,X2,X2
3.9370763892680234e-21,532.5265502929688,62.6881103515625,-432.91339111328125,469.8384704589844,X2,X2
3.3772949732593524e-23,582.8606567382812,65.43682861328125,-384.3865966796875,517.423828125,X2,X2
7.144133898859432e-26,631.454833984375,52.44561767578125,-315.2662658691406,579.0092163085938,X1,X2
7.226896116603905e-23,568.1475219726562,58.3310546875,-413.7037658691406,509.81646728515625,X2,X2
1.1121592769696733e-24,598.3561401367188,46.798797607421875,-371.7578125,551.557373046875,X1,X2
4.859913290689741e-22,536.3873291015625,45.628814697265625,-419.84246826171875,490.7585144042969,X2,X2
2.1577737584059303e-23,578.458984375,56.555145263671875,-410.841796875,521.90380859375,X2,X2
6.302271401568884e-26,626.4020385742188,46.1390380859375,-393.0323181152344,580.2630004882812,X1,X2
0.6931471824645996,0.0,0.0,-680.8524169921875,0.0,X2,X2
3.932314155890062e-23,573.17138671875,57.269134521484375,-426.0867004394531,515.9022827148438,X2,X2
6.401524204334368e-24,561.8685302734375,27.8134765625,-410.6080322265625,534.0550537109375,X1,X2
4.483400204265084e-22,552.7107543945312,61.145843505859375,-434.863037109375,491.5649108886719,X2,X2
3.5924245996334503e-23,580.5574951171875,63.751220703125,-422.51947021484375,516.8062744140625,X2,X2
3.571750764118142e-23,574.15625,57.292266845703125,-426.2388916015625,516.864013671875,X2,X2
1.6572776438726574e-23,584.7515869140625,60.20880126953125,-422.3159484863281,524.5427856445312,X2,X2
1.2251010161004901e-20,504.5877685546875,46.100982666015625,-430.7130126953125,458.4867858886719,X2,X2
3.9595551795552442e-25,582.4210205078125,20.53607177734375,-355.3243103027344,561.8849487304688,X1,X2
0.6931471824645996,0.0,0.0,-683.7506713867188,0.0,X2,X2
5.960432703135749e-26,631.9756469726562,51.15496826171875,-402.92864990234375,580.8206787109375,X1,X2
1.0752123146193477e-21,544.1041259765625,61.28643798828125,-434.8504333496094,482.81768798828125,X2,X2
2.858073351874486e-23,590.2047119140625,71.11163330078125,-407.2879333496094,519.0930786132812,X2,X2
1.8599125023689598e-22,558.1912231445312,57.82781982421875,-427.14056396484375,500.3634033203125,X2,X2
8.560624249928343e-26,603.8702392578125,26.66986083984375,-391.0747375488281,577.2003784179688,X1,X2
4.993635591242812e-18,422.66229248046875,24.27862548828125,-475.2618408203125,398.3836669921875,X2,X2
1.1925932057680682e-19,476.14801025390625,40.41815185546875,-469.92584228515625,435.7298583984375,X2,X2
6.893341705061897e-25,590.6522216796875,34.311553955078125,-397.94488525390625,556.3406982421875,X1,X2
0.6931471824645996,593.9691162109375,593.9691162109375,0.0,0.0,X2,X2
1.012851313930696e-08,822.701416015625,638.622314453125,-82.8896484375,184.0791015625,X1,X2
1.8794323750626063e-06,586.8526000976562,455.0072021484375,-174.37258911132812,131.84539794921875,X2,X2
3.5694294742150134e-11,792.5309448242188,551.9706420898438,-151.8717041015625,240.560302734375,X2,X2
7.32539473524696e-10,800.4736938476562,590.128662109375,-190.71517944335938,210.34503173828125,X2,X2
1.2712817465398984e-07,680.7159423828125,521.9352416992188,-235.84793090820312,158.78070068359375,X1,X2
2.023980960075278e-05,515.831787109375,407.7532958984375,-277.90887451171875,108.0784912109375,X2,X2
2.095714712879726e-08,627.3129272460938,450.50506591796875,-259.6756591796875,176.807861328125,X2,X2
4.7194353669510747e-07,796.85595703125,651.19189453125,-288.36572265625,145.6640625,X1,X2
4.641959094442427e-06,389.6202392578125,266.8165283203125,-309.7197265625,122.8037109375,X2,X2
4.6239536505288115e-11,785.021484375,547.0496215820312,-264.3023986816406,237.97186279296875,X2,X2
2.0814303525185096e-07,781.4701538085938,627.6197509765625,-318.2995300292969,153.85040283203125,X1,X2
0.0007142016547732055,377.9991455078125,305.55926513671875,-367.1600646972656,72.43988037109375,X2,X2
0.6931471824645996,0.0,0.0,-415.5335693359375,0.0,X2,X2
7.339957530660968e-09,767.2615356445312,579.9622192382812,-242.3890380859375,187.29931640625,X2,X2
7.383824348449707,350.99365234375,424.82568359375,-236.3590087890625,-73.83203125,X1,X2
5.596390538487039e-12,826.8536376953125,567.7646484375,-256.28289794921875,259.0889892578125,X2,X2
1.0868255080620504e-12,853.67822265625,578.2006225585938,-257.8042907714844,275.47760009765625,X2,X2
3.69625857699063e-12,901.0328369140625,637.7958374023438,-248.48086547851562,263.23699951171875,X1,X2
0.009642797522246838,295.9989013671875,249.6317138671875,-342.565673828125,46.3671875,X2,X2
5.7231437030648685e-15,780.0994873046875,452.15692138671875,-302.9077453613281,327.94256591796875,X2,X2
3.849074650588008e-13,722.4172973632812,436.5595703125,-325.4699401855469,285.85772705078125,X1,X2
1.75064822478078e-15,913.5725708007812,573.78466796875,-238.28756713867188,339.78790283203125,X2,X2
9.2610209645195e-16,690.2944946289062,344.1390380859375,-229.79922485351562,346.15545654296875,X2,X2
6.443562905467104e-10,780.01708984375,568.389404296875,-261.4193115234375,211.627685546875,X1,X2
0.6931471824645996,0.0,0.0,-333.804931640625,0.0,X2,X2
6.854260732325201e-07,370.033203125,228.1009521484375,-238.03961181640625,141.9322509765625,X2,X2
1.5258642633853015e-05,692.5328369140625,581.6292724609375,-219.1280517578125,110.903564453125,X1,X2
8.808918594560566e-10,767.076904296875,558.5760498046875,-166.79583740234375,208.5008544921875,X2,X2
2.422929696876963e-07,674.9038696289062,522.5726928710938,-194.65985107421875,152.3311767578125,X1,X2
3.619257393783215e-10,613.6287841796875,396.23297119140625,-140.04330444335938,217.39581298828125,X2,X2
5.036850581063845e-08,766.5234375,598.4844360351562,-159.26736450195312,168.03900146484375,X2,X2
1.7412027375485195e-09,758.708984375,557.0220947265625,-154.61920166015625,201.6868896484375,X2,X2
1.08796484710183e-06,676.30126953125,538.9892578125,-189.66455078125,137.31201171875,X1,X2
2.6112410844714162e-11,586.6954345703125,343.00933837890625,-134.86740112304688,243.68609619140625,X2,X2
7.992177475379947e-10,760.734619140625,551.2607421875,-144.533935546875,209.473876953125,X2,X2
8.134513223012618e-07,763.2817993164062,623.06201171875,-185.60543823242188,140.21978759765625,X1,X2
9.945243933939807e-11,766.47705078125,536.1636352539062,-140.82632446289062,230.31341552734375,X2,X2
2.2904054208794378e-09,759.9622192382812,561.016845703125,-161.89791870117188,198.94537353515625,X2,X2
9.727370020584658e-09,654.2239379882812,469.74072265625,-191.82028198242188,184.48321533203125,X1,X2
4.040423846163321e-06,616.3739624023438,492.182373046875,-223.58670043945312,124.19158935546875,X2,X2
1.1375376196554043e-08,767.15966796875,584.2415161132812,-195.16616821289062,182.91815185546875,X2,X2
2.0700488545521978e-10,766.1807861328125,543.197998046875,-179.81353759765625,222.9827880859375,X2,X2
2.752520913418266e-07,682.800048828125,531.7442626953125,-215.02789306640625,151.0557861328125,X1,X2
2.3947967164872352e-08,776.5051879882812,601.0313720703125,-204.47000122070312,175.47381591796875,X2,X2
1.0759583328467937e-11,771.25927734375,518.70703125,-166.3121337890625,252.55224609375,X2,X2
4.458667035578401e-08,767.5607299804688,598.3024291992188,-205.3348388671875,169.25830078125,X1,X2
5.296563188039727e-09,617.4375610351562,426.87548828125,-204.64608764648438,190.56207275390625,X2,X2
3.490572998998687e-05,367.15380859375,264.525390625,-253.437744140625,102.62841796875,X2,X2
5.4231909416557755e-06,516.6011352539062,395.3529052734375,-225.69155883789062,121.24822998046875,X1,X2
5.620712776377014e-17,599.4976196289062,225.32275390625,-111.11605834960938,374.17486572265625,X2,X2
6.88917478619544e-10,796.3720092773438,585.4130249023438,-189.8056640625,210.958984375,X2,X2
8.445133481416178e-12,801.4078369140625,546.4335327148438,-171.45242309570312,254.97430419921875,X2,X2
2.344188843039774e-09,740.5894775390625,541.876220703125,-211.75677490234375,198.7132568359375,X1,X2
0.00019464213983155787,281.51708984375,196.0745849609375,-267.02386474609375,85.4425048828125,X2,X2
2.3664280604518417e-11,838.2242431640625,593.5537109375,-206.66400146484375,244.6705322265625,X2,X2
8.819816079731757e-13,785.5867919921875,508.020751953125,-198.36846923828125,277.5660400390625,X1,X2
9.923799559885538e-10,818.1024780273438,610.7933349609375,-281.1274108886719,207.30914306640625,X1,X2
1.2421161342047234e-14,868.3009643554688,548.1072387695312,-220.19598388671875,320.1937255859375,X2,X2
5.347928046586792e-13,718.53759765625,435.9686279296875,-240.32794189453125,282.5689697265625,X2,X2
1.7602259439527396e-13,728.0494384765625,434.3677978515625,-226.4791259765625,293.681640625,X2,X2
2.1091137327291024e-14,838.7440185546875,523.8447875976562,-211.06991577148438,314.89923095703125,X1,X2
2.1710591579859407e-15,721.5687255859375,383.93310546875,-199.60467529296875,337.6356201171875,X2,X2
6.27018849710427e-14,869.856689453125,565.8528442382812,-203.73403930664062,304.00384521484375,X2,X2
1.540851300718682e-11,894.6427612304688,645.6817626953125,-210.80416870117188,248.96099853515625,X1,X2
0.6931471824645996,0.0,0.0,-331.791748046875,0.0,X2,X2
6.847662627901263e-13,858.3450317382812,578.248046875,-195.11447143554688,280.09698486328125,X2,X2
4.234525490670604e-12,826.9466552734375,565.0691528320312,-203.83871459960938,261.87750244140625,X1,X2
8.087207119256146e-13,850.1177978515625,571.6845703125,-203.42413330078125,278.4332275390625,X2,X2
3.334155434381314e-12,874.5130615234375,610.2450561523438,-198.54983520507812,264.26800537109375,X1,X2
4.4549031130713956e-11,870.6671142578125,632.3228149414062,-214.14266967773438,238.34429931640625,X1,X2
5.222018767381785e-14,738.2388305664062,432.40576171875,-169.59262084960938,305.83306884765625,X1,X2
1.7300712945589325e-11,842.04052734375,594.23779296875,-208.21240234375,247.802734375,X2,X2
0.6931471824645996,10.66778564453125,10.66778564453125,0.0,0.0,X4,X2
0.7137967348098755,4.850677490234375,5.259490966796875,-4.129180908203125,-0.4088134765625,X1,X1
0.1618090271949768,27.745849609375,10.3524169921875,-6.1072998046875,17.3934326171875,X1,X4
2.780430316925049,-30.307586669921875,-3.143463134765625,-10.041534423828125,-27.16412353515625,X2,X1
1.3309593200683594,-31.558319091796875,-21.3170166015625,-20.169326782226562,-10.241302490234375,X1,X4
0.8660669326782227,-1.76617431640625,1.43682861328125,-4.9820556640625,-3.2030029296875,X1,X1
1.1746177673339844,-6.802337646484375,1.24859619140625,-15.766708374023438,-8.050933837890625,X2,X4
1.002669334411621,-2.0159912109375,3.439453125,26.34136962890625,-5.4554443359375,X1,X1
0.4115889072418213,7.9940185546875,1.245147705078125,26.586166381835938,6.748870849609375,X2,X1
0.25196442008018494,0.464569091796875,-12.033843994140625,14.04522705078125,12.4984130859375,X1,X4
4.3786163330078125,-185.02859497070312,-141.36865234375,-17.044662475585938,-43.659942626953125,X2,X1
10.911227226257324,22.76129150390625,131.87338256835938,-4.2671661376953125,-109.11209106445312,X2,X2
9.107413291931152,35.51239013671875,126.58541870117188,-18.575149536132812,-91.07302856445312,X2,X2
2.801077365875244,123.931396484375,151.31549072265625,-10.753021240234375,-27.38409423828125,X2,X2
0.06475705653429031,181.35491943359375,154.309326171875,-39.470916748046875,27.04559326171875,X2,X2
7.540520164184272e-05,243.30923461914062,148.38327026367188,-104.49575805664062,94.92596435546875,X2,X2
2.114299846311951e-08,331.18975830078125,154.47018432617188,-138.67079162597656,176.71957397460938,X2,X2
4.557116073389267e-10,373.20098876953125,158.109375,-177.18814086914062,215.09161376953125,X2,X2
2.2355246126481987e-11,397.37750244140625,152.13790893554688,-199.64234924316406,245.23959350585938,X2,X2
0.0004176550719421357,217.4857177734375,139.67926025390625,-317.2106018066406,77.80645751953125,X2,X2
3.576953663819715e-11,394.79266357421875,154.25341796875,-263.5743713378906,240.53924560546875,X2,X2
2.284215568429393e-12,425.2196044921875,157.16961669921875,-265.3106994628906,268.04998779296875,X2,X2
1.2976424405494735e-12,428.2117919921875,154.507080078125,-297.40692138671875,273.7047119140625,X2,X2
7.808590471274079e-13,433.50439453125,154.7205810546875,-308.3446044921875,278.7838134765625,X2,X2
0.6931471824645996,0.0,0.0,-470.32208251953125,0.0,X2,X2
3.2619477323241053e-13,451.87335205078125,164.36053466796875,-255.20916748046875,287.5128173828125,X2,X2
1.1971996310977673e-11,422.39215087890625,170.90765380859375,-297.2359619140625,251.4844970703125,X4,X2
26.06459617614746,-410.1304931640625,-149.48452758789062,-421.7567138671875,-260.6459655761719,X2,X1
1.7143149400045132e-10,383.690185546875,158.82180786132812,-325.2657470703125,224.86837768554688,X2,X2
13.038820266723633,-300.30426025390625,-169.91607666015625,-264.5347900390625,-130.38818359375,X2,X4
0.01061385776847601,203.64495849609375,158.24212646484375,-231.59210205078125,45.40283203125,X1,X2
1.5012128353118896,-171.46728515625,-158.97650146484375,-249.62496948242188,-12.49078369140625,X2,X1
0.2304319143295288,-139.99566650390625,-153.4993896484375,-240.61355590820312,13.50372314453125,X2,X1
0.00036723457742482424,-76.35162353515625,-155.44488525390625,-231.5775146484375,79.09326171875,X2,X1
16.19550132751465,-7.62396240234375,154.3310546875,-296.6362609863281,-161.95501708984375,X1,X2
10.819930076599121,49.9305419921875,158.129638671875,-357.32879638671875,-108.1990966796875,X1,X2
13.513099670410156,32.6331787109375,167.76419067382812,-552.8383178710938,-135.1309814453125,X4,X2
0.3242661654949188,-143.274658203125,-152.8714599609375,-604.004150390625,9.5968017578125,X2,X1
0.6931471824645996,0.0,0.0,-577.5765380859375,0.0,X2,X2
0.690459132194519,155.18292236328125,155.12908935546875,-547.2960205078125,0.0538330078125,X2,X2
2.303446054458618,-176.74322509765625,-154.76138305664062,-581.8584594726562,-21.9818115234375,X2,X1
0.0008974457741715014,-83.916748046875,-154.07186889648438,-605.4937744140625,70.15509033203125,X2,X1
2.6411755084991455,139.07843017578125,164.750732421875,-545.385498046875,-25.67230224609375,X2,X2
3.2427520636701956e-05,-64.195068359375,-167.5599365234375,-639.50244140625,103.3648681640625,X2,X4
0.1995372623205185,171.2109375,156.10769653320312,-678.2158203125,15.103271484375,X2,X2
0.10546693205833435,-128.9830322265625,-150.94464111328125,-881.2900390625,21.96160888671875,X2,X1
0.6931471824645996,0.0,0.0,-1005.1895751953125,0.0,X2,X2
0.0007435984443873167,228.4395751953125,156.40316772460938,-1104.1912841796875,72.036376953125,X2,X2
0.0032869938295334578,211.53564453125,154.37429809570312,-1208.7044677734375,57.161376953125,X1,X2
0.6931471824645996,0.0,0.0,-1494.38232421875,0.0,X2,X2
0.20901980996131897,166.661865234375,152.0718994140625,-1721.5087890625,14.5899658203125,X2,X2
9.278051948058419e-06,267.13427734375,151.25567626953125,-1756.05224609375,115.8785400390625,X1,X2
0.00010093811579281464,242.70556640625,150.69610595703125,-1866.2493896484375,92.009521484375,X2,X2
0.6931471824645996,0.0,0.0,-1798.40869140625,0.0,X2,X2
0.6440024971961975,-153.98046875,-154.98867797851562,-2119.831298828125,1.00830078125,X2,X4
4.8570436774753034e-05,247.05810546875,147.7335205078125,-2082.432861328125,99.32470703125,X2,X2
1.3033166212927938e-10,385.282958984375,157.67340087890625,-2028.52587890625,227.609375,X2,X2
1.0186831786995754e-05,259.55615234375,144.61190795898438,-2157.12451171875,114.944091796875,X1,X2
1.9667130424227963e-10,373.5498046875,150.05487060546875,-2114.16552734375,223.494873046875,X2,X2
1.1129157543182373,151.25732421875,158.4024658203125,-2230.7783203125,-7.145263671875,X2,X2
3.2765733521955553e-06,280.83203125,154.54489135742188,-2135.285400390625,126.287109375,X1,X2
2.9400416678981856e-06,263.8564453125,136.48553466796875,-2233.9482421875,127.370849609375,X2,X2
1.6640551336877252e-07,292.708984375,136.62060546875,-2086.221923828125,156.08837890625,X2,X2
7.674611814112442e-12,402.6181640625,146.68704223632812,-2103.019287109375,255.9310302734375,X1,X2
2.503273699439035e-10,373.7666015625,152.68414306640625,-2396.819580078125,221.08251953125,X2,X2
5.815472547965328e-09,337.6552734375,148.02761840820312,-2262.006103515625,189.62744140625,X2,X2
1.0534744084023107e-11,407.110595703125,154.34722900390625,-2225.931640625,252.763427734375,X1,X2
6.650807292049588e-13,433.29541015625,152.9066162109375,-2239.6611328125,280.388671875,X2,X2
1.1563329503985753e-12,431.406982421875,156.54925537109375,-2258.11962890625,274.857666015625,X2,X2
3.3598763962000566e-12,417.370361328125,153.1793212890625,-2260.07275390625,264.191162109375,X1,X2
3.5242250305600464e-05,253.917236328125,151.38482666015625,-2361.595703125,102.532470703125,X2,X2
7.404900997931563e-11,386.230712890625,152.96771240234375,-2419.033203125,233.262939453125,X2,X2
9.139688472714624e-07,288.52880859375,149.47406005859375,-2339.586669921875,139.0546875,X1,X2
1.257607299548491e-13,450.4345703125,153.390869140625,-2251.1865234375,297.0439453125,X2,X2
4.326782345742686e-06,287.9228515625,164.4161376953125,-2324.77734375,123.5068359375,X4,X2
25.085693359375,-408.955078125,-158.09820556640625,-2021.620361328125,-250.85693359375,X2,X1
19.709009170532227,-365.544677734375,-168.45458984375,-2180.05712890625,-197.090087890625,X2,X4
9.90843247450357e-08,311.96923828125,150.6962890625,-1896.779541015625,161.27294921875,X1,X2
8.280893325805664,-240.49365234375,-157.687255859375,-1686.1492919921875,-82.806396484375,X2,X1
9.88534164428711,42.5333251953125,141.38626098632812,-1295.60498046875,-98.8529052734375,X1,X2
0.18166173994541168,167.73681640625,151.602783203125,-1216.743408203125,16.134033203125,X2,X2
1.8574949502944946,129.393310546875,146.271484375,-1291.5872802734375,-16.878173828125,X1,X2
0.0014658889267593622,-96.366943359375,-161.612548828125,-1169.263427734375,65.24560546875,X2,X4
1.8093769550323486,-181.65234375,-165.34689331054688,-1216.2310791015625,-16.305419921875,X2,X4
0.6931471824645996,0.0,0.0,-1187.5548095703125,0.0,X2,X2
0.08797735720872879,166.33740234375,142.47369384765625,-1148.341796875,23.8636474609375,X1,X2
0.04247003048658371,184.915283203125,153.53878784179688,-1228.9580078125,31.37646484375,X2,X2
3.326108455657959,-197.0201416015625,-164.12503051757812,-1241.630859375,-32.8951416015625,X2,X4
0.00016215848154388368,245.58251953125,158.31402587890625,-1265.26904296875,87.2685546875,X2,X2
10.649658203125,18.39892578125,124.89523315429688,-1201.5894775390625,-106.496337890625,X1,X2
0.003944501746445894,207.7822265625,152.44760131835938,-1132.408203125,55.3345947265625,X2,X2
0.0005844307015649974,225.23046875,150.7847900390625,-1114.429931640625,74.44580078125,X2,X2
0.0007988826837390661,226.0601806640625,154.7412109375,-1087.43310546875,71.3189697265625,X1,X2
6.697009666822851e-05,244.4765625,148.36431884765625,-1115.689697265625,96.1123046875,X2,X2
2.6306156541977543e-06,285.943603515625,157.460693359375,-1104.3785400390625,128.48291015625,X2,X2
0.00013158019282855093,245.119873046875,155.7615966796875,-1146.393798828125,89.3582763671875,X1,X2
0.0002526696480344981,234.27001953125,151.4368896484375,-1259.740966796875,82.8330078125,X2,X2
0.0003907953214365989,235.1895751953125,156.71823120117188,-1278.81005859375,78.4713134765625,X2,X2
2.589453742984915e-06,279.7745361328125,151.13388061523438,-1181.41455078125,128.640625,X1,X2
1.1690406154230004e-06,286.9072265625,150.31393432617188,-1288.291748046875,136.59326171875,X2,X2
3.422851295908913e-05,268.48681640625,165.66250610351562,-1236.202880859375,102.8243408203125,X2,X2
5.1179202273488045e-05,260.864013671875,162.0625,-1255.9793701171875,98.801513671875,X1,X2
0.6931471824645996,0.0,0.0,-1407.0977783203125,0.0,X2,X2
0.14692193269729614,169.1004638671875,150.66549682617188,-1281.720458984375,18.4349365234375,X1,X2
3.2052710707830556e-08,323.79443359375,151.23553466796875,-1150.0484619140625,172.558837890625,X2,X2
6.207564684501676e-09,345.173095703125,156.1981201171875,-1162.18212890625,188.9749755859375,X2,X2
2.653504793670436e-08,327.6876220703125,153.2396240234375,-1229.8172607421875,174.447998046875,X2,X2
3.542133253375823e-10,367.5274658203125,149.91622924804688,-1212.95849609375,217.6112060546875,X2,X2
0.001075613428838551,218.0418701171875,149.6986083984375,-1256.7236328125,68.34326171875,X1,X2
5.8899076726959265e-09,344.09326171875,154.59307861328125,-1133.4407958984375,189.500244140625,X2,X2
1.953620312633575e-06,277.59375,146.135498046875,-1165.2757568359375,131.458251953125,X2,X2
2.7193762866528637e-11,384.9578857421875,141.67755126953125,-1077.869384765625,243.28033447265625,X1,X2
8.13055178738864e-11,388.20556640625,155.87750244140625,-1101.7139892578125,232.32806396484375,X2,X2
1.2630804735458412e-10,378.3946533203125,150.4716796875,-1090.97607421875,227.9229736328125,X2,X2
2.7886101414131836e-11,395.074462890625,152.0455322265625,-1072.060302734375,243.0289306640625,X1,X2
5.1303499642996186e-11,382.5205078125,145.587890625,-1167.549072265625,236.9326171875,X2,X2
5.6951589277876025e-11,387.536865234375,151.6488037109375,-1168.84033203125,235.88818359375,X2,X2
1.0749333341664169e-05,253.1641845703125,138.757568359375,-1134.978759765625,114.4066162109375,X2,X2
2.2049626013931345e-11,400.437255859375,155.05999755859375,-1039.749755859375,245.37725830078125,X1,X2
1.4812040483036526e-10,376.748779296875,150.4188232421875,-1088.601806640625,226.3299560546875,X2,X2
1.4688505967086485e-10,381.2454833984375,154.83181762695312,-1068.906005859375,226.4136962890625,X2,X2
3.558561501026958e-10,373.0408935546875,155.4759521484375,-1042.27587890625,217.56494140625,X1,X2
2.51402038076165e-10,379.6339111328125,158.59423828125,-1057.815185546875,221.0396728515625,X2,X2
5.6974622936190045e-11,384.238525390625,148.35433959960938,-1013.9292602539062,235.8841552734375,X2,X2
5.725609656531683e-12,414.02001953125,155.15936279296875,-1016.0789184570312,258.8607177734375,X1,X2
3.998911324742949e-06,265.3140869140625,141.01922607421875,-1068.5159912109375,124.29486083984375,X2,X2
6.315177270010963e-09,336.47802734375,147.6749267578125,-1007.3853149414062,188.8031005859375,X2,X2
9.379755852023663e-07,268.8433837890625,130.04800415039062,-921.3072509765625,138.79541015625,X2,X2
9.510348758512421e-11,381.565185546875,150.80462646484375,-906.8779296875,230.76055908203125,X1,X2
1.061096721599597e-08,334.88232421875,151.2685546875,-893.4249267578125,183.61376953125,X2,X2
2.3295267965295352e-05,240.79931640625,134.12689208984375,-1013.6329956054688,106.6724853515625,X2,X2
4.024447095019035e-11,385.2442626953125,145.88372802734375,-1064.231201171875,239.3604736328125,X1,X2
2.971220214309511e-10,358.316650390625,138.94793701171875,-1127.5810546875,219.3687744140625,X2,X2
6.10685102486741e-09,336.4422607421875,147.30377197265625,-1075.986572265625,189.1385498046875,X2,X2
5.516829614665708e-12,404.5654296875,145.33322143554688,-1004.5787353515625,259.232177734375,X1,X2
7.126338914531516e-06,257.2911376953125,138.7740478515625,-1067.1563720703125,118.51708984375,X2,X2
9.208489526457697e-10,361.7147216796875,153.65744018554688,-1013.2450561523438,208.0572509765625,X2,X2
4.496725214409025e-11,383.7752685546875,145.5244140625,-972.8844604492188,238.2508544921875,X2,X2
6.379687056412564e-11,386.41357421875,151.66036987304688,-991.8399658203125,234.753173828125,X1,X2
2.3498201162652776e-09,361.127197265625,162.4378662109375,-978.0452880859375,198.68927001953125,X2,X2
6.387610492625262e-12,407.90576171875,150.13916015625,-935.738037109375,257.7666015625,X1,X2
2.3564190598790447e-08,332.1021728515625,156.46682739257812,-1005.4951782226562,175.6353759765625,X2,X2
8.241367588368576e-09,344.145751953125,158.00473022460938,-999.2636108398438,186.1409912109375,X2,X2
1.0320098248195464e-10,377.0869140625,147.14349365234375,-1008.2021484375,229.94342041015625,X1,X2
6.07542974262465e-11,381.9569091796875,146.71502685546875,-981.4872436523438,235.2418212890625,X2,X2
3.0116173999061857e-09,359.327392578125,163.11947631835938,-970.9490356445312,196.2078857421875,X2,X2
0.6931471824645996,0.0,0.0,-1059.8720703125,0.0,X2,X2
1.1000930721927205e-10,389.128662109375,159.82406616210938,-971.6726684570312,229.3045654296875,X2,X2
1.131046589719631e-09,363.3140869140625,157.31283569335938,-1027.771728515625,206.001220703125,X2,X2
1.195071541726378e-10,386.0638427734375,157.58740234375,-1005.2451782226562,228.4764404296875,X2,X2
0.6931471824645996,0.0,0.0,-1122.990966796875,0.0,X2,X2
3.213100965848703e-11,393.4765625,151.86456298828125,-831.984619140625,241.61199951171875,X2,X2
1.659882786775313e-10,387.060546875,161.86947631835938,-876.5147094726562,225.1910400390625,X2,X2
4.764849972915819e-11,385.39794921875,147.72625732421875,-1016.02734375,237.67169189453125,X2,X2
5.50016872324921e-11,389.76806640625,153.531494140625,-956.2493896484375,236.236572265625,X2,X2
1.2738849905491456e-11,403.244873046875,152.38116455078125,-930.7673950195312,250.8636474609375,X2,X2
8.660476502608816e-11,374.27099609375,142.57431030273438,-910.5747680664062,231.6966552734375,X2,X2
5.5888300931616897e-11,394.563720703125,158.48712158203125,-907.323974609375,236.07666015625,X2,X2
8.904145865074042e-09,328.020751953125,142.65325927734375,-893.624755859375,185.36749267578125,X1,X2
5.617806775326528e-10,358.81640625,145.81732177734375,-911.6539306640625,212.99908447265625,X1,X2
0.0001241583377122879,212.3101806640625,122.37127685546875,-960.7254638671875,89.93890380859375,X1,X2
3.8834890858652216e-10,364.0234375,147.33218383789062,-932.5867919921875,216.691162109375,X1,X2
3.225665845540959e-10,367.7349853515625,149.18783569335938,-1019.7703857421875,218.547119140625,X1,X2
9.995587690880825e-10,366.726318359375,159.48928833007812,-980.3604736328125,207.237060546875,X2,X2
3.0181739930412732e-05,244.30224609375,140.21966552734375,-1068.5267333984375,104.08258056640625,X1,X2
2.896528503160134e-11,400.4278564453125,157.7786865234375,-963.4652099609375,242.64923095703125,X2,X2
3.5096847650351037e-10,371.8013916015625,154.09817504882812,-1052.591552734375,217.7032470703125,X2,X2
2.725207386145012e-11,394.61572265625,151.3568115234375,-1047.9716796875,243.2589111328125,X2,X2
4.9394779932931954e-11,388.4251708984375,151.11337280273438,-1041.34423828125,237.311767578125,X1,X2
1.3821049860140988e-09,365.7296142578125,161.73306274414062,-1051.8533935546875,203.99658203125,X2,X2
8.566973519474885e-12,410.09423828125,155.26318359375,-1054.3829345703125,254.8310546875,X2,X2
1.3694162991073622e-11,404.2215576171875,154.0810546875,-1016.6780395507812,250.1405029296875,X1,X2
6.539066510491409e-11,397.9810791015625,163.47467041015625,-1001.6412353515625,234.50640869140625,X2,X2
1.3270616550098424e-10,378.6219482421875,151.193115234375,-1116.19189453125,227.4288330078125,X2,X2
1.857153542061951e-08,312.2720947265625,134.25579833984375,-1111.7371826171875,178.016357421875,X1,X2
2.85494718144097e-11,396.3621826171875,153.56838989257812,-1170.84521484375,242.7938232421875,X2,X2
0.0009558872552588582,199.9544677734375,130.43060302734375,-1226.9326171875,69.52392578125,X2,X2
1.0326945028282797e-11,415.1109619140625,162.1483154296875,-1018.226806640625,252.962646484375,X2,X2
2.4022303932724753e-06,261.928466796875,132.53741455078125,-1103.29736328125,129.39111328125,X1,X2
6.559999939093064e-12,416.83154296875,159.33123779296875,-1054.5677490234375,257.50030517578125,X2,X2
8.171077529872672e-12,411.2652587890625,155.96096801757812,-1131.908935546875,255.30419921875,X2,X2
1.4703198303323006e-06,286.033447265625,151.7330322265625,-1126.914794921875,134.30029296875,X1,X2
2.695655981418965e-12,424.201904296875,157.80807495117188,-1041.751708984375,266.393798828125,X1,X2
5.6943846339641e-12,419.8551025390625,160.939697265625,-1073.059814453125,258.9154052734375,X2,X2
1.873141572406034e-11,411.054443359375,164.04617309570312,-1055.829345703125,247.0081787109375,X1,X2
1.4422368464425683e-12,424.1468505859375,151.4986572265625,-974.8265380859375,272.64825439453125,X1,X2
3.6402987829003974e-13,438.93359375,152.51821899414062,-1021.9087524414062,286.4154052734375,X1,X2
5.758995363924768e-11,384.96337890625,149.1866455078125,-1088.834716796875,235.7767333984375,X1,X2
9.523238986730576e-05,215.304931640625,122.71356201171875,-1118.697998046875,92.5914306640625,X1,X2
5.101627128557829e-13,436.1800537109375,153.13958740234375,-967.16943359375,283.04046630859375,X1,X2
1.2089344282595338e-11,398.500244140625,147.11331176757812,-1187.3040771484375,251.386962890625,X1,X2
1.024319951775654e-11,407.986328125,154.94235229492188,-1096.7578125,253.0440673828125,X1,X2
1.6272552749718727e-11,390.884033203125,142.46868896484375,-959.9773559570312,248.4154052734375,X1,X2
3.493323794297176e-13,441.1156005859375,154.28811645507812,-941.5650024414062,286.8275146484375,X1,X2
5.410111920088612e-13,432.3297119140625,149.8763427734375,-938.224365234375,282.453369140625,X1,X2
4.2918080656213775e-13,440.1033935546875,155.33441162109375,-979.5631103515625,284.76898193359375,X1,X2
6.96993990301209e-11,391.612548828125,157.74432373046875,-1056.65087890625,233.8682861328125,X2,X2
4.2101256508830787e-11,388.815673828125,149.90621948242188,-1035.690185546875,238.909423828125,X2,X2
0.6931471824645996,0.0,0.0,-1100.294921875,0.0,X2,X2
3.1106803331099053e-12,422.361083984375,157.39926147460938,-974.2330932617188,264.9617919921875,X2,X2
3.171452466962932e-12,415.3388671875,150.57061767578125,-978.6246337890625,264.768310546875,X2,X2
2.0758410268495453e-10,372.256591796875,149.30178833007812,-951.3231201171875,222.954833984375,X2,X2
1.256088722617621e-11,407.9652099609375,156.96087646484375,-933.377685546875,251.00433349609375,X2,X2
4.767747394801569e-12,417.374755859375,156.6832275390625,-947.81591796875,260.69146728515625,X2,X2
9.465107864148337e-11,388.2481689453125,157.44003295898438,-962.3666381835938,230.8082275390625,X2,X2
1.1245427332384761e-11,400.927978515625,148.8173828125,-976.4949951171875,252.110595703125,X2,X2
1.042097137748943e-11,392.9422607421875,140.07025146484375,-971.737548828125,252.87200927734375,X2,X2
1.1893890039527122e-10,391.4422607421875,162.91815185546875,-988.7308349609375,228.52410888671875,X2,X2
2.107529706307787e-10,379.5072021484375,156.703857421875,-1136.8369140625,222.8033447265625,X2,X2
1.9264076445146827e-11,405.2427978515625,158.5150146484375,-1248.95458984375,246.727783203125,X2,X2
8.788251376623535e-12,414.022705078125,159.4466552734375,-1139.703369140625,254.5760498046875,X2,X2
0.6931471824645996,0.0,0.0,-1082.402587890625,0.0,X2,X2
1.4039380769048648e-11,390.92529296875,141.03375244140625,-956.3922119140625,249.89154052734375,X2,X2
7.839313642676871e-10,365.8013916015625,156.1343994140625,-1002.7413330078125,209.6669921875,X2,X2
2.6106127037905935e-08,331.2066650390625,156.595703125,-1103.436279296875,174.6109619140625,X2,X2
6.961719534182009e-10,364.3453369140625,153.49111938476562,-1097.5267333984375,210.854248046875,X2,X2
4.0142333901371785e-12,422.306396484375,159.89459228515625,-1076.0615234375,262.4117431640625,X2,X2
4.8692998418087274e-12,424.3125,163.83175659179688,-980.1539306640625,260.480712890625,X2,X2
1.487451654902383e-11,410.25439453125,160.940673828125,-961.5284423828125,249.313720703125,X2,X2
9.084999245956293e-12,413.8621826171875,159.61822509765625,-1022.7440185546875,254.24395751953125,X2,X2
1.1943703839278896e-06,274.8604736328125,138.48162841796875,-1102.7119140625,136.37890625,X2,X2
5.431771796793328e-07,285.4615478515625,141.20315551757812,-1021.075439453125,144.25830078125,X2,X2
8.950703025978335e-12,404.505615234375,150.11273193359375,-969.317626953125,254.39288330078125,X2,X2
5.72911891538741e-11,391.9490966796875,156.12042236328125,-1146.45263671875,235.8287353515625,X2,X2
1.3432631396081973e-10,380.0567626953125,152.74920654296875,-1104.15771484375,227.3074951171875,X2,X2
0.6931471824645996,0.0,0.0,-1166.8055419921875,0.0,X2,X2
4.673221878914724e-12,420.9808349609375,160.089111328125,-1041.2294921875,260.8917236328125,X2,X2
5.2143234174906183e-11,380.0496826171875,143.27938842773438,-1031.319091796875,236.770263671875,X1,X2
8.135542586829025e-12,417.048828125,161.70101928710938,-1052.152587890625,255.3477783203125,X2,X2
6.158214205242984e-08,312.82763671875,146.79873657226562,-1107.2607421875,166.0289306640625,X2,X2
1.844182272170425e-11,407.0584716796875,159.89447021484375,-1081.150634765625,247.16400146484375,X1,X2
7.053333611617418e-12,412.49072265625,155.71551513671875,-1074.7034912109375,256.77520751953125,X2,X2
2.197511617119119e-10,378.5538330078125,156.1685791015625,-1085.59228515625,222.38525390625,X2,X2
2.848271965505411e-12,419.477294921875,153.6341552734375,-943.3719482421875,265.84307861328125,X1,X2
3.230540834842088e-11,394.27490234375,152.717041015625,-1136.13916015625,241.557861328125,X2,X2
8.995835326652823e-12,413.7659912109375,159.42340087890625,-1088.0308837890625,254.34259033203125,X2,X2
1.7422716047654774e-10,380.7188720703125,156.01226806640625,-1016.20068359375,224.70660400390625,X2,X2
1.000152738406257e-11,400.9576416015625,147.67477416992188,-1058.99462890625,253.2828369140625,X1,X2
25.188318252563477,-411.37890625,-159.4957275390625,-1078.34521484375,-251.8831787109375,X2,X1
1.3007586674440574e-10,387.096435546875,159.4674072265625,-1030.2587890625,227.6290283203125,X2,X2
3.752367305764892e-09,350.7152099609375,156.70639038085938,-1018.4295654296875,194.0087890625,X1,X2
3.562634560694278e-07,299.448974609375,150.97305297851562,-1000.2385864257812,148.4759521484375,X2,X2
1.8556132630465072e-08,333.46484375,155.44015502929688,-927.7139892578125,178.024658203125,X1,X2
4.442249064595671e-06,285.3892822265625,162.14581298828125,-936.0526123046875,123.24346923828125,X2,X2
8.172085017577047e-07,298.6004638671875,158.42678833007812,-912.7357788085938,140.1737060546875,X2,X2
0.6931471824645996,0.0,0.0,-960.6953125,0.0,X2,X2
0.00019847581279464066,235.616455078125,150.3690185546875,-909.2627563476562,85.2474365234375,X1,X2
1.836063574955915e-06,285.4935302734375,153.4146728515625,-838.975341796875,132.078857421875,X2,X2
0.002349206944927573,210.1943359375,149.66928100585938,-846.8576049804688,60.5250244140625,X1,X2
1.2792739653377794e-05,268.401611328125,155.73532104492188,-828.790771484375,112.666259765625,X2,X2
0.00013505596143659204,249.371826171875,160.2742919921875,-888.6284790039062,89.0975341796875,X2,X2
2.6832771254703403e-05,257.9368896484375,152.67816162109375,-940.7740478515625,105.25872802734375,X1,X2
9.459341754336492e-09,342.56982421875,157.80718994140625,-1007.3822021484375,184.76263427734375,X2,X2
1.6669785551925997e-08,337.2342529296875,158.13763427734375,-1038.84814453125,179.0966796875,X2,X2
2.1903945324197593e-09,351.312255859375,151.92044067382812,-1062.5191650390625,199.391845703125,X2,X2
5.372722267082963e-09,340.4384765625,150.01919555664062,-1070.323486328125,190.4193115234375,X1,X2
4.597943803474891e-09,353.0042724609375,161.02767944335938,-977.0780029296875,191.9765625,X2,X2
6.020231779757523e-08,312.5718994140625,146.31634521484375,-1075.4168701171875,166.25555419921875,X1,X2
1.4503306111635084e-08,334.3634033203125,153.87448120117188,-1164.861328125,180.4888916015625,X2,X2
5.720436035971943e-08,315.04248046875,148.27603149414062,-1141.4698486328125,166.766357421875,X1,X2
7.281666936087561e-10,361.552001953125,151.14703369140625,-1119.4853515625,210.4049072265625,X2,X2
7.731570939029098e-09,345.2061767578125,158.4266357421875,-1140.9468994140625,186.779541015625,X2,X2
5.538385305925431e-10,366.1461181640625,153.00469970703125,-1151.2451171875,213.1414794921875,X2,X2
8.484852287438116e-08,310.56982421875,147.7457275390625,-1182.8087158203125,162.823974609375,X1,X2
6.9121068868582825e-09,349.6527099609375,161.75277709960938,-1163.155029296875,187.89990234375,X2,X2
4.259251840110778e-10,370.924072265625,155.156494140625,-1137.7181396484375,215.767578125,X2,X2
6.907793781429916e-10,367.703369140625,156.7713623046875,-1150.406982421875,210.9320068359375,X1,X2
3.1124895993883683e-09,349.716552734375,153.83819580078125,-1184.27880859375,195.87841796875,X2,X2
0.000290606141788885,215.0960693359375,133.662109375,-1246.81787109375,81.4339599609375,X2,X2
4.714978185660357e-09,345.195068359375,153.46990966796875,-1173.30224609375,191.7252197265625,X1,X2
0.00021047715563327074,86.49951171875,1.83917236328125,-1151.391845703125,84.6602783203125,X2,X2
3.931087955155732e-10,373.4490966796875,156.87969970703125,-1146.815673828125,216.5693359375,X2,X2
0.6931471824645996,0.0,0.0,-1275.547119140625,0.0,X2,X2
1.6953325410185016e-09,362.889892578125,160.93600463867188,-1179.6995849609375,201.953857421875,X1,X2
3.6165214822858616e-08,328.71044921875,157.35870361328125,-1175.60888671875,171.3516845703125,X2,X2
2.0014839208215562e-07,310.244873046875,156.0028076171875,-1199.97705078125,154.2420654296875,X2,X2
1.4730766606518841e-09,353.4720458984375,150.11282348632812,-1208.3209228515625,203.359130859375,X1,X2
2.090623230088795e-09,364.6439208984375,164.78594970703125,-1174.393310546875,199.8580322265625,X2,X2
3.278798033079511e-08,326.963623046875,154.63165283203125,-1170.145751953125,172.33203125,X2,X2
1.102882052350651e-08,330.627197265625,147.399658203125,-1085.9364013671875,183.2275390625,X1,X2
1.5158271935433731e-06,271.637939453125,137.64248657226562,-1152.43115234375,133.9954833984375,X2,X2
1.3662803439729032e-06,274.9600830078125,139.92593383789062,-1086.8096923828125,135.0341796875,X2,X2
7.70483343792705e-10,366.9254150390625,157.08538818359375,-1016.6365966796875,209.84002685546875,X2,X2
2.9352969832530107e-08,325.5936279296875,152.15487670898438,-1067.792236328125,173.438720703125,X1,X2
8.624314595806482e-10,371.943603515625,163.23098754882812,-1026.6998291015625,208.712646484375,X2,X2
1.7555295883653343e-08,338.77734375,160.19818115234375,-1214.340576171875,178.5791015625,X2,X2
4.910388762269235e-10,368.322998046875,153.97802734375,-999.1112060546875,214.344970703125,X1,X2
1.557797113527215e-09,361.293212890625,158.49325561523438,-1014.8068237304688,202.7999267578125,X2,X2
3.648736035533062e-10,370.245361328125,152.9306640625,-1074.786376953125,217.314697265625,X2,X2
6.063081148255378e-10,372.4140625,160.17776489257812,-986.7469482421875,212.236328125,X1,X2
3.2688474149722424e-10,371.0782470703125,152.66412353515625,-1089.3504638671875,218.41412353515625,X2,X2
6.492075499409111e-08,321.2882080078125,155.7872314453125,-1059.3050537109375,165.5009765625,X2,X2
1.0115766002627424e-09,363.826904296875,156.70938110351562,-997.4490356445312,207.1175537109375,X2,X2
6.731320500996674e-10,362.9383544921875,151.74755859375,-942.6265258789062,211.1907958984375,X1,X2
0.6931471824645996,0.0,0.0,-1178.17919921875,0.0,X2,X2
1.0777310421872244e-07,309.0950927734375,148.66268920898438,-1184.3983154296875,160.432373046875,X2,X2
1.8075382302029652e-09,349.60498046875,148.2919921875,-1168.766357421875,201.31298828125,X1,X2
1.3331866721699726e-09,359.1005859375,154.74362182617188,-1179.0843505859375,204.35693359375,X2,X2
2.495093853749353e-10,373.74853515625,152.63330078125,-1224.5654296875,221.115234375,X2,X2
7.877329011307665e-09,330.02294921875,143.43014526367188,-1067.163330078125,186.5927734375,X1,X2
5.9474550653249025e-06,250.41552734375,130.090087890625,-1017.2547607421875,120.325439453125,X2,X2
0.6931471824645996,0.0,0.0,-1135.49853515625,0.0,X2,X2
2.0331887640168134e-07,306.6405029296875,152.55560302734375,-1000.025390625,154.08489990234375,X2,X2
1.6386728418638086e-08,327.305419921875,148.03753662109375,-1029.619873046875,179.2679443359375,X1,X2
0.0002318849874427542,192.3104248046875,108.618896484375,-1294.456787109375,83.6915283203125,X2,X2
2.1115502679691645e-09,355.71337890625,155.95492553710938,-1207.524658203125,199.7584228515625,X2,X2
1.077925837478233e-08,331.66943359375,148.21295166015625,-1198.412109375,183.4564208984375,X1,X2
1.8711143745520076e-10,375.343505859375,151.35037231445312,-995.0887451171875,223.9931640625,X2,X2
1.668188920334046e-10,378.43212890625,153.29095458984375,-960.84375,225.14111328125,X2,X2
3.5180172108795205e-09,348.494140625,153.84048461914062,-995.7055053710938,194.6536865234375,X1,X2
0.6931471824645996,0.0,0.0,-1099.83056640625,0.0,X2,X2
1.4573586781807535e-10,372.97265625,146.48040771484375,-998.5841064453125,226.49224853515625,X2,X2
8.122559620460379e-07,274.892822265625,134.6583251953125,-1040.875,140.2344970703125,X2,X2
4.240093858243199e-06,264.0762939453125,140.3671875,-1086.2911376953125,123.709228515625,X1,X2
1.1558916046539025e-09,367.340087890625,161.55609130859375,-1059.3035888671875,205.783935546875,X2,X2
0.6931471824645996,0.0,0.0,-1151.4588623046875,0.0,X2,X2
3.370965451221508e-10,369.39453125,151.28802490234375,-1065.2186279296875,218.10650634765625,X1,X2
2.279587213438461e-10,380.7724609375,158.75396728515625,-1164.07861328125,222.0185546875,X2,X2
2.2224906637280384e-10,379.60791015625,157.33578491210938,-1272.8538818359375,222.272216796875,X2,X2
1.7333090518434346e-10,374.7955322265625,150.037353515625,-1220.130859375,224.7581787109375,X1,X2
1.4432139927578191e-08,323.3836669921875,142.84561157226562,-1009.040283203125,180.5380859375,X1,X2
0.00039100516005419195,226.25830078125,147.79229736328125,-997.3595581054688,78.4659423828125,X2,X2
2.0110966225672655e-09,363.7733154296875,163.52749633789062,-1013.5521240234375,200.245849609375,X2,X2
4.297937266528606e-06,268.24951171875,144.67581176757812,-1126.027099609375,123.57373046875,X1,X2
2.7810069802569615e-09,361.134521484375,164.12997436523438,-1048.8955078125,197.0045166015625,X2,X2
5.119993762292552e-09,353.7666015625,162.86544799804688,-1033.2779541015625,190.901123046875,X2,X2
2.8539441032648938e-08,330.6954345703125,156.9755859375,-1087.010009765625,173.71978759765625,X2,X2
2.65908017826888e-10,373.3001708984375,152.82147216796875,-1062.1129150390625,220.47869873046875,X2,X2
7.600631235504807e-10,373.008544921875,163.03244018554688,-1082.056884765625,209.9761962890625,X2,X2
1.4304717133040157e-10,375.802978515625,149.12451171875,-1160.1591796875,226.678466796875,X1,X2
3.081698025653168e-07,305.4163818359375,155.49017333984375,-1100.4677734375,149.9261474609375,X2,X2
5.540025771466617e-09,340.371337890625,150.2586669921875,-1070.968017578125,190.1126708984375,X1,X2
1.9952834051650825e-08,331.5335693359375,154.23464965820312,-1028.552734375,177.2989501953125,X1,X2
1.0728897450462682e-06,303.166259765625,165.71478271484375,-1057.16552734375,137.4515380859375,X2,X2
6.286163256596922e-10,366.874267578125,154.99929809570312,-1015.014892578125,211.875,X2,X2
3.1447608961343576e-09,359.963134765625,164.18789672851562,-1035.413818359375,195.7752685546875,X2,X2
6.139379848946191e-08,320.875,154.8154296875,-1070.8175048828125,166.0595703125,X2,X2
1.63610802683678e-09,356.9134521484375,154.60406494140625,-1068.211669921875,202.3094482421875,X2,X2
2.1291983454130303e-10,382.3909912109375,159.68994140625,-1066.60009765625,222.7010498046875,X2,X2
9.502494435764675e-07,300.646240234375,161.98074340820312,-1227.34375,138.6654052734375,X2,X2
2.3742729808873264e-06,270.03564453125,140.52749633789062,-1221.72802734375,129.5081787109375,X2,X2
4.509353168646868e-10,376.80126953125,161.60430908203125,-1074.7955322265625,215.19696044921875,X2,X2
9.61798551912807e-09,336.54443359375,151.94808959960938,-1153.37158203125,184.5963134765625,X1,X2
7.255377548753827e-11,381.8702392578125,148.4033203125,-1204.5078125,233.4669189453125,X2,X2
1.1547031386616169e-10,381.45654296875,152.636474609375,-1219.8104248046875,228.820068359375,X2,X2
3.1091770824609455e-10,374.15087890625,155.23590087890625,-1149.940673828125,218.9149169921875,X1,X2
1.8210227770154575e-10,375.8294677734375,151.56491088867188,-1134.8212890625,224.2645263671875,X2,X2
3.2575648845067917e-09,355.0086669921875,159.58575439453125,-1131.86083984375,195.4228515625,X2,X2
6.96044499814974e-10,364.041748046875,153.18560791015625,-1154.371337890625,210.8560791015625,X1,X2
4.867497072069682e-09,350.3048095703125,158.89794921875,-1178.736328125,191.4068603515625,X2,X2
8.972796394779436e-10,357.7186279296875,149.402099609375,-1166.8193359375,208.3165283203125,X2,X2
4.747480186750863e-10,373.73974609375,159.057373046875,-1167.10888671875,214.682373046875,X2,X2
2.3440163204213604e-05,262.108642578125,155.4981689453125,-1200.511962890625,106.6104736328125,X1,X2
1.0182414911241722e-09,361.704345703125,154.65252685546875,-1142.670166015625,207.0518798828125,X2,X2
1.0793905858008657e-05,264.49267578125,150.12744140625,-1205.4385986328125,114.365234375,X2,X2
6.007974673316596e-10,356.7861328125,144.45843505859375,-1162.816650390625,212.32763671875,X1,X2
5.978392323413573e-07,285.3984375,142.09906005859375,-1228.07861328125,143.2994384765625,X2,X2
2.5242079537690643e-09,362.5804443359375,164.6070556640625,-1222.2841796875,197.973388671875,X2,X2
5.11848963213879e-09,351.200439453125,160.29641723632812,-1168.2884521484375,190.904052734375,X1,X2
1.0801001065763316e-10,385.5672607421875,156.07928466796875,-1124.0399169921875,229.48797607421875,X2,X2
0.6931471824645996,0.0,0.0,-1270.099609375,0.0,X2,X2
2.352704031594044e-09,362.12548828125,163.448486328125,-1215.0850830078125,198.677001953125,X2,X2
2.943569277213953e-10,372.2052001953125,152.74288940429688,-1204.560302734375,219.4622802734375,X1,X2
2.544719102104409e-09,360.007568359375,162.11505126953125,-1047.638427734375,197.8924560546875,X2,X2
6.396194152102908e-08,324.947998046875,159.29815673828125,-1112.701904296875,165.6497802734375,X2,X2
2.6403770281291372e-09,353.778076171875,156.25457763671875,-1197.78466796875,197.5234375,X1,X2
1.8149692859736888e-09,359.8341064453125,158.56219482421875,-1153.91796875,201.27197265625,X2,X2
9.537939149595331e-07,281.3177490234375,142.6895751953125,-1196.00732421875,138.628173828125,X1,X2
1.75933906332304e-10,379.9476318359375,155.33843994140625,-1163.8551025390625,224.609130859375,X2,X2
17.081079483032227,-338.517333984375,-167.70654296875,-1185.98486328125,-170.810791015625,X2,X4
1.6622308294245158e-06,269.5780029296875,136.50448608398438,-1119.944580078125,133.073486328125,X1,X2
3.33262217822039e-09,350.4830322265625,155.28802490234375,-1003.3443603515625,195.195068359375,X2,X2
2.0609768114354665e-07,307.27001953125,153.32086181640625,-966.4482421875,153.94915771484375,X2,X2
5.398122766564484e-07,301.0672607421875,156.74679565429688,-954.6680297851562,144.3204345703125,X1,X2
3.5273868093099736e-07,294.985595703125,146.41021728515625,-913.55859375,148.57537841796875,X1,X2
7.111090781108942e-06,269.486572265625,150.94805908203125,-825.92431640625,118.53851318359375,X2,X2
7.593684586026939e-06,264.8326416015625,146.95074462890625,-800.67919921875,117.88189697265625,X2,X2
0.0003018490970134735,237.292724609375,156.2384033203125,-873.7545776367188,81.0543212890625,X2,X2
1.5946188796078786e-05,257.755126953125,147.29229736328125,-822.5650634765625,110.46282958984375,X1,X2
2.261788949908805e-06,274.5853271484375,144.59182739257812,-707.9572143554688,129.9935302734375,X2,X2
9.161401976598427e-06,269.2139892578125,153.20895385742188,-709.280517578125,116.00506591796875,X1,X2
0.007078902330249548,-114.5916748046875,-164.06265258789062,-778.2421875,49.470947265625,X2,X4
0.0009711935417726636,201.7462158203125,132.38119506835938,-717.46142578125,69.364990234375,X2,X2
9.766391303855926e-05,246.4210205078125,154.08172607421875,-698.80615234375,92.33929443359375,X1,X2
0.000580082181841135,221.5458984375,147.025390625,-713.9607543945312,74.5205078125,X2,X2
0.6931471824645996,0.0,0.0,-740.7552490234375,0.0,X2,X2
0.6931471824645996,77.754150390625,77.754150390625,0.0,0.0,X1,X2
0.2827576994895935,92.54486083984375,81.36029052734375,-13.5997314453125,11.1845703125,X1,X2
0.16718269884586334,22.2266845703125,5.18756103515625,-64.50491333007812,17.03912353515625,X1,X2
2.1113059520721436,-131.11328125,-111.29083251953125,-65.28897094726562,-19.82244873046875,X2,X1
6.166712284088135,-178.986083984375,-117.3399658203125,-125.45501708984375,-61.6461181640625,X2,X1
0.00487383920699358,103.488525390625,50.274169921875,-168.85638427734375,53.21435546875,X2,X1
0.02813109941780567,-19.25140380859375,-54.8192138671875,-211.47909545898438,35.56781005859375,X1,X1
0.11867916584014893,-65.099853515625,-85.81390380859375,-257.1274108886719,20.71405029296875,X2,X1
9.270650863647461,-39.59033203125,53.115234375,-246.96319580078125,-92.70556640625,X1,X1
0.04439166560769081,5.27435302734375,-25.64990234375,-169.89022827148438,30.92425537109375,X1,X1
0.053516633808612823,-46.12274169921875,-75.131591796875,-182.60641479492188,29.00885009765625,X2,X1
6.727203435730189e-05,64.9010009765625,-31.16632080078125,-215.34103393554688,96.06732177734375,X1,X1
0.4475005269050598,7.25274658203125,1.53277587890625,-180.15850830078125,5.719970703125,X2,X1
0.04792315885424614,46.8365478515625,16.695556640625,-183.5335693359375,30.1409912109375,X2,X1
0.0018128789961338043,48.931396484375,-14.18792724609375,-257.4187316894531,63.11932373046875,X2,X1
9.054853439331055,30.56756591796875,121.11492919921875,-183.59503173828125,-90.54736328125,X1,X1
0.004186977632343769,6.841796875,-47.89501953125,-223.17962646484375,54.73681640625,X1,X1
5.928070068359375,-2.47503662109375,56.77899169921875,-260.90911865234375,-59.2540283203125,X1,X1
0.0973229631781578,-9.55621337890625,-32.36285400390625,-246.17059326171875,22.806640625,X2,X1
1.3605716553399816e-08,107.5816650390625,-73.54608154296875,-262.8691711425781,181.12774658203125,X2,X1
3.430996642350692e-08,161.9588623046875,-9.91943359375,-264.581787109375,171.8782958984375,X2,X1
2.4257375283247805e-14,196.73834228515625,-116.76220703125,-244.94528198242188,313.50054931640625,X2,X1
3.012668239876781e-13,159.64410400390625,-128.6636962890625,-191.71334838867188,288.30780029296875,X2,X1
2.126386844381045e-09,177.74188232421875,-21.946533203125,-176.54849243164062,199.68841552734375,X2,X1
11.68172836303711,6.76593017578125,123.5831298828125,-300.5242614746094,-116.81719970703125,X1,X1
28.29304313659668,-86.9046630859375,196.0257568359375,-397.833251953125,-282.930419921875,X1,X2
6.248407657949429e-08,71.63555908203125,-94.24798583984375,-330.47186279296875,165.883544921875,X2,X1
15.033441543579102,28.5198974609375,178.85430908203125,-410.6272277832031,-150.33441162109375,X2,X2
17.72810173034668,31.7108154296875,208.9918212890625,-1333.6287841796875,-177.281005859375,X2,X2
9.063823699951172,55.987548828125,146.62469482421875,-2032.9619140625,-90.6370849609375,X2,X2
10.616772651672363,89.449951171875,195.617431640625,-2021.962890625,-106.16748046875,X2,X2
4.122657299041748,96.4384765625,137.501708984375,-2713.94921875,-41.063232421875,X2,X2
7.0191569328308105,137.679931640625,207.862548828125,-3397.927734375,-70.1826171875,X2,X2
1.5718326568603516,168.05322265625,181.44427490234375,-4147.42578125,-13.390625,X2,X2
0.006785646080970764,202.859375,152.9642333984375,-4329.05224609375,49.8955078125,X2,X2
0.12218800187110901,219.15380859375,198.74908447265625,-4261.8466796875,20.40478515625,X2,X2
0.006571959238499403,227.580810546875,177.3641357421875,-3071.41796875,50.216552734375,X2,X2
0.0008705949294380844,250.75537109375,180.29638671875,-3328.618408203125,70.458984375,X2,X2
0.08270947635173798,222.337890625,197.8302001953125,-3859.798828125,24.5078125,X2,X2
3.5479226312418177e-07,343.62744140625,195.110107421875,-3600.310546875,148.517333984375,X2,X2
1.4410314179258421e-05,304.447265625,192.97186279296875,-3634.58251953125,111.4755859375,X2,X2
5.484954817802645e-05,226.00927734375,127.9002685546875,-3634.906494140625,98.10888671875,X2,X2
2.3469085135729983e-05,283.2021484375,176.6041259765625,-3671.401611328125,106.59814453125,X2,X2
0.7505530118942261,137.208984375,138.3260498046875,-3960.15966796875,-1.116943359375,X1,X2
7.73154606577009e-05,281.533203125,186.85736083984375,-3411.946533203125,94.67578125,X2,X2
5.2382415560714435e-06,287.81005859375,166.21502685546875,-2895.065673828125,121.59521484375,X2,X2
0.2055530846118927,157.44580078125,142.67071533203125,-2606.296875,14.775146484375,X1,X2
3.1362003937829286e-05,274.3193359375,170.62042236328125,-3148.9658203125,103.698974609375,X2,X2
3.328453749418259e-05,268.23681640625,165.13287353515625,-3609.095703125,103.10400390625,X2,X2
0.02038760297000408,217.2138671875,178.38751220703125,-5741.5859375,38.826171875,X1,X2
2.4228365091971682e-08,334.9521484375,159.59442138671875,-5643.064453125,175.357421875,X2,X2
0.010130267590284348,206.3408203125,160.4696044921875,-5615.2744140625,45.87158203125,X2,X2
0.0071922545321285725,224.8056640625,175.4942626953125,-6271.291015625,49.3115234375,X2,X2
0.018225613981485367,206.1162109375,166.1578369140625,-6432.3837890625,39.9580078125,X1,X2
4.2159423828125,127.62353515625,169.63409423828125,-6761.791015625,-42.0107421875,X2,X2
2.937082133058766e-09,358.6875,162.2288818359375,-6963.8271484375,196.45849609375,X2,X2
7.198603692304406e-14,472.89013671875,170.2669677734375,-7375.18115234375,302.623046875,X1,X2
3.050798724757442e-09,363.1943359375,167.1153564453125,-8162.4853515625,196.07861328125,X2,X2
4.319767807348107e-11,405.927734375,167.27593994140625,-8537.1171875,238.65234375,X2,X2
1.671513642287955e-14,477.9365234375,160.7120361328125,-8883.5888671875,317.224609375,X1,X2
1.247770081702626e-10,375.6396484375,147.59478759765625,-9306.2431640625,228.044921875,X2,X2
6.599469770662836e-08,327.6826171875,162.3458251953125,-9110.615234375,165.3369140625,X2,X2
4.4923356767867517e-07,272.80859375,126.651611328125,-9300.87109375,146.1572265625,X2,X2
3.7344099709270273e-13,479.857421875,193.69775390625,-9466.583984375,286.16015625,X1,X2
9.304915238317335e-08,318.1796875,156.2786865234375,-9627.669921875,161.9013671875,X2,X2
3.7626377569210945e-09,326.5283203125,132.54681396484375,-10185.376953125,193.9814453125,X2,X2
5.904047282467048e-16,496.5400390625,145.88262939453125,-9642.9453125,350.6572265625,X1,X2
1.7548348885121356e-10,372.7041015625,148.068603515625,-9765.708984375,224.634765625,X2,X2
1.1357760565378072e-10,380.32421875,151.3392333984375,-9709.369140625,228.9853515625,X2,X2
1.8154736679374013e-14,451.6533203125,135.254150390625,-10227.1865234375,316.3984375,X1,X2
1.0047281762126659e-07,339.9951171875,178.86138916015625,-10237.15234375,161.1337890625,X2,X2
0.03441017493605614,211.595703125,178.0751953125,-9779.6826171875,33.521484375,X2,X2
2.4651893859584106e-09,365.556640625,167.34674072265625,-13462.857421875,198.2099609375,X2,X2
0.0002811273152474314,267.51953125,185.7545166015625,-16885.66796875,81.765625,X1,X2
8.926544399490144e-12,365.4296875,111.01019287109375,-17000.24609375,254.419921875,X2,X2
5.0652498513738415e-20,594.9892578125,150.6961669921875,-15161.2294921875,444.29296875,X2,X2
6.411245730917309e-18,588.8466796875,192.9615478515625,-13947.6279296875,395.884765625,X1,X2
1.2185391473974718e-19,565.333984375,129.81927490234375,-13222.732421875,435.5146484375,X2,X2
1.1799343155871611e-05,308.50390625,195.02935791015625,-11563.2197265625,113.474609375,X2,X2
1.4845660592906424e-15,471.154296875,129.718017578125,-9949.19140625,341.4365234375,X1,X2
12.458792686462402,49.173828125,173.762451171875,-9561.8486328125,-124.587890625,X2,X2
0.6931471824645996,0.0,0.0,-7487.26220703125,0.0,X2,X2
0.059957873076200485,221.1171875,193.27740478515625,-6269.29443359375,27.83984375,X2,X2
2.3583793338360914e-12,414.9130859375,147.1827392578125,-6847.50439453125,267.73046875,X1,X2
3.3120728382129982e-12,425.3857421875,161.05120849609375,-7221.7255859375,264.33447265625,X2,X2
1.4359019750997959e-08,352.7158203125,172.1265869140625,-7079.00830078125,180.5888671875,X2,X2
4.9763956844195434e-11,370.1435546875,132.906005859375,-6785.9287109375,237.2373046875,X1,X2
6.714222990922281e-07,323.11279296875,180.97412109375,-6629.7919921875,142.138671875,X2,X2
3.764451321330853e-05,265.3486328125,163.47576904296875,-6239.1484375,101.873046875,X1,X2
0.6931471824645996,0.0,0.0,-6518.2119140625,0.0,X2,X2
5.918489478062838e-05,283.65185546875,186.30377197265625,-6697.58203125,97.34814453125,X1,X2
6.097815585803801e-10,356.3017578125,144.1226806640625,-6835.10546875,212.17919921875,X1,X2
2.3135648952177235e-10,380.43408203125,158.56317138671875,-6946.98046875,221.87060546875,X1,X2
7.942954627360166e-10,373.671875,164.13616943359375,-7146.345703125,209.53564453125,X2,X2
0.010577316395938396,195.2412109375,149.80377197265625,-7399.724609375,45.4375,X1,X2
0.010331548750400543,178.9248046875,133.25103759765625,-7872.37255859375,45.673828125,X1,X2
4.553196808845285e-14,451.7822265625,144.578857421875,-8259.4833984375,307.20361328125,X1,X2
1.0691554308550621e-09,365.1318359375,158.56805419921875,-8264.3056640625,206.56396484375,X2,X2
4.981426173790958e-16,526.640625,174.2840576171875,-7947.94921875,352.3564453125,X1,X2
1.8557933361992125e-16,522.923828125,160.693603515625,-7891.068359375,362.23046875,X1,X2
1.7241637804976673e-12,421.787109375,150.92431640625,-7924.546875,270.86279296875,X2,X2
1.9629949589102837e-14,478.8349609375,163.217529296875,-7786.8310546875,315.6171875,X1,X2
2.051489268175763e-13,442.3720703125,150.22174072265625,-7460.95068359375,292.150390625,X2,X2
3.579060162168813e-16,529.4990234375,173.83642578125,-7316.69140625,355.66259765625,X1,X2
0.6931471824645996,0.0,0.0,-7346.5478515625,0.0,X2,X2
0.10961543768644333,216.22998046875,194.67535400390625,-7335.21240234375,21.5546875,X2,X2
7.110253791992038e-12,437.013671875,180.318603515625,-7605.86328125,256.69482421875,X2,X2
2.924342767940402e-09,330.6640625,134.16241455078125,-7934.66015625,196.501953125,X2,X2
0.6931471824645996,0.0,0.0,-8108.2548828125,0.0,X2,X2
1.1398573397905157e-19,585.4130859375,149.23114013671875,-7857.1142578125,436.18212890625,X2,X2
4.594971321839059e-13,487.740234375,203.6539306640625,-8313.9453125,284.08642578125,X2,X2
2.451223775619773e-15,434.970703125,98.54888916015625,-7978.2021484375,336.421875,X2,X2
9.863664808070001e-20,595.28515625,157.6563720703125,-7853.4755859375,437.62841796875,X2,X2
3.797165959440463e-08,311.94140625,141.07720947265625,-7903.86474609375,170.8642578125,X2,X2
2.1043542342696897e-12,430.9443359375,162.07379150390625,-7345.28564453125,268.8701171875,X2,X2
0.6931471824645996,0.0,0.0,-7153.83984375,0.0,X2,X2
0.029674652963876724,191.564453125,156.53857421875,-7129.375,35.02587890625,X2,X2
1.1325483567192329e-14,456.24560546875,135.12841796875,-5758.4228515625,321.1171875,X2,X2
2.2534194867873714e-18,592.0,185.6590576171875,-5119.26171875,406.3408203125,X2,X2
1.1205881492457376e-22,665.1220703125,159.692138671875,-4391.189453125,505.43017578125,X1,X2
5.06820185218489e-22,653.86181640625,163.52276611328125,-3763.34130859375,490.3388671875,X2,X2
1.3442825962400011e-22,651.394775390625,147.78460693359375,-3185.06494140625,503.610107421875,X2,X2
1.5854425010220919e-18,604.892578125,195.03594970703125,-3043.65380859375,409.856689453125,X2,X2
3.8176650322483945e-20,629.12841796875,182.0079345703125,-2436.896728515625,447.12060546875,X1,X2
7.773773624819569e-09,379.881103515625,193.156005859375,-2298.25927734375,186.72509765625,X2,X2
2.5981189821896924e-16,560.33154296875,201.46575927734375,-1897.48046875,358.86572265625,X2,X2
2.466412510385032e-20,611.1533203125,159.6639404296875,-1629.276123046875,451.4893798828125,X2,X2
1.894518226709801e-17,589.44189453125,204.39215087890625,-1608.4609375,385.0498046875,X1,X2
4.0141963603250315e-19,588.6304931640625,165.0377197265625,-1502.389404296875,423.5927734375,X1,X2
2.186005197442489e-19,593.8040771484375,164.13360595703125,-1370.85595703125,429.67041015625,X1,X2
3.1622796353366415e-18,566.90234375,163.949951171875,-1716.8836669921875,402.952392578125,X2,X2
4.537907809937236e-12,453.178466796875,191.99285888671875,-1620.248046875,261.185546875,X2,X2
8.258222364034278e-16,512.27587890625,164.97442626953125,-1510.8236083984375,347.301513671875,X2,X2
2.7688487959228413e-17,540.04345703125,158.788330078125,-1343.8800048828125,381.255126953125,X2,X2
2.0624991538313137e-16,513.257080078125,152.0826416015625,-1294.31689453125,361.1744384765625,X2,X2
1.5117841354257762e-18,551.1541748046875,140.82183837890625,-1463.5888671875,410.3323974609375,X2,X2
2.782677601403503e-17,558.68994140625,177.48468017578125,-1412.7227783203125,381.205322265625,X2,X2
1.403488615654568e-18,552.4591064453125,141.38336181640625,-1332.691650390625,411.07568359375,X2,X2
8.025576294741412e-16,532.5498046875,184.96258544921875,-1340.90283203125,347.5872802734375,X2,X2
1.342279474283439e-14,497.4190673828125,178.00091552734375,-1209.5936279296875,319.418212890625,X2,X2
2.1523145570912194e-16,523.453369140625,162.7052001953125,-1203.058837890625,360.7481689453125,X1,X2
1.5971163562504456e-17,556.9033203125,170.1458740234375,-1162.746337890625,386.7574462890625,X2,X2
3.1720102737340826e-15,526.0943603515625,192.250244140625,-1171.6259765625,333.8441162109375,X2,X2
4.512010506764424e-18,542.9267578125,143.52886962890625,-1181.3023681640625,399.39788818359375,X1,X2
5.47804317895293e-16,512.685546875,161.2794189453125,-1189.9013671875,351.4061279296875,X2,X2
6.350978261385369e-17,537.245849609375,164.29241943359375,-1169.4339599609375,372.953369140625,X1,X2
1.8149198777964864e-14,473.377685546875,156.97613525390625,-976.5609741210938,316.4014892578125,X2,X2
5.958388215330027e-14,498.4666748046875,193.95269775390625,-1207.9197998046875,304.513916015625,X2,X2
2.7033571017962003e-17,518.912841796875,137.4183349609375,-1121.954833984375,381.4945068359375,X2,X2
8.605089026319374e-14,503.90576171875,203.0673828125,-1316.74365234375,300.83837890625,X2,X2
1.6647470348855192e-13,449.01806640625,154.77874755859375,-1099.2275390625,294.23931884765625,X1,X2
7.124761387547894e-17,532.9537353515625,161.14996337890625,-1064.65185546875,371.8037109375,X2,X2
1.0021046052157128e-14,521.055908203125,198.71502685546875,-1009.09716796875,322.34088134765625,X2,X2
6.4399240827545224e-18,505.594970703125,109.7548828125,-1023.2413330078125,395.84014892578125,X1,X2
1.355323520080276e-09,407.0860595703125,202.89385986328125,-966.9810180664062,204.1922607421875,X2,X2
1.454951802221162e-16,519.3448486328125,154.6810302734375,-1055.0699462890625,364.66387939453125,X2,X2
9.726069051737304e-17,530.4014892578125,161.71014404296875,-1029.45068359375,368.69134521484375,X1,X2
1.8916361600490768e-14,504.5880126953125,188.6005859375,-1078.5211181640625,315.98748779296875,X2,X2
1.1189129209194956e-16,533.6033935546875,166.3133544921875,-1038.008056640625,367.2900390625,X2,X2
9.589170660359778e-17,498.825439453125,129.9923095703125,-1067.837646484375,368.8331298828125,X1,X2
3.5672269795467725e-17,529.285400390625,150.5638427734375,-1004.8751831054688,378.7215576171875,X2,X2
1.996756294583477e-16,535.4625244140625,173.9642333984375,-1117.7755126953125,361.49835205078125,X2,X2
1.2599972961827932e-15,514.91796875,171.84130859375,-1073.808837890625,343.07666015625,X1,X2
2.2048879174817355e-14,513.24609375,198.791015625,-1137.4052734375,314.45513916015625,X2,X2
0.6931471824645996,0.0,0.0,-1226.211669921875,0.0,X2,X2
6.933218121416135e-17,531.171142578125,159.094970703125,-1024.844970703125,372.07623291015625,X1,X2
1.0329908993076883e-13,457.1961669921875,158.18475341796875,-1056.9549560546875,299.011474609375,X2,X2
4.689159043527638e-16,522.2435302734375,169.282470703125,-1045.515625,352.9610595703125,X1,X2
4.2386689713680425e-09,397.4139404296875,204.623779296875,-976.5165405273438,192.7901611328125,X2,X2
8.092132967363103e-16,528.1748046875,180.6700439453125,-885.5528564453125,347.50469970703125,X2,X2
3.2692411195749547e-17,531.0316162109375,151.43780517578125,-1065.025146484375,379.5938720703125,X2,X2
2.3599472934654128e-14,512.9066162109375,199.131103515625,-1054.614501953125,313.7755126953125,X2,X2
5.028490712472196e-15,516.940185546875,187.70367431640625,-1187.0384521484375,329.236572265625,X1,X2
4.946204578727686e-13,494.14599609375,210.796142578125,-1119.1337890625,283.349853515625,X2,X2
3.5047607719641827e-14,497.74169921875,187.92108154296875,-924.7661743164062,309.8206787109375,X2,X2
2.3333482950171454e-17,506.137451171875,123.1710205078125,-1053.32958984375,382.9664306640625,X1,X2
0.002847609343007207,215.864990234375,157.2664794921875,-1222.125244140625,58.5985107421875,X2,X2
3.8335904691632394e-18,551.203369140625,150.1761474609375,-1192.9677734375,401.02728271484375,X2,X2
5.429907173759659e-21,645.897705078125,179.2740478515625,-1360.777099609375,466.6236572265625,X2,X2
5.219051979945309e-25,692.5841064453125,133.46099853515625,-1241.185791015625,559.1231079101562,X1,X2
8.484194673970617e-18,587.65087890625,194.56756591796875,-1502.6495361328125,393.083251953125,X2,X2
3.7054776574213755e-27,768.905517578125,160.3056640625,-1497.4254150390625,608.599853515625,X1,X2
1.788916063893975e-11,440.591552734375,193.123291015625,-1557.949462890625,247.46826171875,X2,X2
8.715788841247559,56.8486328125,144.0048828125,-2020.953369140625,-87.15625,X2,X2
5.351362779038027e-05,238.82568359375,140.4700927734375,-2164.304931640625,98.35546875,X2,X2
1.34812216145947e-32,906.568603515625,172.72845458984375,-2019.9298095703125,733.840087890625,X1,X2
2.5402626138623982e-20,647.924560546875,196.73028564453125,-2289.0634765625,451.1943359375,X2,X2
1.2644427876701975e-13,479.95947265625,182.9697265625,-2464.091796875,296.98974609375,X2,X2
9.971007819026097e-17,564.140869140625,195.6983642578125,-2145.18017578125,368.442626953125,X2,X2
2.065767880835632e-30,870.5146484375,186.994140625,-1921.918212890625,683.5205078125,X1,X2
2.070438260950771e-30,849.701904296875,166.2039794921875,-1926.09814453125,683.4979248046875,X2,X2
2.335146362070945e-25,707.54736328125,140.3818359375,-2033.94873046875,567.16552734375,X2,X2
4.347467566380592e-29,835.486328125,182.43267822265625,-2606.194580078125,653.0537109375,X1,X2
2.4084639101808554e-32,874.126708984375,146.0892333984375,-2484.77734375,728.037353515625,X2,X2
6.230785421927739e-22,684.40283203125,196.129150390625,-2371.4697265625,488.273681640625,X2,X2
3.995397315506333e-38,998.389892578125,137.2591552734375,-2651.3642578125,861.130859375,X1,X2
5.387712884583785e-21,657.76611328125,191.0643310546875,-2485.2314453125,466.70166015625,X2,X2
8.375150725159239e-26,759.410400390625,181.9910888671875,-2509.328125,577.41943359375,X2,X2
4.486914053774719e-19,616.609619140625,194.1300048828125,-3170.6142578125,422.4794921875,X2,X2
1.018545730524226e-29,857.1767578125,189.61083984375,-3550.21923828125,667.56591796875,X1,X2
6.21238573040722e-24,685.38232421875,151.02740478515625,-3290.700927734375,534.35498046875,X2,X2
8.549612283248122e-29,815.708740234375,169.41796875,-2939.73095703125,646.290771484375,X2,X2
5.7467622924297686e-33,931.19287109375,188.8262939453125,-2965.666259765625,742.36669921875,X1,X2
2.5558037139072e-21,666.3466796875,192.1875,-3221.718994140625,474.1591796875,X2,X2
2.0529096939332995e-36,953.185546875,131.44757080078125,-3234.21484375,821.738037109375,X1,X2
2.9410337196151445e-17,574.933837890625,194.2818603515625,-3139.090576171875,380.65185546875,X2,X2
7.747708186749934e-31,809.57275390625,116.24542236328125,-2800.56591796875,693.327392578125,X2,X2
1.0898147109402305e-27,770.28759765625,149.44952392578125,-3427.8310546875,620.837890625,X2,X2
4.391563083409353e-18,580.41943359375,180.75115966796875,-3595.060302734375,399.66845703125,X2,X2
1.1035540965519635e-33,929.031005859375,170.16326904296875,-2454.810302734375,758.86767578125,X1,X2
2.982474034500762e-25,730.313232421875,165.59454345703125,-2538.0380859375,564.71875,X2,X2
1.0472546027716962e-32,886.82763671875,150.46234130859375,-2432.42431640625,736.365478515625,X2,X2
8.702666021796774e-40,1072.8046875,173.4068603515625,-2383.64697265625,899.397705078125,X1,X2
0.6931471824645996,0.0,0.0,-2885.480712890625,0.0,X2,X2
6.457332134246826,-8.88134765625,55.676025390625,-3233.88916015625,-64.5576171875,X2,X2
1.6769151019000038e-31,855.264404296875,146.63275146484375,-1961.408203125,708.6318359375,X1,X2
2.317258004272734e-24,724.77978515625,180.5631103515625,-2914.43896484375,544.216552734375,X2,X2
1.1841176896297367e-24,701.84326171875,150.9127197265625,-2831.61376953125,550.930419921875,X2,X2
7.106016447104979e-29,767.18603515625,119.0458984375,-2130.720458984375,648.1402587890625,X2,X2
9.502182876114933e-31,850.30810546875,159.02215576171875,-2029.9833984375,691.2861328125,X1,X2
6.357818785329705e-12,420.11767578125,162.3043212890625,-1912.17724609375,257.8133544921875,X2,X2
1.0337744829009368e-26,793.981201171875,195.641357421875,-2180.07373046875,598.3399658203125,X2,X2
1.7043798998998702e-26,761.23583984375,167.8958740234375,-1817.4798583984375,593.340087890625,X1,X2
1.0542462736129465e-11,424.8818359375,172.1256103515625,-2073.01611328125,252.756103515625,X2,X2
2.898724603876199e-21,650.399658203125,177.49945068359375,-2595.46923828125,472.900146484375,X2,X2
6.259949376453941e-36,982.23388671875,171.64501953125,-1849.112060546875,810.5888671875,X1,X2
2.2155359209346405e-22,679.203857421875,180.59027099609375,-2112.740478515625,498.61376953125,X2,X2
8.13830382726216e-35,933.114013671875,148.175048828125,-1931.24267578125,784.93896484375,X2,X2
2.6988678421199335e-22,620.0009765625,123.360595703125,-2002.6124267578125,496.640380859375,X2,X2
4.384073476092317e-29,818.1805419921875,165.2105712890625,-1752.3662109375,652.9698486328125,X1,X2
2.5409166369819003e-24,736.166748046875,192.8714599609375,-2659.08642578125,543.295166015625,X2,X2
1.0555077645246769e-11,388.91162109375,136.16754150390625,-2005.80908203125,252.744140625,X2,X2
4.684639417649752e-37,1000.3984375,163.8848876953125,-1607.447021484375,836.5135498046875,X1,X2
1.12461304380192e-23,656.619873046875,128.19964599609375,-1748.6082763671875,528.420166015625,X2,X2
7.152070564283614e-33,889.745361328125,149.5662841796875,-1640.408203125,740.1790771484375,X2,X2
9.237347705922094e-38,1019.041748046875,166.2919921875,-1601.853271484375,852.749755859375,X1,X2
3.621195547538604e-30,821.96484375,144.057373046875,-1844.4434814453125,677.907470703125,X2,X2
4.270420610399557e-25,751.586669921875,190.45751953125,-1898.7171630859375,561.129150390625,X2,X2
1.1996321802956473e-14,526.800048828125,206.2584228515625,-2043.0196533203125,320.541748046875,X2,X2
3.2837812973543643e-37,987.16064453125,147.09423828125,-1779.7314453125,840.0665283203125,X1,X2
1.423420492585592e-09,394.015625,190.3135986328125,-2101.535400390625,203.7020263671875,X2,X2
0.6931471824645996,0.0,0.0,-2922.7490234375,0.0,X2,X2
2.162961884281322e-19,583.21435546875,153.43804931640625,-2250.8115234375,429.7763671875,X1,X2
5.1745219374035495e-27,747.824951171875,142.564453125,-1809.9232177734375,605.260498046875,X2,X2
3.8365234072577984e-22,653.8125,160.689208984375,-2366.54248046875,493.123046875,X2,X2
6.981758714433265e-25,707.526611328125,151.3133544921875,-2156.185546875,556.2132568359375,X1,X2
1.3031603841612806e-32,910.5712890625,176.39190673828125,-2051.946044921875,734.1793212890625,X2,X2
2.510609534694146e-28,811.473876953125,175.955322265625,-2007.236083984375,635.5185546875,X2,X2
0.6931471824645996,0.0,0.0,-2344.8623046875,0.0,X2,X2
1.643717535119579e-21,656.81396484375,178.24078369140625,-2402.7568359375,478.5732421875,X2,X2
1.4113661337334158e-16,564.67919921875,199.711181640625,-2151.1220703125,364.968017578125,X2,X2
2.6079453750148426e-19,562.8779296875,134.97222900390625,-1908.5809326171875,427.905517578125,X2,X2
1.863219841157144e-24,745.635009765625,199.23773193359375,-2021.0205078125,546.3973388671875,X2,X2
0.6931471824645996,0.0,0.0,-2213.458251953125,0.0,X2,X2
3.895303777614028e-15,485.864501953125,154.07440185546875,-2032.677490234375,331.7900390625,X2,X2
6.890176154160665e-28,800.8330078125,175.41015625,-1920.18310546875,625.4228515625,X2,X2
1.5186236646386673e-23,720.306640625,194.89013671875,-2491.564208984375,525.41650390625,X2,X2
0.6931471824645996,0.0,0.0,-2146.41259765625,0.0,X2,X2
1.5190149605998026e-19,592.788330078125,159.47772216796875,-2239.102783203125,433.310546875,X2,X2
1.721444633468475e-29,847.687255859375,185.3692626953125,-1572.43017578125,662.3179931640625,X1,X2
2.4236280876188256e-22,680.8856201171875,183.16949462890625,-1674.1356201171875,497.716064453125,X1,X2
1.8401241588421824e-37,1012.1341552734375,166.276123046875,-1775.0484619140625,845.858154296875,X1,X2
5.433748350614948e-33,903.095703125,160.16888427734375,-1704.667724609375,742.9267578125,X1,X2
9.555473407119564e-23,654.99267578125,147.96923828125,-1783.152099609375,507.0234375,X1,X2
1.191610151480768e-13,469.4443359375,171.86138916015625,-2078.599853515625,297.5830078125,X2,X2
6.273206848227552e-39,1021.690673828125,142.04541015625,-1722.2506103515625,879.645263671875,X1,X2
1.1705335765827213e-29,799.2255859375,133.05047607421875,-1958.9530029296875,666.175048828125,X2,X2
1.2222006743730566e-15,549.9296875,206.54852294921875,-2135.44921875,343.3812255859375,X2,X2
2.1960287180370454e-32,902.858642578125,173.89776611328125,-1919.9385986328125,728.960693359375,X2,X2
9.430529060430546e-33,928.57373046875,191.16015625,-2042.272705078125,737.41357421875,X1,X2
0.0086358692497015,194.692626953125,147.21746826171875,-2120.29833984375,47.47509765625,X2,X2
2.299197724100991e-25,748.0498046875,180.72918701171875,-1745.554443359375,567.3206787109375,X2,X2
9.805898936794657e-33,885.90087890625,148.87762451171875,-2153.61474609375,737.023193359375,X1,X2
2.3679256026747195e-16,557.8046875,198.01116943359375,-2386.3291015625,359.79345703125,X2,X2
3.8419732370443e-21,655.57080078125,185.48779296875,-2330.03759765625,470.0830078125,X2,X2
7.951535363281669e-21,637.99462890625,175.18548583984375,-2164.478759765625,462.8092041015625,X1,X2
1.3602587650284482e-14,506.855712890625,187.57049560546875,-2519.552734375,319.28515625,X2,X2
8.401511922987713e-20,640.849365234375,201.616455078125,-2806.164306640625,439.23291015625,X2,X2
2.9190025325857123e-25,700.745849609375,135.81201171875,-1813.1026611328125,564.933837890625,X1,X2
2.7898080637198324e-18,606.489990234375,202.28436279296875,-2598.60107421875,404.20556640625,X2,X2
1.5809828730717859e-21,658.64013671875,179.677734375,-1926.1455078125,478.96240234375,X2,X2
5.873957905261426e-19,520.954345703125,101.16864013671875,-2122.029296875,419.785888671875,X1,X2
5.767175609685052e-14,478.77978515625,173.939697265625,-1801.3673095703125,304.840087890625,X1,X2
1.3944381760389035e-10,381.537109375,154.60357666015625,-1833.799072265625,226.93359375,X2,X2
2.6729005597961816e-18,577.098388671875,172.4647216796875,-1702.4072265625,404.6336669921875,X1,X2
2.123540136497664e-18,551.147705078125,144.2132568359375,-1622.273193359375,406.9344482421875,X1,X2
8.05507405169342e-18,527.5087890625,133.9066162109375,-2176.2470703125,393.602294921875,X1,X2
3.62269580890917e-18,519.319091796875,117.7259521484375,-1410.402587890625,401.5931396484375,X1,X2
1.2361907163802588e-18,556.549072265625,144.20404052734375,-1694.5914306640625,412.344970703125,X1,X2
6.002217342262637e-16,508.7119140625,158.2196044921875,-1876.630126953125,350.4923095703125,X1,X2
1.5193069832733795e-16,535.69189453125,171.46087646484375,-1666.8740234375,364.2310791015625,X1,X2
4.6439968349668145e-16,500.33447265625,147.27667236328125,-2825.8916015625,353.057861328125,X1,X2
1.949758930697154e-11,434.306640625,187.6993408203125,-1803.663818359375,246.6072998046875,X1,X2
2.329186648240833e-13,470.46435546875,179.58349609375,-1804.809814453125,290.880859375,X1,X2
7.907318029520827e-12,459.553466796875,203.921142578125,-1822.945556640625,255.63232421875,X2,X2
1.6241754035445366e-12,429.98681640625,158.526611328125,-2074.2998046875,271.460205078125,X2,X2
1.638120109496283e-15,495.28759765625,154.8353271484375,-2054.07373046875,340.4522705078125,X2,X2
1.3173296106022952e-14,479.43408203125,159.8282470703125,-2064.24951171875,319.6058349609375,X2,X2
6.103592891520959e-12,445.4462890625,187.224853515625,-1961.9071044921875,258.221435546875,X2,X2
7.72346433770138e-13,460.9296875,182.0362548828125,-1551.869873046875,278.8934326171875,X2,X2
1.3830481017710304e-14,480.672607421875,161.5535888671875,-1812.222412109375,319.1190185546875,X2,X2
1.1316365469273373e-15,508.1593017578125,164.0081787109375,-923.1263427734375,344.151123046875,X2,X2
2.3748889546549787e-14,479.6217041015625,165.9093017578125,-1453.10888671875,313.71240234375,X2,X2
0.046836934983730316,178.02880859375,147.653076171875,-1964.9395751953125,30.375732421875,X2,X2
1.896738766049566e-09,379.57177734375,178.7406005859375,-1906.7342529296875,200.831298828125,X2,X2
6.963620648522154e-17,498.298095703125,126.26580810546875,-1914.6600341796875,372.032470703125,X2,X2
5.549449644593244e-16,547.11376953125,195.83721923828125,-2273.22607421875,351.276611328125,X2,X2
4.234183700065014e-17,574.431884765625,197.4241943359375,-2514.65673828125,377.007568359375,X2,X2
2.0064448625749637e-17,579.91796875,195.4422607421875,-2546.58056640625,384.475830078125,X2,X2
4.713077020570445e-18,578.156005859375,179.194091796875,-2617.05810546875,398.9619140625,X2,X2
1.6291316711457282e-14,495.48681640625,178.00537109375,-2725.24072265625,317.4814453125,X2,X2
9.542442788116957e-21,634.212890625,173.22735595703125,-2767.37841796875,460.9853515625,X2,X2
3.7181019439495866e-15,511.339599609375,179.0841064453125,-3242.34326171875,332.255615234375,X2,X2
1.7089870533804496e-21,642.6181640625,164.4342041015625,-2706.40185546875,478.183837890625,X2,X2
2.4866509187125168e-18,596.8720703125,191.51611328125,-3393.488525390625,405.35595703125,X2,X2
3.5557540527426934e-13,435.135009765625,148.48455810546875,-2849.87744140625,286.650390625,X2,X2
1.41334914691843e-12,433.45263671875,160.6019287109375,-3169.43359375,272.8505859375,X2,X2
0.6931471824645996,0.0,0.0,-3345.572021484375,0.0,X2,X2
1.772042611422712e-21,653.1513671875,175.32989501953125,-2856.314453125,477.821533203125,X2,X2
5.213037900658746e-12,410.06201171875,150.263427734375,-3012.765625,259.798583984375,X2,X2
3.707702547761649e-13,403.49951171875,117.267578125,-3017.258056640625,286.23193359375,X2,X2
6.280792730872796e-18,581.4619140625,185.37139892578125,-3265.541259765625,396.09033203125,X2,X2
3.615048110555811e-18,617.03076171875,215.41650390625,-3279.9541015625,401.6142578125,X2,X2
5.78085248307431e-22,654.85595703125,165.83270263671875,-3358.341796875,489.023193359375,X2,X2
1.0023979803709503e-16,550.08154296875,181.69171142578125,-3278.8515625,368.3896484375,X2,X2
1.4733449103907176e-22,672.037109375,169.34375,-2731.071533203125,502.693359375,X1,X2
5.427025774106361e-22,658.91552734375,169.2607421875,-3047.62158203125,489.65478515625,X2,X2
7.715872511494107e-19,610.521484375,193.4630126953125,-3100.13916015625,417.058349609375,X2,X2
1.1419925330681528e-22,660.69287109375,155.4520263671875,-2553.51513671875,505.240966796875,X1,X2
4.0721411377161954e-19,567.4658203125,144.016357421875,-3401.1484375,423.449462890625,X2,X2
3.626587704192548e-22,644.593994140625,150.90814208984375,-3349.38232421875,493.685791015625,X2,X2
3.4885725323861427e-15,529.045654296875,196.15283203125,-2929.57861328125,332.892822265625,X1,X2
3.3721395443431957e-19,596.43212890625,171.09649658203125,-3430.421875,425.335693359375,X2,X2
5.31165170915694e-15,465.0244140625,136.335693359375,-4126.3173828125,328.688720703125,X2,X2
9.184012690802922e-23,651.8818359375,144.4617919921875,-3356.37841796875,507.419921875,X2,X2
5.855555465097078e-23,661.18896484375,149.268310546875,-2952.9189453125,511.920654296875,X1,X2
5.203405699454116e-18,604.68798828125,206.7159423828125,-3380.514404296875,397.97216796875,X2,X2
5.128898845072668e-16,482.84521484375,130.78045654296875,-3526.81591796875,352.064697265625,X2,X2
2.9671399559560996e-08,279.375732421875,106.04486083984375,-2930.494140625,173.330810546875,X1,X2
6.983953968393228e-22,659.78271484375,172.65008544921875,-3325.01806640625,487.132568359375,X2,X2
7.418232877661196e-22,652.017822265625,165.488525390625,-3368.818115234375,486.529296875,X2,X2
2.4953904890120973e-20,635.061279296875,183.68865966796875,-2802.8017578125,451.37255859375,X1,X2
4.484115131007829e-16,515.62841796875,162.22021484375,-3435.67041015625,353.408203125,X2,X2
1.606970070520356e-14,525.13623046875,207.5179443359375,-3259.36865234375,317.618408203125,X2,X2
6.307623755757631e-22,635.42333984375,147.272216796875,-3423.05029296875,488.151123046875,X2,X2
7.368425840936224e-22,624.046142578125,137.44940185546875,-3396.3564453125,486.5966796875,X1,X2
1.989822116240756e-23,615.08203125,92.367919921875,-3095.4326171875,522.714111328125,X2,X2
1.4694336496702104e-21,647.6904296875,167.99627685546875,-3097.2119140625,479.694091796875,X2,X2
8.646361700950282e-23,673.168701171875,165.14532470703125,-3463.20947265625,508.023193359375,X1,X2
1.2866675314254138e-16,510.510498046875,144.6171875,-3286.114013671875,365.89306640625,X2,X2
4.92764334815553e-21,634.519775390625,166.9256591796875,-3008.345947265625,467.59423828125,X2,X2
1.2399853395856862e-22,672.430908203125,168.01312255859375,-3382.52099609375,504.417724609375,X1,X2
2.7083770870158297e-22,621.2939453125,124.68878173828125,-3103.6181640625,496.605224609375,X2,X2
9.970862947348706e-23,651.970703125,145.37298583984375,-3237.64208984375,506.597900390625,X2,X2
3.0646494998849694e-13,438.792724609375,150.65594482421875,-3197.9140625,288.13671875,X2,X2
2.3135631687406426e-19,582.35595703125,153.2528076171875,-3096.89013671875,429.103271484375,X1,X2
1.2442707975494358e-19,581.456298828125,146.150634765625,-3383.920654296875,435.3056640625,X2,X2
1.3557703652342162e-17,583.23828125,194.8426513671875,-3317.7861328125,388.395751953125,X2,X2
9.730957895952646e-19,537.4482421875,122.7100830078125,-3046.01025390625,414.738037109375,X1,X2
4.451152512993183e-17,556.59033203125,180.08251953125,-2878.07373046875,376.5078125,X2,X2
3.8233132298170233e-16,531.45849609375,176.45599365234375,-3472.62890625,355.00244140625,X2,X2
4.031600550605877e-18,559.0654296875,158.5416259765625,-3439.791015625,400.523681640625,X1,X2
1.929979986251355e-21,659.7705078125,182.80267333984375,-3366.86474609375,476.9677734375,X2,X2
9.240787208565973e-19,570.173828125,154.9189453125,-3424.45947265625,415.2548828125,X2,X2
8.994331023033657e-22,654.29638671875,169.69342041015625,-3489.6337890625,484.602783203125,X2,X2
1.2256230051173192e-15,537.2451171875,193.89190673828125,-3538.52880859375,343.353271484375,X1,X2
8.532313896315495e-21,611.1513671875,149.0469970703125,-3542.232421875,462.104248046875,X2,X2
9.455735519110647e-20,583.22265625,145.17193603515625,-3834.690673828125,438.05078125,X2,X2
3.6795711871711445e-21,628.09375,157.5789794921875,-3533.71044921875,470.514892578125,X1,X2
4.521942563641022e-15,467.958984375,137.6605224609375,-4221.6259765625,330.29833984375,X2,X2
1.2847437367952839e-18,606.7978515625,194.83795166015625,-3427.0576171875,411.959716796875,X2,X2
2.0012317540965552e-13,434.7890625,142.390380859375,-3682.2861328125,292.3984375,X1,X2
2.1737657161112713e-18,563.6953125,156.99456787109375,-3440.134521484375,406.70068359375,X2,X2
4.808381462026355e-18,547.937255859375,149.17572021484375,-3207.33154296875,398.76171875,X2,X2
1.894321280175831e-19,606.13037109375,175.0277099609375,-3373.17724609375,431.1025390625,X1,X2
2.0285813137602886e-22,656.843505859375,157.34808349609375,-3345.44091796875,499.495361328125,X2,X2
8.87465452877831e-18,589.1376953125,196.50433349609375,-3838.494140625,392.63330078125,X2,X2
4.110373554875367e-21,668.0810546875,198.67340087890625,-3398.652587890625,469.40771484375,X1,X2
4.792000384148216e-15,521.6806640625,191.96246337890625,-3442.562255859375,329.71826171875,X2,X2
4.9637113267320815e-15,458.0654296875,128.69903564453125,-2866.5439453125,329.3662109375,X2,X2
1.0057430776039232e-21,654.66259765625,171.17681884765625,-3099.78759765625,483.485595703125,X1,X2
1.8026435604168718e-19,569.860107421875,138.2615966796875,-2800.5234375,431.5986328125,X2,X2
1.3534498521927674e-10,386.783447265625,159.5516357421875,-2968.881591796875,227.23193359375,X2,X2
1.7082922636711705e-18,557.4208984375,148.31072998046875,-2521.375,409.1103515625,X2,X2
3.6302647596682137e-17,570.558837890625,192.012451171875,-2880.225341796875,378.54638671875,X1,X2
6.9385716209312045e-22,662.485107421875,175.28717041015625,-2795.125732421875,487.19775390625,X2,X2
8.274977858491184e-07,182.28125,42.23248291015625,-3243.3623046875,140.048583984375,X2,X2
3.841123438211872e-21,665.654296875,195.5689697265625,-2889.24072265625,470.085205078125,X1,X2
2.305159013717104e-19,572.573486328125,143.433837890625,-2913.154296875,429.1396484375,X2,X2
1.337070491649577e-16,553.923828125,188.41497802734375,-2981.58740234375,365.5087890625,X1,X2
1.5464842587247991e-18,607.732177734375,197.62689208984375,-2988.34375,410.10546875,X2,X2
4.674371436455354e-16,553.18408203125,200.1912841796875,-2988.409423828125,352.99267578125,X2,X2
0.6931471824645996,0.0,0.0,-2987.636474609375,0.0,X2,X2
1.4694870199449437e-17,545.74462890625,158.154541015625,-2806.278076171875,387.59033203125,X1,X2
3.869166345298099e-22,654.98828125,161.9498291015625,-3260.58154296875,493.038330078125,X2,X2
7.11996116151802e-22,658.334716796875,171.3951416015625,-3129.40283203125,486.939697265625,X2,X2
5.792024873950353e-21,624.81591796875,158.8377685546875,-3506.310302734375,465.97802734375,X1,X2
6.009886944358617e-18,549.483154296875,152.9520263671875,-3184.48388671875,396.53125,X2,X2
1.3409634815449373e-15,513.646484375,171.1925048828125,-2911.23974609375,342.453857421875,X1,X2
7.125923162718224e-19,615.938232421875,198.0845947265625,-3098.294921875,417.853759765625,X2,X2
4.521226022571301e-19,611.66015625,189.25689697265625,-2830.341796875,422.4033203125,X2,X2
0.6931471824645996,0.0,0.0,-2995.501220703125,0.0,X2,X2
5.567841560386793e-21,636.10986328125,169.7371826171875,-2810.16845703125,466.372802734375,X1,X2
1.162358105816566e-13,446.6416015625,148.8101806640625,-3032.457275390625,297.83154296875,X2,X2
4.816685245101482e-12,406.8369140625,146.2476806640625,-3069.966064453125,260.58935546875,X2,X2
2.0654611290592227e-22,675.546875,176.23162841796875,-3007.8505859375,499.315185546875,X1,X2
2.5876502401919126e-19,605.784423828125,177.80078125,-2752.4541015625,427.983642578125,X2,X2
3.948173604855242e-22,664.28369140625,171.44744873046875,-2835.10888671875,492.836181640625,X2,X2
1.2941119514357076e-21,644.870361328125,163.90576171875,-2841.044921875,480.964599609375,X1,X2
2.2806218109221003e-14,513.300048828125,199.1824951171875,-2857.17333984375,314.117431640625,X2,X2
1.8524140323660358e-22,659.765869140625,159.3621826171875,-2746.408447265625,500.40380859375,X2,X2
3.741622304400007e-22,659.75439453125,166.380859375,-2747.202880859375,493.37353515625,X2,X2
4.68287301164156e-21,613.212890625,145.109130859375,-2734.23779296875,468.103759765625,X1,X2
1.2157984855783755e-21,659.5419921875,177.953369140625,-2854.67138671875,481.5888671875,X2,X2
3.2719091906407445e-18,587.9853515625,185.37371826171875,-2895.7900390625,402.611572265625,X2,X2
2.053534151706569e-23,668.64697265625,146.2481689453125,-2863.201416015625,522.39892578125,X1,X2
7.945622314371622e-21,653.9013671875,191.0848388671875,-3240.8349609375,462.816650390625,X1,X2
1.5979928988660527e-18,567.970947265625,158.19317626953125,-3538.22998046875,409.77783203125,X2,X2
2.3696708081834186e-15,530.3896484375,193.62939453125,-3558.78466796875,336.76025390625,X2,X2
3.7240904668866745e-16,532.416015625,177.150634765625,-3800.48974609375,355.265380859375,X1,X2
1.7733409376331865e-21,643.6171875,165.8028564453125,-3226.79833984375,477.814208984375,X1,X2
1.4997619574193266e-14,519.19091796875,200.88201904296875,-3709.619140625,318.308837890625,X2,X2
1.7816266781977466e-21,652.305908203125,174.538330078125,-3170.40283203125,477.767578125,X2,X2
2.0867215002523162e-18,552.50439453125,145.394775390625,-3010.85595703125,407.109375,X1,X2
2.935064413733812e-10,374.097412109375,154.606201171875,-3267.517822265625,219.4912109375,X2,X2
9.091889025501787e-14,448.434814453125,148.14666748046875,-3305.099853515625,300.2880859375,X2,X2
1.2362190473162388e-18,583.28759765625,170.94305419921875,-3221.05712890625,412.3447265625,X2,X2
1.6742058306316843e-15,534.4140625,194.17950439453125,-3232.91357421875,340.234375,X2,X2
1.013113689031329e-20,655.2177734375,194.8311767578125,-3575.517578125,460.38671875,X1,X2
5.2225877625964536e-21,633.70849609375,166.695556640625,-3231.37255859375,467.012939453125,X2,X2
1.2807367291514698e-17,551.430419921875,162.46527099609375,-3276.30322265625,388.965087890625,X1,X2
1.7454606494894055e-22,673.245361328125,172.24676513671875,-3257.46142578125,500.99853515625,X1,X2
3.2744546838795116e-19,569.3203125,143.69085693359375,-3271.1201171875,425.629638671875,X2,X2
1.526703134573093e-12,473.669189453125,201.590087890625,-3334.50390625,272.0791015625,X2,X2
4.051590820905467e-21,617.6357421875,148.083740234375,-3185.53955078125,469.5517578125,X2,X2
7.237579943833239e-21,585.875244140625,122.1253662109375,-3150.37109375,463.75,X2,X2
1.613237837555405e-18,607.57763671875,197.89459228515625,-3221.0341796875,409.682861328125,X2,X2
6.999190045587151e-20,601.02978515625,159.9708251953125,-3220.023681640625,441.05908203125,X2,X2
1.0527810706828241e-19,586.21923828125,149.2423095703125,-3570.650390625,436.976806640625,X2,X2
4.866907773237538e-22,666.94189453125,176.19775390625,-3525.51318359375,490.744140625,X2,X2
2.272624004975283e-21,648.33935546875,173.00592041015625,-3521.771728515625,475.33349609375,X2,X2
3.1810506769562454e-22,600.53515625,105.53875732421875,-3883.172607421875,494.99658203125,X1,X2
2.1067577952896092e-14,447.26513671875,132.3546142578125,-3491.30224609375,314.910400390625,X2,X2
1.3261250376857308e-22,671.37255859375,167.62652587890625,-3653.277099609375,503.74609375,X1,X2
6.202399051114266e-22,651.272705078125,162.95330810546875,-3471.5419921875,488.3193359375,X2,X2
3.168733592108742e-22,654.99462890625,159.95941162109375,-3461.3037109375,495.035400390625,X2,X2
6.337896223575728e-21,660.34326171875,195.26580810546875,-3292.9755859375,465.077392578125,X1,X2
3.369715282137627e-23,651.490234375,134.043701171875,-3381.52880859375,517.4462890625,X2,X2
1.4173568139963153e-21,631.3408203125,151.2860107421875,-3366.33544921875,480.054931640625,X2,X2
3.437157460434239e-17,551.63427734375,172.54132080078125,-3376.73193359375,379.093017578125,X2,X2
9.217293760517561e-21,652.2041015625,190.8720703125,-3368.83935546875,461.33203125,X1,X2
5.161908116073862e-18,596.478515625,198.42645263671875,-3388.350830078125,398.05224609375,X2,X2
2.7120425395870377e-18,575.538330078125,171.050048828125,-3192.334228515625,404.48828125,X2,X2
5.948550984949927e-19,591.390380859375,171.73065185546875,-3420.834716796875,419.65966796875,X1,X2
7.417121877516718e-24,642.2958984375,109.713623046875,-3347.300537109375,532.58251953125,X2,X2
7.871754449775541e-17,527.650634765625,156.84417724609375,-3423.99853515625,370.806640625,X2,X2
1.8968967428712943e-14,452.6962890625,136.73651123046875,-3587.994140625,315.959716796875,X1,X2
1.6448553689041725e-18,606.95166015625,197.462890625,-3397.913818359375,409.48876953125,X2,X2
1.6853700509841807e-13,493.3759765625,199.259765625,-3374.89697265625,294.1162109375,X2,X2
5.331860437933854e-19,585.7255859375,164.97161865234375,-3336.68994140625,420.754150390625,X2,X2
4.2908411000797096e-21,645.8994140625,176.92138671875,-3532.134765625,468.97802734375,X1,X2
0.6931471824645996,0.0,0.0,-3782.15234375,0.0,X2,X2
1.2717809021742602e-21,648.37353515625,167.2347412109375,-3538.6494140625,481.138671875,X2,X2
6.779834025600305e-21,652.46826171875,188.06494140625,-3489.172607421875,464.4033203125,X1,X2
1.1268274098358214e-18,608.172607421875,194.90130615234375,-3590.50390625,413.271240234375,X2,X2
1.4278193904981862e-10,408.87890625,182.18170166015625,-3864.306640625,226.697021484375,X2,X2
1.1406613851953113e-20,651.3310546875,192.12994384765625,-3750.9453125,459.200927734375,X1,X2
1.0212398725949588e-18,607.83251953125,193.57745361328125,-3477.34326171875,414.255126953125,X2,X2
5.255560987231439e-22,610.05419921875,120.07843017578125,-3650.1826171875,489.975830078125,X2,X2
8.553094650005997e-16,498.67333984375,151.722900390625,-3542.279052734375,346.95068359375,X2,X2
4.7644537874425426e-17,551.1259765625,175.29833984375,-3947.877685546875,375.82763671875,X1,X2
0.6931471824645996,0.0,0.0,-3717.87255859375,0.0,X2,X2
7.30266406156685e-15,486.59765625,161.09228515625,-3569.990478515625,325.50537109375,X2,X2
2.1983039675903458e-21,645.75634765625,170.09039306640625,-3393.395263671875,475.666015625,X1,X2
4.8004351382369744e-15,522.318115234375,192.61749267578125,-3575.964111328125,329.70068359375,X1,X2
3.6170259258702046e-15,531.401611328125,198.8702392578125,-3159.93017578125,332.53125,X2,X2
1.0333861411027101e-07,342.75732421875,181.9049072265625,-3413.78271484375,160.8525390625,X2,X2
1.1635570978940635e-11,439.3623046875,187.592529296875,-4056.01904296875,251.76953125,X2,X2
6.257292662956103e-23,677.96337890625,166.70623779296875,-3658.17919921875,511.257080078125,X1,X2
7.560170753829602e-19,600.71435546875,183.45220947265625,-3267.820068359375,417.26220703125,X2,X2
2.4187576711134506e-17,537.43701171875,154.8299560546875,-3159.7783203125,382.60693359375,X1,X2
1.2669834969595227e-19,608.78955078125,173.66473388671875,-3051.12353515625,435.124755859375,X2,X2
1.396860893035033e-17,552.4296875,164.33245849609375,-3210.473876953125,388.09716796875,X1,X2
6.213193588094912e-12,410.9052734375,152.8619384765625,-3236.744384765625,258.04345703125,X2,X2
5.969834610944615e-17,542.619140625,169.046875,-3208.282470703125,373.572265625,X2,X2
5.28573043632815e-18,590.02197265625,192.206787109375,-3170.2392578125,397.815185546875,X1,X2
1.8316360672112385e-22,676.0595703125,175.542724609375,-3119.79345703125,500.5166015625,X1,X2
5.91018673588063e-20,634.436279296875,191.6859130859375,-3259.72607421875,442.750244140625,X1,X2
1.4314539378037609e-18,610.82666015625,199.9482421875,-2962.406982421875,410.87841796875,X2,X2
0.6931471824645996,0.0,0.0,-3451.322265625,0.0,X2,X2
0.6931471824645996,627.977783203125,627.977783203125,0.0,0.0,X1,X2
3.628059275229134e-08,541.9140625,370.59423828125,-767.293212890625,171.31982421875,X2,X2
3.573577794357269e-15,956.49365234375,623.841552734375,-1767.9600830078125,332.652099609375,X1,X2
1.4801283316256003e-21,1160.982421875,681.36083984375,-3189.542724609375,479.62158203125,X1,X2
6.191069250142955e-13,880.24169921875,599.13671875,-4488.6025390625,281.10498046875,X2,X2
2.1095335729881266e-24,1216.59375,671.43798828125,-5563.2978515625,545.15576171875,X1,X2
2.1114250010920286e-17,954.9267578125,570.9609375,-7421.8330078125,383.9658203125,X2,X2
1.3161440298356797e-18,1058.94921875,647.23095703125,-7707.044921875,411.71826171875,X2,X2
1.9118906739346397e-18,1035.80078125,627.816650390625,-8682.2421875,407.984375,X2,X2
1.6255144750682955e-23,1203.5849609375,678.84765625,-9464.5244140625,524.736328125,X1,X2
1.7353578782701955e-20,1061.669921875,606.66552734375,-10199.640625,455.0048828125,X1,X2
6.35318517464514e-24,1196.1181640625,661.9873046875,-12071.4326171875,534.130859375,X1,X2
2.8622872979113326e-14,824.330078125,512.484375,-11853.4814453125,311.845703125,X2,X2
6.770079830943632e-13,860.857421875,580.64697265625,-12378.53515625,280.2109375,X2,X2
1.1971671654009697e-08,824.064453125,641.657470703125,-12736.115234375,182.4072265625,X2,X2
0.10477203875780106,339.6328125,317.6015625,-13253.64453125,22.03125,X2,X2
4.6833003919171876e-14,943.435546875,636.513916015625,-10027.724609375,306.921875,X2,X2
1.249434252399551e-22,897.02734375,392.685546875,-6919.19287109375,504.341796875,X1,X2
2.744120690175756e-22,1153.2666015625,656.79248046875,-4768.11328125,496.47412109375,X1,X2
6.19615082949243e-16,880.15673828125,529.982421875,-3409.323974609375,350.17431640625,X2,X2
8.813636161229908e-15,930.505859375,606.881103515625,-2211.390625,323.624755859375,X2,X2
1.0330396037021555e-14,874.794921875,552.758056640625,-1175.1505126953125,322.036865234375,X2,X2
1.9953773334156766e-13,840.89013671875,548.46240234375,-1010.5361328125,292.427734375,X2,X2
3.001992168846952e-14,946.56103515625,635.19189453125,-845.6357421875,311.369140625,X2,X2
4.2226215413165846e-08,807.70556640625,637.9033203125,-330.584228515625,169.80224609375,X2,X2
0.013419930823147297,360.31689453125,317.27392578125,-265.2607421875,43.04296875,X2,X2
5.994461437647258e-12,870.328857421875,611.927001953125,-610.551025390625,258.40185546875,X2,X2
0.6931471824645996,0.0,0.0,-1466.34814453125,0.0,X2,X2
2.7984350744352827e-15,990.7783203125,655.68115234375,-2266.356201171875,335.09716796875,X2,X2
3.6632467350326825e-14,817.66015625,508.28173828125,-2980.499267578125,309.37841796875,X2,X2
2.275154464825846e-08,715.11962890625,539.13330078125,-3445.06884765625,175.986328125,X2,X2
1.7627498109679818e-16,1014.9912109375,652.246337890625,-4074.48095703125,362.744873046875,X2,X2
5.981532268295095e-16,1000.4853515625,649.95849609375,-4475.6220703125,350.52685546875,X2,X2
1.2589159936737815e-08,470.4619140625,288.5576171875,-4918.8798828125,181.904296875,X2,X2
1.0543581577290812e-16,1024.03125,656.14697265625,-5134.0166015625,367.88427734375,X2,X2
2.6863293006660516e-20,1120.70849609375,670.0732421875,-4912.587890625,450.63525390625,X1,X2
1.6163626653477374e-16,1027.705078125,664.09326171875,-5319.470703125,363.61181640625,X2,X2
6.332254201039619e-17,966.75,593.76708984375,-6166.90234375,372.98291015625,X2,X2
5.700574968133144e-21,1133.0146484375,666.87744140625,-5878.537109375,466.13720703125,X1,X2
3.16053742422176e-14,884.9794921875,574.125,-6597.8203125,310.8544921875,X2,X2
2.2580598707621204e-16,1011.9853515625,651.716796875,-6389.24951171875,360.2685546875,X2,X2
9.120940092088858e-08,722.748046875,560.647216796875,-6515.740234375,162.10107421875,X1,X2
8.439952209338131e-11,720.123046875,488.16845703125,-6731.166015625,231.95458984375,X2,X2
4.817371545076665e-13,873.4306640625,589.81689453125,-7213.0263671875,283.61376953125,X2,X2
1.4985761520591723e-09,729.23828125,526.05078125,-7117.40771484375,203.1875,X2,X2
1.349977237964385e-21,1123.560546875,643.0185546875,-7015.69970703125,480.5419921875,X1,X2
0.6931471824645996,0.0,0.0,-7341.78759765625,0.0,X2,X2
2.3803604486810626e-12,619.51953125,351.8818359375,-7280.6767578125,267.6376953125,X2,X2
2.5638480291437834e-15,816.076171875,480.103515625,-7288.7578125,335.97265625,X1,X2
1.2674133660975362e-12,865.6494140625,591.708740234375,-7384.96142578125,273.9404296875,X2,X2
1.5501940396950076e-17,993.6416015625,606.5859375,-7385.04443359375,387.0556640625,X2,X2
1.0978467105600227e-20,1119.2607421875,659.67724609375,-7458.3779296875,459.58349609375,X1,X2
2.3036273951761166e-13,700.54296875,409.5517578125,-7528.2080078125,290.9912109375,X2,X2
2.2081177494008228e-16,1019.521484375,659.029541015625,-7642.7587890625,360.4921875,X2,X2
4.9902180369702787e-14,808.18359375,501.896240234375,-7701.81640625,306.287109375,X2,X2
5.3837709327564434e-20,958.173828125,514.49072265625,-7693.791015625,443.68310546875,X1,X2
3.5872885578557966e-16,954.0078125,598.368408203125,-7805.61962890625,355.6396484375,X2,X2
3.382509767071995e-12,634.1494140625,370.025390625,-7870.07177734375,264.1240234375,X2,X2
3.4830073373255022e-19,1069.189453125,644.17724609375,-7830.400390625,425.01220703125,X1,X2
2.5663765817335316e-12,703.228515625,436.34326171875,-7964.548828125,266.88525390625,X2,X2
2.018999334038596e-12,658.7666015625,389.482421875,-7969.16259765625,269.2841796875,X2,X2
1.9950659344581127e-16,958.033203125,596.5263671875,-9227.50390625,361.5068359375,X1,X2
5.881670150920115e-12,722.724609375,464.13330078125,-9189.8330078125,258.591796875,X2,X2
2.6453707998555683e-14,831.8828125,519.249267578125,-8174.53271484375,312.6337890625,X2,X2
3.096558079396239e-11,786.5126953125,544.53076171875,-8840.484375,241.9814453125,X2,X2
1.5994819273662247e-17,1031.2333984375,644.4912109375,-8073.138671875,386.74267578125,X1,X2
6.728777207019265e-18,972.21875,576.8173828125,-9211.275390625,395.4013671875,X2,X2
4.2093135326716296e-19,989.1123046875,565.994384765625,-8202.447265625,423.1181640625,X2,X2
1.0823944407434283e-08,749.22265625,565.80810546875,-8251.76953125,183.4150390625,X1,X2
1.697736591194866e-17,1028.744140625,642.597900390625,-8252.5966796875,386.146484375,X2,X2
1.2624662701690974e-14,804.40625,484.37451171875,-8425.9921875,320.03125,X2,X2
3.1851233136268473e-19,1072.7080078125,646.8017578125,-8294.7392578125,425.90625,X1,X2
2.2023303319906873e-12,666.8056640625,398.390380859375,-8367.033203125,268.4150390625,X2,X2
5.948376556944024e-13,858.05859375,576.55419921875,-8388.5625,281.5048828125,X2,X2
5.140761553906674e-19,982.2734375,561.154296875,-8184.0966796875,421.119140625,X2,X2
1.6130556634331994e-15,949.98828125,609.381591796875,-8198.8671875,340.6064453125,X1,X2
6.740653254140648e-16,840.32421875,490.991943359375,-8083.97265625,349.33203125,X2,X2
3.2917037054171997e-17,981.7958984375,602.27099609375,-8265.5615234375,379.525390625,X2,X2
4.0004971507819023e-20,1122.21875,675.5654296875,-8132.048828125,446.65283203125,X1,X2
2.9770487290636805e-12,688.5234375,423.12255859375,-8294.0595703125,265.40087890625,X2,X2
1.7562582960440126e-17,864.806640625,478.999267578125,-8143.92919921875,385.8076171875,X2,X2
5.0757023304837906e-17,985.3759765625,610.1806640625,-8215.30078125,375.19482421875,X1,X2
6.04607764712146e-19,1067.005859375,647.508544921875,-9032.701171875,419.4970703125,X1,X2
7.959429768252722e-20,1113.6962890625,673.92333984375,-9037.76171875,439.7734375,X1,X2
1.567719749590718e-13,924.75390625,629.913330078125,-8431.28515625,294.83984375,X1,X2
1.162634141148582e-15,763.8955078125,420.0146484375,-8362.7177734375,343.880859375,X1,X2
1.2556866396350977e-18,1026.5791015625,614.390625,-7743.75830078125,412.1884765625,X1,X2
6.132967465583179e-15,862.431640625,535.180419921875,-9165.69921875,327.2509765625,X1,X2
3.617353462922996e-17,1020.7314453125,642.149169921875,-8270.904296875,378.58203125,X2,X2
0.6931471824645996,99.0732421875,99.0732421875,0.0,0.0,X1,X2
0.6420975923538208,-12.848876953125,-13.8973388671875,-2.27325439453125,1.0484619140625,X1,X2
2.0759449005126953,-35.82843017578125,-16.4093017578125,-41.213287353515625,-19.41912841796875,X2,X2
0.8782892227172852,-21.61724853515625,-18.2042236328125,-11.391082763671875,-3.41302490234375,X1,X1
9.342299461364746,-91.38153076171875,2.04058837890625,-77.7154541015625,-93.422119140625,X2,X1
0.35537010431289673,3.9052734375,-4.61126708984375,-23.201934814453125,8.51654052734375,X1,X1
1.0814576148986816,-7.5927734375,-0.91973876953125,-9.229827880859375,-6.67303466796875,X1,X1
0.17207327485084534,59.5914306640625,42.86578369140625,-17.015106201171875,16.72564697265625,X2,X4
0.2117992639541626,40.96539306640625,26.52191162109375,-37.48590087890625,14.4434814453125,X2,X1
2.259878396987915,-29.890380859375,-8.393798828125,-97.54290771484375,-21.49658203125,X1,X1
0.002917493460699916,68.98492431640625,10.62921142578125,61.89208984375,58.355712890625,X2,X4
0.01580732874572277,62.80926513671875,21.41558837890625,85.22174072265625,41.3936767578125,X2,X1
0.0053239972330629826,79.89166259765625,27.56298828125,-59.202545166015625,52.32867431640625,X2,X1
22.110198974609375,113.33209228515625,334.43408203125,58.817718505859375,-221.10198974609375,X2,X2
0.8380327224731445,63.46826171875,66.182373046875,-86.015625,-2.714111328125,X4,X2
8.37651823530905e-05,103.12408447265625,9.24957275390625,49.61822509765625,93.87451171875,X2,X1
0.0008614019607193768,-107.0599365234375,-177.6251220703125,-64.31732177734375,70.565185546875,X2,X4
0.0011578609701246023,106.25689697265625,38.65087890625,-153.73745727539062,67.60601806640625,X2,X4
0.3548501431941986,0.641357421875,-7.892578125,-169.17486572265625,8.533935546875,X2,X2
4.140568489674479e-05,112.56097412109375,11.6402587890625,-234.43740844726562,100.92071533203125,X2,X1
0.021494338288903236,15.08154296875,-23.21044921875,-182.9337158203125,38.2919921875,X2,X2
3.167999029159546,-35.5465087890625,-4.2965087890625,-229.11956787109375,-31.25,X2,X2
19.200897216796875,118.70159912109375,310.7105712890625,-161.54745483398438,-192.00897216796875,X4,X2
4.045236587524414,-41.7254638671875,-1.44970703125,-185.30523681640625,-40.2757568359375,X2,X2
9.363645949633792e-05,-114.82977294921875,-207.5902099609375,-127.26858520507812,92.76043701171875,X2,X4
18.52070426940918,-238.3770751953125,-53.1700439453125,-336.842041015625,-185.20703125,X1,X2
4.1685919761657715,-77.26300048828125,-35.7330322265625,-221.47744750976562,-41.52996826171875,X1,X2
0.0031102881766855717,134.4873046875,76.7724609375,-246.0108642578125,57.71484375,X2,X1
0.38482722640037537,0.814453125,-6.7493896484375,-220.97479248046875,7.5638427734375,X2,X2
0.1943429857492447,-17.9267578125,-33.32061767578125,-182.63754272460938,15.39385986328125,X1,X2
0.6931471824645996,0.0,0.0,-103.7177734375,0.0,X2,X2
3.618865966796875,260.492431640625,296.4093017578125,52.74066162109375,-35.9168701171875,X2,X2
2.362748622894287,311.3895263671875,334.028076171875,-158.59466552734375,-22.6385498046875,X2,X2
5.399483526957738e-09,367.030029296875,176.660400390625,-123.70220947265625,190.36962890625,X2,X2
0.6931471824645996,0.0,0.0,-405.89398193359375,0.0,X2,X2
0.00012441018770914525,429.2255859375,339.30694580078125,-524.98193359375,89.91864013671875,X2,X2
2.427207255095709e-05,447.96240234375,341.70068359375,-629.081298828125,106.26171875,X2,X2
4.456208898773184e-06,459.1270751953125,335.91497802734375,-753.4564208984375,123.21209716796875,X2,X2
6.118372311902931e-06,469.1241455078125,349.08203125,-870.8370971679688,120.0421142578125,X2,X2
0.00021674456365872175,404.245849609375,319.8790283203125,-983.4628295898438,84.3668212890625,X2,X2
4.7340043352051e-07,485.501953125,339.86871337890625,-1009.17578125,145.63323974609375,X2,X2
1.2291640416606242e-07,496.547119140625,337.42950439453125,-1087.9141845703125,159.11761474609375,X2,X2
2.437311330538705e-08,512.545166015625,337.24725341796875,-1116.818115234375,175.2978515625,X2,X2
8.029263476316828e-09,519.2611083984375,332.85943603515625,-1163.90869140625,186.4017333984375,X2,X2
4.697680022758277e-09,528.311279296875,336.54931640625,-1192.5272216796875,191.761962890625,X2,X2
7.561867576555414e-09,529.831298828125,342.82989501953125,-1214.085693359375,187.00146484375,X2,X2
1.7567680643537642e-09,527.027587890625,325.4296875,-1229.4432373046875,201.597900390625,X2,X2
1.3895138373243299e-09,547.326904296875,343.3837890625,-1251.5235595703125,203.943115234375,X2,X2
2.6787823070861805e-09,534.890869140625,337.51190185546875,-1392.380859375,197.3790283203125,X2,X2
9.76284830755958e-10,551.86083984375,344.38824462890625,-1432.381591796875,207.47265625,X2,X2
1.9782214755181826e-10,555.0428466796875,331.6063232421875,-1406.9078369140625,223.4365234375,X2,X2
8.409993727523303e-16,558.7685546875,211.6490478515625,-1359.2706298828125,347.119384765625,X1,X2
0.6931471824645996,0.0,0.0,-1574.9193115234375,0.0,X2,X2
1.3340566340502846e-07,492.376953125,334.0782470703125,-1436.723876953125,158.2987060546875,X2,X2
1.445629965561579e-12,588.555419921875,315.93060302734375,-1393.9227294921875,272.624755859375,X1,X2
3.4292905320976175e-11,572.4757080078125,331.51495361328125,-1434.46240234375,240.9608154296875,X2,X2
2.46710603335476e-11,574.169921875,329.91607666015625,-1445.920166015625,244.25390625,X2,X2
5.614157139177678e-09,510.51953125,320.539794921875,-1478.782470703125,189.979736328125,X1,X2
0.6931471824645996,0.0,0.0,-1562.24169921875,0.0,X2,X2
2.5455419022657466e-11,579.88037109375,335.93951416015625,-1477.447021484375,243.94091796875,X2,X2
1.3362182970953003e-17,581.03173828125,192.49072265625,-1400.5777587890625,388.541015625,X2,X2
2.044808350420979e-10,548.73779296875,325.63232421875,-1530.73193359375,223.10546875,X1,X2
6.600993174288305e-08,503.552734375,338.2181396484375,-1542.828125,165.3345947265625,X2,X2
3.4289305210113525,251.718994140625,285.6787109375,-1676.902587890625,-33.959716796875,X2,X2
2.853643157278013e-13,592.15234375,303.30224609375,-1289.679931640625,288.85009765625,X1,X2
1.0432297248286204e-09,514.943115234375,308.1336669921875,-1035.73046875,206.8094482421875,X2,X2
1.1403828636957769e-07,496.0733642578125,336.2060546875,-1062.229248046875,159.8673095703125,X2,X2
5.573031103267567e-08,491.0631103515625,324.03570556640625,-940.5888671875,167.02740478515625,X1,X2
1.1075978356700489e-08,517.361572265625,334.17669677734375,-882.532958984375,183.18487548828125,X2,X2
9.243446186246729e-08,485.593017578125,323.6253662109375,-845.9579467773438,161.9676513671875,X1,X2
0.6931471824645996,0.0,0.0,-862.2733764648438,0.0,X2,X2
2.2337025562535473e-09,505.0340576171875,305.8380126953125,-719.9191284179688,199.196044921875,X2,X2
7.689608949590365e-10,515.9608154296875,306.10101318359375,-761.63525390625,209.85980224609375,X1,X2
1.7069335955268144e-15,512.0068359375,171.966064453125,-668.0289306640625,340.040771484375,X1,X2
0.6931471824645996,0.0,0.0,-827.7786865234375,0.0,X2,X2
1.300516316860012e-07,510.4197998046875,351.866455078125,-766.9484252929688,158.5533447265625,X2,X2
2.7427013549186086e-08,504.560546875,330.44317626953125,-584.407958984375,174.11737060546875,X2,X2
1.4879079301977072e-08,514.3740234375,334.14093017578125,-706.906005859375,180.23309326171875,X1,X2
1.5431409110533423e-06,469.9569091796875,336.1400146484375,-697.0289306640625,133.81689453125,X2,X2
3.368922918411954e-09,515.1566162109375,320.06988525390625,-666.00244140625,195.08673095703125,X1,X2
6.663107430171164e-14,507.019775390625,203.62371826171875,-575.314208984375,303.39605712890625,X2,X2
1.3025282896705903e-06,464.7535400390625,329.24151611328125,-710.1988525390625,135.51202392578125,X2,X2
0.6931471824645996,0.0,0.0,-793.9557495117188,0.0,X2,X2
3.6833732508512185e-08,485.6986083984375,314.53009033203125,-702.706787109375,171.16851806640625,X1,X2
1.0404314707557205e-05,417.125,302.39215087890625,-732.052490234375,114.73284912109375,X2,X2
2.008619914275686e-13,508.5098876953125,216.1483154296875,-639.3546142578125,292.361572265625,X2,X2
1.4388814406629535e-07,480.4847412109375,322.94244384765625,-632.4046630859375,157.54229736328125,X2,X2
1.0170670972087237e-09,523.0166015625,315.95318603515625,-609.248046875,207.06341552734375,X1,X2
9.521580068394542e-06,425.7802734375,310.16082763671875,-735.7154541015625,115.61944580078125,X2,X2
6.405974204426457e-07,485.843017578125,343.234375,-664.4091796875,142.608642578125,X2,X2
4.570358314026635e-09,496.509765625,304.4730224609375,-638.9464721679688,192.0367431640625,X1,X2
4.261222841250856e-08,494.5487060546875,324.83746337890625,-620.4608154296875,169.71124267578125,X2,X2
1.1902575279554295e-11,469.78955078125,218.24688720703125,-595.9884033203125,251.54266357421875,X2,X2
1.6511014777620403e-10,546.20458984375,320.96051025390625,-632.189208984375,225.24407958984375,X1,X2
1.5268857396222302e-06,424.7542724609375,290.83148193359375,-654.5628662109375,133.92279052734375,X2,X2
1.8352579900238197e-08,485.860107421875,307.72515869140625,-640.4658203125,178.13494873046875,X2,X2
1.621503487037046e-09,536.46044921875,334.06134033203125,-644.996826171875,202.39910888671875,X2,X2
1.5089401950163506e-11,552.162109375,302.9918212890625,-643.1775512695312,249.1702880859375,X1,X2
4.322733460071504e-08,504.9654541015625,335.39752197265625,-670.41552734375,169.56793212890625,X2,X2
8.032967069304675e-10,543.0208740234375,333.597900390625,-664.0700073242188,209.4229736328125,X2,X2
5.787994504270348e-17,557.29345703125,183.411865234375,-557.7122802734375,373.881591796875,X1,X2
2.4326716641098756e-08,512.64111328125,337.32421875,-658.76171875,175.31689453125,X2,X2
6.236102190193549e-10,524.09130859375,312.1363525390625,-668.0891723632812,211.9549560546875,X1,X2
5.576640815796452e-10,551.291015625,338.2183837890625,-667.9257202148438,213.0726318359375,X2,X2
6.003609831495282e-10,551.892333984375,339.55743408203125,-658.7420654296875,212.33489990234375,X2,X2
6.058491486271578e-10,552.3385009765625,340.0946044921875,-670.6480712890625,212.243896484375,X2,X2
5.428777427596287e-10,551.211669921875,337.87030029296875,-671.4169921875,213.34136962890625,X2,X2
9.36795432893156e-12,566.22802734375,312.290771484375,-641.393310546875,253.937255859375,X1,X2
1.2071706967375917e-09,555.5660400390625,350.2161865234375,-657.8958740234375,205.349853515625,X2,X2
5.846310102697316e-10,553.4337158203125,340.83331298828125,-643.3436279296875,212.60040283203125,X2,X2
2.3555908512662427e-07,454.114501953125,301.50146484375,-652.0623779296875,152.613037109375,X1,X2
5.820122161992458e-09,523.9869384765625,334.36749267578125,-665.28955078125,189.61944580078125,X2,X2
1.175545494280783e-10,559.9788818359375,331.33770751953125,-679.927978515625,228.64117431640625,X2,X2
3.3360672557769533e-10,534.683349609375,316.4727783203125,-676.9157104492188,218.2105712890625,X1,X2
3.563604877854232e-08,513.782958984375,342.28387451171875,-646.785400390625,171.49908447265625,X2,X2
1.0302781738857902e-08,517.8133544921875,333.90484619140625,-651.40283203125,183.90850830078125,X2,X2
1.2268031035489457e-09,558.0111083984375,352.82257080078125,-676.66845703125,205.18853759765625,X2,X2
2.892736883364222e-10,529.75390625,310.117431640625,-647.2503662109375,219.636474609375,X1,X2
7.936060142377244e-11,560.848876953125,328.2786865234375,-643.1863403320312,232.5701904296875,X2,X2
1.1209024108893573e-07,451.3533935546875,291.31378173828125,-662.3631591796875,160.03961181640625,X2,X2
1.3418821609434417e-11,566.095703125,315.7520751953125,-637.9285278320312,250.3436279296875,X1,X2
3.011107807537883e-08,513.109619140625,339.9259033203125,-691.685546875,173.1837158203125,X2,X2
6.077906088846913e-16,553.7752685546875,203.40826416015625,-585.3939208984375,350.36700439453125,X2,X2
6.349359839979973e-12,567.966552734375,310.139892578125,-647.2265625,257.82666015625,X1,X2
7.0449952538353955e-09,520.49169921875,332.7822265625,-686.6212768554688,187.70947265625,X2,X2
1.1025801799346979e-10,553.310302734375,324.0283203125,-640.78564453125,229.281982421875,X2,X2
1.7816843833617924e-10,561.0399169921875,336.5570068359375,-648.953125,224.48291015625,X2,X2
5.52983492330128e-10,528.7637939453125,315.60687255859375,-652.980224609375,213.15692138671875,X1,X2
1.6343964404086364e-08,518.8770751953125,339.5830078125,-690.6143188476562,179.2940673828125,X2,X2
1.2612376920628776e-08,514.39599609375,332.5101318359375,-689.4116821289062,181.8858642578125,X2,X2
8.79071555132116e-12,570.244384765625,315.671142578125,-657.6994018554688,254.5732421875,X1,X2
1.2133015703241767e-09,557.3936767578125,352.094482421875,-636.6381225585938,205.2991943359375,X2,X2
8.414824392843911e-12,566.159423828125,311.149169921875,-617.6747436523438,255.01025390625,X1,X2
7.680400065934734e-11,565.8905029296875,332.99285888671875,-680.2933349609375,232.89764404296875,X2,X2
3.8612277264427064e-10,558.0447998046875,341.296142578125,-646.0707397460938,216.7486572265625,X2,X2
1.1066379757007638e-10,557.5047607421875,328.259521484375,-604.7356567382812,229.2452392578125,X2,X2
3.89563138691873e-11,533.79541015625,294.109619140625,-617.90673828125,239.685791015625,X1,X2
1.92439245094711e-10,561.0677490234375,337.3553466796875,-624.90673828125,223.71240234375,X2,X2
3.821320204711043e-10,557.3564453125,340.50390625,-610.408203125,216.8525390625,X2,X2
7.661836720629367e-10,525.812255859375,315.916259765625,-618.791748046875,209.89599609375,X1,X2
1.4286120897377685e-10,560.7861328125,334.09466552734375,-600.087890625,226.69146728515625,X2,X2
5.125452839926936e-10,561.3819580078125,347.46563720703125,-630.0506591796875,213.91632080078125,X2,X2
5.737347446091445e-13,569.705078125,287.8389892578125,-462.77886962890625,281.8660888671875,X1,X2
6.242745875795208e-09,514.0228271484375,325.1043701171875,-669.810791015625,188.91845703125,X2,X2
1.1777051556194351e-09,514.12109375,308.52410888671875,-666.5576171875,205.59698486328125,X2,X2
1.1068270744374331e-08,524.217041015625,341.02520751953125,-683.6063232421875,183.19183349609375,X2,X2
7.479405894628144e-08,449.5335693359375,285.44830322265625,-702.6702880859375,164.08526611328125,X2,X2
1.659648529717117e-10,561.7333984375,336.54095458984375,-621.233642578125,225.19244384765625,X2,X2
8.893754284144961e-07,456.939697265625,317.61224365234375,-674.87255859375,139.32745361328125,X2,X2
1.035542229743669e-08,517.9349365234375,334.077392578125,-634.8644409179688,183.8575439453125,X2,X2
1.1429028390352869e-08,524.7796630859375,341.9085693359375,-662.3328247070312,182.87109375,X2,X2
6.105581373816449e-09,522.262451171875,333.121826171875,-667.9520263671875,189.140625,X2,X2
5.855937956766866e-11,560.101318359375,324.49151611328125,-636.44775390625,235.60980224609375,X2,X2
6.607103273381654e-07,449.526611328125,307.22711181640625,-686.4010009765625,142.29949951171875,X2,X2
0.6931471824645996,0.0,0.0,-716.427734375,0.0,X2,X2
7.229167042765994e-09,519.8226318359375,332.3712158203125,-538.2981567382812,187.451416015625,X2,X2
3.5697239608722953e-10,552.7760009765625,335.24237060546875,-670.322265625,217.53363037109375,X2,X2
6.838953847676521e-10,526.8603515625,315.82818603515625,-641.24560546875,211.03216552734375,X1,X2
3.6948648585166666e-07,420.861328125,272.74981689453125,-673.21875,148.11151123046875,X1,X2
2.32959224827356e-12,572.091796875,304.238525390625,-607.57421875,267.853271484375,X1,X2
4.309853030015631e-10,533.272216796875,317.62274169921875,-631.7198486328125,215.64947509765625,X1,X2
2.8616184942487077e-12,574.7113037109375,308.91497802734375,-598.13671875,265.79632568359375,X1,X2
1.9319195548872514e-11,575.4068603515625,328.7076416015625,-604.4774169921875,246.69921875,X1,X2
0.6931471824645996,0.0,0.0,-776.1517333984375,0.0,X2,X2
1.0078149426107075e-10,563.45751953125,333.27685546875,-610.7432861328125,230.1806640625,X2,X2
3.0053022570530885e-11,561.11279296875,318.83221435546875,-635.4949951171875,242.28057861328125,X2,X2
7.174212179189565e-12,572.95947265625,316.35418701171875,-619.0855712890625,256.60528564453125,X1,X2
7.1903056841904345e-09,525.174072265625,337.66876220703125,-722.146728515625,187.50531005859375,X2,X2
1.106102672565612e-06,441.3642578125,304.21759033203125,-755.3226318359375,137.14666748046875,X2,X2
5.4871732158012776e-12,574.1337890625,314.84771728515625,-622.467529296875,259.28607177734375,X1,X2
1.04741971540534e-07,455.0098876953125,294.292236328125,-734.4418334960938,160.7176513671875,X2,X2
5.0472341861507175e-09,526.64599609375,335.60174560546875,-715.4925537109375,191.04425048828125,X2,X2
6.01024396917893e-10,521.8922119140625,309.568359375,-648.0577392578125,212.3238525390625,X1,X2
1.0981251534758485e-06,441.5218505859375,304.30279541015625,-742.906005859375,137.21905517578125,X2,X2
3.700440620590939e-09,528.843994140625,334.69586181640625,-724.306640625,194.14813232421875,X2,X2
1.5921186591327796e-10,565.004150390625,339.39630126953125,-686.5211181640625,225.60784912109375,X2,X2
5.273169487868268e-12,575.84326171875,316.15936279296875,-618.6346435546875,259.68389892578125,X1,X2
8.205691681695271e-11,566.956298828125,334.72021484375,-674.7386474609375,232.236083984375,X2,X2
0.6931471824645996,-33.71051025390625,-33.71051025390625,0.0,0.0,X1,X2
0.19131271541118622,112.18792724609375,96.62127685546875,-1.2633056640625,15.566650390625,X1,X2
0.6293118596076965,4.15509033203125,2.8348388671875,4.691619873046875,1.32025146484375,X2,X2
2.416264057159424,-15.5986328125,7.62908935546875,7.129058837890625,-23.22772216796875,X2,X1
0.8252499103546143,129.76214599609375,132.2498779296875,-20.412811279296875,-2.48773193359375,X1,X1
2.241961717605591,278.8233642578125,300.11968994140625,-41.492034912109375,-21.29632568359375,X1,X2
1.5852997421461623e-06,485.60113525390625,352.05377197265625,-200.46826171875,133.54736328125,X1,X2
5.109378662382369e-07,477.92730712890625,333.05712890625,-296.8086853027344,144.87017822265625,X1,X2
2.495034401306384e-08,484.07659912109375,309.0128173828125,-328.6305847167969,175.06378173828125,X1,X2
1.2979971870663576e-06,488.380859375,352.833984375,-451.111328125,135.546875,X1,X2
1.949776518017643e-08,512.392578125,334.8629150390625,-505.67120361328125,177.5296630859375,X1,X2
0.0001624277647351846,400.1490478515625,312.8970947265625,-705.3096923828125,87.251953125,X1,X2
0.0005518089164979756,370.905029296875,295.88470458984375,-778.5843505859375,75.02032470703125,X1,X2
7.74412977321004e-13,610.02001953125,331.1533203125,-673.930908203125,278.86669921875,X1,X2
7.492144484834689e-15,658.906494140625,333.65728759765625,-760.4539794921875,325.24920654296875,X1,X2
1.90093399835944e-15,672.6119384765625,333.64764404296875,-741.5382080078125,338.96429443359375,X1,X2
4.997108988809371e-16,688.7138671875,336.38885498046875,-690.5047607421875,352.32501220703125,X2,X2
8.982798302266146e-17,671.6513671875,302.1650390625,-691.3639526367188,369.486328125,X2,X2
1.1456755039291906e-14,605.115234375,284.11328125,-702.84716796875,321.001953125,X2,X2
4.999051142713197e-17,716.6229248046875,341.27593994140625,-797.7691650390625,375.34698486328125,X2,X2
1.443756753045759e-15,675.9630126953125,334.24774169921875,-708.788330078125,341.71527099609375,X2,X2
3.321986952187217e-08,469.779296875,297.578125,-875.8692626953125,172.201171875,X2,X2
5.200544422184761e-12,599.1973876953125,339.37481689453125,-761.5843505859375,259.82257080078125,X2,X2
2.5904295112153994e-16,700.718505859375,341.8231201171875,-741.1830444335938,358.8953857421875,X2,X2
5.085564722209199e-18,737.196044921875,338.99481201171875,-738.2674560546875,398.20123291015625,X2,X2
7.765339318331819e-17,687.1207275390625,316.177978515625,-699.3479614257812,370.9427490234375,X2,X2
5.700997264329252e-14,644.094482421875,339.13897705078125,-763.677978515625,304.95550537109375,X2,X2
1.5871799318602136e-17,726.359130859375,339.53924560546875,-772.2841796875,386.81988525390625,X2,X2
1.6054779528314685e-18,712.9931640625,303.2620849609375,-874.5010375976562,409.7310791015625,X2,X2
1.762925437955639e-15,652.9046630859375,313.1866455078125,-859.9825439453125,339.718017578125,X2,X2
3.6749810533365235e-05,320.242431640625,218.12884521484375,-956.2845458984375,102.11358642578125,X2,X2
1.1585514158730367e-16,708.2530517578125,341.3111572265625,-806.759521484375,366.94189453125,X2,X2
3.0794468544701353e-19,751.4150390625,325.17138671875,-783.4871826171875,426.24365234375,X2,X2
9.701306572919917e-19,751.984619140625,337.216064453125,-794.743408203125,414.7685546875,X2,X2
0.6931471824645996,0.0,0.0,-1008.546630859375,0.0,X2,X2
1.3772955866075964e-11,538.92431640625,288.8411865234375,-886.4953002929688,250.0831298828125,X2,X2
3.9809674811430107e-19,740.72998046875,317.0540771484375,-829.0048217773438,423.6759033203125,X2,X2
1.390322267980082e-06,470.12060546875,335.2608642578125,-860.2205200195312,134.8597412109375,X2,X2
1.3399057491520535e-14,646.359130859375,326.9232177734375,-966.4547729492188,319.4359130859375,X2,X2
1.610406483187367e-14,607.8583984375,290.2613525390625,-853.0020141601562,317.5970458984375,X2,X2
7.024049853039671e-13,591.0574951171875,311.21484375,-873.9705200195312,279.8426513671875,X2,X2
3.6408290038036157e-19,757.300537109375,332.73150634765625,-810.3782958984375,424.56903076171875,X2,X2
3.5333094182210736e-20,740.692138671875,292.7974853515625,-814.0750122070312,447.8946533203125,X2,X2
1.4858953468068212e-18,704.9246826171875,294.4195556640625,-861.19287109375,410.505126953125,X2,X2
1.133587181500393e-19,771.45263671875,335.21533203125,-1025.408447265625,436.2373046875,X2,X2
6.547497732344913e-20,771.77978515625,330.0535888671875,-1019.1884155273438,441.7261962890625,X2,X2
3.2170307717803147e-19,738.191162109375,312.38458251953125,-1052.819580078125,425.80657958984375,X2,X2
3.2343827730029265e-14,602.63134765625,292.0078125,-1116.59033203125,310.62353515625,X2,X2
5.8032818812025336e-21,770.0128173828125,304.05419921875,-802.4370727539062,465.9586181640625,X1,X2
4.7604546173350325e-18,730.3446044921875,331.48272705078125,-1112.62646484375,398.86187744140625,X2,X2
6.788570356894286e-13,617.38134765625,337.19769287109375,-1103.23583984375,280.18365478515625,X2,X2
1.9815836972330896e-20,751.141845703125,297.46380615234375,-813.038818359375,453.67803955078125,X1,X2
1.1521213770121925e-16,715.61083984375,348.61328125,-1114.943115234375,366.99755859375,X2,X2
1.9160962669640124e-18,738.9036865234375,330.9412841796875,-952.9283447265625,407.96240234375,X2,X2
4.1757648228980815e-13,571.30810546875,286.2650146484375,-949.3007202148438,285.0430908203125,X1,X2
6.570173685703853e-14,596.923828125,293.3873291015625,-1046.94384765625,303.5364990234375,X2,X2
6.760537962779978e-11,564.4580078125,330.28460693359375,-1157.137939453125,234.17333984375,X2,X2
5.387898785978729e-13,604.275634765625,321.7811279296875,-1131.7734375,282.4945068359375,X2,X2
2.699469290878655e-19,756.259033203125,328.69842529296875,-900.294921875,427.56060791015625,X1,X2
8.132632160287617e-18,721.13623046875,327.6297607421875,-1408.563720703125,393.5064697265625,X2,X2
2.656699729999823e-12,584.9981689453125,318.45880126953125,-1114.75634765625,266.53936767578125,X2,X2
2.9686353286706435e-07,465.0103759765625,314.71044921875,-1149.48486328125,150.2999267578125,X1,X2
1.4577941602420166e-19,774.4996337890625,340.7777099609375,-1029.306396484375,433.721923828125,X2,X2
1.3387347230775504e-08,468.99755859375,287.70794677734375,-1139.2861328125,181.28955078125,X2,X2
2.070038223724705e-20,787.8660888671875,334.624755859375,-794.5990600585938,453.2413330078125,X1,X2
1.2096878301670142e-20,760.759521484375,302.1461181640625,-1162.297607421875,458.6134033203125,X2,X2
4.790997581841962e-14,596.665771484375,289.97125244140625,-1102.133056640625,306.69451904296875,X2,X2
0.0009791055927053094,244.308349609375,175.0245361328125,-1227.182861328125,69.2838134765625,X2,X2
5.335961131226665e-15,619.0565185546875,290.4134521484375,-1131.27197265625,328.64306640625,X1,X2
1.2017192148050526e-06,433.73388671875,297.416259765625,-1007.2901611328125,136.31756591796875,X2,X2
2.141359260591537e-14,606.787841796875,292.0404052734375,-917.808837890625,314.74749755859375,X2,X2
1.3545476329919715e-21,812.58642578125,332.0782470703125,-831.0325317382812,480.5081787109375,X1,X2
2.9912187848270777e-21,778.23876953125,305.6527099609375,-839.1382446289062,472.5860595703125,X2,X2
4.456193599800265e-19,731.07958984375,308.5313720703125,-873.0646362304688,422.5482177734375,X2,X2
1.9533978691536115e-16,648.5045166015625,286.78662109375,-747.7063598632812,361.7178955078125,X1,X2
2.4782778496046376e-08,484.609619140625,309.47845458984375,-930.8355712890625,175.13116455078125,X2,X2
2.486303433372073e-15,643.4937744140625,307.2139892578125,-974.2672119140625,336.27978515625,X2,X2
3.16094986495378e-20,796.940673828125,347.932373046875,-888.0146484375,449.00830078125,X2,X2
1.999121461026991e-21,811.9517822265625,335.33599853515625,-789.6595458984375,476.61578369140625,X1,X2
0.6931471824645996,0.0,0.0,-1015.6400756835938,0.0,X2,X2
1.9239958679528012e-14,616.4061279296875,300.5882568359375,-862.2899169921875,315.81787109375,X2,X2
1.0788190371651161e-22,806.4718017578125,300.6617431640625,-822.1236572265625,505.81005859375,X1,X2
2.329644452608165e-13,622.96826171875,332.08929443359375,-975.603759765625,290.87890625,X2,X2
0.6931471824645996,0.0,0.0,-1262.482666015625,0.0,X2,X2
2.0878886844083712e-21,759.6220703125,283.44073486328125,-1027.8909912109375,476.18133544921875,X1,X2
4.6125759881684074e-21,807.46923828125,339.2142333984375,-1030.362060546875,468.2550048828125,X2,X2
5.257522386300009e-16,654.869873046875,303.0528564453125,-1119.854736328125,351.8170166015625,X2,X2
5.074624820784072e-22,795.446533203125,305.120361328125,-1050.282470703125,490.326171875,X1,X2
6.951321491279619e-20,783.534912109375,342.4072265625,-1074.4722900390625,441.127685546875,X2,X2
1.2103352217809591e-18,745.369873046875,332.81353759765625,-1017.0572509765625,412.55633544921875,X1,X2
3.125937248328971e-19,793.850830078125,367.75701904296875,-1032.154541015625,426.09381103515625,X2,X2
5.708060387221252e-21,774.021240234375,307.89715576171875,-1204.265380859375,466.12408447265625,X2,X2
6.3465481758839815e-09,490.418212890625,301.66461181640625,-1146.12451171875,188.7535400390625,X1,X2
8.251053101001859e-21,802.647705078125,340.208251953125,-1085.720703125,462.439453125,X2,X2
6.263179987680011e-19,757.46337890625,338.31915283203125,-1235.6715087890625,419.144287109375,X2,X2
4.287313844328518e-14,620.562744140625,312.7574462890625,-1147.4697265625,307.8052978515625,X2,X2
3.786287831505762e-16,660.908203125,305.8084716796875,-1113.69775390625,355.0997314453125,X1,X2
4.197811449557776e-06,405.3035888671875,281.494140625,-1231.5595703125,123.8094482421875,X2,X2
2.0257916542126472e-20,731.1553955078125,277.697998046875,-1059.823486328125,453.4573974609375,X2,X2
3.3738639574264273e-19,762.490234375,337.15966796875,-828.2125244140625,425.33056640625,X1,X2
7.22921444657864e-15,599.03759765625,273.43115234375,-983.0947265625,325.6064453125,X2,X2
5.425714542262744e-17,714.9996337890625,340.4716796875,-852.4137573242188,374.5279541015625,X2,X2
9.871514667297117e-16,673.467529296875,327.950439453125,-867.0274658203125,345.51708984375,X1,X2
8.37568773200472e-20,748.572265625,309.30859375,-830.7681884765625,439.263671875,X2,X2
2.643944633541617e-13,592.82177734375,303.20843505859375,-890.939208984375,289.61334228515625,X2,X2
1.129151771541402e-13,603.2965087890625,305.17510986328125,-841.2725830078125,298.12139892578125,X2,X2
5.503158658751086e-15,649.082763671875,320.74822998046875,-746.0263671875,328.33453369140625,X1,X2
7.493492984809666e-21,760.309326171875,296.90679931640625,-893.083740234375,463.40252685546875,X2,X2
1.1395462481619822e-12,571.7685546875,296.7646484375,-1016.762939453125,275.00390625,X2,X2
1.006529868538129e-21,809.1951904296875,325.71746826171875,-834.7073974609375,483.477783203125,X1,X2
1.2541609461028114e-12,568.62158203125,294.5760498046875,-924.2285766601562,274.0455322265625,X2,X2
2.867197479167857e-19,763.4468994140625,336.48907470703125,-825.5347900390625,426.95782470703125,X2,X2
7.668006229977209e-10,509.628662109375,299.74066162109375,-1057.8814697265625,209.887939453125,X1,X2
2.6120447254187034e-21,783.731201171875,309.7896728515625,-922.3248901367188,473.9415283203125,X2,X2
2.644012709579588e-15,678.0367431640625,342.3719482421875,-876.115966796875,335.664794921875,X2,X2
2.8427449135836026e-21,806.837158203125,333.74200439453125,-835.85986328125,473.09515380859375,X2,X2
7.205428245255837e-22,786.2347412109375,299.4144287109375,-997.271484375,486.82037353515625,X1,X2
1.0716054557584149e-20,769.451904296875,309.62646484375,-979.1666259765625,459.825439453125,X2,X2
7.994449396525692e-21,769.7403564453125,306.9849853515625,-805.0089111328125,462.75537109375,X2,X2
2.531550530516079e-17,654.19189453125,272.04083251953125,-898.5216064453125,382.151123046875,X1,X2
7.303657461807389e-14,589.799072265625,287.3209228515625,-846.7556762695312,302.4781494140625,X2,X2
3.6428238500171897e-22,785.0819091796875,291.4407958984375,-787.26025390625,493.64111328125,X1,X2
4.318168691826018e-19,756.767822265625,333.90496826171875,-785.283935546875,422.86285400390625,X2,X2
4.080985217116293e-21,810.2734375,340.7939453125,-768.5009765625,469.4794921875,X2,X2
4.359801002248542e-17,722.140380859375,345.4251708984375,-872.9002075195312,376.7152099609375,X2,X2
0.4810293912887573,279.1103515625,274.2933349609375,-1059.3642578125,4.81689453125,X1,X2
4.1936804976409736e-22,831.347900390625,339.114990234375,-1038.4932861328125,492.23291015625,X2,X2
1.0666127710061164e-14,616.869384765625,295.15240478515625,-1187.6610107421875,321.717041015625,X2,X2
1.293032577671554e-19,727.36279296875,292.4415283203125,-1180.603515625,434.9212646484375,X1,X2
2.1694546300888168e-21,832.0479736328125,356.2498779296875,-751.763916015625,475.798095703125,X2,X2
2.1596441791666455e-22,838.772705078125,339.90338134765625,-792.6513061523438,498.8692626953125,X2,X2
3.8864400009852874e-24,842.7952880859375,303.749755859375,-807.91552734375,539.0454711914062,X1,X2
5.6096485125473165e-21,828.02099609375,361.7230224609375,-828.1681518554688,466.2979736328125,X2,X2
7.14539822865845e-08,398.233642578125,233.6915283203125,-1012.1112670898438,164.5421142578125,X2,X2
1.0814283063118388e-20,803.3917236328125,343.65753173828125,-760.0693359375,459.73419189453125,X2,X2
2.294785013690888e-22,787.29345703125,289.0311279296875,-728.5245971679688,498.2623291015625,X1,X2
3.1612513335129645e-20,747.6143798828125,298.6070556640625,-772.1480712890625,449.00732421875,X2,X2
1.6428289056503883e-19,771.892578125,339.36566162109375,-812.5873413085938,432.5269775390625,X2,X2
2.2037755144060624e-16,697.190185546875,336.67828369140625,-988.9786376953125,360.51190185546875,X1,X2
4.672266263119895e-13,568.464111328125,284.54449462890625,-842.5234375,283.91961669921875,X1,X2
1.8349689782514063e-14,663.193115234375,346.9014892578125,-1149.135498046875,316.2916259765625,X2,X2
6.948461902052629e-19,753.868408203125,335.762451171875,-1075.99658203125,418.10595703125,X2,X2
2.4452707949792453e-18,742.211669921875,336.68792724609375,-1079.4542236328125,405.52374267578125,X1,X2
2.676887324779443e-20,743.825927734375,293.15545654296875,-833.239990234375,450.67047119140625,X1,X2
0.6931471824645996,0.0,0.0,-1085.453369140625,0.0,X2,X2
1.3074868609422763e-18,720.0673828125,308.2830810546875,-818.721923828125,411.78424072265625,X1,X2
1.1129696116746899e-17,734.37744140625,344.00830078125,-831.2369384765625,390.369140625,X2,X2
4.26493529738953e-17,728.3338623046875,351.39874267578125,-863.7438354492188,376.9351806640625,X2,X2
6.285757386191278e-17,728.5380859375,355.48150634765625,-934.611572265625,373.05657958984375,X2,X2
1.3735068854839327e-12,627.7080078125,354.571533203125,-914.4354248046875,273.13653564453125,X2,X2
6.35800797310309e-17,728.413818359375,355.4715576171875,-938.69287109375,372.94232177734375,X2,X2
5.616107961168605e-16,694.72802734375,343.57080078125,-954.13525390625,351.1572265625,X1,X2
1.4257553360152997e-08,422.0028076171875,241.343017578125,-947.3532104492188,180.6597900390625,X2,X2
5.053036465006011e-19,769.973388671875,348.68212890625,-852.2412109375,421.291259765625,X1,X2
8.020710090459436e-16,693.7198486328125,346.12652587890625,-819.48779296875,347.59332275390625,X1,X2
3.914328305931747e-10,466.4620361328125,249.8499755859375,-919.975830078125,216.612060546875,X2,X2
3.99207170142038e-14,650.59765625,342.078857421875,-811.1459350585938,308.518798828125,X2,X2
3.5779115060829975e-17,718.7515869140625,340.05987548828125,-874.4166259765625,378.691650390625,X2,X2
2.1401494434329735e-15,640.5140380859375,302.73504638671875,-823.6495361328125,337.77899169921875,X2,X2
3.518979744643151e-15,666.576904296875,333.7708740234375,-899.2638549804688,332.8060302734375,X2,X2
2.624964590310086e-14,646.0174560546875,333.30621337890625,-865.7806396484375,312.71124267578125,X2,X2
1.3810941973391166e-11,559.1763916015625,309.12078857421875,-1067.2108154296875,250.05560302734375,X2,X2
0.0005207408685237169,354.9091796875,279.3092041015625,-1129.25537109375,75.5999755859375,X2,X2
3.2685031328583136e-05,407.128173828125,303.8424072265625,-1193.200439453125,103.2857666015625,X2,X2
3.9902097381481276e-20,772.27294921875,325.5943603515625,-1087.20751953125,446.6785888671875,X1,X2
7.322000833927664e-21,767.0521240234375,303.4180908203125,-1077.4232177734375,463.634033203125,X2,X2
1.6321832527255442e-21,820.8607177734375,342.217041015625,-1071.5302734375,478.6436767578125,X2,X2
3.83426459280255e-25,869.705322265625,307.49884033203125,-1054.14013671875,562.2064819335938,X1,X2
5.840029414921899e-12,429.9686279296875,171.3057861328125,-1205.9058837890625,258.662841796875,X2,X2
1.5027538973728466e-22,843.83203125,341.3363037109375,-1096.135986328125,502.4957275390625,X2,X2
2.760389721639384e-25,877.0418701171875,311.54931640625,-1207.5966796875,565.4925537109375,X1,X2
6.040863809175789e-09,488.521240234375,299.2740478515625,-1238.83203125,189.2471923828125,X2,X2
8.297194067597441e-22,824.1297607421875,338.72021484375,-1063.311279296875,485.4095458984375,X2,X2
4.874507091218585e-22,839.3790283203125,348.6505126953125,-1158.0821533203125,490.728515625,X2,X2
2.755801139620843e-26,886.8035888671875,298.2685546875,-1069.2509765625,588.5350341796875,X1,X2
0.6931471824645996,0.0,0.0,-1374.6436767578125,0.0,X2,X2
3.9364475219761557e-20,750.493408203125,303.67913818359375,-1336.8795166015625,446.814208984375,X2,X2
1.6688926377990194e-17,670.0838623046875,283.7659912109375,-1171.6417236328125,386.31787109375,X1,X2
4.940910751647448e-22,827.884765625,337.29156494140625,-1179.71142578125,490.59320068359375,X2,X2
3.2978790837533048e-22,832.057861328125,337.42193603515625,-1169.545166015625,494.63592529296875,X2,X2
4.1376086556965674e-08,395.70263671875,225.697021484375,-1325.7335205078125,170.005615234375,X1,X2
2.178900210754218e-22,832.4219970703125,333.6414794921875,-1134.9439697265625,498.780517578125,X2,X2
2.53702564367577e-22,837.639892578125,340.381103515625,-1165.0025634765625,497.2587890625,X2,X2
1.6899009866080724e-22,845.676025390625,344.35400390625,-1144.9755859375,501.322021484375,X2,X2
2.048315679046351e-23,830.853515625,308.42913818359375,-1147.552001953125,522.4243774414062,X1,X2
7.397833262818317e-21,743.273681640625,279.74267578125,-1231.8740234375,463.531005859375,X2,X2
3.681183947027553e-22,790.732177734375,297.19580078125,-1172.919189453125,493.536376953125,X2,X2
1.9199473416111755e-23,860.78125,337.70965576171875,-1163.2559814453125,523.0715942382812,X1,X2
1.5461093140705589e-22,845.3211669921875,343.10986328125,-1196.456298828125,502.2113037109375,X2,X2
2.4835078052526386e-22,836.6229248046875,339.15093994140625,-1177.1844482421875,497.47198486328125,X2,X2
2.905128194896105e-25,899.1689453125,334.18743896484375,-1135.7281494140625,564.9815063476562,X1,X2
2.907504764590828e-22,836.986572265625,341.0908203125,-1233.0516357421875,495.895751953125,X2,X2
9.716889847866849e-21,759.207275390625,298.403076171875,-1189.2900390625,460.80419921875,X2,X2
3.7720129797413904e-10,510.764892578125,293.782470703125,-1386.1337890625,216.982421875,X2,X2
1.251378435599209e-25,906.693359375,333.28955078125,-1233.5682373046875,573.40380859375,X1,X2
0.6931471824645996,-58.001708984375,-58.001708984375,0.0,0.0,X1,X2
4.428899765014648,271.5802001953125,315.74920654296875,91.20162963867188,-44.16900634765625,X2,X1
0.10352782160043716,635.4563598632812,613.29931640625,107.81423950195312,22.15704345703125,X1,X2
25.4733829498291,-674.84326171875,-420.10943603515625,37.975799560546875,-254.73382568359375,X2,X1
11.270758628845215,-515.9076538085938,-403.2001953125,25.132171630859375,-112.70745849609375,X2,X1
0.0023409719578921795,315.4075927734375,254.847412109375,89.46588134765625,60.5601806640625,X2,X1
0.11743339151144028,605.3050537109375,584.4791259765625,240.3619384765625,20.825927734375,X1,X2
5.197264671325684,-192.18768310546875,-140.2705078125,129.45925903320312,-51.91717529296875,X2,X1
1.1600106954574585,-653.271240234375,-645.432373046875,180.73388671875,-7.8388671875,X2,X1
10.573481559753418,543.299560546875,649.0341186523438,282.2091369628906,-105.73455810546875,X1,X2
0.06098754703998566,-536.6808471679688,-564.34521484375,306.6653747558594,27.66436767578125,X2,X1
3.1604115065420046e-05,-522.00439453125,-625.62646484375,293.6761474609375,103.6220703125,X2,X1
9.227191925048828,541.7730102539062,634.0439453125,291.9772033691406,-92.27093505859375,X1,X2
4.239628651703242e-06,46.5413818359375,-77.1689453125,273.9522705078125,123.7103271484375,X2,X1
0.011825986206531525,-577.3106689453125,-621.6260375976562,228.04556274414062,44.31536865234375,X2,X1
10.116947174072266,46.3800048828125,147.549072265625,203.68658447265625,-101.1690673828125,X1,X1
1.3965215682983398,633.03125,644.1535034179688,199.17202758789062,-11.12225341796875,X1,X2
0.38621941208839417,587.127197265625,579.6068725585938,-36.788421630859375,7.52032470703125,X1,X2
0.04574637860059738,-332.239013671875,-362.8558349609375,-138.09967041015625,30.6168212890625,X2,X1
0.6792888641357422,3.7642822265625,3.48516845703125,-59.458160400390625,0.27911376953125,X2,X2
0.0004428121028468013,728.216552734375,650.9951171875,-10.747802734375,77.221435546875,X2,X2
7.815638065338135,360.402587890625,438.554931640625,-132.675048828125,-78.15234375,X1,X2
0.0003152575227431953,702.889404296875,622.269775390625,-102.3382568359375,80.61962890625,X1,X2
0.1072273850440979,134.9019775390625,113.1148681640625,-107.891845703125,21.787109375,X1,X2
16.579517364501953,204.49169921875,370.286865234375,-351.4190673828125,-165.795166015625,X1,X2
4.910166353511158e-06,771.34033203125,649.0983276367188,-485.2488708496094,122.24200439453125,X2,X2
4.198422054457751e-09,786.631103515625,593.7455444335938,-526.9666748046875,192.88555908203125,X2,X2
1.2673947367147775e-06,776.6451416015625,640.8596801757812,-603.6995849609375,135.78546142578125,X1,X2
1.7192517134390073e-06,778.307373046875,645.5711669921875,-679.3450317382812,132.7362060546875,X1,X2
0.3501558303833008,653.9210205078125,645.2290649414062,-742.552978515625,8.69195556640625,X1,X2
6.904068141011521e-05,656.7706298828125,560.9628295898438,-499.5071105957031,95.80780029296875,X2,X2
1.4681456089019775,-403.9395751953125,-391.8763427734375,-499.560791015625,-12.063232421875,X2,X1
4.93860987660355e-08,813.232177734375,644.9962158203125,-515.6102905273438,168.2359619140625,X1,X2
12.644083023071289,-54.9185791015625,71.522216796875,-542.4463500976562,-126.4407958984375,X2,X2
3.4395387160657265e-07,792.89892578125,644.0713500976562,-506.7792053222656,148.82757568359375,X2,X2
1.789561152458191,-25.63623046875,-9.5682373046875,-370.58782958984375,-16.0679931640625,X2,X2
2.706819657305459e-07,770.39111328125,619.1679077148438,-402.5778503417969,151.22320556640625,X1,X2
0.01467054896056652,146.3060302734375,104.16033935546875,-310.0065612792969,42.14569091796875,X2,X1
9.740946769714355,-573.07666015625,-475.66778564453125,-370.9933166503906,-97.40887451171875,X2,X1
1.7881634448713157e-06,762.5970458984375,630.2538452148438,-365.0403137207031,132.34320068359375,X2,X2
0.029050542041659355,457.725341796875,422.4837646484375,-563.5050659179688,35.2415771484375,X2,X2
6.27831695965142e-07,751.2655029296875,608.45556640625,-374.69305419921875,142.8099365234375,X2,X2
6.003472662996501e-06,745.9256591796875,625.6939697265625,-366.89111328125,120.231689453125,X2,X2
0.38686904311180115,595.009033203125,587.5089721679688,-403.9042663574219,7.50006103515625,X2,X2
1.7458813190460205,578.234619140625,593.77587890625,-464.2373046875,-15.541259765625,X2,X2
5.995331520125546e-08,735.9556884765625,569.65869140625,-390.37188720703125,166.2969970703125,X1,X2
1.406902327971693e-08,835.307373046875,654.5144653320312,-433.6003723144531,180.79290771484375,X2,X2
6.585886058729784e-09,805.27197265625,616.8886108398438,-450.8750915527344,188.38336181640625,X2,X2
8.543660223736538e-11,874.6295166015625,642.7970581054688,-428.4048156738281,231.83245849609375,X2,X2
2.816998301291562e-10,866.707763671875,646.8059692382812,-447.9366760253906,219.90179443359375,X2,X2
3.625020476936275e-13,895.207763671875,608.7503051757812,-386.5930480957031,286.45745849609375,X2,X2
1.8003340788649846e-12,893.4610595703125,623.0305786132812,-436.9765319824219,270.43048095703125,X2,X2
7.64697416499871e-10,752.8406982421875,542.92529296875,-471.48724365234375,209.9154052734375,X2,X2
4.186361257652038e-10,781.82861328125,565.888427734375,-403.0447998046875,215.940185546875,X2,X2
2.03572416305542,-4.0616455078125,14.896240234375,-467.80584716796875,-18.9578857421875,X1,X1
1.4119729691008942e-11,849.93505859375,600.1005859375,-484.278564453125,249.83447265625,X1,X2
4.8089284290786516e-12,823.0208740234375,562.4154052734375,-440.4296875,260.60546875,X2,X2
1.1796386090168198e-09,442.128173828125,236.547607421875,-460.54150390625,205.58056640625,X2,X2
1.337440047599614e-09,723.4910888671875,519.166015625,-441.34063720703125,204.3250732421875,X2,X2
1.72038373130734e-11,878.009765625,630.15087890625,-447.117919921875,247.85888671875,X2,X2
4.0826136958951875e-13,769.703369140625,484.4346923828125,-427.17156982421875,285.2686767578125,X2,X2
1.6054850862385478e-13,880.0841064453125,585.4822998046875,-435.908935546875,294.601806640625,X2,X2
22.10963249206543,-844.3153076171875,-623.218994140625,-485.13690185546875,-221.0963134765625,X2,X1
1.2353283673771642e-10,876.83203125,648.6868896484375,-492.52508544921875,228.1451416015625,X2,X2
0.006527729798108339,237.187255859375,186.9029541015625,-356.64239501953125,50.2843017578125,X2,X2
0.6931471824645996,0.0,0.0,-567.4525146484375,0.0,X2,X2
8.920820619096048e-06,765.38623046875,649.1150512695312,-434.9188537597656,116.27117919921875,X1,X2
0.6931471824645996,0.0,0.0,-503.542724609375,0.0,X2,X2
3.3046162128448486,-260.748046875,-228.075927734375,-342.60546875,-32.672119140625,X2,X2
0.004755002912133932,691.892822265625,638.4310302734375,-342.79327392578125,53.4617919921875,X1,X2
4.932987940264866e-05,717.9986572265625,618.8291015625,-354.59417724609375,99.1695556640625,X2,X2
0.001695446902886033,684.629638671875,620.8400268554688,-439.4014587402344,63.78961181640625,X1,X2
2.1967048624560448e-08,675.1754150390625,498.83819580078125,-419.2520446777344,176.33721923828125,X2,X2
5.890865750757257e-08,762.479248046875,596.0064697265625,-499.18878173828125,166.4727783203125,X2,X2
2.2441182245813707e-09,779.10400390625,579.9544677734375,-508.73919677734375,199.1495361328125,X2,X2
0.06935232132673264,594.106689453125,567.7698974609375,-646.4292602539062,26.3367919921875,X2,X2
4.520997833878937e-07,794.1220703125,648.0284423828125,-629.9163208007812,146.0936279296875,X1,X2
5.847862638574952e-09,840.512939453125,650.9410400390625,-694.4154663085938,189.5718994140625,X2,X2
7.117007178904233e-13,849.1265869140625,569.4154052734375,-711.8206787109375,279.711181640625,X2,X2
1.594919574188225e-08,824.5511474609375,645.0125732421875,-777.31640625,179.53857421875,X1,X2
3.499457668088013e-10,666.4549560546875,448.7225341796875,-799.892333984375,217.732421875,X2,X2
1.1796194229751755e-11,870.1177978515625,618.4853515625,-804.2520141601562,251.6324462890625,X2,X2
6.74675902700983e-07,493.225830078125,351.135498046875,-838.123046875,142.09033203125,X1,X2
1.0889197529784234e-11,872.884521484375,620.4520263671875,-824.0077514648438,252.4324951171875,X2,X2
12.459806442260742,-444.25537109375,-319.6573486328125,-904.0520629882812,-124.5980224609375,X2,X1
6.883103809141033e-11,889.255859375,655.26220703125,-862.2310791015625,233.99365234375,X2,X2
1.3293887768384138e-08,830.5721435546875,649.2125244140625,-912.9859619140625,181.359619140625,X1,X2
1.3219131345110213e-10,865.3006591796875,637.8329467773438,-885.1112060546875,227.46771240234375,X2,X2
1.3406606935717491e-09,854.7880859375,650.487060546875,-977.969970703125,204.301025390625,X2,X2
6.696686938312268e-08,782.2833251953125,617.0926513671875,-928.140869140625,165.190673828125,X1,X2
0.6931471824645996,0.0,0.0,-1011.44140625,0.0,X2,X2
0.6931471824645996,0.0,0.0,-1007.7850341796875,0.0,X2,X2
9.541651706967968e-06,760.854736328125,645.25634765625,-969.344970703125,115.598388671875,X1,X2
0.14878760278224945,437.54150390625,419.2423095703125,-1019.6288452148438,18.2991943359375,X2,X2
0.01466938853263855,615.81591796875,573.66943359375,-1104.51123046875,42.146484375,X2,X2
2.1634596336639333e-09,849.1708984375,649.6553344726562,-1121.21630859375,199.51556396484375,X2,X2
1.8890376091003418,418.171875,435.4227294921875,-1048.22314453125,-17.2508544921875,X1,X2
1.6983923387670075e-06,716.0423583984375,583.18408203125,-1026.662353515625,132.8582763671875,X2,X2
16.125402450561523,-807.45263671875,-646.1986083984375,-972.6151733398438,-161.2540283203125,X2,X1
4.044767187849629e-09,824.3642578125,631.1058349609375,-860.7040405273438,193.2584228515625,X1,X2
0.6931471824645996,0.0,0.0,-995.99267578125,0.0,X2,X2
19.8392333984375,-816.0904541015625,-617.6981201171875,-882.7286376953125,-198.392333984375,X2,X1
4.369863033294678,408.3779296875,451.94921875,-1089.5687255859375,-43.5712890625,X1,X2
0.0009884982137009501,198.236328125,129.04803466796875,-854.274658203125,69.18829345703125,X2,X2
13.606159210205078,-198.555419921875,-62.49383544921875,-839.725830078125,-136.06158447265625,X1,X2
0.0003957677981816232,583.143310546875,504.7984619140625,-953.2225952148438,78.3448486328125,X1,X2
3.612248633544368e-07,754.519775390625,606.18212890625,-845.6046142578125,148.337646484375,X1,X2
7.225393972021266e-08,786.980712890625,622.5499267578125,-814.2460327148438,164.4307861328125,X2,X2
8.018206596374512,430.056884765625,510.23565673828125,-922.532470703125,-80.17877197265625,X1,X2
1.1199933396710549e-05,763.917724609375,649.9217529296875,-828.8999633789062,113.9959716796875,X1,X2
3.65233063348569e-05,735.19775390625,633.0223388671875,-811.2420043945312,102.1754150390625,X1,X2
0.6931471824645996,0.0,0.0,-841.598876953125,0.0,X2,X2
0.0025953217409551144,632.17041015625,572.6429443359375,-765.0704956054688,59.5274658203125,X1,X2
13.424691200256348,170.244140625,304.49102783203125,-602.1260986328125,-134.24688720703125,X1,X2
7.909598025435116e-07,793.53271484375,653.0325317382812,-578.7471923828125,140.50018310546875,X2,X2
9.712299652164802e-05,633.4296875,541.0348510742188,-563.604248046875,92.39483642578125,X1,X2
0.14322465658187866,-263.668212890625,-282.376953125,-565.8170166015625,18.708740234375,X2,X1
4.567962241708301e-05,740.7525634765625,640.814208984375,-481.39691162109375,99.9383544921875,X1,X2
6.756707443855703e-05,701.1904296875,605.1668701171875,-563.7042846679688,96.0235595703125,X1,X2
0.0015388099709525704,388.9713134765625,324.2115478515625,-475.69775390625,64.759765625,X2,X2
0.00899220909923315,685.2509765625,638.1820068359375,-629.8363647460938,47.0689697265625,X2,X2
1.9660725229186937e-05,730.075439453125,621.7066650390625,-532.0180053710938,108.3687744140625,X1,X2
3.0849034374114126e-05,209.7659912109375,105.902099609375,-603.7294311523438,103.8638916015625,X2,X2
7.916550970321623e-09,413.3199462890625,226.77685546875,-614.5431518554688,186.5430908203125,X2,X2
8.54052734375,-736.7783203125,-651.375,-706.2845458984375,-85.4033203125,X2,X1
0.00013055792078375816,628.975341796875,539.5390625,-683.980224609375,89.436279296875,X2,X2
5.509165816874884e-07,549.3521728515625,405.2353515625,-660.0997924804688,144.1168212890625,X1,X2
2.7247428988630418e-06,735.8248291015625,607.6934814453125,-624.15234375,128.13134765625,X2,X2
0.40631672739982605,-21.4010009765625,-28.30694580078125,-636.8695068359375,6.90594482421875,X1,X2
4.950616359710693,-6.3785400390625,43.05657958984375,-643.934326171875,-49.43511962890625,X2,X1
5.7421025303483475e-06,692.1634521484375,571.4866333007812,-522.912109375,120.67681884765625,X1,X2
2.547410076658707e-06,697.619384765625,568.8150634765625,-507.26654052734375,128.8043212890625,X2,X2
5.933832591953347e-11,498.015625,262.5379638671875,-534.0150756835938,235.4776611328125,X2,X2
0.016510840505361557,286.5198974609375,245.565185546875,-436.61907958984375,40.9547119140625,X1,X2
2.4170920848846436,303.7384033203125,326.9752197265625,-439.37939453125,-23.23681640625,X1,X1
0.07853491604328156,674.1044921875,649.0576171875,-504.026123046875,25.046875,X2,X2
9.944732300937176e-05,715.697265625,623.5389404296875,-653.1039428710938,92.1583251953125,X2,X2
1.3926191968494095e-05,718.135009765625,606.3176879882812,-652.7470703125,111.81732177734375,X2,X2
1.9842036635964178e-06,743.4669189453125,612.1640014648438,-743.0311279296875,131.30291748046875,X2,X2
4.135016441345215,525.287841796875,566.4766845703125,-896.3301391601562,-41.1888427734375,X2,X2
2.3636852120034746e-07,785.974609375,633.3958740234375,-928.4806518554688,152.5787353515625,X2,X2
4.575231552124023,-130.70068359375,-85.05194091796875,-763.492919921875,-45.64874267578125,X2,X2
5.760976140578578e-10,819.505615234375,606.7581787109375,-1023.9495239257812,212.7474365234375,X1,X2
4.7718915939331055,-382.436767578125,-334.8028564453125,-1143.235107421875,-47.6339111328125,X2,X1
2.4757691008403526e-08,817.3348388671875,642.1935424804688,-970.9525146484375,175.14129638671875,X2,X2
7.918589115142822,-343.456298828125,-264.2740478515625,-948.6261596679688,-79.1822509765625,X2,X1
0.0004935550387017429,657.83203125,581.6957397460938,-999.165771484375,76.13629150390625,X2,X2
1.7447911204726552e-06,781.112060546875,648.5233154296875,-958.0669555664062,132.5887451171875,X2,X2
0.6931471824645996,0.0,0.0,-962.824951171875,0.0,X2,X2
0.6931471824645996,0.0,0.0,-1011.882080078125,0.0,X2,X2
3.421891960897483e-05,753.748046875,650.9208984375,-901.123291015625,102.8271484375,X2,X2
5.858304064076947e-08,638.2509765625,471.7227783203125,-963.6272583007812,166.5281982421875,X2,X2
5.373423846322112e-05,711.735595703125,613.4212646484375,-989.9719848632812,98.3143310546875,X2,X2
4.407116193760885e-06,690.402099609375,567.0792236328125,-869.2224731445312,123.3228759765625,X2,X2
3.5235256490295797e-08,637.162109375,465.5499267578125,-983.6062622070312,171.6121826171875,X2,X2
7.037719029767686e-08,630.435302734375,465.7413330078125,-986.5330200195312,164.6939697265625,X2,X2
0.007784632034599781,178.08447265625,129.5673828125,-1123.3731689453125,48.51708984375,X2,X2
0.002699835691601038,702.06689453125,642.9347534179688,-1042.9490966796875,59.13214111328125,X1,X2
2.8375487090670504e-05,708.77392578125,604.07421875,-857.21875,104.69970703125,X1,X2
9.044820785522461,-737.3690185546875,-646.9219360351562,-1147.1776123046875,-90.447021484375,X2,X1
1.2532989978790283,555.2359619140625,564.4063720703125,-1053.083251953125,-9.17041015625,X2,X2
5.925929599470692e-06,475.691650390625,355.3299560546875,-975.6178588867188,120.3616943359375,X2,X2
2.349764823913574,-304.734375,-282.2392578125,-1148.4912109375,-22.4951171875,X2,X1
9.082721953745931e-05,-239.98828125,-333.0533447265625,-1032.16455078125,93.0650634765625,X2,X1
7.95083475112915,-721.0712890625,-641.5664672851562,-934.706298828125,-79.50482177734375,X2,X1
0.003522423328831792,686.804931640625,630.3364868164062,-872.8975830078125,56.46844482421875,X2,X2
9.506217611487955e-05,704.559326171875,611.9500122070312,-808.15234375,92.60931396484375,X2,X2
2.384011895628646e-05,713.763427734375,607.3221435546875,-1117.761474609375,106.4412841796875,X2,X2
0.004015731625258923,705.332275390625,650.177001953125,-1023.21728515625,55.1552734375,X2,X2
0.039124488830566406,681.5888671875,649.3750610351562,-834.9486083984375,32.21380615234375,X1,X2
5.97022017245763e-06,712.557373046875,592.2701416015625,-988.4074096679688,120.2872314453125,X2,X2
4.177682058070786e-05,743.687744140625,642.8562622070312,-999.19189453125,100.83148193359375,X2,X2
1.0469722866446318e-07,627.904296875,467.182373046875,-955.066162109375,160.721923828125,X2,X2
2.0139487855175275e-09,730.3311767578125,530.0994873046875,-1007.942626953125,200.231689453125,X1,X2
3.1182887028080586e-07,756.05126953125,606.2431640625,-1131.6676025390625,149.80810546875,X2,X2
0.6931471824645996,0.0,0.0,-1102.435546875,0.0,X2,X2
3.66734843737504e-06,743.6246337890625,618.4642333984375,-1039.7955322265625,125.160400390625,X1,X2
13.078261375427246,-771.942138671875,-641.1595458984375,-1064.361328125,-130.7825927734375,X2,X3
5.7916430762361415e-08,774.86376953125,608.2211303710938,-1021.313720703125,166.64263916015625,X2,X2
0.001520283636637032,574.3564453125,509.4754638671875,-1505.199951171875,64.8809814453125,X1,X2
2.4563171336922096e-06,769.97412109375,640.8056640625,-948.052978515625,129.16845703125,X2,X2
9.670518011262175e-06,736.7939453125,621.3297119140625,-997.5471801757812,115.4642333984375,X1,X2
0.0034126746468245983,556.760009765625,499.9744873046875,-754.2554321289062,56.7855224609375,X2,X2
5.23340750078205e-05,-284.744140625,-383.322509765625,-1124.0128173828125,98.578369140625,X2,X1
4.894989160675323e-07,750.9580078125,605.6591796875,-983.454345703125,145.298828125,X2,X2
7.344661298702704e-06,769.6240234375,651.40869140625,-991.11181640625,118.21533203125,X2,X2
1.4673202713311184e-05,741.344482421875,630.0496826171875,-910.1948852539062,111.2947998046875,X1,X2
1.6760460539444466e-06,760.651611328125,627.660888671875,-857.6148681640625,132.99072265625,X2,X2
2.957062008590583e-07,510.15576171875,359.8167724609375,-858.3718872070312,150.3389892578125,X2,X2
0.5937927961349487,36.4698486328125,34.373046875,-869.9338989257812,2.0968017578125,X1,X2
0.6931471824645996,0.0,0.0,-933.424560546875,0.0,X2,X2
2.2035660407482283e-08,635.148193359375,458.8421630859375,-773.1387329101562,176.3060302734375,X2,X2
1.1420546286444733e-07,752.193115234375,592.3404541015625,-756.4501342773438,159.8526611328125,X2,X2
1.8344953787163831e-06,743.0155029296875,610.9281005859375,-780.7459716796875,132.08740234375,X1,X2
1.6347457858501002e-05,750.107666015625,639.8933715820312,-910.373779296875,110.21429443359375,X1,X2
1.8200929652323339e-09,748.55078125,547.3070068359375,-686.3451538085938,201.2437744140625,X2,X2
5.414689212557278e-07,744.643798828125,600.35400390625,-991.3519287109375,144.289794921875,X2,X2
1.3972368817505298e-09,652.2900390625,448.40234375,-840.4306640625,203.8876953125,X2,X2
4.627981127214298e-07,753.237060546875,607.3773193359375,-735.3779907226562,145.8597412109375,X2,X2
0.10404950380325317,609.93603515625,587.8319091796875,-788.7572631835938,22.1041259765625,X1,X2
1.3140545888745692e-05,764.9935302734375,652.5955200195312,-746.8330078125,112.39801025390625,X2,X2
1.0280905371473636e-05,766.480224609375,651.6280517578125,-848.3423461914062,114.8521728515625,X2,X2
2.3671502447086823e-07,624.275634765625,471.7115478515625,-633.8424682617188,152.5640869140625,X2,X2
5.384286438925301e-08,767.456787109375,600.0848388671875,-717.3580932617188,167.3719482421875,X1,X2
16.671483993530273,-766.000732421875,-599.285888671875,-727.84912109375,-166.71484375,X2,X1
5.18366675805737e-07,762.533935546875,617.80810546875,-578.68212890625,144.725830078125,X2,X2
0.001797621138393879,567.99169921875,504.78778076171875,-600.1785888671875,63.20391845703125,X1,X2
6.988595373513817e-07,685.3310546875,543.5928955078125,-671.4569702148438,141.7381591796875,X2,X2
2.198120085949995e-07,753.6572265625,600.352294921875,-636.523681640625,153.304931640625,X2,X2
1.6000160485418746e-06,747.4754638671875,614.0205078125,-665.8931274414062,133.4549560546875,X1,X2
0.04795772209763527,184.513916015625,154.38031005859375,-574.28173828125,30.13360595703125,X2,X1
4.030704440083355e-05,338.130615234375,236.94097900390625,-629.462646484375,101.18963623046875,X2,X2
4.898937702178955,-570.70751953125,-521.79296875,-625.07421875,-48.91455078125,X2,X1
1.1982550631728373e-06,740.424072265625,604.07763671875,-606.9976806640625,136.346435546875,X1,X2
9.090815001400188e-05,745.0654296875,652.00927734375,-587.246337890625,93.05615234375,X2,X2
15.564813613891602,-734.72802734375,-579.0798950195312,-529.260498046875,-155.64813232421875,X2,X1
5.945394515991211,-134.0716552734375,-74.6439208984375,-627.2256469726562,-59.427734375,X1,X2
0.00043191039003431797,731.024658203125,653.5538940429688,-541.0552978515625,77.47076416015625,X2,X2
2.6046485900878906,-13.2120361328125,12.06640625,-486.11968994140625,-25.2784423828125,X1,X1
0.002234190935268998,704.1173095703125,643.0897216796875,-502.9649658203125,61.027587890625,X2,X2
0.6931471824645996,0.0,0.0,-522.3712158203125,0.0,X2,X2
0.08465258777141571,674.5794677734375,650.313720703125,-484.85491943359375,24.2657470703125,X2,X2
0.029044246301054955,687.89697265625,652.6531982421875,-417.32513427734375,35.2437744140625,X2,X2
0.011607515625655651,681.5107421875,637.0078125,-468.053955078125,44.5029296875,X1,X2
1.4809877029620111e-05,713.25830078125,602.0562133789062,-521.8236083984375,111.20208740234375,X2,X2
0.0005613417597487569,730.659912109375,655.8109130859375,-593.7849731445312,74.8489990234375,X2,X2
0.00028897912125103176,730.5352783203125,649.045166015625,-590.4633178710938,81.4901123046875,X1,X2
0.6931471824645996,0.0,0.0,-736.688720703125,0.0,X2,X2
1.8036203982774168e-05,592.028076171875,482.796875,-749.0633544921875,109.231201171875,X2,X2
2.134540227416437e-05,759.22119140625,651.674560546875,-721.6900634765625,107.546630859375,X1,X2
0.6931471824645996,0.0,0.0,-799.3138427734375,0.0,X2,X2
3.94107047441139e-07,790.039794921875,642.5733642578125,-745.0590209960938,147.4664306640625,X2,X2
9.259486688506513e-08,632.80224609375,470.8519287109375,-897.8303833007812,161.9503173828125,X1,X2
1.1555553101061378e-06,791.9365234375,655.2272338867188,-1022.1099853515625,136.70928955078125,X2,X2
2.567253076790621e-08,804.1468505859375,629.368408203125,-791.1314086914062,174.7784423828125,X2,X2
0.0003750524774659425,648.9989013671875,570.1163330078125,-837.677490234375,78.882568359375,X1,X2
1.55742583274332e-07,806.6536865234375,649.903076171875,-840.5538940429688,156.7506103515625,X2,X2
1.1656963039285984e-07,813.34228515625,653.6945190429688,-849.19482421875,159.64776611328125,X2,X2
6.551590936432206e-10,812.855224609375,601.393798828125,-834.06982421875,211.46142578125,X1,X2
2.828634881879566e-09,820.7545166015625,623.9197998046875,-810.9542236328125,196.834716796875,X2,X2
1.607791955127169e-10,821.7510986328125,596.2412109375,-844.6911010742188,225.5098876953125,X2,X2
6.067839120049712e-09,812.8311767578125,623.6285400390625,-874.45556640625,189.20263671875,X1,X2
2.5115390599239618e-05,688.068603515625,582.1484375,-849.5218505859375,105.920166015625,X2,X2
5.26468557637827e-09,821.895263671875,631.2728271484375,-933.3262329101562,190.6224365234375,X2,X2
1.5916580275998626e-09,819.4088134765625,616.8239135742188,-988.871337890625,202.58489990234375,X1,X2
2.1712574849175326e-08,820.824951171875,644.3712158203125,-1004.7831420898438,176.4537353515625,X2,X2
0.6931471824645996,0.0,0.0,-1098.9718017578125,0.0,X2,X2
5.392448292695917e-05,696.96923828125,598.6902465820312,-959.4964599609375,98.27899169921875,X1,X2
5.0324810985102886e-08,680.7176513671875,512.6699829101562,-907.5389404296875,168.04766845703125,X2,X2
3.031647502482748e-11,694.536865234375,452.34356689453125,-841.748779296875,242.19329833984375,X2,X2
6.599671564799792e-08,816.1820068359375,650.8453979492188,-927.8734130859375,165.33660888671875,X2,X2
5.7077906845393045e-09,826.939208984375,637.1248779296875,-1009.9684448242188,189.8143310546875,X1,X2
5.398245184196071e-10,828.3304443359375,614.9326782226562,-872.8096923828125,213.39776611328125,X2,X2
6.96376822872935e-09,829.4398193359375,641.6143798828125,-911.021240234375,187.825439453125,X2,X2
6.39320241191399e-09,831.1798095703125,642.49951171875,-1010.2891235351562,188.6802978515625,X1,X2
9.747239581462742e-17,823.222412109375,454.55279541015625,-932.6373291015625,368.66961669921875,X2,X2
3.0446249965621064e-09,829.2156982421875,633.1168212890625,-997.4830322265625,196.098876953125,X2,X2
3.366825568340559e-11,819.3328857421875,578.188232421875,-909.9718627929688,241.1446533203125,X1,X2
1.0918762427536421e-06,689.521728515625,552.24560546875,-1048.1517333984375,137.276123046875,X2,X2
1.000426630426432e-09,829.54150390625,622.3131103515625,-897.6013793945312,207.2283935546875,X2,X2
1.7906519095192003e-13,833.1416015625,539.63134765625,-1373.036376953125,293.51025390625,X2,X2
7.725597384045102e-10,835.115966796875,625.3028564453125,-1034.4755859375,209.8131103515625,X2,X2
9.651026644519334e-09,831.445556640625,646.8836059570312,-1161.965087890625,184.56201171875,X2,X2
7.2286434615875805e-09,829.09765625,641.6455078125,-985.705078125,187.4521484375,X2,X2
3.1812901202243893e-09,840.54443359375,644.8846435546875,-901.3136596679688,195.6597900390625,X2,X2
4.077920311829075e-05,700.801025390625,599.7278442382812,-952.1444091796875,101.07318115234375,X2,X2
4.481153503821389e-10,839.705810546875,624.4461059570312,-897.86083984375,215.25970458984375,X2,X2
1.4076577403709933e-10,818.74365234375,591.9044189453125,-885.4013061523438,226.8392333984375,X2,X2
1.0280049700384097e-08,834.322998046875,650.3923950195312,-913.4434814453125,183.93060302734375,X2,X2
2.4183718139170196e-08,825.9871826171875,650.611328125,-931.3427124023438,175.3758544921875,X2,X2
1.1534694976944593e-08,833.071044921875,650.2919921875,-901.6058349609375,182.779052734375,X2,X2
0.006836357526481152,313.996826171875,264.176025390625,-999.102783203125,49.82080078125,X1,X2
2.1451460607835315e-09,832.1422119140625,632.5416259765625,-926.9857177734375,199.6005859375,X1,X2
9.682975532498972e-10,829.32080078125,621.7659912109375,-914.0045776367188,207.5548095703125,X1,X2
1.6254174672880595e-09,832.1640625,629.7890625,-901.75634765625,202.375,X1,X2
9.603971090621499e-11,831.7181396484375,601.0555419921875,-896.920166015625,230.66259765625,X1,X2
6.234524008164044e-09,839.7830810546875,650.8514404296875,-1080.44287109375,188.931640625,X2,X2
7.96274643444228e-11,837.54248046875,605.005859375,-883.970703125,232.53662109375,X1,X2
3.0431313025047757e-10,842.95751953125,623.827880859375,-1066.1419677734375,219.129638671875,X2,X2
4.969853417691183e-10,833.714599609375,619.489990234375,-996.2972412109375,214.224609375,X2,X2
6.954860949301422e-13,734.232177734375,454.29052734375,-858.9722900390625,279.941650390625,X2,X2
8.242055371532331e-10,837.6741943359375,628.5081787109375,-884.21484375,209.166015625,X1,X2
1.5201052222524325e-11,837.289794921875,588.1932373046875,-1016.0315551757812,249.0965576171875,X2,X2
1.6949946654576387e-11,847.645263671875,599.6376953125,-990.4307861328125,248.007568359375,X2,X2
1.1136334042427531e-11,845.552001953125,593.3439331054688,-1081.255615234375,252.20806884765625,X1,X2
2.1557096374635876e-07,705.4248046875,551.925048828125,-1126.757080078125,153.499755859375,X2,X2
1.3349716297683667e-11,845.600830078125,595.20556640625,-1127.682373046875,250.395263671875,X2,X2
9.34995303403241e-10,854.9478759765625,647.0430908203125,-858.4556884765625,207.90478515625,X1,X2
4.1772065628720156e-07,617.6806640625,470.796142578125,-1179.7657470703125,146.884521484375,X2,X2
1.9220145475173922e-07,621.202880859375,466.5556640625,-1051.9622802734375,154.647216796875,X2,X2
1.2205888209881888e-11,846.84326171875,595.55224609375,-987.03369140625,251.291015625,X2,X2
1.505019719960643e-11,847.435546875,598.2392578125,-858.90283203125,249.1962890625,X1,X2
1.5622052262909136e-11,849.843017578125,601.0196533203125,-837.7875366210938,248.8233642578125,X2,X2
7.74466641928484e-08,716.439453125,552.7026977539062,-939.80322265625,163.73675537109375,X1,X2
4.777127586737262e-14,759.02392578125,452.3004150390625,-942.1412963867188,306.7235107421875,X1,X2
9.399083594763269e-11,847.892578125,617.0143432617188,-922.014892578125,230.87823486328125,X2,X2
1.7117099404551084e-11,852.3519287109375,604.4425048828125,-796.4266357421875,247.909423828125,X2,X2
9.27953635709855e-07,607.00341796875,468.1005859375,-1045.701904296875,138.90283203125,X1,X2
1.9335058554226237e-10,844.552001953125,620.8868408203125,-825.5729370117188,223.6651611328125,X1,X2
1.0715408595152187e-11,843.196533203125,590.6031494140625,-854.3519897460938,252.5933837890625,X1,X2
1.6381430933964936e-10,833.655517578125,608.3326416015625,-869.8573608398438,225.3228759765625,X1,X2
2.375472405446999e-07,699.6883544921875,547.1593627929688,-873.3455810546875,152.52899169921875,X1,X2
8.519812411122984e-09,834.021728515625,648.2130126953125,-858.5814819335938,185.8087158203125,X1,X2
1.3300138768101988e-10,836.7166748046875,609.31005859375,-807.1914672851562,227.4066162109375,X1,X2
7.911199473298325e-11,835.504150390625,602.902587890625,-907.7274169921875,232.6015625,X1,X2
2.3161290593765038e-11,857.0736083984375,612.188232421875,-1135.87158203125,244.8853759765625,X1,X2
1.662086787646011e-11,720.5234375,472.31982421875,-819.720458984375,248.20361328125,X1,X2
1.719013542622605e-10,856.5557861328125,631.7147827148438,-870.6727294921875,224.84100341796875,X1,X2
1.5902222685326706e-06,725.6513671875,592.135009765625,-907.396484375,133.516357421875,X2,X2
2.5992183960710236e-09,847.7452392578125,650.064697265625,-1135.618408203125,197.6805419921875,X2,X2
3.702919915138381e-12,840.837646484375,577.61865234375,-1044.064453125,263.218994140625,X2,X2
2.503153336874675e-05,703.14453125,597.19091796875,-906.57568359375,105.95361328125,X2,X2
4.253325469605329e-10,861.07177734375,645.290283203125,-945.1600341796875,215.781494140625,X2,X2
1.5781099300601897e-12,844.1629638671875,572.4150390625,-843.9638061523438,271.7479248046875,X2,X2
0.6931471824645996,0.0,0.0,-966.177001953125,0.0,X2,X2
2.3566291140753037e-09,851.857666015625,653.1973266601562,-836.1932373046875,198.66033935546875,X2,X2
9.63834678735509e-10,857.1539306640625,649.5529174804688,-926.5355224609375,207.60101318359375,X2,X2
4.2913150810619527e-10,852.1817626953125,636.4891967773438,-831.494140625,215.69256591796875,X2,X2
2.401532028795117e-10,850.1025390625,628.6051025390625,-822.1111450195312,221.4974365234375,X2,X2
3.6907903491235905e-13,846.934326171875,560.6566772460938,-795.0491943359375,286.27764892578125,X2,X2
1.3421977418381914e-10,846.413818359375,619.098388671875,-861.898193359375,227.3154296875,X2,X2
9.222687197274482e-11,849.0079345703125,617.9402465820312,-780.676513671875,231.06768798828125,X2,X2
2.501498175266903e-10,842.5111083984375,621.4215087890625,-1020.480224609375,221.089599609375,X2,X2
1.548724169742055e-11,842.08203125,593.1719970703125,-961.6533813476562,248.9100341796875,X2,X2
1.1633490698548243e-10,853.0474853515625,624.302001953125,-820.7786254882812,228.7454833984375,X2,X2
5.664605937094613e-12,849.275146484375,590.3073120117188,-864.9932861328125,258.96783447265625,X2,X2
6.82636791538016e-09,838.779296875,650.7545776367188,-890.1944580078125,188.02471923828125,X2,X2
4.725980495834392e-09,843.7322998046875,652.0303955078125,-867.88037109375,191.701904296875,X2,X2
1.3304382040502105e-09,849.8681640625,645.4906005859375,-957.2539672851562,204.3775634765625,X2,X2
2.5434914174837786e-09,849.434814453125,651.5375366210938,-825.933349609375,197.89727783203125,X2,X2
7.294483350683834e-10,503.4532470703125,293.06591796875,-872.3187866210938,210.3873291015625,X2,X2
2.9193159001295044e-09,834.61669921875,638.0975341796875,-876.6535034179688,196.5191650390625,X2,X2
7.611239638549705e-09,838.8009033203125,651.864501953125,-860.2866821289062,186.9364013671875,X2,X2
2.3072917274685745e-12,838.7337646484375,570.7843017578125,-822.502685546875,267.949462890625,X2,X2
5.6015615756965786e-11,843.77685546875,607.7229614257812,-824.8367919921875,236.05389404296875,X2,X2
2.883120853169885e-09,851.188720703125,654.5447998046875,-844.5322875976562,196.6439208984375,X2,X2
2.787974962004114e-09,846.104736328125,649.125244140625,-979.1864013671875,196.9794921875,X2,X2
5.253698587281974e-10,847.1708984375,633.501708984375,-1008.3006591796875,213.669189453125,X2,X2
8.369769460836451e-11,844.1431884765625,612.1051025390625,-959.36279296875,232.0380859375,X2,X2
2.854892784398544e-07,702.21875,551.5281372070312,-988.0084228515625,150.69061279296875,X1,X2
0.6931471824645996,0.0,0.0,-1077.6483154296875,0.0,X2,X2
3.564442491166275e-11,839.8525390625,599.2782592773438,-834.666748046875,240.57427978515625,X1,X2
3.497527267803946e-11,845.63720703125,604.8734130859375,-971.5031127929688,240.7637939453125,X2,X2
2.8780775664927205e-06,695.096923828125,567.5130615234375,-1045.509033203125,127.5838623046875,X2,X2
1.6758994547672046e-07,710.0782470703125,554.060791015625,-842.8442993164062,156.0174560546875,X1,X2
1.4721911190118675e-10,847.3956298828125,621.004638671875,-1081.045654296875,226.3909912109375,X2,X2
5.948836562241766e-11,851.175537109375,615.72314453125,-1057.2174072265625,235.452392578125,X2,X2
3.022446930320971e-13,853.0447998046875,564.7694091796875,-974.6591796875,288.275390625,X2,X2
1.4213207277791184e-09,852.820556640625,649.103759765625,-856.2869873046875,203.716796875,X1,X2
7.868854764829514e-14,858.219482421875,556.4866943359375,-939.0551147460938,301.7327880859375,X2,X2
3.261815817445779e-10,850.952392578125,632.5167236328125,-1008.0056762695312,218.4356689453125,X2,X2
4.0402521606086594e-11,845.5411376953125,606.2198486328125,-812.64013671875,239.3212890625,X1,X2
0.6931471824645996,0.0,0.0,-1111.45751953125,0.0,X2,X2
4.074141024545952e-10,838.68701171875,622.47509765625,-994.784912109375,216.2119140625,X2,X2
2.1427088991998744e-09,851.5013427734375,651.889404296875,-897.5679321289062,199.6119384765625,X1,X2
2.8854283545820536e-11,840.9217529296875,598.234130859375,-938.7488403320312,242.6876220703125,X2,X2
0.6931471824645996,0.0,0.0,-1377.9835205078125,0.0,X2,X2
0.6931471824645996,0.0,0.0,-1135.4998779296875,0.0,X2,X2
6.479611847076683e-10,856.36328125,644.7913818359375,-1212.21533203125,211.5718994140625,X1,X2
7.071239427336451e-11,841.708984375,607.9849853515625,-1021.5409545898438,233.7239990234375,X2,X2
4.173302814436397e-10,851.607421875,635.635986328125,-835.000732421875,215.971435546875,X2,X2
5.925825108388239e-11,836.793212890625,601.3020629882812,-846.3294677734375,235.49114990234375,X1,X2
2.717434567298116e-13,755.97900390625,466.63983154296875,-800.8358154296875,289.33917236328125,X2,X2
5.407643777211035e-10,845.625244140625,632.244873046875,-865.9775390625,213.38037109375,X2,X2
3.2598848065390484e-08,705.90576171875,533.515869140625,-902.22998046875,172.389892578125,X1,X2
2.93698917630536e-07,706.5556640625,556.1485595703125,-957.8036499023438,150.4071044921875,X2,X2
9.280469188271967e-13,856.783447265625,579.7265014648438,-818.1837158203125,277.05694580078125,X2,X2
1.2571758079005235e-09,850.7725830078125,645.82861328125,-828.9550170898438,204.9439697265625,X2,X2
2.3836628226803214e-09,850.276123046875,651.7298583984375,-877.7372436523438,198.5462646484375,X1,X2
5.719400633097393e-07,506.600830078125,362.8585205078125,-901.8081665039062,143.7423095703125,X2,X2
1.4250381256963873e-11,845.3306884765625,595.5883178710938,-829.8250732421875,249.74237060546875,X2,X2
7.485603109591565e-11,828.1243896484375,594.9698486328125,-811.225341796875,233.154541015625,X1,X2
3.3748602870642408e-12,828.168701171875,564.0220336914062,-783.9036865234375,264.14666748046875,X2,X2
5.16895137803175e-11,835.6661376953125,598.8084716796875,-976.5120849609375,236.857666015625,X2,X2
1.6644930605266145e-13,837.171875,542.9310302734375,-977.0779418945312,294.2408447265625,X1,X2
5.609893660718512e-10,839.64990234375,626.63671875,-1004.510498046875,213.01318359375,X2,X2
3.1978874843324734e-12,851.346923828125,586.66162109375,-994.8013916015625,264.685302734375,X2,X2
1.188060344547992e-10,840.8388671875,612.3035888671875,-1007.8162231445312,228.5352783203125,X2,X2
5.971977579122267e-09,840.318359375,650.9564819335938,-1047.70263671875,189.36187744140625,X1,X2
0.6931471824645996,-20.20654296875,-20.20654296875,0.0,0.0,X1,X1
0.7221949100494385,27.8487548828125,28.4215087890625,0.3883056640625,-0.57275390625,X2,X1
0.73219895362854,299.3721923828125,300.1385498046875,-3.73101806640625,-0.766357421875,X1,X2
1.1016206741333008,-657.617431640625,-650.640869140625,-10.7611083984375,-6.9765625,X2,X1
0.7006949782371521,-5.803955078125,-5.653564453125,-12.260498046875,-0.150390625,X2,X2
0.6931471824645996,0.0,0.0,62.578857421875,0.0,X2,X2
10.7617826461792,554.4772338867188,662.0948486328125,40.534942626953125,-107.61761474609375,X2,X2
1.884351134300232,121.3941650390625,138.58978271484375,-9.880279541015625,-17.19561767578125,X2,X4
0.019661884754896164,515.140380859375,475.9481201171875,-56.09466552734375,39.1922607421875,X2,X2
0.7114389538764954,2.4696044921875,2.8321533203125,-53.432373046875,-0.362548828125,X4,X1
0.42436033487319946,76.6632080078125,70.2882080078125,-69.239013671875,6.375,X2,X1
0.5299590826034546,173.181396484375,169.598388671875,-138.37353515625,3.5830078125,X1,X2
0.0006041516899131238,574.4039306640625,500.29010009765625,-168.29537963867188,74.11383056640625,X2,X4
0.8654376268386841,2.6632080078125,5.8553466796875,-206.340576171875,-3.192138671875,X1,X4
0.18067967891693115,24.92926025390625,8.7359619140625,-202.74594116210938,16.19329833984375,X2,X4
0.7778692245483398,-15.71142578125,-14.08319091796875,-306.0437316894531,-1.62823486328125,X1,X4
0.6261789798736572,3.17333984375,1.785888671875,-386.7286376953125,1.387451171875,X2,X4
0.5067546963691711,3.972412109375,-0.184326171875,-411.91632080078125,4.15673828125,X1,X1
3.943113327026367,-143.8167724609375,-104.5814208984375,-472.309814453125,-39.2353515625,X4,X2
3.5021889209747314,-104.6728515625,-69.9569091796875,-506.90911865234375,-34.7159423828125,X2,X1
13.968262672424316,-42.5782470703125,97.1043701171875,-581.941162109375,-139.6826171875,X2,X2
1.437347173690796,-102.7791748046875,-91.11798095703125,-499.1595764160156,-11.66119384765625,X4,X4
0.13410699367523193,26.93194580078125,7.518798828125,-382.4847717285156,19.41314697265625,X2,X4
0.1930253952741623,31.04107666015625,15.5723876953125,-298.5353698730469,15.46868896484375,X2,X4
0.013360989280045033,35.41546630859375,-7.67181396484375,-289.1337890625,43.0872802734375,X1,X1
0.17231176793575287,13.63970947265625,-3.07086181640625,-289.9375,16.7105712890625,X2,X1
0.23859313130378723,16.84454345703125,3.73126220703125,-346.77032470703125,13.11328125,X2,X1
0.013359209522604942,61.865478515625,18.77685546875,-406.980712890625,43.088623046875,X2,X4
0.004556023515760899,61.8798828125,7.9896240234375,-463.53936767578125,53.8902587890625,X1,X4
0.10930407792329788,21.8834228515625,0.2987060546875,-520.226318359375,21.584716796875,X2,X4
0.9469729661941528,332.9366455078125,337.49755859375,-550.4501342773438,-4.5609130859375,X2,X1
1.6918525695800781,-4.47314453125,10.4097900390625,-679.5665893554688,-14.8829345703125,X1,X4
3.405266397749074e-05,-478.7574462890625,-581.63330078125,-549.3671264648438,102.8758544921875,X2,X1
8.80466079711914,-355.3408203125,-267.29571533203125,-622.681640625,-88.04510498046875,X1,X2
9.15514010557672e-06,119.55615234375,3.54425048828125,-698.13427734375,116.01190185546875,X1,X4
0.05154041200876236,48.4949951171875,19.09991455078125,-519.3055419921875,29.39508056640625,X2,X1
7.246558353379839e-10,-444.2298583984375,-654.68310546875,-579.4174194335938,210.4532470703125,X2,X4
0.02250022068619728,93.63232421875,55.802734375,-652.583740234375,37.82958984375,X2,X4
2.2864507798203704e-07,253.5816650390625,100.67071533203125,-589.7982177734375,152.91094970703125,X2,X4
2.5554924387542755e-13,672.0528564453125,382.0992431640625,-708.9200439453125,289.95361328125,X1,X4
2.196324545844508e-11,-409.750732421875,-655.167236328125,-509.981201171875,245.41650390625,X2,X4
1.266511562292294e-09,113.2889404296875,-91.5810546875,-528.7057495117188,204.8699951171875,X1,X4
6.3704447746276855,-58.69140625,4.99591064453125,-343.9564514160156,-63.68731689453125,X1,X2
7.194092750549316,8.68707275390625,80.6204833984375,-383.7537536621094,-71.93341064453125,X2,X1
5.31968879699707,-49.794189453125,3.3536376953125,-287.19512939453125,-53.1478271484375,X1,X2
9.92938232421875,546.682373046875,645.9757080078125,-183.06488037109375,-99.2933349609375,X2,X2
1.0213662381131083e-11,160.33941650390625,-92.7335205078125,-366.0034484863281,253.07293701171875,X2,X4
7.291641395568149e-06,-535.4215698242188,-653.7093505859375,-235.29159545898438,118.28778076171875,X2,X1
10.711191177368164,554.6826782226562,661.7943725585938,-213.09295654296875,-107.1116943359375,X2,X2
3.265312326083958e-11,207.62017822265625,-33.83062744140625,-374.81103515625,241.4508056640625,X1,X4
4.233377933502197,574.2113647460938,616.3990478515625,-310.5511169433594,-42.18768310546875,X2,X2
4.816678047180176,-282.1651611328125,-234.07965087890625,-374.0074157714844,-48.08551025390625,X1,X2
3.165713310241699,-674.0437622070312,-642.817626953125,-288.2655944824219,-31.22613525390625,X2,X1
0.20694765448570251,256.8038330078125,242.103515625,-444.76568603515625,14.7003173828125,X4,X2
2.6938108861618293e-12,754.5972900390625,488.1966552734375,-485.913330078125,266.400634765625,X2,X4
0.007821539416909218,-524.2322998046875,-572.701904296875,-387.75201416015625,48.4696044921875,X2,X1
0.0007955361506901681,-560.7705078125,-632.1314697265625,-384.58209228515625,71.3609619140625,X2,X1
10.950511932373047,559.6441650390625,669.1491088867188,-401.3623352050781,-109.50494384765625,X2,X2
2.3263166440301575e-05,-462.03857421875,-568.724853515625,-387.861083984375,106.686279296875,X2,X1
18.313922882080078,460.505859375,643.6450805664062,-444.0913391113281,-183.13922119140625,X2,X2
0.2719680368900299,92.37652587890625,80.7464599609375,-404.5904846191406,11.63006591796875,X2,X2
0.03912753611803055,416.69384765625,384.4808349609375,-316.66925048828125,32.2130126953125,X2,X2
6.413249969482422,570.53759765625,634.6536865234375,-283.58001708984375,-64.1160888671875,X2,X2
0.6931471824645996,0.0,0.0,-297.635498046875,0.0,X2,X2
4.095228672027588,619.1007080078125,659.8850708007812,-464.7778015136719,-40.78436279296875,X2,X2
0.011497452855110168,565.7333984375,521.1346435546875,-486.07171630859375,44.5987548828125,X2,X2
0.28371065855026245,651.8021240234375,640.6561889648438,-538.5919189453125,11.14593505859375,X2,X2
0.0035881188232451677,593.8060302734375,537.522705078125,-519.2026977539062,56.2833251953125,X2,X2
0.008359485305845737,697.3194580078125,649.5177001953125,-605.381591796875,47.8017578125,X1,X2
0.0017111730994656682,728.0211181640625,664.3239135742188,-657.6854248046875,63.69720458984375,X2,X2
0.0006692235474474728,740.292724609375,667.2021484375,-705.137939453125,73.090576171875,X2,X2
0.005983336828649044,634.8974609375,583.7396240234375,-761.7726440429688,51.1578369140625,X2,X2
7.108093541319249e-06,769.1224365234375,650.5797119140625,-912.5931396484375,118.542724609375,X1,X2
0.6931471824645996,0.0,0.0,-1071.95947265625,0.0,X2,X2
2.1264140741550364e-06,788.919677734375,658.3089599609375,-1094.44189453125,130.6107177734375,X1,X2
1.1643907100733486e-06,803.740234375,667.1071166992188,-914.8641357421875,136.63311767578125,X2,X2
2.590226813481422e-06,781.240234375,652.6026000976562,-966.7127685546875,128.63763427734375,X1,X2
2.4347856044769287,620.0108642578125,643.4417114257812,-1294.8924560546875,-23.430908203125,X2,X2
0.6931471824645996,0.0,0.0,-1075.80224609375,0.0,X2,X2
2.556813569754013e-07,787.5108642578125,635.717529296875,-1030.50341796875,151.7933349609375,X2,X2
3.2185646148263913e-08,793.088623046875,620.5711669921875,-1094.817626953125,172.5174560546875,X1,X2
0.004150972235947847,604.022705078125,549.1994018554688,-1062.907958984375,54.8233642578125,X2,X2
3.629720524145341e-08,817.0643310546875,645.7490844726562,-965.164794921875,171.31524658203125,X1,X2
6.442574118636912e-08,823.07958984375,657.5020751953125,-826.2855834960938,165.5775146484375,X2,X2
7.0067489588154785e-09,840.321044921875,652.55712890625,-788.36865234375,187.763916015625,X1,X2
1.28512937180858e-07,787.475830078125,628.803466796875,-735.9141845703125,158.67236328125,X2,X2
1.1278614664433917e-07,791.564697265625,631.5869750976562,-691.8023681640625,159.97772216796875,X2,X2
2.221059558493721e-09,860.837158203125,661.5843505859375,-674.6030883789062,199.2528076171875,X2,X2
1.089927170738747e-08,836.341796875,652.99609375,-662.03955078125,183.345703125,X1,X2
0.00017140537966042757,620.10302734375,533.3890991210938,-727.455322265625,86.71392822265625,X1,X2
3.17628212620491e-09,799.640869140625,603.96533203125,-686.7635498046875,195.675537109375,X1,X2
0.6931471824645996,0.0,0.0,-813.427734375,0.0,X2,X2
0.6931471824645996,0.0,0.0,-791.8170166015625,0.0,X2,X2
0.6931471824645996,862.3408203125,862.3408203125,0.0,0.0,X1,X2
6.940527964616194e-05,982.0931396484375,886.3380126953125,-36.6109619140625,95.755126953125,X1,X2
5.484353459905833e-05,957.32177734375,859.2117919921875,-68.53533935546875,98.1099853515625,X2,X2
6.418495559046278e-06,988.709716796875,869.146484375,-77.7281494140625,119.563232421875,X1,X2
3.170612035319209e-05,976.3154296875,872.7255859375,-144.046630859375,103.58984375,X2,X2
9.154415238299407e-06,988.44873046875,872.43603515625,-196.462646484375,116.0126953125,X2,X2
5.727576535718981e-06,986.146484375,865.4443359375,-179.347412109375,120.7021484375,X2,X2
4.9163539017627045e-08,964.306640625,796.0255126953125,-201.07244873046875,168.2811279296875,X1,X2
9.405329706169141e-07,1015.739990234375,876.9718017578125,-235.87493896484375,138.7681884765625,X2,X2
0.0013515069149434566,409.2120361328125,343.1534423828125,-334.7689208984375,66.05859375,X1,X2
2.279344712974307e-09,1025.0277099609375,826.033935546875,-412.68621826171875,198.9937744140625,X2,X2
5.094352162338112e-10,1096.3359375,882.3587646484375,-508.87042236328125,213.9771728515625,X2,X2
1.813930949889908e-13,1153.003662109375,859.62255859375,-559.9691162109375,293.381103515625,X1,X2
9.023158088761196e-12,1061.149169921875,806.8369140625,-675.6431884765625,254.312255859375,X2,X2
3.6873250980340444e-11,1116.30859375,876.0732421875,-862.171630859375,240.2353515625,X2,X2
1.0531661018831073e-06,641.650634765625,504.0135498046875,-989.3146362304688,137.6370849609375,X1,X2
6.547934194855998e-09,877.2958984375,688.854736328125,-1035.4310302734375,188.441162109375,X1,X2
6.417813634316486e-15,1211.31884765625,884.5218505859375,-876.9801635742188,326.7969970703125,X1,X2
9.460229474789195e-12,1126.906005859375,873.0667724609375,-1008.7551879882812,253.8392333984375,X2,X2
8.05992425578772e-12,1132.0927734375,876.651611328125,-1138.6287841796875,255.441162109375,X2,X2
1.3405544903311029e-11,1132.688232421875,882.334716796875,-1327.447021484375,250.353515625,X2,X2
5.3982006886744375e-15,1217.16015625,888.633056640625,-1238.1209716796875,328.527099609375,X1,X2
2.5199996169650296e-12,1091.319580078125,824.251953125,-1324.7452392578125,267.067626953125,X2,X2
7.037113726888469e-16,1180.10498046875,831.203369140625,-1494.3135986328125,348.901611328125,X1,X2
6.35752945242745e-15,1208.2548828125,881.363525390625,-1567.7059326171875,326.891357421875,X1,X2
5.852345830170691e-10,838.561279296875,625.97119140625,-1622.9678955078125,212.590087890625,X1,X2
3.4319190284765044e-12,1090.916015625,826.93701171875,-1656.291259765625,263.97900390625,X2,X2
5.745160944203853e-11,1093.468994140625,857.668212890625,-1676.509765625,235.80078125,X2,X2
7.428256620922724e-11,1033.685302734375,800.453857421875,-1874.25048828125,233.2314453125,X2,X2
6.718473867517449e-12,1068.978515625,811.7169189453125,-1774.4267578125,257.2615966796875,X2,X2
5.638435326141755e-15,1209.3662109375,881.2745361328125,-1742.3662109375,328.0916748046875,X1,X2
1.5381202467763875e-15,1184.4541015625,843.3719482421875,-1793.567626953125,341.0821533203125,X1,X2
2.6068082696791006e-14,1179.158203125,866.3775634765625,-1893.815185546875,312.7806396484375,X1,X2
5.237525690926503e-12,1134.095703125,874.343994140625,-1921.3853759765625,259.751708984375,X2,X2
4.798666238675642e-12,1139.95361328125,879.3267822265625,-1918.633056640625,260.6268310546875,X2,X2
1.446293002623899e-14,1180.73095703125,862.05908203125,-1912.09033203125,318.671875,X1,X2
1.1178742393563867e-12,1091.8359375,816.6400146484375,-1965.252685546875,275.1959228515625,X2,X2
3.4395995166663917e-12,1073.7294921875,809.7728271484375,-1983.618896484375,263.9566650390625,X2,X2
7.834104025217226e-12,1071.758056640625,816.03271484375,-2005.2413330078125,255.725341796875,X2,X2
1.7524120650143186e-15,1161.9580078125,822.18017578125,-1969.681396484375,339.77783203125,X1,X2
7.640321708635156e-11,1099.44873046875,866.498779296875,-2090.76171875,232.949951171875,X2,X2
6.891493885968769e-12,1128.9736328125,871.96630859375,-2049.900634765625,257.00732421875,X2,X2
5.666713192437056e-12,1132.619140625,873.655029296875,-2049.65478515625,258.964111328125,X2,X2
5.370900772738718e-12,1137.956298828125,878.4560546875,-2074.7666015625,259.500244140625,X2,X2
5.7957865937097175e-12,1135.47900390625,876.7401123046875,-2039.593505859375,258.7388916015625,X2,X2
1.7267779220397905e-11,1126.109619140625,878.2877197265625,-2154.781494140625,247.82177734375,X2,X2
8.722521836757036e-12,1131.037353515625,876.38623046875,-2343.390625,254.651123046875,X2,X2
1.0282917746462505e-11,1127.093994140625,874.088623046875,-2399.449951171875,253.00537109375,X2,X2
1.553377160234959e-08,870.77685546875,690.9742431640625,-2299.0712890625,179.802490234375,X1,X2
7.399094358040426e-12,1045.75,789.453369140625,-2212.42431640625,256.296630859375,X2,X2
8.834604055263373e-12,1132.13330078125,877.60986328125,-2276.364013671875,254.5234375,X2,X2
8.880454531456916e-12,1130.82958984375,876.3577880859375,-2249.603515625,254.4716796875,X2,X2
3.5716000469643294e-12,1131.34326171875,867.7633056640625,-2234.0126953125,263.580078125,X2,X2
0.6931471824645996,0.0,0.0,-2339.340087890625,0.0,X2,X2
6.683406605922926e-11,1092.1015625,857.8135986328125,-2300.10595703125,234.2880859375,X2,X2
5.540018558502197,611.132080078125,666.4927978515625,-2462.670166015625,-55.36083984375,X2,X2
1.3417460031917017e-08,893.79638671875,712.5294189453125,-2323.077392578125,181.26708984375,X1,X2
3.6718134310831374e-08,894.337890625,723.1378173828125,-2201.884765625,171.199951171875,X1,X2
1.0205386882788936e-11,1127.90771484375,874.82666015625,-2190.37255859375,253.0810546875,X2,X2
6.4371559298226355e-12,1126.041748046875,868.3524169921875,-1963.05126953125,257.6893310546875,X2,X2
1.2678178819280905e-11,1126.0712890625,875.159912109375,-2103.03125,250.911376953125,X2,X2
3.8514468849414063e-13,1095.41845703125,809.56689453125,-2068.093994140625,285.8515625,X2,X2
1.3374820348466265e-11,1124.03955078125,873.6630859375,-2197.483154296875,250.37646484375,X2,X2
5.958269468087085e-12,1131.8701171875,873.40771484375,-2156.3408203125,258.46240234375,X2,X2
2.026401996612549,649.509765625,668.3603515625,-2320.2783203125,-18.8505859375,X2,X2
4.251747391659233e-12,1135.87158203125,874.0347900390625,-2200.322265625,261.8369140625,X2,X2
5.334575229470895e-12,1070.88916015625,811.321044921875,-2241.78466796875,259.568115234375,X2,X2
3.972931738368407e-13,1167.6025390625,882.0615234375,-2309.38671875,285.541015625,X1,X2
5.722050437639847e-12,1138.426025390625,879.5592041015625,-2370.30078125,258.866943359375,X2,X2
5.884542419315464e-12,1134.076904296875,875.489990234375,-2391.4755859375,258.5869140625,X2,X2
3.410178574326573e-15,1151.869140625,818.7489013671875,-2385.677734375,333.1201171875,X1,X2
5.326393145987929e-11,1097.101806640625,860.5440673828125,-2451.99560546875,236.5576171875,X2,X2
4.045159931846676e-13,1107.0302734375,821.66943359375,-2494.117431640625,285.36083984375,X1,X2
3.3900427603983374e-11,742.953857421875,501.8779296875,-2556.3701171875,241.075927734375,X2,X2
4.367500305175781,603.86181640625,647.4090576171875,-2722.225830078125,-43.54736328125,X2,X2
7.979089611254153e-11,1091.662109375,859.14599609375,-2484.534423828125,232.51611328125,X2,X2
4.718911025825001e-12,1136.81494140625,876.0205078125,-2335.877685546875,260.79443359375,X2,X2
5.074889618782163e-13,908.68994140625,625.596923828125,-2313.45263671875,283.093017578125,X1,X2
8.949720964324115e-10,1081.46533203125,873.123046875,-2249.682373046875,208.34228515625,X2,X2
5.5117074099220176e-12,1050.2744140625,791.032958984375,-2247.24072265625,259.241455078125,X2,X2
2.8263909225209605e-13,1170.60498046875,881.658935546875,-2219.0400390625,288.946044921875,X1,X2
5.404992580413818,597.3291015625,651.3341064453125,-2352.41845703125,-54.0048828125,X2,X2
9.437310655169284e-11,1087.403076171875,856.5654296875,-2114.49169921875,230.837646484375,X2,X2
3.8901033002497476e-13,1166.02783203125,880.276123046875,-2102.6767578125,285.751708984375,X1,X2
4.558017158151628e-11,1103.18310546875,865.067626953125,-2354.77783203125,238.115478515625,X2,X2
1.4373110340804018e-11,1124.11865234375,874.4620361328125,-1995.726318359375,249.6566162109375,X2,X2
8.950105413740861e-12,1113.00390625,858.6103515625,-1965.13525390625,254.3935546875,X2,X2
2.0337809940925572e-14,1122.1494140625,806.886474609375,-1976.5369873046875,315.262939453125,X1,X2
2.1210217610034832e-11,1117.95263671875,872.187255859375,-2038.0325927734375,245.765380859375,X2,X2
1.5001791475732773e-11,1058.05908203125,808.83056640625,-1902.009765625,249.228515625,X2,X2
5.872953084138169e-14,1147.280029296875,842.6217041015625,-1828.396728515625,304.6583251953125,X1,X2
1.0586980597748763e-10,1105.09228515625,875.4041748046875,-1924.729736328125,229.6881103515625,X2,X2
6.59788682022544e-11,1092.83154296875,858.4146728515625,-1908.49169921875,234.4168701171875,X2,X2
1.6051590612242705e-11,1130.294921875,881.7427978515625,-1901.5078125,248.5521240234375,X1,X2
1.1647574016393492e-09,1082.9423828125,877.23486328125,-1880.0361328125,205.70751953125,X2,X2
8.239668846130371,605.15771484375,687.5517578125,-2023.169189453125,-82.39404296875,X2,X2
0.6931471824645996,1078.5528564453125,1078.5528564453125,0.0,0.0,X2,X2
0.021900437772274017,1150.1304931640625,1112.0277099609375,-73.0345458984375,38.102783203125,X1,X2
0.005532632116228342,1114.0960693359375,1062.15283203125,-609.7988891601562,51.9432373046875,X2,X2
0.0015681408112868667,1161.430908203125,1096.860107421875,-1380.852783203125,64.57080078125,X2,X2
1.1073747873306274,619.693359375,626.7559814453125,-985.3005981445312,-7.0626220703125,X1,X2
3.610631793549146e-10,1320.73681640625,1103.317138671875,-1746.3568115234375,217.419677734375,X2,X2
0.6931471824645996,0.0,0.0,-2970.470458984375,0.0,X2,X2
8.902565100041282e-13,1161.24609375,883.7734375,-3974.97509765625,277.47265625,X1,X2
3.771415214089309e-14,1412.77734375,1103.68994140625,-5165.4853515625,309.08740234375,X2,X2
1.1525585688492967e-20,1600.9775390625,1141.88037109375,-6422.6396484375,459.09716796875,X1,X2
2.3504214021219133e-16,1470.6083984375,1110.7406005859375,-7743.05859375,359.86767578125,X1,X2
1.5338775171888641e-12,1374.48046875,1102.44873046875,-8914.427734375,272.0322265625,X1,X2
1.3775753541361846e-13,1400.6591796875,1104.5267333984375,-10105.048828125,296.1328125,X2,X2
1.3017761375149275e-14,1462.2734375,1142.548583984375,-11311.7685546875,319.724609375,X1,X2
4.9848620782382e-14,1437.25390625,1130.9559326171875,-12431.240234375,306.2978515625,X1,X2
9.244569085936627e-13,1412.7578125,1135.662109375,-13532.6689453125,277.095703125,X1,X2
1.9341741207788699e-13,1383.484375,1090.7454833984375,-14573.529296875,292.7392578125,X2,X2
2.388867055558297e-11,1374.45703125,1129.8807373046875,-15423.1025390625,244.576171875,X1,X2
7.701567855677993e-11,1362.970703125,1130.099853515625,-16238.05859375,232.8701171875,X1,X2
2.4780654907226562,647.177734375,671.081787109375,-17126.66796875,-23.904296875,X2,X2
7.92976587171701e-11,1371.47265625,1138.89453125,-16524.296875,232.578125,X1,X2
0.0026384855154901743,1079.6796875,1020.317138671875,-16285.142578125,59.3623046875,X2,X2
4.708064585976293e-14,1427.7607421875,1120.8916015625,-11199.6162109375,306.869140625,X1,X2
6.286986430997744e-15,1456.6708984375,1129.6685791015625,-11387.013671875,327.0029296875,X1,X2
1.509893627371639e-05,1170.826171875,1059.81787109375,-10937.50390625,111.0087890625,X2,X2
1.884049197542481e-05,1153.607421875,1044.812744140625,-10280.3125,108.794921875,X2,X2
2.5921818741525028e-14,1450.8017578125,1137.965087890625,-10978.427734375,312.8369140625,X1,X2
9.010498264874832e-16,1447.6611328125,1101.2313232421875,-9598.7041015625,346.4296875,X2,X2
1.053128662936362e-15,1444.22265625,1099.3525390625,-9599.228515625,344.8701171875,X2,X2
7.012593711252233e-16,1446.822265625,1097.8863525390625,-9362.4765625,348.9365234375,X2,X2
0.6931471824645996,0.0,0.0,-9174.6953125,0.0,X2,X2
2.0201722239487907e-14,1399.4619140625,1084.1318359375,-8716.2919921875,315.330078125,X1,X2
0.6931471824645996,0.0,0.0,-8663.41015625,0.0,X2,X2
1.4982141749442235e-08,1279.017578125,1098.85400390625,-8204.173828125,180.1640625,X1,X2
1.1307778672770582e-15,1383.125,1038.9664306640625,-7854.1689453125,344.15869140625,X2,X2
1.1075538120501214e-15,1463.20703125,1118.8408203125,-7656.58203125,344.3662109375,X1,X2
5.73441728807635e-16,1439.4443359375,1088.49560546875,-7427.111328125,350.94873046875,X2,X2
7.087303075991246e-16,1439.8330078125,1091.0025634765625,-7230.5390625,348.83056640625,X2,X2
2.2551336797960175e-08,1276.9130859375,1100.8380126953125,-7220.31640625,176.07470703125,X1,X2
4.273985385894775,589.427734375,632.027099609375,-7174.486328125,-42.599609375,X1,X2
0.00011788961273850873,1108.294921875,1017.8377685546875,-5716.9033203125,90.45703125,X2,X2
3.282252670610414e-15,1418.68212890625,1085.1796875,-4288.357421875,333.50244140625,X2,X2
4.673973014179822e-11,1325.701171875,1087.8369140625,-3159.08447265625,237.8642578125,X2,X2
3.2445118640367365e-13,1378.063720703125,1090.4974365234375,-2220.0888671875,287.56640625,X2,X2
0.705984890460968,422.853515625,423.108642578125,-1602.8758544921875,-0.255126953125,X2,X2
8.194159818231128e-06,1187.79150390625,1070.670654296875,-931.8162841796875,117.120849609375,X2,X2
7.463316423206301e-12,1352.587646484375,1096.37744140625,-495.9434814453125,256.210205078125,X2,X2
6.124368234772248e-10,1264.12109375,1051.9853515625,-223.810302734375,212.1357421875,X2,X2
2.0175713544290375e-08,706.47021484375,529.2823486328125,-151.10479736328125,177.1878662109375,X1,X2
1.650460035307333e-07,826.163818359375,669.993408203125,0.17578125,156.17041015625,X4,X2
2.9691118470509537e-06,1199.1396484375,1071.8671875,119.722412109375,127.2724609375,X2,X2
2.8272439521970227e-05,1178.699462890625,1073.96337890625,208.0740966796875,104.736083984375,X2,X2
1.761969360813964e-05,1130.016845703125,1020.552001953125,303.373779296875,109.46484375,X2,X2
5.784594122815179e-06,1196.904296875,1076.3011474609375,324.3093566894531,120.60308837890625,X2,X2
0.21745318174362183,678.3121337890625,664.161376953125,307.29925537109375,14.1507568359375,X2,X2
6.461715607031238e-10,1310.387939453125,1098.7884521484375,433.7091979980469,211.59954833984375,X2,X2
1.6548382664183237e-09,1303.71044921875,1101.514892578125,268.3009338378906,202.19561767578125,X2,X2
7.439886484661429e-10,980.183837890625,769.993896484375,382.658203125,210.18994140625,X1,X2
4.178906352902967e-12,1365.158935546875,1103.1492919921875,445.5236511230469,262.00970458984375,X1,X2
2.302050994273941e-09,1305.1646728515625,1106.27001953125,416.31854248046875,198.8946533203125,X2,X2
7.699623107910156,-910.569091796875,-833.577392578125,416.9052734375,-76.99169921875,X2,X1
8.606454002801911e-07,1201.4658203125,1061.8099365234375,492.5600891113281,139.65582275390625,X2,X2
0.07399092614650726,436.2332763671875,410.5673828125,449.47174072265625,25.6658935546875,X2,X2
8.300307996478296e-08,663.1350708007812,500.0911865234375,463.7402038574219,163.04388427734375,X2,X2
20.713586807250977,-1340.71875,-1133.5828857421875,584.0317993164062,-207.1358642578125,X2,X1
3.316046786494553e-05,1170.730712890625,1067.58935546875,677.060546875,103.141357421875,X2,X2
0.08500204235315323,435.2325439453125,411.009765625,667.7150268554688,24.2227783203125,X2,X2
0.10547670722007751,1134.2158203125,1112.2552490234375,673.3521728515625,21.96063232421875,X1,X2
0.1734367460012436,-9.45172119140625,-26.0914306640625,753.021240234375,16.63970947265625,X2,X2
2.886079788208008,9.28558349609375,37.572265625,748.2757568359375,-28.28668212890625,X1,X2
4.090691089630127,20.98004150390625,61.71826171875,536.28466796875,-40.73822021484375,X1,X2
0.0004671777714975178,800.4075927734375,723.721923828125,338.14105224609375,76.6856689453125,X1,X2
4.579273223876953,70.3790283203125,116.068603515625,712.9047241210938,-45.6895751953125,X2,X1
0.000390416185837239,578.2839965820312,499.802978515625,651.385986328125,78.48101806640625,X1,X2
0.0007513419259339571,1175.9957275390625,1104.06298828125,698.5364379882812,71.9327392578125,X2,X2
0.00040984107181429863,1180.976806640625,1102.9814453125,674.5855712890625,77.995361328125,X2,X2
0.00032800211920402944,1155.91845703125,1075.6951904296875,712.4375610351562,80.2232666015625,X2,X2
0.0003711184544954449,1180.6483154296875,1101.6602783203125,713.0784912109375,78.988037109375,X2,X2
2.9842150979675353e-05,1176.73779296875,1072.5419921875,723.84375,104.19573974609375,X2,X2
1.3532866432797164e-05,1176.1806640625,1064.076904296875,709.7159423828125,112.10382080078125,X2,X2
0.00475813215598464,1100.5694580078125,1047.1142578125,660.1873168945312,53.4552001953125,X2,X2
2.6398208141326904,773.5079345703125,799.1656494140625,616.215087890625,-25.65771484375,X4,X2
1.761754356266465e-05,1208.31982421875,1098.853759765625,668.416259765625,109.466064453125,X2,X2
7.590471267700195,993.5872802734375,1069.4869384765625,522.2449951171875,-75.899658203125,X4,X2
0.6931471824645996,0.0,0.0,568.6719970703125,0.0,X2,X2
1.0987201148893178e-09,1338.655517578125,1132.3642578125,670.654541015625,206.29119873046875,X1,X2
4.3837897201193243e-10,1345.6424560546875,1130.1630859375,647.2865600585938,215.4793701171875,X1,X2
2.116996284939887e-07,1242.179931640625,1088.4990234375,472.3940734863281,153.68096923828125,X2,X2
2.5734116226860948e-11,1350.2794189453125,1106.4473876953125,568.375732421875,243.83203125,X1,X2
1.9651446336865774e-07,1243.4654541015625,1089.0401611328125,512.990234375,154.42529296875,X2,X2
1.7578925337602413e-07,1231.551025390625,1076.01123046875,466.9510498046875,155.539794921875,X2,X2
5.472099662284791e-09,951.8616333007812,761.6256103515625,598.3133544921875,190.23602294921875,X1,X2
3.6027422538609244e-06,1192.435302734375,1067.09716796875,560.6630859375,125.338134765625,X2,X2
0.07776866853237152,667.964599609375,642.8157958984375,532.4927368164062,25.1488037109375,X2,X2
0.6931471824645996,0.0,0.0,536.57177734375,0.0,X2,X2
3.0827885666440125e-07,1249.6083984375,1099.685791015625,616.33642578125,149.922607421875,X2,X2
1.1984208470039448e-07,1243.057373046875,1083.6864013671875,574.9654541015625,159.37091064453125,X2,X2
0.6931471824645996,0.0,0.0,506.6781005859375,0.0,X2,X2
3.4920847724606574e-07,1243.08642578125,1094.4105224609375,579.8994140625,148.67596435546875,X2,X2
1.9225344658480026e-06,980.4356689453125,848.8170166015625,575.93017578125,131.61865234375,X2,X2
1.0494458774212845e-10,1334.0653076171875,1104.2894287109375,630.7366943359375,229.77587890625,X1,X2
23.251867294311523,-1329.162353515625,-1096.6436767578125,629.3566284179688,-232.5186767578125,X2,X1
9.507613140158355e-05,1191.391357421875,1098.783447265625,451.3853454589844,92.60784912109375,X2,X2
0.6931471824645996,0.0,0.0,488.434326171875,0.0,X2,X2
0.03827536478638649,756.7406005859375,724.3031005859375,569.458740234375,32.4375,X1,X2
0.021757319569587708,1140.3016357421875,1102.132568359375,492.88140869140625,38.1690673828125,X2,X2
4.695504230767256e-06,1191.738037109375,1069.0489501953125,533.855712890625,122.68902587890625,X2,X2
0.6380637288093567,-608.905517578125,-610.039306640625,425.318359375,1.1337890625,X2,X1
20.344879150390625,-1191.04443359375,-987.595703125,506.3474426269531,-203.44879150390625,X2,X1
2.2990189751936896e-09,1333.499755859375,1134.5919189453125,541.2376098632812,198.9078369140625,X1,X2
1.1004514277601629e-07,1226.6983642578125,1066.474609375,508.37945556640625,160.2237548828125,X2,X2
4.549509355911141e-07,1249.242919921875,1103.212158203125,534.73095703125,146.03076171875,X1,X2
0.02014734037220478,692.5709228515625,653.625,488.72247314453125,38.9459228515625,X2,X2
5.0525148509450446e-08,1241.176513671875,1073.1685791015625,418.45269775390625,168.0079345703125,X2,X2
0.6931471824645996,0.0,0.0,383.6317138671875,0.0,X2,X2
0.007579868659377098,685.76611328125,636.9814453125,403.276611328125,48.78466796875,X2,X2
2.1577394363703206e-05,1204.990234375,1097.5517578125,467.2539367675781,107.43853759765625,X1,X2
1.2009539318569296e-07,1227.3203125,1067.970458984375,528.5177001953125,159.34979248046875,X2,X2
3.257781884258293e-07,1242.03271484375,1092.6622314453125,524.4445190429688,149.3704833984375,X2,X2
6.116351869422942e-05,1206.4991455078125,1109.4798583984375,510.61865234375,97.019287109375,X1,X2
4.468271583846217e-07,1239.723876953125,1093.512939453125,546.7374267578125,146.2109375,X2,X2
3.60159532419857e-07,1240.07421875,1091.70703125,544.485595703125,148.3671875,X2,X2
0.00010739003482740372,991.60107421875,900.211181640625,510.0318603515625,91.389892578125,X1,X2
1.0231790458295476e-12,686.698486328125,410.617431640625,602.427978515625,276.0810546875,X2,X2
2.4633147859276505e-06,1203.26171875,1074.1217041015625,533.8505249023438,129.1400146484375,X2,X2
0.014935738407075405,713.1634521484375,671.1982421875,483.81573486328125,41.9652099609375,X2,X2
4.3338691284589e-06,1237.09765625,1113.607177734375,521.6400146484375,123.490478515625,X1,X2
3.9918603533806163e-07,1208.92626953125,1061.587890625,544.1649169921875,147.33837890625,X2,X2
3.854741862596711e-06,1190.623291015625,1065.961181640625,402.9787292480469,124.66204833984375,X2,X2
2.274123744427925e-06,1204.7236328125,1074.784423828125,400.1969909667969,129.93914794921875,X2,X2
1.3163871699362062e-06,1201.478759765625,1066.072509765625,431.8831481933594,135.40618896484375,X2,X2
1.066463391907746e-05,1216.5499267578125,1102.064208984375,453.52655029296875,114.4857177734375,X1,X2
1.01848036138108e-06,1235.280517578125,1097.30859375,531.1239013671875,137.97198486328125,X2,X2
3.496032832117635e-06,1234.2218017578125,1108.5830078125,517.6130981445312,125.6387939453125,X1,X2
2.663673512870446e-06,1230.3302001953125,1101.97216796875,502.04010009765625,128.3580322265625,X2,X2
5.750773925683461e-05,1141.3775634765625,1043.741943359375,505.23028564453125,97.6356201171875,X2,X2
1.857854840636719e-05,1205.8924560546875,1096.95751953125,508.60150146484375,108.9349365234375,X1,X2
5.985032771604892e-07,1211.6634521484375,1068.3751220703125,516.8299560546875,143.288330078125,X2,X2
0.00012651816359721124,1136.536865234375,1046.7862548828125,514.6647338867188,89.7506103515625,X2,X2
2.7344802219886333e-05,1237.0751953125,1132.0054931640625,520.1752319335938,105.0697021484375,X1,X2
2.3707118543825345e-06,1224.4283447265625,1094.9051513671875,531.0108642578125,129.523193359375,X2,X2
0.6931471824645996,0.0,0.0,331.714111328125,0.0,X2,X2
0.02967626228928566,1100.962890625,1065.9375,354.1088562011719,35.02532958984375,X1,X2
0.6931471824645996,0.0,0.0,309.69482421875,0.0,X2,X2
0.0011854036711156368,1150.320068359375,1082.94921875,503.4861755371094,67.37078857421875,X2,X2
1.9134354545258248e-07,1264.779541015625,1110.087646484375,524.1619873046875,154.69195556640625,X1,X2
3.989028215408325,-773.970703125,-734.267333984375,462.7066650390625,-39.703369140625,X2,X3
3.366738781096501e-07,1247.2127685546875,1098.1712646484375,452.588134765625,149.04150390625,X2,X2
3.4992208242101697e-08,1277.06201171875,1105.380615234375,340.3548583984375,171.681396484375,X1,X2
1.2064312049364645e-10,1296.88427734375,1068.50244140625,531.3450927734375,228.3818359375,X4,X2
5.58432191155589e-07,1242.8822021484375,1098.90087890625,363.35955810546875,143.9813232421875,X2,X2
2.1142724904166244e-07,1248.689208984375,1094.995361328125,426.90771484375,153.69384765625,X2,X2
5.337140507322147e-08,1246.115234375,1078.6552734375,407.4015808105469,167.45989990234375,X2,X2
1.0918506376800252e-10,1299.4073486328125,1070.027587890625,455.53924560546875,229.3797607421875,X4,X2
1.3489751893303037e-07,1232.38134765625,1074.19384765625,452.525390625,158.1875,X2,X2
5.891146659851074,1004.4833984375,1063.3671875,305.711669921875,-58.8837890625,X2,X2
9.503519747524608e-17,223.255126953125,-145.667724609375,561.7939453125,368.9228515625,X4,X2
5.033851557811886e-09,888.569091796875,697.498291015625,466.247802734375,191.07080078125,X4,X2
8.82452444450621e-10,766.229736328125,557.74658203125,526.001953125,208.483154296875,X4,X2
19.707361221313477,-901.3118896484375,-704.23828125,536.8817749023438,-197.0736083984375,X2,X4
14.22456169128418,722.239013671875,864.484619140625,361.27392578125,-142.24560546875,X1,X2
5.522740840911865,-728.98779296875,-673.8004150390625,469.53240966796875,-55.1873779296875,X2,X4
0.6931471824645996,0.0,0.0,431.6630859375,0.0,X2,X2
12.619949340820312,-710.0362548828125,-583.8367919921875,479.3551025390625,-126.199462890625,X2,X3
2.6403114361528424e-07,1294.79638671875,1143.324462890625,490.7713928222656,151.47198486328125,X1,X2
7.268519652825489e-08,1263.20458984375,1098.8333740234375,482.9517517089844,164.37127685546875,X1,X2
14.603888511657715,-1217.947509765625,-1071.90869140625,456.2198791503906,-146.03887939453125,X2,X2
0.05726894736289978,1128.6072998046875,1100.2950439453125,293.6494140625,28.312255859375,X1,X2
6.935658931732178,-38.31134033203125,31.0355224609375,420.2365417480469,-69.34686279296875,X2,X2
17.877124786376953,-247.106689453125,-68.33544921875,284.4652099609375,-178.771240234375,X1,X2
4.4104487528784375e-07,1251.179931640625,1104.8387451171875,380.39520263671875,146.3411865234375,X1,X2
0.008554174564778805,719.87890625,672.308349609375,402.0142822265625,47.570556640625,X2,X2
1.760078339430038e-05,1184.43603515625,1074.96044921875,441.6123046875,109.4755859375,X2,X2
0.0001013133442029357,854.242919921875,762.2705078125,391.7833251953125,91.972412109375,X2,X2
7.822266070434125e-07,-844.3060302734375,-984.917236328125,291.09869384765625,140.6112060546875,X2,X1
9.186439910990885e-07,-695.47119140625,-834.474853515625,279.9781494140625,139.003662109375,X2,X1
1.489824796863104e-08,1284.07666015625,1103.8564453125,426.28271484375,180.22021484375,X1,X2
1.7271155172693398e-07,1281.4705810546875,1125.754150390625,341.39801025390625,155.7164306640625,X1,X2
2.249682893307181e-07,1285.73193359375,1132.658935546875,318.0265197753906,153.07305908203125,X1,X2
8.258303552111101e-08,1272.71044921875,1109.6158447265625,327.56610107421875,163.0946044921875,X1,X2
2.8854000078126774e-08,1275.96240234375,1102.3521728515625,332.4076232910156,173.61016845703125,X1,X2
1.3011513999572344e-07,1286.2738037109375,1127.725341796875,285.45318603515625,158.5484619140625,X1,X2
5.55783224105835,798.0687255859375,853.6083984375,233.76019287109375,-55.5396728515625,X1,X2
5.8272958085581195e-06,1206.14111328125,1085.611572265625,287.6072998046875,120.529541015625,X1,X2
8.920617133867381e-09,1292.8648681640625,1107.515869140625,313.85125732421875,185.3489990234375,X1,X2
6.718894329793557e-09,1293.6689453125,1105.4854736328125,293.4637756347656,188.18341064453125,X1,X2
4.6693539843545295e-06,1211.6038818359375,1088.8590087890625,264.2984619140625,122.744873046875,X2,X2
1.2186530511826277e-05,1210.2271728515625,1097.075439453125,255.34930419921875,113.1517333984375,X2,X2
1.0871790436794981e-05,1210.1724853515625,1095.879150390625,246.56170654296875,114.2933349609375,X2,X2
1.356852226308547e-05,1178.9874267578125,1066.909912109375,187.91888427734375,112.0775146484375,X2,X2
0.6931471824645996,0.0,0.0,47.919677734375,0.0,X2,X2
2.1789535821881145e-05,1206.1458740234375,1098.80517578125,214.80242919921875,107.3406982421875,X2,X2
2.5683237254270352e-05,1182.98388671875,1077.287353515625,213.21524047851562,105.69659423828125,X2,X2
1.1869691661559045e-05,1182.744873046875,1069.3297119140625,192.71197509765625,113.4151611328125,X2,X2
0.001790062990039587,1114.833740234375,1051.587646484375,273.58203125,63.24609375,X2,X2
0.6931471824645996,0.0,0.0,145.727783203125,0.0,X2,X2
1.4062397468705967e-08,1312.6917724609375,1131.8941650390625,259.4263916015625,180.797607421875,X1,X2
0.2313997447490692,639.2275390625,625.770751953125,26.1131591796875,13.456787109375,X2,X2
0.0005641644238494337,1145.32958984375,1070.53076171875,98.6357421875,74.798828125,X2,X2
2.375851071434454e-09,1309.688232421875,1111.109130859375,200.66064453125,198.5791015625,X1,X2
4.9306772780255415e-06,1186.487060546875,1064.2867431640625,82.69927978515625,122.2003173828125,X2,X2
7.677996109123342e-06,1220.6572265625,1102.8857421875,152.643310546875,117.771484375,X2,X2
1.0240909453784752e-08,1317.889404296875,1133.920654296875,233.480224609375,183.96875,X1,X2
1.0405773537058849e-05,1216.6416015625,1101.91015625,184.60498046875,114.7314453125,X2,X2
1.2699384569714312e-05,1214.80615234375,1102.066650390625,234.6917724609375,112.739501953125,X2,X2
1.366008109471295e-05,1214.847900390625,1102.837646484375,30.169677734375,112.01025390625,X2,X2
7.931937773264508e-09,1311.4849853515625,1124.9613037109375,235.8817138671875,186.523681640625,X1,X2
2.1182140699238516e-05,1211.773193359375,1104.1497802734375,188.90960693359375,107.6234130859375,X2,X2
3.4684435377130285e-05,1182.1705322265625,1079.478515625,195.91314697265625,102.6920166015625,X2,X2
2.7418423087510746e-09,1305.3990478515625,1108.252685546875,230.89837646484375,197.1463623046875,X1,X2
0.0005646740319207311,1095.1627197265625,1020.3729248046875,152.9725341796875,74.789794921875,X2,X2
8.722247368808667e-10,1313.3919677734375,1104.792236328125,229.06842041015625,208.5997314453125,X1,X2
1.2902839443995617e-05,1184.74267578125,1072.162109375,151.048095703125,112.58056640625,X2,X2
1.565673812820023e-08,1286.7186279296875,1106.9949951171875,201.38330078125,179.7236328125,X1,X2
0.00011780329805333167,1191.39892578125,1100.9345703125,65.6455078125,90.46435546875,X2,X2
7.2447496677341405e-06,1195.239501953125,1076.88720703125,171.6771240234375,118.352294921875,X2,X2
3.0395660400390625,1055.901611328125,1085.806884765625,99.650390625,-29.9052734375,X1,X2
1.5781932916070218e-06,1235.49951171875,1101.9072265625,107.261962890625,133.59228515625,X2,X2
2.6237796646455536e-07,1218.3004150390625,1066.765625,158.80987548828125,151.5347900390625,X2,X2
0.11221691220998764,898.26171875,876.954833984375,120.8741455078125,21.306884765625,X1,X2
1.348715159110725e-06,1175.1368408203125,1039.9732666015625,151.682861328125,135.16357421875,X2,X2
0.6931471824645996,0.0,0.0,4.93505859375,0.0,X2,X2
6.84354120039643e-08,1260.4931640625,1095.5194091796875,19.24273681640625,164.9737548828125,X2,X2
4.819244097753819e-14,1443.422607421875,1136.786865234375,-12.2236328125,306.6357421875,X1,X2
1.7004568420020405e-08,1267.397216796875,1088.4993896484375,-197.17169189453125,178.8978271484375,X2,X2
4.871624810220965e-07,1191.868896484375,1046.522216796875,-310.549072265625,145.3466796875,X2,X2
1.0203886160634968e-15,1472.9708251953125,1127.784912109375,-354.42779541015625,345.1859130859375,X1,X2
2.0549592250063142e-07,1254.0841064453125,1100.105712890625,-569.9287719726562,153.9783935546875,X2,X2
1.8039786198187358e-07,1223.728759765625,1068.44775390625,-684.7818603515625,155.281005859375,X2,X2
5.942436403823389e-16,1488.7183837890625,1138.1259765625,-709.2560424804688,350.5924072265625,X1,X2
1.367945401398174e-07,1234.859619140625,1076.811767578125,-924.005615234375,158.0478515625,X2,X2
2.343711535957027e-08,1278.06494140625,1102.37548828125,-1018.781005859375,175.689453125,X2,X2
7.658947254185478e-09,1275.351806640625,1088.4779052734375,-1159.321533203125,186.8739013671875,X2,X2
1.609944273189918e-16,1470.962646484375,1107.31103515625,-1149.9776611328125,363.651611328125,X1,X2
6.022535280387104e-17,1495.58349609375,1122.09912109375,-1238.63134765625,373.484375,X1,X2
0.002751351334154606,696.674072265625,637.731201171875,-1477.34521484375,58.94287109375,X2,X2
3.562494513826234e-17,1486.471923828125,1107.737060546875,-1377.536376953125,378.73486328125,X1,X2
1.889301870505733e-08,1281.300048828125,1103.455322265625,-1546.29052734375,177.8447265625,X2,X2
3.996250597992912e-06,1144.43505859375,1020.133544921875,-1615.6973876953125,124.301513671875,X2,X2
1.0766764368952408e-08,1281.443359375,1097.975341796875,-1603.7606201171875,183.468017578125,X2,X2
1.2535631199739328e-08,1281.815185546875,1099.8682861328125,-1653.033935546875,181.9468994140625,X2,X2
0.6931471824645996,0.0,0.0,-1842.915283203125,0.0,X2,X2
1.2446781738617574e-07,1238.108154296875,1079.115966796875,-1764.43505859375,158.9921875,X2,X2
2.3613394252014498e-17,1495.27392578125,1112.4267578125,-1665.99609375,382.84716796875,X1,X2
0.002282571280375123,727.20751953125,666.3944091796875,-1863.5478515625,60.8131103515625,X2,X2
1.7217055060197946e-16,1502.6796875,1139.69921875,-1733.61572265625,362.98046875,X1,X2
6.842118693839438e-08,1232.193359375,1067.217529296875,-1970.7332763671875,164.975830078125,X2,X2
2.604150518518633e-17,1504.417724609375,1122.54931640625,-1945.2669677734375,381.868408203125,X1,X2
4.1562331769882217e-17,1477.363037109375,1100.169677734375,-1968.5419921875,377.193359375,X1,X2
2.276479972351808e-05,1146.2900390625,1039.38720703125,-2146.245361328125,106.90283203125,X2,X2
1.527955454362642e-16,1503.64306640625,1139.46875,-1960.690673828125,364.17431640625,X1,X2
0.6931471824645996,0.0,0.0,-2193.7353515625,0.0,X2,X2
3.932551297080817e-17,1504.31201171875,1126.5654296875,-1956.35498046875,377.74658203125,X1,X2
6.063406605325594e-17,1503.08837890625,1129.671630859375,-1972.2840576171875,373.416748046875,X1,X2
9.168028114459048e-09,1285.94482421875,1100.869384765625,-2124.50244140625,185.075439453125,X2,X2
7.242678901064892e-09,1288.3974609375,1100.9647216796875,-2005.70849609375,187.4327392578125,X2,X2
3.227531364367581e-17,1488.142333984375,1108.4200439453125,-1897.353759765625,379.7222900390625,X1,X2
7.605377660979684e-09,1286.6640625,1099.719970703125,-2085.701171875,186.944091796875,X2,X2
1.673174310212744e-08,1285.960693359375,1106.901123046875,-2223.27783203125,179.0595703125,X2,X2
7.31922360862523e-17,1505.134765625,1133.600341796875,-2156.125,371.534423828125,X1,X2
6.112769597166334e-07,1238.8017578125,1095.724609375,-2491.05419921875,143.0771484375,X2,X2
2.787533537329523e-09,1286.48779296875,1089.5067138671875,-2076.823486328125,196.9810791015625,X2,X2
1.215811096244579e-08,1287.54736328125,1105.2947998046875,-2342.72412109375,182.252685546875,X2,X2
1.1259949104519296e-16,1506.912841796875,1139.6859130859375,-2176.593017578125,367.2269287109375,X1,X2
3.2959718510028324e-08,1242.329833984375,1070.050048828125,-2345.475341796875,172.27978515625,X2,X2
2.1821713325209657e-09,1286.280029296875,1086.8505859375,-2089.3310546875,199.429443359375,X2,X2
3.904091982669808e-17,1487.2158203125,1109.3966064453125,-2016.760986328125,377.8192138671875,X1,X2
5.449737106033581e-09,1287.372314453125,1097.0953369140625,-2102.599853515625,190.2769775390625,X2,X2
9.43460038237567e-17,1506.5771484375,1137.58154296875,-2022.91162109375,368.99560546875,X1,X2
1.7281671762672628e-16,1476.73876953125,1113.7957763671875,-2018.997802734375,362.9429931640625,X1,X2
0.001448575290851295,730.207275390625,664.8427734375,-2180.26318359375,65.364501953125,X2,X2
1.6782497169742783e-08,1249.8505859375,1070.8212890625,-2127.207275390625,179.029296875,X2,X2
4.258327912509685e-09,1030.207763671875,837.4638671875,-2120.44384765625,192.743896484375,X2,X2
2.750639112036879e-07,1198.30029296875,1047.2376708984375,-2097.501953125,151.0626220703125,X2,X2
3.912724770414656e-17,1492.5849609375,1114.787841796875,-1984.9593505859375,377.797119140625,X1,X2
1.5527363927958504e-07,1230.993408203125,1074.212646484375,-2155.218994140625,156.78076171875,X2,X2
1.3125611962740797e-15,1396.3212890625,1053.6533203125,-2060.72265625,342.66796875,X1,X2
3.51884892779708e-07,1031.099853515625,882.500244140625,-2194.4951171875,148.599609375,X1,X2
1.5329565172805815e-08,1250.095703125,1070.160888671875,-2117.876953125,179.934814453125,X2,X2
1.6836252208169564e-17,1506.6455078125,1120.41552734375,-1974.62841796875,386.22998046875,X1,X2
5.867686780902659e-08,1232.121826171875,1065.609619140625,-2112.829833984375,166.51220703125,X2,X2
1.0962134666669954e-07,1240.4794921875,1080.2171630859375,-2090.378173828125,160.2623291015625,X2,X2
1.330362842111299e-08,1246.97900390625,1065.626708984375,-2118.8134765625,181.352294921875,X2,X2
5.5678857080465605e-09,1286.37744140625,1096.31494140625,-2209.169921875,190.0625,X2,X2
2.138768117984459e-17,1494.700439453125,1110.86328125,-2067.46435546875,383.837158203125,X1,X2
9.836475825944962e-17,1507.81884765625,1139.2403564453125,-2072.416015625,368.5784912109375,X1,X2
4.376264239880356e-09,1288.410888671875,1095.940185546875,-2158.108154296875,192.470703125,X2,X2
5.2743530633108504e-17,1481.283447265625,1106.4725341796875,-2035.580322265625,374.8109130859375,X1,X2
0.6931471824645996,0.0,0.0,-2251.229248046875,0.0,X2,X2
1.1686076106798282e-08,1286.966064453125,1104.3173828125,-2121.564453125,182.648681640625,X2,X2
1.0235193315111246e-07,1232.884765625,1071.936279296875,-2162.71533203125,160.948486328125,X2,X2
2.8733384169754572e-06,1144.883056640625,1017.2828369140625,-2159.21533203125,127.600341796875,X2,X2
9.880138485129919e-09,1286.66259765625,1102.335205078125,-2137.36962890625,184.327392578125,X2,X2
8.974704712727544e-08,1239.416259765625,1077.153564453125,-2208.08447265625,162.2626953125,X2,X2
6.772664164600428e-06,1145.283203125,1026.257080078125,-2168.3583984375,119.026123046875,X2,X2
5.8245781531240937e-08,1242.51123046875,1075.92529296875,-2200.033935546875,166.5859375,X2,X2
4.188520197345724e-09,1287.811767578125,1094.9024658203125,-2191.3837890625,192.9091796875,X2,X2
2.989822833754374e-09,1286.928955078125,1090.6484375,-2188.27880859375,196.280517578125,X2,X2
4.018437582686829e-09,1288.782470703125,1095.458740234375,-2196.793701171875,193.32373046875,X2,X2
7.251082845272094e-09,1287.04150390625,1099.620361328125,-2189.49609375,187.421142578125,X2,X2
5.301121763778838e-09,1286.543701171875,1095.990234375,-2194.8330078125,190.553466796875,X2,X2
2.2403728650033372e-08,1243.42919921875,1067.288818359375,-2193.64013671875,176.140380859375,X2,X2
2.050227067229571e-06,778.0439453125,647.0682373046875,-2229.79052734375,130.9755859375,X1,X2
1.902029111988668e-08,1250.84130859375,1073.063720703125,-2068.41943359375,177.777587890625,X2,X2
1.1282633494147376e-08,1253.37451171875,1070.3743896484375,-2215.02392578125,183.0,X2,X2
0.0020378839690238237,707.188720703125,645.240478515625,-2083.35302734375,61.9482421875,X2,X2
4.858548408037677e-08,1247.08203125,1078.6826171875,-2319.01513671875,168.3994140625,X2,X2
0.6931471824645996,0.0,0.0,-2202.357666015625,0.0,X2,X2
0.6931471824645996,0.0,0.0,-2204.658447265625,0.0,X2,X2
6.507370642339083e-09,1286.02197265625,1097.5186767578125,-2132.28662109375,188.5032958984375,X2,X2
3.3813105204671956e-08,1272.12890625,1100.104736328125,-2143.6845703125,172.024169921875,X2,X2
5.1497167973338105e-17,1485.470703125,1110.420654296875,-2088.12939453125,375.050048828125,X1,X2
5.094445043596352e-08,1235.7265625,1067.80126953125,-2187.363525390625,167.92529296875,X2,X2
2.3229089762821786e-09,1286.642578125,1087.838134765625,-2160.35009765625,198.804443359375,X2,X2
6.881963198248266e-18,1499.5458984375,1104.36962890625,-2068.885009765625,395.17626953125,X1,X2
2.3654465053368767e-07,1197.973876953125,1045.402587890625,-2200.765625,152.5712890625,X2,X2
2.6743164127651653e-08,1241.40576171875,1067.035888671875,-2178.43115234375,174.369873046875,X2,X2
6.428440747900755e-17,1506.21875,1133.3865966796875,-2071.550537109375,372.8321533203125,X1,X2
1.5051799806542476e-08,1288.47802734375,1108.3603515625,-2178.726318359375,180.11767578125,X2,X2
1.3119450414933453e-08,1288.192138671875,1106.7005615234375,-2170.181396484375,181.49169921875,X2,X2
7.246312438979885e-09,1289.3701171875,1101.9423828125,-2135.28125,187.427734375,X2,X2
