episode,step,target,value,total_loss,loss_X1,loss_X2,loss_X3,loss_X4,loss_X5,ace_total_loss,ace_loss_X1,ace_loss_X4,ace_loss_X2,ace_loss_X3,ace_loss_X5,env_queries_executed,env_queries_candidate_probe,env_queries_observational,env_queries_total
0,0,X1,-4.476364011490556,15.883557768538594,1.0033859014511108,5.655391693115234,4.787965774536133,4.412411212921143,0.02440318651497364,24.387244081497194,1.0033859014511108,4.412411212921143,16.709209442138672,5.925541877746582,0.6693333387374878,50000,0,64000,114000
0,1,X4,-4.128133224773677,4.916369751095772,1.0038493871688843,0.014683598652482033,0.12484004348516464,3.7562177181243896,0.01677900366485119,4.917328882217407,1.0038493871688843,3.7562177181243896,0.06563238799571991,3.7296206951141357,0.1700623780488968,50000,0,64000,114000
0,2,X2,-0.9275823632960165,4.370323655195534,1.0205398797988892,0.013062837533652782,0.10961546748876572,3.214002847671509,0.013102622702717781,3.152555162459612,1.0205398797988892,3.214002847671509,0.020745720714330673,2.170973539352417,0.11392735689878464,50000,0,64000,114000
0,3,X5,-3.9229976506156095,3.495534908026457,1.0178223848342896,0.010595169849693775,0.07141739875078201,2.384237766265869,0.011462188325822353,2.1814374862238766,1.0178223848342896,2.384237766265869,0.011957230977714062,1.4016386270523071,0.08742959797382355,50000,0,64000,114000
0,4,X3,4.011988779516946,3.150186195038259,1.0169612169265747,0.0104526961222291,0.04237290844321251,2.0690362453460693,0.011363128200173378,1.5740706797689201,1.0169612169265747,2.0690362453460693,0.010326145216822624,0.8594855070114136,0.08705953508615494,50000,0,64000,114000
0,5,X1,-4.618463338976776,2.880116299726069,1.0169658660888672,0.010431892238557339,0.029208462685346603,1.8122467994689941,0.011263279244303703,1.6059078039601444,1.0169658660888672,1.8122467994689941,0.010805589146912098,0.9455678462982178,0.08369183540344238,50000,0,64000,114000
0,6,X4,0.36202040033926863,2.5004381220787764,1.0144996643066406,0.010352198034524918,0.01601584069430828,1.4485363960266113,0.011034023016691208,1.5155657282099129,1.0144996643066406,1.4485363960266113,0.009651756845414639,0.9486383199691772,0.0646684393286705,50000,0,64000,114000
0,7,X2,-1.6780230149032018,2.3737575467675924,1.011716365814209,0.010373950935900211,0.013384630903601646,1.327318549156189,0.010964049957692623,1.1270315984264017,1.011716365814209,1.327318549156189,0.009287730790674686,0.5941373705863953,0.055799514055252075,50000,0,64000,114000
0,8,X5,3.5208661892936863,2.280485871247947,1.0106593370437622,0.010365563444793224,0.012074016965925694,1.2364330291748047,0.010953924618661404,1.0334802746772767,1.0106593370437622,1.2364330291748047,0.010645892471075058,0.5274346470832825,0.045981261879205704,50000,0,64000,114000
0,9,X3,-3.403376032780301,2.16222679708153,1.0115121603012085,0.010339662432670593,0.01049000583589077,1.118993878364563,0.010891090147197247,0.9432981992140412,1.0115121603012085,1.118993878364563,0.009506587870419025,0.47142961621284485,0.03626078739762306,50000,0,64000,114000
0,10,X1,-1.6278334289072447,2.125330714508891,1.0115176439285278,0.010352151468396187,0.010211433283984661,1.082401156425476,0.010848329402506351,0.9328931266441941,1.0115176439285278,1.082401156425476,0.01037668902426958,0.47192901372909546,0.031803663820028305,50000,0,64000,114000
0,11,X4,-1.6620360537104473,2.0991525668650866,1.0107722282409668,0.01034278329461813,0.010080012492835522,1.057259440422058,0.010698102414608002,0.904548647068441,1.0107722282409668,1.057259440422058,0.012564714066684246,0.45246222615242004,0.025915373116731644,50000,0,64000,114000
0,12,X2,-2.548366474823889,2.068337684497237,1.0075525045394897,0.010346895083785057,0.010359927080571651,1.0294041633605957,0.010674194432795048,0.8861365910619498,1.0075525045394897,1.0294041633605957,0.011291354894638062,0.44417110085487366,0.02328280173242092,50000,0,64000,114000
0,13,X5,-4.983294464207772,2.062617640942335,1.008686900138855,0.01036848034709692,0.010304786264896393,1.0225927829742432,0.010664691217243671,0.8881684536114335,1.008686900138855,1.0225927829742432,0.014014995656907558,0.44355538487434387,0.024342136457562447,50000,0,64000,114000
0,14,X3,-0.6372420658478166,2.060012847185135,1.009852409362793,0.01039248239248991,0.010338375344872475,1.018802523612976,0.01062705647200346,0.8256157018244267,1.009852409362793,1.018802523612976,0.01195453479886055,0.3885192275047302,0.019410952925682068,50000,0,64000,114000
0,15,X1,-4.123865002495771,2.058271641843021,1.0118649005889893,0.010393963195383549,0.00998485367745161,1.015485167503357,0.010542756877839565,0.9007646385580301,1.0118649005889893,1.015485167503357,0.013318844139575958,0.46222370862960815,0.019752072170376778,50000,0,64000,114000
0,16,X4,0.9759946448799051,2.059336750768125,1.0135499238967896,0.010396378114819527,0.0099081601947546,1.0149418115615845,0.010540477000176907,0.9037727259099484,1.0135499238967896,1.0149418115615845,0.014477457851171494,0.462805837392807,0.020791083574295044,50000,0,64000,114000
0,17,X2,-4.301230385408176,2.0568450232967734,1.0112491846084595,0.010398670099675655,0.00999003741890192,1.0147076845169067,0.010499446652829647,0.9070661392062902,1.0112491846084595,1.0147076845169067,0.014052601531147957,0.469672292470932,0.01814987137913704,50000,0,64000,114000
0,18,X5,-1.845410262641367,2.0542401941493154,1.008877158164978,0.010363779030740261,0.009946189820766449,1.0146080255508423,0.010445041581988335,1.0351791357621551,1.008877158164978,1.0146080255508423,0.011839724145829678,0.6006763577461243,0.01796601712703705,50000,0,64000,114000
0,19,X3,-0.5167829169305627,2.0537381870672107,1.0083117485046387,0.010353736579418182,0.010049747303128242,1.0146074295043945,0.010415525175631046,0.8413755210116506,1.0083117485046387,1.0146074295043945,0.012122130952775478,0.40810254216194153,0.016567012295126915,50000,0,64000,114000
0,20,X1,4.053986522844989,2.056076335720718,1.008311152458191,0.010294830426573753,0.01242667343467474,1.0146106481552124,0.010433031246066093,0.7882229385897518,1.008311152458191,1.0146106481552124,0.010646001435816288,0.3558498024940491,0.017142774537205696,50000,0,64000,114000
0,21,X4,-4.072354386215049,2.053539006970823,1.0061981678009033,0.010302308015525341,0.012029608711600304,1.0146305561065674,0.010378366336226463,0.7173098810017109,1.0061981678009033,1.0146305561065674,0.010792972519993782,0.28744348883628845,0.014907674863934517,50000,0,64000,114000
0,22,X2,-3.5782493556849895,2.0529067013412714,1.0055738687515259,0.010311019606888294,0.011963674798607826,1.014667272567749,0.010390865616500378,0.7193642320111394,1.0055738687515259,1.014667272567749,0.010498424991965294,0.2899485230445862,0.014869055710732937,50000,0,64000,114000
0,23,X5,2.9007184435880164,2.05265920702368,1.0053234100341797,0.010305923409759998,0.011878584511578083,1.0147634744644165,0.010387814603745937,0.82439125161618,1.0053234100341797,1.0147634744644165,0.010905002243816853,0.3940854072570801,0.015383465215563774,50000,0,64000,114000
0,24,X3,-4.7876402518301076,2.0526069346815348,1.0052835941314697,0.010309404693543911,0.01159610878676176,1.015053629875183,0.010364197194576263,0.8975293656811119,1.0052835941314697,1.015053629875183,0.010350791737437248,0.4687961935997009,0.01431493554264307,50000,0,64000,114000
1,0,X1,4.111505480903206,7.819225937128067,1.0033859014511108,1.6832000017166138,0.6762322783470154,4.413416862487793,0.04299089312553406,16.130595326423645,1.0033859014511108,4.413416862487793,9.274345397949219,5.528484344482422,0.24440503120422363,50000,0,64000,114000
1,1,X4,0.7340808568092712,4.913687651976943,1.011779546737671,0.01285235770046711,0.09293685108423233,3.7606821060180664,0.03543679043650627,4.1693188808858395,1.011779546737671,3.7606821060180664,0.03514006361365318,2.53458833694458,0.6450981497764587,50000,0,64000,114000
1,2,X2,-2.346782947384367,4.314600165933371,1.0054570436477661,0.01199110597372055,0.0518353134393692,3.22051739692688,0.024799305945634842,3.9085024900734426,1.0054570436477661,3.22051739692688,0.03399677947163582,1.930971622467041,1.0983392000198364,50000,0,64000,114000
1,3,X5,3.3783764419513442,3.4087444553151727,1.0055798292160034,0.010792668908834457,0.017627982422709465,2.3601417541503906,0.014602220617234707,2.200880072452128,1.0055798292160034,2.3601417541503906,0.012272373773157597,1.0576645135879517,0.45779886841773987,50000,0,64000,114000
1,4,X3,2.6879474747998353,3.087010401301086,1.0077110528945923,0.010823714546859264,0.01680210418999195,2.03987717628479,0.01179635338485241,1.9070873230695724,1.0077110528945923,2.03987717628479,0.012841805815696716,0.9095483422279358,0.3751795291900635,50000,0,64000,114000
1,5,X1,-1.5653784184403543,2.831819192506373,1.0077259540557861,0.01089650671929121,0.01648484542965889,1.7847939729690552,0.01191791333258152,1.663354721851647,1.0077259540557861,1.7847939729690552,0.015438196249306202,0.6769307255744934,0.41248181462287903,50000,0,64000,114000
1,6,X4,3.0149659129203297,2.467816081829369,1.0034703016281128,0.010763921774923801,0.015534641221165657,1.42766535282135,0.010381864383816719,1.2867584995925427,1.0034703016281128,1.42766535282135,0.014134090393781662,0.4612692892551422,0.3251279890537262,50000,0,64000,114000
1,7,X2,-2.9313752933388857,2.349488502368331,1.0029054880142212,0.010779483243823051,0.015854941681027412,1.309545636177063,0.010402953252196312,1.2598657250404357,1.0029054880142212,1.309545636177063,0.015779167413711548,0.32632172107696533,0.4552746117115021,50000,0,64000,114000
1,8,X5,1.0890252619055332,2.2617564918473363,1.003243088722229,0.010717465542256832,0.015505466610193253,1.2218854427337646,0.010405028238892555,1.2356135161593556,1.003243088722229,1.2218854427337646,0.014416095800697803,0.3638593852519989,0.4123123288154602,50000,0,64000,114000
1,9,X3,0.27074952161416643,2.1503048418089747,1.0028165578842163,0.010590261779725552,0.014811561442911625,1.1116868257522583,0.010399634949862957,1.6698214020580053,1.0028165578842163,1.1116868257522583,0.015117904171347618,0.5108345150947571,0.7209683060646057,50000,0,64000,114000
1,10,X1,3.0933852464380482,2.1286358945071697,1.002816081047058,0.010577804408967495,0.023382335901260376,1.0814694166183472,0.010390256531536579,2.284178796596825,1.002816081047058,1.0814694166183472,0.012565103359520435,0.7241685390472412,1.1305880546569824,50000,0,64000,114000
1,11,X4,-1.847368477840119,2.1075516948476434,1.002794861793518,0.010537105612456799,0.02342209778726101,1.0604110956192017,0.010386534035205841,1.3252220289781689,1.002794861793518,1.0604110956192017,0.01143742073327303,0.6834139227867126,0.21772949397563934,50000,0,64000,114000
1,12,X2,-1.017618485321008,2.080828297883272,1.0027835369110107,0.010444402694702148,0.021752260625362396,1.0355045795440674,0.010343518108129501,1.0160770816728473,1.0027835369110107,1.0355045795440674,0.010832185856997967,0.36902928352355957,0.2285579890012741,50000,0,64000,114000
1,13,X5,2.692790899139238,2.072928275913,1.0028375387191772,0.010420169681310654,0.020608486607670784,1.0287121534347534,0.010349927470088005,0.9607858754694463,1.0028375387191772,1.0287121534347534,0.011389318853616714,0.3812893331050873,0.16179728507995605,50000,0,64000,114000
1,14,X3,0.1275213386406504,2.068236536346376,1.002793312072754,0.010403241030871868,0.020480003207921982,1.0242125988006592,0.010347381234169006,1.0675438212230801,1.002793312072754,1.0242125988006592,0.011480455286800861,0.4662633538246155,0.1843988299369812,50000,0,64000,114000
1,15,X1,1.8483721866100602,2.0572308860719204,1.0028709173202515,0.010291432961821556,0.014685936272144318,1.0190789699554443,0.01030362956225872,0.9452188396826386,1.0028709173202515,1.0190789699554443,0.010011964477598667,0.36194613575935364,0.16887076199054718,50000,0,64000,114000
1,16,X4,1.3835326430549877,2.05579268746078,1.0028895139694214,0.010272162966430187,0.014556927606463432,1.017763376235962,0.010310706682503223,0.9447188545018435,1.0028895139694214,1.017763376235962,0.011842729523777962,0.3912507891654968,0.137494757771492,50000,0,64000,114000
1,17,X2,1.6665763107318101,2.0551587408408523,1.0030280351638794,0.010266296565532684,0.014569095335900784,1.0169740915298462,0.010321222245693207,0.9550249498337507,1.0030280351638794,1.0169740915298462,0.010374849662184715,0.443366676568985,0.09728299826383591,50000,0,64000,114000
1,18,X5,3.900985705369024,2.0534084448590875,1.0027817487716675,0.010240995325148106,0.014103397727012634,1.0161060094833374,0.010176293551921844,0.9222506199032068,1.0027817487716675,1.0161060094833374,0.010325448587536812,0.4309563636779785,0.07719125598669052,50000,0,64000,114000
1,19,X3,-0.13863529856435974,2.05301586445421,1.0027822256088257,0.010233091190457344,0.01404174230992794,1.0157923698425293,0.01016643550246954,0.748565137013793,1.0027822256088257,1.0157923698425293,0.01078215055167675,0.2714264988899231,0.06264156848192215,50000,0,64000,114000
1,20,X1,1.6847022190314709,2.052512309513986,1.0027822256088257,0.010237982496619225,0.013800864107906818,1.015541911125183,0.010149326175451279,0.9490369539707899,1.0027822256088257,1.015541911125183,0.010662542656064034,0.4770863652229309,0.05762321874499321,50000,0,64000,114000
1,21,X4,-1.2547836817751667,2.0521049089729786,1.002784013748169,0.010218772105872631,0.013685991056263447,1.0153050422668457,0.010111089795827866,0.8574780093505979,1.002784013748169,1.0153050422668457,0.011472822166979313,0.3814878761768341,0.06089949980378151,50000,0,64000,114000
1,22,X2,-4.681586932588981,2.052001462318003,1.0027886629104614,0.010235808789730072,0.013569284230470657,1.0152508020401,0.010156904347240925,0.9563656833022833,1.0027886629104614,1.0152508020401,0.011740786954760551,0.47827044129371643,0.062746562063694,50000,0,64000,114000
1,23,X5,2.5417317185887214,2.051947674714029,1.0028448104858398,0.010224749334156513,0.013461076654493809,1.0152835845947266,0.010133453644812107,0.9746433336287738,1.0028448104858398,1.0152835845947266,0.009645508602261543,0.49251389503479004,0.06885825097560883,50000,0,64000,114000
1,24,X3,-3.1853508408495914,2.0519378082826734,1.0028417110443115,0.010212663561105728,0.013384377583861351,1.0153999328613281,0.010099123232066631,0.8584323747083545,1.0028417110443115,1.0153999328613281,0.011153723113238811,0.3601304292678833,0.08349989354610443,50000,0,64000,114000
2,0,X1,3.201901844338309,7.948400499299169,1.0033859014511108,1.6825875043869019,0.8315277695655823,4.414224624633789,0.016674699261784554,18.560914182662962,1.0033859014511108,4.414224624633789,11.091156005859375,5.573390483856201,0.8128455877304077,50000,0,64000,114000
2,1,X4,4.136459118642296,4.890629858709872,1.0422455072402954,0.018505031242966652,0.052015699446201324,3.764277935028076,0.01358568575233221,5.323292979598046,1.0422455072402954,3.764277935028076,0.045595571398735046,3.3653833866119385,0.9510093331336975,50000,0,64000,114000
2,2,X2,1.5807415740107933,4.335739568807185,1.0685395002365112,0.017958350479602814,0.02504495158791542,3.2116432189941406,0.012553547509014606,1.7890768349170685,1.0685395002365112,3.2116432189941406,0.05178603529930115,0.45966315269470215,0.4215911030769348,50000,0,64000,114000
2,3,X5,-3.298731123290918,3.4108632830902934,1.0406135320663452,0.010387544520199299,0.012171538546681404,2.336383819580078,0.011306848376989365,1.4777190286666155,1.0406135320663452,2.336383819580078,0.009501965716481209,0.37145882844924927,0.42135876417160034,50000,0,64000,114000
2,4,X3,-1.6308384720829383,3.0834556138142943,1.0328339338302612,0.010403826832771301,0.012413451448082924,2.0164568424224854,0.011347559280693531,1.3917552642524242,1.0328339338302612,2.0164568424224854,0.011985670775175095,0.4615742266178131,0.3083372116088867,50000,0,64000,114000
2,5,X1,-1.0880669292869727,2.836315025575459,1.031980037689209,0.010379775427281857,0.01251230202615261,1.7701302766799927,0.011312633752822876,1.5186055293306708,1.031980037689209,1.7701302766799927,0.011967300437390804,0.43543916940689087,0.5107769966125488,50000,0,64000,114000
2,6,X4,-4.267092218763135,2.4781985403969884,1.0175833702087402,0.010270418599247932,0.010701232589781284,1.4284120798110962,0.01123143918812275,0.9609514225274325,1.0175833702087402,1.4284120798110962,0.011353837326169014,0.37440598011016846,0.08599251508712769,50000,0,64000,114000
2,7,X2,-0.43232929798546316,2.363287338986993,1.016197681427002,0.010264127515256405,0.01052149012684822,1.315129280090332,0.011174759827554226,1.0253459166735412,1.016197681427002,1.315129280090332,0.010590223595499992,0.4559168219566345,0.09257347881793976,50000,0,64000,114000
2,8,X5,0.7316851451053141,2.272465613670647,1.011687994003296,0.010255496948957443,0.010504079982638359,1.2288429737091064,0.011175069026648998,0.9606376603245735,1.011687994003296,1.2288429737091064,0.009590290486812592,0.40468281507492065,0.0982583612203598,50000,0,64000,114000
2,9,X3,-1.6389390069016594,2.15411863476038,1.0071254968643188,0.010213261470198631,0.010400502942502499,1.1158194541931152,0.01055991929024458,0.9099527325481177,1.0071254968643188,1.1158194541931152,0.010884134098887444,0.4037455916404724,0.07073401659727097,50000,0,64000,114000
2,10,X1,-3.1093813042192355,2.1201799232512712,1.0071442127227783,0.010215148329734802,0.011176235973834991,1.0809813737869263,0.010662952437996864,0.9253036977723241,1.0071442127227783,1.0809813737869263,0.009943363256752491,0.4261366128921509,0.0715986043214798,50000,0,64000,114000
2,11,X4,-4.118427050739239,2.095938560552895,1.0067287683486938,0.010224283672869205,0.01078559085726738,1.057523488998413,0.01067642867565155,0.8637841751798987,1.0067287683486938,1.057523488998413,0.010158500634133816,0.38107651472091675,0.05969870835542679,50000,0,64000,114000
2,12,X2,1.283175227307927,2.071336473338306,1.006940484046936,0.010207944549620152,0.010561752133071423,1.032950520515442,0.010675772093236446,0.8824343752115965,1.006940484046936,1.032950520515442,0.010565081611275673,0.41122007369995117,0.05267101898789406,50000,0,64000,114000
2,13,X5,-4.871708907473867,2.0641023898497224,1.0061230659484863,0.010191749781370163,0.010448242537677288,1.026663899421692,0.010675432160496712,0.9354888087138534,1.0061230659484863,1.026663899421692,0.009499250911176205,0.4786037504673004,0.040828414261341095,50000,0,64000,114000
2,14,X3,-1.4808631690179883,2.060377982445061,1.006235122680664,0.010194248519837856,0.010351164266467094,1.0229181051254272,0.010679341852664948,0.9599558055400849,1.006235122680664,1.0229181051254272,0.010208562016487122,0.5047587156295776,0.03915788233280182,50000,0,64000,114000
2,15,X1,-2.7087023551971576,2.0539388451725245,1.004662036895752,0.010210126638412476,0.00998599547892809,1.0184491872787476,0.010631498880684376,0.8789515255019069,1.004662036895752,1.0184491872787476,0.009637362323701382,0.4329668879508972,0.03172503039240837,50000,0,64000,114000
2,16,X4,0.31997490681764607,2.053426558151841,1.005158543586731,0.010208133608102798,0.009938369505107403,1.0174702405929565,0.010651270858943462,0.8634647773578763,1.005158543586731,1.0174702405929565,0.008501176722347736,0.4178273379802704,0.03261050581932068,50000,0,64000,114000
2,17,X2,2.236633511192414,2.052866051904857,1.0051822662353516,0.01020892895758152,0.009820411913096905,1.0169825553894043,0.010671889409422874,0.8101491618901491,1.0051822662353516,1.0169825553894043,0.009688753634691238,0.3656078577041626,0.03041958622634411,50000,0,64000,114000
2,18,X5,4.091532756367794,2.0514792650938034,1.004471778869629,0.010224396362900734,0.009785198606550694,1.016376256942749,0.010621634311974049,0.7361252812668682,1.004471778869629,1.016376256942749,0.01141109224408865,0.28607481718063354,0.034469764679670334,50000,0,64000,114000
2,19,X3,1.388008392431014,2.0512661412358284,1.0044478178024292,0.010210325010120869,0.009783102199435234,1.0162127017974854,0.010612194426357746,0.7355990124866366,1.0044478178024292,1.0162127017974854,0.009814106859266758,0.29365217685699463,0.02800062485039234,50000,0,64000,114000
2,20,X1,4.917930997519157,2.0575224682688713,1.0044476985931396,0.010214471258223057,0.01619833894073963,1.0160702466964722,0.010591712780296803,0.8374438926577568,1.0044476985931396,1.0160702466964722,0.009717438369989395,0.3968057334423065,0.02681713178753853,50000,0,64000,114000
2,21,X4,4.640591723038819,2.050971078686416,1.00406813621521,0.01020205207169056,0.010563584044575691,1.0158213376998901,0.010315968655049801,0.8609011355787516,1.00406813621521,1.0158213376998901,0.01084248535335064,0.42203405499458313,0.024046700447797775,50000,0,64000,114000
2,22,X2,1.299907097242457,2.050371224991977,1.0039191246032715,0.01020498014986515,0.010133341886103153,1.0157822370529175,0.010331541299819946,0.8198101285845041,1.0039191246032715,1.0157822370529175,0.009458936750888824,0.38503170013427734,0.021379219368100166,50000,0,64000,114000
2,23,X5,-2.6662681591384043,2.0501689119264483,1.0038245916366577,0.010210882872343063,0.009946045465767384,1.0158511400222778,0.010336251929402351,0.7940787298604847,1.0038245916366577,1.0158511400222778,0.010399946011602879,0.3560751974582672,0.0236684400588274,50000,0,64000,114000
2,24,X3,-0.1618851735685336,2.0498126670718193,1.003380537033081,0.010231751948595047,0.00975651666522026,1.0161175727844238,0.010326288640499115,0.817279713973403,1.003380537033081,1.0161175727844238,0.010918932035565376,0.3740222752094269,0.028438884764909744,50000,0,64000,114000
3,0,X1,-3.2241026942609494,16.277951262891293,1.0033859014511108,6.815141677856445,4.01833963394165,4.414707660675049,0.0263763889670372,30.583745789527892,1.0033859014511108,4.414707660675049,22.494436264038086,6.422173976898193,0.5835168361663818,50000,0,64000,114000
3,1,X4,4.919577727942169,4.993661059066653,1.0161887407302856,0.022412700578570366,0.1733490228652954,3.7664334774017334,0.015277117490768433,5.189350963383913,1.0161887407302856,3.7664334774017334,0.03407459333539009,3.7609615325927734,0.4377903938293457,50000,0,64000,114000
3,2,X2,-0.5550007985092584,4.366422437131405,1.003909945487976,0.014866725541651249,0.11454770714044571,3.2202975749969482,0.012800483964383602,2.7064543139189485,1.003909945487976,3.2202975749969482,0.030271274968981743,1.4420685768127441,0.3892729580402374,50000,0,64000,114000
3,3,X5,2.5165015802753015,3.4026616737246513,1.003017783164978,0.011008506640791893,0.02430669777095318,2.3531534671783447,0.011175218969583511,2.209246877580881,1.003017783164978,2.3531534671783447,0.02018207684159279,1.0727035999298096,0.4451269507408142,50000,0,64000,114000
3,4,X3,-4.558701439935561,3.0741363102570176,1.0029714107513428,0.01062720362097025,0.014977612532675266,2.0343782901763916,0.011181793175637722,3.9320317298173904,1.0029714107513428,2.0343782901763916,0.0195588618516922,1.111656665802002,2.1933462619781494,50000,0,64000,114000
3,5,X1,-3.652723993633664,2.816513938829303,1.0029711723327637,0.010539081878960133,0.013836071826517582,1.7780117988586426,0.011155813932418823,5.255912959203124,1.0029711723327637,1.7780117988586426,0.014102613553404808,1.5333834886550903,3.1522302627563477,50000,0,64000,114000
3,6,X4,-3.068230299576463,2.457155793905258,1.0062893629074097,0.010445709340274334,0.011481501162052155,1.4176998138427734,0.011239406652748585,2.06790108140558,1.0062893629074097,1.4176998138427734,0.013143992982804775,1.5041931867599487,0.06576606631278992,50000,0,64000,114000
3,7,X2,-2.436376527034575,2.3336422694846988,1.0054391622543335,0.01043286919593811,0.011473099701106548,1.29537034034729,0.010926797986030579,1.0131264472380281,1.0054391622543335,1.29537034034729,0.012120445258915424,0.4882160425186157,0.052628058940172195,50000,0,64000,114000
3,8,X5,-1.4795246955032382,2.243199232965708,1.0040792226791382,0.010432199575006962,0.011067143641412258,1.2067636251449585,0.01085704192519188,0.9302427073940636,1.0040792226791382,1.2067636251449585,0.014212018810212612,0.4318123161792755,0.04204980283975601,50000,0,64000,114000
3,9,X3,-2.2807014767324842,2.1359922029078007,1.0031830072402954,0.010448127053678036,0.010301230475306511,1.101332426071167,0.010727412067353725,0.8847708841785789,1.0031830072402954,1.101332426071167,0.012264913879334927,0.41831323504447937,0.033289648592472076,50000,0,64000,114000
3,10,X1,-0.6573141638734628,2.1055009867995977,1.0031832456588745,0.010391933843493462,0.01013384759426117,1.0710875988006592,0.010704360902309418,0.8865123642608523,1.0031832456588745,1.0710875988006592,0.011093582026660442,0.4292420744895935,0.03132253885269165,50000,0,64000,114000
3,11,X4,-0.796426832649459,2.0850592590868473,1.0029038190841675,0.010361951775848866,0.010175545699894428,1.0509238243103027,0.010694118216633797,0.8028324609622359,1.0029038190841675,1.0509238243103027,0.011169933713972569,0.3540991246700287,0.02679787389934063,50000,0,64000,114000
3,12,X2,-3.9137916551839833,2.0631914837285876,1.002956509590149,0.010344980284571648,0.010077833198010921,1.0291862487792969,0.010625911876559258,0.8728373492136597,1.002956509590149,1.0291862487792969,0.009752576239407063,0.4370938837528229,0.019562337547540665,50000,0,64000,114000
3,13,X5,-4.373912251716831,2.0578998140990734,1.0030208826065063,0.010328453034162521,0.01003629993647337,1.023922324180603,0.010591854341328144,0.9514243194833398,1.0030208826065063,1.023922324180603,0.011577933095395565,0.5111125707626343,0.02334517426788807,50000,0,64000,114000
3,14,X3,-1.4493855307212087,2.05481886677444,1.0029751062393188,0.010317174717783928,0.01005395594984293,1.0208866596221924,0.010585970245301723,1.0982528252527117,1.0029751062393188,1.0208866596221924,0.01187219936400652,0.6612478494644165,0.020360423251986504,50000,0,64000,114000
3,15,X1,-4.112110951326377,2.0522201331332326,1.0038795471191406,0.010321198962628841,0.010105186142027378,1.0174211263656616,0.010493074543774128,1.3960921889171005,1.0038795471191406,1.0174211263656616,0.011181156150996685,0.9568492770195007,0.023801621049642563,50000,0,64000,114000
3,16,X4,-0.6679968612283886,2.0518056079745293,1.0041173696517944,0.010349183343350887,0.010124435648322105,1.0167253017425537,0.010489317588508129,1.1452077945694328,1.0041173696517944,1.0167253017425537,0.010164148174226284,0.7092720866203308,0.021603025496006012,50000,0,64000,114000
3,17,X2,-4.914387852271307,2.0519709419459105,1.004768967628479,0.010354687459766865,0.010097227059304714,1.0162886381149292,0.010461421683430672,1.4178960612043738,1.004768967628479,1.0162886381149292,0.011456324718892574,0.9830922484397888,0.019135966897010803,50000,0,64000,114000
3,18,X5,0.35801018606564483,2.053055554628372,1.0062854290008545,0.010359791107475758,0.010084245353937149,1.0158284902572632,0.01049759890884161,1.5706856032833456,1.0062854290008545,1.0158284902572632,0.012059544213116169,1.1353967189788818,0.01880655623972416,50000,0,64000,114000
3,19,X3,-4.265160072849476,2.05254050437361,1.0059316158294678,0.010367006063461304,0.010072190314531326,1.015613317489624,0.010556374676525593,1.6862746000289919,1.0059316158294678,1.015613317489624,0.010161997750401497,1.2498406171798706,0.021962998434901237,50000,0,64000,114000
3,20,X1,1.9420591469923494,2.0525791002437472,1.005932092666626,0.010372086428105831,0.010116273537278175,1.0155718326568604,0.0105868149548769,1.5193758796900512,1.005932092666626,1.0155718326568604,0.010924583300948143,1.0818074941635132,0.022343017160892487,50000,0,64000,114000
3,21,X4,-0.9579273291575259,2.0530292289331555,1.0063563585281372,0.010369178839027882,0.010102461092174053,1.0156787633895874,0.010522467084228992,1.5606308160349727,1.0063563585281372,1.0156787633895874,0.010151407681405544,1.1285927295684814,0.017479654401540756,50000,0,64000,114000
3,22,X2,4.853481748883274,2.053220907226205,1.00674307346344,0.010368294082581997,0.010079477913677692,1.0155779123306274,0.0104521494358778,1.2232090251520276,1.00674307346344,1.0155779123306274,0.011140578426420689,0.7863657474517822,0.021238502115011215,50000,0,64000,114000
3,23,X5,-2.3745998028095006,2.0539985662326217,1.007513403892517,0.010364264249801636,0.010219098068773746,1.0154335498809814,0.010468250140547752,1.1994487386196853,1.007513403892517,1.0154335498809814,0.011972863227128983,0.7634327411651611,0.01945374347269535,50000,0,64000,114000
3,24,X3,-0.2748925959295665,2.054262362420559,1.007861852645874,0.010367271490395069,0.010186318308115005,1.0153722763061523,0.010474643670022488,1.4551861628890037,1.007861852645874,1.0153722763061523,0.010752435773611069,1.0178730487823486,0.02191385254263878,50000,0,64000,114000
4,0,X1,2.508149412392692,7.534063834697008,1.0033859014511108,1.3430134057998657,0.7474393248558044,4.413425922393799,0.0267992801964283,14.610128918290139,1.0033859014511108,4.413425922393799,7.564286708831787,5.898099899291992,0.06437994539737701,50000,0,64000,114000
4,1,X4,-1.6516945947653374,4.93497621268034,1.0234068632125854,0.010960644111037254,0.11847074329853058,3.760723114013672,0.021414848044514656,8.300271737016738,1.0234068632125854,3.760723114013672,0.01128313783556223,7.221920490264893,0.11024211347103119,50000,0,64000,114000
4,2,X2,-1.5163297933494855,4.357858035713434,1.0335443019866943,0.01127050444483757,0.09310489147901535,3.201634168624878,0.018304169178009033,2.760053304210305,1.0335443019866943,3.201634168624878,0.0118138138204813,1.7812587022781372,0.11994509398937225,50000,0,64000,114000
4,3,X5,1.3912793722811276,3.4011072479188442,1.0061509609222412,0.0105961998924613,0.028356004506349564,2.3434736728668213,0.01253040973097086,2.3370231453329326,1.0061509609222412,2.3434736728668213,0.01139039732515812,1.5014433860778809,0.154264435172081,50000,0,64000,114000
4,4,X3,4.696860772658779,3.0818954268470407,1.00886070728302,0.010684874840080738,0.018491020426154137,2.0315492153167725,0.012309608981013298,1.8999287804588676,1.00886070728302,2.0315492153167725,0.01082469429820776,1.1194326877593994,0.16158941388130188,50000,0,64000,114000
4,5,X1,3.838801381228901,2.8253858974203467,1.0090351104736328,0.01068911049515009,0.014709818176925182,1.7787694931030273,0.012182365171611309,1.7700026771053672,1.0090351104736328,1.7787694931030273,0.012198089621961117,1.050182819366455,0.15006084740161896,50000,0,64000,114000
4,6,X4,-0.8096218061263496,2.4641058892011642,1.0064958333969116,0.010459939949214458,0.013555477373301983,1.4214694499969482,0.012125188484787941,1.654183440282941,1.0064958333969116,1.4214694499969482,0.0129061508923769,0.9785053133964539,0.17717891931533813,50000,0,64000,114000
4,7,X2,2.1771790735216072,2.341727824881673,1.0053590536117554,0.010472009889781475,0.01280336081981659,1.3010870218276978,0.01200637873262167,1.0568600727245212,1.0053590536117554,1.3010870218276978,0.012746538035571575,0.41720640659332275,0.1656179130077362,50000,0,64000,114000
4,8,X5,1.790519516466869,2.250236946158111,1.004427433013916,0.010435528121888638,0.012849693186581135,1.2106616497039795,0.011862642131745815,0.9773839008063079,1.004427433013916,1.2106616497039795,0.012768177315592766,0.36627790331840515,0.15532000362873077,50000,0,64000,114000
4,9,X3,-1.2789038070469472,2.137085361406207,1.0030802488327026,0.010374607518315315,0.012248452752828598,1.1005409955978394,0.01084105670452118,0.985446546599269,1.0030802488327026,1.1005409955978394,0.011991648003458977,0.3894108831882477,0.16331976652145386,50000,0,64000,114000
4,10,X1,-2.6503656250153487,2.1076644910499454,1.0030851364135742,0.010373348370194435,0.012145941145718098,1.0714927911758423,0.010567273944616318,1.0515669617801904,1.0030851364135742,1.0714927911758423,0.011499563232064247,0.4471530318260193,0.17799878120422363,50000,0,64000,114000
4,11,X4,-4.216235218587747,2.087333961389959,1.0028958320617676,0.010343042202293873,0.012017904780805111,1.051666021347046,0.010411160998046398,0.823637250252068,1.0028958320617676,1.051666021347046,0.011697796173393726,0.3723530173301697,0.028674066066741943,50000,0,64000,114000
4,12,X2,3.789089368844193,2.0672106044366956,1.0028437376022339,0.010347097180783749,0.011561568826436996,1.0320758819580078,0.010382318869233131,0.9366401376202702,1.0028437376022339,1.0320758819580078,0.011946150101721287,0.49060362577438354,0.02710643783211708,50000,0,64000,114000
4,13,X5,-4.428407865907033,2.0619273530319333,1.0028541088104248,0.010342800989747047,0.011474616825580597,1.0268715620040894,0.010384264402091503,0.9980363992974162,1.0028541088104248,1.0268715620040894,0.01194086205214262,0.5517347455024719,0.028415657579898834,50000,0,64000,114000
4,14,X3,0.18696124756400145,2.0584451789036393,1.0030714273452759,0.010321399196982384,0.011397025547921658,1.02327561378479,0.010379713028669357,0.9988915292546153,1.0030714273452759,1.02327561378479,0.010998205281794071,0.5539659261703491,0.02865798957645893,50000,0,64000,114000
4,15,X1,0.375363775056881,2.0538631081581116,1.0028011798858643,0.010283068753778934,0.011132389307022095,1.0192439556121826,0.010402514599263668,1.0421143559738995,1.0028011798858643,1.0192439556121826,0.011059616692364216,0.59621661901474,0.030429093167185783,50000,0,64000,114000
4,16,X4,-3.5386076633839227,2.052672511897981,1.0028066635131836,0.010308067314326763,0.011090601794421673,1.0180553197860718,0.01041185948997736,1.1259282449260355,1.0028066635131836,1.0180553197860718,0.011395903304219246,0.698220431804657,0.012139513157308102,50000,0,64000,114000
4,17,X2,1.5593171695211119,2.051836872473359,1.002816081047058,0.010308725759387016,0.011043460108339787,1.0173436403274536,0.010324965231120586,0.7817516250535846,1.002816081047058,1.0173436403274536,0.011943758465349674,0.3566579520702362,0.009117970243096352,50000,0,64000,114000
4,18,X5,4.158231935739135,2.0508802700787783,1.0028796195983887,0.010304725728929043,0.010640574619174004,1.0165241956710815,0.010531154461205006,0.9144696595147253,1.0028796195983887,1.0165241956710815,0.011279819533228874,0.48857322335243225,0.01073585357517004,50000,0,64000,114000
4,19,X3,2.7613296982403712,2.05073934327811,1.0027875900268555,0.010298319160938263,0.01054645050317049,1.0163105726242065,0.010796410962939262,0.9731329388916493,1.0027875900268555,1.0163105726242065,0.010882171802222729,0.5481049418449402,0.01032619271427393,50000,0,64000,114000
4,20,X1,-1.1074073338144883,2.050561592914164,1.0027878284454346,0.010303606279194355,0.010471906512975693,1.016357660293579,0.010640591382980347,0.9322207178920507,1.0027878284454346,1.016357660293579,0.010425744578242302,0.5072588920593262,0.010706983506679535,50000,0,64000,114000
4,21,X4,-3.735300411662419,2.050038082525134,1.0028256177902222,0.010303025133907795,0.01033348310738802,1.016243577003479,0.0103323794901371,0.925307828001678,1.0028256177902222,1.016243577003479,0.011314830742776394,0.4990359842777252,0.011143174022436142,50000,0,64000,114000
4,22,X2,4.7492956621739495,2.050042187795043,1.002868413925171,0.010303251445293427,0.01024905126541853,1.0161521434783936,0.010469327680766582,0.9619127970188857,1.002868413925171,1.0161521434783936,0.010336230508983135,0.5380755066871643,0.00969694834202528,50000,0,64000,114000
4,23,X5,0.17103486653910682,2.0500402692705393,1.0028746128082275,0.01030051801353693,0.010216448456048965,1.016196370124817,0.010452319867908955,0.98846385627985,1.0028746128082275,1.016196370124817,0.011179995723068714,0.561543881893158,0.011925782077014446,50000,0,64000,114000
4,24,X3,1.2961762522758322,2.049605350010097,1.002781629562378,0.010343823581933975,0.010301641188561916,1.015863060951233,0.010315194725990295,0.9202151721343399,1.002781629562378,1.015863060951233,0.011306812055408955,0.4950394034385681,0.010140018537640572,50000,0,64000,114000
5,0,X1,3.022766455210377,7.41476770862937,1.0033859014511108,1.100328803062439,0.8804468512535095,4.412862300872803,0.017743851989507675,14.404879194498061,1.0033859014511108,4.412862300872803,6.6081013679504395,6.309895992279053,0.40363219380378723,50000,0,64000,114000
5,1,X4,-1.1375383710725417,4.926785133779049,1.0147860050201416,0.011674371547996998,0.1286364048719406,3.7582180500030518,0.01347030233591795,5.18219555914402,1.0147860050201416,3.7582180500030518,0.013349547982215881,3.704124927520752,0.5101202726364136,50000,0,64000,114000
5,2,X2,-4.379442353445261,4.283864801749587,1.0027828216552734,0.011338874697685242,0.052527572959661484,3.2050559520721436,0.012159580364823341,4.496846502646804,1.0027828216552734,3.2050559520721436,0.011625891551375389,3.2973573207855225,0.3462955355644226,50000,0,64000,114000
5,3,X5,-3.639842088912385,3.4273237017914653,1.0072026252746582,0.01048288494348526,0.011672576889395714,2.386787176132202,0.011178438551723957,3.665412795729935,1.0072026252746582,2.386787176132202,0.013225209899246693,1.9512629508972168,1.0221266746520996,50000,0,64000,114000
5,4,X3,1.6844713703254124,3.112230859696865,1.0082008838653564,0.010479594580829144,0.011296814307570457,2.071404218673706,0.01084934826940298,3.169827547855675,1.0082008838653564,2.071404218673706,0.013783183880150318,1.5839383602142334,0.956184983253479,50000,0,64000,114000
5,5,X1,-1.504603143801997,2.855754123069346,1.0081933736801147,0.010499685071408749,0.011267492547631264,1.815028190612793,0.010765381157398224,2.8026643389835955,1.0081933736801147,1.815028190612793,0.012712680734694004,1.2021523714065552,1.0231549739837646,50000,0,64000,114000
5,6,X4,3.7107720776233837,2.491179537959397,1.004278540611267,0.010439022444188595,0.010098140686750412,1.4557160139083862,0.010647820308804512,1.9982556197792292,1.004278540611267,1.4557160139083862,0.022806653752923012,0.9003898501396179,0.5830602049827576,50000,0,64000,114000
5,7,X2,2.4016450882059592,2.372578010894358,1.004908561706543,0.010430493392050266,0.010372783057391644,1.3364797830581665,0.010386389680206776,1.9360493034124375,1.004908561706543,1.3364797830581665,0.0221245139837265,0.8604023456573486,0.5852447748184204,50000,0,64000,114000
5,8,X5,4.804391466902661,2.279194572940469,1.003903865814209,0.010412032715976238,0.010429990477859974,1.243967056274414,0.010481627658009529,1.6756448529660704,1.003903865814209,1.243967056274414,0.028870191425085068,0.695503294467926,0.5016971826553345,50000,0,64000,114000
5,9,X3,1.6883435436449004,2.1567242415621877,1.0033012628555298,0.010326474905014038,0.010245378129184246,1.1224961280822754,0.010354997590184212,1.810268973559141,1.0033012628555298,1.1224961280822754,0.02571077272295952,0.8718732595443726,0.48752546310424805,50000,0,64000,114000
5,10,X1,-1.9619422086321734,2.1210621362552047,1.0033000707626343,0.010316488333046436,0.010211215354502201,1.0868632793426514,0.010371082462370396,1.514457193762064,1.0033000707626343,1.0868632793426514,0.027954552322626114,0.6962660551071167,0.37220391631126404,50000,0,64000,114000
5,11,X4,2.9110915790739433,2.0962020130828023,1.002988576889038,0.010314911603927612,0.010290974751114845,1.0622127056121826,0.010394844226539135,1.608080303668976,1.002988576889038,1.0622127056121826,0.03447765111923218,0.7199008464813232,0.44066154956817627,50000,0,64000,114000
5,12,X2,-4.7174196572171585,2.0669826585799456,1.0030385255813599,0.010284828022122383,0.010271123610436916,1.0329937934875488,0.010394387878477573,1.5969594076275826,1.0030385255813599,1.0329937934875488,0.05376351624727249,0.582487940788269,0.5535014867782593,50000,0,64000,114000
5,13,X5,0.21590771711292156,2.059175548143685,1.0031676292419434,0.010295781306922436,0.010305562987923622,1.0250102281570435,0.01039634644985199,2.2168889179825784,1.0031676292419434,1.0250102281570435,0.06977323442697525,1.0511884689331055,0.6902916431427002,50000,0,64000,114000
5,14,X3,3.7139466789992586,2.05441124830395,1.0032060146331787,0.010309266857802868,0.010255994275212288,1.0202693939208984,0.010370578616857529,2.127954340726137,1.0032060146331787,1.0202693939208984,0.059771228581666946,1.056775689125061,0.6067123413085938,50000,0,64000,114000
5,15,X1,0.14719140206115622,2.0501937866210938,1.0030032396316528,0.01033230870962143,0.010036352090537548,1.016426682472229,0.010395203717052937,2.0254701912403106,1.0030032396316528,1.016426682472229,0.06713065505027771,1.0138320922851562,0.5406214594841003,50000,0,64000,114000
5,16,X4,-3.62628502074101,2.049531977623701,1.0029956102371216,0.010323861613869667,0.0100284768268466,1.0156731605529785,0.010510868392884731,1.2529852293431758,1.0029956102371216,1.0156731605529785,0.07217409461736679,0.7405177354812622,0.03655964508652687,50000,0,64000,114000
5,17,X2,0.0012251067740853827,2.048979874700308,1.0030287504196167,0.010322539135813713,0.00996372103691101,1.0151807069778442,0.010484157130122185,1.1016198180615902,1.0030287504196167,1.0151807069778442,0.08067458868026733,0.5823520421981812,0.03495129570364952,50000,0,64000,114000
5,18,X5,0.4545774106924352,2.048760699108243,1.0031719207763672,0.01031702570617199,0.009947182610630989,1.01492178440094,0.010402785614132881,1.0958690226078034,1.0031719207763672,1.01492178440094,0.02957669459283352,0.6326009631156921,0.03007262386381626,50000,0,64000,114000
5,19,X3,-1.3099945169013538,2.0487374598160386,1.0030903816223145,0.01030282024294138,0.009953446686267853,1.0150046348571777,0.010386176407337189,0.9879388611763716,1.0030903816223145,1.0150046348571777,0.03029102273285389,0.5205502510070801,0.03347858414053917,50000,0,64000,114000
5,20,X1,3.9343356020886695,2.05312243103981,1.0030900239944458,0.010301982052624226,0.014327074401080608,1.0150330066680908,0.010370343923568726,1.0214730620384216,1.0030900239944458,1.0150330066680908,0.03351813182234764,0.5550506711006165,0.02927965298295021,50000,0,64000,114000
5,21,X4,-1.599191494818264,2.0524098072201014,1.0031558275222778,0.01025393232703209,0.013554980978369713,1.0150800943374634,0.010364972054958344,0.9278338439762592,1.0031558275222778,1.0150800943374634,0.028877947479486465,0.48015162348747253,0.01515708863735199,50000,0,64000,114000
5,22,X2,-2.2824861161547974,2.052719702012837,1.0033124685287476,0.010248593986034393,0.013629782013595104,1.015173077583313,0.010355779901146889,0.9426871113479137,1.0033124685287476,1.015173077583313,0.03183424100279808,0.4911058843135834,0.016049876809120178,50000,0,64000,114000
5,23,X5,0.06301486814314661,2.0525220101699233,1.0031200647354126,0.01023844350129366,0.013578889891505241,1.015241026878357,0.010343585163354874,0.898450905457139,1.0031200647354126,1.015241026878357,0.029846927151083946,0.45077136158943176,0.0141603983938694,50000,0,64000,114000
5,24,X3,-2.9672794873643915,2.0524234073236585,1.002848744392395,0.010250912047922611,0.013281665742397308,1.0156880617141724,0.010354023426771164,0.8556511117145419,1.002848744392395,1.0156880617141724,0.03302773833274841,0.4035659730434418,0.01535003911703825,50000,0,64000,114000
6,0,X1,-1.7794277321883598,14.7498887963593,1.0033859014511108,6.344426155090332,2.956132173538208,4.411853790283203,0.03409077599644661,26.426227931678294,1.0033859014511108,4.411853790283203,19.421356201171875,5.801684379577637,0.12013941258192062,50000,0,64000,114000
6,1,X4,-1.0182981906067825,4.918789995834231,1.015677809715271,0.01643740013241768,0.10894836485385895,3.7537477016448975,0.023978719487786293,5.911934936046601,1.015677809715271,3.7537477016448975,0.0668506920337677,4.533054828643799,0.3581443130970001,50000,0,64000,114000
6,2,X2,4.3826248869707705,4.3510891096666455,1.0088757276535034,0.013775431551039219,0.07668156176805496,3.233926773071289,0.017829615622758865,2.730030323565006,1.0088757276535034,3.233926773071289,0.04209939390420914,1.3530431985855103,0.48632723093032837,50000,0,64000,114000
6,3,X5,-4.196381870200742,3.5343816643580794,1.003775954246521,0.010946233756840229,0.05335801839828491,2.451591730117798,0.014709727838635445,2.767582854256034,1.003775954246521,2.451591730117798,0.02306692861020565,1.6719192266464233,0.38152316212654114,50000,0,64000,114000
6,4,X3,-3.0290513109318162,3.225369985215366,1.0038158893585205,0.01058662123978138,0.05311702564358711,2.1445131301879883,0.013337318785488605,2.619455936178565,1.0038158893585205,2.1445131301879883,0.016295036301016808,1.5889239311218262,0.3845711648464203,50000,0,64000,114000
6,5,X1,-3.00500655486322,2.973238575272262,1.0038142204284668,0.010528944432735443,0.05316423624753952,1.892504096031189,0.013227078132331371,2.7681175269186498,1.0038142204284668,1.892504096031189,0.012196842581033707,1.7407758235931396,0.43588119745254517,50000,0,64000,114000
6,6,X4,4.952650136580004,2.602845398709178,1.0053293704986572,0.010347717441618443,0.05348899960517883,1.5233089923858643,0.010370318777859211,2.81220080293715,1.0053293704986572,1.5233089923858643,0.010149950161576271,1.9683057069778442,0.3280174732208252,50000,0,64000,114000
6,7,X2,3.9080870164305175,2.4722848208621144,1.0040268898010254,0.010332660749554634,0.05363647639751434,1.3939677476882935,0.010321046225726604,3.0613100809976457,1.0040268898010254,1.3939677476882935,0.010101954452693462,2.184511184692383,0.3870980143547058,50000,0,64000,114000
6,8,X5,-3.058367053549752,2.372762988321483,1.003584861755371,0.0102941719815135,0.0541909784078598,1.294392704963684,0.010300271213054657,3.283977621048689,1.003584861755371,1.294392704963684,0.009432714432477951,2.367357015609741,0.4475923776626587,50000,0,64000,114000
6,9,X3,0.6462449007427704,2.21999095287174,1.0028501749038696,0.010252699255943298,0.040179211646318436,1.1564887762069702,0.010220090858638287,3.046567778848112,1.0028501749038696,1.1564887762069702,0.01115670707076788,2.2713208198547363,0.33222246170043945,50000,0,64000,114000
6,10,X1,-4.148999705903092,2.171535888686776,1.0028504133224487,0.010270564816892147,0.03617890179157257,1.1119911670684814,0.010244841687381268,2.782628434896469,1.0028504133224487,1.1119911670684814,0.009591668844223022,2.0410661697387695,0.3090022802352905,50000,0,64000,114000
6,11,X4,-1.8297179725959225,2.1265101535245776,1.0028551816940308,0.010288380086421967,0.022584522143006325,1.080538272857666,0.010243796743452549,1.6317675994709133,1.0028551816940308,1.080538272857666,0.010693271644413471,1.0982486009597778,0.10614703595638275,50000,0,64000,114000
6,12,X2,-1.5885575447578204,2.078385731205344,1.0030393600463867,0.010339752770960331,0.010889829136431217,1.0438737869262695,0.010243002325296402,0.964144934155047,1.0030393600463867,1.0438737869262695,0.010273263789713383,0.4089699983596802,0.13551904261112213,50000,0,64000,114000
6,13,X5,0.376819978167684,2.067379533313215,1.0028634071350098,0.010368074290454388,0.010005006566643715,1.03389310836792,0.010249936953186989,0.9360908569768072,1.0028634071350098,1.03389310836792,0.00900424737483263,0.3606974482536316,0.15903785824775696,50000,0,64000,114000
6,14,X3,4.293743214794235,2.0607321755960584,1.0027825832366943,0.010341336950659752,0.009758622385561466,1.0275846719741821,0.010264961048960686,0.8906065756455064,1.0027825832366943,1.0275846719741821,0.011840947903692722,0.34336334466934204,0.12932883203029633,50000,0,64000,114000
6,15,X1,3.0901943099093625,2.054198439233005,1.0028034448623657,0.010312036611139774,0.009610067121684551,1.0212364196777344,0.010236470960080624,0.8157479224726558,1.0028034448623657,1.0212364196777344,0.009631666354835033,0.2786111533641815,0.1226971298456192,50000,0,64000,114000
6,16,X4,0.34183413799449625,2.0527407182380557,1.0028748512268066,0.01032312586903572,0.00958538893610239,1.0197135210037231,0.01024383120238781,0.8848974393680692,1.0028748512268066,1.0197135210037231,0.010702182538807392,0.3231697678565979,0.14650781452655792,50000,0,64000,114000
6,17,X2,2.8608005420783824,2.0517640616744757,1.0028550624847412,0.01032534334808588,0.009531430900096893,1.0188084840774536,0.010243740864098072,0.8057765446603298,1.0028550624847412,1.0188084840774536,0.010170381516218185,0.23765285313129425,0.15362060070037842,50000,0,64000,114000
6,18,X5,-0.1604096224690279,2.0509834634140134,1.0028860569000244,0.01031593605875969,0.009489274583756924,1.018127202987671,0.01016499288380146,0.8275427648797631,1.0028860569000244,1.018127202987671,0.013776102103292942,0.2904173731803894,0.11914663761854172,50000,0,64000,114000
6,19,X3,2.3056032805410105,2.0508110346272588,1.0028165578842163,0.010319367982447147,0.009476126171648502,1.018040418624878,0.01015856396406889,0.8369660928845406,1.0028165578842163,1.018040418624878,0.019159220159053802,0.291216105222702,0.12241937220096588,50000,0,64000,114000
6,20,X1,2.769544424729391,2.0510882306843996,1.0028167963027954,0.010328940115869045,0.00954714510589838,1.0182487964630127,0.010146552696824074,0.7565688092261553,1.0028167963027954,1.0182487964630127,0.022951798513531685,0.22625309228897095,0.10315079987049103,50000,0,64000,114000
6,21,X4,-2.43148261951184,2.051570223644376,1.0028096437454224,0.010341369546949863,0.00951955933123827,1.0187861919403076,0.010113459080457687,0.7574244812130928,1.0028096437454224,1.0187861919403076,0.022826576605439186,0.30436185002326965,0.02591688744723797,50000,0,64000,114000
6,22,X2,3.327770443873531,2.0516299763694406,1.002827763557434,0.010344333946704865,0.009519817307591438,1.0187991857528687,0.010138875804841518,0.7599494341760874,1.002827763557434,1.0187991857528687,0.02648467756807804,0.2971706688404083,0.031968697905540466,50000,0,64000,114000
6,23,X5,0.7794417341911553,2.051501509733498,1.0028389692306519,0.010326948948204517,0.00952987466007471,1.0186576843261719,0.010148032568395138,0.776075317338109,1.0028389692306519,1.0186576843261719,0.025463491678237915,0.318877249956131,0.027435244992375374,50000,0,64000,114000
6,24,X3,-0.13880041684793376,2.0515936631709337,1.0029735565185547,0.010306785814464092,0.009554329328238964,1.0185961723327637,0.010162819176912308,0.7671009838581085,1.0029735565185547,1.0185961723327637,0.02268301695585251,0.3081931471824646,0.03191087394952774,50000,0,64000,114000
7,0,X1,-1.0418668453024127,13.566275114193559,1.0033859014511108,6.71884822845459,1.4089516401290894,4.4127116203308105,0.022377723827958107,28.917529380321504,1.0033859014511108,4.4127116203308105,23.107696533203125,4.1734089851379395,0.553204357624054,50000,0,64000,114000
7,1,X4,-2.758501929019376,4.855408814735711,1.0080773830413818,0.015691222622990608,0.05920584872364998,3.7575483322143555,0.01488602813333273,4.034325653314591,1.0080773830413818,3.7575483322143555,0.05937577784061432,2.9531450271606445,0.06867970526218414,50000,0,64000,114000
7,2,X2,0.012575531375331295,4.278459311462939,1.002794861793518,0.011484558694064617,0.03479616716504097,3.2178843021392822,0.011499421671032906,1.735468578338623,1.002794861793518,3.2178843021392822,0.026271827518939972,0.8142313957214355,0.05082952231168747,50000,0,64000,114000
7,3,X5,-3.7389377050287367,3.434375897049904,1.0034613609313965,0.0104529969394207,0.012504632584750652,2.3971903324127197,0.010766574181616306,1.7042956616729499,1.0034613609313965,2.3971903324127197,0.015781255438923836,0.9725498557090759,0.035834211856126785,50000,0,64000,114000
7,4,X3,1.347827539292025,3.1358980536460876,1.0047129392623901,0.01039720606058836,0.012493041343986988,2.0975561141967773,0.010738752782344818,1.5012421853840352,1.0047129392623901,2.0975561141967773,0.016983576118946075,0.8359373807907104,0.02786741778254509,50000,0,64000,114000
7,5,X1,3.9826825107476704,2.8880826216191053,1.0047121047973633,0.010395397432148457,0.013548827730119228,1.8486723899841309,0.010753901675343513,1.5378127399832011,1.0047121047973633,1.8486723899841309,0.014652920886874199,0.9131780862808228,0.039304833859205246,50000,0,64000,114000
7,6,X4,2.905260294765033,2.527069895528257,1.00304114818573,0.010373941622674465,0.013351946137845516,1.4894462823867798,0.010856577195227146,1.3153904443606734,1.00304114818573,1.4894462823867798,0.015487662516534328,0.7624393105506897,0.03896598517894745,50000,0,64000,114000
7,7,X2,1.0915778555237736,2.4055654564872384,1.0028620958328247,0.010349893011152744,0.01325189508497715,1.3682805299758911,0.010821042582392693,1.5313312724232673,1.0028620958328247,1.3682805299758911,0.016130447387695312,1.0045616626739502,0.03641063719987869,50000,0,64000,114000
7,8,X5,-0.05525578980188506,2.312468545511365,1.0027967691421509,0.010337164625525475,0.013056119903922081,1.2754663228988647,0.010812168940901756,1.4324031617492436,1.0027967691421509,1.2754663228988647,0.01634310744702816,0.9297585487365723,0.030648887157440186,50000,0,64000,114000
7,9,X3,1.9578217405545582,2.184696529060602,1.002856731414795,0.010323422960937023,0.01274509821087122,1.1481455564498901,0.010625720024108887,1.4872023202478886,1.002856731414795,1.1481455564498901,0.016243737190961838,1.0133733749389648,0.027384750545024872,50000,0,64000,114000
7,10,X1,-3.7768367907949063,2.1548239523544908,1.00285804271698,0.010290530510246754,0.022881556302309036,1.1081950664520264,0.01059875637292862,1.6572704568505288,1.00285804271698,1.1081950664520264,0.009558342397212982,1.201164722442627,0.024336770176887512,50000,0,64000,114000
7,11,X4,-4.475646290134959,2.122881365939975,1.0028235912322998,0.0102506373077631,0.01914926804602146,1.0799204111099243,0.010737458243966103,1.342543176189065,1.0028235912322998,1.0799204111099243,0.010241661220788956,0.8925049901008606,0.023247724398970604,50000,0,64000,114000
7,12,X2,3.616470728871338,2.085566472262144,1.002781867980957,0.010213393718004227,0.015425818040966988,1.0465587377548218,0.010586654767394066,1.0695648565888405,1.002781867980957,1.0465587377548218,0.00983608327805996,0.6314154863357544,0.01844516582787037,50000,0,64000,114000
7,13,X5,-1.3815892519292747,2.0744685707613826,1.002781867980957,0.01020803488790989,0.014320720918476582,1.036589503288269,0.010568443685770035,1.0027259692549706,1.002781867980957,1.036589503288269,0.010504880920052528,0.5668203830718994,0.017526431009173393,50000,0,64000,114000
7,14,X3,1.6894729328007223,2.0673501836135983,1.0027977228164673,0.01021171547472477,0.013421392068266869,1.0303900241851807,0.01052932906895876,0.8432540902867913,1.0027977228164673,1.0303900241851807,0.009593884460628033,0.40937939286231995,0.017643263563513756,50000,0,64000,114000
7,15,X1,-0.7923833045731019,2.0594773292541504,1.002784252166748,0.010160371661186218,0.01213768869638443,1.023902177810669,0.01049283891916275,0.8943944590166211,1.002784252166748,1.023902177810669,0.00946174468845129,0.46511003375053406,0.014485394582152367,50000,0,64000,114000
7,16,X4,-1.4132944333110506,2.057347451336682,1.002793788909912,0.010144701227545738,0.011559675447642803,1.0223761796951294,0.010473106056451797,0.8739228948950768,1.002793788909912,1.0223761796951294,0.01011017058044672,0.4459385871887207,0.012840143404901028,50000,0,64000,114000
7,17,X2,2.7028596735780566,2.055910457856953,1.002793550491333,0.01013939268887043,0.01108320988714695,1.02144455909729,0.010449745692312717,0.9034313764423132,1.002793550491333,1.02144455909729,0.01005259808152914,0.4744111895561218,0.014119966886937618,50000,0,64000,114000
7,18,X5,-1.569667174558309,2.053979248739779,1.0030943155288696,0.010174216702580452,0.010554269887506962,1.019718050956726,0.010438395664095879,0.9290224174037576,1.0030943155288696,1.019718050956726,0.010912509635090828,0.49941179156303406,0.014135642908513546,50000,0,64000,114000
7,19,X3,2.537139593993878,2.053233097307384,1.0030394792556763,0.010176928713917732,0.010429536923766136,1.0191558599472046,0.010431292466819286,0.9211725251749158,1.0030394792556763,1.0191558599472046,0.010528496466577053,0.4933071434497833,0.01289781741797924,50000,0,64000,114000
7,20,X1,3.204781263847865,2.0526532288640738,1.0030391216278076,0.010180186480283737,0.010338041931390762,1.0187033414840698,0.010392537340521812,0.9419288039207458,1.0030391216278076,1.0187033414840698,0.009384105913341045,0.5155768990516663,0.012619306333363056,50000,0,64000,114000
7,21,X4,-3.193239466669077,2.052145030349493,1.0027825832366943,0.010181767866015434,0.010152789764106274,1.0185728073120117,0.010455082170665264,0.9516467040404677,1.0027825832366943,1.0185728073120117,0.010600188747048378,0.5257450342178345,0.011030402965843678,50000,0,64000,114000
7,22,X2,4.772304431057595,2.0525698959827423,1.0028215646743774,0.01018537487834692,0.010216434486210346,1.0188463926315308,0.01050012931227684,0.9566352227702737,1.0028215646743774,1.0188463926315308,0.009608498774468899,0.5309620499610901,0.011731082573533058,50000,0,64000,114000
7,23,X5,-4.3755781023483395,2.052520092576742,1.0027835369110107,0.010198538191616535,0.010155851021409035,1.0189759731292725,0.0104061933234334,0.8696541458368301,1.0027835369110107,1.0189759731292725,0.009326447732746601,0.4443776607513428,0.011598135344684124,50000,0,64000,114000
7,24,X3,-0.8527264464396929,2.0523698553442955,1.0028197765350342,0.010203909128904343,0.009896209463477135,1.0190870761871338,0.010362884029746056,1.1225295359268785,1.0028197765350342,1.0190870761871338,0.009689174592494965,0.6973210573196411,0.01113793347030878,50000,0,64000,114000
8,0,X1,0.004747976770938855,10.883781597018242,1.0033859014511108,3.9449424743652344,1.490739345550537,4.413923263549805,0.03079061210155487,28.112420377135276,1.0033859014511108,4.413923263549805,20.83056640625,5.984953880310059,0.2134382575750351,50000,0,64000,114000
8,1,X4,3.2935773524960545,4.891869170591235,1.0090832710266113,0.012864334508776665,0.08413191139698029,3.7629361152648926,0.022853538393974304,3.6647564843297005,1.0090832710266113,3.7629361152648926,0.043233223259449005,2.147050619125366,0.5200687646865845,50000,0,64000,114000
8,2,X2,-3.2512132185450584,4.326302736066282,1.0092484951019287,0.012702210806310177,0.09170306473970413,3.1978654861450195,0.014783479273319244,2.473598174750805,1.0092484951019287,3.1978654861450195,0.06404941529035568,1.3588109016418457,0.20931506156921387,50000,0,64000,114000
8,3,X5,0.5903046858611933,3.40946174133569,1.0059388875961304,0.010725702159106731,0.016471929848194122,2.3639330863952637,0.012392135336995125,2.799077844247222,1.0059388875961304,2.3639330863952637,0.02259061299264431,0.5183461904525757,1.5841666460037231,50000,0,64000,114000
8,4,X3,-1.3148280926675184,3.097723100334406,1.0038141012191772,0.01068174373358488,0.011136306449770927,2.0597336292266846,0.012357319705188274,1.4534818023443221,1.0038141012191772,2.0597336292266846,0.029560968279838562,0.5517193078994751,0.2594919800758362,50000,0,64000,114000
8,5,X1,4.21682844280444,2.8543408922851086,1.0038118362426758,0.010744107887148857,0.016011707484722137,1.8115642070770264,0.012209033593535423,1.5822331491857766,1.0038118362426758,1.8115642070770264,0.02452748455107212,0.809423565864563,0.18520689010620117,50000,0,64000,114000
8,6,X4,-3.7767320939740037,2.4974585426971316,1.0032668113708496,0.01088622398674488,0.014919033274054527,1.4566692113876343,0.011717262677848339,1.2313380636274815,1.0032668113708496,1.4566692113876343,0.03780730441212654,0.6437987089157104,0.05774484574794769,50000,0,64000,114000
8,7,X2,-2.3458393288530734,2.3781249448657036,1.0031620264053345,0.010880166664719582,0.016515128314495087,1.3358947038650513,0.011672919616103172,1.1521464064717293,1.0031620264053345,1.3358947038650513,0.03878312185406685,0.5872973799705505,0.058254558593034744,50000,0,64000,114000
8,8,X5,3.1980258677491165,2.284809147939086,1.0032463073730469,0.010848167352378368,0.016343019902706146,1.242700457572937,0.011671195738017559,1.2731711521744729,1.0032463073730469,1.242700457572937,0.04205285385251045,0.7216419577598572,0.0602869875729084,50000,0,64000,114000
8,9,X3,-1.777659874043497,2.1710307896137238,1.002819299697876,0.010597876273095608,0.015790920704603195,1.1302216053009033,0.011601087637245655,1.178083584085107,1.002819299697876,1.1302216053009033,0.0263515654951334,0.6637336015701294,0.061390236020088196,50000,0,64000,114000
8,10,X1,4.442210523827754,2.13725324627012,1.0028189420700073,0.010599044151604176,0.016888869926333427,1.0961005687713623,0.010845821350812912,1.0690592851489782,1.0028189420700073,1.0961005687713623,0.030414802953600883,0.5622001886367798,0.05666039139032364,50000,0,64000,114000
8,11,X4,-4.483960823270012,2.1129089957103133,1.0027846097946167,0.010541059076786041,0.01682644709944725,1.072144627571106,0.010612252168357372,0.9556054182350636,1.0027846097946167,1.072144627571106,0.032372478395700455,0.4770317077636719,0.031215384602546692,50000,0,64000,114000
8,12,X2,-1.1158184484754416,2.0845657605677843,1.0027973651885986,0.010519900359213352,0.016545899212360382,1.044352412223816,0.010350183583796024,0.8959020722657443,1.0027973651885986,1.044352412223816,0.026591431349515915,0.4432563781738281,0.01662430725991726,50000,0,64000,114000
8,13,X5,-3.9253409605064915,2.0756406327709556,1.0027817487716675,0.010543548502027988,0.015913335606455803,1.0361202955245972,0.010281704366207123,0.7780454587191343,1.0027817487716675,1.0361202955245972,0.0252198688685894,0.32783326506614685,0.01721191592514515,50000,0,64000,114000
8,14,X3,0.7353032205697287,2.0690349033102393,1.0027830600738525,0.010553611442446709,0.015185334719717503,1.0302441120147705,0.010268785059452057,0.8966505032032728,1.0027830600738525,1.0302441120147705,0.02366022951900959,0.4496341049671173,0.01675073429942131,50000,0,64000,114000
8,15,X1,4.631245784933979,2.0614865384995937,1.0028178691864014,0.01047608070075512,0.015393937937915325,1.0225428342819214,0.010255816392600536,0.7866744615137578,1.0028178691864014,1.0225428342819214,0.01753423362970352,0.3459758162498474,0.01809227094054222,50000,0,64000,114000
8,16,X4,-1.753048655191641,2.0575941633433104,1.0027918815612793,0.010429569520056248,0.013715085573494434,1.0204038619995117,0.010253764688968658,0.7283161567524076,1.0027918815612793,1.0204038619995117,0.02018585056066513,0.2924948036670685,0.010996353812515736,50000,0,64000,114000
8,17,X2,1.4683583710657722,2.055727087892592,1.0027871131896973,0.01043070200830698,0.012752944603562355,1.0195120573043823,0.010244270786643028,1.0674340762197971,1.0027871131896973,1.0195120573043823,0.017684733495116234,0.6335086226463318,0.011780885979533195,50000,0,64000,114000
8,18,X5,-2.3408568024002263,2.0533660175278783,1.0030169486999512,0.010335399769246578,0.010738911107182503,1.0190446376800537,0.01023012027144432,1.2366635521873832,1.0030169486999512,1.0190446376800537,0.01037326268851757,0.8115726709365845,0.010305301286280155,50000,0,64000,114000
8,19,X3,-0.6077833799446752,2.0535638174042106,1.0032306909561157,0.01032389234751463,0.010277897119522095,1.019508719444275,0.010222617536783218,1.081390469148755,1.0032306909561157,1.019508719444275,0.01087032537907362,0.6549919843673706,0.010980277322232723,50000,0,64000,114000
8,20,X1,0.71521105945508,2.053667093627155,1.0032318830490112,0.010314657352864742,0.01003899984061718,1.0198332071304321,0.010248346254229546,1.142293362878263,1.0032318830490112,1.0198332071304321,0.010331425815820694,0.7160690426826477,0.011279876343905926,50000,0,64000,114000
8,21,X4,-2.515866909266391,2.053272508084774,1.003139853477478,0.010293611325323582,0.009807608090341091,1.019673228263855,0.010358206927776337,1.26247528064996,1.003139853477478,1.019673228263855,0.01065526157617569,0.8362162709236145,0.011041131801903248,50000,0,64000,114000
8,22,X2,1.9046826999996744,2.0531434696167707,1.0030930042266846,0.010288906283676624,0.009757583029568195,1.0191305875778198,0.01087338849902153,0.8687691209837795,1.0030930042266846,1.0191305875778198,0.01115262508392334,0.4425787329673767,0.010593044571578503,50000,0,64000,114000
8,23,X5,0.009958116334569667,2.0522245466709137,1.003153920173645,0.010274432599544525,0.009752918034791946,1.0188143253326416,0.010228950530290604,0.8762156277894974,1.003153920173645,1.0188143253326416,0.01022542268037796,0.4514109194278717,0.010185636579990387,50000,0,64000,114000
8,24,X3,4.054631957637248,2.0517802825197577,1.0032217502593994,0.010328692384064198,0.009797432459890842,1.0182321071624756,0.010200300253927708,0.7097610462456941,1.0032217502593994,1.0182321071624756,0.00963310245424509,0.28557518124580383,0.010261991061270237,50000,0,64000,114000
9,0,X1,-2.249787275703378,15.41160849109292,1.0033859014511108,6.863950252532959,3.110245704650879,4.41408634185791,0.019940290600061417,26.73892512321472,1.0033859014511108,4.41408634185791,19.34341049194336,5.695035934448242,0.6169842481613159,50000,0,64000,114000
9,1,X4,4.548546302971884,4.8722526747733355,1.003143310546875,0.02456086315214634,0.0665319412946701,3.763662576675415,0.014353983104228973,5.335782596468926,1.003143310546875,3.763662576675415,0.17706124484539032,3.3261091709136963,0.8792510032653809,50000,0,64000,114000
9,2,X2,-3.1779416558638696,4.2719405656680465,1.0148015022277832,0.016842495650053024,0.06023811921477318,3.1663756370544434,0.01368281152099371,2.612055325508118,1.0148015022277832,3.1663756370544434,0.13610383868217468,1.2940945625305176,0.3456214964389801,50000,0,64000,114000
9,3,X5,-4.800877762725952,3.4101363541558385,1.0030043125152588,0.011576912365853786,0.037841442972421646,2.346388339996338,0.011325346305966377,2.348777252435684,1.0030043125152588,2.346388339996338,0.08898887038230896,0.5263314843177795,1.0635783672332764,50000,0,64000,114000
9,4,X3,1.6020466012104002,3.1050647580996156,1.002793550491333,0.011276200413703918,0.027635963633656502,2.052001953125,0.011357090435922146,2.1668551221489905,1.002793550491333,2.052001953125,0.07731012254953384,0.3692311644554138,1.1093547344207764,50000,0,64000,114000
9,5,X1,2.337625185541018,2.8586182687431574,1.0027930736541748,0.011005794629454613,0.020559169352054596,1.8130356073379517,0.011224623769521713,2.24262800142169,1.0027930736541748,1.8130356073379517,0.05777527019381523,0.43070560693740845,1.190981388092041,50000,0,64000,114000
9,6,X4,-0.2267824459742247,2.504983227699995,1.0028059482574463,0.010792071931064129,0.013028471730649471,1.4673759937286377,0.010980742052197456,2.099375256150961,1.0028059482574463,1.4673759937286377,0.05799981579184532,0.4656977355480194,1.0816413164138794,50000,0,64000,114000
9,7,X2,-4.57239929807872,2.385887010022998,1.0034259557724,0.01076421793550253,0.012800492346286774,1.3479171991348267,0.01097914483398199,2.2993766233325004,1.0034259557724,1.3479171991348267,0.05734708160161972,0.4542110860347748,1.3175498247146606,50000,0,64000,114000
9,8,X5,4.981342296444799,2.2908794935792685,1.0030416250228882,0.010682033374905586,0.012037775479257107,1.254191517829895,0.01092654187232256,2.056306904554367,1.0030416250228882,1.254191517829895,0.052644282579422,0.45564621686935425,1.0965697765350342,50000,0,64000,114000
9,9,X3,-3.5844824220358573,2.1713716704398394,1.0027861595153809,0.0106312595307827,0.011200620792806149,1.13595712184906,0.010796508751809597,3.3356079518795014,1.0027861595153809,1.13595712184906,0.05851173400878906,0.43379780650138855,2.4155497550964355,50000,0,64000,114000
9,10,X1,3.7046725578442903,2.136427595280111,1.0027861595153809,0.010589644312858582,0.011609384790062904,1.1006008386611938,0.010841568000614643,3.971113445609808,1.0027861595153809,1.1006008386611938,0.04583507403731346,0.45447036623954773,3.050130605697632,50000,0,64000,114000
9,11,X4,3.9153262929429395,2.111432225443423,1.0027916431427002,0.010538184083998203,0.011610681191086769,1.0756458044052124,0.010845912620425224,3.6497917056083677,1.0027916431427002,1.0756458044052124,0.033309608697891235,0.37531939148902893,2.8254752159118652,50000,0,64000,114000
9,12,X2,-2.7914299370579077,2.0800318717956543,1.0032252073287964,0.010506751015782356,0.011466863565146923,1.0441690683364868,0.010663981549441814,1.4940760999917984,1.0032252073287964,1.0441690683364868,0.03709973394870758,0.3748037815093994,0.6726937294006348,50000,0,64000,114000
9,13,X5,3.639390172969831,2.0712705831974745,1.0032786130905151,0.010491873137652874,0.01140632014721632,1.0354323387145996,0.01066143810749054,1.3734550766646862,1.0032786130905151,1.0354323387145996,0.031191986054182053,0.40260326862335205,0.5319176316261292,50000,0,64000,114000
9,14,X3,-0.36593679308025173,2.0655927481129766,1.0033942461013794,0.010488028638064861,0.011413848958909512,1.0296860933303833,0.010610531084239483,1.429062893986702,1.0033942461013794,1.0296860933303833,0.03129561245441437,0.3822008967399597,0.6089503169059753,50000,0,64000,114000
9,15,X1,3.9958252690142952,2.059868040494621,1.0030252933502197,0.010508348233997822,0.012410535477101803,1.0234053134918213,0.01051854994148016,1.1686412703245879,1.0030252933502197,1.0234053134918213,0.027199668809771538,0.2670958340167999,0.46905964612960815,50000,0,64000,114000
9,16,X4,3.8752340973459916,2.0581288021057844,1.002846598625183,0.01050784531980753,0.012412481009960175,1.021846055984497,0.010515821166336536,1.0914119061082603,1.002846598625183,1.021846055984497,0.030235623940825462,0.28594282269477844,0.3702949285507202,50000,0,64000,114000
9,17,X2,2.742974456058259,2.057128339074552,1.0030709505081177,0.010503500699996948,0.01240493357181549,1.0206338167190552,0.010515137575566769,1.0199902333319186,1.0030709505081177,1.0206338167190552,0.03210786357522011,0.23205694556236267,0.35108447074890137,50000,0,64000,114000
9,18,X5,-2.1128975819238374,2.056659610942006,1.0032436847686768,0.010473426431417465,0.01233178935945034,1.0195484161376953,0.011062294244766235,0.9759426154196262,1.0032436847686768,1.0195484161376953,0.02901710942387581,0.31692272424697876,0.22544436156749725,50000,0,64000,114000
9,19,X3,0.8010482714262022,2.0559372901916504,1.0033226013183594,0.01048789918422699,0.012326416559517384,1.019296407699585,0.010503965429961681,0.9217063792049884,1.0033226013183594,1.019296407699585,0.019992712885141373,0.3481005132198334,0.14908935129642487,50000,0,64000,114000
9,20,X1,4.813135565365696,2.0636808136478066,1.0033221244812012,0.010481206700205803,0.020309673622250557,1.0191302299499512,0.01043757889419794,0.8232041969895363,1.0033221244812012,1.0191302299499512,0.03205157816410065,0.2724192142486572,0.11424293369054794,50000,0,64000,114000
9,21,X4,-1.7937663398799062,2.062825961969793,1.0035659074783325,0.010459992103278637,0.01965017430484295,1.0184797048568726,0.010670183226466179,0.8584260240197182,1.0035659074783325,1.0184797048568726,0.025031961500644684,0.25331351161003113,0.17567142844200134,50000,0,64000,114000
9,22,X2,-1.1349912563281448,2.0624939370900393,1.0036895275115967,0.010456334799528122,0.01955421082675457,1.0180208683013916,0.01077299565076828,0.8369640331715346,1.0036895275115967,1.0180208683013916,0.03017738275229931,0.25662028789520264,0.14582428336143494,50000,0,64000,114000
9,23,X5,1.879893085936124,2.0618928419426084,1.0035762786865234,0.010440699756145477,0.019534798339009285,1.0177544355392456,0.010586629621684551,0.8329124130308628,1.0035762786865234,1.0177544355392456,0.022703547030687332,0.2877601981163025,0.11818252503871918,50000,0,64000,114000
9,24,X3,-4.373643556864027,2.0609877053648233,1.0034531354904175,0.010429822839796543,0.019287601113319397,1.017331600189209,0.010485545732080936,0.9147658027708531,1.0034531354904175,1.017331600189209,0.0333227701485157,0.30985087156295776,0.16743521392345428,50000,0,64000,114000
10,0,X1,-2.4663805004140404,15.355802921578288,1.0033859014511108,6.3919830322265625,3.5165836811065674,4.412931442260742,0.030918864533305168,27.252173405885696,1.0033859014511108,4.412931442260742,19.917665481567383,6.045180797576904,0.2060636579990387,50000,0,64000,114000
10,1,X4,-3.31979624961092,4.92663624510169,1.0183707475662231,0.016369441524147987,0.11297070235013962,3.7585272789001465,0.020398074761033058,4.149999596178532,1.0183707475662231,3.7585272789001465,0.05126287788152695,3.0646395683288574,0.07871754467487335,50000,0,64000,114000
10,2,X2,-0.8394328983406965,4.314715993590653,1.0164815187454224,0.01223034132272005,0.052237823605537415,3.217573642730713,0.016192667186260223,2.389382442831993,1.0164815187454224,3.217573642730713,0.059928569942712784,1.4520505666732788,0.03059227392077446,50000,0,64000,114000
10,3,X5,-0.7502352413977418,3.412828927859664,1.0064228773117065,0.010749521665275097,0.012581581249833107,2.371758222579956,0.011316725052893162,1.981995453312993,1.0064228773117065,2.371758222579956,0.05395623669028282,1.2357149124145508,0.016688084229826927,50000,0,64000,114000
10,4,X3,1.070585475338274,3.0959434024989605,1.0060503482818604,0.010661075823009014,0.012292132712900639,2.056076765060425,0.010863080620765686,1.697987823188305,1.0060503482818604,2.056076765060425,0.04878811538219452,1.016181468963623,0.020592816174030304,50000,0,64000,114000
10,5,X1,-0.03190311239884469,2.843069661408663,1.00605046749115,0.010652930475771427,0.012131624855101109,1.8036166429519653,0.010617995634675026,1.3976753294467925,1.00605046749115,1.8036166429519653,0.0524083711206913,0.7622034549713135,0.02113008126616478,50000,0,64000,114000
10,6,X4,-3.3523046077608463,2.477237395942211,1.0027878284454346,0.010640209540724754,0.011186910793185234,1.4423383474349976,0.010284099727869034,1.3100286219269037,1.0027878284454346,1.4423383474349976,0.05063589662313461,0.7529973983764648,0.017370091751217842,50000,0,64000,114000
10,7,X2,-4.53378928680347,2.353218608535826,1.003070592880249,0.010629897937178612,0.011028893291950226,1.3182531595230103,0.010236064903438091,1.176042491570115,1.003070592880249,1.3182531595230103,0.046734295785427094,0.6453624367713928,0.019681008532643318,50000,0,64000,114000
10,8,X5,0.24772198244396382,2.2594688339158893,1.0028045177459717,0.010404876433312893,0.010867273434996605,1.2251733541488647,0.01021881215274334,1.101138613000512,1.0028045177459717,1.2251733541488647,0.033510979264974594,0.6012963652610779,0.020735694095492363,50000,0,64000,114000
10,9,X3,2.6385668468939425,2.1448426442220807,1.002995252609253,0.010330279357731342,0.010637577623128891,1.1106921434402466,0.010187391191720963,0.985684996470809,1.002995252609253,1.1106921434402466,0.025801358744502068,0.5179188251495361,0.01922733336687088,50000,0,64000,114000
10,10,X1,4.268939013125863,2.1175363501533866,1.0029962062835693,0.010327146388590336,0.0154868233948946,1.078562617301941,0.010163556784391403,1.0107841664925217,1.0029962062835693,1.078562617301941,0.016465235501527786,0.5629968643188477,0.01501030195504427,50000,0,64000,114000
10,11,X4,3.396383240376201,2.095507012680173,1.0030630826950073,0.010311923921108246,0.015567201189696789,1.0564035177230835,0.010161287151277065,1.0405062593519687,1.0030630826950073,1.0564035177230835,0.0199369378387928,0.5912814140319824,0.01739458739757538,50000,0,64000,114000
10,12,X2,-1.972471959900953,2.070755955763161,1.0038483142852783,0.010324891656637192,0.01538002211600542,1.0310271978378296,0.01017552986741066,0.8037655975669622,1.0038483142852783,1.0310271978378296,0.01906014233827591,0.361011266708374,0.016719086095690727,50000,0,64000,114000
10,13,X5,3.6567324307756373,2.0640380391851068,1.0036356449127197,0.010321174748241901,0.015395178459584713,1.024503231048584,0.010182810015976429,0.8487790433689952,1.0036356449127197,1.024503231048584,0.015040227212011814,0.41152241826057434,0.016588622704148293,50000,0,64000,114000
10,14,X3,-0.32608455239709766,2.060140024870634,1.0036122798919678,0.010324188508093357,0.015434213913977146,1.0205786228179932,0.010190719738602638,0.8105904221534729,1.0036122798919678,1.0205786228179932,0.014435185119509697,0.3759300410747528,0.015387015417218208,50000,0,64000,114000
10,15,X1,-2.175529708876428,2.0566499633714557,1.0034334659576416,0.010351357981562614,0.015506136231124401,1.0170743465423584,0.010284656658768654,0.74313834477216,1.0034334659576416,1.0170743465423584,0.013353482820093632,0.30931827425956726,0.01636502519249916,50000,0,64000,114000
10,16,X4,-4.078412718830409,2.05588008556515,1.0034300088882446,0.010347913950681686,0.015564411878585815,1.0162564516067505,0.010281299240887165,0.8025684662163258,1.0034300088882446,1.0162564516067505,0.013025585561990738,0.36574211716651917,0.019863471388816833,50000,0,64000,114000
10,17,X2,-0.572875841493806,2.055431974120438,1.0035412311553955,0.01034518238157034,0.015493486076593399,1.0157783031463623,0.010273771360516548,0.6832644669339061,1.0035412311553955,1.0157783031463623,0.012468971312046051,0.25530290603637695,0.011628682725131512,50000,0,64000,114000
10,18,X5,0.44961359779561416,2.0551015436649323,1.0039576292037964,0.010325351729989052,0.015371051616966724,1.015142560005188,0.0103049511089921,0.6684822849929333,1.0039576292037964,1.015142560005188,0.013033097609877586,0.23910851776599884,0.012520631775259972,50000,0,64000,114000
10,19,X3,-2.207006304906715,2.05542054772377,1.0045729875564575,0.010308424010872841,0.015329759567975998,1.0149163007736206,0.010293075814843178,0.6500772139057517,1.0045729875564575,1.0149163007736206,0.013178111985325813,0.22313369810581207,0.009867546148598194,50000,0,64000,114000
10,20,X1,-3.0470117538640973,2.0550318667665124,1.0045762062072754,0.010304762050509453,0.015053970739245415,1.014793872833252,0.010303054936230183,0.6880176881328226,1.0045762062072754,1.014793872833252,0.011691058985888958,0.26080748438835144,0.011645128950476646,50000,0,64000,114000
10,21,X4,4.408904680768643,2.0555820325389504,1.0052672624588013,0.01029568538069725,0.014925817027688026,1.0148221254348755,0.010271142236888409,0.6578822245821356,1.0052672624588013,1.0148221254348755,0.012505685910582542,0.2319248616695404,0.009433799423277378,50000,0,64000,114000
10,22,X2,-4.322250810601712,2.055358615703881,1.0049775838851929,0.010302816517651081,0.014902587980031967,1.0149072408676147,0.010268386453390121,0.6377955509349704,1.0049775838851929,1.0149072408676147,0.01097035501152277,0.21247050166130066,0.010377729311585426,50000,0,64000,114000
10,23,X5,4.39392256680005,2.055088259279728,1.0045143365859985,0.010305754840373993,0.014993933029472828,1.0150316953659058,0.010242539457976818,0.6540701249614358,1.0045143365859985,1.0150316953659058,0.010919875465333462,0.22965070605278015,0.009590337052941322,50000,0,64000,114000
10,24,X3,-0.9358704240792619,2.055519978515804,1.004899263381958,0.010304084978997707,0.01480638887733221,1.0152119398117065,0.010298301465809345,0.6546420441940427,1.004899263381958,1.0152119398117065,0.010891948826611042,0.22927795350551605,0.010449901223182678,50000,0,64000,114000
11,0,X1,2.915177900236534,8.77862404473126,1.0033859014511108,2.655273199081421,0.6846226453781128,4.413879871368408,0.02146242745220661,21.683726286888124,1.0033859014511108,4.413879871368408,12.804952621459961,7.184055328369141,0.6112651824951172,50000,0,64000,114000
11,1,X4,-3.890519510198244,4.843151541426778,1.0030364990234375,0.013768760487437248,0.0380067452788353,3.7627432346343994,0.02559630200266838,5.323549897223711,1.0030364990234375,3.7627432346343994,0.023219604045152664,3.9950850009918213,0.3520893454551697,50000,0,64000,114000
11,2,X2,0.7000764036669729,4.277022380381823,1.0151381492614746,0.013319529592990875,0.017060700803995132,3.2156448364257812,0.01585916429758072,2.4344386979937553,1.0151381492614746,3.2156448364257812,0.023302845656871796,1.329685926437378,0.23529332876205444,50000,0,64000,114000
11,3,X5,2.6169622431761397,3.3798852171748877,1.0031235218048096,0.01061973161995411,0.011891765519976616,2.343278646469116,0.01097155176103115,2.1573950914666056,1.0031235218048096,2.343278646469116,0.011627118103206158,1.3542040586471558,0.12228348106145859,50000,0,64000,114000
11,4,X3,-0.639882719718555,3.0655068196356297,1.0031518936157227,0.010487756691873074,0.011306008324027061,2.030130624771118,0.010430536232888699,2.2583701692521574,1.0031518936157227,2.030130624771118,0.013066228479146957,1.524188756942749,0.11445868015289307,50000,0,64000,114000
11,5,X1,-1.4353375767284824,2.8106429735198617,1.0031516551971436,0.010394574142992496,0.011037304066121578,1.7757477760314941,0.010311664082109928,2.2353969829156997,1.0031516551971436,1.7757477760314941,0.01213925052434206,1.565328598022461,0.10214924812316895,50000,0,64000,114000
11,6,X4,-0.06781189631219853,2.4579815668985248,1.002888798713684,0.010389991104602814,0.010789169929921627,1.4236301183700562,0.010283488780260086,2.5210212083533405,1.002888798713684,1.4236301183700562,0.011410106904804707,1.9303218126296997,0.09398550540208817,50000,0,64000,114000
11,7,X2,-3.055400853633098,2.344070234335959,1.0032728910446167,0.01040330808609724,0.010651810094714165,1.309421420097351,0.010320805013179779,1.1910868106409906,1.0032728910446167,1.309421420097351,0.010385300032794476,0.6268371939659119,0.09132545441389084,50000,0,64000,114000
11,8,X5,-2.883699463535545,2.256908698938787,1.0030099153518677,0.010431092232465744,0.010502605699002743,1.2226396799087524,0.01032540574669838,1.0751493295654655,1.0030099153518677,1.2226396799087524,0.010577402077615261,0.521064817905426,0.09837719053030014,50000,0,64000,114000
11,9,X3,-2.58688472417015,2.1494863405823708,1.004690170288086,0.010425508953630924,0.010343953035771847,1.1135663986206055,0.01046030968427658,1.114006574638188,1.004690170288086,1.1135663986206055,0.013284561224281788,0.5853021144866943,0.09176858514547348,50000,0,64000,114000
11,10,X1,-4.624433424735138,2.1307895267382264,1.004698634147644,0.010403702966868877,0.02331559732556343,1.081851840019226,0.010519752278923988,1.1551695032045246,1.004698634147644,1.081851840019226,0.010533946566283703,0.649433434009552,0.07789202779531479,50000,0,64000,114000
11,11,X4,4.100241304052979,2.1040645632892847,1.0045487880706787,0.010393745265901089,0.018519816920161247,1.0600202083587646,0.01058200467377901,1.1597488587722182,1.0045487880706787,1.0600202083587646,0.011042273603379726,0.6484026312828064,0.08739015460014343,50000,0,64000,114000
11,12,X2,-4.2656007853410625,2.074902191758156,1.0038878917694092,0.010385064408183098,0.014718090184032917,1.0354912281036377,0.010419917292892933,0.9238489914685488,1.0038878917694092,1.0354912281036377,0.011825086548924446,0.4401343762874603,0.06401370465755463,50000,0,64000,114000
11,13,X5,4.271381201286816,2.066410512663424,1.003673791885376,0.010383821092545986,0.01327267475426197,1.02864670753479,0.010433517396450043,0.880799688398838,1.003673791885376,1.02864670753479,0.00998641550540924,0.3997843563556671,0.06456481665372849,50000,0,64000,114000
11,14,X3,-4.890438660068578,2.060948093421757,1.0034953355789185,0.010388313792645931,0.012440795078873634,1.024206519126892,0.010417129844427109,0.7986649625003338,1.0034953355789185,1.024206519126892,0.009569056332111359,0.3303379416465759,0.05321759358048439,50000,0,64000,114000
11,15,X1,1.5621344985007717,2.05537982378155,1.0037360191345215,0.010445429012179375,0.011660969816148281,1.0191470384597778,0.010390367358922958,0.7738621214404702,1.0037360191345215,1.0191470384597778,0.010637172497808933,0.31729671359062195,0.041351623833179474,50000,0,64000,114000
11,16,X4,0.4692763112448075,2.0539609901607037,1.003736972808838,0.010446382686495781,0.011519767343997955,1.0178533792495728,0.010404488071799278,0.8054254719987513,1.003736972808838,1.0178533792495728,0.009684775955975056,0.34690865874290466,0.044513966888189316,50000,0,64000,114000
11,17,X2,-4.581582998881331,2.0527860671281815,1.0036616325378418,0.010450370609760284,0.011276519857347012,1.0169912576675415,0.01040628645569086,0.7002658229321241,1.0036616325378418,1.0169912576675415,0.010259298607707024,0.24803195893764496,0.037843987345695496,50000,0,64000,114000
11,18,X5,4.4146677290299206,2.0520129138603806,1.0039891004562378,0.010449180379509926,0.01076243445277214,1.0164120197296143,0.010400178842246532,0.7628475593402982,1.0039891004562378,1.0164120197296143,0.011004039086401463,0.3110825717449188,0.03668072447180748,50000,0,64000,114000
11,19,X3,2.3076926087407763,2.051568631082773,1.003724217414856,0.010434789583086967,0.010587215423583984,1.0163847208023071,0.01043768785893917,0.7917450165376068,1.003724217414856,1.0163847208023071,0.00964753981679678,0.339285671710968,0.0387900173664093,50000,0,64000,114000
11,20,X1,3.791311968333771,2.051738535054028,1.0037232637405396,0.010420862585306168,0.010711358860135078,1.0164237022399902,0.010459347628057003,0.744780296087265,1.0037232637405396,1.0164237022399902,0.010281316936016083,0.2990734279155731,0.031396158039569855,50000,0,64000,114000
11,21,X4,-0.6433616057913492,2.051097539253533,1.003808856010437,0.010369270108640194,0.010432317852973938,1.0160315036773682,0.010455591604113579,0.7442293431609869,1.003808856010437,1.0160315036773682,0.010811572894454002,0.29331493377685547,0.036134764552116394,50000,0,64000,114000
11,22,X2,-2.0861683095121366,2.0508483424782753,1.003976821899414,0.010364385321736336,0.010259916074573994,1.015770673751831,0.010476545430719852,0.6245224233716726,1.003976821899414,1.015770673751831,0.010850025340914726,0.17371295392513275,0.03600994497537613,50000,0,64000,114000
11,23,X5,-3.1407204788785705,2.0509497420862317,1.0043569803237915,0.010356946848332882,0.010184982791543007,1.0155521631240845,0.010498668998479843,0.6044971203431487,1.0043569803237915,1.0155521631240845,0.010928391478955746,0.15818090736865997,0.031405992805957794,50000,0,64000,114000
11,24,X3,-3.872805067707005,2.0503376089036465,1.0041813850402832,0.010342057794332504,0.010112256743013859,1.0151969194412231,0.010504989884793758,0.5743392694741487,1.0041813850402832,1.0151969194412231,0.009216545149683952,0.1258169263601303,0.03543013706803322,50000,0,64000,114000
12,0,X1,1.709498512970625,7.8460113778710365,1.0033859014511108,1.4991278648376465,0.8939369916915894,4.413013458251953,0.036547161638736725,16.81517589986324,1.0033859014511108,4.413013458251953,8.884194374084473,6.687870025634766,0.15983162820339203,50000,0,64000,114000
12,1,X4,3.217967921854113,4.889603751711547,1.0037692785263062,0.011501656845211983,0.10184984654188156,3.7588918209075928,0.013591148890554905,5.542779718711972,1.0037692785263062,3.7588918209075928,0.029871569946408272,3.9286465644836426,0.6317293643951416,50000,0,64000,114000
12,2,X2,-2.8798888984698667,4.310537355951965,1.0053884983062744,0.011637730523943901,0.0745796486735344,3.2052652835845947,0.01366619486361742,3.067108340933919,1.0053884983062744,3.2052652835845947,0.028935523703694344,1.522937297821045,0.6731047630310059,50000,0,64000,114000
12,3,X5,-4.740337077627813,3.4123178254812956,1.0038212537765503,0.010470000095665455,0.0172396469861269,2.369182586669922,0.011604337953031063,2.1266212437301872,1.0038212537765503,2.369182586669922,0.01316971518099308,1.008935570716858,0.429915189743042,50000,0,64000,114000
12,4,X3,-1.384671867931122,3.0965634137392044,1.0029062032699585,0.010364874266088009,0.014454382471740246,2.057356357574463,0.011481596156954765,2.94782978836447,1.0029062032699585,2.057356357574463,0.013513856567442417,0.993124783039093,1.3291386365890503,50000,0,64000,114000
12,5,X1,-3.471253256060521,2.8470929358154535,1.002905011177063,0.010404033586382866,0.01951715722680092,1.802881121635437,0.011385612189769745,2.8493504282087088,1.002905011177063,1.802881121635437,0.010279392823576927,1.0046342611312866,1.2732795476913452,50000,0,64000,114000
12,6,X4,-2.7506602246844514,2.482726571150124,1.0028574466705322,0.010478749871253967,0.015248449519276619,1.443325400352478,0.010816524736583233,1.701811102591455,1.0028574466705322,1.443325400352478,0.01002757903188467,1.1324174404144287,0.07012951374053955,50000,0,64000,114000
12,7,X2,-2.7795031286363825,2.3590862341225147,1.0027908086776733,0.010468394495546818,0.014665785245597363,1.3204045295715332,0.010756716132164001,2.1946129463613033,1.0027908086776733,1.3204045295715332,0.01005854457616806,1.6647807359695435,0.055134598165750504,50000,0,64000,114000
12,8,X5,1.624214121703437,2.266615077853203,1.0028483867645264,0.010469852946698666,0.013969899155199528,1.2285701036453247,0.010756835341453552,1.8767605544999242,1.0028483867645264,1.2285701036453247,0.010000673122704029,1.3682200908660889,0.05225609242916107,50000,0,64000,114000
12,9,X3,-0.653967902759204,2.152049475349486,1.003692865371704,0.010444109328091145,0.012911956757307053,1.1143814325332642,0.010619111359119415,1.6903814170509577,1.003692865371704,1.1143814325332642,0.010725105181336403,1.1908278465270996,0.06521360576152802,50000,0,64000,114000
12,10,X1,0.6048546872256786,2.1177781149744987,1.0036884546279907,0.010442182421684265,0.012478627264499664,1.0805853605270386,0.010583490133285522,1.4491195414215325,1.0036884546279907,1.0805853605270386,0.010271245613694191,0.9679981470108032,0.05399538576602936,50000,0,64000,114000
12,11,X4,-1.0991317721405167,2.0940952925011516,1.003668189048767,0.010433350689709187,0.012124023400247097,1.0572763681411743,0.010593361221253872,1.4382039062678813,1.003668189048767,1.0572763681411743,0.009768236428499222,0.9526668787002563,0.06357987970113754,50000,0,64000,114000
12,12,X2,4.83670837462946,2.068660789169371,1.0042716264724731,0.010453696362674236,0.012022336944937706,1.0314090251922607,0.010504104197025299,1.2601824386045337,1.0042716264724731,1.0314090251922607,0.010930645279586315,0.7783055901527405,0.0638100728392601,50000,0,64000,114000
12,13,X5,-0.030666227009858993,2.0619632620364428,1.004276156425476,0.010450993664562702,0.011841007508337498,1.0248936414718628,0.01050146296620369,1.291488346643746,1.004276156425476,1.0248936414718628,0.010463100858032703,0.8162884712219238,0.058902814984321594,50000,0,64000,114000
12,14,X3,-4.574053936691151,2.0578909795731306,1.0044124126434326,0.010448324494063854,0.011652420274913311,1.020884394645691,0.010493427515029907,1.1479490805417298,1.0044124126434326,1.020884394645691,0.009738834574818611,0.6836279034614563,0.04952298104763031,50000,0,64000,114000
12,15,X1,-3.607773447361171,2.054294550791383,1.0048643350601196,0.010377050377428532,0.011636622250080109,1.0169354677200317,0.010481075383722782,1.2351185107603668,1.0048643350601196,1.0169354677200317,0.010512546636164188,0.7677162885665894,0.0525297150015831,50000,0,64000,114000
12,16,X4,2.312208542262467,2.053035045042634,1.0048017501831055,0.010376901365816593,0.011289766058325768,1.0160858631134033,0.01048076432198286,1.2198299853131176,1.0048017501831055,1.0160858631134033,0.010222411714494228,0.7504482269287109,0.05498182401061058,50000,0,64000,114000
12,17,X2,4.126274221155041,2.052581537514925,1.0051326751708984,0.010375476442277431,0.011072924360632896,1.0155576467514038,0.010442814789712429,1.0937075646594168,1.0051326751708984,1.0155576467514038,0.009979595430195332,0.6328917145729065,0.0466981902718544,50000,0,64000,114000
12,18,X5,-3.740212014168173,2.051838538609445,1.0055134296417236,0.010372374206781387,0.01054021529853344,1.0149885416030884,0.010423977859318256,1.0540042113512755,1.0055134296417236,1.0149885416030884,0.01052330993115902,0.5843472480773926,0.055033259093761444,50000,0,64000,114000
12,19,X3,-0.39895609569014834,2.051456768065691,1.0054198503494263,0.010378260165452957,0.010389819741249084,1.014825463294983,0.010443374514579773,1.108298698067665,1.0054198503494263,1.014825463294983,0.01044037938117981,0.6494367718696594,0.04437248408794403,50000,0,64000,114000
12,20,X1,3.62150865442184,2.0520012071356177,1.0054199695587158,0.010386980138719082,0.011107837781310081,1.0146822929382324,0.010404126718640327,1.0899944255128502,1.0054199695587158,1.0146822929382324,0.009884406812489033,0.6136517524719238,0.062437813729047775,50000,0,64000,114000
12,21,X4,0.5180021088279521,2.05159227643162,1.005301594734192,0.01037828903645277,0.010913916863501072,1.0146182775497437,0.010380198247730732,1.0588622955605387,1.005301594734192,1.0146182775497437,0.011232017539441586,0.5881261229515076,0.055520180612802505,50000,0,64000,114000
12,22,X2,-4.825774323565418,2.0512449461966753,1.0047407150268555,0.01036998350173235,0.011152614839375019,1.0146089792251587,0.010372653603553772,0.8844948092475534,1.0047407150268555,1.0146089792251587,0.01040105614811182,0.42246511578559875,0.04775869846343994,50000,0,64000,114000
12,23,X5,0.20872260279999022,2.0508429957553744,1.004703402519226,0.010362002067267895,0.010806012898683548,1.0146069526672363,0.010364625602960587,0.896418173611164,1.004703402519226,1.0146069526672363,0.010919492691755295,0.43171218037605286,0.04992442950606346,50000,0,64000,114000
12,24,X3,-2.112434181362918,2.0506666097790003,1.0045034885406494,0.010321172885596752,0.010634089820086956,1.0146130323410034,0.010594826191663742,0.8854411274194718,1.0045034885406494,1.0146130323410034,0.009381048381328583,0.4196840822696686,0.05255269259214401,50000,0,64000,114000
13,0,X1,-2.866265521154834,15.937562614679337,1.0033859014511108,5.424355506896973,5.01474142074585,4.4132490158081055,0.08183076977729797,22.03836347460747,1.0033859014511108,4.4132490158081055,14.113978385925293,6.526288032531738,0.31477007269859314,50000,0,64000,114000
13,1,X4,4.366176653447409,4.928303239867091,1.0129845142364502,0.019609568640589714,0.11989665776491165,3.7599360942840576,0.015876404941082,6.158565916121006,1.0129845142364502,3.7599360942840576,0.043108560144901276,4.449169635772705,0.7117035984992981,50000,0,64000,114000
13,2,X2,-3.9427305379122455,4.358860287815332,1.024896264076233,0.017930012196302414,0.08908606320619583,3.211792230606079,0.015155717730522156,2.9487057946622373,1.024896264076233,3.211792230606079,0.05313565954566002,1.615141749382019,0.4330906867980957,50000,0,64000,114000
13,3,X5,3.2970048401646217,3.457060786895454,1.0059694051742554,0.011540825478732586,0.055591803044080734,2.3722283840179443,0.011730369180440903,3.2470569062978027,1.0059694051742554,2.3722283840179443,0.028309838846325874,1.8638155460357666,0.6792919635772705,50000,0,64000,114000
13,4,X3,2.5300974469525173,3.1487717796117067,1.0111123323440552,0.010858803056180477,0.05415264889597893,2.060943841934204,0.011704153381288052,3.2017809562385082,1.0111123323440552,2.060943841934204,0.02308274433016777,2.16340970993042,0.4008772671222687,50000,0,64000,114000
13,5,X1,0.92823175075912,2.8966840859502554,1.0110957622528076,0.01070474460721016,0.053246356546878815,1.8100080490112305,0.011629173532128334,2.274702359363437,1.0110957622528076,1.8100080490112305,0.025172630324959755,1.6506712436676025,0.03463772311806679,50000,0,64000,114000
13,6,X4,-1.7513576346534157,2.537943633273244,1.008379340171814,0.010564200580120087,0.04972972720861435,1.4577664136886597,0.011503951624035835,2.164956856518984,1.008379340171814,1.4577664136886597,0.02162163332104683,1.5235637426376343,0.126542329788208,50000,0,64000,114000
13,7,X2,-4.172295273802405,2.4160026935860515,1.008871078491211,0.01054267305880785,0.04739739000797272,1.3377262353897095,0.011465316638350487,2.2641898710280657,1.008871078491211,1.3377262353897095,0.02293565310537815,1.6594607830047607,0.1124739721417427,50000,0,64000,114000
13,8,X5,1.6874515418671887,2.3217184403911233,1.0090556144714355,0.010514297522604465,0.044248078018426895,1.2464406490325928,0.011459801346063614,2.0245470575988294,1.0090556144714355,1.2464406490325928,0.022633884102106094,1.4482802152633667,0.10253370553255081,50000,0,64000,114000
13,9,X3,4.592257468721527,2.1711029335856438,1.0081485509872437,0.010461974889039993,0.01100169774144888,1.1299606561660767,0.011530053801834583,1.6236234940588474,1.0081485509872437,1.1299606561660767,0.019152585417032242,1.0677049160003662,0.10914415121078491,50000,0,64000,114000
13,10,X1,-3.2020334587402854,2.1370589518919587,1.0081307888031006,0.010463193990290165,0.011139484122395515,1.0958696603775024,0.011455824598670006,1.5930980257689953,1.0081307888031006,1.0958696603775024,0.01329103484749794,1.0450884103775024,0.1139184907078743,50000,0,64000,114000
13,11,X4,-3.7385302874198034,2.1140070892870426,1.0092124938964844,0.010433939285576344,0.011008955538272858,1.071823000907898,0.011528699658811092,1.279660421051085,1.0092124938964844,1.071823000907898,0.012614442966878414,0.8369423747062683,0.013896504417061806,50000,0,64000,114000
13,12,X2,-0.2483583882024547,2.0869728242978454,1.0098915100097656,0.010373036377131939,0.010638037696480751,1.044539451599121,0.011530788615345955,0.8878396028652787,1.0098915100097656,1.044539451599121,0.01154249720275402,0.450991153717041,0.01441975962370634,50000,0,64000,114000
13,13,X5,3.5135722803155627,2.081215721555054,1.0117456912994385,0.0103690754622221,0.010539465583860874,1.037057876586914,0.011503612622618675,0.8551005460321903,1.0117456912994385,1.037057876586914,0.013349054381251335,0.41823604702949524,0.01375473104417324,50000,0,64000,114000
13,14,X3,-4.946847024368793,2.0753023959696293,1.0122517347335815,0.010360486805438995,0.010454291477799416,1.0316907167434692,0.010545166209340096,0.8403235843405128,1.0122517347335815,1.0316907167434692,0.012899789027869701,0.4037092924118042,0.014926012605428696,50000,0,64000,114000
13,15,X1,2.8883369858578813,2.067411637865007,1.0107169151306152,0.01033322885632515,0.010208385065197945,1.0255675315856934,0.010585577227175236,0.8087267477065325,1.0107169151306152,1.0255675315856934,0.013590413145720959,0.3738569915294647,0.01402245368808508,50000,0,64000,114000
13,16,X4,-4.136933883203183,2.065786613151431,1.010563850402832,0.010319818742573261,0.01015540398657322,1.0241694450378418,0.010578094981610775,0.741419268772006,1.010563850402832,1.0241694450378418,0.013111471198499203,0.3069226145744324,0.014438523910939693,50000,0,64000,114000
13,17,X2,-4.677088998391379,2.065131327137351,1.0111724138259888,0.010315309278666973,0.010124005377292633,1.0229071378707886,0.010612460784614086,0.8341544480994344,1.0111724138259888,1.0229071378707886,0.011844662018120289,0.3982253968715668,0.017268478870391846,50000,0,64000,114000
13,18,X5,-3.5359081462716357,2.0638776514679193,1.0118266344070435,0.010278033092617989,0.010095586068928242,1.0211013555526733,0.010576042346656322,0.7864225074648857,1.0118266344070435,1.0211013555526733,0.013275065459311008,0.35278674960136414,0.013775094412267208,50000,0,64000,114000
13,19,X3,-0.4239369608308863,2.0628116577863693,1.011338472366333,0.010282186791300774,0.01009836234152317,1.0205200910568237,0.010572545230388641,0.7870604582130909,1.011338472366333,1.0205200910568237,0.013079163618385792,0.35492902994155884,0.01268055196851492,50000,0,64000,114000
13,20,X1,4.369600355686323,2.0678134243935347,1.0113369226455688,0.010282577015459538,0.015727685764431953,1.0199079513549805,0.010558287613093853,0.8131542338058353,1.0113369226455688,1.0199079513549805,0.011135793291032314,0.38439807295799255,0.011371392756700516,50000,0,64000,114000
13,21,X4,1.6130563173194048,2.063217402435839,1.0093011856079102,0.010278397239744663,0.014024539850652218,1.019052505493164,0.010560774244368076,0.849082949012518,1.0093011856079102,1.019052505493164,0.012225715443491936,0.4186999499797821,0.012486545369029045,50000,0,64000,114000
13,22,X2,-4.403745304318535,2.0611353954300284,1.00819730758667,0.010277164168655872,0.013223937712609768,1.0188509225845337,0.010586063377559185,0.799468294531107,1.00819730758667,1.0188509225845337,0.011284383945167065,0.3721431791782379,0.010631085373461246,50000,0,64000,114000
13,23,X5,-3.4830253486047313,2.0599196050316095,1.0074775218963623,0.010291023179888725,0.012558621354401112,1.0189985036849976,0.010593934915959835,0.7827372847124934,1.0074775218963623,1.0189985036849976,0.01236029900610447,0.3522907495498657,0.012791031040251255,50000,0,64000,114000
13,24,X3,-0.38665408673161394,2.0598397655412555,1.0079491138458252,0.01027950830757618,0.011498832143843174,1.019541621208191,0.010570690035820007,0.7734417505562305,1.0079491138458252,1.019541621208191,0.012183132581412792,0.3442974388599396,0.011463032104074955,50000,0,64000,114000
14,0,X1,-4.097126488810052,18.117161866277456,1.0033859014511108,8.205641746520996,4.478842735290527,4.412988185882568,0.016303297132253647,24.74936923980713,1.0033859014511108,4.412988185882568,16.775087356567383,6.542361736297607,0.34864532947540283,50000,0,64000,114000
14,1,X4,1.6834960908575702,5.018995597958565,1.0070909261703491,0.013263349421322346,0.22596575319766998,3.7587761878967285,0.013899381272494793,5.8572503110393885,1.0070909261703491,3.7587761878967285,0.014844550751149654,4.570311069488525,0.3189212679862976,50000,0,64000,114000
14,2,X2,-1.4106708437596005,4.407163372263312,1.0038245916366577,0.011360260657966137,0.17538173496723175,3.2028985023498535,0.013698282651603222,3.4167694566771387,1.0038245916366577,3.2028985023498535,0.012173610739409924,2.1562654972076416,0.40698572993278503,50000,0,64000,114000
14,3,X5,4.560769260825099,3.450996852479875,1.0107874870300293,0.01083997543901205,0.05356622487306595,2.3647725582122803,0.011030606925487518,3.1854604687541723,1.0107874870300293,2.3647725582122803,0.012692442163825035,2.0860934257507324,0.41156259179115295,50000,0,64000,114000
14,4,X3,3.197005331989317,3.138971708714962,1.0119755268096924,0.010531282983720303,0.04435526952147484,2.0612974166870117,0.010812212713062763,2.616965549252927,1.0119755268096924,2.0612974166870117,0.012799068354070187,1.7642806768417358,0.22523121535778046,50000,0,64000,114000
14,5,X1,3.1690722882108133,2.9196552988141775,1.011980414390564,0.010594137944281101,0.07047456502914429,1.8159600496292114,0.010646131820976734,2.209667888842523,1.011980414390564,1.8159600496292114,0.01255717035382986,1.5072441101074219,0.12427851557731628,50000,0,64000,114000
14,6,X4,-2.648669646324585,2.5149062098935246,1.0066694021224976,0.010372948832809925,0.023427143692970276,1.4639049768447876,0.01053173840045929,2.082661660388112,1.0066694021224976,1.4639049768447876,0.010265892371535301,1.5463283061981201,0.03195258602499962,50000,0,64000,114000
14,7,X2,-0.6869914873348657,2.393306472338736,1.007431983947754,0.010363140143454075,0.019600514322519302,1.3454285860061646,0.010482247918844223,1.6668858816847205,1.007431983947754,1.3454285860061646,0.010438344441354275,1.1522823572158813,0.0335930660367012,50000,0,64000,114000
14,8,X5,1.7158600794528809,2.301640847697854,1.0084317922592163,0.010341639630496502,0.01774780824780464,1.2546780109405518,0.010441596619784832,1.632697008177638,1.0084317922592163,1.2546780109405518,0.009335139766335487,1.124692678451538,0.04604722931981087,50000,0,64000,114000
14,9,X3,-4.105969319099363,2.1775611359626055,1.0043874979019165,0.010320713743567467,0.01515134610235691,1.1371722221374512,0.010529356077313423,1.491748065687716,1.0043874979019165,1.1371722221374512,0.010518488474190235,1.013427972793579,0.039489660412073135,50000,0,64000,114000
14,10,X1,-4.904585309946113,2.140187102369964,1.004384994506836,0.01033991202712059,0.014244276098906994,1.100457787513733,0.010760132223367691,1.445972135849297,1.004384994506836,1.100457787513733,0.009736777283251286,0.9807744026184082,0.03449239954352379,50000,0,64000,114000
14,11,X4,-1.7261806376908408,2.1146320160478354,1.0044360160827637,0.010347701609134674,0.015083362348377705,1.0744073390960693,0.010357596911489964,1.414247371442616,1.0044360160827637,1.0744073390960693,0.010445290245115757,0.9565575122833252,0.03147589787840843,50000,0,64000,114000
14,12,X2,-0.992884237650415,2.082623230293393,1.0038701295852661,0.010329900309443474,0.01595657505095005,1.0421172380447388,0.010349387302994728,1.2910690937191247,1.0038701295852661,1.0421172380447388,0.009453227743506432,0.8445348739624023,0.027883518487215042,50000,0,64000,114000
14,13,X5,2.8689232639150806,2.0726155266165733,1.0032739639282227,0.010346063412725925,0.015953971073031425,1.032636284828186,0.010405243374407291,1.2486105224117638,1.0032739639282227,1.032636284828186,0.009263862855732441,0.8082751631736755,0.02388944663107395,50000,0,64000,114000
14,14,X3,3.146521975165232,2.0665125735104084,1.0035961866378784,0.010351931676268578,0.015939928591251373,1.0262807607650757,0.010343765839934349,1.2986856868490577,1.0035961866378784,1.0262807607650757,0.010301248170435429,0.8565598130226135,0.0258492361754179,50000,0,64000,114000
14,15,X1,-4.42044864966225,2.0604649735614657,1.0039362907409668,0.010331100784242153,0.016005344688892365,1.0198310613632202,0.01036117598414421,1.3025246715173124,1.0039362907409668,1.0198310613632202,0.01045104768127203,0.8527777791023254,0.034542374312877655,50000,0,64000,114000
14,16,X4,-4.353970504527673,2.0585402697324753,1.0039726495742798,0.010331707075238228,0.015613792464137077,1.0182498693466187,0.010372251272201538,1.2382671220228076,1.0039726495742798,1.0182498693466187,0.01095267478376627,0.8100611567497253,0.0128087867051363,50000,0,64000,114000
14,17,X2,4.247776214009265,2.056775476783514,1.003441333770752,0.010334559716284275,0.01509989332407713,1.0175061225891113,0.010393567383289337,1.418500594422221,1.003441333770752,1.0175061225891113,0.010526098310947418,0.9913161396980286,0.012468865141272545,50000,0,64000,114000
14,18,X5,-2.1193202410285785,2.054899058304727,1.0029906034469604,0.010340227745473385,0.014302964322268963,1.0168558359146118,0.010409426875412464,1.3566794581711292,1.0029906034469604,1.0168558359146118,0.010731599293649197,0.9287092685699463,0.013269302435219288,50000,0,64000,114000
14,19,X3,-3.7488558473187963,2.0545985093340278,1.0031911134719849,0.010341172106564045,0.013984921388328075,1.016667366027832,0.010413936339318752,1.266402581334114,1.0031911134719849,1.016667366027832,0.011578028090298176,0.8390626311302185,0.011790226213634014,50000,0,64000,114000
14,20,X1,2.926237136185504,2.054270732216537,1.0031918287277222,0.010348928160965443,0.013663000427186489,1.0165296792984009,0.01053729560226202,1.2387734234333039,1.0031918287277222,1.0165296792984009,0.008729573339223862,0.8147242665290833,0.01137528195977211,50000,0,64000,114000
14,21,X4,2.8498801503249584,2.054174143821001,1.0038280487060547,0.010348206385970116,0.012891179881989956,1.0167040824890137,0.010402626357972622,1.2358675610274077,1.0038280487060547,1.0167040824890137,0.009643591940402985,0.8094638586044312,0.012653684243559837,50000,0,64000,114000
14,22,X2,1.0469359080985177,2.0539210457354784,1.003739595413208,0.010348341427743435,0.012463717721402645,1.0169936418533325,0.010375749319791794,1.0118062015622855,1.003739595413208,1.0169936418533325,0.010393197648227215,0.5848838090896606,0.012382547371089458,50000,0,64000,114000
14,23,X5,2.674206692040997,2.053741999901831,1.003572702407837,0.010353689081966877,0.012069503776729107,1.0173696279525757,0.010376476682722569,1.2678129261359572,1.003572702407837,1.0173696279525757,0.009788480587303638,0.8429377675056458,0.010898211970925331,50000,0,64000,114000
14,24,X3,3.5959775654830164,2.0531721422448754,1.0034645795822144,0.010345542803406715,0.01145423948764801,1.0175138711929321,0.010393909178674221,1.184628820605576,1.0034645795822144,1.0175138711929321,0.011860810220241547,0.7565274238586426,0.012044896371662617,50000,0,64000,114000
15,0,X1,3.5313549297403224,7.707333315163851,1.0033859014511108,1.4851149320602417,0.7703155279159546,4.412834167480469,0.035682786256074905,19.892519104480744,1.0033859014511108,4.412834167480469,10.136869430541992,8.037189483642578,0.6352161765098572,50000,0,64000,114000
15,1,X4,-2.36737423269731,4.9078467804938555,1.0162959098815918,0.011706974357366562,0.10062798857688904,3.7580931186676025,0.02112278901040554,3.535882404819131,1.0162959098815918,3.7580931186676025,0.011200496926903725,2.396110773086548,0.17369332909584045,50000,0,64000,114000
15,2,X2,-0.7912796753265443,4.317594140768051,1.0259733200073242,0.01130310632288456,0.03408155217766762,3.2291314601898193,0.017104702070355415,2.1781157856807116,1.0259733200073242,3.2291314601898193,0.0115589564666152,1.179675579071045,0.13586029410362244,50000,0,64000,114000
15,3,X5,4.84445136451577,3.4276180835440755,1.003933072090149,0.010420369915664196,0.014268902130424976,2.3871073722839355,0.011888367123901844,1.6592169705778361,1.003933072090149,2.3871073722839355,0.013335997238755226,0.8572064638137817,0.11046642065048218,50000,0,64000,114000
15,4,X3,-1.3225513420543864,3.1073910454288125,1.0032227039337158,0.010331706143915653,0.014121904037892818,2.0682950019836426,0.011419729329645634,1.485723401233554,1.0032227039337158,2.0682950019836426,0.012196062132716179,0.7137974500656128,0.14542634785175323,50000,0,64000,114000
15,5,X1,1.260886276532041,2.8485997952520847,1.0032272338867188,0.010334532707929611,0.013948547653853893,1.8097854852676392,0.011303995735943317,1.4756270634010433,1.0032272338867188,1.8097854852676392,0.010629539377987385,0.7753859758377075,0.12700900435447693,50000,0,64000,114000
15,6,X4,3.4650314164807057,2.4799547381699085,1.0032715797424316,0.010298863053321838,0.012648710049688816,1.442812204360962,0.010923380963504314,1.3844986146315934,1.0032715797424316,1.442812204360962,0.01240078266710043,0.7780370116233826,0.10484406352043152,50000,0,64000,114000
15,7,X2,3.7681066269592876,2.354613699950278,1.0029438734054565,0.010322009213268757,0.012321745976805687,1.3181872367858887,0.010838834568858147,1.5045873461291195,1.0029438734054565,1.3181872367858887,0.011751013807952404,0.9131894111633301,0.11542069911956787,50000,0,64000,114000
15,8,X5,1.0265377379453824,2.2615592628717422,1.0028042793273926,0.010290399193763733,0.011874588206410408,1.2257746458053589,0.010815350338816643,1.547364754602313,1.0028042793273926,1.2257746458053589,0.010973600670695305,0.9617303609848022,0.1289450079202652,50000,0,64000,114000
15,9,X3,-1.5014470135067737,2.145004754886031,1.0029007196426392,0.010244205594062805,0.011028488166630268,1.1103813648223877,0.010449976660311222,1.4001301070675254,1.0029007196426392,1.1103813648223877,0.01105742808431387,0.8499049544334412,0.11651130765676498,50000,0,64000,114000
15,10,X1,1.902319553617339,2.1127805886790156,1.0029006004333496,0.010237691923975945,0.010962026193737984,1.0783013105392456,0.010378959588706493,1.4223001470789314,1.0029006004333496,1.0783013105392456,0.011915489099919796,0.8862415552139282,0.10790272057056427,50000,0,64000,114000
15,11,X4,-4.967134609783278,2.0909222355112433,1.0030134916305542,0.010204196907579899,0.010941499844193459,1.0562450885772705,0.010517958551645279,1.3262924373149874,1.0030134916305542,1.0562450885772705,0.010696005076169968,0.8754620552062988,0.028282660990953445,50000,0,64000,114000
15,12,X2,-1.4945762227205606,2.068569685332477,1.0034276247024536,0.010213427245616913,0.010602651163935661,1.033913254737854,0.010412727482616901,1.1927875991910697,1.0034276247024536,1.033913254737854,0.010779215022921562,0.7491305470466614,0.02540966123342514,50000,0,64000,114000
15,13,X5,2.5885161014570945,2.062467656098306,1.0036252737045288,0.010209234431385994,0.010548543184995651,1.027692437171936,0.01039216760545969,1.2276488531380891,1.0036252737045288,1.027692437171936,0.009810639545321465,0.7880164980888367,0.023558173328638077,50000,0,64000,114000
15,14,X3,1.4660404096644317,2.058129164390266,1.003362774848938,0.010200751945376396,0.010542299598455429,1.0236355066299438,0.01038783136755228,1.1615192223340274,1.003362774848938,1.0236355066299438,0.011400692164897919,0.7199373841285706,0.024781489744782448,50000,0,64000,114000
15,15,X1,-4.201150731852472,2.076728685759008,1.0033212900161743,0.01022694818675518,0.03286043554544449,1.019973635673523,0.010346376337110996,1.3183601571246981,1.0033212900161743,1.019973635673523,0.012074443511664867,0.8765274286270142,0.02509929984807968,50000,0,64000,114000
15,16,X4,2.196193276618658,2.0692689092829823,1.003385066986084,0.010244252160191536,0.025944486260414124,1.0193616151809692,0.010333488695323467,1.3541152928024531,1.003385066986084,1.0193616151809692,0.00986301526427269,0.9145718812942505,0.02513105981051922,50000,0,64000,114000
15,17,X2,1.1000944171577292,2.064010721631348,1.0038666725158691,0.0102470051497221,0.02066420577466488,1.0189169645309448,0.01031587366014719,0.9880751430988312,1.0038666725158691,1.0189169645309448,0.009524097666144371,0.5478211045265198,0.026173213496804237,50000,0,64000,114000
15,18,X5,-0.5528179660359731,2.0575388176366687,1.0034047365188599,0.010224249213933945,0.01533745601773262,1.0182511806488037,0.010321195237338543,0.8959241950884461,1.0034047365188599,1.0182511806488037,0.009726704098284245,0.46161818504333496,0.02024812251329422,50000,0,64000,114000
15,19,X3,-3.95381787915289,2.0561777520924807,1.0033748149871826,0.01022604014724493,0.013924703001976013,1.0183494091033936,0.010302784852683544,0.8773341422900558,1.0033748149871826,1.0183494091033936,0.010614289902150631,0.44110816717147827,0.021266840398311615,50000,0,64000,114000
15,20,X1,0.9632983026327357,2.054874362424016,1.0033745765686035,0.010231750085949898,0.012832548469305038,1.0181386470794678,0.010296840220689774,0.882643129862845,1.0033745765686035,1.0181386470794678,0.01063207071274519,0.44530150294303894,0.022406911477446556,50000,0,64000,114000
15,21,X4,2.4557638566231503,2.0529559338465333,1.003092885017395,0.010277338325977325,0.011427469551563263,1.0177974700927734,0.010360770858824253,0.7475629273802042,1.003092885017395,1.0177974700927734,0.009997973218560219,0.30906519293785095,0.02432169020175934,50000,0,64000,114000
15,22,X2,-3.012745425174251,2.0529575794935226,1.0030932426452637,0.010279149748384953,0.011577161028981209,1.0176811218261719,0.010326904244720936,0.5473356688395143,1.0030932426452637,1.0176811218261719,0.01101637352257967,0.1068802922964096,0.02528413012623787,50000,0,64000,114000
15,23,X5,1.349055519579295,2.0525668505579233,1.0030760765075684,0.01028694398701191,0.011183272115886211,1.017614483833313,0.010406074114143848,0.5417880691587925,1.0030760765075684,1.017614483833313,0.009405000135302544,0.10694697499275208,0.021297981962561607,50000,0,64000,114000
15,24,X3,-4.293915168070804,2.051272327080369,1.0028643608093262,0.010285927914083004,0.010318988934159279,1.0173966884613037,0.01040636096149683,0.528684656880796,1.0028643608093262,1.0173966884613037,0.011272306554019451,0.08979670703411102,0.023563433438539505,50000,0,64000,114000
16,0,X1,-2.9465746341423973,17.096034053713083,1.0033859014511108,7.570073127746582,4.089727401733398,4.412336826324463,0.020510796457529068,28.726220428943634,1.0033859014511108,4.412336826324463,19.506134033203125,7.482751846313477,0.6541900038719177,50000,0,64000,114000
16,1,X4,-1.417328310953728,4.977552032098174,1.0247658491134644,0.022701822221279144,0.16032840311527252,3.7558891773223877,0.013866780325770378,4.266599027067423,1.0247658491134644,3.7558891773223877,0.021725241094827652,2.8982253074645996,0.3905174732208252,50000,0,64000,114000
16,2,X2,2.780205941264775,4.3799340622499585,1.0533053874969482,0.015110503882169724,0.07431723177433014,3.225642442703247,0.01155849639326334,2.299128518998623,1.0533053874969482,3.225642442703247,0.023816369473934174,1.088390827178955,0.3311317563056946,50000,0,64000,114000
16,3,X5,-2.1670042236533895,3.4727847361937165,1.0166696310043335,0.010412306524813175,0.037380628287792206,2.3971359729766846,0.011186197400093079,1.975775621086359,1.0166696310043335,2.3971359729766846,0.017502103000879288,0.8531738519668579,0.4223385453224182,50000,0,64000,114000
16,4,X3,3.903160955967431,3.1438786825165153,1.0138134956359863,0.010341535322368145,0.0247463621199131,2.0839271545410156,0.011050134897232056,1.68190664537251,1.0138134956359863,2.0839271545410156,0.016476379707455635,0.7211204767227173,0.32476165890693665,50000,0,64000,114000
16,5,X1,4.830979223897819,2.8835632354021072,1.0135971307754517,0.010360656306147575,0.0190280694514513,1.8295655250549316,0.011011853814125061,1.6896176367998124,1.0135971307754517,1.8295655250549316,0.017540648579597473,0.7217937111854553,0.38165074586868286,50000,0,64000,114000
16,6,X4,-3.366443038933772,2.504939181730151,1.0059622526168823,0.010294963605701923,0.014917808584868908,1.4631539583206177,0.010610198602080345,1.349298159405589,1.0059622526168823,1.4631539583206177,0.017108120024204254,0.8182315826416016,0.020135214552283287,50000,0,64000,114000
16,7,X2,-4.732851739200638,2.382368684746325,1.0063960552215576,0.010272293351590633,0.01411911379545927,1.34099543094635,0.010585791431367397,0.9139785321429372,1.0063960552215576,1.34099543094635,0.01451322715729475,0.4130866527557373,0.016900354996323586,50000,0,64000,114000
16,8,X5,2.2872069501219467,2.2873311154544353,1.0051300525665283,0.010295704007148743,0.013901262544095516,1.2474268674850464,0.010577228851616383,0.9222884003072978,1.0051300525665283,1.2474268674850464,0.01771121844649315,0.43549132347106934,0.01857447437942028,50000,0,64000,114000
16,9,X3,2.64372512055565,2.1639506481587887,1.003360629081726,0.01024745311588049,0.013310043141245842,1.126509189605713,0.010523333214223385,0.8799526661634445,1.003360629081726,1.126509189605713,0.01834254153072834,0.41711923480033875,0.01851692609488964,50000,0,64000,114000
16,10,X1,4.009222434862069,2.1282008662819862,1.0033661127090454,0.01025455817580223,0.013237711042165756,1.0908442735671997,0.010498210787773132,0.9024258684366941,1.0033661127090454,1.0908442735671997,0.017782175913453102,0.4448416233062744,0.020959991961717606,50000,0,64000,114000
16,11,X4,1.7246595890339833,2.1022128146141768,1.0031471252441406,0.010265006683766842,0.012514611706137657,1.0658000707626343,0.010486000217497349,0.8720194503664971,1.0031471252441406,1.0658000707626343,0.01755930669605732,0.4215778708457947,0.019092833623290062,50000,0,64000,114000
16,12,X2,2.8009977335241,2.0715901097282767,1.0029773712158203,0.01028184313327074,0.010595533065497875,1.0372852087020874,0.010450153611600399,0.9119402643293142,1.0029773712158203,1.0372852087020874,0.0172123946249485,0.4695039391517639,0.01717141456902027,50000,0,64000,114000
16,13,X5,-1.3447990131376297,2.0633787317201495,1.0029610395431519,0.010290234349668026,0.01013894472271204,1.0295504331588745,0.010438079945743084,0.9511900126934052,1.0029610395431519,1.0295504331588745,0.017773769795894623,0.5102770924568176,0.016636855900287628,50000,0,64000,114000
16,14,X3,-3.9918667721463175,2.058125185780227,1.0030213594436646,0.010313970036804676,0.010033202357590199,1.024359107017517,0.010397546924650669,0.9257800225168467,1.0030213594436646,1.024359107017517,0.01803889125585556,0.4832615554332733,0.019003482535481453,50000,0,64000,114000
16,15,X1,4.999133401695609,2.0518837831914425,1.0028327703475952,0.01030037272721529,0.009798470884561539,1.0185978412628174,0.010354327969253063,1.0338909592479468,1.0028327703475952,1.0185978412628174,0.015271728858351707,0.5973189473152161,0.017014160752296448,50000,0,64000,114000
16,16,X4,1.0469327942576125,2.0508538940921426,1.0028109550476074,0.010315262712538242,0.00988945085555315,1.0172375440597534,0.01060068141669035,1.1247217785567045,1.0028109550476074,1.0172375440597534,0.016849057748913765,0.6852322220802307,0.018630798906087875,50000,0,64000,114000
16,17,X2,-2.2954966037529987,2.050603316165507,1.0028471946716309,0.010327273979783058,0.010367030277848244,1.016728401184082,0.010333416052162647,0.9736484091728926,1.0028471946716309,1.016728401184082,0.016914715990424156,0.5349912047386169,0.017827369272708893,50000,0,64000,114000
16,18,X5,3.9276309247525987,2.0501014860346913,1.002856969833374,0.010339448228478432,0.010106479749083519,1.0163213014602661,0.010477286763489246,0.7901405226439238,1.002856969833374,1.0163213014602661,0.017245346680283546,0.35005566477775574,0.01900385692715645,50000,0,64000,114000
16,19,X3,-4.264078709400426,2.0497419480234385,1.0029040575027466,0.010338894091546535,0.010064752772450447,1.0161501169204712,0.010284126736223698,0.8138084191828966,1.0029040575027466,1.0161501169204712,0.016703039407730103,0.3737640976905823,0.01953044719994068,50000,0,64000,114000
16,20,X1,-4.432189694444349,2.054813949391246,1.0029041767120361,0.01032782532274723,0.015266588889062405,1.0159746408462524,0.010340717621147633,0.882305815629661,1.0029041767120361,1.0159746408462524,0.008970771916210651,0.4494267702102661,0.020132509991526604,50000,0,64000,114000
16,21,X4,-2.451489317331337,2.0501933405175805,1.003033995628357,0.010326443240046501,0.010346271097660065,1.0160421133041382,0.010444517247378826,0.8353521402925252,1.003033995628357,1.0160421133041382,0.008779560215771198,0.40984436869621277,0.012912989594042301,50000,0,64000,114000
16,22,X2,-3.6990882268494527,2.0499889198690653,1.0030734539031982,0.010334556922316551,0.010142739862203598,1.016018033027649,0.010420136153697968,0.8342643009498716,1.0030734539031982,1.016018033027649,0.010208932682871819,0.4072742164134979,0.012962854467332363,50000,0,64000,114000
16,23,X5,-0.8925232222105626,2.049981447868049,1.0032883882522583,0.010339838452637196,0.010007934644818306,1.015926718711853,0.010418567806482315,0.8317390041425825,1.0032883882522583,1.015926718711853,0.010240846313536167,0.4060803949832916,0.011574741452932358,50000,0,64000,114000
16,24,X3,1.2107826963054311,2.0506376093253493,1.0037719011306763,0.010348627343773842,0.010327802039682865,1.0157630443572998,0.01042623445391655,0.7508279981091619,1.0037719011306763,1.0157630443572998,0.00960054062306881,0.3250320553779602,0.012288413010537624,50000,0,64000,114000
17,0,X1,0.1941951209620152,11.494201013818383,1.0033859014511108,4.944447040557861,1.1159882545471191,4.411767959594727,0.018611857667565346,33.51420236825943,1.0033859014511108,4.411767959594727,25.320491790771484,6.161284923553467,0.9493948817253113,50000,0,64000,114000
17,1,X4,0.5371661382976631,4.861912647262216,1.0121502876281738,0.014028971083462238,0.06828350573778152,3.7533671855926514,0.014082697220146656,5.725894679129124,1.0121502876281738,3.7533671855926514,0.07094291597604752,3.258715867996216,1.4431324005126953,50000,0,64000,114000
17,2,X2,-3.806219870877946,4.3310455698519945,1.020873785018921,0.013336831703782082,0.0702255517244339,3.214200258255005,0.012409143149852753,3.6722279131412505,1.020873785018921,3.214200258255005,0.06398367881774902,2.5941162109375,0.16711321473121643,50000,0,64000,114000
17,3,X5,0.3493470043654243,3.526873756200075,1.0042414665222168,0.01101517491042614,0.08036939799785614,2.420140027999878,0.011107688769698143,2.990006748959422,1.0042414665222168,2.420140027999878,0.025387076660990715,1.6212633848190308,0.6584799885749817,50000,0,64000,114000
17,4,X3,4.751611718264387,3.2235314501449466,1.0029267072677612,0.010693918913602829,0.07849469035863876,2.1203393936157227,0.011076739989221096,2.7609599009156227,1.0029267072677612,2.1203393936157227,0.023535050451755524,1.424386739730835,0.6883848905563354,50000,0,64000,114000
17,5,X1,-1.7021065736637473,2.969469931907952,1.002922773361206,0.010597777552902699,0.07642659544944763,1.8685498237609863,0.010972961783409119,2.345597191527486,1.002922773361206,1.8685498237609863,0.021469803526997566,1.1319255828857422,0.6179072856903076,50000,0,64000,114000
17,6,X4,2.9924741984167804,2.545323247089982,1.0032035112380981,0.010400191880762577,0.016756469383835793,1.5036886930465698,0.011274381540715694,3.1264884635806083,1.0032035112380981,1.5036886930465698,0.020235948264598846,0.5580379366874695,2.0468361377716064,50000,0,64000,114000
17,7,X2,1.3798599590691207,2.4131123246625066,1.0029540061950684,0.010399608872830868,0.01142850611358881,1.3772233724594116,0.011106831021606922,2.3398506361991167,1.0029540061950684,1.3772233724594116,0.025264473631978035,0.9303925633430481,0.9081581234931946,50000,0,64000,114000
17,8,X5,2.6205948727513366,2.3149807238951325,1.0029131174087524,0.01051254477351904,0.011230585165321827,1.2792246341705322,0.011099842377007008,2.3283180188387633,1.0029131174087524,1.2792246341705322,0.025180978700518608,1.01148521900177,0.8352242708206177,50000,0,64000,114000
17,9,X3,1.579474755258273,2.1817688327282667,1.0031309127807617,0.010358418338000774,0.010556965135037899,1.1467669010162354,0.010955635458230972,2.108001720160246,1.0031309127807617,1.1467669010162354,0.030789803713560104,0.9968612790107727,0.6503710746765137,50000,0,64000,114000
17,10,X1,-0.6049220296184465,2.1403076788410544,1.0031297206878662,0.010381302796304226,0.010481422767043114,1.1053857803344727,0.010929452255368233,2.0588399711996317,1.0031297206878662,1.1053857803344727,0.02855955995619297,1.0461666584014893,0.5624106526374817,50000,0,64000,114000
17,11,X4,-2.6502294089383827,2.1105597503483295,1.0029892921447754,0.010394914075732231,0.010385381989181042,1.0759940147399902,0.010796147398650646,1.354779477789998,1.0029892921447754,1.0759940147399902,0.027668466791510582,0.8549654483795166,0.056348901242017746,50000,0,64000,114000
17,12,X2,-4.064309832542646,2.075205015949905,1.002793550491333,0.010369534604251385,0.009974880144000053,1.0413340330123901,0.010733017697930336,1.4155930951237679,1.002793550491333,1.0413340330123901,0.023386605083942413,0.9300308227539062,0.05335015058517456,50000,0,64000,114000
17,13,X5,-3.8675469443710364,2.0653888704255223,1.0028076171875,0.01035197265446186,0.009932088665664196,1.0315691232681274,0.01072806864976883,1.6609000213444234,1.0028076171875,1.0315691232681274,0.021891411393880844,1.1989904642105103,0.03314279764890671,50000,0,64000,114000
17,14,X3,-3.990737875379989,2.0592475021257997,1.0028287172317505,0.010346740484237671,0.00992296077311039,1.0254087448120117,0.010740338824689388,1.5761800896376372,1.0028287172317505,1.0254087448120117,0.019314950332045555,1.0927767753601074,0.05844087153673172,50000,0,64000,114000
17,15,X1,2.6734993935334366,2.052759793587029,1.0029685497283936,0.010348566807806492,0.009950612671673298,1.018851637840271,0.01064042653888464,1.6033687546849251,1.0029685497283936,1.018851637840271,0.011137165129184723,1.1274224519729614,0.06044510006904602,50000,0,64000,114000
17,16,X4,3.373133122046095,2.0508788404986262,1.0027999877929688,0.01031836774200201,0.009904884733259678,1.0172182321548462,0.010637368075549603,1.4478601865470409,1.0027999877929688,1.0172182321548462,0.011367257684469223,0.9733222126960754,0.05916707217693329,50000,0,64000,114000
17,17,X2,3.176168570544176,2.0501077314838767,1.0027859210968018,0.010313230566680431,0.010064840316772461,1.0163437128067017,0.010600026696920395,0.7506448637694121,1.0027859210968018,1.0163437128067017,0.011295882984995842,0.27658697962760925,0.05893607437610626,50000,0,64000,114000
17,18,X5,3.847971625246096,2.049175846390426,1.0028173923492432,0.010276544839143753,0.009870882146060467,1.0155982971191406,0.01061272993683815,0.7768763171508909,1.0028173923492432,1.0155982971191406,0.010243368335068226,0.3023812770843506,0.06056853383779526,50000,0,64000,114000
17,19,X3,-1.4123148513602324,2.0489401258528233,1.0027897357940674,0.010266386903822422,0.009869691915810108,1.0153982639312744,0.01061604730784893,0.8420434322208166,1.0027897357940674,1.0153982639312744,0.010730257257819176,0.35891520977020264,0.06876036524772644,50000,0,64000,114000
17,20,X1,1.7408812925439223,2.0487389145419,1.0027899742126465,0.010266036726534367,0.009887155145406723,1.0151656866073608,0.010630061849951744,0.8329810392111541,1.0027899742126465,1.0151656866073608,0.010694427415728569,0.35594311356544495,0.062752366065979,50000,0,64000,114000
17,21,X4,3.202799551517206,2.0486821942031384,1.0027961730957031,0.010307488963007927,0.01010780781507492,1.0149400234222412,0.010530700907111168,0.8203640885651111,1.0027961730957031,1.0149400234222412,0.011449489742517471,0.3440256416797638,0.06134171783924103,50000,0,64000,114000
17,22,X2,-3.6769576082068234,2.048538929782808,1.0028358697891235,0.010311035439372063,0.010016771964728832,1.0148406028747559,0.010534649714827538,0.7843102460727096,1.0028358697891235,1.0148406028747559,0.012589170597493649,0.2939940094947815,0.07419177144765854,50000,0,64000,114000
17,23,X5,-4.99651600306038,2.048425544053316,1.0027968883514404,0.010305175557732582,0.010012030601501465,1.014778733253479,0.010532716289162636,0.7819819977506995,1.0027968883514404,1.014778733253479,0.01146260928362608,0.31414544582366943,0.05285881832242012,50000,0,64000,114000
17,24,X3,-2.903441545368554,2.0484040761366487,1.0027838945388794,0.010309949517250061,0.010026906616985798,1.01475989818573,0.010523427277803421,0.7942718820646406,1.0027838945388794,1.01475989818573,0.012126308865845203,0.33036500215530396,0.04827181249856949,50000,0,64000,114000
18,0,X1,4.157638475617237,7.840546056628227,1.0033859014511108,1.7573219537734985,0.6341136693954468,4.412332534790039,0.03339199721813202,21.826862728595735,1.0033859014511108,4.412332534790039,11.866642951965332,8.246522903442383,0.6305531859397888,50000,0,64000,114000
18,1,X4,3.07672548422277,4.86080766748637,1.0051409006118774,0.012506765313446522,0.0620623379945755,3.755868911743164,0.025228751823306084,2.981493951752782,1.0051409006118774,3.755868911743164,0.01228499598801136,1.3826661109924316,0.6343408823013306,50000,0,64000,114000
18,2,X2,-3.7035765645696395,4.23981455899775,1.0085917711257935,0.011994426138699055,0.01759430393576622,3.189807891845703,0.011826165951788425,2.0217559387907387,1.0085917711257935,3.189807891845703,0.012868284247815609,0.45082196593284607,0.7183857560157776,50000,0,64000,114000
18,3,X5,3.4717406394970034,3.406341721303761,1.002998948097229,0.010517732240259647,0.01546203438192606,2.3665735721588135,0.010789434425532818,1.1653558684512972,1.002998948097229,2.3665735721588135,0.00987368356436491,0.4003317952156067,0.08123588562011719,50000,0,64000,114000
18,4,X3,-3.253482614746137,3.1086921747773886,1.0030157566070557,0.010440691374242306,0.015316551551222801,2.069225549697876,0.010693625546991825,1.5441276689991357,1.0030157566070557,2.069225549697876,0.011332436464726925,0.3170405328273773,0.6013064384460449,50000,0,64000,114000
18,5,X1,-2.333181096516358,2.862909040413797,1.0030158758163452,0.010482891462743282,0.01520495768636465,1.8236359357833862,0.010569379664957523,1.5874773407354952,1.0030158758163452,1.8236359357833862,0.011453130282461643,0.3096722364425659,0.7010216116905212,50000,0,64000,114000
18,6,X4,-3.318519683376535,2.506505236029625,1.0035815238952637,0.010524661280214787,0.01465593557804823,1.4674464464187622,0.010296668857336044,0.8768212236464024,1.0035815238952637,1.4674464464187622,0.009417839348316193,0.34179601073265076,0.031401779502630234,50000,0,64000,114000
18,7,X2,3.8393965654173883,2.3858265271410346,1.0038083791732788,0.010528529062867165,0.016855373978614807,1.3443505764007568,0.010283668525516987,1.1023543486371636,1.0038083791732788,1.3443505764007568,0.011034519411623478,0.5960685014724731,0.025619536638259888,50000,0,64000,114000
18,8,X5,3.280675881026374,2.290818478912115,1.0034375190734863,0.010530569590628147,0.01723954826593399,1.2493349313735962,0.01027591060847044,1.1061860462650657,1.0034375190734863,1.2493349313735962,0.010157537646591663,0.6204877495765686,0.0249862689524889,50000,0,64000,114000
18,9,X3,-4.350814679733874,2.164700257591903,1.0031189918518066,0.010492341592907906,0.015314755961298943,1.1255857944488525,0.010188373737037182,1.1588760986924171,1.0031189918518066,1.1255857944488525,0.010991424322128296,0.6966085433959961,0.02553517371416092,50000,0,64000,114000
18,10,X1,-4.7617263256001525,2.1329044234007597,1.0031228065490723,0.01045260764658451,0.019812285900115967,1.0893032550811768,0.010213468223810196,1.2612133456394077,1.0031228065490723,1.0893032550811768,0.010622472502291203,0.8087173104286194,0.023388350382447243,50000,0,64000,114000
18,11,X4,2.9123370773313457,2.1038346886634827,1.0032583475112915,0.010423462837934494,0.01606878638267517,1.0638660192489624,0.010218072682619095,1.0651408644393086,1.0032583475112915,1.0638660192489624,0.009749817661941051,0.6189167499542236,0.023049423471093178,50000,0,64000,114000
18,12,X2,-1.0631132672642076,2.0725598372519016,1.0034373998641968,0.010367412120103836,0.013842354528605938,1.0346558094024658,0.010256861336529255,1.306040408089757,1.0034373998641968,1.0346558094024658,0.010318402200937271,0.8646747469902039,0.023428617045283318,50000,0,64000,114000
18,13,X5,0.6842278729051534,2.0648403465747833,1.003363847732544,0.010348214767873287,0.013501272536814213,1.0273747444152832,0.010252267122268677,1.2890356006100774,1.003363847732544,1.0273747444152832,0.010449699126183987,0.8507757782936096,0.021662404760718346,50000,0,64000,114000
18,14,X3,1.3810977842475243,2.0599407088011503,1.0033725500106812,0.010358615778386593,0.013317461125552654,1.0226532220840454,0.010238859802484512,1.4798112833872437,1.0033725500106812,1.0226532220840454,0.009910081513226032,1.0437904596328735,0.020905587822198868,50000,0,64000,114000
18,15,X1,0.43597331004684037,2.0542362919077277,1.002907633781433,0.010355583392083645,0.01282690092921257,1.017980933189392,0.010165240615606308,1.2979315688833595,1.002907633781433,1.017980933189392,0.010557801462709904,0.8598966598510742,0.02329939417541027,50000,0,64000,114000
18,16,X4,-3.120046043766508,2.0528778797015548,1.0028234720230103,0.01033535785973072,0.012650242075324059,1.0169072151184082,0.01016159262508154,1.255636084266007,1.0028234720230103,1.0169072151184082,0.00997993629425764,0.8242679238319397,0.017442086711525917,50000,0,64000,114000
18,17,X2,-1.8966752803768214,2.0521429097279906,1.0029374361038208,0.010330608114600182,0.012289667502045631,1.0164376497268677,0.010147548280656338,1.2580936519429087,1.0029374361038208,1.0164376497268677,0.009523519314825535,0.8263699412345886,0.01832517422735691,50000,0,64000,114000
18,18,X5,0.9744642337712142,2.0513727543875575,1.0027905702590942,0.01030421070754528,0.012172524817287922,1.015961766242981,0.010143682360649109,1.3571374027058483,1.0027905702590942,1.015961766242981,0.01067743543535471,0.9248803853988647,0.017829114571213722,50000,0,64000,114000
18,19,X3,2.842863176897997,2.0509169194847345,1.0027961730957031,0.01029985398054123,0.012113221921026707,1.0155932903289795,0.010114380158483982,1.2733087211847305,1.0027961730957031,1.0155932903289795,0.010709352791309357,0.8419395089149475,0.01698196679353714,50000,0,64000,114000
18,20,X1,-1.617819071332688,2.0506009301170707,1.0027961730957031,0.010303362272679806,0.012067019008100033,1.0153019428253174,0.010132432915270329,1.2080945730209351,1.0027961730957031,1.0153019428253174,0.010251044295728207,0.7790763974189758,0.01514750812202692,50000,0,64000,114000
18,21,X4,-4.773391510130288,2.050755662843585,1.0027976036071777,0.01028934121131897,0.01206567045301199,1.015328288078308,0.010274759493768215,1.1103094715625048,1.0027976036071777,1.015328288078308,0.009908783249557018,0.6865761876106262,0.010199322365224361,50000,0,64000,114000
18,22,X2,-3.5473348715816466,2.0507384445518255,1.002784252166748,0.010291723534464836,0.012068761512637138,1.0154913663864136,0.010102340951561928,1.0304374059662222,1.002784252166748,1.0154913663864136,0.009629306383430958,0.6053982973098755,0.011754678562283516,50000,0,64000,114000
18,23,X5,-2.151149967296191,2.05347125697881,1.002791404724121,0.010288320481777191,0.011946410872042179,1.0156663656234741,0.012778755277395248,1.0406078170984983,1.002791404724121,1.0156663656234741,0.009432814083993435,0.61527019739151,0.012213251553475857,50000,0,64000,114000
18,24,X3,4.611734092232899,2.0510873906314373,1.0027928352355957,0.010310061275959015,0.011717504821717739,1.0161795616149902,0.01008742768317461,1.001563865505159,1.0027928352355957,1.0161795616149902,0.010443366132676601,0.576114296913147,0.01121172308921814,50000,0,64000,114000
19,0,X1,-0.7302412977839055,13.549345852807164,1.0033859014511108,5.831299304962158,2.2814037799835205,4.412796974182129,0.020459892228245735,31.388310372829437,1.0033859014511108,4.412796974182129,22.6047306060791,6.969036102294922,0.7313070893287659,50000,0,64000,114000
19,1,X4,-0.025060024487466137,4.879420003853738,1.0231696367263794,0.013168162666261196,0.06951020658016205,3.7579286098480225,0.015643388032913208,7.013111314177513,1.0231696367263794,3.7579286098480225,0.06433664262294769,5.129642963409424,0.8629120588302612,50000,0,64000,114000
19,2,X2,-0.7727792065097203,4.287732433527708,1.0202300548553467,0.011461825110018253,0.05536776781082153,3.1873629093170166,0.013309876434504986,3.4029507234692575,1.0202300548553467,3.1873629093170166,0.04608464986085892,1.610459566116333,0.9048879146575928,50000,0,64000,114000
19,3,X5,3.66101464622899,3.3795202150940895,1.0041706562042236,0.010534042492508888,0.01658668927848339,2.3361434936523438,0.012085333466529846,2.116034447774291,1.0041706562042236,2.3361434936523438,0.019470905885100365,0.8022853136062622,0.626215398311615,50000,0,64000,114000
19,4,X3,3.0063508429670396,3.0680328737944365,1.0031946897506714,0.010510038584470749,0.014439858496189117,2.028247833251953,0.011640453711152077,2.0828933946788313,1.0031946897506714,2.028247833251953,0.018014561384916306,0.693934977054596,0.764655351638794,50000,0,64000,114000
19,5,X1,-3.4604265414063597,2.8313324274495244,1.0031448602676392,0.010399268940091133,0.02646251767873764,1.7799458503723145,0.011379930190742016,2.322027663886547,1.0031448602676392,1.7799458503723145,0.009453468024730682,0.8639188408851624,0.8920372128486633,50000,0,64000,114000
19,6,X4,1.6607319598900574,2.4767425572499633,1.004694938659668,0.010272537358105183,0.02062017098069191,1.4299519062042236,0.01120300404727459,1.990781879797578,1.004694938659668,1.4299519062042236,0.013342225924134254,0.7385915517807007,0.7519187331199646,50000,0,64000,114000
19,7,X2,0.49879671799962555,2.357062737457454,1.0047354698181152,0.010271982289850712,0.01634499430656433,1.3144475221633911,0.011262768879532814,1.8859830267727375,1.0047354698181152,1.3144475221633911,0.011159587651491165,1.1057275533676147,0.3052592873573303,50000,0,64000,114000
19,8,X5,3.97513894954988,2.2654769821092486,1.0044156312942505,0.010297163389623165,0.012850377708673477,1.2266511917114258,0.011262618005275726,2.3033844139426947,1.0044156312942505,1.2266511917114258,0.010946681722998619,1.5268330574035645,0.31939131021499634,50000,0,64000,114000
19,9,X3,-4.3726902865636585,2.1500160256400704,1.0027920007705688,0.010251257568597794,0.011041896417737007,1.1150498390197754,0.0108810318633914,2.277255954220891,1.0027920007705688,1.1150498390197754,0.010578932240605354,1.526013970375061,0.31709468364715576,50000,0,64000,114000
19,10,X1,0.7829043988206017,2.116576469503343,1.0027903318405151,0.010238171555101871,0.010702090337872505,1.0820229053497314,0.010822970420122147,1.9708871958777308,1.0027903318405151,1.0820229053497314,0.010869848541915417,1.2328379154205322,0.3102167844772339,50000,0,64000,114000
19,11,X4,-3.101804599112369,2.0933491308242083,1.002803921699524,0.010249301791191101,0.010492143221199512,1.0589511394500732,0.010852624662220478,2.0629660496488214,1.002803921699524,1.0589511394500732,0.010179870761930943,1.6131840944290161,0.027251072227954865,50000,0,64000,114000
19,12,X2,0.6934401183084207,2.0683706793934107,1.0029799938201904,0.010248547419905663,0.010420415550470352,1.0340536832809448,0.010668039321899414,1.6491712315008045,1.0029799938201904,1.0340536832809448,0.01080677192658186,1.2084239721298218,0.022533752024173737,50000,0,64000,114000
19,13,X5,3.1717448578606664,2.06191613804549,1.0028533935546875,0.010279761627316475,0.010338063351809978,1.0278348922729492,0.010610027238726616,1.6753191685304045,1.0028533935546875,1.0278348922729492,0.010469752363860607,1.2363290786743164,0.02238268032670021,50000,0,64000,114000
19,14,X3,-0.6597295618697219,2.057757657021284,1.002785086631775,0.010289236903190613,0.010316520929336548,1.0237812995910645,0.010585512965917587,1.651007624901831,1.002785086631775,1.0237812995910645,0.010374351404607296,1.2158595323562622,0.019460463896393776,50000,0,64000,114000
19,15,X1,0.3479871853384626,2.0537395887076855,1.002802848815918,0.01039136853069067,0.01038431841880083,1.0195519924163818,0.010609060525894165,1.8177954072132707,1.002802848815918,1.0195519924163818,0.010068927891552448,1.3842819929122925,0.018973518162965775,50000,0,64000,114000
19,16,X4,-1.348724285170002,2.0526899294927716,1.0027974843978882,0.010402466170489788,0.010338805615901947,1.0185490846633911,0.010602088645100594,1.6558287920430304,1.0027974843978882,1.0185490846633911,0.010580242611467838,1.2241562604904175,0.016822975128889084,50000,0,64000,114000
19,17,X2,4.4483476006190195,2.0518304761499166,1.0027824640274048,0.01040678657591343,0.010238975286483765,1.0178170204162598,0.010585229843854904,1.6498674239963294,1.0027824640274048,1.0178170204162598,0.011161256581544876,1.21586275100708,0.018723519518971443,50000,0,64000,114000
19,18,X5,3.6241007757326322,2.051092707552016,1.003066062927246,0.010358049534261227,0.010230636224150658,1.0168254375457764,0.010612521320581436,1.2504436381161212,1.003066062927246,1.0168254375457764,0.009817445650696754,0.8177666068077087,0.018881285563111305,50000,0,64000,114000
19,19,X3,-4.103091475418333,2.0508979186415672,1.0031073093414307,0.010367986746132374,0.010200191289186478,1.0166186094284058,0.010603821836411953,1.290037813037634,1.0031073093414307,1.0166186094284058,0.011115964502096176,0.8582745790481567,0.016702085733413696,50000,0,64000,114000
19,20,X1,-4.572682683249969,2.050799837335944,1.0031073093414307,0.010384841822087765,0.010178899392485619,1.0165296792984009,0.01059910748153925,1.2896080676466226,1.0031073093414307,1.0165296792984009,0.00981076993048191,0.8604925274848938,0.01537737250328064,50000,0,64000,114000
19,21,X4,0.3493320886654807,2.0499382531270385,1.0028162002563477,0.010358268395066261,0.009999262169003487,1.0162789821624756,0.010485540144145489,1.346740016527474,1.0028162002563477,1.0162789821624756,0.008955832570791245,0.9192994236946106,0.014665723778307438,50000,0,64000,114000
19,22,X2,-1.8854114635805486,2.049883782863617,1.0027953386306763,0.010355605743825436,0.010040498338639736,1.0162667036056519,0.010425636544823647,0.9402952222153544,1.0027953386306763,1.0162667036056519,0.010543299838900566,0.5108346343040466,0.01510487962514162,50000,0,64000,114000
19,23,X5,-4.687647133452236,2.049703035503626,1.0027817487716675,0.010351463221013546,0.01003609225153923,1.016144037246704,0.010389694012701511,1.2166848547756672,1.0027817487716675,1.016144037246704,0.010728277266025543,0.787234902381897,0.014936517924070358,50000,0,64000,114000
19,24,X3,1.7520734694328768,2.0494453348219395,1.0027871131896973,0.0103393429890275,0.009910108521580696,1.0159897804260254,0.010418989695608616,1.2275037391111254,1.0027871131896973,1.0159897804260254,0.010985462926328182,0.7979611754417419,0.014801722019910812,50000,0,64000,114000
20,0,X1,-3.438147168210822,16.818743312731385,1.0033859014511108,7.301973819732666,4.076593399047852,4.414834022521973,0.021956169977784157,30.06062431335449,1.0033859014511108,4.414834022521973,19.91887855529785,7.874341011047363,1.1837607622146606,50000,0,64000,114000
20,1,X4,1.4382370952759747,4.9041948691010475,1.0045199394226074,0.029311558231711388,0.08874792605638504,3.7669997215270996,0.014615723863244057,6.872786064445973,1.0045199394226074,3.7669997215270996,0.10943669825792313,4.087331295013428,1.7217141389846802,50000,0,64000,114000
20,2,X2,-4.013884143666624,4.329243000596762,1.0030889511108398,0.015183476731181145,0.08883701264858246,3.209136962890625,0.012996597215533257,2.489281839877367,1.0030889511108398,3.209136962890625,0.05610974505543709,1.2267029285430908,0.36402398347854614,50000,0,64000,114000
20,3,X5,2.139256153312372,3.414837598800659,1.0030670166015625,0.010596089996397495,0.0624471977353096,2.326617479324341,0.012109815143048763,2.619585403054953,1.0030670166015625,2.326617479324341,0.011321302503347397,1.1365946531295776,0.8057325482368469,50000,0,64000,114000
20,4,X3,3.3745026150183826,3.0883242087438703,1.0031882524490356,0.010538908652961254,0.05887085944414139,2.0046658515930176,0.011060336604714394,2.1836762683466078,1.0031882524490356,2.0046658515930176,0.011678923852741718,0.9940205812454224,0.576405942440033,50000,0,64000,114000
20,5,X1,2.9717223891051585,2.960458228364587,1.0031877756118774,0.010511819273233414,0.18306666612625122,1.7529802322387695,0.010711735114455223,1.6821504149585964,1.0031877756118774,1.7529802322387695,0.009876484051346779,0.9851184487342834,0.1359218806028366,50000,0,64000,114000
20,6,X4,3.829522838629634,2.531001769937575,1.0036786794662476,0.010451162233948708,0.09760677814483643,1.4086755514144897,0.010589598678052425,1.512960145622492,1.0036786794662476,1.4086755514144897,0.010886061936616898,0.8654836416244507,0.1541195958852768,50000,0,64000,114000
20,7,X2,1.1526482838643126,2.3581261662766337,1.0040051937103271,0.010456996969878674,0.03788265585899353,1.2952362298965454,0.010545089840888977,1.5460866149514914,1.0040051937103271,1.2952362298965454,0.011567911133170128,0.8988781571388245,0.17579226195812225,50000,0,64000,114000
20,8,X5,-1.6624123109945597,2.255041808821261,1.005178451538086,0.010458641685545444,0.01678312197327614,1.2120532989501953,0.010568294674158096,1.4692539123818278,1.005178451538086,1.2120532989501953,0.010803359560668468,0.8775160312652588,0.13748817145824432,50000,0,64000,114000
20,9,X3,-3.175595950862621,2.149699579924345,1.005408763885498,0.010471384041011333,0.013733293861150742,1.1094334125518799,0.010652725584805012,1.2245200660079718,1.005408763885498,1.1094334125518799,0.010749166831374168,0.6641914248466492,0.12661103904247284,50000,0,64000,114000
20,10,X1,1.578525483958738,2.1194459665566683,1.0054121017456055,0.010452388785779476,0.01354705635458231,1.0793436765670776,0.01069074310362339,1.2225584438070656,1.0054121017456055,1.0793436765670776,0.009762420319020748,0.6786492466926575,0.11719562113285065,50000,0,64000,114000
20,11,X4,4.742608251320933,2.0978024723008275,1.0047060251235962,0.010475841350853443,0.01334102638065815,1.0587453842163086,0.010534195229411125,1.1818985296413302,1.0047060251235962,1.0587453842163086,0.011407780461013317,0.6392388343811035,0.11856163293123245,50000,0,64000,114000
20,12,X2,1.5807625413175899,2.077466733753681,1.0070347785949707,0.010372650809586048,0.012792388908565044,1.0367697477340698,0.010497167706489563,1.1459124870598316,1.0070347785949707,1.0367697477340698,0.011149484664201736,0.6196146011352539,0.10638749599456787,50000,0,64000,114000
20,13,X5,-3.9606733555115268,2.071980759501457,1.0071569681167603,0.010364667512476444,0.01264848094433546,1.0313156843185425,0.010494958609342575,1.1443338653072714,1.0071569681167603,1.0313156843185425,0.012151024304330349,0.6100107431411743,0.11447756737470627,50000,0,64000,114000
20,14,X3,-4.564947916865908,2.069190526381135,1.008148193359375,0.010352738201618195,0.012598578818142414,1.0276237726211548,0.010467243380844593,1.0991302698850631,1.008148193359375,1.0276237726211548,0.010865278542041779,0.5931768417358398,0.08793375641107559,50000,0,64000,114000
20,15,X1,-3.4776339190815375,2.0650587836280465,1.0093631744384766,0.010329130105674267,0.012744310311973095,1.0220991373062134,0.01052303146570921,1.1235226528719067,1.0093631744384766,1.0220991373062134,0.011375454254448414,0.5817978978157043,0.12405683845281601,50000,0,64000,114000
20,16,X4,3.028942916092726,2.062842044979334,1.0091001987457275,0.010336576029658318,0.012550999410450459,1.0203789472579956,0.010475323535501957,1.1061980305239558,1.0091001987457275,1.0203789472579956,0.011327537707984447,0.569504976272583,0.11946968734264374,50000,0,64000,114000
20,17,X2,-3.640614019181061,2.0610562544316053,1.00849187374115,0.010333535261452198,0.012461559846997261,1.0192466974258423,0.010522588156163692,0.9604177394881845,1.00849187374115,1.0192466974258423,0.010565110482275486,0.4273160994052887,0.11698881536722183,50000,0,64000,114000
20,18,X5,2.059250076213834,2.057700688019395,1.0070503950119019,0.01033516600728035,0.012263267301023006,1.0176299810409546,0.010421878658235073,1.01128813251853,1.0070503950119019,1.0176299810409546,0.012255679816007614,0.4447687268257141,0.14932765066623688,50000,0,64000,114000
20,19,X3,0.8372940348060958,2.05775208119303,1.0072203874588013,0.010334791615605354,0.012214263901114464,1.017268180847168,0.010714457370340824,0.9919438768178225,1.0072203874588013,1.017268180847168,0.01141911931335926,0.4380791485309601,0.13754789531230927,50000,0,64000,114000
20,20,X1,-1.3520915426234428,2.056954776868224,1.0072197914123535,0.010336526669561863,0.012244056910276413,1.0167529582977295,0.01040144357830286,0.9759053749963642,1.0072197914123535,1.0167529582977295,0.01152170728892088,0.40668779611587524,0.1529013216495514,50000,0,64000,114000
20,21,X4,-0.7919839988804416,2.055466301739216,1.0067334175109863,0.010345235466957092,0.012058028019964695,1.0159555673599243,0.010374053381383419,0.9581620618700981,1.0067334175109863,1.0159555673599243,0.01113390177488327,0.4120851457118988,0.1304052174091339,50000,0,64000,114000
20,22,X2,-2.3680624154454333,2.0557195423170924,1.0069711208343506,0.010347742587327957,0.012372859753668308,1.0156373977661133,0.010390421375632286,0.6518025435507298,1.0069711208343506,1.0156373977661133,0.01113596186041832,0.11818847060203552,0.11795640736818314,50000,0,64000,114000
20,23,X5,-0.8902558055082013,2.055032412521541,1.0062596797943115,0.01075497455894947,0.012161006219685078,1.015413761138916,0.010442990809679031,0.6493637446314097,1.0062596797943115,1.015413761138916,0.011448303237557411,0.09260113537311554,0.1409796178340912,50000,0,64000,114000
20,24,X3,-3.1597139288849974,2.05486349016428,1.0071797370910645,0.010333141312003136,0.011953695677220821,1.0149872303009033,0.010409685783088207,0.6275999886915088,1.0071797370910645,1.0149872303009033,0.010041209869086742,0.08717238157987595,0.12595300376415253,50000,0,64000,114000
21,0,X1,0.2913985286031986,11.555041294544935,1.0033859014511108,4.498152732849121,1.6216198205947876,4.413821220397949,0.018061619251966476,27.80035947561264,1.0033859014511108,4.413821220397949,21.750768661499023,4.624773025512695,0.3413763642311096,50000,0,64000,114000
21,1,X4,1.6081784610856262,4.879257091321051,1.0428019762039185,0.016453204676508904,0.045445047318935394,3.7624824047088623,0.012074458412826061,5.115106585621834,1.0428019762039185,3.7624824047088623,0.10489782691001892,3.8732542991638184,0.17589758336544037,50000,0,64000,114000
21,2,X2,0.4974284836369858,4.2806342309340835,1.026523470878601,0.014466851949691772,0.021670231595635414,3.206282615661621,0.011691060848534107,2.4990702956914905,1.026523470878601,3.206282615661621,0.06600473821163177,0.7555001974105835,0.8310041427612305,50000,0,64000,114000
21,3,X5,4.91327292135858,3.396398391574621,1.0110992193222046,0.011269580572843552,0.010656564496457577,2.3523080348968506,0.011064992286264896,2.0631290040910244,1.0110992193222046,2.3523080348968506,0.022848006337881088,0.8675771951675415,0.5000223517417908,50000,0,64000,114000
21,4,X3,4.250386730013339,3.0753515576943755,1.0073444843292236,0.010996907949447632,0.010377105325460434,2.0356032848358154,0.011029775254428387,2.3446524512022733,1.0073444843292236,2.0356032848358154,0.021666062995791435,1.0565170049667358,0.6578798294067383,50000,0,64000,114000
21,5,X1,3.902810110177583,2.8240902265533805,1.006942868232727,0.010919521562755108,0.012237530201673508,1.783213496208191,0.010776810348033905,2.5050195369869472,1.006942868232727,1.783213496208191,0.021061399951577187,0.9361949563026428,0.9897319078445435,50000,0,64000,114000
21,6,X4,1.0390724025104152,2.466222177259624,1.0030478239059448,0.010682881809771061,0.01196597795933485,1.4298347234725952,0.010690770111978054,3.1578192923218014,1.0030478239059448,1.4298347234725952,0.021714279428124428,0.8900125026702881,1.7595160007476807,50000,0,64000,114000
21,7,X2,-3.5597409665774937,2.3515376010909677,1.002787470817566,0.010661881417036057,0.011902903206646442,1.3155330419540405,0.010652303695678711,3.350087986513972,1.002787470817566,1.3155330419540405,0.019993601366877556,0.9255465269088745,1.940883755683899,50000,0,64000,114000
21,8,X5,2.588916167379603,2.264983613975346,1.002882719039917,0.010648345574736595,0.011650831438601017,1.2291406393051147,0.010661078616976738,3.152581759169698,1.002882719039917,1.2291406393051147,0.018518539145588875,1.1669204235076904,1.520738124847412,50000,0,64000,114000
21,9,X3,4.435364727963449,2.1547165885567665,1.002781629562378,0.010474174283444881,0.011396244168281555,1.1195212602615356,0.0105432802811265,3.10413250438869,1.002781629562378,1.1195212602615356,0.017931027337908745,1.0815329551696777,1.5802079439163208,50000,0,64000,114000
21,10,X1,1.0062176064499528,2.1229427475482225,1.002781629562378,0.01048697717487812,0.011276266537606716,1.0878773927688599,0.010520481504499912,1.8161206267774106,1.002781629562378,1.0878773927688599,0.016425151377916336,1.348499059677124,0.03306461125612259,50000,0,64000,114000
21,11,X4,-0.45953691673624775,2.1008658427745104,1.0028010606765747,0.010509820654988289,0.011218767613172531,1.0657516717910767,0.010584522038698196,1.6899588264524936,1.0028010606765747,1.0657516717910767,0.01824728399515152,1.2315850257873535,0.02641597017645836,50000,0,64000,114000
21,12,X2,1.5524617766060764,2.0756307123228908,1.0027954578399658,0.010489631444215775,0.01114751398563385,1.040515661239624,0.01068244781345129,1.6796350177377461,1.0027954578399658,1.040515661239624,0.01952020451426506,1.221247673034668,0.03020491637289524,50000,0,64000,114000
21,13,X5,1.269210189472619,2.0683754310011864,1.0028793811798096,0.010476714000105858,0.011058982461690903,1.033286690711975,0.010673662647604942,1.6968950605019928,1.0028793811798096,1.033286690711975,0.014842263422906399,1.2396292686462402,0.035190314054489136,50000,0,64000,114000
21,14,X3,3.2767776065489223,2.063599966466427,1.0028680562973022,0.01047160942107439,0.011008705012500286,1.0286222696304321,0.010629326105117798,1.889311534911394,1.0028680562973022,1.0286222696304321,0.01599401980638504,1.4335224628448486,0.03349698707461357,50000,0,64000,114000
21,15,X1,-0.20599342663207043,2.0580122461542487,1.0029422044754028,0.010439683683216572,0.010871656239032745,1.0232455730438232,0.010513128712773323,1.8566928263753653,1.0029422044754028,1.0232455730438232,0.016410136595368385,1.4090336561203003,0.026011478155851364,50000,0,64000,114000
21,16,X4,-1.2833637523458252,2.056375417858362,1.0029206275939941,0.010438358411192894,0.010824688710272312,1.0216823816299438,0.010509361512959003,1.8910677466541528,1.0029206275939941,1.0216823816299438,0.017480703070759773,1.4276196956634521,0.04104674607515335,50000,0,64000,114000
21,17,X2,3.0800157601321203,2.055452836677432,1.0029006004333496,0.010435056872665882,0.010991763323545456,1.0206040143966675,0.010521401651203632,0.9982335392385722,1.0029006004333496,1.0206040143966675,0.017519893124699593,0.540166974067688,0.03584574908018112,50000,0,64000,114000
21,18,X5,-0.3460099269841095,2.0533422883599997,1.0030591487884521,0.010410125367343426,0.01060571987181902,1.0187790393829346,0.010488254949450493,1.0805699739605188,1.0030591487884521,1.0187790393829346,0.015563594177365303,0.6244004368782043,0.036238305270671844,50000,0,64000,114000
21,19,X3,1.4789042428239343,2.052357330918312,1.0030094385147095,0.010370521806180477,0.010482877492904663,1.0180110931396484,0.010483399964869022,1.1520631056278945,1.0030094385147095,1.0180110931396484,0.015283683314919472,0.692565381526947,0.040009934455156326,50000,0,64000,114000
21,20,X1,-2.157833812125217,2.05165658891201,1.0030092000961304,0.010337409563362598,0.010477405972778797,1.0173513889312744,0.010481184348464012,1.3382320849224927,1.0030092000961304,1.0173513889312744,0.01276202779263258,0.8724307417869568,0.04896719753742218,50000,0,64000,114000
21,21,X4,0.3850513520534218,2.0503680370748043,1.0028678178787231,0.010263531468808651,0.009819232858717442,1.0169950723648071,0.01042238250374794,1.2362646970897913,1.0028678178787231,1.0169950723648071,0.010763319209218025,0.7756624817848206,0.04586631804704666,50000,0,64000,114000
21,22,X2,0.6267419455723333,2.050547300837934,1.0028365850448608,0.010265786200761795,0.009934285655617714,1.0170897245407104,0.01042091939598322,1.4543774267658591,1.0028365850448608,1.0170897245407104,0.009793276898562908,0.9961683750152588,0.04443051293492317,50000,0,64000,114000
21,23,X5,0.8650099972080891,2.050556664355099,1.0028058290481567,0.010270281694829464,0.009816273115575314,1.0172468423843384,0.010417438112199306,1.5649765003472567,1.0028058290481567,1.0172468423843384,0.010352233424782753,1.110677719116211,0.03993601351976395,50000,0,64000,114000
21,24,X3,2.860964907016605,2.0503044379875064,1.0027971267700195,0.01026105135679245,0.009800071828067303,1.0170538425445557,0.010392345488071442,1.7858344482257964,1.0027971267700195,1.0170538425445557,0.010787063278257847,1.324129581451416,0.04694760963320732,50000,0,64000,114000
22,0,X1,-1.6137537212161792,13.866286169737577,1.0033859014511108,6.088033199310303,2.335933208465576,4.41250467300415,0.0264291875064373,24.4825385928154,1.0033859014511108,4.41250467300415,18.46940803527832,4.690323352813721,0.2396290898323059,50000,0,64000,114000
22,1,X4,-3.3081737131120903,4.940237540751696,1.0345185995101929,0.020418670028448105,0.1045733168721199,3.756629705429077,0.024097248911857605,7.155092127621174,1.0345185995101929,3.756629705429077,0.2541496157646179,5.866731643676758,0.07598120719194412,50000,0,64000,114000
22,2,X2,-1.251059841186736,4.335429513826966,1.0108592510223389,0.017821628600358963,0.0555768683552742,3.2304904460906982,0.020681319758296013,2.147812083363533,1.0108592510223389,3.2304904460906982,0.2517760992050171,0.9703925848007202,0.0773734599351883,50000,0,64000,114000
22,3,X5,0.859276212515593,3.4356820015236735,1.0040652751922607,0.010573570616543293,0.01316161174327135,2.395911931991577,0.011969611980021,1.2143403753638267,1.0040652751922607,2.395911931991577,0.016163412481546402,0.4711950719356537,0.046986449509859085,50000,0,64000,114000
22,4,X3,-0.09170280380349283,3.12508499994874,1.003302812576294,0.010333086363971233,0.011550003662705421,2.088258743286133,0.011640354059636593,1.083907722309232,1.003302812576294,2.088258743286133,0.012055343016982079,0.40272870659828186,0.05081136152148247,50000,0,64000,114000
22,5,X1,-1.27548271757668,2.871123544871807,1.0032997131347656,0.010312369093298912,0.011217531748116016,1.8345887660980225,0.011705164797604084,0.9982914537191392,1.0032997131347656,1.8345887660980225,0.010488975793123245,0.38531506061553955,0.034909721463918686,50000,0,64000,114000
22,6,X4,-0.7862501097248451,2.504599904641509,1.0035372972488403,0.010289473459124565,0.009750698693096638,1.4697519540786743,0.011270481161773205,0.9455182323232294,1.0035372972488403,1.4697519540786743,0.011384443379938602,0.38543736934661865,0.05403856933116913,50000,0,64000,114000
22,7,X2,-3.227977163770932,2.379022678360343,1.0032236576080322,0.010291578248143196,0.009661312215030193,1.3447363376617432,0.0111097926273942,0.8740980854257941,1.0032236576080322,1.3447363376617432,0.010632707737386227,0.3391267657279968,0.054746612906455994,50000,0,64000,114000
22,8,X5,-3.9527887868210856,2.285762277431786,1.0035539865493774,0.01028456911444664,0.009644444100558758,1.2511712312698364,0.011108046397566795,0.837854478135705,1.0035539865493774,1.2511712312698364,0.011072525754570961,0.3204417824745178,0.05539512634277344,50000,0,64000,114000
22,9,X3,1.5730787529086019,2.164351820014417,1.002784252166748,0.010213200002908707,0.009828136302530766,1.1309101581573486,0.01061607338488102,0.7951864279806614,1.002784252166748,1.1309101581573486,0.009545095264911652,0.30855593085289,0.05034651979804039,50000,0,64000,114000
22,10,X1,-4.27162615719968,2.1424436643719673,1.0027844905853271,0.010221520438790321,0.02401973120868206,1.0947966575622559,0.010621264576911926,0.855747620202601,1.0027844905853271,1.0947966575622559,0.011016552336513996,0.36648091673851013,0.058733921498060226,50000,0,64000,114000
22,11,X4,0.7381783711682663,2.11082302313298,1.002781629562378,0.010230353102087975,0.017849041149020195,1.0693284273147583,0.01063357200473547,0.7559379007667304,1.002781629562378,1.0693284273147583,0.011169372126460075,0.2681596875190735,0.0621868297457695,50000,0,64000,114000
22,12,X2,4.753011773213435,2.0761342253535986,1.0027858018875122,0.01025043148547411,0.012720371596515179,1.03987455368042,0.010503066703677177,0.7833208937197924,1.0027858018875122,1.03987455368042,0.010183563455939293,0.30777227878570557,0.05683298036456108,50000,0,64000,114000
22,13,X5,0.06480274197686242,2.067604763433337,1.002809762954712,0.01024551410228014,0.011502315290272236,1.0325534343719482,0.01049373671412468,0.8556182732805611,1.002809762954712,1.0325534343719482,0.010865810327231884,0.3910488784313202,0.046630945056676865,50000,0,64000,114000
22,14,X3,2.1281534507448585,2.062084311619401,1.002781629562378,0.010247770696878433,0.010775965638458729,1.027766466140747,0.010512479580938816,0.8491089019924403,1.002781629562378,1.027766466140747,0.010385962203145027,0.38819587230682373,0.044417448341846466,50000,0,64000,114000
22,15,X1,2.635382185614131,2.0560492407530546,1.0028929710388184,0.010216048918664455,0.010007498785853386,1.0223331451416016,0.010599576868116856,0.7889520253986121,1.0028929710388184,1.0223331451416016,0.010217206552624702,0.3313753008842468,0.04231429472565651,50000,0,64000,114000
22,16,X4,-0.11888884506093689,2.054403644055128,1.0030951499938965,0.010203196667134762,0.009861910715699196,1.0206838846206665,0.010559502057731152,0.8065040459856392,1.0030951499938965,1.0206838846206665,0.009967773221433163,0.3506370186805725,0.041143447160720825,50000,0,64000,114000
22,17,X2,0.2568264868821082,2.053263652138412,1.0031344890594482,0.010201170109212399,0.00978334341198206,1.0196031332015991,0.010541516356170177,0.6146128678694368,1.0031344890594482,1.0196031332015991,0.009257973171770573,0.16335506737232208,0.03745230287313461,50000,0,64000,114000
22,18,X5,-2.6827078402339524,2.05137668736279,1.0028576850891113,0.010206029750406742,0.00975525937974453,1.01811945438385,0.01043825875967741,0.5989744486287236,1.0028576850891113,1.01811945438385,0.010154825635254383,0.15629053115844727,0.028333663940429688,50000,0,64000,114000
22,19,X3,1.2713615444083812,2.050992633216083,1.0028952360153198,0.01020946353673935,0.009747222997248173,1.0177061557769775,0.010434554889798164,0.5914920706301927,1.0028952360153198,1.0177061557769775,0.010004589334130287,0.14600442349910736,0.031362779438495636,50000,0,64000,114000
22,20,X1,0.25216344725566664,2.0506881484761834,1.0028949975967407,0.010206530801951885,0.009709123522043228,1.0174566507339478,0.010420845821499825,0.5696505799889564,1.0028949975967407,1.0174566507339478,0.011090744286775589,0.12270413339138031,0.03178537264466286,50000,0,64000,114000
22,21,X4,-1.6475201908272927,2.050917651504278,1.0030338764190674,0.01021207869052887,0.009648161008954048,1.01763117313385,0.010392362251877785,0.574024659767747,1.0030338764190674,1.01763117313385,0.010391801595687866,0.13978458940982819,0.019715258851647377,50000,0,64000,114000
22,22,X2,4.377770692461828,2.051358290016651,1.002960443496704,0.010211717337369919,0.009657264687120914,1.0181093215942383,0.010419542901217937,0.581542749144137,1.002960443496704,1.0181093215942383,0.010155576281249523,0.14928515255451202,0.017888067290186882,50000,0,64000,114000
22,23,X5,1.3162941369543937,2.0515478746965528,1.002959966659546,0.010215692222118378,0.009670942090451717,1.0183652639389038,0.010336009785532951,0.5615265062078834,1.002959966659546,1.0183652639389038,0.009291538037359715,0.1301230937242508,0.01784682832658291,50000,0,64000,114000
22,24,X3,-0.8374153982533228,2.051645931787789,1.002841591835022,0.010209563188254833,0.009630365297198296,1.0185227394104004,0.010441672056913376,0.5854937525466084,1.002841591835022,1.0185227394104004,0.009973450563848019,0.15329350531101227,0.01795393042266369,50000,0,64000,114000
23,0,X1,4.026380397235492,8.497213531285524,1.0033859014511108,2.0242152214050293,1.016953706741333,4.4120001792907715,0.04065852239727974,19.382541620731352,1.0033859014511108,4.4120001792907715,11.197443008422852,6.539571285247803,0.562450110912323,50000,0,64000,114000
23,1,X4,2.634287301346113,4.905086738057435,1.0304783582687378,0.012772423215210438,0.07882881164550781,3.754395008087158,0.028612136840820312,4.778650776669383,1.0304783582687378,3.754395008087158,0.02162262611091137,2.7921507358551025,1.00790274143219,50000,0,64000,114000
23,2,X2,4.700858612911302,4.284991591237485,1.0030856132507324,0.011822465807199478,0.03132397308945656,3.2261924743652344,0.012567064724862576,1.7662827387452127,1.0030856132507324,3.2261924743652344,0.022003360092639923,0.5190801024436951,0.3793436586856842,50000,0,64000,114000
23,3,X5,-1.6215735915233886,3.4496883349493146,1.0047643184661865,0.011175699532032013,0.015948183834552765,2.4068515300750732,0.01094860304147005,1.7084089282900097,1.0047643184661865,2.4068515300750732,0.030143195763230324,0.6345043778419495,0.36143818497657776,50000,0,64000,114000
23,4,X3,-0.19111617084924326,3.1464721830561757,1.0028342008590698,0.01085418090224266,0.015190383419394493,2.1069388389587402,0.010654578916728497,1.7006916731595993,1.0028342008590698,2.1069388389587402,0.023547038435935974,0.7047882080078125,0.3504018187522888,50000,0,64000,114000
23,5,X1,-2.6472201122258507,2.8976752404123545,1.0028367042541504,0.010672340169548988,0.01472591795027256,1.8588272333145142,0.01061304472386837,1.71062228102237,1.0028367042541504,1.8588272333145142,0.013701659627258778,0.8548382520675659,0.26974958181381226,50000,0,64000,114000
23,6,X4,2.287958466467294,2.5317592648789287,1.0038731098175049,0.010527332313358784,0.014177335426211357,1.4926100969314575,0.010571390390396118,1.7392362620681525,1.0038731098175049,1.4926100969314575,0.011439880356192589,0.8885733485221863,0.3399263918399811,50000,0,64000,114000
23,7,X2,3.406314779276956,2.4056493593379855,1.0047053098678589,0.010503948666155338,0.014102666638791561,1.365774154663086,0.010563279502093792,3.7718230027705433,1.0047053098678589,1.365774154663086,0.01377505250275135,2.9378252029418945,0.34612685441970825,50000,0,64000,114000
23,8,X5,1.9085527595708474,2.3055602442473173,1.0041587352752686,0.010485278442502022,0.013893086463212967,1.2664560079574585,0.010567136108875275,4.452149358764291,1.0041587352752686,1.2664560079574585,0.013191143050789833,3.638782024383545,0.34605324268341064,50000,0,64000,114000
23,9,X3,2.111759913995936,2.173547093756497,1.0030858516693115,0.010411463677883148,0.013479107990860939,1.1361442804336548,0.01042638998478651,6.412535069324076,1.0030858516693115,1.1361442804336548,0.011669592000544071,5.615614891052246,0.35740455985069275,50000,0,64000,114000
23,10,X1,-3.5628842287499554,2.134791772812605,1.003082275390625,0.010371150448918343,0.014300483278930187,1.096630573272705,0.010407290421426296,7.3359876170754434,1.003082275390625,1.096630573272705,0.012513495981693268,6.449530124664307,0.45400142669677734,50000,0,64000,114000
23,11,X4,4.332943785229327,2.1070126947015524,1.0035709142684937,0.010363217443227768,0.013772951439023018,1.0689226388931274,0.010382972657680511,7.106773021258414,1.0035709142684937,1.0689226388931274,0.010589816607534885,6.230596542358398,0.45108795166015625,50000,0,64000,114000
23,12,X2,-3.5969684908412294,2.0743606304749846,1.0029703378677368,0.010331215336918831,0.014109292067587376,1.0365148782730103,0.010434906929731369,1.983171620592475,1.0029703378677368,1.0365148782730103,0.010845592245459557,1.0898213386535645,0.4746076464653015,50000,0,64000,114000
23,13,X5,3.072370637137235,2.0651251142844558,1.0029172897338867,0.010309820994734764,0.013641835190355778,1.0278187990188599,0.010437369346618652,2.0530149102211,1.0029172897338867,1.0278187990188599,0.01000109314918518,1.1445757150650024,0.4922908842563629,50000,0,64000,114000
23,14,X3,-3.3275944228870835,2.0598486196249723,1.0030430555343628,0.010303210467100143,0.013333601877093315,1.0227094888687134,0.010459262877702713,2.35797987729311,1.0030430555343628,1.0227094888687134,0.010801322758197784,1.3434405326843262,0.5985875129699707,50000,0,64000,114000
23,15,X1,1.8589195161619285,2.0544853592291474,1.003274917602539,0.010266193188726902,0.012956819497048855,1.0175518989562988,0.010435529984533787,2.5814312038943172,1.003274917602539,1.0175518989562988,0.01005734782665968,1.5595495700836182,0.6076589226722717,50000,0,64000,114000
23,16,X4,2.4435240633228714,2.0531941931694746,1.0032434463500977,0.010273775085806847,0.012905712239444256,1.016331434249878,0.010439825244247913,2.568995021469891,1.0032434463500977,1.016331434249878,0.010257159359753132,1.2958073616027832,0.8590155243873596,50000,0,64000,114000
23,17,X2,-3.211721273407976,2.0524760764092207,1.0029908418655396,0.010274907574057579,0.013070558197796345,1.0156314373016357,0.010508331470191479,2.512622868269682,1.0029908418655396,1.0156314373016357,0.010634075850248337,1.1526607275009155,0.945603609085083,50000,0,64000,114000
23,18,X5,0.5816254675961217,2.0515541676431894,1.0028927326202393,0.010252341628074646,0.013000224716961384,1.0150052309036255,0.010403637774288654,2.0276030031964183,1.0028927326202393,1.0150052309036255,0.010295423679053783,0.9275203943252563,0.6862075924873352,50000,0,64000,114000
23,19,X3,-2.5097525485879735,2.0514072086662054,1.0029481649398804,0.010246006771922112,0.012959260493516922,1.0148615837097168,0.010392192751169205,2.2210787422955036,1.0029481649398804,1.0148615837097168,0.011260975152254105,1.0045398473739624,0.8017159700393677,50000,0,64000,114000
23,20,X1,4.528134737463768,2.053704183548689,1.0029481649398804,0.010246931575238705,0.015344146639108658,1.0147572755813599,0.010407664813101292,2.063035039231181,1.0029481649398804,1.0147572755813599,0.010995594784617424,0.7357463240623474,0.9127520322799683,50000,0,64000,114000
23,21,X4,-3.173527436557352,2.0537385744974017,1.0031700134277344,0.010218033567070961,0.015050948597490788,1.0148632526397705,0.010436326265335083,1.2212482374161482,1.0031700134277344,1.0148632526397705,0.00996956042945385,0.7634533047676086,0.04421871900558472,50000,0,64000,114000
23,22,X2,4.829566589437697,2.0538627859205008,1.0031732320785522,0.01021792646497488,0.014940176159143448,1.0150388479232788,0.010492603294551373,1.1055780183523893,1.0031732320785522,1.0150388479232788,0.01044631190598011,0.642536997795105,0.048952292650938034,50000,0,64000,114000
23,23,X5,0.0013334057187330828,2.053803911432624,1.0030802488327026,0.010224415920674801,0.014781072735786438,1.015201449394226,0.010516724549233913,1.038687295652926,1.0030802488327026,1.015201449394226,0.00969375018030405,0.5839159488677979,0.041421256959438324,50000,0,64000,114000
23,24,X3,-4.9475903458448345,2.054060759022832,1.0032861232757568,0.01022363267838955,0.014409474097192287,1.0156893730163574,0.010452155955135822,0.9945425748825073,1.0032861232757568,1.0156893730163574,0.00976552814245224,0.5418448448181152,0.039137102663517,50000,0,64000,114000
24,0,X1,-3.442334735640099,14.997017335146666,1.0033859014511108,6.239736557006836,3.285954236984253,4.414355754852295,0.053584884852170944,26.39697697162628,1.0033859014511108,4.414355754852295,18.177343368530273,6.535712718963623,0.6003725528717041,50000,0,64000,114000
24,1,X4,-1.498179287675737,4.935623636469245,1.026188611984253,0.025628412142395973,0.07385586202144623,3.7648637294769287,0.045087020844221115,11.175172731280327,1.026188611984253,3.7648637294769287,0.1311967819929123,9.674022674560547,0.41174280643463135,50000,0,64000,114000
24,2,X2,1.7670003700948298,4.291692275553942,1.0114505290985107,0.017681561410427094,0.07460689544677734,3.1674113273620605,0.020541962236166,1.9552724272012711,1.0114505290985107,3.1674113273620605,0.11953400075435638,0.6793213486671448,0.32064470648765564,50000,0,64000,114000
24,3,X5,1.3845963357959974,3.3689639000222087,1.0038658380508423,0.010576200671494007,0.05623244494199753,2.285231828689575,0.013057587668299675,1.6052644230425357,1.0038658380508423,2.285231828689575,0.011334571987390518,0.6656873822212219,0.27042293548583984,50000,0,64000,114000
24,4,X3,-2.7519661138289777,3.0578874591737986,1.0040990114212036,0.010487483814358711,0.05253266915678978,1.9780610799789429,0.012707214802503586,1.6422535229474307,1.0040990114212036,1.9780610799789429,0.01108195073902607,0.7255687713623047,0.30917078256607056,50000,0,64000,114000
24,5,X1,-0.7312306950588221,2.8075526049360633,1.0041742324829102,0.010486799292266369,0.04923884570598602,1.7320866584777832,0.011566068977117538,1.6400886233896017,1.0041742324829102,1.7320866584777832,0.011804824694991112,0.774394154548645,0.3066374659538269,50000,0,64000,114000
24,6,X4,3.4865615426805494,2.4525306914001703,1.0046980381011963,0.010444262064993382,0.03496062755584717,1.3914889097213745,0.010938853956758976,1.60060630813241,1.0046980381011963,1.3914889097213745,0.010081011801958084,0.8641737699508667,0.2471141368150711,50000,0,64000,114000
24,7,X2,-0.2761877032884019,2.3342303968966007,1.0050241947174072,0.01044179406017065,0.026248373091220856,1.2816035747528076,0.010912460274994373,1.2610063835978509,1.0050241947174072,1.2816035747528076,0.009675242006778717,0.6117691993713379,0.18223638832569122,50000,0,64000,114000
24,8,X5,-1.8141990119754645,2.2479319982230663,1.0049327611923218,0.010428638197481632,0.019049661234021187,1.2026509046554565,0.01087003294378519,1.3081736829131843,1.0049327611923218,1.2026509046554565,0.01042703352868557,0.6123645305633545,0.24386538565158844,50000,0,64000,114000
24,9,X3,1.3786919734909953,2.141861987300217,1.0040360689163208,0.010355465114116669,0.011472656391561031,1.1052343845367432,0.010763412341475487,1.3175802377983927,1.0040360689163208,1.1052343845367432,0.01040829997509718,0.6365293860435486,0.24878846108913422,50000,0,64000,114000
24,10,X1,3.6479030859796975,2.114074256271124,1.0040340423583984,0.010355236940085888,0.011389152146875858,1.0775293111801147,0.010766513645648956,1.3426155144348741,1.0040340423583984,1.0775293111801147,0.010881760157644749,0.6857321858406067,0.22968889772891998,50000,0,64000,114000
24,11,X4,1.972139186281714,2.0942636309191585,1.0036107301712036,0.010335474275052547,0.011227642185986042,1.0581586360931396,0.010931148193776608,1.1735947132110596,1.0036107301712036,1.0581586360931396,0.012426048517227173,0.5027350783348083,0.2460797131061554,50000,0,64000,114000
24,12,X2,4.802989015528091,2.0706517845392227,1.0027821063995361,0.010337939485907555,0.010874942876398563,1.0357060432434082,0.010950752533972263,1.126012419164181,1.0027821063995361,1.0357060432434082,0.011501006782054901,0.5099267959594727,0.19688698649406433,50000,0,64000,114000
24,13,X5,-0.5658927959321058,2.0643641790375113,1.0027893781661987,0.010333487764000893,0.010814732871949673,1.029544711112976,0.010881869122385979,1.152406436763704,1.0027893781661987,1.029544711112976,0.009965500794351101,0.5267830491065979,0.20919106900691986,50000,0,64000,114000
24,14,X3,-4.855321860935369,2.0606681797653437,1.0027838945388794,0.01032643299549818,0.010803435929119587,1.0257585048675537,0.010995911434292793,1.0909911330789328,1.0027838945388794,1.0257585048675537,0.0110382791608572,0.458621084690094,0.21562328934669495,50000,0,64000,114000
24,15,X1,-4.6199413602283,2.0558337662369013,1.0028185844421387,0.010298190638422966,0.010761738754808903,1.0211442708969116,0.010810981504619122,0.9855433968827129,1.0028185844421387,1.0211442708969116,0.010140764527022839,0.35302361845970154,0.2175864428281784,50000,0,64000,114000
24,16,X4,4.718195524266623,2.0547848381102085,1.0030168294906616,0.01030340138822794,0.010766653344035149,1.0198906660079956,0.010807287879288197,1.088948186300695,1.0030168294906616,1.0198906660079956,0.009624629281461239,0.4850856363773346,0.18965642154216766,50000,0,64000,114000
24,17,X2,-1.3486245035889954,2.054272792302072,1.0030065774917603,0.01030584517866373,0.010811264626681805,1.0193558931350708,0.010793211869895458,1.586475334689021,1.0030065774917603,1.0193558931350708,0.011135919019579887,0.9610790014266968,0.20978792011737823,50000,0,64000,114000
24,18,X5,2.7831157474454384,2.0527571607381105,1.0029215812683105,0.01030773390084505,0.010687354952096939,1.0181710720062256,0.01066941861063242,1.2861012717708946,1.0029215812683105,1.0181710720062256,0.011490165255963802,0.6891950964927673,0.18119747936725616,50000,0,64000,114000
24,19,X3,4.706254951683604,2.0520479567348957,1.003021478652954,0.010315688326954842,0.010658659972250462,1.0173547267913818,0.010697402991354465,1.1295166708528996,1.003021478652954,1.0173547267913818,0.011397991329431534,0.5632460713386536,0.15079736709594727,50000,0,64000,114000
24,20,X1,0.4824572574306094,2.0515326596796513,1.003022313117981,0.010321586392819881,0.01064023282378912,1.016903042793274,0.010645484551787376,1.218115010485053,1.003022313117981,1.016903042793274,0.010209387168288231,0.6346451640129089,0.16927538812160492,50000,0,64000,114000
24,21,X4,1.733649143703838,2.051313460804522,1.0029845237731934,0.010308505035936832,0.010558444075286388,1.0166853666305542,0.010776621289551258,1.1894231302663685,1.0029845237731934,1.0166853666305542,0.010591159574687481,0.61985182762146,0.15504616498947144,50000,0,64000,114000
24,22,X2,0.6207988765913779,2.051361725665629,1.002903938293457,0.010306265205144882,0.010571992956101894,1.0169039964675903,0.01067553274333477,1.212164523266256,1.002903938293457,1.0169039964675903,0.010041444562375546,0.63759446144104,0.1605670303106308,50000,0,64000,114000
24,23,X5,2.2949048704388435,2.051692279987037,1.0029319524765015,0.010302617214620113,0.010528276674449444,1.0171022415161133,0.010827192105352879,1.1524735996499658,1.0029319524765015,1.0171022415161133,0.010083870030939579,0.6082063913345337,0.13017649948596954,50000,0,64000,114000
24,24,X3,3.221771462902135,2.051771394908428,1.002834677696228,0.0103097939863801,0.010481322184205055,1.0174775123596191,0.010668088681995869,1.0107214396819473,1.002834677696228,1.0174775123596191,0.01228336151689291,0.4575389325618744,0.1368367075920105,50000,0,64000,114000
25,0,X1,1.9518781707549815,7.993841286748648,1.0033859014511108,1.6921710968017578,0.8418947458267212,4.412377834320068,0.04401170834898949,18.396490848064424,1.0033859014511108,4.412377834320068,9.61867904663086,7.125914573669434,0.5687444806098938,50000,0,64000,114000
25,1,X4,1.6557341243000572,4.838334404863417,1.0081297159194946,0.012467619962990284,0.03673020750284195,3.756068468093872,0.024938393384218216,4.093040125072003,1.0081297159194946,3.756068468093872,0.03376489132642746,2.19669246673584,0.9097431302070618,50000,0,64000,114000
25,2,X2,-4.673387319992913,4.302178920246661,1.0067311525344849,0.01132033858448267,0.027921870350837708,3.2351932525634766,0.021012306213378906,2.665340192243457,1.0067311525344849,3.2351932525634766,0.030925748869776726,1.5620906352996826,0.2239389270544052,50000,0,64000,114000
25,3,X5,-3.73329329093011,3.4400012101978064,1.0033740997314453,0.011242402717471123,0.010925281792879105,2.4008731842041016,0.013586241751909256,1.786453654617071,1.0033740997314453,2.4008731842041016,0.025957074016332626,0.6285253763198853,0.4511217474937439,50000,0,64000,114000
25,4,X3,-0.5121501384427454,3.12049688026309,1.0032449960708618,0.011074892245233059,0.010506181046366692,2.0826826095581055,0.012988201342523098,1.459711554646492,1.0032449960708618,2.0826826095581055,0.03057144582271576,0.5079367756843567,0.3040178120136261,50000,0,64000,114000
25,5,X1,3.1569389013328255,2.8632053108885884,1.0032453536987305,0.01088788267225027,0.01055773627012968,1.8260616064071655,0.012452731840312481,1.3343438908457756,1.0032453536987305,1.8260616064071655,0.022301368415355682,0.44601699709892273,0.300164133310318,50000,0,64000,114000
25,6,X4,3.3646538457942015,2.5042707482352853,1.0046344995498657,0.010657180100679398,0.010458762757480145,1.4663095474243164,0.012210758402943611,1.4610137665644287,1.0046344995498657,1.4663095474243164,0.014721640385687351,0.4171222448348999,0.5349810719490051,50000,0,64000,114000
25,7,X2,-0.7143271238090909,2.3870456218719482,1.0051990747451782,0.010665912181138992,0.010378865525126457,1.3486225605010986,0.012179208919405937,1.1388606570661068,1.0051990747451782,1.3486225605010986,0.014258529990911484,0.3936022222042084,0.26023557782173157,50000,0,64000,114000
25,8,X5,3.3792706589584185,2.3003790574148297,1.0061051845550537,0.010649307630956173,0.010387278161942959,1.261136770248413,0.012100516818463802,1.1207210229709745,1.0061051845550537,1.261136770248413,0.014384006150066853,0.327091783285141,0.32579684257507324,50000,0,64000,114000
25,9,X3,-1.5181102643862552,2.178732461296022,1.0044931173324585,0.010539709590375423,0.010295501910150051,1.1419717073440552,0.011432425118982792,0.9395010836422444,1.0044931173324585,1.1419717073440552,0.011378120630979538,0.4621356725692749,0.036694325506687164,50000,0,64000,114000
25,10,X1,1.4902709371699405,2.139184129424393,1.0044904947280884,0.010519000701606274,0.01030370220541954,1.1029679775238037,0.010902954265475273,1.4436185609549286,1.0044904947280884,1.1029679775238037,0.010786248371005058,0.4272536039352417,0.5840870141983032,50000,0,64000,114000
25,11,X4,-3.7496554650986225,2.1118820253759623,1.004860520362854,0.010495692491531372,0.010284753516316414,1.0752938985824585,0.010947160422801971,0.9982621856033802,1.004860520362854,1.0752938985824585,0.01099967211484909,0.5164956450462341,0.05473598465323448,50000,0,64000,114000
25,12,X2,4.544830242929427,2.081470930017531,1.0051734447479248,0.010491685941815376,0.010334697552025318,1.0445976257324219,0.010873476043343544,1.0429573521018027,1.0051734447479248,1.0445976257324219,0.009511061012744904,0.585218608379364,0.03827346861362457,50000,0,64000,114000
25,13,X5,-1.4353948425954135,2.072573478333652,1.0043981075286865,0.01046083215624094,0.010397235862910748,1.0364742279052734,0.010843074880540371,1.0523812470957639,1.0043981075286865,1.0364742279052734,0.009585264138877392,0.5958440899848938,0.0387774258852005,50000,0,64000,114000
25,14,X3,-1.8923963104082908,2.066320015117526,1.0043704509735107,0.010457482188940048,0.01043059304356575,1.030271291732788,0.010790197178721428,1.0799613336101175,1.0043704509735107,1.030271291732788,0.010398243553936481,0.6255354285240173,0.037099312990903854,50000,0,64000,114000
25,15,X1,-4.285067815632145,2.061993297189474,1.0042036771774292,0.010448716580867767,0.012923047877848148,1.0237635374069214,0.010654318146407604,1.161344376578927,1.0042036771774292,1.0237635374069214,0.009341074153780937,0.706470787525177,0.039939071983098984,50000,0,64000,114000
25,16,X4,-2.941732123863975,2.0596172008663416,1.004334568977356,0.010450281202793121,0.011735549196600914,1.0221747159957886,0.010922085493803024,1.1908777479082346,1.004334568977356,1.0221747159957886,0.010471181944012642,0.7574169635772705,0.01768774539232254,50000,0,64000,114000
25,17,X2,-4.5309186638816525,2.0576587803661823,1.0041649341583252,0.010451146401464939,0.011140571907162666,1.021332025527954,0.010570102371275425,1.22408367972821,1.0041649341583252,1.021332025527954,0.010151424445211887,0.7955313920974731,0.013301471248269081,50000,0,64000,114000
25,18,X5,0.5840595162315569,2.0553746530786157,1.0033818483352661,0.010404426604509354,0.010608875192701817,1.0202492475509644,0.010730255395174026,1.244081429950893,1.0033818483352661,1.0202492475509644,0.01082516461610794,0.816058874130249,0.012471172027289867,50000,0,64000,114000
25,19,X3,4.767737054608364,2.054747081361711,1.003448724746704,0.010400041937828064,0.010551505722105503,1.019965648651123,0.01038116030395031,1.2163684852421284,1.003448724746704,1.019965648651123,0.010272784158587456,0.787887454032898,0.013525372371077538,50000,0,64000,114000
25,20,X1,-4.899474263195291,2.0548310056328773,1.0034489631652832,0.01039954088628292,0.010795261710882187,1.019720435142517,0.01046680472791195,1.065269404090941,1.0034489631652832,1.019720435142517,0.010564620606601238,0.6388914585113525,0.011179445311427116,50000,0,64000,114000
25,21,X4,-0.1393214974245378,2.0540815899148583,1.0031100511550903,0.010399886406958103,0.011086799204349518,1.019008755683899,0.010476097464561462,1.0204252490773797,1.0031100511550903,1.019008755683899,0.0118101229891181,0.592435896396637,0.01175546832382679,50000,0,64000,114000
25,22,X2,-0.795652091526251,2.0531547777354717,1.0029637813568115,0.010404225438833237,0.010907591320574284,1.0184895992279053,0.010389580391347408,0.8794037196785212,1.0029637813568115,1.0184895992279053,0.010241805575788021,0.45373743772506714,0.011133800260722637,50000,0,64000,114000
25,23,X5,2.042749710348037,2.052626933902502,1.00295090675354,0.010397326201200485,0.010666090063750744,1.0181862115859985,0.010426399298012257,0.8890533067286015,1.00295090675354,1.0181862115859985,0.009450515732169151,0.4639533460140228,0.011422021314501762,50000,0,64000,114000
25,24,X3,-4.358854532348407,2.0524689136072993,1.0029855966567993,0.010375923477113247,0.010304788127541542,1.0183430910110474,0.01045951433479786,0.9255556384101511,1.0029855966567993,1.0183430910110474,0.009213405661284924,0.49976179003715515,0.012314705178141594,50000,0,64000,114000
26,0,X1,-3.115642057102106,18.368251882493496,1.0033859014511108,8.876994132995605,4.040200233459473,4.412006378173828,0.03566523641347885,27.00689615011215,1.0033859014511108,4.412006378173828,19.7344913482666,5.718247413635254,0.47107893228530884,50000,0,64000,114000
26,1,X4,-1.5090985425647263,4.978822650387883,1.003279447555542,0.018295101821422577,0.17717112600803375,3.7544209957122803,0.02565597929060459,4.530683974176645,1.003279447555542,3.7544209957122803,0.038700882345438004,3.2658793926239014,0.27456361055374146,50000,0,64000,114000
26,2,X2,-1.709103010745162,4.375602316111326,1.009586215019226,0.012643368914723396,0.12212371826171875,3.2198305130004883,0.011418500915169716,2.1957436431199313,1.009586215019226,3.2198305130004883,0.02327721007168293,1.016589879989624,0.3099932074546814,50000,0,64000,114000
26,3,X5,-0.8530047731764654,3.4418819518759847,1.003922462463379,0.01084834523499012,0.024829305708408356,2.3915629386901855,0.01071889977902174,1.5077382396906613,1.003922462463379,2.3915629386901855,0.019497347995638847,0.6412186622619629,0.1679251492023468,50000,0,64000,114000
26,4,X3,-0.11697544776167046,3.128622230142355,1.0028184652328491,0.010632479563355446,0.014913100749254227,2.0895771980285645,0.010680986568331718,1.368402736261487,1.0028184652328491,2.0895771980285645,0.016182662919163704,0.6063980460166931,0.12734289467334747,50000,0,64000,114000
26,5,X1,-1.0408093725707355,2.8755908589810133,1.0028212070465088,0.010563340038061142,0.012248734012246132,1.8393975496292114,0.01056002825498581,1.21019448004663,1.0028212070465088,1.8393975496292114,0.01516800932586193,0.512176513671875,0.11440620571374893,50000,0,64000,114000
26,6,X4,-1.4092528440305507,2.5108999041840434,1.0029573440551758,0.010548602789640427,0.010680283419787884,1.4762858152389526,0.010427858680486679,1.3194139556959272,1.0029573440551758,1.4762858152389526,0.01490039099007845,0.6798341870307922,0.12883074581623077,50000,0,64000,114000
26,7,X2,4.382311059204177,2.389325109310448,1.0036661624908447,0.010544052347540855,0.010887145064771175,1.353746771812439,0.010480977594852448,1.549909962154925,1.0036661624908447,1.353746771812439,0.013339565135538578,0.9285355806350708,0.13655222952365875,50000,0,64000,114000
26,8,X5,-3.974876687231854,2.2955276826396585,1.003479242324829,0.010515028610825539,0.010486242361366749,1.2605127096176147,0.010534459725022316,1.6151754004880785,1.003479242324829,1.2605127096176147,0.012203137390315533,1.0203039646148682,0.12986990809440613,50000,0,64000,114000
26,9,X3,-2.4284041606159312,2.172769776545465,1.0031179189682007,0.01049675140529871,0.010220673866569996,1.1384860277175903,0.010448404587805271,1.5948154056444763,1.0031179189682007,1.1384860277175903,0.01173714641481638,1.0606962442398071,0.0940612256526947,50000,0,64000,114000
26,10,X1,1.9241609514542084,2.1357880756258965,1.0031182765960693,0.010489418171346188,0.010233824141323566,1.1015101671218872,0.010436389595270157,1.5124739257618787,1.0031182765960693,1.1015101671218872,0.01412674318999052,0.9843658208847046,0.09305567294359207,50000,0,64000,114000
26,11,X4,-1.3181120771980428,2.109279617667198,1.003166675567627,0.010482287034392357,0.010210776701569557,1.0749776363372803,0.01044224202632904,1.6000577423721554,1.003166675567627,1.0749776363372803,0.01450253464281559,1.0459192991256714,0.12400704622268677,50000,0,64000,114000
26,12,X2,-3.099787452637951,2.076444090344012,1.002803087234497,0.010449586436152458,0.010015380568802357,1.042814016342163,0.010362019762396812,1.6384278256446123,1.002803087234497,1.042814016342163,0.01067742146551609,1.1332558393478394,0.08537114411592484,50000,0,64000,114000
26,13,X5,3.6553341944068016,2.0673628207296133,1.0030463933944702,0.010429274290800095,0.00995110534131527,1.0335749387741089,0.010361108928918839,1.7468795746564865,1.0030463933944702,1.0335749387741089,0.011274196207523346,1.2433768510818481,0.0849042609333992,50000,0,64000,114000
26,14,X3,-0.7774885879369968,2.0611821012571454,1.0029736757278442,0.010426240973174572,0.009918244555592537,1.0274702310562134,0.010393708944320679,1.9051209630444645,1.0029736757278442,1.0274702310562134,0.012783710844814777,1.3932299613952637,0.09301850944757462,50000,0,64000,114000
26,15,X1,1.4530674855893704,2.0552150728181005,1.0033812522888184,0.010413683950901031,0.009827550500631332,1.0212706327438354,0.01032195333391428,1.6518533496186136,1.0033812522888184,1.0212706327438354,0.013965013436973095,1.142066240310669,0.09089171886444092,50000,0,64000,114000
26,16,X4,4.214573312438814,2.053773069754243,1.0034067630767822,0.010400748811662197,0.009812837466597557,1.019866704940796,0.010286015458405018,1.7401720292866232,1.0034067630767822,1.019866704940796,0.011458810418844223,1.2533408403396606,0.07071768492460251,50000,0,64000,114000
26,17,X2,4.290925765811734,2.052638713270426,1.003326177597046,0.010396942496299744,0.009820882230997086,1.018810510635376,0.010284200310707092,1.6754159435629845,1.003326177597046,1.018810510635376,0.012764543294906616,1.1739684343338013,0.0842556282877922,50000,0,64000,114000
26,18,X5,-0.6322917379791946,2.0506312539801,1.002877950668335,0.010367908515036106,0.009816418401896954,1.0172961950302124,0.010272781364619732,1.9623778130859137,1.002877950668335,1.0172961950302124,0.012857763096690178,1.464575171470642,0.08091004937887192,50000,0,64000,114000
26,19,X3,-0.5262267057127135,2.05011173710227,1.0028008222579956,0.010348855517804623,0.009818416088819504,1.0168713331222534,0.010272310115396976,1.7971703939139843,1.0028008222579956,1.0168713331222534,0.012388009577989578,1.293554663658142,0.08729328960180283,50000,0,64000,114000
26,20,X1,-4.596243544324333,2.0497635481879115,1.002800703048706,0.010336954146623611,0.009839965961873531,1.016509771347046,0.010276153683662415,2.3268860256299377,1.002800703048706,1.016509771347046,0.009861423633992672,1.832275390625,0.08088711649179459,50000,0,64000,114000
26,21,X4,-4.484515332138685,2.0497103249654174,1.0027881860733032,0.010302494280040264,0.009805605746805668,1.0162343978881836,0.010579640977084637,2.2250245766714216,1.0027881860733032,1.0162343978881836,0.010798127390444279,1.7620365619659424,0.0483853705227375,50000,0,64000,114000
26,22,X2,4.361812047595139,2.0496892612427473,1.0027854442596436,0.010298645123839378,0.00983381923288107,1.0162171125411987,0.010554240085184574,1.8688357189297675,1.0027854442596436,1.0162171125411987,0.010208304971456528,1.4014350175857544,0.05339188501238823,50000,0,64000,114000
26,23,X5,4.466918595694057,2.0496750427410007,1.002791166305542,0.01030296552926302,0.009888026863336563,1.016153335571289,0.010539548471570015,2.01077149938792,1.002791166305542,1.016153335571289,0.010733812116086483,1.5512834787368774,0.04496530815958977,50000,0,64000,114000
26,24,X3,-1.0742115693968701,2.049937658943236,1.0027869939804077,0.010290601290762424,0.010157155804336071,1.0163536071777344,0.010349300689995289,2.005332342721522,1.0027869939804077,1.0163536071777344,0.010605075396597385,1.539053201675415,0.05184594541788101,50000,0,64000,114000
27,0,X1,3.332072559308303,8.244814651086926,1.0033859014511108,2.187761068344116,0.6133772730827332,4.413662910461426,0.026627497747540474,17.561408078670503,1.0033859014511108,4.413662910461426,10.402305603027344,5.108070373535156,0.9676223397254944,50000,0,64000,114000
27,1,X4,2.3159000525125517,4.998952287249267,1.032516360282898,0.014294999651610851,0.16918842494487762,3.76177716255188,0.021175339818000793,2.85641730055213,1.032516360282898,3.76177716255188,0.04906734451651573,0.9253026247024536,0.9231886267662048,50000,0,64000,114000
27,2,X2,-1.3221953549105834,4.356676950119436,1.010683536529541,0.01285735983401537,0.11487866193056107,3.2006990909576416,0.017558300867676735,1.7580843836069107,1.010683536529541,3.2006990909576416,0.02405114471912384,0.7446758151054382,0.1470808982849121,50000,0,64000,114000
27,3,X5,-4.368924995279723,3.426464824937284,1.0109319686889648,0.010817165486514568,0.021007437258958817,2.3688178062438965,0.01489044725894928,1.8344122447073459,1.0109319686889648,2.3688178062438965,0.01774219051003456,0.8792795538902283,0.26144054532051086,50000,0,64000,114000
27,4,X3,1.056907488810225,3.1062072282657027,1.0085430145263672,0.010736096650362015,0.014228392392396927,2.058053970336914,0.014645754359662533,2.004731049761176,1.0085430145263672,2.058053970336914,0.013911029323935509,1.0139843225479126,0.36351630091667175,50000,0,64000,114000
27,5,X1,-3.789069129007826,2.8815919822081923,1.0085618495941162,0.010701396502554417,0.037664614617824554,1.8099193572998047,0.014744764193892479,2.2843825317919255,1.0085618495941162,1.8099193572998047,0.010649923235177994,1.2601141929626465,0.4499221742153168,50000,0,64000,114000
27,6,X4,-0.556071967494784,2.5206745946779847,1.011598825454712,0.010492545552551746,0.025622062385082245,1.4588018655776978,0.014159295707941055,2.168871449120343,1.011598825454712,1.4588018655776978,0.010143463499844074,1.3213011026382446,0.3433467447757721,50000,0,64000,114000
27,7,X2,0.0008724869303584626,2.3910724064335227,1.007651686668396,0.010490586049854755,0.019543014466762543,1.3396499156951904,0.013737203553318977,1.8792880846187472,1.007651686668396,1.3396499156951904,0.010415042750537395,1.0154919624328613,0.3839207589626312,50000,0,64000,114000
27,8,X5,-4.670302433875994,2.296752988360822,1.0061450004577637,0.010468972846865654,0.015958614647388458,1.2505444288253784,0.013635971583425999,1.9535483194515109,1.0061450004577637,1.2505444288253784,0.009314174763858318,1.033481478691101,0.4594147801399231,50000,0,64000,114000
27,9,X3,-2.953806534121143,2.179303008131683,1.0050331354141235,0.010586575604975224,0.01307256706058979,1.1368151903152466,0.013795539736747742,2.2030786970630287,1.0050331354141235,1.1368151903152466,0.00972037110477686,1.2204654216766357,0.5445232391357422,50000,0,64000,114000
27,10,X1,-2.1299673381389783,2.143347374163568,1.005021333694458,0.01058331597596407,0.012445632368326187,1.101961612701416,0.01333547942340374,2.433012456074357,1.005021333694458,1.101961612701416,0.010573381558060646,1.4361152648925781,0.5649272203445435,50000,0,64000,114000
27,11,X4,2.0292802368895515,2.118064844980836,1.0051583051681519,0.010580831207334995,0.011763573624193668,1.0772795677185059,0.013282567262649536,1.9826073534786701,1.0051583051681519,1.0772795677185059,0.009499777108430862,1.0850971937179565,0.47152280807495117,50000,0,64000,114000
27,12,X2,-3.4829321265376,2.087603524327278,1.0049753189086914,0.010464002378284931,0.01104454230517149,1.0479387044906616,0.013180956244468689,1.1347335079684853,1.0049753189086914,1.0479387044906616,0.010051102377474308,0.579005241394043,0.13509435951709747,50000,0,64000,114000
27,13,X5,1.0496949010855419,2.079986644908786,1.0052025318145752,0.010468866676092148,0.010778608731925488,1.0405405759811401,0.012996061705052853,1.1241899283602834,1.0052025318145752,1.0405405759811401,0.00972489733248949,0.5372348427772522,0.16808156669139862,50000,0,64000,114000
27,14,X3,-1.3930133561498725,2.0729379104450345,1.0045636892318726,0.010434851050376892,0.010505203157663345,1.0349971055984497,0.012437061406672001,0.9398990334942937,1.0045636892318726,1.0349971055984497,0.010152225382626057,0.4118996560573578,0.10993499308824539,50000,0,64000,114000
27,15,X1,0.34393100098531715,2.064395111054182,1.0041862726211548,0.01036789733916521,0.010128063149750233,1.0274379253387451,0.012274952605366707,1.058918116055429,1.0041862726211548,1.0274379253387451,0.010623416863381863,0.5001393556594849,0.14183050394058228,50000,0,64000,114000
27,16,X4,3.6566764141961627,2.062367462553084,1.0047063827514648,0.010355116799473763,0.00995535496622324,1.0250535011291504,0.01229710690677166,1.0307885222136974,1.0047063827514648,1.0250535011291504,0.010732736438512802,0.45974043011665344,0.15436337888240814,50000,0,64000,114000
27,17,X2,1.1563390844246877,2.0605392549186945,1.0043799877166748,0.010353443212807178,0.00991637073457241,1.0237051248550415,0.012184328399598598,0.7513765232637525,1.0043799877166748,1.0237051248550415,0.009635080583393574,0.20835471153259277,0.12776970863342285,50000,0,64000,114000
27,18,X5,3.383758005180786,2.0568220522254705,1.0040061473846436,0.010347968898713589,0.009783471934497356,1.0215553045272827,0.011129159480333328,0.6841425715014339,1.0040061473846436,1.0215553045272827,0.009115311317145824,0.14313706755638123,0.12677790224552155,50000,0,64000,114000
27,19,X3,-2.920102228956256,2.0558587117120624,1.0040245056152344,0.010314570739865303,0.009796852245926857,1.0207499265670776,0.010972856543958187,0.7112658744677902,1.0040245056152344,1.0207499265670776,0.010111822746694088,0.17425329983234406,0.12194586545228958,50000,0,64000,114000
27,20,X1,-2.592771224659516,2.055107112042606,1.0040245056152344,0.0102945351973176,0.009777836501598358,1.020202875137329,0.010807359591126442,0.6796451006084681,1.0040245056152344,1.020202875137329,0.010460743680596352,0.1224619597196579,0.1418769210577011,50000,0,64000,114000
27,21,X4,-0.2413368554329054,2.053377847187221,1.003671646118164,0.010273466818034649,0.009751057252287865,1.0189309120178223,0.010750764980912209,0.6835584118962288,1.003671646118164,1.0189309120178223,0.010001413524150848,0.138258695602417,0.13077779114246368,50000,0,64000,114000
27,22,X2,-2.7836269252886647,2.052767276763916,1.003482699394226,0.010272420011460781,0.00978456623852253,1.0184978246688843,0.010729766450822353,0.6562549008056522,1.003482699394226,1.0184978246688843,0.010036746971309185,0.12040206789970398,0.1214199811220169,50000,0,64000,114000
27,23,X5,-1.8784478373371458,2.0522896107286215,1.0034250020980835,0.010252582840621471,0.009759437292814255,1.0182132720947266,0.010639316402375698,0.6652867147698999,1.0034250020980835,1.0182132720947266,0.011099026538431644,0.11958245933055878,0.1302775740623474,50000,0,64000,114000
27,24,X3,2.7656087400511193,2.0518081029877067,1.0031583309173584,0.010251670144498348,0.009829974733293056,1.0179088115692139,0.010659315623342991,0.717098887078464,1.0031583309173584,1.0179088115692139,0.01028644572943449,0.14068037271499634,0.16191864013671875,50000,0,64000,114000
28,0,X1,-3.03114284101503,16.94114362448454,1.0033859014511108,8.016674995422363,3.4854962825775146,4.4129815101623535,0.022604934871196747,26.03784508705139,1.0033859014511108,4.4129815101623535,18.883617401123047,5.887365818023682,0.18358838558197021,50000,0,64000,114000
28,1,X4,-0.1769150205778347,4.941096955910325,1.0380587577819824,0.02480241470038891,0.10181786864995956,3.758747100830078,0.01767081394791603,5.450335270166397,1.0380587577819824,3.758747100830078,0.08444669842720032,3.945007801055908,0.46151959896087646,50000,0,64000,114000
28,2,X2,-1.6918104532338418,4.313173756934702,1.0432453155517578,0.01481659710407257,0.059484757483005524,3.1847290992736816,0.010897987522184849,2.8337881304323673,1.0432453155517578,3.1847290992736816,0.059071097522974014,1.4113309383392334,0.517791211605072,50000,0,64000,114000
28,3,X5,1.2644265925084586,3.401427951641381,1.0108259916305542,0.010575130581855774,0.05065294727683067,2.318551778793335,0.01082210335880518,2.0922687258571386,1.0108259916305542,2.318551778793335,0.021500995382666588,1.2440265417099,0.1608656346797943,50000,0,64000,114000
28,4,X3,-0.3675806665797712,3.1060741133987904,1.021817684173584,0.010454816743731499,0.049221087247133255,2.013697385787964,0.010883139446377754,2.123325926810503,1.021817684173584,2.013697385787964,0.017808008939027786,1.3090317249298096,0.18938317894935608,50000,0,64000,114000
28,5,X1,4.100186993902469,2.9198507638648152,1.0220469236373901,0.010462851263582706,0.1069658100605011,1.7694191932678223,0.010955985635519028,1.6133211078122258,1.0220469236373901,1.7694191932678223,0.011969444341957569,0.8538236021995544,0.18923483788967133,50000,0,64000,114000
28,6,X4,-0.6364227295162417,2.473281990736723,1.0092159509658813,0.010360355488955975,0.017412099987268448,1.425856113433838,0.010437470860779285,1.5843682941049337,1.0092159509658813,1.425856113433838,0.011106705293059349,0.740519642829895,0.3457275331020355,50000,0,64000,114000
28,7,X2,4.13503574531032,2.3592098150402308,1.0110642910003662,0.010354186408221722,0.014628713019192219,1.3127357959747314,0.010426828637719154,1.7882987249642612,1.0110642910003662,1.3127357959747314,0.011417077854275703,0.8793436884880066,0.43277794122695923,50000,0,64000,114000
28,8,X5,-4.206752281538867,2.2742735743522644,1.0116392374038696,0.010370513424277306,0.01426156610250473,1.2275879383087158,0.01041431911289692,1.510492085851729,1.0116392374038696,1.2275879383087158,0.009385847486555576,0.6468175053596497,0.4064432978630066,50000,0,64000,114000
28,9,X3,-1.063467348639009,2.158882209099829,1.0071747303009033,0.010349677875638008,0.014235880225896835,1.1167664527893066,0.010355467908084393,1.7243779618293047,1.0071747303009033,1.1167664527893066,0.011068971827626228,0.8059332370758057,0.4825875163078308,50000,0,64000,114000
28,10,X1,-0.3401221347393051,2.1242767609655857,1.007174015045166,0.010364905931055546,0.014223165810108185,1.0821512937545776,0.010363380424678326,1.7092466136440634,1.007174015045166,1.0821512937545776,0.012270196340978146,0.8174366354942322,0.4616747200489044,50000,0,64000,114000
28,11,X4,-4.014562151844071,2.099499707110226,1.0062083005905151,0.010367975570261478,0.0141996955499053,1.0582116842269897,0.010512051172554493,1.2993987556546926,1.0062083005905151,1.0582116842269897,0.011248653754591942,0.7543231248855591,0.12094298005104065,50000,0,64000,114000
28,12,X2,3.715448574023073,2.072729186154902,1.0056270360946655,0.010361744090914726,0.013994826935231686,1.0323611497879028,0.01038442924618721,1.3901338376104833,1.0056270360946655,1.0323611497879028,0.013036016374826431,0.8915278911590576,0.07797229290008545,50000,0,64000,114000
28,13,X5,3.443222144402725,2.0666489750146866,1.005840539932251,0.010375242680311203,0.013792824931442738,1.0262516736984253,0.010388693772256374,1.3563396353274584,1.005840539932251,1.0262516736984253,0.010919095948338509,0.863269031047821,0.07573306560516357,50000,0,64000,114000
28,14,X3,-1.1723094011672233,2.062851865775883,1.0059044361114502,0.010382965207099915,0.013790562748908997,1.0222865343093872,0.010487367399036884,1.4269189214333893,1.0059044361114502,1.0222865343093872,0.011621682904660702,0.9364442229270935,0.0732148215174675,50000,0,64000,114000
28,15,X1,0.6380095044294896,2.058135535567999,1.0057660341262817,0.01035342551767826,0.013750368729233742,1.0179142951965332,0.010351411998271942,1.406210054270923,1.0057660341262817,1.0179142951965332,0.011214147321879864,0.9201788306236267,0.07008101046085358,50000,0,64000,114000
28,16,X4,0.30392349729813795,2.0581645341590047,1.0062804222106934,0.01034090481698513,0.01367588248103857,1.0168403387069702,0.011026985943317413,1.297110638767481,1.0062804222106934,1.0168403387069702,0.011484313756227493,0.8004109859466553,0.08059118688106537,50000,0,64000,114000
28,17,X2,-2.6685159821633975,2.0560109289363027,1.0057510137557983,0.01033733505755663,0.013323676772415638,1.0162632465362549,0.010335656814277172,1.0808072639629245,1.0057510137557983,1.0162632465362549,0.012905324809253216,0.5974137187004089,0.06608536839485168,50000,0,64000,114000
28,18,X5,-4.426382619067085,2.0538245607167482,1.004238486289978,0.010311304591596127,0.013197765685617924,1.0157496929168701,0.010327311232686043,1.0543572291731835,1.004238486289978,1.0157496929168701,0.011391639709472656,0.5761329531669617,0.06283500045537949,50000,0,64000,114000
28,19,X3,1.9616268140258208,2.0534721463918686,1.0042173862457275,0.010309364646673203,0.013092095032334328,1.0155583620071411,0.010294938459992409,1.091717840358615,1.0042173862457275,1.0155583620071411,0.01120486669242382,0.6015086770057678,0.07504914700984955,50000,0,64000,114000
28,20,X1,2.89943989435087,2.052692093886435,1.004217505455017,0.010302805341780186,0.012260735966265202,1.0154829025268555,0.010428144596517086,1.189902094192803,1.004217505455017,1.0154829025268555,0.010402140207588673,0.7088077664375305,0.0667521059513092,50000,0,64000,114000
28,21,X4,-0.5585424097568072,2.0507818898186088,1.0035547018051147,0.010299843735992908,0.011331559158861637,1.0152523517608643,0.010343433357775211,1.1011737134307622,1.0035547018051147,1.0152523517608643,0.01184120588004589,0.6187366843223572,0.06683441251516342,50000,0,64000,114000
28,22,X2,1.0951408947043548,2.0502153234556317,1.0033957958221436,0.010299949906766415,0.010845692828297615,1.015129566192627,0.010544318705797195,0.7434345426037907,1.0033957958221436,1.015129566192627,0.01014173123985529,0.26912921667099,0.06045852228999138,50000,0,64000,114000
28,23,X5,1.0739766981500019,2.049646188504994,1.0034977197647095,0.010291583836078644,0.01050359383225441,1.0150115489959717,0.01034174207597971,0.6893395155668258,1.0034977197647095,1.0150115489959717,0.011088848114013672,0.20504054427146912,0.06950826942920685,50000,0,64000,114000
28,24,X3,2.7707600064999847,2.0491071799769998,1.003447413444519,0.010279656387865543,0.00999144185334444,1.0150089263916016,0.01037974189966917,0.6465368079021574,1.003447413444519,1.0150089263916016,0.010499578900635242,0.16422013938426971,0.06812582165002823,50000,0,64000,114000
29,0,X1,-3.2503171333308445,15.727308139204979,1.0033859014511108,5.559262752532959,4.728071689605713,4.412820339202881,0.02376745641231537,23.355262899398802,1.0033859014511108,4.412820339202881,15.235578536987305,6.2060956954956055,0.8303474187850952,50000,0,64000,114000
29,1,X4,0.20272092800172103,4.910716837272048,1.005415439605713,0.034747809171676636,0.09662403911352158,3.758028268814087,0.01590128056704998,4.90728757083416,1.005415439605713,3.758028268814087,0.07615269720554352,3.3881309032440186,0.4903152287006378,50000,0,64000,114000
29,2,X2,4.080414078945122,4.375798774883151,1.0209497213363647,0.01590520702302456,0.113357312977314,3.2120296955108643,0.013556838035583496,2.3234105184674263,1.0209497213363647,3.2120296955108643,0.03738785535097122,1.1236202716827393,0.31580650806427,50000,0,64000,114000
29,3,X5,-0.8275672936438312,3.48527426738292,1.0066624879837036,0.010791778564453125,0.07651779800653458,2.3792202472686768,0.012081955559551716,1.78087906986475,1.0066624879837036,2.3792202472686768,0.01901071146130562,1.0490304231643677,0.03566138818860054,50000,0,64000,114000
29,4,X3,2.3649595661217955,3.1723744962364435,1.0031919479370117,0.010706009343266487,0.07327566295862198,2.07330322265625,0.011897653341293335,1.692119255848229,1.0031919479370117,2.07330322265625,0.015118551440536976,1.0104528665542603,0.05124880373477936,50000,0,64000,114000
29,5,X1,-4.171032191571424,2.928941818885505,1.0031991004943848,0.010735300369560719,0.08074250817298889,1.8223659992218018,0.011898910626769066,2.2875229295343162,1.0031991004943848,1.8223659992218018,0.013109853491187096,1.6516847610473633,0.05761529505252838,50000,0,64000,114000
29,6,X4,-1.1442132631158142,2.5511935772374272,1.0039006471633911,0.010598554275929928,0.06358398497104645,1.4615051746368408,0.011605216190218925,2.793880955129862,1.0039006471633911,1.4615051746368408,0.012867338955402374,2.247762680053711,0.04016977176070213,50000,0,64000,114000
29,7,X2,-4.368227469306426,2.4235199727118015,1.0035995244979858,0.010601614601910114,0.061148807406425476,1.3366057872772217,0.011564238928258419,1.2687836615368724,1.0035995244979858,1.3366057872772217,0.014367400668561459,0.7435681223869324,0.04280707612633705,50000,0,64000,114000
29,8,X5,-0.3421021480695714,2.3249835642054677,1.0037552118301392,0.010526426136493683,0.05661287531256676,1.2425791025161743,0.011509948410093784,1.3198583599179983,1.0037552118301392,1.2425791025161743,0.010865265503525734,0.8090326189994812,0.050693612545728683,50000,0,64000,114000
29,9,X3,1.3267337484138553,2.1880640471354127,1.0028307437896729,0.010474306531250477,0.045479051768779755,1.1182738542556763,0.01100609079003334,1.5467531168833375,1.0028307437896729,1.1182738542556763,0.014650159515440464,1.0706578493118286,0.037224188446998596,50000,0,64000,114000
29,10,X1,-3.651279733442887,2.1459893891587853,1.0028307437896729,0.010453020222485065,0.039949554949998856,1.0818549394607544,0.010901130735874176,1.7512918977066874,1.0028307437896729,1.0818549394607544,0.01349725853651762,1.2890983819961548,0.031759120523929596,50000,0,64000,114000
29,11,X4,-3.317641739227545,2.1170963225886226,1.0028407573699951,0.010451518930494785,0.03579174354672432,1.0571023225784302,0.010909980162978172,1.63940410874784,1.0028407573699951,1.0571023225784302,0.015601955354213715,1.1831432580947876,0.028670279309153557,50000,0,64000,114000
29,12,X2,1.996048509173594,2.082649943418801,1.002902865409851,0.010409897193312645,0.026591794565320015,1.0320265293121338,0.010718856938183308,2.067133872769773,1.002902865409851,1.0320265293121338,0.01068397331982851,1.626090168952942,0.02337385155260563,50000,0,64000,114000
29,13,X5,-3.7164430216152686,2.072772728279233,1.002792239189148,0.01043293159455061,0.02257593907415867,1.026269793510437,0.01070182491093874,1.90559766869992,1.002792239189148,1.026269793510437,0.011916427873075008,1.4645013809204102,0.02336745336651802,50000,0,64000,114000
29,14,X3,4.6465565984670185,2.065968506038189,1.0028125047683716,0.010416891425848007,0.019545836374163628,1.0225090980529785,0.010684175416827202,1.6588199459016324,1.0028125047683716,1.0225090980529785,0.013403905555605888,1.217057228088379,0.023294491693377495,50000,0,64000,114000
29,15,X1,2.983811147832106,2.052888998761773,1.0030947923660278,0.010371601209044456,0.010245038196444511,1.0185911655426025,0.01058640144765377,1.344854661822319,1.0030947923660278,1.0185911655426025,0.009723760187625885,0.907441258430481,0.023352451622486115,50000,0,64000,114000
29,16,X4,-0.8404700342951354,2.051648510619998,1.0032029151916504,0.010370515286922455,0.009792698547244072,1.0176924467086792,0.010589934885501862,1.3479728711768986,1.0032029151916504,1.0176924467086792,0.011253622360527515,0.9078056812286377,0.02473449520766735,50000,0,64000,114000
29,17,X2,-3.3969083089989818,2.051078542135656,1.0030335187911987,0.010367637500166893,0.010039035230875015,1.0171053409576416,0.01053300965577364,0.8612005196511745,1.0030335187911987,1.0171053409576416,0.010350478813052177,0.4227892756462097,0.024032993242144585,50000,0,64000,114000
29,18,X5,-2.317732452090764,2.049905809573829,1.002806305885315,0.010316804051399231,0.009804381988942623,1.0164685249328613,0.01050979271531105,0.8134064562618732,1.002806305885315,1.0164685249328613,0.010640792548656464,0.37849029898643494,0.02042039856314659,50000,0,64000,114000
29,19,X3,-2.6799314757245565,2.0495928172022104,1.0028311014175415,0.010310599580407143,0.009725929237902164,1.0162278413772583,0.010497345589101315,0.7182123497128488,1.0028311014175415,1.0162278413772583,0.01116103120148182,0.2792925238609314,0.023947006091475487,50000,0,64000,114000
29,20,X1,3.164855628921474,2.049517390318215,1.002830982208252,0.010304869152605534,0.009726202115416527,1.0161309242248535,0.010524412617087364,0.746953260153532,1.002830982208252,1.0161309242248535,0.01052871160209179,0.31046441197395325,0.022167755290865898,50000,0,64000,114000
29,21,X4,-2.0329654074259462,2.049158200621605,1.0028278827667236,0.010266602970659733,0.009713038802146912,1.0159423351287842,0.010408340953290462,0.6994797030463815,1.0028278827667236,1.0159423351287842,0.011518853716552258,0.27260467410087585,0.011602131649851799,50000,0,64000,114000
29,22,X2,0.8808131213548975,2.0494770165532827,1.0028841495513916,0.01025836169719696,0.00971831101924181,1.0161511898040771,0.010465004481375217,0.839871191047132,1.0028841495513916,1.0161511898040771,0.009449273347854614,0.41373446583747864,0.012880383990705013,50000,0,64000,114000
29,23,X5,-4.508140999811988,2.0496830185875297,1.0028669834136963,0.010256992653012276,0.009728030301630497,1.0164300203323364,0.010400991886854172,0.807692288979888,1.0028669834136963,1.0164300203323364,0.009965133853256702,0.38040271401405334,0.013465040363371372,50000,0,64000,114000
29,24,X3,3.6728340617639628,2.0501699736341834,1.0028573274612427,0.01024724543094635,0.00978763960301876,1.0167986154556274,0.010479145683348179,0.8411794986575842,1.0028573274612427,1.0167986154556274,0.009864011779427528,0.4151221513748169,0.012262146919965744,50000,0,64000,114000
30,0,X1,4.294596681143979,7.46519710496068,1.0033859014511108,1.547884464263916,0.4657961428165436,4.412916660308838,0.03521393612027168,16.000198817253114,1.0033859014511108,4.412916660308838,8.812868118286133,5.560409069061279,0.5436611175537109,50000,0,64000,114000
30,1,X4,2.6789086454964917,4.874122999608517,1.0060662031173706,0.01656150445342064,0.07196535170078278,3.7584598064422607,0.02107013389468193,5.552252707630396,1.0060662031173706,3.7584598064422607,0.02283606305718422,3.848356008529663,0.7281554341316223,50000,0,64000,114000
30,2,X2,1.1111270224561665,4.270878974348307,1.0040651559829712,0.012457763776183128,0.022913670167326927,3.2177627086639404,0.01367967575788498,1.7361644621938468,1.0040651559829712,3.2177627086639404,0.018326526507735252,0.5796987414360046,0.2937736213207245,50000,0,64000,114000
30,3,X5,-4.742512093416832,3.429708071053028,1.003143310546875,0.010610046796500683,0.016647521406412125,2.3878703117370605,0.011436880566179752,1.3212282801046968,1.003143310546875,2.3878703117370605,0.013360225595533848,0.5434282422065735,0.08623708784580231,50000,0,64000,114000
30,4,X3,-3.4153806588282745,3.127396526746452,1.003383755683899,0.01062103919684887,0.016562888398766518,2.0855202674865723,0.011308575980365276,1.1670843344181776,1.003383755683899,2.0855202674865723,0.013313805684447289,0.43603774905204773,0.09995197504758835,50000,0,64000,114000
30,5,X1,-1.6696156097464279,2.8766071582213044,1.0033822059631348,0.010614313185214996,0.01645192876458168,1.834869384765625,0.011289325542747974,1.1354964040219784,1.0033822059631348,1.834869384765625,0.013713296502828598,0.4590187966823578,0.09511399269104004,50000,0,64000,114000
30,6,X4,1.658099874968575,2.5078614708036184,1.0028589963912964,0.010521539486944675,0.01610502414405346,1.4676644802093506,0.010711430571973324,0.937434689886868,1.0028589963912964,1.4676644802093506,0.01419165451079607,0.3500600755214691,0.07907826453447342,50000,0,64000,114000
30,7,X2,-3.387270023987712,2.3806361528113484,1.0027904510498047,0.010538295842707157,0.01599564403295517,1.3406749963760376,0.010636765509843826,0.9909756377339363,1.0027904510498047,1.3406749963760376,0.014849826693534851,0.4127233326435089,0.09470938891172409,50000,0,64000,114000
30,8,X5,-4.604867912786842,2.2832466354593635,1.0027849674224854,0.010524866171181202,0.01596190594136715,1.2433791160583496,0.010595779865980148,0.9705030089244246,1.0027849674224854,1.2433791160583496,0.012182257138192654,0.38894471526145935,0.12014321982860565,50000,0,64000,114000
30,9,X3,-2.5662399797672695,2.1633761543780565,1.0027832984924316,0.010413823649287224,0.015756208449602127,1.1239917278289795,0.010431095957756042,0.9352051049470902,1.0027832984924316,1.1239917278289795,0.013481736183166504,0.3325970470905304,0.16377131640911102,50000,0,64000,114000
30,10,X1,-1.525703354513237,2.129948458634317,1.0027832984924316,0.010406127199530602,0.015740418806672096,1.0906730890274048,0.010345525108277798,0.8861858388409019,1.0027832984924316,1.0906730890274048,0.01169955637305975,0.3064921796321869,0.14930282533168793,50000,0,64000,114000
30,11,X4,-4.164300473425295,2.1065618274733424,1.002781629562378,0.010399636812508106,0.015678299590945244,1.0673142671585083,0.010387994349002838,0.8898731924593449,1.002781629562378,1.0673142671585083,0.014375302940607071,0.3284115493297577,0.13306716084480286,50000,0,64000,114000
30,12,X2,4.127881635861959,2.0775310453027487,1.0028363466262817,0.010290992446243763,0.015657896175980568,1.0383962392807007,0.010349570773541927,0.6943162521347404,1.0028363466262817,1.0383962392807007,0.013496010564267635,0.1874028742313385,0.08517085015773773,50000,0,64000,114000
30,13,X5,-0.6487226358025016,2.0690965615212917,1.0029120445251465,0.01029253751039505,0.015643173828721046,1.0299060344696045,0.01034277118742466,0.7344257146120072,1.0029120445251465,1.0299060344696045,0.013286791741847992,0.229265496134758,0.08530981093645096,50000,0,64000,114000
30,14,X3,-4.054962845065382,2.0638940520584583,1.0028612613677979,0.010290710255503654,0.015632398426532745,1.024762749671936,0.010346932336688042,0.6691224973648786,1.0028612613677979,1.024762749671936,0.011474145576357841,0.165983185172081,0.08614036440849304,50000,0,64000,114000
30,15,X1,0.5626169237631053,2.057748468592763,1.0028588771820068,0.010290025733411312,0.01550920307636261,1.0188543796539307,0.010235982947051525,0.7266450887545943,1.0028588771820068,1.0188543796539307,0.01166460569947958,0.24489691853523254,0.0657409131526947,50000,0,64000,114000
30,16,X4,-4.49275287940733,2.0563428066670895,1.0029808282852173,0.010290137492120266,0.015452209860086441,1.0173892974853516,0.010230333544313908,0.709387751109898,1.0029808282852173,1.0173892974853516,0.011592586524784565,0.217363640666008,0.07635749876499176,50000,0,64000,114000
30,17,X2,1.5707130161707639,2.0557991405948997,1.0031129121780396,0.010285472497344017,0.01555781252682209,1.0165789127349854,0.010264030657708645,0.6645243799313904,1.0031129121780396,1.0165789127349854,0.012908528558909893,0.19255362451076508,0.055123861879110336,50000,0,64000,114000
30,18,X5,1.5446448402124684,2.0547098740935326,1.0030667781829834,0.010275846347212791,0.015432506799697876,1.015616536140442,0.010318206623196602,0.636806259676814,1.0030667781829834,1.015616536140442,0.011119900271296501,0.18059904873371124,0.04135064780712128,50000,0,64000,114000
30,19,X3,-0.8554999611573519,2.054285515099764,1.0029317140579224,0.010287033393979073,0.015405155718326569,1.0153307914733887,0.010330820456147194,0.6561673654243351,1.0029317140579224,1.0153307914733887,0.011186319403350353,0.20550350844860077,0.035825036466121674,50000,0,64000,114000
30,20,X1,-3.442271110600795,2.05691578425467,1.0029324293136597,0.010209978558123112,0.018175972625613213,1.0152465105056763,0.010350893251597881,0.6160216482356191,1.0029324293136597,1.0152465105056763,0.010170170105993748,0.17179247736930847,0.03042321279644966,50000,0,64000,114000
30,21,X4,1.7190210749849664,2.055213239043951,1.0029325485229492,0.010194732807576656,0.016630301252007484,1.015086054801941,0.010369601659476757,0.6568953359499574,1.0029325485229492,1.015086054801941,0.010610616765916348,0.21894744038581848,0.023733558133244514,50000,0,64000,114000
30,22,X2,-3.2917328588243433,2.0547295780852437,1.0030094385147095,0.010195481590926647,0.016171367838978767,1.015018105506897,0.010335184633731842,0.6066773070022464,1.0030094385147095,1.015018105506897,0.010914512909948826,0.1745416224002838,0.01761566288769245,50000,0,64000,114000
30,23,X5,2.6483358538035917,2.0544538274407387,1.0030360221862793,0.01020820252597332,0.015834618359804153,1.0150281190872192,0.01034686528146267,0.6045031309127809,1.0030360221862793,1.0150281190872192,0.009305272251367569,0.1765276938676834,0.015057336539030075,50000,0,64000,114000
30,24,X3,0.8190065152043493,2.0542609030380845,1.003366470336914,0.010196607559919357,0.015528404153883457,1.014829158782959,0.010340262204408646,0.593932093307376,1.003366470336914,1.014829158782959,0.008652368560433388,0.16472949087619781,0.016911108046770096,50000,0,64000,114000
31,0,X1,2.379006475196298,8.003400575369596,1.0033859014511108,1.710788369178772,0.8340654373168945,4.41191291809082,0.043247949331998825,17.054135715961458,1.0033859014511108,4.41191291809082,8.791449546813965,6.587142467498779,0.5924839377403259,50000,0,64000,114000
31,1,X4,4.570829422961635,4.883044522255659,1.022849440574646,0.01350327953696251,0.07791691273450851,3.754007339477539,0.014767549932003021,4.7438698470592495,1.022849440574646,3.754007339477539,0.06475004553794861,2.253002882003784,1.47074556350708,50000,0,64000,114000
31,2,X2,1.1548398053265698,4.318761769682169,1.003219723701477,0.012099633924663067,0.07116566598415375,3.2198486328125,0.012428113259375095,2.591441221535206,1.003219723701477,3.2198486328125,0.0534902885556221,0.9185260534286499,0.7748112082481384,50000,0,64000,114000
31,3,X5,-1.8908674692210248,3.4553776923567057,1.0052603483200073,0.01036970503628254,0.014557098969817162,2.4137158393859863,0.011474700644612312,2.194003400951624,1.0052603483200073,2.4137158393859863,0.011581260710954666,1.4131758213043213,0.08545108139514923,50000,0,64000,114000
31,4,X3,-0.6812720205243323,3.1484483648091555,1.0084298849105835,0.010280082933604717,0.011094844900071621,2.1072728633880615,0.011370688676834106,1.4916621049866081,1.0084298849105835,2.1072728633880615,0.01210781093686819,0.7645981907844543,0.09181555360555649,50000,0,64000,114000
31,5,X1,1.0101458549294273,2.893021703697741,1.0087031126022339,0.010278139263391495,0.01043128315359354,1.852390170097351,0.011218998581171036,1.5907202186062932,1.0087031126022339,1.852390170097351,0.01086473185569048,0.9029459357261658,0.10469089448451996,50000,0,64000,114000
31,6,X4,4.14426077675064,2.5141889518126845,1.003430962562561,0.010345651768147945,0.010465516708791256,1.4788825511932373,0.011064269579946995,1.4096509730443358,1.003430962562561,1.4788825511932373,0.011393851600587368,0.7394018769264221,0.1623925417661667,50000,0,64000,114000
31,7,X2,-3.5629030918746505,2.385568205267191,1.0030583143234253,0.010359937325119972,0.009888498112559319,1.3512264490127563,0.011035006493330002,1.5331602768972517,1.0030583143234253,1.3512264490127563,0.01179948914796114,0.9025183916091919,0.14798544347286224,50000,0,64000,114000
31,8,X5,-2.711729161488768,2.2876184759661555,1.0032135248184204,0.01035983581095934,0.01004781760275364,1.2529267072677612,0.01107059046626091,1.3276509080082177,1.0032135248184204,1.2529267072677612,0.01072288490831852,0.7386370897293091,0.12706288695335388,50000,0,64000,114000
31,9,X3,2.4400700384396785,2.1613813545554876,1.0031832456588745,0.010406707413494587,0.009967883117496967,1.126822590827942,0.011000927537679672,1.4016218785196544,1.0031832456588745,1.126822590827942,0.0101392213255167,0.7953713536262512,0.17011013627052307,50000,0,64000,114000
31,10,X1,2.90610353954417,2.1235606502741575,1.0031784772872925,0.0104086147621274,0.009893083944916725,1.089163899421692,0.010916574858129025,1.5274681029841304,1.0031784772872925,1.089163899421692,0.012121367268264294,0.6541893482208252,0.442688912153244,50000,0,64000,114000
31,11,X4,0.05769812660341955,2.097053390927613,1.002962589263916,0.010404428467154503,0.00991904642432928,1.0629335641860962,0.01083376258611679,1.811443419009447,1.002962589263916,1.0629335641860962,0.010390479117631912,0.8262233138084412,0.5616503953933716,50000,0,64000,114000
31,12,X2,4.893538406452748,2.06813698541373,1.002869725227356,0.01042592991143465,0.009772876277565956,1.0343555212020874,0.010712932795286179,1.2770885828882457,1.002869725227356,1.0343555212020874,0.01391383446753025,0.407236784696579,0.4484929144382477,50000,0,64000,114000
31,13,X5,0.8754484133691367,2.060952634550631,1.0029057264328003,0.010411888360977173,0.009798916056752205,1.027162790298462,0.010673313401639462,1.207609698548913,1.0029057264328003,1.027162790298462,0.014926502481102943,0.3416827917098999,0.4449867010116577,50000,0,64000,114000
31,14,X3,4.437031655879874,2.0562478490173817,1.002995491027832,0.010428818874061108,0.009779032319784164,1.022405982017517,0.010638524778187275,1.2098046861588956,1.002995491027832,1.022405982017517,0.01512845978140831,0.3139169216156006,0.4756790101528168,50000,0,64000,114000
31,15,X1,-3.0265822888271634,2.051670295186341,1.0029165744781494,0.01038165483623743,0.00993548147380352,1.017895221710205,0.010541362687945366,1.2784304616972804,1.0029165744781494,1.017895221710205,0.010409760288894176,0.40211498737335205,0.4617433547973633,50000,0,64000,114000
31,16,X4,0.29433847730363993,2.0504156928509474,1.0028141736984253,0.010380684398114681,0.00985505897551775,1.0168488025665283,0.010516973212361336,1.3006016934290527,1.0028141736984253,1.0168488025665283,0.009421923197805882,0.38320091366767883,0.5040462613105774,50000,0,64000,114000
31,17,X2,-2.6760688797671737,2.0501439049839973,1.0028630495071411,0.010380730032920837,0.010195637121796608,1.01621413230896,0.010490356013178825,1.3062557822093368,1.0028630495071411,1.01621413230896,0.01149482186883688,0.24823638796806335,0.6427091360092163,50000,0,64000,114000
31,18,X5,3.9615897644204576,2.049813480116427,1.0031882524490356,0.010361597873270512,0.010033504106104374,1.0157115459442139,0.010518579743802547,0.5790230412036181,1.0031882524490356,1.0157115459442139,0.010445108637213707,0.14179468154907227,0.023003291338682175,50000,0,64000,114000
31,19,X3,-3.812979378220025,2.0498670488595963,1.0031980276107788,0.010360107757151127,0.009990761987864971,1.0158089399337769,0.01050921157002449,0.5667945237830281,1.0031980276107788,1.0158089399337769,0.010947409085929394,0.12359878420829773,0.02844693697988987,50000,0,64000,114000
31,20,X1,-1.973503930259529,2.0499979676678777,1.0031980276107788,0.010343099944293499,0.009970471262931824,1.0159817934036255,0.010504575446248055,0.5537703389301896,1.0031980276107788,1.0159817934036255,0.010182044468820095,0.113946333527565,0.025805996730923653,50000,0,64000,114000
31,21,X4,-3.2278329356915094,2.049862672574818,1.003010869026184,0.010320562869310379,0.009900758974254131,1.0160850286483765,0.010545453056693077,0.532736630551517,1.003010869026184,1.0160850286483765,0.010536029934883118,0.10461867600679398,0.013762745074927807,50000,0,64000,114000
31,22,X2,-4.836890734818008,2.0496712122112513,1.003066897392273,0.010318448767066002,0.009847613051533699,1.0159106254577637,0.010527627542614937,0.5559908362105489,1.003066897392273,1.0159106254577637,0.009599088691174984,0.12503190338611603,0.01756433956325054,50000,0,64000,114000
31,23,X5,2.190117222529474,2.049605787731707,1.0029916763305664,0.01031562127172947,0.00984951201826334,1.015926718711853,0.010522259399294853,0.5310556944459677,1.0029916763305664,1.015926718711853,0.01068289764225483,0.10081237554550171,0.01577674224972725,50000,0,64000,114000
31,24,X3,1.2704580221985484,2.049541654996574,1.0029730796813965,0.010291989892721176,0.00979599542915821,1.015990972518921,0.010489617474377155,0.5647759994491934,1.0029730796813965,1.015990972518921,0.010267711244523525,0.1352674812078476,0.01544799655675888,50000,0,64000,114000
32,0,X1,1.6846312139304143,8.440433228388429,1.0033859014511108,2.1460323333740234,0.8533827066421509,4.412619113922119,0.02501317299902439,18.028292608261108,1.0033859014511108,4.412619113922119,10.402885437011719,5.919734001159668,0.6224721670150757,50000,0,64000,114000
32,1,X4,-2.686977047285936,4.855237942188978,1.0258711576461792,0.012294851243495941,0.04391692578792572,3.757138967514038,0.01601603999733925,4.478964931517839,1.0258711576461792,3.757138967514038,0.03977315500378609,3.3923261165618896,0.09026363492012024,50000,0,64000,114000
32,2,X2,1.3770755231898963,4.269702428020537,1.0062600374221802,0.011306256987154484,0.03718993440270424,3.203558921813965,0.011387277394533157,1.770582241564989,1.0062600374221802,3.203558921813965,0.012540187686681747,0.8497366905212402,0.0663415715098381,50000,0,64000,114000
32,3,X5,-2.682596833041856,3.4457449624314904,1.0052733421325684,0.010190347209572792,0.025539875030517578,2.3936843872070312,0.011057010851800442,1.6765122612938286,1.0052733421325684,2.3936843872070312,0.013846932910382748,0.9091280102729797,0.07374577224254608,50000,0,64000,114000
32,4,X3,1.2041039341540651,3.1437809988856316,1.0074244737625122,0.010145456530153751,0.021596841514110565,2.0934996604919434,0.011114566586911678,1.6264150973409415,1.0074244737625122,2.0934996604919434,0.011471888050436974,0.9240447878837585,0.0707135945558548,50000,0,64000,114000
32,5,X1,4.196027570818055,2.8939563259482384,1.0074290037155151,0.010161245241761208,0.01558015588670969,1.8492612838745117,0.01152463722974062,1.6425951132550836,1.0074290037155151,1.8492612838745117,0.011072353459894657,0.9560248851776123,0.10415981709957123,50000,0,64000,114000
32,6,X4,4.951328699837026,2.5430451361462474,1.0135273933410645,0.010312591679394245,0.015716684982180595,1.4922960996627808,0.011192366480827332,1.4291318679228424,1.0135273933410645,1.4922960996627808,0.011415456421673298,0.8635201454162598,0.053031567484140396,50000,0,64000,114000
32,7,X2,-4.220042542325214,2.4131380300968885,1.010242223739624,0.010311145335435867,0.015301519073545933,1.3661198616027832,0.011163280345499516,1.0967044159770012,1.010242223739624,1.3661198616027832,0.009988628327846527,0.539642870426178,0.07180050015449524,50000,0,64000,114000
32,8,X5,-2.317479681111924,2.3144336231052876,1.0084278583526611,0.010323720052838326,0.015336763113737106,1.2691937685012817,0.011151513084769249,1.0875751450657845,1.0084278583526611,1.2691937685012817,0.010545916855335236,0.5521048307418823,0.06940007209777832,50000,0,64000,114000
32,9,X3,0.6166257930604075,2.183410828001797,1.0067439079284668,0.010204103775322437,0.014759572222828865,1.1409008502960205,0.010802393779158592,1.0126752499490976,1.0067439079284668,1.1409008502960205,0.010087789967656136,0.5113961696624756,0.06166233867406845,50000,0,64000,114000
32,10,X1,-2.339863908583691,2.144232320599258,1.0067473649978638,0.010226782411336899,0.014981783926486969,1.1015883684158325,0.01068802084773779,0.9531077539548278,1.0067473649978638,1.1015883684158325,0.009998067282140255,0.4481917917728424,0.07325074821710587,50000,0,64000,114000
32,11,X4,4.653643529971738,2.115529532544315,1.0058226585388184,0.010220581665635109,0.014927631244063377,1.0739375352859497,0.010621125809848309,0.9376820137724281,1.0058226585388184,1.0739375352859497,0.010117090307176113,0.4522845447063446,0.059328339993953705,50000,0,64000,114000
32,12,X2,1.1733231100670967,2.0835857344791293,1.0056623220443726,0.010159902274608612,0.014859153889119625,1.0423715114593506,0.010532844811677933,0.9555144578218461,1.0056623220443726,1.0423715114593506,0.009607002139091492,0.47101080417633057,0.06528988480567932,50000,0,64000,114000
32,13,X5,4.818402989963889,2.0750814378261566,1.0053434371948242,0.01015833392739296,0.014803444035351276,1.0341999530792236,0.010576269589364529,0.8923088479787111,1.0053434371948242,1.0341999530792236,0.011037258431315422,0.4184947609901428,0.054868150502443314,50000,0,64000,114000
32,14,X3,-4.911487798380062,2.0695153567939997,1.0053088665008545,0.010151932016015053,0.014764407649636269,1.0287470817565918,0.010543068870902061,0.8979942731559277,1.0053088665008545,1.0287470817565918,0.01165211945772171,0.41869184374809265,0.06083912029862404,50000,0,64000,114000
32,15,X1,2.1176232320034245,2.063692652620375,1.0050855875015259,0.01014503464102745,0.014617033302783966,1.0233360528945923,0.010508944280445576,0.8529507996514439,1.0050855875015259,1.0233360528945923,0.01073016319423914,0.3755633234977722,0.06097298488020897,50000,0,64000,114000
32,16,X4,-4.094733788813971,2.0625191908329725,1.0052313804626465,0.010129627771675587,0.014601693488657475,1.0220603942871094,0.010496094822883606,0.882404331676662,1.0052313804626465,1.0220603942871094,0.01114013884216547,0.4531978666782379,0.012607971206307411,50000,0,64000,114000
32,17,X2,0.1293657200406262,2.061444066464901,1.0048956871032715,0.010134545154869556,0.014589721336960793,1.021327257156372,0.010496855713427067,0.7212988557294011,1.0048956871032715,1.021327257156372,0.009850560687482357,0.29600074887275696,0.010202957317233086,50000,0,64000,114000
32,18,X5,4.7712053722348635,2.0602380242198706,1.0039044618606567,0.010143972001969814,0.014631343074142933,1.021024465560913,0.010533781722187996,0.7440361641347408,1.0039044618606567,1.021024465560913,0.010700389742851257,0.3177001476287842,0.010649841278791428,50000,0,64000,114000
32,19,X3,-4.289961294419083,2.060901661403477,1.004321575164795,0.010155456140637398,0.01464240625500679,1.0212823152542114,0.010499908588826656,0.7318024469539524,1.004321575164795,1.0212823152542114,0.01092431042343378,0.30451005697250366,0.0112473014742136,50000,0,64000,114000
32,20,X1,-0.35084990239164604,2.060925845988095,1.0043202638626099,0.01015632413327694,0.014649969525635242,1.0213438272476196,0.010455461218953133,0.7238675953820348,1.0043202638626099,1.0213438272476196,0.010915939696133137,0.29693111777305603,0.010887719690799713,50000,0,64000,114000
32,21,X4,0.047564884427116816,2.0609674463048577,1.0042916536331177,0.010160678997635841,0.01464509405195713,1.0214320421218872,0.010437977500259876,0.7208421297371388,1.0042916536331177,1.0214320421218872,0.009745102375745773,0.2942741811275482,0.01167810708284378,50000,0,64000,114000
32,22,X2,-0.6393642317847483,2.061147401109338,1.0046210289001465,0.010157336480915546,0.014658614061772823,1.0212706327438354,0.010439788922667503,0.6983140153810382,1.0046210289001465,1.0212706327438354,0.009651281870901585,0.27158287167549133,0.011901529505848885,50000,0,64000,114000
32,23,X5,-1.898745365750365,2.060957227833569,1.0044291019439697,0.010152050293982029,0.01464495062828064,1.0212808847427368,0.010450240224599838,0.7127036007121206,1.0044291019439697,1.0212808847427368,0.009309600107371807,0.28663280606269836,0.011619197204709053,50000,0,64000,114000
32,24,X3,2.6066453345782117,2.060510903596878,1.005257487297058,0.010190644301474094,0.014662662521004677,1.0200115442276,0.010388565249741077,0.6578539105132223,1.005257487297058,1.0200115442276,0.010659133084118366,0.23052102327346802,0.011619947850704193,50000,0,64000,114000
33,0,X1,1.3710931706726468,9.44802862778306,1.0033859014511108,3.212923288345337,0.7669469118118286,4.417025566101074,0.04774696007370949,19.753831404447556,1.0033859014511108,4.417025566101074,13.597249984741211,4.7563700675964355,0.31612905859947205,50000,0,64000,114000
33,1,X4,-3.585758263985359,4.932792929932475,1.0092897415161133,0.016214927658438683,0.09718649834394455,3.77681827545166,0.03328348696231842,2.692736378312111,1.0092897415161133,3.77681827545166,0.06987347453832626,1.5658066272735596,0.09983467310667038,50000,0,64000,114000
33,2,X2,-1.6585837209783594,4.256972943432629,1.0099680423736572,0.013697322458028793,0.09151500463485718,3.1291913986206055,0.012601175345480442,2.0342146806418895,1.0099680423736572,3.1291913986206055,0.06174219772219658,1.0678173303604126,0.07682326436042786,50000,0,64000,114000
33,3,X5,-0.5894721439225723,3.22933482285589,1.0029150247573853,0.01096375472843647,0.012812670320272446,2.1915764808654785,0.011066892184317112,1.3464195627719164,1.0029150247573853,2.1915764808654785,0.018260357901453972,0.6479431390762329,0.041317764669656754,50000,0,64000,114000
33,4,X3,2.4846017906093207,2.9170744977891445,1.0029851198196411,0.010555259883403778,0.01135628204792738,1.8814243078231812,0.010753528214991093,1.4435746595263481,1.0029851198196411,1.8814243078231812,0.017932862043380737,0.8224559426307678,0.0263039693236351,50000,0,64000,114000
33,5,X1,-0.32230847696230036,2.675679503940046,1.0029852390289307,0.010522241704165936,0.011259302496910095,1.6401780843734741,0.010734636336565018,1.449553783610463,1.0029852390289307,1.6401780843734741,0.016970297321677208,0.8789183497428894,0.025032471865415573,50000,0,64000,114000
33,6,X4,-1.9759662362668018,2.35384910274297,1.0044844150543213,0.010304301977157593,0.010179820470511913,1.31833815574646,0.010542409494519234,1.2572418263182044,1.0044844150543213,1.31833815574646,0.01106806006282568,0.7702621817588806,0.011347070336341858,50000,0,64000,114000
33,7,X2,1.9657164435878007,2.252687022089958,1.0043584108352661,0.010335894301533699,0.010393461212515831,1.2170943021774292,0.010504953563213348,1.469604498334229,1.0043584108352661,1.2170943021774292,0.011197231709957123,1.0029304027557373,0.011186321265995502,50000,0,64000,114000
33,8,X5,-0.2016992873785517,2.1808659248054028,1.0039715766906738,0.010341606102883816,0.010158500634133816,1.1458983421325684,0.010495899245142937,1.1417991394177078,1.0039715766906738,1.1458983421325684,0.012676212005317211,0.6862152814865112,0.012933662161231041,50000,0,64000,114000
33,9,X3,-1.4921462258140163,2.095705898478627,1.0027823448181152,0.01038915105164051,0.009963402524590492,1.0621446371078491,0.010426362976431847,0.9448371360078454,1.0027823448181152,1.0621446371078491,0.016637874767184258,0.5029096007347107,0.01230426412075758,50000,0,64000,114000
33,10,X1,3.511407384605837,2.0743840290233493,1.0027823448181152,0.010377253405749798,0.010123731568455696,1.0406568050384521,0.010443894192576408,0.9081811681389809,1.0027823448181152,1.0406568050384521,0.019739406183362007,0.4685802757740021,0.011173656210303307,50000,0,64000,114000
33,11,X4,-2.692151742091373,2.061551012098789,1.0027943849563599,0.01039931271225214,0.0101532693952322,1.0277680158615112,0.01043602917343378,0.8447354735806585,1.0027943849563599,1.0277680158615112,0.020343519747257233,0.4073088467121124,0.010970626957714558,50000,0,64000,114000
33,12,X2,-1.4158690750598235,2.051484463736415,1.0033944845199585,0.010384208522737026,0.010072465054690838,1.0172978639602661,0.010335441678762436,0.9242955051362515,1.0033944845199585,1.0172978639602661,0.022743666544556618,0.4855261445045471,0.01188722439110279,50000,0,64000,114000
33,13,X5,4.257244669063077,2.0495898192748427,1.0033131837844849,0.01037311926484108,0.009948087856173515,1.0156270265579224,0.010328401811420918,0.810953931696713,1.0033131837844849,1.0156270265579224,0.016507107764482498,0.3791019916534424,0.011556790210306644,50000,0,64000,114000
33,14,X3,-2.455043549284499,2.0488578882068396,1.003279447555542,0.01037861779332161,0.009964114986360073,1.0149071216583252,0.010328586213290691,0.878781495243311,1.003279447555542,1.0149071216583252,0.009808244183659554,0.4542434513568878,0.01109248585999012,50000,0,64000,114000
33,15,X1,0.7416426783092991,2.04807954095304,1.0028839111328125,0.010310039855539799,0.009899604134261608,1.0146207809448242,0.010365204885601997,0.9260887928307057,1.0028839111328125,1.0146207809448242,0.01042215432971716,0.5000437498092651,0.012121950276196003,50000,0,64000,114000
33,16,X4,-4.0773235929387095,2.0481625562533736,1.0029228925704956,0.01030076202005148,0.009987367317080498,1.014609694480896,0.010341839864850044,0.9013426518067718,1.0029228925704956,1.014609694480896,0.009608794935047626,0.4776156544685364,0.010611684992909431,50000,0,64000,114000
33,17,X2,-4.908078488415289,2.048169868066907,1.0029051303863525,0.010301696136593819,0.010021831840276718,1.0146057605743408,0.010335449129343033,0.8346488213166594,1.0029051303863525,1.0146057605743408,0.010447855107486248,0.4087755084037781,0.011923279613256454,50000,0,64000,114000
33,18,X5,2.136756133046301,2.0481027718633413,1.0028541088104248,0.010273739695549011,0.010016348212957382,1.0146329402923584,0.010325634852051735,0.8466065747663378,1.0028541088104248,1.0146329402923584,0.011127653531730175,0.4205513894557953,0.011430121958255768,50000,0,64000,114000
33,19,X3,-1.2581334386855545,2.0480771400034428,1.0027884244918823,0.01026443112641573,0.01001274399459362,1.0146856307983398,0.010325909592211246,0.7242690691724419,1.0027884244918823,1.0146856307983398,0.009701836854219437,0.3003145754337311,0.01075784582644701,50000,0,64000,114000
33,20,X1,-0.49790177885934295,2.048145581036806,1.0027884244918823,0.010235877707600594,0.01002643071115017,1.0147771835327148,0.010317664593458176,0.7933993527665735,1.0027884244918823,1.0147771835327148,0.009897470474243164,0.3689694106578827,0.011019350029528141,50000,0,64000,114000
33,21,X4,-1.1260077990158535,2.0484651317819953,1.0028197765350342,0.010253998450934887,0.010067428462207317,1.0150189399719238,0.010304988361895084,0.7448743160814048,1.0028197765350342,1.0150189399719238,0.01162502821534872,0.3201583921909332,0.009523152373731136,50000,0,64000,114000
33,22,X2,-3.2161467343365735,2.04853989277035,1.0027879476547241,0.010253618471324444,0.010068409144878387,1.0150905847549438,0.01033933274447918,0.7819637434557081,1.0027879476547241,1.0150905847549438,0.009800595231354237,0.35807645320892334,0.010510988533496857,50000,0,64000,114000
33,23,X5,-3.205616649341522,2.0486583448946476,1.0028527975082397,0.01025523990392685,0.010081459768116474,1.0151073932647705,0.01036145444959402,0.808173255249858,1.0028527975082397,1.0151073932647705,0.009809053502976894,0.38352763652801514,0.01124452706426382,50000,0,64000,114000
33,24,X3,1.7520518848552449,2.048480493016541,1.0028072595596313,0.010217037983238697,0.010072896257042885,1.0150361061096191,0.010347193107008934,0.8021847132593394,1.0028072595596313,1.0150361061096191,0.009212430566549301,0.378530889749527,0.010872719809412956,50000,0,64000,114000
34,0,X1,-2.93012948921868,17.309636663645506,1.0033859014511108,7.707024097442627,4.159749507904053,4.413105010986328,0.026372145861387253,27.657707369327547,1.0033859014511108,4.413105010986328,18.017087936401367,7.855368137359619,0.701953113079071,50000,0,64000,114000
34,1,X4,-0.46883391173091127,4.970218777656555,1.0412906408309937,0.019358620047569275,0.13305528461933136,3.7592966556549072,0.017217576503753662,9.447683777660131,1.0412906408309937,3.7592966556549072,0.047728147357702255,7.311684608459473,1.1281535625457764,50000,0,64000,114000
34,2,X2,-3.563590808510506,4.395570960827172,1.0787590742111206,0.013804925605654716,0.09236298501491547,3.199361562728882,0.011282413266599178,4.012528884410858,1.0787590742111206,3.199361562728882,0.038268983364105225,2.0009331703186035,1.117702603340149,50000,0,64000,114000
34,3,X5,2.7803612258477095,3.4672205252572894,1.016762375831604,0.011167810298502445,0.04673834517598152,2.3815581798553467,0.01099381409585476,2.8292639389634133,1.016762375831604,2.3815581798553467,0.03359956294298172,1.927362084388733,0.18863818049430847,50000,0,64000,114000
34,4,X3,0.4840338411816125,3.1507585048675537,1.0107985734939575,0.010797652415931225,0.04114969074726105,2.077075242996216,0.010937345214188099,2.221260164678097,1.0107985734939575,2.077075242996216,0.02649558335542679,1.4258965253829956,0.1512932926416397,50000,0,64000,114000
34,5,X1,2.3681343947246445,2.901924847625196,1.0103230476379395,0.010670643299818039,0.04118210822343826,1.8288850784301758,0.010863970033824444,1.9687103372067214,1.0103230476379395,1.8288850784301758,0.026662124320864677,1.2034015655517578,0.17080502212047577,50000,0,64000,114000
34,6,X4,-0.7169020643903421,2.536129280924797,1.0086193084716797,0.010448255576193333,0.024974804371595383,1.4812582731246948,0.010828639380633831,1.4461500804871321,1.0086193084716797,1.4812582731246948,0.023304549977183342,0.7960779070854187,0.12879210710525513,50000,0,64000,114000
34,7,X2,-1.2240174292783412,2.4124415684491396,1.0078843832015991,0.010444764979183674,0.018004711717367172,1.3652762174606323,0.010831491090357304,1.3243861071765424,1.0078843832015991,1.3652762174606323,0.026043426245450974,0.6777970194816589,0.14591354131698608,50000,0,64000,114000
34,8,X5,-2.416254207987183,2.3162870965898037,1.0071483850479126,0.010432607494294643,0.014437113888561726,1.273424506187439,0.010844483971595764,1.318723962828517,1.0071483850479126,1.273424506187439,0.019216058775782585,0.7111695408821106,0.13222378492355347,50000,0,64000,114000
34,9,X3,0.7303830509063349,2.1881205700337887,1.0057172775268555,0.010373158380389214,0.013631666079163551,1.1476116180419922,0.01078685000538826,1.5382105756551028,1.0057172775268555,1.1476116180419922,0.02517193742096424,0.9546245336532593,0.12774832546710968,50000,0,64000,114000
34,10,X1,3.359068995716278,2.1440809667110443,1.0057177543640137,0.010369420982897282,0.010110941715538502,1.1071072816848755,0.010775567963719368,1.5607828270643949,1.0057177543640137,1.1071072816848755,0.025644225999712944,0.9477878212928772,0.16478577256202698,50000,0,64000,114000
34,11,X4,4.722637144318673,2.115094925276935,1.005254864692688,0.010350862517952919,0.010062824003398418,1.0786631107330322,0.010763263329863548,1.7485971335321664,1.005254864692688,1.0786631107330322,0.02443685568869114,1.1011663675308228,0.20621031522750854,50000,0,64000,114000
34,12,X2,-1.04500550519092,2.084079347550869,1.006689429283142,0.010334568098187447,0.009936235845088959,1.0463550090789795,0.010764105245471,1.4567225947976112,1.006689429283142,1.0463550090789795,0.025428421795368195,0.8313642740249634,0.18932101130485535,50000,0,64000,114000
34,13,X5,2.0245732689514853,2.075421064160764,1.007105827331543,0.010328945703804493,0.009869054891169071,1.0373705625534058,0.010746673680841923,1.6518436722457408,1.007105827331543,1.0373705625534058,0.021900679916143417,1.0671461820602417,0.15390153229236603,50000,0,64000,114000
34,14,X3,1.8727564552654998,2.068434619344771,1.0063129663467407,0.010317436419427395,0.009840179234743118,1.0312385559082031,0.010725481435656548,1.4690694265067576,1.0063129663467407,1.0312385559082031,0.023197781294584274,0.8720635771751404,0.1662977635860443,50000,0,64000,114000
34,15,X1,-4.943403027441599,2.0603822311386466,1.0048625469207764,0.010342366993427277,0.010954424738883972,1.0235158205032349,0.010707071982324123,1.5681078569963574,1.0048625469207764,1.0235158205032349,0.010235232301056385,1.045791506767273,0.10640544444322586,50000,0,64000,114000
34,16,X4,4.210876988690956,2.057275600731373,1.0046086311340332,0.010348883457481861,0.01030009426176548,1.0214564800262451,0.010561511851847172,1.476906045898795,1.0046086311340332,1.0214564800262451,0.009653670713305473,0.9623515605926514,0.09968779236078262,50000,0,64000,114000
34,17,X2,4.8375683631582245,2.0552916899323463,1.004152536392212,0.010352976620197296,0.010094445198774338,1.020148515701294,0.01054321601986885,0.9177190277725459,1.004152536392212,1.020148515701294,0.0101556945592165,0.41519489884376526,0.08750822395086288,50000,0,64000,114000
34,18,X5,-2.7454322819495425,2.054526331834495,1.0047286748886108,0.01036030612885952,0.009949709288775921,1.0189334154129028,0.010554226115345955,0.855548995360732,1.0047286748886108,1.0189334154129028,0.00912109948694706,0.3968776762485504,0.04481780156493187,50000,0,64000,114000
34,19,X3,0.9780614249087893,2.0543464170768857,1.0048259496688843,0.010356597602367401,0.009899381548166275,1.0187115669250488,0.010552921332418919,0.8350084738805891,1.0048259496688843,1.0187115669250488,0.009777025319635868,0.3718755543231964,0.04864839091897011,50000,0,64000,114000
34,20,X1,-3.452340516235304,2.0541161950677633,1.004826307296753,0.010353965684771538,0.009921529330313206,1.0184714794158936,0.0105429133400321,0.8534927574917675,1.004826307296753,1.0184714794158936,0.011273368261754513,0.39826372265815735,0.03929610922932625,50000,0,64000,114000
34,21,X4,0.9906859952128135,2.0534896161407232,1.0042341947555542,0.010338354855775833,0.00988780241459608,1.01845383644104,0.010575427673757076,0.8361444465816021,1.0042341947555542,1.01845383644104,0.009974101558327675,0.39820611476898193,0.02342662401497364,50000,0,64000,114000
34,22,X2,-0.5519266571124213,2.053678972646594,1.0040948390960693,0.010334170423448086,0.009936775080859661,1.018703579902649,0.010609608143568039,0.7444325096905231,1.0040948390960693,1.018703579902649,0.009924668818712234,0.30469152331352234,0.025256633758544922,50000,0,64000,114000
34,23,X5,2.1325801768562282,2.053842905908823,1.0039321184158325,0.010325801558792591,0.009980954229831696,1.0190908908843994,0.010513140819966793,0.7392259502783418,1.0039321184158325,1.0190908908843994,0.010291366837918758,0.303893119096756,0.020436862483620644,50000,0,64000,114000
34,24,X3,-1.796780007367337,2.0534609435126185,1.0033987760543823,0.010316232219338417,0.009929651394486427,1.019397497177124,0.01041878666728735,0.7406485956162214,1.0033987760543823,1.019397497177124,0.009511572308838367,0.31183651089668274,0.014741257764399052,50000,0,64000,114000
35,0,X1,2.112687900941154,8.163740741088986,1.0033859014511108,1.6615180969238281,1.0755109786987305,4.410898208618164,0.0124275553971529,17.464465069770814,1.0033859014511108,4.410898208618164,8.669517517089844,6.486721038818359,1.2253696918487549,50000,0,64000,114000
35,1,X4,1.5259099354038312,4.857173214666545,1.0315496921539307,0.015156397596001625,0.049167945981025696,3.749523401260376,0.01177577767521143,5.4580569945275785,1.0315496921539307,3.749523401260376,0.03128909692168236,3.3129189014434814,1.1576343774795532,50000,0,64000,114000
35,2,X2,-1.632265340228737,4.291790016926825,1.0076541900634766,0.01284804567694664,0.03060602955520153,3.229170083999634,0.011511667631566525,4.050385503843427,1.0076541900634766,3.229170083999634,0.022764163091778755,2.3025407791137695,0.8777157068252563,50000,0,64000,114000
35,3,X5,4.824323331418205,3.4937695739790797,1.0033071041107178,0.010629705153405666,0.011101040057837963,2.4577744007110596,0.01095732394605875,1.966060511395335,1.0033071041107178,2.4577744007110596,0.01684705726802349,1.1306960582733154,0.1263010948896408,50000,0,64000,114000
35,4,X3,-4.458433297467684,3.196828182786703,1.0035871267318726,0.010631471872329712,0.01089716050773859,2.160784959793091,0.010927463881671429,1.6216099217534066,1.0035871267318726,2.160784959793091,0.01576412469148636,0.7561628818511963,0.2168084979057312,50000,0,64000,114000
35,5,X1,-4.771470557188914,2.9809784684330225,1.003584623336792,0.010622239671647549,0.046925876289606094,1.9090172052383423,0.010828523896634579,2.216424522921443,1.003584623336792,1.9090172052383423,0.01878976635634899,1.412923812866211,0.2021905779838562,50000,0,64000,114000
35,6,X4,-3.6672381458119565,2.578824239782989,1.0041882991790771,0.010512259788811207,0.017906321212649345,1.5355700254440308,0.010647334158420563,1.9787286624312401,1.0041882991790771,1.5355700254440308,0.01210794597864151,1.3951929807662964,0.0634760707616806,50000,0,64000,114000
35,7,X2,-2.2913502020879917,2.4459928292781115,1.0041519403457642,0.010513333603739738,0.013911937363445759,1.4066940546035767,0.01072156336158514,1.595778326690197,1.0041519403457642,1.4066940546035767,0.010007571429014206,1.0421308279037476,0.06147072836756706,50000,0,64000,114000
35,8,X5,-0.08469319475425685,2.3398207565769553,1.0040251016616821,0.010469944216310978,0.011570450849831104,1.3030388355255127,0.010716424323618412,1.6707001440227032,1.0040251016616821,1.3030388355255127,0.00974973663687706,1.1419090032577515,0.05762861669063568,50000,0,64000,114000
35,9,X3,1.6972404546897293,2.192368781194091,1.0028226375579834,0.010507275350391865,0.010531537234783173,1.1578869819641113,0.01062034908682108,1.676501796208322,1.0028226375579834,1.1578869819641113,0.010054214857518673,1.1772613525390625,0.05704430490732193,50000,0,64000,114000
35,10,X1,1.533291854920538,2.146494794636965,1.0028208494186401,0.010463611222803593,0.010364484041929245,1.1122353076934814,0.010610542260110378,1.361778286471963,1.0028208494186401,1.1122353076934814,0.010142059996724129,0.8608905673027039,0.06773442775011063,50000,0,64000,114000
35,11,X4,-3.408077415678431,2.1137065179646015,1.0028162002563477,0.01041590515524149,0.010207852348685265,1.0796548128128052,0.01061174739152193,1.4117712032049896,1.0028162002563477,1.0796548128128052,0.009908927604556084,0.9466989636421204,0.03866910934448242,50000,0,64000,114000
35,12,X2,0.3069000039470682,2.0770156495273113,1.0030107498168945,0.010336600244045258,0.010067394003272057,1.043039083480835,0.010561821982264519,1.293482482433319,1.0030107498168945,1.043039083480835,0.010252675041556358,0.8483870625495911,0.02563277818262577,50000,0,64000,114000
35,13,X5,-3.2692180093874654,2.0672470908612013,1.0028712749481201,0.010319621302187443,0.010050209239125252,1.0334416627883911,0.010564322583377361,1.259771435149014,1.0028712749481201,1.0334416627883911,0.00992621574550867,0.8235319256782532,0.019050706177949905,50000,0,64000,114000
35,14,X3,-2.2349107426979864,2.0609766002744436,1.0027860403060913,0.010319942608475685,0.010019602254033089,1.0273141860961914,0.010536829009652138,1.2399778719991446,1.0027860403060913,1.0273141860961914,0.008696014061570168,0.8101380467414856,0.015123765915632248,50000,0,64000,114000
35,15,X1,-0.9868923912151146,2.053773444145918,1.0028108358383179,0.010329914279282093,0.00999834667891264,1.0201531648635864,0.010481182485818863,1.184581733494997,1.0028108358383179,1.0201531648635864,0.009943975135684013,0.7583863735198975,0.01165858469903469,50000,0,64000,114000
35,16,X4,-0.2558746892003061,2.0519573586061597,1.00281822681427,0.010316326282918453,0.009956059977412224,1.0184324979782104,0.010434247553348541,1.0785026755183935,1.00281822681427,1.0184324979782104,0.011476114392280579,0.6495434641838074,0.013232951983809471,50000,0,64000,114000
35,17,X2,-1.1832484928306441,2.050796542316675,1.002856969833374,0.010302001610398293,0.00991734117269516,1.0172992944717407,0.010420935228466988,1.1356716802343727,1.002856969833374,1.0172992944717407,0.008607435040175915,0.7105683088302612,0.012464683502912521,50000,0,64000,114000
35,18,X5,-0.8061923638249935,2.0504185454919934,1.003185749053955,0.010256029665470123,0.00990983471274376,1.0162960290908813,0.010770902968943119,1.0445172419771551,1.003185749053955,1.0162960290908813,0.009965969249606133,0.6180201172828674,0.01263479981571436,50000,0,64000,114000
35,19,X3,4.736714942850776,2.04995269048959,1.0033342838287354,0.010253955610096455,0.009896808303892612,1.015999436378479,0.010468206368386745,0.983804407902062,1.0033342838287354,1.015999436378479,0.01056351512670517,0.5554410219192505,0.01393312681466341,50000,0,64000,114000
35,20,X1,1.9400288656787312,2.0498879216611385,1.0033349990844727,0.010249449871480465,0.009912872686982155,1.0159566402435303,0.010433959774672985,1.0380650298669933,1.0033349990844727,1.0159566402435303,0.011051500216126442,0.6104425191879272,0.012712682597339153,50000,0,64000,114000
35,21,X4,-1.7494800840528537,2.049927962012589,1.003408670425415,0.010242591612040997,0.009824148379266262,1.0160084962844849,0.010444055311381817,0.9841966968029738,1.003408670425415,1.0160084962844849,0.010836479254066944,0.5574469566345215,0.012029827572405338,50000,0,64000,114000
35,22,X2,-3.648773724208726,2.0501490039750934,1.0033341646194458,0.010245413519442081,0.009965787641704082,1.0161362886428833,0.0104673495516181,0.8749532751739025,1.0033341646194458,1.0161362886428833,0.009399189613759518,0.4502623677253723,0.01139762718230486,50000,0,64000,114000
35,23,X5,-2.6781247749491355,2.04986319784075,1.0031609535217285,0.010270948521792889,0.009912770241498947,1.0161100625991821,0.010408462956547737,0.877656689658761,1.0031609535217285,1.0161100625991821,0.009769746102392673,0.45089802145957947,0.013134718872606754,50000,0,64000,114000
35,24,X3,2.6898745773851456,2.050074014812708,1.0033987760543823,0.010239449329674244,0.009855818934738636,1.0161662101745605,0.01041376031935215,0.8573434887453913,1.0033987760543823,1.0161662101745605,0.009752335026860237,0.4307512640953064,0.012926892377436161,50000,0,64000,114000
36,0,X1,4.996483374325676,7.849464161321521,1.0033859014511108,1.6179269552230835,0.797667384147644,4.411484718322754,0.01899920217692852,17.39812468290329,1.0033859014511108,4.411484718322754,8.5985746383667,7.437833786010742,0.27874213457107544,50000,0,64000,114000
36,1,X4,-1.9782421817423135,4.824095629155636,1.0027977228164673,0.013124728575348854,0.04171353578567505,3.752115488052368,0.014344153925776482,5.722445909678936,1.0027977228164673,3.752115488052368,0.026514925062656403,4.577665328979492,0.16728301346302032,50000,0,64000,114000
36,2,X2,-4.077196351547298,4.266097703948617,1.005021572113037,0.012987915426492691,0.02928411401808262,3.2073895931243896,0.011414509266614914,2.5710078269243244,1.005021572113037,3.2073895931243896,0.033104583621025085,1.5418400764465332,0.1535809338092804,50000,0,64000,114000
36,3,X5,-1.335630180840309,3.4342075884342194,1.0044529438018799,0.010870802216231823,0.020934589207172394,2.3872578144073486,0.010691438801586628,1.7425664329901338,1.0044529438018799,2.3872578144073486,0.012361803092062473,0.9051846861839294,0.14667779207229614,50000,0,64000,114000
36,4,X3,4.644738690365042,3.1351974457502365,1.0059089660644531,0.010830705054104328,0.02040693536400795,2.087411642074585,0.010639197193086147,1.5828269677236677,1.0059089660644531,2.087411642074585,0.012359295971691608,0.8057478070259094,0.14605574309825897,50000,0,64000,114000
36,5,X1,-2.2223194732758333,2.8938031885772943,1.0059032440185547,0.010762873105704784,0.0204805638641119,1.8461966514587402,0.010459856130182743,1.3489958558231592,1.0059032440185547,1.8461966514587402,0.012723604217171669,0.6468063592910767,0.1190459132194519,50000,0,64000,114000
36,6,X4,2.6567151738164485,2.5377767868340015,1.0028088092803955,0.010534572415053844,0.01982806622982025,1.4942817687988281,0.010323570109903812,1.2830338314175607,1.0028088092803955,1.4942817687988281,0.01090223342180252,0.6073870658874512,0.16532641649246216,50000,0,64000,114000
36,7,X2,0.4346055346148745,2.416195915080607,1.0029780864715576,0.01049918495118618,0.0198472011834383,1.3724907636642456,0.010380678810179234,1.3654658218845726,1.0029780864715576,1.3724907636642456,0.01069433894008398,0.7424869537353516,0.13719075918197632,50000,0,64000,114000
36,8,X5,-0.18659549808917486,2.3198049375787377,1.0027825832366943,0.010452192276716232,0.01945064403116703,1.2767493724822998,0.010370145551860332,1.2793538086116314,1.0027825832366943,1.2767493724822998,0.012066449970006943,0.6609917879104614,0.1503891795873642,50000,0,64000,114000
36,9,X3,-4.597204025434175,2.1883141500875354,1.0030336380004883,0.010411407798528671,0.017582278698682785,1.146966576576233,0.010320249013602734,1.1303304046392442,1.0030336380004883,1.146966576576233,0.010883793234825134,0.5052210092544556,0.18422555923461914,50000,0,64000,114000
36,10,X1,-2.6082953700248535,2.1456987261772156,1.0030345916748047,0.010414901189506054,0.016813376918435097,1.1050541400909424,0.010381716303527355,1.0594823528081179,1.0030345916748047,1.1050541400909424,0.009461360052227974,0.48540374636650085,0.14299950003623962,50000,0,64000,114000
36,11,X4,-0.35696210202073786,2.1146220844238997,1.002957820892334,0.010396950878202915,0.01579873636364937,1.0751328468322754,0.010335729457437992,1.039410152286291,1.002957820892334,1.0751328468322754,0.010451357811689377,0.44030895829200745,0.17303170263767242,50000,0,64000,114000
36,12,X2,-0.719779563764595,2.077879293821752,1.0030015707015991,0.010386243462562561,0.013498724438250065,1.040669560432434,0.010323194786906242,0.7544506747275591,1.0030015707015991,1.040669560432434,0.009871156886219978,0.19097350537776947,0.144871786236763,50000,0,64000,114000
36,13,X5,-3.970638773024442,2.067291406914592,1.0029213428497314,0.010409971699118614,0.012427343055605888,1.0311830043792725,0.01034974493086338,0.8151846354827285,1.0029213428497314,1.0311830043792725,0.010277441702783108,0.2201693058013916,0.177917018532753,50000,0,64000,114000
36,14,X3,-0.0567555397209194,2.060302053578198,1.002949595451355,0.010420308448374271,0.011662931181490421,1.0249385833740234,0.010330635122954845,0.7445003030821682,1.002949595451355,1.0249385833740234,0.010064984671771526,0.21701927483081818,0.11183840781450272,50000,0,64000,114000
36,15,X1,4.0951194508590465,2.055264267139137,1.003639817237854,0.010430164635181427,0.011657694354653358,1.01920747756958,0.010329113341867924,0.7236168922856451,1.003639817237854,1.01920747756958,0.010279354639351368,0.16730226576328278,0.14146581292152405,50000,0,64000,114000
36,16,X4,1.2117261319043546,2.053895420394838,1.0040404796600342,0.010441886261105537,0.011151568964123726,1.0178754329681396,0.010386052541434765,0.7763719232752919,1.0040404796600342,1.0178754329681396,0.010428008623421192,0.1962708681821823,0.16528986394405365,50000,0,64000,114000
36,17,X2,1.2182724410757224,2.0523171359673142,1.0038148164749146,0.010446206666529179,0.010753883048892021,1.016943097114563,0.010359132662415504,0.8121501622721553,1.0038148164749146,1.016943097114563,0.01097938697785139,0.2489912062883377,0.14802798628807068,50000,0,64000,114000
36,18,X5,2.852264447023231,2.051505448296666,1.0047105550765991,0.010427867993712425,0.010180067270994186,1.0159095525741577,0.010277405381202698,0.8658234579488635,1.0047105550765991,1.0159095525741577,0.011475126259028912,0.292115181684494,0.1581091284751892,50000,0,64000,114000
36,19,X3,4.767992186932155,2.050932288169861,1.0044033527374268,0.010423487052321434,0.010045149363577366,1.015795111656189,0.010265187360346317,0.8242937333881856,1.0044033527374268,1.015795111656189,0.01104191318154335,0.2564673125743866,0.1527448147535324,50000,0,64000,114000
36,20,X1,-3.687366400076413,2.0529112042859197,1.004404067993164,0.01042271964251995,0.011997003108263016,1.015794277191162,0.010293136350810528,0.8956832598894835,1.004404067993164,1.015794277191162,0.009612677618861198,0.30097106099128723,0.1810598522424698,50000,0,64000,114000
36,21,X4,-3.069769053003608,2.0504410564899445,1.0034445524215698,0.0104043735191226,0.010229416191577911,1.0160614252090454,0.010301289148628712,0.7461461866274477,1.0034445524215698,1.0160614252090454,0.010043277405202389,0.31626686453819275,0.01593484915792942,50000,0,64000,114000
36,22,X2,-4.8012749337697045,2.0505053997039795,1.0033308267593384,0.010399864986538887,0.010050295852124691,1.0164374113082886,0.010287000797688961,0.7491153929382562,1.0033308267593384,1.0164374113082886,0.010892413556575775,0.31994250416755676,0.014326827600598335,50000,0,64000,114000
36,23,X5,4.594376390124156,2.050487128086388,1.0031875371932983,0.01039793435484171,0.009920400567352772,1.0167027711868286,0.010278484784066677,0.7583202196285129,1.0031875371932983,1.0167027711868286,0.009496617130935192,0.32904475927352905,0.015800781548023224,50000,0,64000,114000
36,24,X3,-4.2759731031582415,2.050292861647904,1.0031545162200928,0.010401314124464989,0.009790031239390373,1.016693353652954,0.010253646411001682,0.8387899316847325,1.0031545162200928,1.016693353652954,0.011315843090415001,0.4076177775859833,0.015886737033724785,50000,0,64000,114000
37,0,X1,0.37861589373155535,10.270090393722057,1.0033859014511108,3.294854164123535,1.5280083417892456,4.415014743804932,0.0288272425532341,24.323322540521623,1.0033859014511108,4.415014743804932,16.885440826416016,5.922651290893555,0.4315502941608429,50000,0,64000,114000
37,1,X4,-0.19718918669758967,4.938862571492791,1.0326790809631348,0.013277411460876465,0.10015640407800674,3.767803192138672,0.024946482852101326,6.781743670254945,1.0326790809631348,3.767803192138672,0.01696159318089485,5.49099588394165,0.3136897385120392,50000,0,64000,114000
37,2,X2,1.265751160423937,4.321894123218954,1.0264743566513062,0.011768138967454433,0.08919025212526321,3.1762447357177734,0.018216639757156372,1.8989918360486628,1.0264743566513062,3.1762447357177734,0.012468756176531315,0.7548164129257202,0.2911628484725952,50000,0,64000,114000
37,3,X5,-2.0893925698009164,3.396809907630086,1.007027268409729,0.010482534766197205,0.03993215039372444,2.3280508518218994,0.011317102238535881,1.792083382420242,1.007027268409729,2.3280508518218994,0.011192250065505505,0.7727170586585999,0.3411584496498108,50000,0,64000,114000
37,4,X3,4.3247967356231705,3.0752558037638664,1.0071499347686768,0.010438417084515095,0.026779115200042725,2.0200726985931396,0.010815638117492199,1.8624103873968125,1.0071499347686768,2.0200726985931396,0.010934188961982727,0.9562721848487854,0.28975948691368103,50000,0,64000,114000
37,5,X1,-1.7570988982438096,2.8234276678413153,1.00714910030365,0.010463242419064045,0.0194321908056736,1.7757693529129028,0.010613781400024891,2.288554907031357,1.00714910030365,1.7757693529129028,0.010880392976105213,1.3361589908599854,0.3849318325519562,50000,0,64000,114000
37,6,X4,-1.0771776880470574,2.4667830178514123,1.0039515495300293,0.01050425972789526,0.013569164089858532,1.4282904863357544,0.010467558167874813,2.163490337319672,1.0039515495300293,1.4282904863357544,0.012318265624344349,1.363295078277588,0.30142858624458313,50000,0,64000,114000
37,7,X2,1.2778413779186417,2.3472154065966606,1.0040913820266724,0.010493329726159573,0.012542431242763996,1.3096656799316406,0.010422583669424057,2.3437211314216255,1.0040913820266724,1.3096656799316406,0.01196856889873743,1.531378149986267,0.3376230001449585,50000,0,64000,114000
37,8,X5,-3.0119163903310997,2.259598072618246,1.004306674003601,0.010450651869177818,0.012062884867191315,1.2223654985427856,0.010412363335490227,2.2887571956962347,1.004306674003601,1.2223654985427856,0.013759216293692589,1.4697235822677612,0.35993996262550354,50000,0,64000,114000
37,9,X3,1.2220299403020496,2.1519966050982475,1.0027859210968018,0.010401780717074871,0.010438090190291405,1.1179218292236328,0.010448983870446682,2.383254072256386,1.0027859210968018,1.1179218292236328,0.011200067587196827,1.6109004020690918,0.33701205253601074,50000,0,64000,114000
37,10,X1,3.265417977606443,2.121386816725135,1.002785325050354,0.010394316166639328,0.0104499077424407,1.087304949760437,0.010452318005263805,2.179663260281086,1.002785325050354,1.087304949760437,0.010149605572223663,1.4375945329666138,0.31390106678009033,50000,0,64000,114000
37,11,X4,-4.650886977934455,2.100203962996602,1.0027986764907837,0.01040057186037302,0.010169067420065403,1.0660400390625,0.010795608162879944,1.8584292765706778,1.0027986764907837,1.0660400390625,0.010759381577372551,1.3451100587844849,0.0887920930981636,50000,0,64000,114000
37,12,X2,1.7763578531690438,2.0749241365119815,1.0031588077545166,0.01042691245675087,0.009973237290978432,1.0407905578613281,0.01057462114840746,2.048330856487155,1.0031588077545166,1.0407905578613281,0.010730063542723656,1.5598859786987305,0.06892494112253189,50000,0,64000,114000
37,13,X5,3.8170681293277458,2.0683387285098433,1.0036102533340454,0.0104164257645607,0.009904390200972557,1.0338698625564575,0.010537796653807163,1.8904773091897369,1.0036102533340454,1.0338698625564575,0.009911022149026394,1.4117414951324463,0.061328768730163574,50000,0,64000,114000
37,14,X3,1.2631750750810147,2.0633961437270045,1.0037102699279785,0.01041418220847845,0.00988415814936161,1.0288561582565308,0.01053137518465519,1.809921188093722,1.0037102699279785,1.0288561582565308,0.010263149626553059,1.344199776649475,0.048944976180791855,50000,0,64000,114000
37,15,X1,-2.006872797039171,2.056152703240514,1.0038599967956543,0.010397597216069698,0.009839041158556938,1.0215792655944824,0.010476802475750446,1.8671184215694665,1.0038599967956543,1.0215792655944824,0.01102275587618351,1.410550832748413,0.04045698046684265,50000,0,64000,114000
37,16,X4,3.608245884660981,2.054110766388476,1.0038601160049438,0.010386350564658642,0.009848037734627724,1.0195612907409668,0.010454971343278885,1.7553091956302525,1.0038601160049438,1.0195612907409668,0.010119023732841015,1.3020700216293335,0.03843586891889572,50000,0,64000,114000
37,17,X2,-2.1306355195518742,2.052846012637019,1.0038357973098755,0.010387382470071316,0.00975597370415926,1.0184308290481567,0.010436030104756355,1.1161452440544963,1.0038357973098755,1.0184308290481567,0.009544282220304012,0.6630229353904724,0.03912470117211342,50000,0,64000,114000
37,18,X5,0.3886701031933235,2.0519221080467105,1.0040233135223389,0.010371321812272072,0.00986651424318552,1.017267107963562,0.01039385050535202,1.0305274322628974,1.0040233135223389,1.017267107963562,0.009442493319511414,0.5801587700843811,0.0366680845618248,50000,0,64000,114000
37,19,X3,-1.0891085624137675,2.0514180632308125,1.003813624382019,0.010356397368013859,0.00989213865250349,1.0168997049331665,0.010456197895109653,1.1043175004422665,1.003813624382019,1.0168997049331665,0.010689370334148407,0.6513838171958923,0.038101647049188614,50000,0,64000,114000
37,20,X1,-3.736133035476227,2.0512055084109306,1.003812551498413,0.010353748686611652,0.009918122552335262,1.0167200565338135,0.010401029139757156,1.0942992731928824,1.003812551498413,1.0167200565338135,0.01113869622349739,0.6447813510894775,0.034272704273462296,50000,0,64000,114000
37,21,X4,-3.4737113060809444,2.050856303423643,1.0040837526321411,0.010358570143580437,0.009956661611795425,1.016089916229248,0.01036740280687809,1.171733995899558,1.0040837526321411,1.016089916229248,0.01031670905649662,0.7357144951820374,0.02166805788874626,50000,0,64000,114000
37,22,X2,4.497946081468259,2.050524566322565,1.003965973854065,0.010359127074480057,0.00996980257332325,1.0158394575119019,0.010390205308794975,0.9909086866304279,1.003965973854065,1.0158394575119019,0.01014768984168768,0.5495046377182007,0.027295272797346115,50000,0,64000,114000
37,23,X5,1.3387058848606879,2.0503890700638294,1.0037684440612793,0.010338012129068375,0.009958473034203053,1.0159084796905518,0.01041566114872694,1.0306436697021126,1.0037684440612793,1.0159084796905518,0.011136879213154316,0.5908738970756531,0.02469750866293907,50000,0,64000,114000
37,24,X3,4.570479047653741,2.0504734171554446,1.0038295984268188,0.010344436392188072,0.009981321170926094,1.0158439874649048,0.010474073700606823,1.109878065995872,1.0038295984268188,1.0158439874649048,0.010094382800161839,0.6736642718315125,0.022184694185853004,50000,0,64000,114000
38,0,X1,-3.9364371734155656,14.969823360443115,1.0033859014511108,6.217602729797363,3.292623519897461,4.412923812866211,0.04328739643096924,25.41630289554596,1.0033859014511108,4.412923812866211,17.407608032226562,5.286545753479004,1.6388871669769287,50000,0,64000,114000
38,1,X4,-0.6197616566458013,4.900759838521481,1.0035462379455566,0.022539325058460236,0.09215901792049408,3.758490800857544,0.02402445673942566,5.771339389681816,1.0035462379455566,3.758490800857544,0.03607188165187836,4.156976699829102,0.6258834004402161,50000,0,64000,114000
38,2,X2,-4.438262826769911,4.330130728892982,1.0033249855041504,0.01403679046779871,0.08028100430965424,3.2145605087280273,0.017927439883351326,2.425149676203728,1.0033249855041504,3.2145605087280273,0.022041603922843933,1.0011098384857178,0.5584211349487305,50000,0,64000,114000
38,3,X5,2.5136976704509104,3.468283347785473,1.0034946203231812,0.01092500053346157,0.06348048150539398,2.3744521141052246,0.015931131318211555,2.2515295777469873,1.0034946203231812,2.3744521141052246,0.011358479037880898,0.9596636891365051,0.6049180626869202,50000,0,64000,114000
38,4,X3,-1.3005730052213584,3.1277898317202926,1.0029237270355225,0.0107286861166358,0.04146857187151909,2.0575454235076904,0.01512342318892479,2.1057023998349904,1.0029237270355225,2.0575454235076904,0.011327957734465599,0.8979746699333191,0.5843059420585632,50000,0,64000,114000
38,5,X1,2.5786668693977255,2.8611220456659794,1.0029218196868896,0.010656984522938728,0.030792510136961937,1.8022973537445068,0.014453377574682236,2.2651635859161616,1.0029218196868896,1.8022973537445068,0.012061068788170815,1.0697284936904907,0.6223301887512207,50000,0,64000,114000
38,6,X4,0.645808282637188,2.5016653267666698,1.0043326616287231,0.010470015928149223,0.01944035477936268,1.4554753303527832,0.0119469640776515,1.8253339817747474,1.0043326616287231,1.4554753303527832,0.010364501737058163,0.9226422905921936,0.40036559104919434,50000,0,64000,114000
38,7,X2,1.4812738912633918,2.386393670924008,1.004412055015564,0.010465076193213463,0.016627155244350433,1.3432246446609497,0.011664739809930325,2.6273008393123747,1.004412055015564,1.3432246446609497,0.010688667185604572,1.6461453437805176,0.5009394884109497,50000,0,64000,114000
38,8,X5,-1.0926435920994848,2.2992880064994097,1.0051243305206299,0.010470175184309483,0.015593225136399269,1.2565505504608154,0.011549725197255611,2.316200130991638,1.0051243305206299,1.2565505504608154,0.00999062042683363,1.3829413652420044,0.4709331691265106,50000,0,64000,114000
38,9,X3,2.2570441494551705,2.1744502848014235,1.0039116144180298,0.010417988523840904,0.01371313538402319,1.1349338293075562,0.011473717167973518,2.3226788273081183,1.0039116144180298,1.1349338293075562,0.009391128085553646,1.4201301336288452,0.4653884768486023,50000,0,64000,114000
38,10,X1,2.49348650418605,2.136490727774799,1.0039194822311401,0.010394666343927383,0.01318212691694498,1.0977505445480347,0.011243907734751701,2.185246906802058,1.0039194822311401,1.0977505445480347,0.010997174307703972,1.2968286275863647,0.45708709955215454,50000,0,64000,114000
38,11,X4,1.557289667896237,2.109116899780929,1.0032906532287598,0.010395141318440437,0.012636481784284115,1.0716608762741089,0.011133747175335884,2.3068915782496333,1.0032906532287598,1.0716608762741089,0.009586232714354992,1.485332727432251,0.3969823122024536,50000,0,64000,114000
38,12,X2,-3.287181136359746,2.0761082461103797,1.0031765699386597,0.01033064629882574,0.012372933328151703,1.039169192314148,0.011058904230594635,1.513492216169834,1.0031765699386597,1.039169192314148,0.009643323719501495,0.7003339529037476,0.39504578709602356,50000,0,64000,114000
38,13,X5,-3.040880872045779,2.066361133940518,1.003320336341858,0.010307585820555687,0.012009212747216225,1.0296783447265625,0.01104565430432558,1.5363649263978005,1.003320336341858,1.0296783447265625,0.010569728910923004,0.5969423055648804,0.522253155708313,50000,0,64000,114000
38,14,X3,2.6836187368222086,2.0600910475477576,1.003631830215454,0.01030910573899746,0.011760273016989231,1.0233289003372192,0.011060938239097595,1.4855744395405055,1.003631830215454,1.0233289003372192,0.00935203768312931,0.6472036242485046,0.4236266314983368,50000,0,64000,114000
38,15,X1,3.594178692854964,2.054777911864221,1.0046546459197998,0.010329943150281906,0.011771263554692268,1.0172204971313477,0.01080156210809946,1.3720431065186858,1.0046546459197998,1.0172204971313477,0.010212144814431667,0.5101914405822754,0.44726449251174927,50000,0,64000,114000
38,16,X4,-1.968595039703497,2.052918888628483,1.0044324398040771,0.010333366692066193,0.01158086583018303,1.0159344673156738,0.01063774898648262,1.0134514678269624,1.0044324398040771,1.0159344673156738,0.010539727285504341,0.4651714563369751,0.13366690278053284,50000,0,64000,114000
38,17,X2,-0.8805606330962537,2.0517172599211335,1.0041872262954712,0.010334156453609467,0.01140677835792303,1.0152792930603027,0.010509805753827095,1.020443914271891,1.0041872262954712,1.0152792930603027,0.01029141340404749,0.5006684064865112,0.10559079051017761,50000,0,64000,114000
38,18,X5,-0.5719334193844094,2.0501578422263265,1.003298044204712,0.01035767700523138,0.011226548813283443,1.0148215293884277,0.010454042814671993,1.0688877016305924,1.003298044204712,1.0148215293884277,0.009358935058116913,0.5418108701705933,0.11409398168325424,50000,0,64000,114000
38,19,X3,1.2569368116746427,2.0500527415424585,1.0033345222473145,0.0103682279586792,0.011188104748725891,1.0147230625152588,0.010438824072480202,1.04370065163821,1.0033345222473145,1.0147230625152588,0.0102420998737216,0.512726902961731,0.11712013185024261,50000,0,64000,114000
38,20,X1,-2.9732318528857773,2.049815285950899,1.0033345222473145,0.01038592029362917,0.011063799262046814,1.0146642923355103,0.010366751812398434,1.0769211860373615,1.0033345222473145,1.0146642923355103,0.010009725578129292,0.5628749132156372,0.10043678432703018,50000,0,64000,114000
38,21,X4,-1.694260889165676,2.049474947154522,1.0031191110610962,0.010373737663030624,0.010969155468046665,1.0146572589874268,0.010355683974921703,0.975060866214335,1.0031191110610962,1.0146572589874268,0.010168404318392277,0.43222230672836304,0.12911488115787506,50000,0,64000,114000
38,22,X2,4.225453323227793,2.0492496490478516,1.0030916929244995,0.010372438468039036,0.010777909308671951,1.0146666765213013,0.010340931825339794,0.6973092829808594,1.0030916929244995,1.0146666765213013,0.009039483033120632,0.19158756732940674,0.09313055872917175,50000,0,64000,114000
38,23,X5,0.835143603487996,2.0492403637617826,1.0031706094741821,0.010366182774305344,0.010705210268497467,1.0146673917770386,0.010330969467759132,0.6802735731005669,1.0031706094741821,1.0146673917770386,0.009840056300163269,0.1611807942390442,0.10568512231111526,50000,0,64000,114000
38,24,X3,2.659198021605392,2.04904558416456,1.0030397176742554,0.010368055664002895,0.010682942345738411,1.0146515369415283,0.010303331539034843,0.672808849811554,1.0030397176742554,1.0146515369415283,0.01008220762014389,0.16617520153522491,0.09301318973302841,50000,0,64000,114000
39,0,X1,-2.4555282361172717,16.41244407556951,1.0033859014511108,6.889546871185303,4.088338851928711,4.41311502456665,0.018057426437735558,27.011046481132507,1.0033859014511108,4.41311502456665,19.10001564025879,6.54295539855957,0.2847752571105957,50000,0,64000,114000
39,1,X4,1.2611501280639112,4.906245132908225,1.0038068294525146,0.0364484041929245,0.0904293805360794,3.7593424320220947,0.016218086704611778,5.920858259499073,1.0038068294525146,3.7593424320220947,0.11207258701324463,4.775066375732422,0.08108944445848465,50000,0,64000,114000
39,2,X2,-1.3089309253290438,4.278513412922621,1.0044113397598267,0.017968131229281425,0.051220979541540146,3.1892573833465576,0.015655579045414925,3.628571417927742,1.0044113397598267,3.1892573833465576,0.10982929170131683,2.5867350101470947,0.09327337145805359,50000,0,64000,114000
39,3,X5,0.8439309423512977,3.4129079850390553,1.0043025016784668,0.011114892549812794,0.01924126036465168,2.3627920150756836,0.015457315370440483,3.1047616206109523,1.0043025016784668,2.3627920150756836,0.054552312940359116,1.667040228843689,0.7097501754760742,50000,0,64000,114000
39,4,X3,-3.417945246602482,3.099985026754439,1.0070154666900635,0.010919179767370224,0.015706699341535568,2.051936149597168,0.01440753135830164,2.4586583986878394,1.0070154666900635,2.051936149597168,0.05529514700174332,1.6292386054992676,0.16233432292938232,50000,0,64000,114000
39,5,X1,-0.029318889660415515,2.84558760933578,1.007009744644165,0.010853133164346218,0.01443516556173563,1.7990680932998657,0.014221472665667534,2.153721648454666,1.007009744644165,1.7990680932998657,0.056056469678878784,1.3965747356414795,0.1398748755455017,50000,0,64000,114000
39,6,X4,-4.350739743873978,2.488577055744827,1.004940152168274,0.010882657952606678,0.012593472376465797,1.446997046470642,0.013163726776838303,1.716429602354765,1.004940152168274,1.446997046470642,0.04793601855635643,1.04815673828125,0.1299494057893753,50000,0,64000,114000
39,7,X2,-3.6712513756547605,2.375032481737435,1.0063062906265259,0.010856084525585175,0.012556917034089565,1.3323115110397339,0.013001678511500359,1.7936267375946047,1.0063062906265259,1.3323115110397339,0.0554237887263298,1.1645392179489136,0.10594017058610916,50000,0,64000,114000
39,8,X5,1.3975690629252844,2.2851877296343446,1.0069717168807983,0.010818923823535442,0.012127801775932312,1.242464542388916,0.012804744765162468,1.3621535882353784,1.0069717168807983,1.242464542388916,0.05249093472957611,0.7605929374694824,0.09918246418237686,50000,0,64000,114000
39,9,X3,2.403758320918814,2.1629981249570847,1.0044115781784058,0.010436915792524815,0.01064261980354786,1.126481533050537,0.011025478132069111,1.1399667274206877,1.0044115781784058,1.126481533050537,0.027291780337691307,0.5857936143875122,0.10070271044969559,50000,0,64000,114000
39,10,X1,1.665985313103814,2.127464030869305,1.0044198036193848,0.010415945202112198,0.010455988347530365,1.0910812616348267,0.011091032065451145,1.0570132035762072,1.0044198036193848,1.0910812616348267,0.024404296651482582,0.5187603831291199,0.09474831074476242,50000,0,64000,114000
39,11,X4,-1.0662286966817591,2.1031162161380053,1.0049817562103271,0.010439226403832436,0.010249337181448936,1.0663518905639648,0.011094005778431892,1.1033226806670426,1.0049817562103271,1.0663518905639648,0.020663173869252205,0.5730246305465698,0.0953681468963623,50000,0,64000,114000
39,12,X2,-0.06982068389164553,2.074373840354383,1.003341555595398,0.010316229425370693,0.009905258193612099,1.0397748947143555,0.011035902425646782,0.8679897420108318,1.003341555595398,1.0397748947143555,0.012883145362138748,0.3642195463180542,0.0822637602686882,50000,0,64000,114000
39,13,X5,-2.890508755356782,2.0677739595994353,1.0031616687774658,0.010320471599698067,0.01091079507023096,1.0323512554168701,0.011029768735170364,0.7938793245702982,1.0031616687774658,1.0323512554168701,0.013784633949398994,0.29739901423454285,0.07559309154748917,50000,0,64000,114000
39,14,X3,-1.7146080713609289,2.062212198972702,1.0028963088989258,0.010339904576539993,0.011063799262046814,1.026939868927002,0.010972317308187485,0.789024387486279,1.0028963088989258,1.026939868927002,0.010930460877716541,0.2844792604446411,0.08764743059873581,50000,0,64000,114000
39,15,X1,-2.904843863056618,2.057351273484528,1.0032001733779907,0.010360208339989185,0.010971452109515667,1.0220609903335571,0.010758449323475361,0.7926249720156193,1.0032001733779907,1.0220609903335571,0.012690369039773941,0.29463714361190796,0.08024522662162781,50000,0,64000,114000
39,16,X4,-2.7171992383035737,2.0560008846223354,1.003226637840271,0.010373929515480995,0.01096365600824356,1.0208767652511597,0.010559896007180214,0.680786719545722,1.003226637840271,1.0208767652511597,0.012487786822021008,0.25084319710731506,0.012635054998099804,50000,0,64000,114000
39,17,X2,3.725314633123901,2.0556207671761513,1.0031923055648804,0.010368922725319862,0.011286275461316109,1.020162582397461,0.010610681027173996,0.6278059041127563,1.0031923055648804,1.020162582397461,0.012407778762280941,0.19882287085056305,0.011904276907444,50000,0,64000,114000
39,18,X5,-3.7303153975235617,2.054670794866979,1.0035382509231567,0.010334580205380917,0.010876957327127457,1.0193495750427246,0.010571431368589401,0.6089079955592751,1.0035382509231567,1.0193495750427246,0.011614489369094372,0.17972174286842346,0.012994198128581047,50000,0,64000,114000
39,19,X3,-2.5247504237733995,2.0543437572196126,1.0034370422363281,0.010328522883355618,0.01083870604634285,1.0191385746002197,0.01060091145336628,0.5671017387881875,1.0034370422363281,1.0191385746002197,0.012963378801941872,0.13622944056987762,0.013393796049058437,50000,0,64000,114000
39,20,X1,-3.6320040435625622,2.054635224863887,1.0034372806549072,0.010323092341423035,0.011134502477943897,1.0189608335494995,0.010779515840113163,0.6165124159306288,1.0034372806549072,1.0189608335494995,0.010013436898589134,0.18863944709300995,0.013379909098148346,50000,0,64000,114000
39,21,X4,0.8226759369494498,2.0542312497273088,1.003511905670166,0.010304955765604973,0.010565660893917084,1.0191987752914429,0.010649952106177807,0.5909975042566658,1.003511905670166,1.0191987752914429,0.009476722218096256,0.16559837758541107,0.011380268260836601,50000,0,64000,114000
39,22,X2,-1.175153674295073,2.054087959229946,1.003437876701355,0.010306176729500294,0.010487084276974201,1.0192919969558716,0.010564824566245079,0.5494995636865497,1.003437876701355,1.0192919969558716,0.01043260283768177,0.12138290703296661,0.013138079084455967,50000,0,64000,114000
39,23,X5,2.4866914890987957,2.0540582705289125,1.0032978057861328,0.01029471680521965,0.010466989129781723,1.0194772481918335,0.010521510615944862,0.5107310798019171,1.0032978057861328,1.0194772481918335,0.009988727979362011,0.08389919996261597,0.012288141064345837,50000,0,64000,114000
39,24,X3,4.212710336258926,2.0549615686759353,1.0037513971328735,0.010305927135050297,0.010486876592040062,1.019914150238037,0.010503217577934265,0.49599012285470967,1.0037513971328735,1.019914150238037,0.010156102478504181,0.06882262974977493,0.012278281152248383,50000,0,64000,114000
