method,seed,n_nodes,episodes,final_total_loss,min_total_loss,elapsed_s
random,789,15,150,2.2860267385840416,2.272528365254402,1365.6452331542969
