dpo_loss,reward,cov_bonus,score,target,value,episode,step
0.6931471824645996,400.5,7.695125797938959,408.19512579793894,n_914a,-0.18641582028960535,0,0
