dpo_loss,reward,cov_bonus,score,target,value,episode,step
0.6931471824645996,400.5,4.453427591291374,404.95342759129136,X27,-3.23,0,0
