dpo_loss,reward,cov_bonus,score,target,value,episode,step
0.6931471824645996,400.5,4.891043926516281,405.39104392651626,X21,-1.8,0,0
