episode,step,target,value,total_loss,loss_X1,loss_X2,loss_X3,loss_X4,loss_X5,ace_total_loss,ace_loss_X1,ace_loss_X4,ace_loss_X2,ace_loss_X3,ace_loss_X5,env_queries_executed,env_queries_candidate_probe,env_queries_observational,env_queries_total
0,0,X3,-2.4638727284395543,10.958450347185135,0.9720538258552551,1.637355089187622,3.4931652545928955,4.610929489135742,0.24494668841362,16.375963056087492,0.9720538258552551,4.610929489135742,7.889483451843262,6.037455081939697,1.3324278593063354,48750,3120000,62400,3231150
0,1,X5,-3.170665227261974,7.0673657059669495,0.9759367108345032,0.393376886844635,1.297802209854126,4.251736164093018,0.14851373434066772,8.168032848834992,0.9759367108345032,4.251736164093018,1.8866820335388184,3.986769676208496,1.2490465641021729,48750,3120000,62400,3231150
0,2,X4,-4.313228207176213,5.566450774669647,0.9788681864738464,0.06494250893592834,0.4009322226047516,3.919783353805542,0.20192450284957886,5.221620976924896,0.9788681864738464,3.919783353805542,0.37070295214653015,3.6157760620117188,0.25541165471076965,48750,3120000,62400,3231150
0,3,X3,-1.1343171526538276,4.6706764455884695,0.9721730947494507,0.01982356421649456,0.21948407590389252,3.356257438659668,0.10293827205896378,4.797491553425789,0.9721730947494507,3.356257438659668,0.07860873639583588,3.403149366378784,0.4500473439693451,48750,3120000,62400,3231150
0,4,X3,4.080961130407383,4.342807931825519,0.9705814719200134,0.015915287658572197,0.1763516366481781,3.115784168243408,0.06417536735534668,4.810045610368252,0.9705814719200134,3.115784168243408,0.05292271822690964,3.5435574054718018,0.3962923586368561,48750,3120000,62400,3231150
0,5,X3,-1.1619728752020952,4.070195171050727,0.970787525177002,0.013310584239661694,0.14726081490516663,2.8913750648498535,0.04746118187904358,5.415888174250722,0.970787525177002,2.8913750648498535,0.029115887358784676,4.208237171173096,0.40610259771347046,48750,3120000,62400,3231150
0,6,X3,-3.9262390270691205,3.6283603264018893,0.9705808162689209,0.01166034396737814,0.11331406980752945,2.4954066276550293,0.03739846870303154,4.814074922353029,0.9705808162689209,2.4954066276550293,0.018153954297304153,3.6933789253234863,0.40934455394744873,48750,3120000,62400,3231150
0,7,X5,-3.8342287304121214,3.4426575237885118,0.9707244038581848,0.01151710469275713,0.10535246878862381,2.3210091590881348,0.034054387360811234,4.773619785904884,0.9707244038581848,2.3210091590881348,0.016037002205848694,3.7403316497802734,0.3589044213294983,48750,3120000,62400,3231150
0,8,X5,4.4390104518699065,3.277387815527618,0.9706009030342102,0.01147137489169836,0.10016017407178879,2.163764715194702,0.03139064833521843,4.572212927229702,0.9706009030342102,2.163764715194702,0.015530829317867756,3.572661876678467,0.35714709758758545,48750,3120000,62400,3231150
0,9,X3,-4.019204009935418,2.9999649366363883,0.9707181453704834,0.011449451558291912,0.09426926076412201,1.8965728282928467,0.026955250650644302,4.438970886170864,0.9707181453704834,1.8965728282928467,0.01624961942434311,3.476182460784912,0.37308061122894287,48750,3120000,62400,3231150
0,10,X3,0.4019343011386898,2.883462189696729,0.9709644317626953,0.01143705565482378,0.09223516285419464,1.7836624383926392,0.02516310103237629,4.904357427731156,0.9709644317626953,1.7836624383926392,0.015920305624604225,3.9751534461975098,0.36235830187797546,48750,3120000,62400,3231150
0,11,X5,3.506944855273618,2.7798890192061663,0.9708632826805115,0.011439157649874687,0.09083323925733566,1.682967185974121,0.02378615364432335,4.002858748286963,0.9708632826805115,1.682967185974121,0.02130063995718956,3.1390464305877686,0.3117455840110779,48750,3120000,62400,3231150
0,12,X5,-4.866538561502437,2.602961561642587,0.9710081815719604,0.011380926705896854,0.08789625763893127,1.5111610889434814,0.02151510678231716,4.00788863748312,0.9710081815719604,1.5111610889434814,0.017980866134166718,3.2017719745635986,0.29170194268226624,48750,3120000,62400,3231150
0,13,X2,-3.0189782962887635,2.5285989120602608,0.970877468585968,0.011376539245247841,0.08607401698827744,1.4396188259124756,0.020652061328291893,3.8675929211080073,0.970877468585968,1.4396188259124756,0.015761669725179672,3.0705747604370117,0.2991572320461273,48750,3120000,62400,3231150
0,14,X2,-1.5889200335953149,2.4644262986257672,0.9709596037864685,0.011365375481545925,0.0852830559015274,1.3771355152130127,0.0196827482432127,3.503077709302306,0.9709596037864685,1.3771355152130127,0.01667616330087185,2.743664026260376,0.2731184959411621,48750,3120000,62400,3231150
0,15,X1,1.471206172605437,2.3637003004550934,0.9708200693130493,0.011369161307811737,0.0883161723613739,1.2749626636505127,0.018232233822345734,3.6760686660185455,0.9708200693130493,1.2749626636505127,0.013393261469900608,2.9209423065185547,0.29257655143737793,48750,3120000,62400,3231150
0,16,X1,3.672445637093258,2.361967897042632,0.9708167910575867,0.011356409639120102,0.12786391377449036,1.234340786933899,0.01758999563753605,3.5382780889049172,0.9708167910575867,1.234340786933899,0.011611358262598515,2.818723678588867,0.2669115364551544,48750,3120000,62400,3231150
0,17,X2,-3.3171466822883087,2.3222623616456985,0.9707295894622803,0.011372976005077362,0.12292493134737015,1.200217366218567,0.01701749861240387,2.7514401635155084,0.9707295894622803,1.200217366218567,0.011026754043996334,2.0498573780059814,0.25636664032936096,48750,3120000,62400,3231150
0,18,X3,-1.3137561916331575,2.258318361826241,0.9706557989120483,0.011424182914197445,0.11386459320783615,1.146348476409912,0.01602531038224697,3.0884420186281205,0.9706557989120483,1.146348476409912,0.01148293912410736,2.3758018016815186,0.2777564227581024,48750,3120000,62400,3231150
0,19,X3,-4.023890404262324,2.2305802637711167,0.9705837965011597,0.011433725245296955,0.10774102807044983,1.1251797676086426,0.015641946345567703,2.8154228556901217,0.9705837965011597,1.1251797676086426,0.011302726343274117,2.117769241333008,0.2671981751918793,48750,3120000,62400,3231150
0,20,X1,-0.6976675113270829,2.2054239604622126,0.9705824255943298,0.011431507766246796,0.10072813183069229,1.1073806285858154,0.015301266685128212,2.953945003449917,0.9705824255943298,1.1073806285858154,0.011515118181705475,2.298001289367676,0.22883598506450653,48750,3120000,62400,3231150
0,21,X1,-4.621243320086103,2.1966793220490217,0.9705921411514282,0.011541333980858326,0.11883259564638138,1.0811443328857422,0.014568918384611607,2.4674920493736865,0.9705921411514282,1.0811443328857422,0.011164509691298008,1.8175297975540161,0.2284504473209381,48750,3120000,62400,3231150
0,22,X5,2.892999182395095,2.180895579047501,0.9705826640129089,0.01156245544552803,0.11300884932279587,1.0715398788452148,0.01420173142105341,2.3022461066022517,0.9705826640129089,1.0715398788452148,0.010953412391245365,1.6394133567810059,0.24345482885837555,48750,3120000,62400,3231150
0,23,X3,-3.7721384230772017,2.168128337711096,0.9705888628959656,0.011564226821064949,0.10837738960981369,1.0637096166610718,0.013888241723179817,2.366407669149339,0.9705888628959656,1.0637096166610718,0.010496101342141628,1.7314502000808716,0.21760167181491852,48750,3120000,62400,3231150
0,24,X2,-0.16322976330574868,2.1454708771780133,0.9705818295478821,0.011520239524543285,0.09774106740951538,1.0522782802581787,0.013349460437893867,2.099172049947083,0.9705818295478821,1.0522782802581787,0.010324892587959766,1.4754594564437866,0.20881567895412445,48750,3120000,62400,3231150
1,0,X1,0.38081162784653166,11.556207418441772,0.9706031084060669,3.146247148513794,2.012925386428833,4.611083984375,0.8153477907180786,28.173483729362488,0.9706031084060669,4.611083984375,17.39946937561035,7.218530178070068,2.4391467571258545,48750,3120000,62400,3231150
1,1,X3,2.8140029078404734,8.986215323209763,0.970723569393158,1.3533705472946167,2.085183620452881,4.2515435218811035,0.32539406418800354,19.73396614789963,0.970723569393158,4.2515435218811035,8.02612018585205,8.077282905578613,2.5861096382141113,48750,3120000,62400,3231150
1,2,X5,-3.6975814934595617,5.933580696582794,0.9721730947494507,0.2205808162689209,0.6683060526847839,3.916764259338379,0.15575647354125977,11.819936847686767,0.9721730947494507,3.916764259338379,1.5102611780166626,4.521205902099609,4.81068229675293,48750,3120000,62400,3231150
1,3,X1,1.5602725155932395,4.762062979862094,0.9733546376228333,0.018506323918700218,0.3611339330673218,3.3356285095214844,0.0734395757317543,6.063889157772064,0.9733546376228333,3.3356285095214844,0.04810386896133423,4.7793049812316895,0.374683678150177,48750,3120000,62400,3231150
1,4,X1,-2.973249915686902,4.553677298128605,0.9733095765113831,0.016793619841337204,0.41381940245628357,3.0878679752349854,0.06188672408461571,6.149113349989056,0.9733095765113831,3.0878679752349854,0.013216206803917885,5.211437702178955,0.11222393065690994,48750,3120000,62400,3231150
1,5,X4,-4.859590413151233,4.251064627431333,0.9715020656585693,0.013188636861741543,0.3325830399990082,2.861266851425171,0.07252403348684311,6.080404869839549,0.9715020656585693,2.861266851425171,0.01199030689895153,4.8223371505737305,0.479523628950119,48750,3120000,62400,3231150
1,6,X1,-4.0786511632522,3.7222379688173532,0.9707636833190918,0.011978605762124062,0.22271430492401123,2.463144540786743,0.053636834025382996,6.953996388241649,0.9707636833190918,2.463144540786743,0.01458301953971386,5.906952381134033,0.3456793427467346,48750,3120000,62400,3231150
1,7,X3,-2.8655681068358954,3.515112708322704,0.9706606864929199,0.01180355902761221,0.19132103025913239,2.289320707321167,0.05200672522187233,6.955697685107589,0.9706606864929199,2.289320707321167,0.012491559609770775,5.90623140335083,0.38497844338417053,48750,3120000,62400,3231150
1,8,X1,0.7735227316733475,3.3299432303756475,0.9706542491912842,0.0116931963711977,0.16439688205718994,2.1323230266571045,0.05087587609887123,7.3401458486914635,0.9706542491912842,2.1323230266571045,0.013819031417369843,6.316463470458984,0.3892678916454315,48750,3120000,62400,3231150
1,9,X3,2.3195319453886034,3.0264830393716693,0.9709765911102295,0.01150312926620245,0.13180921971797943,1.8634344339370728,0.048759665340185165,7.395774170570076,0.9709765911102295,1.8634344339370728,0.01369467657059431,6.425628185272217,0.38956910371780396,48750,3120000,62400,3231150
1,10,X1,3.594379004133202,2.9620635621249676,0.9709591865539551,0.011415615677833557,0.18200406432151794,1.7500892877578735,0.04759540781378746,6.555488424748182,0.9709591865539551,1.7500892877578735,0.0099741630256176,5.665803909301758,0.33550065755844116,48750,3120000,62400,3231150
1,11,X4,4.441091151879242,2.8585480889305472,0.9709655046463013,0.011385238729417324,0.18088959157466888,1.6494252681732178,0.045882485806941986,5.830805238895119,0.9709655046463013,1.6494252681732178,0.009496214799582958,4.975550651550293,0.3216802179813385,48750,3120000,62400,3231150
1,12,X5,-4.313756386288262,2.6832196163013577,0.9706296324729919,0.011428219266235828,0.17765101790428162,1.481168270111084,0.042342476546764374,5.387310075946152,0.9706296324729919,1.481168270111084,0.008942645974457264,4.538944721221924,0.34906312823295593,48750,3120000,62400,3231150
1,13,X2,-2.315493724133132,2.611254126764834,0.9708899259567261,0.01140176597982645,0.1767016351222992,1.4115277528762817,0.04073304682970047,3.3808927860111,0.9708899259567261,1.4115277528762817,0.010383358225226402,2.528507709503174,0.365518182516098,48750,3120000,62400,3231150
1,14,X1,-1.8089992245783657,2.5446926523,0.9708645343780518,0.011398056522011757,0.17207792401313782,1.351252794265747,0.03909934312105179,3.543766739964485,0.9708645343780518,1.351252794265747,0.01093880832195282,2.7185258865356445,0.34987857937812805,48750,3120000,62400,3231150
1,15,X4,-3.762708748093282,2.4109272146597505,0.9713574647903442,0.011375323869287968,0.13961748778820038,1.2531328201293945,0.035444118082523346,2.9049652863293884,0.9713574647903442,1.2531328201293945,0.009785430505871773,2.2289271354675293,0.2213546633720398,48750,3120000,62400,3231150
1,16,X3,-0.47938058452665544,2.3522538198158145,0.9710903167724609,0.011376253329217434,0.12264152616262436,1.2134915590286255,0.033654164522886276,2.9113232983276247,0.9710903167724609,1.2134915590286255,0.01033629011362791,2.2647597789764404,0.19931085407733917,48750,3120000,62400,3231150
1,17,X2,-4.115929672926132,2.302328505553305,0.971092164516449,0.011362590827047825,0.10794363170862198,1.1798927783966064,0.032037340104579926,3.3255303969606755,0.971092164516449,1.1798927783966064,0.00982601847499609,2.698542594909668,0.18696479499340057,48750,3120000,62400,3231150
1,18,X2,-3.51708685487111,2.234050082974136,0.971009373664856,0.011363021098077297,0.09435765445232391,1.1282953023910522,0.029024731367826462,3.0404012598097325,0.971009373664856,1.1282953023910522,0.010065007954835892,2.4298582077026367,0.18061710894107819,48750,3120000,62400,3231150
1,19,X5,-0.8756619952361788,2.203336350619793,0.9709241390228271,0.011351771652698517,0.08440840989351273,1.109086275100708,0.02756575495004654,2.4000461848452685,0.9709241390228271,1.109086275100708,0.009565678425133228,1.8019981384277344,0.1724802851676941,48750,3120000,62400,3231150
1,20,X4,1.8119340201560323,2.17622980941087,0.9708805680274963,0.011358105577528477,0.07449192553758621,1.093289852142334,0.026209358125925064,2.560440463386476,0.9708805680274963,1.093289852142334,0.009920409880578518,1.9891523122787476,0.1485336571931839,48750,3120000,62400,3231150
1,21,X1,2.846929752172663,2.1354160429909825,0.9708822965621948,0.011351383291184902,0.05934010446071625,1.070132851600647,0.023709407076239586,2.684726133570075,0.9708822965621948,1.070132851600647,0.009775435552001,2.1263256072998047,0.140422061085701,48750,3120000,62400,3231150
1,22,X1,1.8887813344323767,2.117711842060089,0.9708822965621948,0.011339150369167328,0.05097079649567604,1.0620290040969849,0.022490594536066055,2.6275676745921372,0.9708822965621948,1.0620290040969849,0.0105553288012743,2.078866958618164,0.13156312704086304,48750,3120000,62400,3231150
1,23,X1,-0.49073494317343247,2.1051722448319197,0.97088223695755,0.011336872354149818,0.04618913307785988,1.0554696321487427,0.02129437029361725,2.533684838935733,0.97088223695755,1.0554696321487427,0.010157791897654533,1.9891066551208496,0.12915001809597015,48750,3120000,62400,3231150
1,24,X5,3.641591874402785,2.0871901512145996,0.9712540507316589,0.011322733014822006,0.0394616574048996,1.046125888824463,0.01902582123875618,2.5276481883600352,0.9712540507316589,1.046125888824463,0.009766739793121815,2.011533498764038,0.10287196189165115,48750,3120000,62400,3231150
2,0,X2,3.882638193820501,12.164097607135773,0.9774355292320251,4.255977153778076,1.2559620141983032,4.61127233505249,1.063450574874878,29.150630939006806,0.9774355292320251,4.61127233505249,19.392681121826172,4.886050224304199,3.7541580200195312,48750,3120000,62400,3231150
2,1,X4,-1.1238554511466003,8.006914734840393,0.972014307975769,1.8156603574752808,0.4092434048652649,4.254243850708008,0.5557528138160706,13.28952624797821,0.972014307975769,4.254243850708008,8.927303314208984,2.1444082260131836,1.172563076019287,48750,3120000,62400,3231150
2,2,X2,3.885377322876149,6.301646918058395,0.9714097380638123,0.4431695342063904,0.6435073018074036,3.914954423904419,0.32860592007637024,6.275253140926361,0.9714097380638123,3.914954423904419,2.729719638824463,1.3371473550796509,1.231113314628601,48750,3120000,62400,3231150
2,3,X5,1.6243217693428242,5.112169677391648,0.9791772365570068,0.019825661554932594,0.6109455823898315,3.326364278793335,0.17585691809654236,2.4334767162799835,0.9791772365570068,3.326364278793335,0.14733555912971497,0.5546237826347351,0.8704090714454651,48750,3120000,62400,3231150
2,4,X2,-4.4925776074540105,4.746796761639416,0.9829233884811401,0.014693227596580982,0.5696377754211426,3.059105157852173,0.12043721228837967,2.1948019534349443,0.9829233884811401,3.059105157852173,0.07586319744586945,0.6755719780921936,0.6349610686302185,48750,3120000,62400,3231150
2,5,X3,1.6998392905165174,4.425464689731598,0.980057954788208,0.013394646346569061,0.5366216897964478,2.8160722255706787,0.07931817322969437,1.8640660315752031,0.980057954788208,2.8160722255706787,0.049739137291908264,0.604989230632782,0.45011162757873535,48750,3120000,62400,3231150
2,6,X1,0.46415271071538733,3.826449517160654,0.9721276164054871,0.012594223022460938,0.4012852609157562,2.397606134414673,0.04283628240227699,1.42059740498662,0.9721276164054871,2.397606134414673,0.042686138302087784,0.4860340654850006,0.21793045103549957,48750,3120000,62400,3231150
2,7,X5,-0.828454495570834,3.5085406163707376,0.9719020128250122,0.012595274485647678,0.26549962162971497,2.219634771347046,0.0389089360833168,1.506696780771017,0.9719020128250122,2.219634771347046,0.030765648931264877,0.5728148221969604,0.2648089528083801,48750,3120000,62400,3231150
2,8,X3,1.6166541616136412,3.280945649370551,0.9727570414543152,0.012484101578593254,0.19971299171447754,2.0600907802581787,0.03590073436498642,1.4208062686026097,0.9727570414543152,2.0600907802581787,0.03716195002198219,0.5142167806625366,0.26285797357559204,48750,3120000,62400,3231150
2,9,X5,-2.1890902673378587,2.9460430052131414,0.9733216762542725,0.01222919300198555,0.1387539803981781,1.7913646697998047,0.030373485758900642,1.2844307627528906,0.9733216762542725,1.7913646697998047,0.027885308489203453,0.41623684763908386,0.28737133741378784,48750,3120000,62400,3231150
2,10,X3,2.440602392607839,2.806681578978896,0.974557101726532,0.01213185302913189,0.111861951649189,1.680243730545044,0.02788694202899933,1.1192241922020911,0.974557101726532,1.680243730545044,0.032832615077495575,0.332103967666626,0.22332744300365448,48750,3120000,62400,3231150
2,11,X5,-3.8702125171092074,2.6848663883283734,0.9734529852867126,0.012099686078727245,0.09096134454011917,1.5827550888061523,0.025597283616662025,1.1673332881182432,0.9734529852867126,1.5827550888061523,0.024898333474993706,0.2796812057495117,0.3515121340751648,48750,3120000,62400,3231150
2,12,X2,-1.1045137175516375,2.500314681790769,0.9742528200149536,0.012018092907965183,0.06737759709358215,1.4241576194763184,0.02250855229794979,0.9978487398475409,0.9742528200149536,1.4241576194763184,0.02889791689813137,0.20536811649799347,0.2839006185531616,48750,3120000,62400,3231150
2,13,X1,-0.6132981395410848,2.4289431562647223,0.9741652011871338,0.01198717299848795,0.06122838705778122,1.3601515293121338,0.0214108657091856,0.9773046996444463,0.9741652011871338,1.3601515293121338,0.02827533148229122,0.18928277492523193,0.2928832471370697,48750,3120000,62400,3231150
2,14,X2,2.1388603209905908,2.3674198165535927,0.9741324782371521,0.01193573884665966,0.05573127791285515,1.3051754236221313,0.020444897934794426,0.9418436333537101,0.9741324782371521,1.3051754236221313,0.024780116975307465,0.1770513653755188,0.2841505706310272,48750,3120000,62400,3231150
2,15,X1,-1.2005679944489511,2.2728740936145186,0.974837064743042,0.011749916709959507,0.050469063222408295,1.2171953916549683,0.018622657284140587,0.9311958380043507,0.974837064743042,1.2171953916549683,0.025283027440309525,0.15006065368652344,0.31744566559791565,48750,3120000,62400,3231150
2,16,X4,-3.232046761275588,2.235963228158653,0.9748502969741821,0.011704542674124241,0.048769425600767136,1.182742714881897,0.017896248027682304,0.6685982264578343,0.9748502969741821,1.182742714881897,0.02720782160758972,0.16021423041820526,0.04965757206082344,48750,3120000,62400,3231150
2,17,X1,-1.2128171091214535,2.205160405486822,0.9748454689979553,0.011639343574643135,0.047559838742017746,1.1539058685302734,0.017209885641932487,0.6283670354634523,0.9748454689979553,1.1539058685302734,0.023612534627318382,0.13769260048866272,0.041311632841825485,48750,3120000,62400,3231150
2,18,X1,-2.876515452146009,2.158040572889149,0.9739893674850464,0.011906174011528492,0.04577138274908066,1.11032235622406,0.016051292419433594,0.6191745180636644,0.9739893674850464,1.11032235622406,0.0181515384465456,0.1513163149356842,0.03284431993961334,48750,3120000,62400,3231150
2,19,X1,-3.6044695594747864,2.1483755987137556,0.9740015268325806,0.012256642803549767,0.05262790620326996,1.09410560131073,0.015383921563625336,0.7753935307264328,0.9740015268325806,1.09410560131073,0.013705335557460785,0.31317493319511414,0.03489183634519577,48750,3120000,62400,3231150
2,20,X2,1.2829266497846579,2.1324131162837148,0.9732354283332825,0.012133336625993252,0.0515802726149559,1.0806351900100708,0.014828888699412346,0.687160425633192,0.9732354283332825,1.0806351900100708,0.013318167999386787,0.23489761352539062,0.028170520439743996,48750,3120000,62400,3231150
2,21,X4,0.27297489058691315,2.108928575180471,0.9716595411300659,0.011980238370597363,0.05069059878587723,1.0606786012649536,0.013919595628976822,0.6852350568398834,0.9716595411300659,1.0606786012649536,0.012747657485306263,0.24099792540073395,0.02502184547483921,48750,3120000,62400,3231150
2,22,X5,-0.8112296801380996,2.1009745467454195,0.9713166356086731,0.011947734281420708,0.05058092251420021,1.0535920858383179,0.013537168502807617,0.6496149523183704,0.9713166356086731,1.0535920858383179,0.01183158066123724,0.20329923927783966,0.02950238808989525,48750,3120000,62400,3231150
2,23,X1,-4.082338997506253,2.1028716703876853,0.9713112711906433,0.012185112573206425,0.05802725628018379,1.0481544733047485,0.013193557038903236,0.810557820275426,0.9713112711906433,1.0481544733047485,0.012740397825837135,0.36827927827835083,0.025644995272159576,48750,3120000,62400,3231150
2,24,X5,1.1261326908886593,2.0955207869410515,0.9714939594268799,0.012044545263051987,0.058131132274866104,1.0412248373031616,0.012626312673091888,0.8089074747636915,0.9714939594268799,1.0412248373031616,0.010623498819768429,0.37398508191108704,0.02175513468682766,48750,3120000,62400,3231150
3,0,X4,2.189973829311837,10.961874842643738,0.9807798862457275,3.299954652786255,1.0192070007324219,4.996847629547119,0.6650856733322144,23.058898305892946,0.9807798862457275,4.996847629547119,15.185481071472168,5.557837009429932,1.1200547218322754,48750,3120000,62400,3231150
3,1,X1,4.489863369247789,7.1716935485601425,1.0038615465164185,0.8361280560493469,0.6181681156158447,4.610930442810059,0.10260538756847382,15.341972208023071,1.0038615465164185,4.610930442810059,6.770139694213867,5.777726650238037,1.6711474657058716,48750,3120000,62400,3231150
3,2,X1,-1.0574306318656546,6.102091118693352,1.0311905145645142,0.1333560198545456,0.6119240522384644,4.253730297088623,0.07189023494720459,11.377181267738342,1.0311905145645142,4.253730297088623,2.2388558387756348,6.095863342285156,1.9854779243469238,48750,3120000,62400,3231150
3,3,X5,-2.1833479417546586,5.189857218414545,1.00237238407135,0.08778613805770874,0.4451356530189514,3.6311304569244385,0.02343258634209633,8.598185455799102,1.00237238407135,3.6311304569244385,1.1945226192474365,6.097164154052734,0.37979811429977417,48750,3120000,62400,3231150
3,4,X1,0.08390769537287213,4.844312738627195,0.9933371543884277,0.08880256116390228,0.380668967962265,3.3633127212524414,0.01819133386015892,7.871823471784592,0.9933371543884277,3.3633127212524414,1.0474836826324463,5.4752912521362305,0.4777185618877411,48750,3120000,62400,3231150
3,5,X1,-0.24112070008272735,4.537018675357103,0.9888704419136047,0.08910197019577026,0.3267980217933655,3.1164865493774414,0.015761692076921463,7.89929450750351,0.9888704419136047,3.1164865493774414,1.1516767740249634,5.362189769744873,0.5643565654754639,48750,3120000,62400,3231150
3,6,X1,-0.7168593230280331,4.007046347483993,0.9810404181480408,0.08399871736764908,0.24926623702049255,2.6796321868896484,0.013108788058161736,7.3037771582603455,0.9810404181480408,2.6796321868896484,1.07249116897583,4.863722801208496,0.6354286670684814,48750,3120000,62400,3231150
3,7,X3,-3.7764628317992868,3.78086441103369,0.97799152135849,0.08047690242528915,0.2194816917181015,2.490363121032715,0.012551174499094486,6.5013734102249146,0.97799152135849,2.490363121032715,1.1686941385269165,4.198099613189697,0.4409087300300598,48750,3120000,62400,3231150
3,8,X3,-3.40061835883791,3.5781211759895086,0.9753274321556091,0.07693710923194885,0.1966642439365387,2.317063570022583,0.012128820642828941,6.347685933113098,0.9753274321556091,2.317063570022583,1.0075373649597168,4.164496421813965,0.5171739459037781,48750,3120000,62400,3231150
3,9,X3,4.188696842018993,3.2402802137658,0.9736608862876892,0.0683952048420906,0.16633178293704987,2.020369291305542,0.011523048393428326,5.440335673093796,0.9736608862876892,2.020369291305542,0.8781448602676392,3.600433588027954,0.3629511892795563,48750,3120000,62400,3231150
3,10,X3,-0.48809375157748836,3.100436808541417,0.9722721576690674,0.06300467997789383,0.15847168862819672,1.895416021347046,0.011272260919213295,5.386427688598633,0.9722721576690674,1.895416021347046,0.7962988018989563,3.621243476867676,0.3953477740287781,48750,3120000,62400,3231150
3,11,X1,0.05221137995537184,2.9769245060160756,0.9718394875526428,0.057992953807115555,0.1536310762166977,1.7824329137802124,0.011028074659407139,4.932979083061218,0.9718394875526428,1.7824329137802124,0.8174078464508057,3.2343554496765137,0.3303613066673279,48750,3120000,62400,3231150
3,12,X2,-4.180124876541696,2.761398774571717,0.970654308795929,0.0471964031457901,0.1409410685300827,1.5919601917266846,0.010646802373230457,4.052724325656891,0.970654308795929,1.5919601917266846,0.6266267895698547,2.549776792526245,0.3637978434562683,48750,3120000,62400,3231150
3,13,X4,-1.470027519129732,2.6735574286431074,0.9705808758735657,0.04173478111624718,0.13804510235786438,1.5127147436141968,0.010481925681233406,3.852627122402191,0.9705808758735657,1.5127147436141968,0.46861690282821655,2.649458646774292,0.23789244890213013,48750,3120000,62400,3231150
3,14,X4,-1.458590795139906,2.596282326616347,0.9705806970596313,0.036861103028059006,0.13559621572494507,1.4429130554199219,0.01033125538378954,4.192402344942093,0.9705806970596313,1.4429130554199219,0.5270438194274902,2.9424965381622314,0.24016323685646057,48750,3120000,62400,3231150
3,15,X4,2.348070678613137,2.465959718450904,0.9706815481185913,0.028585663065314293,0.12938931584358215,1.3272823095321655,0.01002088189125061,4.0239170610904695,0.9706815481185913,1.3272823095321655,0.4468189775943756,2.8082308769226074,0.30927443504333496,48750,3120000,62400,3231150
3,16,X5,4.1996395999171945,2.4142590798437595,0.9707341194152832,0.02544810250401497,0.128419429063797,1.2797280550003052,0.009929373860359192,3.885962039232254,0.9707341194152832,1.2797280550003052,0.3574143052101135,2.8636040687561035,0.2148512303829193,48750,3120000,62400,3231150
3,17,X5,2.905163372016438,2.368679251521826,0.9707743525505066,0.022915620356798172,0.12638357281684875,1.2387574911117554,0.0098482146859169,4.203092461824417,0.9707743525505066,1.2387574911117554,0.3105749785900116,3.245283603668213,0.20532751083374023,48750,3120000,62400,3231150
3,18,X2,-2.146472720590867,2.2957381177693605,0.970622181892395,0.019073588773608208,0.12244796752929688,1.1738659143447876,0.009728465229272842,3.9048971086740494,0.970622181892395,1.1738659143447876,0.2128363847732544,3.061697006225586,0.20146609842777252,48750,3120000,62400,3231150
3,19,X4,-1.2745904148999543,2.268272427842021,0.9705861210823059,0.01763751357793808,0.12177388370037079,1.1486155986785889,0.009659310802817345,3.821103259921074,0.9705861210823059,1.1486155986785889,0.15059490501880646,2.965146064758301,0.2815219461917877,48750,3120000,62400,3231150
3,20,X1,3.4551430523796736,2.279732939787209,0.9705830812454224,0.016612637788057327,0.15531527996063232,1.127622127532959,0.009599813260138035,3.878590577840805,0.9705830812454224,1.127622127532959,0.1976357102394104,3.021322250366211,0.23999157547950745,48750,3120000,62400,3231150
3,21,X3,3.3365872350680768,2.2393093733116984,0.9705834984779358,0.014910822734236717,0.14913518726825714,1.095138430595398,0.009541434235870838,3.7225586831569673,0.9705834984779358,1.095138430595398,0.12431848049163818,2.9186604022979736,0.2664354145526886,48750,3120000,62400,3231150
3,22,X4,1.6872149749480316,2.226581424474716,0.9705807566642761,0.014331743121147156,0.1490747034549713,1.0830912590026855,0.009502962231636047,3.9502858772873877,0.9705807566642761,1.0830912590026855,0.10492051392793655,3.175163984298706,0.2594669759273529,48750,3120000,62400,3231150
3,23,X4,-2.8550201828136212,2.2153235832229257,0.9705830216407776,0.013884252868592739,0.14817079901695251,1.0732324123382568,0.009453097358345985,3.4773370422422887,0.9705830216407776,1.0732324123382568,0.10218805819749832,2.924363374710083,0.042022522538900375,48750,3120000,62400,3231150
3,24,X2,3.140155942731125,2.19789017457515,0.9706122279167175,0.013238703832030296,0.14578188955783844,1.0587912797927856,0.009466073475778103,3.0377887643873693,0.9706122279167175,1.0587912797927856,0.06419224292039871,2.541788101196289,0.025927718728780746,48750,3120000,62400,3231150
4,0,X1,4.487011261697933,9.636734694242477,0.9706031084060669,2.7075142860412598,0.9774578809738159,4.61098575592041,0.3701736629009247,27.021261239051817,0.9706031084060669,4.61098575592041,15.14367389678955,6.984257698059082,3.7770118713378906,48750,3120000,62400,3231150
4,1,X2,1.5155964983187609,7.424334734678268,0.9801403284072876,1.333304524421692,0.5784989595413208,4.250057220458984,0.28233370184898376,20.5240606546402,0.9801403284072876,4.250057220458984,8.365867614746094,5.874346733093262,5.237806797027588,48750,3120000,62400,3231150
4,2,X1,-4.179979435374273,6.018850594758987,0.9969378709793091,0.34519436955451965,0.6163118481636047,3.9065792560577393,0.1538272500038147,13.853702616691589,0.9969378709793091,3.9065792560577393,2.839334487915039,5.573548793792725,4.460115909576416,48750,3120000,62400,3231150
4,3,X5,4.488153604801145,5.0741319209337234,0.9796552062034607,0.14839452505111694,0.5548571944236755,3.3291327953338623,0.06209219992160797,7.113750958442688,0.9796552062034607,3.3291327953338623,0.30997413396835327,5.860764980316162,0.08125424385070801,48750,3120000,62400,3231150
4,4,X3,-3.8266093643442667,4.7756221033632755,0.9717562198638916,0.1489143669605255,0.5280571579933167,3.0856785774230957,0.04121578112244606,6.768699035048485,0.9717562198638916,3.0856785774230957,0.15083123743534088,5.611779689788818,0.1946011483669281,48750,3120000,62400,3231150
4,5,X5,-3.01965827657701,4.502102078869939,0.9706660509109497,0.1425422877073288,0.499447226524353,2.8620104789733887,0.027436034753918648,6.678433442115784,0.9706660509109497,2.8620104789733887,0.12442764639854431,5.532770156860352,0.25470033288002014,48750,3120000,62400,3231150
4,6,X1,-2.7114456407770504,4.051719976589084,0.9705816507339478,0.11104266345500946,0.48204296827316284,2.4695935249328613,0.018459169194102287,6.444627323746682,0.9705816507339478,2.4695935249328613,0.09270282089710236,5.472984313964844,0.1909051537513733,48750,3120000,62400,3231150
4,7,X2,-4.921993953737235,3.8660879246890545,0.9705894589424133,0.09042574465274811,0.48875007033348083,2.299875020980835,0.016447629779577255,4.569585482776165,0.9705894589424133,2.299875020980835,0.06941067427396774,3.551222085952759,0.2948598265647888,48750,3120000,62400,3231150
4,8,X3,-3.603352181959681,3.6457952316850424,0.9705818891525269,0.07371903210878372,0.4434165954589844,2.14339542388916,0.014682291075587273,3.53862164914608,0.9705818891525269,2.14339542388916,0.0683397501707077,2.544858694076538,0.3026277422904968,48750,3120000,62400,3231150
4,9,X2,2.9180148489977995,3.296200295910239,0.9713063836097717,0.04957025125622749,0.3899156153202057,1.8726556301116943,0.012752415612339973,2.9418891593813896,0.9713063836097717,1.8726556301116943,0.053436391055583954,1.9955183267593384,0.3241420388221741,48750,3120000,62400,3231150
4,10,X1,2.838055764158849,3.1529091438278556,0.9714676737785339,0.04189997911453247,0.3691784739494324,1.758234977722168,0.012128039263188839,3.0555739484727384,0.9714676737785339,1.758234977722168,0.04913952574133873,2.1994900703430176,0.2610038220882416,48750,3120000,62400,3231150
4,11,X1,-3.7124063665659914,3.0337109975516796,0.9714630246162415,0.0404595285654068,0.35328707098960876,1.656811237335205,0.011690136045217514,2.6435839645564556,0.9714630246162415,1.656811237335205,0.04039452597498894,1.8451110124588013,0.2324235737323761,48750,3120000,62400,3231150
4,12,X5,0.14074353419825059,2.8177835857495666,0.9713536500930786,0.033114153891801834,0.3148435354232788,1.4875248670578003,0.010947379283607006,2.6223837703466417,0.9713536500930786,1.4875248670578003,0.04257611930370331,1.9068002700805664,0.18123167753219604,48750,3120000,62400,3231150
4,13,X3,4.991969066305646,2.725003432482481,0.9715685248374939,0.029695305973291397,0.2962179481983185,1.4168134927749634,0.010708160698413849,2.426828083395958,0.9715685248374939,1.4168134927749634,0.03599841892719269,1.7109699249267578,0.202183336019516,48750,3120000,62400,3231150
4,14,X1,-4.17007674785681,2.6459458796307445,0.9715771675109863,0.03043733723461628,0.2777104377746582,1.3557283878326416,0.010492549277842045,2.357156662642956,0.9715771675109863,1.3557283878326416,0.03761284798383713,1.6475651264190674,0.20651757717132568,48750,3120000,62400,3231150
4,15,X3,2.1208355508712886,2.5158135583624244,0.9707828760147095,0.02704853191971779,0.2495754361152649,1.2583140134811401,0.010092700831592083,2.2066025622189045,0.9707828760147095,1.2583140134811401,0.035456109791994095,1.5219507217407227,0.20337635278701782,48750,3120000,62400,3231150
4,16,X2,2.7102771403270314,2.4634615406394005,0.9706870913505554,0.025576280429959297,0.23775054514408112,1.2195922136306763,0.00985541008412838,2.0846921794116495,0.9706870913505554,1.2195922136306763,0.032715898007154465,1.4621920585632324,0.15172836184501648,48750,3120000,62400,3231150
4,17,X1,0.4336792108921097,2.419385583139956,0.9706892371177673,0.024625316262245178,0.2275526076555252,1.1867443323135376,0.00977408979088068,2.1530538529157637,0.9706892371177673,1.1867443323135376,0.03254255652427673,1.521185040473938,0.16783954203128815,48750,3120000,62400,3231150
4,18,X4,-3.654893258531551,2.339178637601435,0.9708197712898254,0.022953743115067482,0.20029635727405548,1.1349215507507324,0.01018721517175436,1.777189315855503,0.9708197712898254,1.1349215507507324,0.028683166950941086,1.283594012260437,0.04376387223601341,48750,3120000,62400,3231150
4,19,X1,2.314304589316337,2.2927715303376317,0.9708061814308167,0.0224590003490448,0.174399733543396,1.1150908470153809,0.010015767998993397,1.900869507342577,0.9708061814308167,1.1150908470153809,0.027783069759607315,1.4090516567230225,0.0468553751707077,48750,3120000,62400,3231150
4,20,X1,-2.7227848828701537,2.2663263557478786,0.9708068370819092,0.021578140556812286,0.16550181806087494,1.0986405611038208,0.009798998944461346,1.7405590776354074,0.9708068370819092,1.0986405611038208,0.02908697910606861,1.253662347793579,0.04392027109861374,48750,3120000,62400,3231150
4,21,X3,-0.4554367242329773,2.216946693137288,0.970977246761322,0.020569289103150368,0.14217650890350342,1.0737236738204956,0.009499974548816681,1.8745580196380616,0.970977246761322,1.0737236738204956,0.02517194300889969,1.4067695140838623,0.033676378428936005,48750,3120000,62400,3231150
4,22,X5,2.201947759901274,2.195850647985935,0.9707434773445129,0.020175015553832054,0.13107410073280334,1.0644011497497559,0.009456904605031013,1.7155887696892023,0.9707434773445129,1.0644011497497559,0.025523236021399498,1.2478759288787842,0.03516067937016487,48750,3120000,62400,3231150
4,23,X3,4.131804032873864,2.1788744190707803,0.9705870747566223,0.019804107025265694,0.12196381390094757,1.0570807456970215,0.009438677690923214,1.7002808906137945,0.9705870747566223,1.0570807456970215,0.024762209504842758,1.23848557472229,0.03149954229593277,48750,3120000,62400,3231150
4,24,X4,-4.517819440917965,2.151855915784836,0.9705839157104492,0.019150692969560623,0.10582765936851501,1.0468753576278687,0.009418290108442307,1.7585926614701748,0.9705839157104492,1.0468753576278687,0.02459624782204628,1.2841213941574097,0.04638316482305527,48750,3120000,62400,3231150
5,0,X3,3.348292193218038,10.203792065382004,0.9725061058998108,2.425077199935913,2.0358519554138184,4.611108303070068,0.1592485010623932,19.79620087146759,0.9725061058998108,4.611108303070068,12.538930892944336,5.157104969024658,0.9834421277046204,48750,3120000,62400,3231150
5,1,X1,2.0054658786803294,6.605612859129906,0.9722618460655212,0.5520880222320557,0.7322269082069397,4.259020805358887,0.09001527726650238,11.033992993831635,0.9722618460655212,4.259020805358887,4.549325942993164,4.410677433013916,1.0277330875396729,48750,3120000,62400,3231150
5,2,X1,4.29537615816043,5.892667956650257,0.9722449779510498,0.119455486536026,0.8224377632141113,3.925553321838379,0.05297640711069107,9.2053062915802,0.9722449779510498,3.925553321838379,1.5323917865753174,5.027381420135498,1.665973424911499,48750,3120000,62400,3231150
5,3,X3,2.2657480199731914,4.836036127060652,0.9757965207099915,0.03937384858727455,0.44912487268447876,3.342585802078247,0.029155083000659943,4.524534261226654,0.9757965207099915,3.342585802078247,0.42649373412132263,2.8740062713623047,0.36035779118537903,48750,3120000,62400,3231150
5,4,X4,-3.7747044376801,4.467749917879701,0.9726420640945435,0.028483454138040543,0.35334476828575134,3.0848660469055176,0.02841358445584774,4.089439019560814,0.9726420640945435,3.0848660469055176,0.2763180732727051,2.8943843841552734,0.10723493993282318,48750,3120000,62400,3231150
5,5,X5,-3.663395408364699,4.15768595226109,0.9710702896118164,0.02336224913597107,0.2898303270339966,2.849698543548584,0.023724542930722237,4.059379044175148,0.9710702896118164,2.849698543548584,0.21676409244537354,2.9861650466918945,0.09229613840579987,48750,3120000,62400,3231150
5,6,X2,-4.046053244055732,3.6926183439791203,0.9706093668937683,0.018505951389670372,0.2417270541191101,2.4430770874023438,0.018698884174227715,3.5898798629641533,0.9706093668937683,2.4430770874023438,0.1338569074869156,2.6826908588409424,0.0905948057770729,48750,3120000,62400,3231150
5,7,X4,-4.870685549558578,3.4847893994301558,0.9705865383148193,0.017008386552333832,0.21015779674053192,2.269456386566162,0.017580291256308556,3.3593347296118736,0.9705865383148193,2.269456386566162,0.09922377020120621,2.396423578262329,0.21567879617214203,48750,3120000,62400,3231150
5,8,X5,1.2244752058213688,3.2917110472917557,0.9706320762634277,0.013788837939500809,0.17884966731071472,2.112362861633301,0.01607760414481163,3.763135017454624,0.9706320762634277,2.112362861633301,0.042849503457546234,2.8989880084991455,0.20469851791858673,48750,3120000,62400,3231150
5,9,X5,1.053371747352175,2.9652097476646304,0.9719237685203552,0.011717754416167736,0.12256927788257599,1.8449667692184448,0.01403217762708664,3.6287307523190977,0.9719237685203552,1.8449667692184448,0.012888427823781967,2.9025321006774902,0.1499321162700653,48750,3120000,62400,3231150
5,10,X3,1.4919241068686384,2.82938383705914,0.972126305103302,0.011549394577741623,0.10060229897499084,1.731713891029358,0.013391947373747826,3.708010537363589,0.972126305103302,1.731713891029358,0.010868758894503117,3.0323569774627686,0.12401676177978516,48750,3120000,62400,3231150
5,11,X5,-2.0746674161652967,2.7120446050539613,0.97188800573349,0.01148805022239685,0.08408144116401672,1.6317219734191895,0.01286513451486826,3.4675988122820853,0.97188800573349,1.6317219734191895,0.01101250946521759,2.8199501037597656,0.11591420322656631,48750,3120000,62400,3231150
5,12,X2,-2.561880381877822,2.5247176997363567,0.9711045622825623,0.011438288725912571,0.06405813246965408,1.4661610126495361,0.011955703608691692,4.088456291519106,0.9711045622825623,1.4661610126495361,0.011004789732396603,3.4980242252349854,0.0919741615653038,48750,3120000,62400,3231150
5,13,X2,2.414043783879338,2.4590554498136044,0.9708015322685242,0.011418831534683704,0.06756631284952164,1.3977349996566772,0.011533773504197598,2.7454444302245973,0.9708015322685242,1.3977349996566772,0.010699900798499584,2.1860599517822266,0.07497727125883102,48750,3120000,62400,3231150
5,14,X3,2.1576021967522383,2.3951586252078414,0.9706292152404785,0.011386467143893242,0.06332475692033768,1.338585615158081,0.011232570745050907,2.3629967633634807,0.9706292152404785,1.338585615158081,0.011249179020524025,1.8120983839035034,0.07780623435974121,48750,3120000,62400,3231150
5,15,X3,4.796227172661302,2.2884948533028364,0.9708133935928345,0.011345609091222286,0.051438767462968826,1.2442755699157715,0.010621513240039349,1.2920849498361349,0.9708133935928345,1.2442755699157715,0.009704569354653358,0.7788622975349426,0.060500290244817734,48750,3120000,62400,3231150
5,16,X5,-1.9725816016954454,2.2455368991941214,0.9706763625144958,0.011333524249494076,0.046723853796720505,1.2063770294189453,0.010426129214465618,1.210996157489717,0.9706763625144958,1.2063770294189453,0.010679657571017742,0.7085012197494507,0.05640460178256035,48750,3120000,62400,3231150
5,17,X5,-0.4277087948722986,2.209610008634627,0.9707698822021484,0.011320274323225021,0.043222177773714066,1.1740162372589111,0.010281437076628208,1.1783259268850088,0.9707698822021484,1.1740162372589111,0.011576144024729729,0.6876382827758789,0.05015427619218826,48750,3120000,62400,3231150
5,18,X5,3.4537994016592695,2.154569808393717,0.9709959030151367,0.011326340027153492,0.038301803171634674,1.123934030532837,0.010011731646955013,1.054856047593057,0.9709959030151367,1.123934030532837,0.01011700090020895,0.5797545909881592,0.0459984689950943,48750,3120000,62400,3231150
5,19,X5,0.5357617286975636,2.1343875816091895,0.9711421728134155,0.011320171877741814,0.03668589144945145,1.1053268909454346,0.009912454523146152,0.9868691228330135,0.9711421728134155,1.1053268909454346,0.011437419801950455,0.5204626321792603,0.039675258100032806,48750,3120000,62400,3231150
5,20,X3,1.3203733581533603,2.117668094113469,0.9709279537200928,0.01131468452513218,0.0354032889008522,1.090201497077942,0.009820669889450073,0.889324451982975,0.9709279537200928,1.090201497077942,0.011283662170171738,0.4263458251953125,0.039469074457883835,48750,3120000,62400,3231150
5,21,X1,-1.101984859998585,2.09370256960392,0.9709341526031494,0.011335870251059532,0.03328254073858261,1.0685893297195435,0.009560676291584969,0.8436851434409619,0.9709341526031494,1.0685893297195435,0.01102248951792717,0.39157846570014954,0.03317949175834656,48750,3120000,62400,3231150
5,22,X5,2.1090430900470736,2.0849889013916254,0.970824658870697,0.011331023648381233,0.032454222440719604,1.0608867406845093,0.009492255747318268,0.7985027775168418,0.970824658870697,1.0608867406845093,0.011192195117473602,0.3533022701740265,0.027666032314300537,48750,3120000,62400,3231150
5,23,X4,-4.649920257100192,2.0780020244419575,0.9708806872367859,0.011331022717058659,0.03162215277552605,1.05472731590271,0.009440845809876919,0.8199646774679422,0.9708806872367859,1.05472731590271,0.012160016223788261,0.37309378385543823,0.029589276760816574,48750,3120000,62400,3231150
5,24,X5,-3.1130593275960083,2.0679305531084538,0.9707931280136108,0.011342119425535202,0.03014984354376793,1.046241044998169,0.009404417127370834,0.781283294223249,0.9707931280136108,1.046241044998169,0.013298221863806248,0.3420877158641815,0.022490521892905235,48750,3120000,62400,3231150
6,0,X3,0.971334800266904,11.95622605085373,0.9797577261924744,3.4273858070373535,2.5906248092651367,4.610828876495361,0.3476288318634033,24.335976111888886,0.9797577261924744,4.610828876495361,15.576704978942871,5.512296676635742,2.128857135772705,48750,3120000,62400,3231150
6,1,X5,0.2982426048520299,7.254785925149918,0.975358784198761,1.1370806694030762,0.6865625381469727,4.272005558013916,0.18377837538719177,14.741051733493805,0.975358784198761,4.272005558013916,6.085383415222168,4.9069437980651855,2.699251651763916,48750,3120000,62400,3231150
6,2,X4,3.3628969509464905,5.539969965815544,0.9727067947387695,0.12753301858901978,0.33340543508529663,3.9549520015716553,0.15137271583080292,10.21410162448883,0.9727067947387695,3.9549520015716553,1.0156246423721313,4.888068675994873,3.324876546859741,48750,3120000,62400,3231150
6,3,X5,2.3057827231223813,4.698078224435449,0.9709851741790771,0.028591947630047798,0.21491402387619019,3.3842597007751465,0.09932737797498703,10.141676846146584,0.9709851741790771,3.3842597007751465,0.1461743265390396,5.222772121429443,3.901681423187256,48750,3120000,62400,3231150
6,4,X2,3.0701024129353502,4.4397874139249325,0.9709123373031616,0.02542107179760933,0.21540099382400513,3.128345489501953,0.09970752149820328,8.975496332347394,0.9709123373031616,3.128345489501953,0.11794411391019821,3.814530849456787,4.223169803619385,48750,3120000,62400,3231150
6,5,X3,4.227037110151091,4.138272404670715,0.9706044793128967,0.022959895431995392,0.15484701097011566,2.8911588191986084,0.09870219975709915,7.927370743453503,0.9706044793128967,2.8911588191986084,0.09330128878355026,2.524617910385132,4.5370988845825195,48750,3120000,62400,3231150
6,6,X1,-4.297983537644555,3.6966703701764345,0.9706460237503052,0.02200065739452839,0.13032813370227814,2.4826443195343018,0.09105123579502106,6.972912112623453,0.9706460237503052,2.4826443195343018,0.047424379736185074,2.656801700592041,3.5780279636383057,48750,3120000,62400,3231150
6,7,X3,-2.29521943741927,3.5119350738823414,0.9705830812454224,0.01892853155732155,0.12648463249206543,2.3078582286834717,0.08808059990406036,6.511989565938711,0.9705830812454224,2.3078582286834717,0.031076904386281967,2.4251136779785156,3.4001107215881348,48750,3120000,62400,3231150
6,8,X2,1.4078042791348544,3.3501963298767805,0.9707344174385071,0.016484132036566734,0.12927326560020447,2.1480135917663574,0.0856909230351448,6.370207608863711,0.9707344174385071,2.1480135917663574,0.02086658589541912,2.1674296855926514,3.558161735534668,48750,3120000,62400,3231150
6,9,X1,0.8447251069329589,3.071017145179212,0.9706757664680481,0.013503178022801876,0.1320006400346756,1.8753787279129028,0.07945883274078369,4.853652356006205,0.9706757664680481,1.8753787279129028,0.01416145358234644,1.4957727193832397,2.7745072841644287,48750,3120000,62400,3231150
6,10,X1,2.6961259803897466,2.952596101909876,0.9706783890724182,0.01261163130402565,0.13331271708011627,1.759452223777771,0.07654114067554474,4.989666010066867,0.9706783890724182,1.759452223777771,0.011631978675723076,1.4205158948898315,3.0114920139312744,48750,3120000,62400,3231150
6,11,X2,3.782234676860705,2.8438527695834637,0.9709229469299316,0.012136232107877731,0.1303078532218933,1.657171368598938,0.073314368724823,4.110117319785059,0.9709229469299316,1.657171368598938,0.0107570206746459,1.0917844772338867,2.481956958770752,48750,3120000,62400,3231150
6,12,X3,2.2592723890970277,2.6607773369178176,0.9706243276596069,0.011722668074071407,0.12495914101600647,1.4869506359100342,0.0665205642580986,3.9390200272202494,0.9706243276596069,1.4869506359100342,0.009772934019565582,0.9423168897628784,2.495415210723877,48750,3120000,62400,3231150
6,13,X4,2.5250715109688526,2.5863625202327967,0.9705972671508789,0.011625932529568672,0.12313087284564972,1.4180399179458618,0.06296852976083755,3.6439019456505775,0.9705972671508789,1.4180399179458618,0.010522045195102692,0.9011215567588806,2.254530906677246,48750,3120000,62400,3231150
6,14,X5,-4.94539220085683,2.5210057329386473,0.9705854654312134,0.01155238039791584,0.12199845165014267,1.3574988842010498,0.05937055125832558,3.4409420715644954,0.9705854654312134,1.3574988842010498,0.009599958546459675,0.7061174511909485,2.2596077919006348,48750,3120000,62400,3231150
6,15,X3,1.6245125831255436,2.4123023077845573,0.9706050753593445,0.011485680937767029,0.11867160350084305,1.2594743967056274,0.05206555128097534,3.3766547199338675,0.9706050753593445,1.2594743967056274,0.009350812062621117,0.712864875793457,2.208423137664795,48750,3120000,62400,3231150
6,16,X2,4.7979778061004925,2.367801400832832,0.970745861530304,0.011468547396361828,0.11723266541957855,1.2199257612228394,0.04842856526374817,2.9440007673576476,0.970745861530304,1.2199257612228394,0.009976540692150593,0.605444073677063,1.8904458284378052,48750,3120000,62400,3231150
6,17,X3,-4.60299326216705,2.32982690166682,0.9707143306732178,0.011453892104327679,0.11722975224256516,1.1857202053070068,0.044708721339702606,2.84528038315475,0.9707143306732178,1.1857202053070068,0.011128662154078484,0.5686891078948975,1.834175705909729,48750,3120000,62400,3231150
6,18,X1,-2.4615959972989376,2.264960872940719,0.9706130623817444,0.011427628807723522,0.11314498633146286,1.1323437690734863,0.03743142634630203,2.371281995251775,0.9706130623817444,1.1323437690734863,0.010390998795628548,0.504285454750061,1.436014175415039,48750,3120000,62400,3231150
6,19,X4,1.5909278085163612,2.2408573795109987,0.9705806970596313,0.011422364041209221,0.11287476867437363,1.112019658088684,0.03395989164710045,2.414589431881905,0.9705806970596313,1.112019658088684,0.010093852877616882,0.48190227150917053,1.506073236465454,48750,3120000,62400,3231150
6,20,X4,1.135278574472447,2.220596925355494,0.9705839157104492,0.011422502808272839,0.11248574405908585,1.0952770709991455,0.03082769177854061,2.538532289490104,0.9705839157104492,1.0952770709991455,0.011334827169775963,0.4347316324710846,1.6792936325073242,48750,3120000,62400,3231150
6,21,X4,-3.4552426851927875,2.171358672901988,0.9705820083618164,0.011423710733652115,0.09529794007539749,1.0703095197677612,0.023745493963360786,0.9500517392531038,0.9705820083618164,1.0703095197677612,0.0097117954865098,0.4750899076461792,0.05707173049449921,48750,3120000,62400,3231150
6,22,X4,-1.8699797335753954,2.1404438419267535,0.9706375598907471,0.011424007825553417,0.07610111683607101,1.0612627267837524,0.021018430590629578,0.8925465671345592,0.9706375598907471,1.0612627267837524,0.010516616515815258,0.4357592463493347,0.03989064693450928,48750,3120000,62400,3231150
6,23,X4,-0.2964405985874832,2.1181391393765807,0.9706087708473206,0.011424609459936619,0.06251389533281326,1.0541578531265259,0.019434010609984398,1.0289590401574968,0.9706087708473206,1.0541578531265259,0.009114674292504787,0.5754217505455017,0.039469290524721146,48750,3120000,62400,3231150
6,24,X3,2.8371812345643486,2.091844456270337,0.9706066846847534,0.011429624632000923,0.04811973497271538,1.0447248220443726,0.016963589936494827,1.0203113188967108,0.9706066846847534,1.0447248220443726,0.011166921816766262,0.5740450024604797,0.03203309327363968,48750,3120000,62400,3231150
7,0,X3,2.773185261061669,9.499222069978714,0.9774793982505798,2.320462942123413,1.2292062044143677,4.611116886138916,0.3609566390514374,16.755564475059508,0.9774793982505798,4.611116886138916,9.019786834716797,5.891503810882568,0.7265545725822449,48750,3120000,62400,3231150
7,1,X1,-1.53031959181369,8.04950001835823,0.9792545437812805,1.33052659034729,1.2198386192321777,4.253658771514893,0.2662214934825897,10.681350910663605,0.9792545437812805,4.253658771514893,3.472830057144165,5.1751322746276855,0.9868059158325195,48750,3120000,62400,3231150
7,2,X5,-3.2988695194143802,5.917518720030785,0.9848096370697021,0.4372018575668335,0.3831062316894531,3.9252212047576904,0.1871797889471054,8.42715117931366,0.9848096370697021,3.9252212047576904,1.0380761623382568,5.0917439460754395,1.3153249025344849,48750,3120000,62400,3231150
7,3,X3,-0.5112142464910852,4.65509407222271,0.9706289172172546,0.039543792605400085,0.22967517375946045,3.3318700790405273,0.08337610960006714,7.0159333646297455,0.9706289172172546,3.3318700790405273,0.273311585187912,5.360374927520752,0.5217470526695251,48750,3120000,62400,3231150
7,4,X5,-4.134216608350555,4.322257336229086,0.9713283181190491,0.02885453775525093,0.18897603452205658,3.0732803344726562,0.05981811136007309,7.335003039240837,0.9713283181190491,3.0732803344726562,0.17724590003490448,5.876933574676514,0.4719018340110779,48750,3120000,62400,3231150
7,5,X3,4.024715323555885,4.039728417992592,0.9709489345550537,0.023059934377670288,0.16130812466144562,2.8377323150634766,0.04667910933494568,6.888261637091636,0.9709489345550537,2.8377323150634766,0.14875920116901398,5.522812843322754,0.4549533426761627,48750,3120000,62400,3231150
7,6,X2,1.8406356419199321,3.5777748487889767,0.9709351062774658,0.018335163593292236,0.12119290232658386,2.4330813884735107,0.03423028811812401,3.1267177909612656,0.9709351062774658,2.4330813884735107,0.06995855271816254,1.5580865144729614,0.8178694248199463,48750,3120000,62400,3231150
7,7,X2,-1.5347078664388225,3.3835539370775223,0.9711568355560303,0.01721392571926117,0.10665062069892883,2.259751081466675,0.028781473636627197,1.9576403498649597,0.9711568355560303,2.259751081466675,0.05627250671386719,0.5740923285484314,0.6810939311981201,48750,3120000,62400,3231150
7,8,X2,-3.443339752976585,3.208915837109089,0.9710962176322937,0.016380958259105682,0.0931486189365387,2.103034019470215,0.025256022810935974,1.5052338071167468,0.9710962176322937,2.103034019470215,0.04594417288899422,0.3099853992462158,0.5344781875610352,48750,3120000,62400,3231150
7,9,X2,1.5237560484792558,2.9233584934845567,0.9707019329071045,0.014932340942323208,0.08091213554143906,1.8358769416809082,0.020935142412781715,1.5298210866749287,0.9707019329071045,1.8358769416809082,0.03576444461941719,0.22658395767211914,0.7061569094657898,48750,3120000,62400,3231150
7,10,X4,3.2604882700314146,2.804540385492146,0.9705957174301147,0.014317967928946018,0.07687830179929733,1.7231626510620117,0.0195857472717762,1.409506254643202,0.9705957174301147,1.7231626510620117,0.03014655038714409,0.1780242621898651,0.6625837683677673,48750,3120000,62400,3231150
7,11,X3,2.4940083356004097,2.7008142983540893,0.9705841541290283,0.013786486349999905,0.07433778047561646,1.6236443519592285,0.018461525440216064,1.2405453152954578,0.9705841541290283,1.6236443519592285,0.02773669734597206,0.20302020013332367,0.49094271659851074,48750,3120000,62400,3231150
7,12,X1,4.357800013423908,2.546076296828687,0.970583438873291,0.01299403328448534,0.08678241074085236,1.458850622177124,0.016865791752934456,1.3558342214673758,0.970583438873291,1.458850622177124,0.01702452264726162,0.30660828948020935,0.5463145971298218,48750,3120000,62400,3231150
7,13,X5,1.311235994101124,2.47006291244179,0.970598578453064,0.012634855695068836,0.07859235256910324,1.39198899269104,0.016248133033514023,1.408708046749234,0.970598578453064,1.39198899269104,0.016018586233258247,0.33203473687171936,0.5881372094154358,48750,3120000,62400,3231150
7,14,X2,-1.5880648127442365,2.4063064884394407,0.9706588387489319,0.012356363236904144,0.07284298539161682,1.3347570896148682,0.015691211447119713,1.2694724787026646,0.9706588387489319,1.3347570896148682,0.018155353143811226,0.28488507866859436,0.5053488612174988,48750,3120000,62400,3231150
7,15,X5,-3.9804156617662168,2.301751454360783,0.9710718393325806,0.01193578913807869,0.06035483255982399,1.243667721748352,0.014721271581947803,1.3381951360031963,0.9710718393325806,1.243667721748352,0.012807044200599194,0.3233044445514679,0.5591357350349426,48750,3120000,62400,3231150
7,16,X3,-2.303914855897312,2.259558631107211,0.9708812236785889,0.011806921102106571,0.05516266077756882,1.2073944807052612,0.014313344843685627,1.3308538064360618,0.9708812236785889,1.2073944807052612,0.011942528188228607,0.30379098653793335,0.5794651508331299,48750,3120000,62400,3231150
7,17,X4,3.3964400236858427,2.223314756527543,0.9708899855613708,0.011717124842107296,0.050172995775938034,1.176522970199585,0.014011680148541927,1.273187912814319,0.9708899855613708,1.176522970199585,0.013115103356540203,0.3675159811973572,0.4630742371082306,48750,3120000,62400,3231150
7,18,X1,-4.589083488177827,2.2036991361528635,0.9711657166481018,0.011672098189592361,0.07871587574481964,1.128736138343811,0.013409307226538658,1.6366127735003828,0.9711657166481018,1.128736138343811,0.011119878850877285,0.6643441319465637,0.5411683917045593,48750,3120000,62400,3231150
7,19,X2,-3.670204070580324,2.1766540789976716,0.971343457698822,0.011588995344936848,0.06989332288503647,1.1106351613998413,0.013193141669034958,1.5920860227197409,0.971343457698822,1.1106351613998413,0.010394787415862083,0.6926532983779907,0.4726422131061554,48750,3120000,62400,3231150
7,20,X1,-1.9469462300860672,2.1548248659819365,0.9713578820228577,0.011537376791238785,0.06339157372713089,1.0955547094345093,0.012983324006199837,1.6582796324044466,0.9713578820228577,1.0955547094345093,0.011954592540860176,0.642948567867279,0.589993953704834,48750,3120000,62400,3231150
7,21,X2,-0.41839997921839434,2.126277440227568,0.9715762734413147,0.011482436209917068,0.0581149198114872,1.072564721107483,0.012539089657366276,1.3604795848950744,0.9715762734413147,1.072564721107483,0.01022504922002554,0.48193517327308655,0.45949116349220276,48750,3120000,62400,3231150
7,22,X1,-3.3846941218298356,2.111904206685722,0.9715830683708191,0.011455392464995384,0.05242087319493294,1.0640448331832886,0.012400039471685886,1.4163088995963335,0.9715830683708191,1.0640448331832886,0.010151239112019539,0.4675532579421997,0.5314788222312927,48750,3120000,62400,3231150
7,23,X4,-3.8076999835214362,2.1049812249839306,0.9714317917823792,0.011451076716184616,0.050041548907756805,1.0572304725646973,0.01482633501291275,0.9932967917993665,0.9714317917823792,1.0572304725646973,0.009389673359692097,0.4336804151535034,0.14449425041675568,48750,3120000,62400,3231150
7,24,X2,1.732511760081997,2.0894508799538016,0.9710103869438171,0.011450447142124176,0.046717964112758636,1.0474408864974976,0.012831195257604122,1.0014525450766087,0.9710103869438171,1.0474408864974976,0.010800506919622421,0.48787185549736023,0.09908992797136307,48750,3120000,62400,3231150
8,0,X4,3.1452120467792035,10.778609976172447,0.9706842303276062,2.0362775325775146,2.5280745029449463,4.996847629547119,0.24672608077526093,18.193959367275237,0.9706842303276062,4.996847629547119,9.690150260925293,5.913301467895508,1.3970012664794922,48750,3120000,62400,3231150
8,1,X5,1.7831113105578487,7.42727218568325,0.976557731628418,0.6421403884887695,0.9648618102073669,4.611403465270996,0.2323087900876999,10.732582473754883,0.976557731628418,4.611403465270996,4.241178035736084,3.8028736114501953,1.5709385871887207,48750,3120000,62400,3231150
8,2,X3,-1.124223783342968,6.001489743590355,0.9731218218803406,0.10284698009490967,0.4898754060268402,4.250160217285156,0.18548531830310822,5.733626675605774,0.9731218218803406,4.250160217285156,1.0833595991134644,3.207143783569336,0.39846688508987427,48750,3120000,62400,3231150
8,3,X5,3.863115188267523,4.966351218521595,0.9730029702186584,0.028211697936058044,0.311860591173172,3.603698492050171,0.049577467143535614,3.958395491540432,0.9730029702186584,3.603698492050171,0.25015774369239807,2.684636116027832,0.108261339366436,48750,3120000,62400,3231150
8,4,X1,3.5633163772046945,4.608390774577856,0.9721837043762207,0.02317296341061592,0.2739964425563812,3.30916690826416,0.029870755970478058,4.184852796792984,0.9721837043762207,3.30916690826416,0.16526257991790771,2.8406221866607666,0.3226979076862335,48750,3120000,62400,3231150
8,5,X4,-0.07219941612545888,4.314645370468497,0.9716389775276184,0.018404705449938774,0.2572750151157379,3.044055938720703,0.023270733654499054,4.127574150264263,0.9716389775276184,3.044055938720703,0.11721401661634445,2.6214139461517334,0.585807204246521,48750,3120000,62400,3231150
8,6,X1,-3.5526552220668703,3.8338636960834265,0.9706901907920837,0.01536102220416069,0.2415926158428192,2.5890142917633057,0.017205575481057167,4.176766061037779,0.9706901907920837,2.5890142917633057,0.016058754175901413,2.8437225818634033,0.6050438284873962,48750,3120000,62400,3231150
8,7,X3,1.7208700213037638,3.6310403076931834,0.9706177115440369,0.013265158981084824,0.23793789744377136,2.3937010765075684,0.015518463216722012,4.18388131018728,0.9706177115440369,2.3937010765075684,0.013037792406976223,2.8320274353027344,0.6659523248672485,48750,3120000,62400,3231150
8,8,X3,3.6562781585812782,3.450459617190063,0.9706112146377563,0.012587573379278183,0.23399026691913605,2.2189741134643555,0.014296448789536953,4.200742331892252,0.9706112146377563,2.2189741134643555,0.012699607759714127,2.788140296936035,0.7619853615760803,48750,3120000,62400,3231150
8,9,X1,-3.651422069488853,3.1378448037430644,0.9706634879112244,0.012328234501183033,0.219303697347641,1.9225420951843262,0.013007288798689842,4.258112538605928,0.9706634879112244,1.9225420951843262,0.013673294335603714,2.7708988189697266,0.894899308681488,48750,3120000,62400,3231150
8,10,X2,-3.722413363595188,3.0081941010430455,0.9706202149391174,0.012278294190764427,0.213778555393219,1.7989556789398193,0.012561357580125332,3.738354496099055,0.9706202149391174,1.7989556789398193,0.012844697572290897,2.225722074508667,0.9458725452423096,48750,3120000,62400,3231150
8,11,X4,3.840151099659982,2.8943738359957933,0.9705846309661865,0.01220729574561119,0.20958450436592102,1.689815640449524,0.012181764468550682,3.919951037503779,0.9705846309661865,1.689815640449524,0.011807636357843876,2.3602333068847656,1.0158300399780273,48750,3120000,62400,3231150
8,12,X2,1.340338020708847,2.7041076198220253,0.9707056879997253,0.012094037607312202,0.199080228805542,1.5107033252716064,0.011524340137839317,2.68561874050647,0.9707056879997253,1.5107033252716064,0.010957506485283375,2.029806137084961,0.14857329428195953,48750,3120000,62400,3231150
8,13,X3,-3.50448085213538,2.627314418554306,0.9706194996833801,0.012034639716148376,0.19549287855625153,1.4378491640090942,0.011318236589431763,2.6430660730227826,0.9706194996833801,1.4378491640090942,0.011964119039475918,1.9940942525863647,0.15531396865844727,48750,3120000,62400,3231150
8,14,X4,4.296121068331404,2.5576842771843076,0.9705806970596313,0.011994544416666031,0.18946294486522675,1.3746235370635986,0.011022553779184818,2.7116999480873347,0.9705806970596313,1.3746235370635986,0.011007139459252357,2.122529983520508,0.10912197828292847,48750,3120000,62400,3231150
8,15,X1,4.747690961376495,2.4265744602307677,0.9706064462661743,0.011899258010089397,0.16144634783267975,1.2719272375106812,0.010695170611143112,2.6279864232987165,0.9706064462661743,1.2719272375106812,0.011434538289904594,2.0431363582611084,0.12490878999233246,48750,3120000,62400,3231150
8,16,X2,1.4535767611124353,2.379245433025062,0.9705908298492432,0.011852167546749115,0.15597808361053467,1.2302719354629517,0.010552416555583477,2.7652056850492954,0.9705908298492432,1.2302719354629517,0.012549255043268204,2.1703031063079834,0.14218077063560486,48750,3120000,62400,3231150
8,17,X2,-2.449062244672694,2.339653441682458,0.9706085920333862,0.011813227087259293,0.15183444321155548,1.1949299573898315,0.010467221960425377,2.0004727182909847,0.9706085920333862,1.1949299573898315,0.010882283560931683,1.451585054397583,0.10489767044782639,48750,3120000,62400,3231150
8,18,X1,-4.27288820696833,2.2822147822007537,0.9706325531005859,0.011845949105918407,0.14932093024253845,1.1400740146636963,0.010341335088014603,2.0352071607485414,0.9706325531005859,1.1400740146636963,0.01187130156904459,1.5125505924224854,0.08864395320415497,48750,3120000,62400,3231150
8,19,X4,0.4612379739129029,2.257726444862783,0.9706519842147827,0.011797117069363594,0.14577628672122955,1.119222640991211,0.010278415866196156,1.883506801351905,0.9706519842147827,1.119222640991211,0.012104874476790428,1.3786870241165161,0.0747399777173996,48750,3120000,62400,3231150
8,20,X2,-3.200531572833599,2.2382515966892242,0.9708182215690613,0.0117566529661417,0.14347201585769653,1.1019923686981201,0.010212337598204613,1.9642783271148803,0.9708182215690613,1.1019923686981201,0.011621383018791676,1.4403375387191772,0.09775728732347488,48750,3120000,62400,3231150
8,21,X2,2.2345501721956857,2.2065258137881756,0.9707291126251221,0.011681611649692059,0.1375005692243576,1.076507329940796,0.01010719034820795,1.6982201406732202,0.9707291126251221,1.076507329940796,0.010119729675352573,1.2033250331878662,0.07532808929681778,48750,3120000,62400,3231150
8,22,X5,-3.0972662372965996,2.194951011799276,0.9707392454147339,0.01164990570396185,0.13515910506248474,1.0673437118530273,0.010059043765068054,1.4707224652171136,0.9707392454147339,1.0673437118530273,0.011456497013568878,0.961233913898468,0.09041546285152435,48750,3120000,62400,3231150
8,23,X2,-3.3629889522165444,2.1862604543566704,0.9707923531532288,0.011619861237704754,0.13380302488803864,1.0600336790084839,0.010011536069214344,1.6143800128251313,0.9707923531532288,1.0600336790084839,0.011995168402791023,1.107157588005066,0.08906204998493195,48750,3120000,62400,3231150
8,24,X4,-0.8670735172043766,2.1708649806678295,0.9709952473640442,0.011547736823558807,0.1286705732345581,1.0497710704803467,0.009880352765321732,1.6463507100939752,0.9709952473640442,1.0497710704803467,0.010758262127637863,1.2087523937225342,0.02268679067492485,48750,3120000,62400,3231150
9,0,X3,0.5584588079600961,10.48465895652771,0.9730425477027893,2.051346778869629,2.750157117843628,4.610988616943359,0.09912389516830444,20.144888603687285,0.9730425477027893,4.610988616943359,9.74476432800293,6.608005046844482,2.6753129959106445,48750,3120000,62400,3231150
9,1,X2,-3.679957779353108,10.041368782520294,0.9787042140960693,0.4229559600353241,4.306754112243652,4.250222206115723,0.08273229002952576,10.856653785705566,0.9787042140960693,4.250222206115723,2.8174266815185547,4.68056058883667,2.3128812313079834,48750,3120000,62400,3231150
9,2,X4,0.6993958271927152,6.361044906079769,0.9732967019081116,0.03693728893995285,1.3633052110671997,3.9174063205718994,0.07009938359260559,5.205353331565857,0.9732967019081116,3.9174063205718994,0.5355967879295349,2.0623815059661865,1.6292344331741333,48750,3120000,62400,3231150
9,3,X1,0.9219935817102041,4.81293910741806,0.9729584455490112,0.025911707431077957,0.40730252861976624,3.357632875442505,0.0491335503757,3.3300912499427797,0.9729584455490112,3.357632875442505,0.273414671421051,1.380383014678955,0.8101752996444702,48750,3120000,62400,3231150
9,4,X3,-1.2823801682426526,4.547413732856512,0.973000168800354,0.02373374253511429,0.3960241973400116,3.114445447921753,0.04021017625927925,2.8757447808980943,0.973000168800354,3.114445447921753,0.20351193845272064,1.2762619256973267,0.5784817934036255,48750,3120000,62400,3231150
9,5,X4,-2.8024225780539167,4.2962079253047705,0.9765923023223877,0.02256457693874836,0.3695518374443054,2.8894519805908203,0.03804722800850868,2.392950013279915,0.9765923023223877,2.8894519805908203,0.17382030189037323,1.3382611274719238,0.1076597273349762,48750,3120000,62400,3231150
9,6,X2,-3.817300240102667,3.8363037295639515,0.9717826247215271,0.020167725160717964,0.3176170885562897,2.4969916343688965,0.02974465675652027,2.235049180686474,0.9717826247215271,2.4969916343688965,0.15169629454612732,1.3065942525863647,0.08300378173589706,48750,3120000,62400,3231150
9,7,X1,-3.1544996085891794,3.7144119180738926,0.9716382026672363,0.02788199856877327,0.36517828702926636,2.323174238204956,0.026539191603660583,2.071045907214284,0.9716382026672363,2.323174238204956,0.030560100451111794,1.305997610092163,0.07552570849657059,48750,3120000,62400,3231150
9,8,X5,-0.37050468907567247,3.511198740452528,0.9715718030929565,0.025671087205410004,0.32486867904663086,2.1648709774017334,0.024216193705797195,2.0334807209670545,0.9715718030929565,2.1648709774017334,0.029429767280817032,1.303928256034851,0.07283414155244827,48750,3120000,62400,3231150
9,9,X3,0.7685980582899612,3.1630080118775368,0.9749862551689148,0.020339835435152054,0.2505330741405487,1.8960376977920532,0.021111149340867996,1.9347334813326598,0.9749862551689148,1.8960376977920532,0.02429247461259365,1.2786308526992798,0.05760536342859268,48750,3120000,62400,3231150
9,10,X5,-4.338570258684915,3.020508298650384,0.9746697545051575,0.01872025616466999,0.22300423681735992,1.7842098474502563,0.019904203712940216,1.748683600872755,0.9746697545051575,1.7842098474502563,0.025713276118040085,1.109686017036438,0.061508387327194214,48750,3120000,62400,3231150
9,11,X2,-2.1017928670699773,2.8900293689221144,0.9741213917732239,0.017575489357113838,0.19515462219715118,1.6843011379241943,0.018876727670431137,1.6700839057564736,0.9741213917732239,1.6843011379241943,0.021457046270370483,1.0543667078018188,0.06257564574480057,48750,3120000,62400,3231150
9,12,X2,-2.288534242615082,2.6840277519077063,0.9745272397994995,0.01562701351940632,0.15968237817287445,1.5169209241867065,0.017270196229219437,1.7019897561520339,0.9745272397994995,1.5169209241867065,0.021090256050229073,1.1270228624343872,0.055587004870176315,48750,3120000,62400,3231150
9,13,X3,3.9301729099038525,2.5989068606868386,0.973989725112915,0.014927641488611698,0.14657382667064667,1.4468121528625488,0.016603514552116394,1.6954541008919477,0.973989725112915,1.4468121528625488,0.01945497654378414,1.1278393268585205,0.06399942189455032,48750,3120000,62400,3231150
9,14,X4,-2.5724561753529764,2.5249052178114653,0.9738624095916748,0.014380887150764465,0.13535243272781372,1.3852938413619995,0.01601564697921276,2.048276550322771,0.9738624095916748,1.3852938413619995,0.019050616770982742,1.4927228689193726,0.06467181444168091,48750,3120000,62400,3231150
9,15,X2,-2.7452249542433727,2.404292229562998,0.9730023145675659,0.013497614301741123,0.11967407166957855,1.2832084894180298,0.01490973960608244,1.9134822504594922,0.9730023145675659,1.2832084894180298,0.01553181279450655,1.3881733417510986,0.05853493511676788,48750,3120000,62400,3231150
9,16,X1,0.09258408340619528,2.3569710329174995,0.9730035662651062,0.013330800458788872,0.11455874145030975,1.2416155338287354,0.014462390914559364,2.12468878403306,0.9730035662651062,1.2416155338287354,0.016335245221853256,1.6093251705169678,0.056104548275470734,48750,3120000,62400,3231150
9,17,X4,-3.8120298851066794,2.3163917306810617,0.972590982913971,0.013200206682085991,0.11037161946296692,1.2061002254486084,0.01412869617342949,2.1161860203370453,0.972590982913971,1.2061002254486084,0.012643233872950077,1.6416898965835571,0.026114648208022118,48750,3120000,62400,3231150
9,18,X4,-4.641588343937119,2.2530682692304254,0.971920907497406,0.013066122308373451,0.10416986048221588,1.1503733396530151,0.013538039289414883,2.4006846176460384,0.971920907497406,1.1503733396530151,0.015120276249945164,1.944911003112793,0.01619448885321617,48750,3120000,62400,3231150
9,19,X2,-3.308198380403795,2.2289744913578033,0.9716430902481079,0.013038964942097664,0.10221628099679947,1.1289352178573608,0.013140937313437462,2.1742404157295825,0.9716430902481079,1.1289352178573608,0.013913165777921677,1.7254291772842407,0.01478241104632616,48750,3120000,62400,3231150
9,20,X5,4.396907952805012,2.2092220513150096,0.9718356728553772,0.013008159585297108,0.10051553696393967,1.1110286712646484,0.012834010645747185,1.8576447423547506,0.9718356728553772,1.1110286712646484,0.014860662631690502,1.4119914770126343,0.014219733886420727,48750,3120000,62400,3231150
9,21,X1,0.8426708591274021,2.1780332876369357,0.971095085144043,0.01293465867638588,0.09758120775222778,1.0839897394180298,0.012432596646249294,2.1814479563385247,0.971095085144043,1.0839897394180298,0.014160226099193096,1.7427887916564941,0.01348197367042303,48750,3120000,62400,3231150
9,22,X4,1.3960149561328574,2.167081999592483,0.9712981581687927,0.012911414727568626,0.0966280847787857,1.0740095376968384,0.012234804220497608,2.5588495165109633,0.9712981581687927,1.0740095376968384,0.01354440487921238,2.1245126724243164,0.011730900034308434,48750,3120000,62400,3231150
9,23,X2,3.0194352643897666,2.158472933806479,0.9714581966400146,0.012886927463114262,0.09627821296453476,1.0658034086227417,0.012046188116073608,2.2987726520746947,0.9714581966400146,1.0658034086227417,0.01346348412334919,1.8665305376052856,0.01132630929350853,48750,3120000,62400,3231150
9,24,X3,-4.705393393790533,2.142884506843984,0.9712284207344055,0.01277942769229412,0.09322748333215714,1.0539695024490356,0.01167967263609171,1.7937769940122963,0.9712284207344055,1.0539695024490356,0.013423976488411427,1.3621267080307007,0.013186724856495857,48750,3120000,62400,3231150
10,0,X5,-4.88862224739283,13.012477278709412,0.9772970676422119,3.6108510494232178,1.8582760095596313,4.611081123352051,1.9549720287322998,25.003520345687868,0.9772970676422119,4.611081123352051,17.679738998413086,4.56931734085083,1.6367883682250977,48750,3120000,62400,3231150
10,1,X1,3.7416559390039534,7.922400772571564,0.984207808971405,1.4057596921920776,0.7565159201622009,4.2664570808410645,0.5094602704048157,13.240073311328889,0.984207808971405,4.2664570808410645,7.242794036865234,3.0970141887664795,1.8501321077346802,48750,3120000,62400,3231150
10,2,X4,2.5818389320420243,6.032556802034378,1.0012141466140747,0.262299120426178,0.6940858364105225,3.9460947513580322,0.12886294722557068,6.583887815475464,1.0012141466140747,3.9460947513580322,1.2555941343307495,2.8813283443450928,1.4575035572052002,48750,3120000,62400,3231150
10,3,X2,3.7155367488258477,4.84782974049449,0.9707569479942322,0.05315793678164482,0.41508764028549194,3.358281135559082,0.050546079874038696,3.3607027322053913,0.9707569479942322,3.358281135559082,0.08178918063640594,1.952398657798767,0.46070727705955505,48750,3120000,62400,3231150
10,4,X5,-2.420764541379228,4.438179612159729,0.9706235527992249,0.026627283543348312,0.30323922634124756,3.1050667762756348,0.032622773200273514,2.6788535654544834,0.9706235527992249,3.1050667762756348,0.07715323567390442,1.1103748083114624,0.6761874556541443,48750,3120000,62400,3231150
10,5,X5,1.4263343288876582,4.0884176306426525,0.9705900549888611,0.02286074124276638,0.20102432370185852,2.8702876567840576,0.02365485392510891,2.6341723799705505,0.9705900549888611,2.8702876567840576,0.08510792255401611,1.1110094785690308,0.6698794364929199,48750,3120000,62400,3231150
10,6,X5,-4.915203502928971,3.576056642457843,0.9706149101257324,0.020158421248197556,0.11343561112880707,2.455728054046631,0.016119645908474922,3.2957880690693857,0.9706149101257324,2.455728054046631,0.09903234988451004,1.5572763681411743,0.9542107582092285,48750,3120000,62400,3231150
10,7,X5,-3.342940498566099,3.376042210496962,0.9706196784973145,0.018922023475170135,0.09540965408086777,2.2764089107513428,0.014681943692266941,3.5451574847102165,0.9706196784973145,2.2764089107513428,0.07241874188184738,1.5409941673278809,1.2823388576507568,48750,3120000,62400,3231150
10,8,X4,4.5749735116538375,3.201482130214572,0.9705806374549866,0.017822246998548508,0.08404974639415741,2.1157145500183105,0.013314949348568916,3.570904337614775,0.9705806374549866,2.1157145500183105,0.05990750715136528,1.57790207862854,1.31583571434021,48750,3120000,62400,3231150
10,9,X5,0.5682801193159017,2.915261006914079,0.9707543849945068,0.01603728160262108,0.06740462779998779,1.8499354124069214,0.011129300110042095,3.093686295300722,0.9707543849945068,1.8499354124069214,0.04545300081372261,1.8979902267456055,0.5861051082611084,48750,3120000,62400,3231150
10,10,X4,2.3785524881917874,2.7991946944966912,0.9705823659896851,0.015337986871600151,0.06295449286699295,1.7395247220993042,0.010795126669108868,3.2155397102236747,0.9705823659896851,1.7395247220993042,0.032018594443798065,2.1201705932617188,0.5213291049003601,48750,3120000,62400,3231150
10,11,X5,-4.658197824733033,2.6971830623224378,0.9705919027328491,0.014735154807567596,0.059171419590711594,1.6420693397521973,0.010615245439112186,3.343512838333845,0.9705919027328491,1.6420693397521973,0.026334505528211594,2.228400707244873,0.5662453770637512,48750,3120000,62400,3231150
10,12,X3,1.2507034323941362,2.5186435086652637,0.9707050323486328,0.013843132182955742,0.04629683122038841,1.4778881072998047,0.009910405613481998,3.143285359069705,0.9707050323486328,1.4778881072998047,0.02173374406993389,2.1988868713378906,0.432946115732193,48750,3120000,62400,3231150
10,13,X3,-4.59761197639761,2.4455167846754193,0.9706657528877258,0.013495471328496933,0.04291660711169243,1.4085793495178223,0.009859603829681873,3.3096251554787157,0.9706657528877258,1.4085793495178223,0.017156321555376053,2.425051212310791,0.3915686011314392,48750,3120000,62400,3231150
10,14,X5,2.292295504595846,2.3809450725093484,0.9705837368965149,0.013196360319852829,0.03930952399969101,1.3480156660079956,0.009839785285294056,3.9883850928395987,0.9705837368965149,1.3480156660079956,0.01772395335137844,2.991406202316284,0.5155350565910339,48750,3120000,62400,3231150
10,15,X4,2.0336107750559567,2.2764151943847537,0.9705817103385925,0.012755721807479858,0.03283011168241501,1.250441312789917,0.009806337766349316,4.9188177105039355,0.9705817103385925,1.250441312789917,0.0164343174546957,4.115951061248779,0.3422277271747589,48750,3120000,62400,3231150
10,16,X3,-1.0560032175403098,2.2354719173163176,0.9706616997718811,0.012569076381623745,0.03050907328724861,1.2119286060333252,0.009803461842238903,4.6371406868100165,0.9706616997718811,1.2119286060333252,0.013280875980854034,3.7439181804656982,0.4434235692024231,48750,3120000,62400,3231150
10,17,X2,-0.11505126898774698,2.2022458324208856,0.9705806970596313,0.012402461841702461,0.02989300526678562,1.1795902252197266,0.00977944303303957,2.9283705331385135,0.9705806970596313,1.1795902252197266,0.012544874101877213,2.0803544521331787,0.40543702244758606,48750,3120000,62400,3231150
10,18,X2,1.208052730030352,2.148513584397733,0.9705902338027954,0.012082761153578758,0.027094531804323196,1.129128336906433,0.009617720730602741,1.893225193582475,0.9705902338027954,1.129128336906433,0.01235473807901144,1.096504807472229,0.36442193388938904,48750,3120000,62400,3231150
10,19,X3,0.7557123106615418,2.1279948875308037,0.9706412553787231,0.011936145834624767,0.025986572727560997,1.1098371744155884,0.009593739174306393,1.8911767004057765,0.9706412553787231,1.1098371744155884,0.013218331150710583,0.9281415939331055,0.5337210893630981,48750,3120000,62400,3231150
10,20,X4,1.1328219124649923,2.1112839989364147,0.9706346392631531,0.011818758212029934,0.025173889473080635,1.0940587520599365,0.00959795992821455,1.5726595247164368,0.9706346392631531,1.0940587520599365,0.011571654118597507,0.6673271656036377,0.48082202672958374,48750,3120000,62400,3231150
10,21,X3,-1.2307754091373035,2.0854409355670214,0.9707114696502686,0.011595826596021652,0.02289099246263504,1.070623755455017,0.009618891403079033,1.4859778374433517,0.9707114696502686,1.070623755455017,0.012298598885536194,0.6689492464065552,0.39646294713020325,48750,3120000,62400,3231150
10,22,X2,2.17214857090379,2.0762695828452706,0.9707221388816833,0.011511974968016148,0.021952195093035698,1.062477946281433,0.009605327621102333,1.3239306757226585,0.9707221388816833,1.062477946281433,0.011325241066515446,0.4961452782154083,0.4098201394081116,48750,3120000,62400,3231150
10,23,X4,-3.0601314976024385,2.069204853847623,0.9706941843032837,0.011439288966357708,0.021034253761172295,1.0560085773468018,0.01002854947000742,1.0155348489060998,0.9706941843032837,1.0560085773468018,0.01086349505931139,0.5389280915260315,0.06040270999073982,48750,3120000,62400,3231150
10,24,X3,-4.645878805586586,2.057947630994022,0.9705902934074402,0.011332298628985882,0.019435178488492966,1.0468907356262207,0.009699124842882156,0.9519729083403945,0.9705902934074402,1.0468907356262207,0.010806436650454998,0.4877786338329315,0.0498916320502758,48750,3120000,62400,3231150
11,0,X1,-1.1652031695995957,14.07954466342926,0.9706031084060669,3.7843096256256104,3.4946799278259277,4.61090612411499,1.219045877456665,24.272590947151183,0.9706031084060669,4.61090612411499,14.691886901855469,6.514847755432129,1.949554443359375,48750,3120000,62400,3231150
11,1,X4,-2.1998064780145867,7.878916651010513,0.9711383581161499,1.6740829944610596,0.5601145029067993,4.252241134643555,0.42133966088294983,13.624457728862762,0.9711383581161499,4.252241134643555,6.329360485076904,5.866999626159668,0.38342171907424927,48750,3120000,62400,3231150
11,2,X1,-0.30882267978963185,5.991546869277954,0.9712072014808655,0.45528557896614075,0.3522704839706421,3.9212138652801514,0.2915697395801544,9.672789484262466,0.9712072014808655,3.9212138652801514,2.33534574508667,6.087934970855713,0.27102455496788025,48750,3120000,62400,3231150
11,3,X3,-1.8529258229603132,4.800838703289628,0.9722955226898193,0.022520432248711586,0.20065604150295258,3.3663461208343506,0.23902058601379395,7.113024136424064,0.9722955226898193,3.3663461208343506,0.22523845732212067,5.820782661437988,0.1992746889591217,48750,3120000,62400,3231150
11,4,X2,-2.421203459964616,4.499325750395656,0.972786009311676,0.021627632901072502,0.17542794346809387,3.1173477172851562,0.21213644742965698,4.680611246824265,0.972786009311676,3.1173477172851562,0.2502703070640564,3.4218835830688477,0.19043061137199402,48750,3120000,62400,3231150
11,5,X1,0.13449027108934253,4.197822647169232,0.972744345664978,0.02082991786301136,0.13133196532726288,2.8857009410858154,0.18721547722816467,3.6492038667201996,0.972744345664978,2.8857009410858154,0.25508913397789,2.4454519748687744,0.17697370052337646,48750,3120000,62400,3231150
11,6,X4,1.0035719828899463,3.7088724467903376,0.9705808162689209,0.018870295956730843,0.09561038762331009,2.4799225330352783,0.1438884139060974,3.197420611977577,0.9705808162689209,2.4799225330352783,0.1906859278678894,2.1873815059661865,0.12925250828266144,48750,3120000,62400,3231150
11,7,X4,-4.583131107640758,3.5109168644994497,0.9706818461418152,0.018001606687903404,0.09161306917667389,2.304286479949951,0.12633386254310608,3.2887724533677103,0.9706818461418152,2.304286479949951,0.19166246056556702,2.320495367050171,0.12162096053361893,48750,3120000,62400,3231150
11,8,X5,0.12293736400504329,3.3311331551522017,0.9705939888954163,0.017183421179652214,0.09081307798624039,2.1462807655334473,0.10626190155744553,2.9397820726037027,0.9705939888954163,2.1462807655334473,0.17726197838783264,2.0310468673706055,0.10809827595949173,48750,3120000,62400,3231150
11,9,X1,0.6989493415992909,3.025094199925661,0.9708784222602844,0.01570264622569084,0.08916185796260834,1.8745330572128296,0.0748182162642479,2.994380107522011,0.9708784222602844,1.8745330572128296,0.1512831449508667,2.1909255981445312,0.08308906853199005,48750,3120000,62400,3231150
11,10,X2,-4.838091762415266,2.902149023488164,0.971079409122467,0.01503467746078968,0.08850405365228653,1.7591203451156616,0.06841053813695908,3.1362345188856127,0.971079409122467,1.7591203451156616,0.12199213355779648,2.3905508518218994,0.07765158265829086,48750,3120000,62400,3231150
11,11,X2,3.1861364005373467,2.8018592577427626,0.9718506932258606,0.01441391371190548,0.09393904358148575,1.656988263130188,0.06466734409332275,1.6427850678563118,0.9718506932258606,1.656988263130188,0.08439957350492477,0.9614458084106445,0.07117189466953278,48750,3120000,62400,3231150
11,12,X3,0.3634151933785814,2.616768912412226,0.9719787836074829,0.01342406589537859,0.08595530688762665,1.4854600429534912,0.05995071306824684,1.506442429125309,0.9719787836074829,1.4854600429534912,0.06953587383031845,0.8750039339065552,0.07041485607624054,48750,3120000,62400,3231150
11,13,X1,-4.588427077664093,2.6001558527350426,0.9719915390014648,0.018520116806030273,0.13552917540073395,1.4161306619644165,0.057984359562397,1.7949206843972205,0.9719915390014648,1.4161306619644165,0.018618203699588776,1.224306583404541,0.07437145709991455,48750,3120000,62400,3231150
11,14,X2,4.382854034279568,2.5238589886575937,0.970903217792511,0.01609744317829609,0.12487076967954636,1.3562867641448975,0.055700793862342834,2.063904809951782,0.970903217792511,1.3562867641448975,0.01686830073595047,1.517806887626648,0.06379162520170212,48750,3120000,62400,3231150
11,15,X5,0.07605489719182223,2.409651088528335,0.9709638357162476,0.013101994059979916,0.11667700856924057,1.2590066194534302,0.049901630729436874,1.6362209159880876,0.9709638357162476,1.2590066194534302,0.014009745791554451,1.1162279844284058,0.059989094734191895,48750,3120000,62400,3231150
11,16,X2,4.2390988915000865,2.369058320298791,0.9711137413978577,0.012506788596510887,0.11781828850507736,1.2203694581985474,0.04725004360079765,1.8743609325960278,0.9711137413978577,1.2203694581985474,0.01444628182798624,1.3612544536590576,0.06036355718970299,48750,3120000,62400,3231150
11,17,X4,-0.3953802507183788,2.332288224250078,0.9711751341819763,0.012131523340940475,0.11719971150159836,1.1873966455459595,0.04438520967960358,1.5298255672678351,0.9711751341819763,1.1873966455459595,0.013158670626580715,1.0287996530532837,0.056152887642383575,48750,3120000,62400,3231150
11,18,X4,3.3771814760432814,2.275142122991383,0.9715341925621033,0.011732851155102253,0.11770275235176086,1.135712742805481,0.03845958411693573,1.507961494475603,0.9715341925621033,1.135712742805481,0.013084229081869125,1.0278245210647583,0.04560335725545883,48750,3120000,62400,3231150
11,19,X3,1.1533999550112792,2.252808659337461,0.9716666340827942,0.011643934063613415,0.11769836395978928,1.1160348653793335,0.03576486185193062,1.6053198270499707,0.9716666340827942,1.1160348653793335,0.01210111752152443,1.1350239515304565,0.04065445810556412,48750,3120000,62400,3231150
11,20,X1,-4.394348496880271,2.237301797606051,0.9716770648956299,0.011617586947977543,0.12095145881175995,1.0997220277786255,0.033333659172058105,1.50737423915416,0.9716770648956299,1.0997220277786255,0.012529016472399235,1.0383445024490356,0.04222090169787407,48750,3120000,62400,3231150
11,21,X4,-3.273098383516432,2.2057791454717517,0.9710336923599243,0.011535079218447208,0.11846556514501572,1.0753114223480225,0.029433386400341988,1.465541178546846,0.9710336923599243,1.0753114223480225,0.012362477369606495,1.0219089984893799,0.02200067974627018,48750,3120000,62400,3231150
11,22,X3,-3.817255883061792,2.1946814078837633,0.9709305763244629,0.011511573567986488,0.11821311712265015,1.0664020776748657,0.027624063193798065,1.4037216315045953,0.9709305763244629,1.0664020776748657,0.011014186777174473,0.9604716300964355,0.024769283831119537,48750,3120000,62400,3231150
11,23,X3,-1.2473332055680917,2.1857854407280684,0.9709199070930481,0.011489616706967354,0.11807800084352493,1.059342384338379,0.025955531746149063,1.3306575279682875,0.9709199070930481,1.059342384338379,0.012213202193379402,0.891827404499054,0.02056446298956871,48750,3120000,62400,3231150
11,24,X5,3.921409009805556,2.1743261413648725,0.9711422324180603,0.011469402350485325,0.11930891126394272,1.049162745475769,0.023242849856615067,1.4607744164764882,0.9711422324180603,1.049162745475769,0.011949308216571808,1.0228297710418701,0.02193434163928032,48750,3120000,62400,3231150
12,0,X1,-0.17703776351877476,12.75305712223053,0.9706031084060669,4.429903507232666,2.3172261714935303,4.610996723175049,0.4243276119232178,30.095819902420043,0.9706031084060669,4.610996723175049,23.610042572021484,3.7994368076324463,1.5700205564498901,48750,3120000,62400,3231150
12,1,X2,-1.6325634790434251,12.202567741274834,0.9772963523864746,4.456667900085449,2.321608781814575,4.261624336242676,0.18537037074565887,27.615302073955537,0.9772963523864746,4.261624336242676,23.0107479095459,3.0708329677581787,0.48593705892562866,48750,3120000,62400,3231150
12,2,X2,-0.7885338843884018,12.073210872709751,1.0082652568817139,4.455361366271973,2.5751054286956787,3.932530164718628,0.10194865614175797,27.83582500517368,1.0082652568817139,3.932530164718628,23.336971282958984,3.3619751930236816,0.1487194448709488,48750,3120000,62400,3231150
12,3,X3,4.035728962895245,4.946849390864372,0.9801305532455444,0.06754477322101593,0.5020830631256104,3.348219633102417,0.048871368169784546,4.277557474374771,0.9801305532455444,3.348219633102417,1.1969455480575562,2.126152515411377,0.08878937363624573,48750,3120000,62400,3231150
12,4,X2,0.1478200457985155,4.507817674428225,0.9727089405059814,0.032503530383110046,0.3750179708003998,3.091796636581421,0.03579059615731239,3.519831804931164,0.9727089405059814,3.091796636581421,0.6109683513641357,2.03544020652771,0.060522131621837616,48750,3120000,62400,3231150
12,5,X5,-4.2497740811906635,4.130176693201065,0.9717051386833191,0.022740723565220833,0.2492438405752182,2.857405662536621,0.029081327840685844,2.838871236145496,0.9717051386833191,2.857405662536621,0.37497857213020325,1.5770777463912964,0.1209927573800087,48750,3120000,62400,3231150
12,6,X5,-1.1436931135448258,3.569179028272629,0.9712318181991577,0.01788982003927231,0.11617107689380646,2.444819688796997,0.019066624343395233,2.704637977480888,0.9712318181991577,2.444819688796997,0.2753323018550873,1.5661474466323853,0.17994792759418488,48750,3120000,62400,3231150
12,7,X3,-1.7948287026240983,3.368891529738903,0.9710809588432312,0.016603808850049973,0.09883926063776016,2.265835762023926,0.01653173938393593,2.278550010919571,0.9710809588432312,2.265835762023926,0.26081398129463196,1.203802466392517,0.16655021905899048,48750,3120000,62400,3231150
12,8,X1,4.138952125331876,3.2854636320844293,0.9710399508476257,0.015636468306183815,0.17756131291389465,2.105984687805176,0.015241212211549282,2.088399165868759,0.9710399508476257,2.105984687805176,0.17787741124629974,1.1303730010986328,0.1647438257932663,48750,3120000,62400,3231150
12,9,X5,3.609845706060735,2.9763499898836017,0.9707582592964172,0.01410303171724081,0.14181895554065704,1.836030125617981,0.013639617711305618,1.789671704173088,0.9707582592964172,1.836030125617981,0.1727546602487564,0.9018405675888062,0.15371879935264587,48750,3120000,62400,3231150
12,10,X4,-0.1811124023885382,2.857018514536321,0.9706590175628662,0.013482281938195229,0.13654491305351257,1.7230693101882935,0.013262991793453693,1.7160765469074248,0.9706590175628662,1.7230693101882935,0.17904825508594513,0.8688864707946777,0.12939615547657013,48750,3120000,62400,3231150
12,11,X4,4.367425018672167,2.750385739840567,0.9706379175186157,0.013025395572185516,0.1313430815935135,1.6229227781295776,0.012456567026674747,1.498571014404297,0.9706379175186157,1.6229227781295776,0.12685997784137726,0.7013400793075562,0.1516588181257248,48750,3120000,62400,3231150
12,12,X2,-1.8927000514988688,2.564349331893027,0.9709479808807373,0.012378910556435585,0.11273635923862457,1.4568225145339966,0.011463566683232784,1.461656577885151,0.9709479808807373,1.4568225145339966,0.10590963810682297,0.6686277985572815,0.20156504213809967,48750,3120000,62400,3231150
12,13,X4,2.2189510910524346,2.488521296530962,0.9709877967834473,0.012132716365158558,0.10517442971467972,1.388957142829895,0.01126921083778143,1.5877212479710578,0.9709877967834473,1.388957142829895,0.10323586314916611,0.7961258292198181,0.2163705676794052,48750,3120000,62400,3231150
12,14,X1,-1.9242926920707681,2.423383084125817,0.9709833860397339,0.011984783224761486,0.0990704670548439,1.3302239179611206,0.011120529845356941,1.3909631088376044,0.9709833860397339,1.3302239179611206,0.06817149370908737,0.6765807867050171,0.18596936762332916,48750,3120000,62400,3231150
12,15,X4,-1.787672963449328,2.31309119053185,0.9706583023071289,0.01170926634222269,0.08291280269622803,1.23683762550354,0.010973193682730198,1.5290798850357534,0.9706583023071289,1.23683762550354,0.06221500411629677,0.8450413942337036,0.18032430112361908,48750,3120000,62400,3231150
12,16,X4,4.96165688200438,2.269719062373042,0.9706721305847168,0.011598847806453705,0.07627105712890625,1.200498104095459,0.01067892275750637,1.5333803720772265,0.9706721305847168,1.200498104095459,0.061701226979494095,0.8607650399208069,0.1766800582408905,48750,3120000,62400,3231150
12,17,X3,-0.437798533618885,2.2327099787071347,0.970671534538269,0.011508090421557426,0.06981872767210007,1.1701029539108276,0.01060867216438055,1.5284124992787838,0.970671534538269,1.1701029539108276,0.061072226613759995,0.8648867011070251,0.17429867386817932,48750,3120000,62400,3231150
12,18,X4,-1.6013341729040063,2.1723950132727623,0.9710062146186829,0.011370292864739895,0.05689356103539467,1.1227679252624512,0.010357019491493702,1.5442033752799034,0.9710062146186829,1.1227679252624512,0.05812931805849075,0.9437879920005798,0.12353123724460602,48750,3120000,62400,3231150
12,19,X5,4.326703737948149,2.148740437813103,0.9708473086357117,0.011323399841785431,0.05136512592434883,1.1049247980117798,0.010279805399477482,1.4019817389547824,0.9708473086357117,1.1049247980117798,0.04584944620728493,0.8540473580360413,0.08693051338195801,48750,3120000,62400,3231150
12,20,X3,2.7701365748296762,2.1288515059277415,0.9708594679832458,0.011293401010334492,0.046419113874435425,1.090112328529358,0.010167194530367851,1.4467289067804814,0.9708594679832458,1.090112328529358,0.04155726358294487,0.9250655770301819,0.06791170686483383,48750,3120000,62400,3231150
12,21,X1,-1.6391903875471603,2.0978234419599175,0.9708113670349121,0.011250991374254227,0.03768765181303024,1.0680294036865234,0.010044028051197529,1.3549483470618724,0.9708113670349121,1.0680294036865234,0.04648212343454361,0.8623697757720947,0.03832829371094704,48750,3120000,62400,3231150
12,22,X4,3.253315548611887,2.0866917967796326,0.9708352088928223,0.011243700049817562,0.0344889760017395,1.0601094961166382,0.010014415718615055,1.5047689810395242,0.9708352088928223,1.0601094961166382,0.041086990386247635,1.0153506994247437,0.0421423502266407,48750,3120000,62400,3231150
12,23,X2,1.5517438923002889,2.077434118837118,0.9707398414611816,0.01123778149485588,0.03164840489625931,1.0538161993026733,0.00999189168214798,1.38069609105587,0.9707398414611816,1.0538161993026733,0.0402466356754303,0.9004848003387451,0.035053446888923645,48750,3120000,62400,3231150
12,24,X3,-2.375895423788408,2.0642095366492867,0.9708046913146973,0.011235428042709827,0.027152298018336296,1.0451265573501587,0.009890561923384666,1.295153620839119,0.9708046913146973,1.0451265573501587,0.04279777407646179,0.8096820116043091,0.03948758542537689,48750,3120000,62400,3231150
13,0,X2,-1.8019847323020421,17.14333927631378,0.9770635366439819,4.594017505645752,6.462776184082031,4.611166954040527,0.49831509590148926,31.111844182014465,0.9770635366439819,4.611166954040527,22.84430694580078,5.782797336578369,1.367093801498413,48750,3120000,62400,3231150
13,1,X2,1.8512233841357233,11.232163399457932,0.9705933928489685,4.594017505645752,1.1497620344161987,4.2483134269714355,0.2694770395755768,28.914682948589324,0.9705933928489685,4.2483134269714355,22.877595901489258,1.836780071258545,3.1565256118774414,48750,3120000,62400,3231150
13,2,X4,3.0105793024571135,8.677997291088104,0.970949113368988,3.126817226409912,0.4855515956878662,3.9148266315460205,0.17985272407531738,21.582086503505707,0.970949113368988,3.9148266315460205,15.312382698059082,1.7715229988098145,3.5210256576538086,48750,3120000,62400,3231150
13,3,X4,-3.75587088796266,5.0440787225961685,0.9709914326667786,0.2971119284629822,0.2047494351863861,3.328221321105957,0.24300460517406464,3.6536864012479784,0.9709914326667786,3.328221321105957,1.1809778213500977,1.3643741607666016,0.24849186837673187,48750,3120000,62400,3231150
13,4,X2,0.2304173020144482,4.436167139559984,0.9705855846405029,0.028198201209306717,0.16643722355365753,3.0656511783599854,0.20529495179653168,2.206604298949242,0.9705855846405029,3.0656511783599854,0.0833480954170227,1.1121810674667358,0.20382778346538544,48750,3120000,62400,3231150
13,5,X1,-4.233353219475617,4.1252162754535675,0.970594584941864,0.020455196499824524,0.14207538962364197,2.8261356353759766,0.16595546901226044,1.9724493570625783,0.970594584941864,2.8261356353759766,0.01587364450097084,1.02892005443573,0.16830961406230927,48750,3120000,62400,3231150
13,6,X5,4.4605690830654545,3.6207723058760166,0.9706202149391174,0.018020842224359512,0.11953321844339371,2.4078457355499268,0.10475229471921921,1.8343046478927136,0.9706202149391174,2.4078457355499268,0.01500985398888588,1.0269298553466797,0.11667174845933914,48750,3120000,62400,3231150
13,7,X1,-1.032141795296182,3.4162206295877695,0.9706308841705322,0.01713242568075657,0.11664322763681412,2.2300546169281006,0.08175947517156601,1.5388601046055554,0.9706308841705322,2.2300546169281006,0.013465417549014091,0.7919906377792358,0.09326694905757904,48750,3120000,62400,3231150
13,8,X4,-0.9391841902394997,3.237144734710455,0.9707539081573486,0.016211438924074173,0.11456485092639923,2.0708916187286377,0.06472291797399521,1.7262090753763915,0.9707539081573486,2.0708916187286377,0.013702226802706718,1.0363242626190186,0.06785348057746887,48750,3120000,62400,3231150
13,9,X1,-1.0641107833767762,2.948205173946917,0.9708988070487976,0.014753126539289951,0.11107847094535828,1.8041352033615112,0.04733956605195999,1.5198069671168923,0.9708988070487976,1.8041352033615112,0.013895095326006413,0.8919089436531067,0.05899612605571747,48750,3120000,62400,3231150
13,10,X3,-0.5161066974956006,2.8320355946198106,0.9705811738967896,0.014163442887365818,0.11026709526777267,1.6940301656723022,0.04299371689558029,1.4046605890616775,0.9705811738967896,1.6940301656723022,0.012369937263429165,0.7987509965896606,0.06061738729476929,48750,3120000,62400,3231150
13,11,X2,0.7241880194164709,2.7310087587684393,0.9705884456634521,0.013687590137124062,0.10995454341173172,1.597000002861023,0.039778176695108414,1.3697564991191031,0.9705884456634521,1.597000002861023,0.013152227737009525,0.7831475734710693,0.059939008206129074,48750,3120000,62400,3231150
13,12,X4,3.818900857353629,2.565198420546949,0.9706879258155823,0.012928872369229794,0.1098700761795044,1.4369802474975586,0.03473129868507385,1.2218638483434916,0.9706879258155823,1.4369802474975586,0.012379983440041542,0.6709222197532654,0.05702801048755646,48750,3120000,62400,3231150
13,13,X4,0.741623424646674,2.497877264395356,0.9707362651824951,0.012598274275660515,0.11015606671571732,1.371963381767273,0.03242327645421028,1.2318924678489567,0.9707362651824951,1.371963381767273,0.010671171359717846,0.6913086771965027,0.06137268990278244,48750,3120000,62400,3231150
13,14,X5,-4.942196616878302,2.439202731475234,0.9708327054977417,0.012327857315540314,0.1100856214761734,1.3156766891479492,0.0302798580378294,1.2890830753371119,0.9708327054977417,1.3156766891479492,0.011345143429934978,0.7552547454833984,0.06518130749464035,48750,3120000,62400,3231150
13,15,X5,3.2472456974841375,2.3451174963265657,0.9707003831863403,0.011983288452029228,0.11012496799230576,1.2258721590042114,0.026436697691679,1.1418496897444128,0.9707003831863403,1.2258721590042114,0.009849726222455502,0.6370028257369995,0.055682629346847534,48750,3120000,62400,3231150
13,16,X3,1.4701550775899292,2.308495070785284,0.9707272052764893,0.011854605749249458,0.11006388813257217,1.1910383701324463,0.024811001494526863,1.1279555218294264,0.9707272052764893,1.1910383701324463,0.009849407710134983,0.629061222076416,0.05669177696108818,48750,3120000,62400,3231150
13,17,X3,-2.029532772132876,2.2776136407628655,0.9707688689231873,0.01174881961196661,0.10997878760099411,1.1617555618286133,0.023361602798104286,1.0163698572665454,0.9707688689231873,1.1617555618286133,0.00997166894376278,0.525337815284729,0.054555486887693405,48750,3120000,62400,3231150
13,18,X3,2.411324473669664,2.2288098614662886,0.9705818295478821,0.011615928262472153,0.10865453630685806,1.1171787977218628,0.020778769627213478,1.1774987883865833,0.9705818295478821,1.1171787977218628,0.010102752596139908,0.6867362260818481,0.0631076842546463,48750,3120000,62400,3231150
13,19,X2,3.248313389236202,2.210648847743869,0.9705849289894104,0.011576162651181221,0.1081451028585434,1.1007013320922852,0.019641321152448654,1.0766906389966606,0.9705849289894104,1.1007013320922852,0.01125106681138277,0.5960628390312195,0.055119480937719345,48750,3120000,62400,3231150
13,20,X4,2.803252947017379,2.1950753647834063,0.9705935120582581,0.011544942855834961,0.10721937566995621,1.0871257781982422,0.018591756001114845,1.18449890781194,0.9705935120582581,1.0871257781982422,0.010294211097061634,0.7103483080863953,0.05231253057718277,48750,3120000,62400,3231150
13,21,X5,-0.1415673516043583,2.1713974718004465,0.9706047177314758,0.01150672696530819,0.10574783384799957,1.0667579174041748,0.016780275851488113,1.035414985753596,0.9706047177314758,1.0667579174041748,0.010182277299463749,0.5664506554603577,0.05130952596664429,48750,3120000,62400,3231150
13,22,X5,-4.860184467440246,2.1626592548564076,0.9705808162689209,0.011488155461847782,0.10519284009933472,1.0593652725219727,0.01603217050433159,1.0489627106115222,0.9705808162689209,1.0593652725219727,0.009916557930409908,0.5849368572235107,0.048120077699422836,48750,3120000,62400,3231150
13,23,X2,-2.8000006698685063,2.1550072710961103,0.9705821871757507,0.011475169099867344,0.10397350043058395,1.0535807609558105,0.015395653434097767,0.8221499409526587,0.9705821871757507,1.0535807609558105,0.010632993653416634,0.3539283573627472,0.05275600031018257,48750,3120000,62400,3231150
13,24,X1,0.8675280056478121,2.145813005976379,0.9706100225448608,0.011451467871665955,0.10398194938898087,1.0453977584838867,0.014371807686984539,0.7664933655411006,0.9706100225448608,1.0453977584838867,0.010459305718541145,0.29971811175346375,0.0531143918633461,48750,3120000,62400,3231150
14,0,X1,4.747109838283368,12.315268397331238,0.9706031084060669,3.8673348426818848,2.1997475624084473,4.611592769622803,0.6659901142120361,27.3452876329422,0.9706031084060669,4.611592769622803,17.951152801513672,5.966560363769531,2.3111352920532227,48750,3120000,62400,3231150
14,1,X1,4.932452276045975,8.6375213265419,0.9706031084060669,1.859621524810791,1.2341253757476807,4.2323455810546875,0.34082573652267456,20.43241732120514,0.9706031084060669,4.2323455810546875,10.860865592956543,5.7730021476745605,2.7579598426818848,48750,3120000,62400,3231150
14,2,X2,-3.3871060416830945,6.555038124322891,0.9779275059700012,0.9372028112411499,0.5809058547019958,3.8825714588165283,0.17643049359321594,12.856922161579131,0.9779275059700012,3.8825714588165283,7.63530158996582,1.4233615398406982,2.8261592388153076,48750,3120000,62400,3231150
14,3,X3,-0.9259815420403203,5.056170202791691,0.9813222289085388,0.09956155717372894,0.6057686805725098,3.2826435565948486,0.08687417954206467,3.163084387779236,0.9813222289085388,3.2826435565948486,0.36063796281814575,1.0157768726348877,0.9338763952255249,48750,3120000,62400,3231150
14,4,X5,-4.8260447804097515,4.625320382416248,0.9763792157173157,0.029018737375736237,0.5298531651496887,3.027557611465454,0.06251165270805359,2.189397519826889,0.9763792157173157,3.027557611465454,0.15161393582820892,1.1226338148117065,0.11436240375041962,48750,3120000,62400,3231150
14,5,X1,4.906064579202129,4.308175163343549,0.9755923748016357,0.015290437266230583,0.47520768642425537,2.795292377471924,0.04679228737950325,2.0653365425765515,0.9755923748016357,2.795292377471924,0.05149977281689644,1.1652638912200928,0.09439592808485031,48750,3120000,62400,3231150
14,6,X5,2.728578183671332,3.786385907791555,0.9707326889038086,0.01309692021459341,0.37742993235588074,2.3981850147247314,0.02694135159254074,2.189544316381216,0.9707326889038086,2.3981850147247314,0.023509297519922256,1.374956488609314,0.11729498952627182,48750,3120000,62400,3231150
14,7,X2,0.1503934719169724,3.5832391614094377,0.9707933068275452,0.012829666025936604,0.3505861163139343,2.2264516353607178,0.022578436881303787,2.261598204448819,0.9707933068275452,2.2264516353607178,0.016968848183751106,1.4487590789794922,0.15642128884792328,48750,3120000,62400,3231150
14,8,X1,-2.382665768775105,3.4749317122623324,0.9707966446876526,0.013072413392364979,0.4004870653152466,2.0711143016815186,0.019461287185549736,2.1814498571678995,0.9707966446876526,2.0711143016815186,0.011952507309615612,1.4133740663528442,0.14774109423160553,48750,3120000,62400,3231150
14,9,X2,1.7238057766776276,3.1470318511128426,0.9706315994262695,0.012547452002763748,0.34264546632766724,1.8055349588394165,0.01567237451672554,2.267057722248137,0.9706315994262695,1.8055349588394165,0.012405731715261936,1.498697280883789,0.2007213979959488,48750,3120000,62400,3231150
14,10,X4,-2.431521775391927,3.0185791682451963,0.9706553816795349,0.01243201270699501,0.3252268433570862,1.6956472396850586,0.014617690816521645,2.0134988240897655,0.9706553816795349,1.6956472396850586,0.011024083942174911,1.3597661256790161,0.10944809019565582,48750,3120000,62400,3231150
14,11,X2,-3.393817317658373,2.91084844712168,0.970695972442627,0.012331060133874416,0.3147355914115906,1.5992234945297241,0.013862328603863716,1.9231708517298103,0.970695972442627,1.5992234945297241,0.011503293178975582,1.2734942436218262,0.12418942153453827,48750,3120000,62400,3231150
14,12,X2,-0.5771154470868813,2.7222088146954775,0.9734908938407898,0.012118896469473839,0.28278034925460815,1.4410650730133057,0.012753602117300034,1.8574253391474485,0.9734908938407898,1.4410650730133057,0.011610349640250206,1.265645980834961,0.0972578153014183,48750,3120000,62400,3231150
14,13,X5,-0.8574548425531354,2.641461090184748,0.9716817736625671,0.012062551453709602,0.2692103683948517,1.3761104345321655,0.01239596214145422,1.6738527115434407,0.9716817736625671,1.3761104345321655,0.011495059356093407,1.1145591735839844,0.0782400369644165,48750,3120000,62400,3231150
14,14,X4,4.92285473784084,2.571275976486504,0.9713360667228699,0.01198247354477644,0.256258487701416,1.320069432258606,0.011629516258835793,1.7432321505621076,0.9713360667228699,1.320069432258606,0.012271975167095661,1.1568207740783691,0.1158583015203476,48750,3120000,62400,3231150
14,15,X3,-2.938740010976609,2.455428314395249,0.9712414741516113,0.011879600584506989,0.2299347221851349,1.2318729162216187,0.010499601252377033,1.7271214954555034,0.9712414741516113,1.2318729162216187,0.011260267347097397,1.1815050840377808,0.09373326599597931,48750,3120000,62400,3231150
14,16,X4,3.2585781058639025,2.4026361852884293,0.9714757204055786,0.01183957140892744,0.2109934240579605,1.1981340646743774,0.010193404741585255,1.6445156201720237,0.9714757204055786,1.1981340646743774,0.010264299809932709,1.1213408708572388,0.07898849248886108,48750,3120000,62400,3231150
14,17,X2,-4.800515003526344,2.3590537384152412,0.9714152812957764,0.01181537564843893,0.19631963968276978,1.1694653034210205,0.01003813836723566,1.6630384901538493,0.9714152812957764,1.1694653034210205,0.009939485229551792,1.1406179666519165,0.08430492132902145,48750,3120000,62400,3231150
14,18,X2,-1.456673383374869,2.2900588531047106,0.9706302285194397,0.011782913468778133,0.17381754517555237,1.1238905191421509,0.009937646798789501,1.6184147257357835,0.9706302285194397,1.1238905191421509,0.010432006791234016,1.1140756607055664,0.07500290870666504,48750,3120000,62400,3231150
14,19,X4,-4.670469828631746,2.2657403610646725,0.9706194996833801,0.011766481213271618,0.16633805632591248,1.1062819957733154,0.01073432806879282,1.5113665852695704,0.9706194996833801,1.1062819957733154,0.010037297382950783,1.0047904253005981,0.08115856349468231,48750,3120000,62400,3231150
14,20,X1,-2.9767540572465623,2.2457572603598237,0.9706212878227234,0.011776174418628216,0.16146233677864075,1.0920039415359497,0.009893519803881645,1.6909441055729986,0.9706212878227234,1.0920039415359497,0.01127288956195116,1.2259145975112915,0.04123157262802124,48750,3120000,62400,3231150
14,21,X5,2.4826793338285125,2.21320984326303,0.970597505569458,0.011745027266442776,0.15070654451847076,1.0705485343933105,0.009612231515347958,1.428674769960344,0.970597505569458,1.0705485343933105,0.01053601037710905,0.9893186688423157,0.020590882748365402,48750,3120000,62400,3231150
14,22,X1,3.7773109660859134,2.2143406057730317,0.9705983400344849,0.011741889640688896,0.1597466766834259,1.0626277923583984,0.009625907056033611,1.4808214550837875,0.9705983400344849,1.0626277923583984,0.010222400538623333,1.0421855449676514,0.02176828309893608,48750,3120000,62400,3231150
14,23,X1,3.6690030177524395,2.216389548033476,0.970598578453064,0.011741815134882927,0.16817738115787506,1.0562331676483154,0.009638605639338493,1.2916532747447491,0.970598578453064,1.0562331676483154,0.010511841624975204,0.8573707938194275,0.018404290080070496,48750,3120000,62400,3231150
14,24,X2,4.680705065016747,2.2042848505079746,0.970596432685852,0.011734798550605774,0.1651836484670639,1.0471655130386353,0.009604457765817642,1.1509531097486616,0.970596432685852,1.0471655130386353,0.009637071751058102,0.7144925594329834,0.023271089419722557,48750,3120000,62400,3231150
15,0,X2,4.728370930703221,11.812145859003067,0.9705958962440491,4.800541400909424,1.110449194908142,4.611079692840576,0.31947967410087585,32.00535508394241,0.9705958962440491,4.611079692840576,23.29314613342285,6.409188747406006,1.1866850852966309,48750,3120000,62400,3231150
15,1,X1,0.6243034657381301,10.033025234937668,0.9705958366394043,3.864183187484741,0.6848176121711731,4.255633354187012,0.2577952444553375,29.929130387306213,0.9705958366394043,4.255633354187012,20.39124298095703,6.512215614318848,1.9804259538650513,48750,3120000,62400,3231150
15,2,X5,-1.2087551789730555,8.087628602981567,0.9710531234741211,2.247502088546753,0.7851052284240723,3.929368257522583,0.15459990501403809,17.800236082077028,0.9710531234741211,3.929368257522583,9.553354263305664,5.140830039978027,2.125967502593994,48750,3120000,62400,3231150
15,3,X1,-3.0003796127485884,5.675283662974834,0.9745526313781738,0.31855663657188416,0.9645137190818787,3.3545448780059814,0.06311579793691635,6.902451682090759,0.9745526313781738,3.3545448780059814,1.3779488801956177,3.490572690963745,1.1681106090545654,48750,3120000,62400,3231150
15,4,X1,4.131745341771483,5.034708149731159,0.9747846722602844,0.08303069323301315,0.8290073871612549,3.099348306655884,0.04853709042072296,4.875853418558836,0.9747846722602844,3.099348306655884,0.045440565794706345,3.0112736225128174,1.0043126344680786,48750,3120000,62400,3231150
15,5,X5,2.74143516381835,4.586230888962746,0.9799985289573669,0.03815773129463196,0.6634261012077332,2.865865468978882,0.038783058524131775,4.564005643874407,0.9799985289573669,2.865865468978882,0.027421195060014725,2.932915210723877,0.8344964385032654,48750,3120000,62400,3231150
15,6,X1,-0.22677613201210622,3.9249336160719395,0.9775155782699585,0.018454300239682198,0.44794872403144836,2.456254005432129,0.024761008098721504,2.988563736155629,0.9775155782699585,2.456254005432129,0.015038745477795601,2.1379647254943848,0.1488063484430313,48750,3120000,62400,3231150
15,7,X4,-0.3495436076507632,3.6715131998062134,0.9792681932449341,0.01710212603211403,0.37683820724487305,2.277695894241333,0.020608779042959213,2.9505155673250556,0.9792681932449341,2.277695894241333,0.014760403893887997,2.0292935371398926,0.2550688087940216,48750,3120000,62400,3231150
15,8,X3,-3.851904168157445,3.452348968014121,0.980935275554657,0.016546960920095444,0.3162553012371063,2.120530366897583,0.0180810634046793,3.063479238376021,0.980935275554657,2.120530366897583,0.01730901561677456,2.141258955001831,0.2846181392669678,48750,3120000,62400,3231150
15,9,X4,1.9934999745658164,3.0714922547340393,0.9783065915107727,0.015571598894894123,0.20754754543304443,1.854812502861023,0.015254016034305096,3.202256965264678,0.9783065915107727,1.854812502861023,0.01877870224416256,2.4022717475891113,0.21458269655704498,48750,3120000,62400,3231150
15,10,X2,-2.727243559574294,2.9222636045888066,0.9777082800865173,0.01537204161286354,0.17175665497779846,1.7433134317398071,0.014113196171820164,2.4796546038240193,0.9777082800865173,1.7433134317398071,0.016624530777335167,1.6806715726852417,0.23815415799617767,48750,3120000,62400,3231150
15,11,X2,-4.309744564223107,2.7932994766160846,0.9768639206886292,0.015188390389084816,0.14424456655979156,1.6438137292861938,0.013188869692385197,2.6148806996643543,0.9768639206886292,1.6438137292861938,0.017390180379152298,1.8174117803573608,0.2559432089328766,48750,3120000,62400,3231150
15,12,X3,3.329628495992191,2.5811204044148326,0.9747382998466492,0.014669256284832954,0.10277389734983444,1.476787805557251,0.012151145376265049,2.5942400194704534,0.9747382998466492,1.476787805557251,0.016948390752077103,1.8431010246276855,0.24388538300991058,48750,3120000,62400,3231150
15,13,X2,4.321128504313251,2.5009282380342484,0.9749293923377991,0.014519194141030312,0.09252958744764328,1.4071738719940186,0.011776192113757133,2.841778601333499,0.9749293923377991,1.4071738719940186,0.01904888264834881,2.052037000656128,0.2942720651626587,48750,3120000,62400,3231150
15,14,X3,-0.917809750254273,2.4285260224714875,0.9749537706375122,0.014344660565257072,0.08084332942962646,1.346877932548523,0.011506329290568829,3.127349318563938,0.9749537706375122,1.346877932548523,0.016428329050540924,2.365234851837158,0.281319797039032,48750,3120000,62400,3231150
15,15,X4,-4.595545450340584,2.314509362913668,0.973990261554718,0.013913863338530064,0.059150293469429016,1.2502464056015015,0.017208538949489594,3.0361651081591843,0.973990261554718,1.2502464056015015,0.017686309292912483,2.308375597000122,0.265255868434906,48750,3120000,62400,3231150
15,16,X5,-1.5706749166245917,2.2677874146029353,0.9744722247123718,0.013718928210437298,0.050676021724939346,1.2124043703079224,0.01651586964726448,3.3790065057575704,0.9744722247123718,1.2124043703079224,0.017523903399705887,2.691596031188965,0.2325112521648407,48750,3120000,62400,3231150
15,17,X1,4.307936502950154,2.2310664895921946,0.9744424819946289,0.013627724722027779,0.04666242375969887,1.1805102825164795,0.015823576599359512,3.3356596598401667,0.9744424819946289,1.1805102825164795,0.01485371682792902,2.632309913635254,0.25750547647476196,48750,3120000,62400,3231150
15,18,X3,2.335787865358217,2.171834534034133,0.973189651966095,0.01334075815975666,0.038693755865097046,1.131919026374817,0.014691341668367386,3.3409140188246966,0.973189651966095,1.131919026374817,0.015535430982708931,2.701213836669922,0.20314301550388336,48750,3120000,62400,3231150
15,19,X2,1.3311054516275274,2.1508211474865675,0.9727657437324524,0.01324394065886736,0.0369173064827919,1.1136739253997803,0.014220231212675571,3.3151842851191757,0.9727657437324524,1.1136739253997803,0.017696144059300423,2.6410253047943115,0.23917490243911743,48750,3120000,62400,3231150
15,20,X2,-4.702730530997032,2.1341516682878137,0.9726025462150574,0.01315776165574789,0.036107562482357025,1.09849214553833,0.013791652396321297,3.340818364545703,0.9726025462150574,1.09849214553833,0.016583813354372978,2.6916282176971436,0.2183873951435089,48750,3120000,62400,3231150
15,21,X3,-4.284579789800812,2.106192977167666,0.9720030426979065,0.012942838482558727,0.03262881189584732,1.075560450553894,0.013057833537459373,3.1064691431820393,0.9720030426979065,1.075560450553894,0.013346273452043533,2.4931840896606445,0.1904260814189911,48750,3120000,62400,3231150
15,22,X5,4.265882958530575,2.0960560850799084,0.9718413352966309,0.01285419799387455,0.0315576046705246,1.0670584440231323,0.01274450309574604,2.9516329826787113,0.9718413352966309,1.0670584440231323,0.015535634942352772,2.3168065547943115,0.21151083707809448,48750,3120000,62400,3231150
15,23,X5,0.5095369498010749,2.087876538746059,0.9719507098197937,0.012764169834554195,0.03057745099067688,1.0601286888122559,0.012455519288778305,2.8933948893100023,0.9719507098197937,1.0601286888122559,0.014074685052037239,2.2610557079315186,0.21184861660003662,48750,3120000,62400,3231150
15,24,X5,-1.272710187086222,2.0748185077682137,0.9716221690177917,0.01259334571659565,0.028561297804117203,1.050081729888916,0.011959965340793133,2.6058015752583743,0.9716221690177917,1.050081729888916,0.014890911057591438,1.9996987581253052,0.18687112629413605,48750,3120000,62400,3231150
16,0,X2,-3.486908368955951,14.037059515714645,0.9806501865386963,5.486783981323242,2.690864324569702,4.610919952392578,0.26784107089042664,33.348676919937134,0.9806501865386963,4.610919952392578,24.434722900390625,6.532370090484619,1.2632699012756348,48750,3120000,62400,3231150
16,1,X2,0.9562897491380049,13.34126664698124,0.9967985153198242,5.486783981323242,2.3918330669403076,4.256720066070557,0.20913101732730865,32.331413698196414,0.9967985153198242,4.256720066070557,25.311372756958008,3.5709502696990967,2.3983869552612305,48750,3120000,62400,3231150
16,2,X3,1.0754275896906282,11.57287509739399,0.9992088675498962,3.5549333095550537,2.942472219467163,3.923550605773926,0.15271009504795074,22.597756612300874,0.9992088675498962,3.923550605773926,15.551024436950684,3.1015608310699463,2.9606194496154785,48750,3120000,62400,3231150
16,3,X5,-2.038703314332755,5.188721939921379,0.9769981503486633,0.19612278044223785,0.592846691608429,3.347027063369751,0.07572725415229797,5.8941919803619385,0.9769981503486633,3.347027063369751,0.9821317195892334,0.7435135245323181,3.303741693496704,48750,3120000,62400,3231150
16,4,X2,-4.496992282235842,4.668649651110172,0.9733978509902954,0.024166405200958252,0.5016821026802063,3.0958290100097656,0.07357428222894669,5.062760806083679,0.9733978509902954,3.0958290100097656,0.09557837247848511,0.6610103249549866,3.4923267364501953,48750,3120000,62400,3231150
16,5,X4,-3.148806060655218,4.277982623316348,0.9716863036155701,0.015514285303652287,0.32836419343948364,2.865081787109375,0.0973360538482666,1.576513694226742,0.9716863036155701,2.865081787109375,0.038744278252124786,0.7034470438957214,0.06696875393390656,48750,3120000,62400,3231150
16,6,X2,-3.8836698537319894,3.7303974628448486,0.9706292152404785,0.0132584348320961,0.21073351800441742,2.4685633182525635,0.06721297651529312,1.5523011971265077,0.9706292152404785,2.4685633182525635,0.021064868196845055,0.8006222248077393,0.04277559742331505,48750,3120000,62400,3231150
16,7,X4,-2.489031558837802,3.5347280325368047,0.9706112742424011,0.013041594065725803,0.18896722793579102,2.30074405670166,0.06136387959122658,1.5402823649346828,0.9706112742424011,2.30074405670166,0.019276287406682968,0.8233689665794373,0.043366044759750366,48750,3120000,62400,3231150
16,8,X3,2.601894021543637,3.365396587178111,0.9705812335014343,0.013034237548708916,0.17456190288066864,2.1490767002105713,0.058142513036727905,1.4734395779669285,0.9705812335014343,2.1490767002105713,0.01831318438053131,0.7867422699928284,0.04445253685116768,48750,3120000,62400,3231150
16,9,X5,-1.8948572696875132,3.0717613073065877,0.9706593155860901,0.012920801527798176,0.1503446400165558,1.8847131729125977,0.05312337726354599,1.4755592428147792,0.9706593155860901,1.8847131729125977,0.016482695937156677,0.848127007484436,0.03987504169344902,48750,3120000,62400,3231150
16,10,X2,2.6803958835251613,2.9484488740563393,0.9706252217292786,0.012886494398117065,0.14225424826145172,1.7716768980026245,0.0510060116648674,1.3789603002369404,0.9706252217292786,1.7716768980026245,0.01917281374335289,0.7711123824119568,0.04021468013525009,48750,3120000,62400,3231150
16,11,X1,2.2567687663716267,2.838058315217495,0.9706124067306519,0.01275603100657463,0.13464385271072388,1.670939564704895,0.04910646006464958,1.3179693784564734,0.9706124067306519,1.670939564704895,0.01684989221394062,0.7295342087745667,0.043274883180856705,48750,3120000,62400,3231150
16,12,X3,1.9249484077093326,2.651530934497714,0.9705960154533386,0.012683557346463203,0.12091288715600967,1.5022684335708618,0.045070040971040726,1.2952472165226938,0.9705960154533386,1.5022684335708618,0.01729574054479599,0.7445281147956848,0.03885047137737274,48750,3120000,62400,3231150
16,13,X2,-1.6176662071838264,2.5729008642956614,0.9707885384559631,0.012624616734683514,0.11433691531419754,1.4322376251220703,0.04291316866874695,1.0960372669622302,0.9707885384559631,1.4322376251220703,0.014739385806024075,0.5655416250228882,0.03515102341771126,48750,3120000,62400,3231150
16,14,X1,1.0189622371332954,2.5044246949255466,0.9708420634269714,0.012579955160617828,0.10931263864040375,1.3709847927093506,0.04070524498820305,1.076335672289133,0.9708420634269714,1.3709847927093506,0.013651762157678604,0.5558847784996033,0.03843376040458679,48750,3120000,62400,3231150
16,15,X4,-0.5860156796823981,2.390529526397586,0.9707711935043335,0.012504244223237038,0.09961706399917603,1.2714935541152954,0.0361434705555439,0.9634846867993474,0.9707711935043335,1.2714935541152954,0.015529082156717777,0.4667261838912964,0.032776471227407455,48750,3120000,62400,3231150
16,16,X2,3.1290448354508076,2.3447621539235115,0.9706087708473206,0.012454912066459656,0.09594658017158508,1.2319996356964111,0.03375225514173508,0.8767746822908521,0.9706087708473206,1.2319996356964111,0.015140526928007603,0.39157339930534363,0.0295390747487545,48750,3120000,62400,3231150
16,17,X4,2.1398181895297306,2.304800753481686,0.9706488251686096,0.012384467758238316,0.09204365313053131,1.1981854438781738,0.03153836354613304,0.8186897475272417,0.9706488251686096,1.1981854438781738,0.014593277126550674,0.33947858214378357,0.030851034447550774,48750,3120000,62400,3231150
16,18,X5,-1.2220849456823402,2.2404126534238458,0.9706318974494934,0.012322383932769299,0.08586643636226654,1.1444035768508911,0.027188358828425407,0.7095473479479552,0.9706318974494934,1.1444035768508911,0.014366045594215393,0.24571828544139862,0.026455922052264214,48750,3120000,62400,3231150
16,19,X3,0.8100139883358075,2.2148441281169653,0.9705901145935059,0.012252109125256538,0.08346036076545715,1.1234214305877686,0.025120113044977188,0.6720561489462853,0.9705901145935059,1.1234214305877686,0.01252175122499466,0.21083882451057434,0.029893264174461365,48750,3120000,62400,3231150
16,20,X1,-2.252334846244435,2.194064169190824,0.9705892205238342,0.01221740897744894,0.08202008157968521,1.1059370040893555,0.023300454020500183,0.6192953234538436,0.9705892205238342,1.1059370040893555,0.013302966021001339,0.1632528156042099,0.027434296905994415,48750,3120000,62400,3231150
16,21,X4,1.0687953894561915,2.161379110068083,0.9705900549888611,0.012104406952857971,0.07879823446273804,1.0797234773635864,0.02016293630003929,0.5862821707502008,0.9705900549888611,1.0797234773635864,0.011263585649430752,0.13709913194179535,0.027856746688485146,48750,3120000,62400,3231150
16,22,X4,-2.469505892907268,2.1493934066966176,0.9705942869186401,0.012054095976054668,0.0776350125670433,1.070159673690796,0.018950337544083595,0.5859252568334341,0.9705942869186401,1.070159673690796,0.011450480669736862,0.13599742949008942,0.03032655455172062,48750,3120000,62400,3231150
16,23,X5,3.2042697871632555,2.1392304627224803,0.9705830216407776,0.012017828412353992,0.07636608183383942,1.062311053276062,0.01795247755944729,0.5640590455383063,0.9705830216407776,1.062311053276062,0.01215941272675991,0.1199638769030571,0.025356940925121307,48750,3120000,62400,3231150
16,24,X1,-0.055407558211548746,2.124924493022263,0.9705844521522522,0.011938880197703838,0.07495272904634476,1.0510836839675903,0.016364747658371925,0.5603943759575486,0.9705844521522522,1.0510836839675903,0.010930833406746387,0.12281224131584167,0.02231767401099205,48750,3120000,62400,3231150
17,0,X1,0.7762104400311518,12.91780948638916,0.9706031084060669,5.007742404937744,1.9243617057800293,4.611109256744385,0.40399301052093506,27.208024728298188,0.9706031084060669,4.611109256744385,21.526859283447266,3.820855140686035,0.7439678311347961,48750,3120000,62400,3231150
17,1,X3,2.7781666629081787,10.426670596003532,0.9723222255706787,4.017035007476807,0.9778886437416077,4.2547712326049805,0.20465348660945892,20.882310342788696,0.9723222255706787,4.2547712326049805,14.367172241210938,3.4529805183410645,2.0167388916015625,48750,3120000,62400,3231150
17,2,X2,-4.706947611264192,8.859091117978096,0.9706297516822815,3.007981061935425,0.8151144981384277,3.9246294498443604,0.14073635637760162,14.02793515920639,0.9706297516822815,3.9246294498443604,9.935833930969238,0.7616125345230103,2.3514368534088135,48750,3120000,62400,3231150
17,3,X4,-4.628240623575643,5.80407489836216,0.9711986780166626,0.8573527932167053,0.44963881373405457,3.3416216373443604,0.1842629760503769,4.174719250202179,0.9711986780166626,3.3416216373443604,1.7336673736572266,1.0691815614700317,0.5093062520027161,48750,3120000,62400,3231150
17,4,X5,4.3646381242804235,4.864138230681419,0.971479058265686,0.26146575808525085,0.3873369097709656,3.087355375289917,0.15650112926959991,2.8773508757352833,0.971479058265686,3.087355375289917,0.18465469777584076,1.221036672592163,0.6598926186561584,48750,3120000,62400,3231150
17,5,X1,0.592550943957936,4.411460019648075,0.9715037941932678,0.09916230291128159,0.36157363653182983,2.8541781902313232,0.12504209578037262,2.937505102157593,0.9715037941932678,2.8541781902313232,0.1587734818458557,1.390788197517395,0.6228070259094238,48750,3120000,62400,3231150
17,6,X4,-0.1271649593475166,3.844172291457653,0.9707379341125488,0.07625719904899597,0.2772935926914215,2.4480347633361816,0.0718488022685051,2.8995422184467317,0.9707379341125488,2.4480347633361816,0.3193801939487457,1.4301902055740356,0.4662172794342041,48750,3120000,62400,3231150
17,7,X1,1.005229819137643,3.6120163947343826,0.970729649066925,0.06590648740530014,0.2454814612865448,2.271914482116699,0.05798431485891342,2.832770121097565,0.970729649066925,2.271914482116699,0.23018139600753784,1.4532965421676636,0.5007633566856384,48750,3120000,62400,3231150
17,8,X5,0.07200483778297162,3.410643868148327,0.970611035823822,0.0566084124147892,0.21874403953552246,2.11531925201416,0.049361128360033035,2.7263299405574797,0.970611035823822,2.11531925201416,0.21166136860847473,1.421722650527954,0.4757598638534546,48750,3120000,62400,3231150
17,9,X1,1.236806700696933,3.081608187407255,0.9715624451637268,0.04154258221387863,0.178710475564003,1.8508503437042236,0.03894234076142311,2.1550915122032164,0.9715624451637268,1.8508503437042236,0.13398537039756775,1.0633119344711304,0.39331164956092834,48750,3120000,62400,3231150
17,10,X1,-3.0560492417922114,3.0043032951653004,0.9715117812156677,0.03578497841954231,0.22226160764694214,1.739312767982483,0.03543215990066528,1.8734011083841324,0.9715117812156677,1.739312767982483,0.11461110413074493,0.8191465139389038,0.3974785804748535,48750,3120000,62400,3231150
17,11,X4,2.9861009470912148,2.8651963844895363,0.9709171652793884,0.0309152752161026,0.19042137265205383,1.6402531862258911,0.03268938511610031,1.7623442739248276,0.9709171652793884,1.6402531862258911,0.0871664434671402,0.7358874082565308,0.4170563519001007,48750,3120000,62400,3231150
17,12,X3,-0.11481258081914003,2.6537347957491875,0.9715018272399902,0.02320307306945324,0.15525519847869873,1.4762194156646729,0.027555281296372414,1.5518328234553338,0.9715018272399902,1.4762194156646729,0.0719141885638237,0.6298090815544128,0.36056530475616455,48750,3120000,62400,3231150
17,13,X4,3.7521399481209894,2.5710912086069584,0.9714994430541992,0.020363908261060715,0.14480799436569214,1.4090930223464966,0.025326840579509735,1.4811926551163197,0.9714994430541992,1.4090930223464966,0.04671226814389229,0.5678221583366394,0.3905397355556488,48750,3120000,62400,3231150
17,14,X1,4.634611354698759,2.515619730576873,0.9714998006820679,0.015886079519987106,0.15335607528686523,1.351135492324829,0.023742282763123512,1.429874893464148,0.9714998006820679,1.351135492324829,0.011569865979254246,0.5067108869552612,0.4470670819282532,48750,3120000,62400,3231150
17,15,X1,-3.5366532583690824,2.4000715408474207,0.9712732434272766,0.012938305735588074,0.13897061347961426,1.2554891109466553,0.021400267258286476,1.2965624783188106,0.9712732434272766,1.2554891109466553,0.010504493489861488,0.4657289385795593,0.37497657537460327,48750,3120000,62400,3231150
17,16,X3,2.408643280298567,2.3550886642187834,0.9712152481079102,0.012483416125178337,0.13430199027061462,1.2166091203689575,0.02047888934612274,1.2441236801445483,0.9712152481079102,1.2166091203689575,0.00983484461903572,0.43801820278167725,0.3587057590484619,48750,3120000,62400,3231150
17,17,X3,-0.8342046685669011,2.3171784672886133,0.9714687466621399,0.0121973417699337,0.1301783323287964,1.1835848093032837,0.019749237224459648,1.186489847674966,0.9714687466621399,1.1835848093032837,0.009667912498116493,0.3974248170852661,0.34838640689849854,48750,3120000,62400,3231150
17,18,X5,4.320997584076476,2.2535416008904576,0.9705857038497925,0.01192470546811819,0.1203514114022255,1.1321879625320435,0.018491817638278008,1.193256300315261,0.9705857038497925,1.1321879625320435,0.009447639808058739,0.41234612464904785,0.3509078025817871,48750,3120000,62400,3231150
17,19,X1,-3.7515374632442224,2.229269837960601,0.9705904722213745,0.011835267767310143,0.11602213233709335,1.1128522157669067,0.017969749867916107,1.2092032548040152,0.9705904722213745,1.1128522157669067,0.010276531800627708,0.40745076537132263,0.37478742003440857,48750,3120000,62400,3231150
17,20,X1,-2.9495493367359216,2.2112601716071367,0.9705908894538879,0.0117576215416193,0.11455226689577103,1.0968579053878784,0.01750148832798004,1.0880745211616158,0.9705908894538879,1.0968579053878784,0.010395095683634281,0.34870532155036926,0.31548434495925903,48750,3120000,62400,3231150
17,21,X2,-0.559907418002358,2.181192778982222,0.9705831408500671,0.0116960434243083,0.10954175144433975,1.0727880001068115,0.016583843156695366,1.063614196330309,0.9705831408500671,1.0727880001068115,0.011098522692918777,0.3038550019264221,0.3399864435195923,48750,3120000,62400,3231150
17,22,X5,4.027979470837796,2.169257953763008,0.9706056118011475,0.011674357578158379,0.10661225765943527,1.0641452074050903,0.016220519319176674,1.0533855177462101,0.9706056118011475,1.0641452074050903,0.008944276720285416,0.3190721571445465,0.3184189200401306,48750,3120000,62400,3231150
17,23,X3,-2.983438034348034,2.159497544169426,0.970608115196228,0.011660605669021606,0.10411719977855682,1.057232141494751,0.01587948203086853,1.070998981781304,0.970608115196228,1.057232141494751,0.009790834970772266,0.29765409231185913,0.3579860031604767,48750,3120000,62400,3231150
17,24,X3,4.015110578349653,2.1427616849541664,0.9705995917320251,0.01160510629415512,0.09789267182350159,1.0474231243133545,0.015241190791130066,1.0369113771244884,0.9705995917320251,1.0474231243133545,0.010462316684424877,0.31089046597480774,0.3119540512561798,48750,3120000,62400,3231150
18,0,X2,-4.795314900494381,15.067431390285492,0.9804437756538391,6.4009690284729,2.5484678745269775,4.6113080978393555,0.5262426137924194,37.826492834091184,0.9804437756538391,4.6113080978393555,29.360897064208984,6.495955944061279,0.8512894511222839,48750,3120000,62400,3231150
18,1,X2,-0.24851200652523708,14.789633512496948,0.9923309087753296,6.4009690284729,2.779231071472168,4.262129306793213,0.3549731969833374,35.08176748752594,0.9923309087753296,4.262129306793213,29.615617752075195,3.096132516860962,1.3191251754760742,48750,3120000,62400,3231150
18,2,X2,0.9748670883695034,14.883815437555313,0.9959957599639893,6.4009690284729,3.379030704498291,3.920846939086914,0.18697300553321838,35.655215287208556,0.9959957599639893,3.920846939086914,30.400667190551758,2.4723284244537354,1.7988511323928833,48750,3120000,62400,3231150
18,3,X1,0.43792401941763437,8.583143413066864,0.97944575548172,3.2022476196289062,1.0282907485961914,3.299271583557129,0.07388770580291748,19.235250532627106,0.97944575548172,3.299271583557129,15.618576049804688,1.1605592966079712,1.6003717184066772,48750,3120000,62400,3231150
18,4,X2,-1.0921108479401886,5.908475819975138,0.9720016121864319,1.0164116621017456,0.8267830610275269,3.0310213565826416,0.06225812807679176,8.93880761861801,0.9720016121864319,3.0310213565826416,6.027057647705078,0.9476765394210815,1.163468837738037,48750,3120000,62400,3231150
18,5,X4,2.6142896069931485,4.6356465741992,0.9710776805877686,0.20452822744846344,0.6170877814292908,2.789574146270752,0.05337873846292496,4.6805025100708,0.9710776805877686,2.789574146270752,2.267645835876465,0.9683133959770203,0.6924129128456116,48750,3120000,62400,3231150
18,6,X5,-1.6727128905968804,3.726679839193821,0.9705836176872253,0.03863205760717392,0.30235207080841064,2.3778955936431885,0.03721649944782257,2.437775108218193,0.9705836176872253,2.3778955936431885,0.39084669947624207,1.2404662370681763,0.13676632940769196,48750,3120000,62400,3231150
18,7,X3,-0.5008228100696543,3.455408491194248,0.9706997275352478,0.026907674968242645,0.22347043454647064,2.204087257385254,0.030243396759033203,2.4992317497730254,0.9706997275352478,2.204087257385254,0.23053953051567078,1.3548171520233154,0.27891767024993896,48750,3120000,62400,3231150
18,8,X1,-0.09635316834908725,3.225675394758582,0.9707472920417786,0.01942526549100876,0.16295427083969116,2.0487005710601807,0.023847995325922966,2.662175926566124,0.9707472920417786,2.0487005710601807,0.1702059656381607,1.5253865718841553,0.36269381642341614,48750,3120000,62400,3231150
18,9,X3,2.6944270605325293,2.9079927187412977,0.9705867171287537,0.014669634401798248,0.11983616650104523,1.7865639925003052,0.01633620820939541,2.597672252357006,0.9705867171287537,1.7865639925003052,0.11098281294107437,1.6875286102294922,0.24773068726062775,48750,3120000,62400,3231150
18,10,X5,2.7952219626852166,2.7902999445796013,0.9705806970596313,0.014070045202970505,0.11365915089845657,1.6775949001312256,0.014395151287317276,2.5195371985435484,0.9705806970596313,1.6775949001312256,0.07620638608932495,1.6683083772659302,0.24538731575012207,48750,3120000,62400,3231150
18,11,X5,-0.2837423174671798,2.6887235194444656,0.9706119298934937,0.01376271340996027,0.11008438467979431,1.581117033958435,0.013147457502782345,2.4382577300071717,0.9706119298934937,1.581117033958435,0.08240675926208496,1.6191411018371582,0.22636407613754272,48750,3120000,62400,3231150
18,12,X1,-2.022975795964318,2.5237133437767625,0.9707053303718567,0.013507755473256111,0.10452397912740707,1.4231926202774048,0.011783658526837826,2.070393806695938,0.9707053303718567,1.4231926202774048,0.056023240089416504,1.298830270767212,0.2367607057094574,48750,3120000,62400,3231150
18,13,X1,-1.8432184761316064,2.457740120589733,0.9707148671150208,0.013388536870479584,0.1022607609629631,1.3599590063095093,0.011416949331760406,1.8778301805257798,0.9707148671150208,1.3599590063095093,0.04277616739273071,1.155139684677124,0.21377955377101898,48750,3120000,62400,3231150
18,14,X3,4.369929131795304,2.4010752718895674,0.970816433429718,0.013260661624372005,0.10047245770692825,1.3054256439208984,0.011100075207650661,1.9369801357388496,0.970816433429718,1.3054256439208984,0.04078597575426102,1.2556822299957275,0.1852635145187378,48750,3120000,62400,3231150
18,15,X2,-1.8415938202095994,2.3106235042214394,0.9707397818565369,0.013096537441015244,0.09651196748018265,1.2196382284164429,0.010636989027261734,1.5807442627847195,0.9707397818565369,1.2196382284164429,0.042807888239622116,0.8721992373466492,0.22766153514385223,48750,3120000,62400,3231150
18,16,X4,0.4002784863205724,2.2745657805353403,0.9706345200538635,0.01303115300834179,0.09427209943532944,1.1862019300460815,0.010426077991724014,1.5328387215733528,0.9706345200538635,1.1862019300460815,0.04194103926420212,0.8778876066207886,0.1816427856683731,48750,3120000,62400,3231150
18,17,X5,-1.7817919198570111,2.2448887061327696,0.9705914855003357,0.012989835813641548,0.09293543547391891,1.1580817699432373,0.010290179401636124,1.5004189692437648,0.9705914855003357,1.1580817699432373,0.037997689098119736,0.7895464301109314,0.24714019894599915,48750,3120000,62400,3231150
18,18,X5,-1.4967561577129995,2.1988119948655367,0.970609188079834,0.012920797802507877,0.09058122336864471,1.1146430969238281,0.010057688690721989,1.191789871454239,0.970609188079834,1.1146430969238281,0.03624427318572998,0.5181638598442078,0.22033128142356873,48750,3120000,62400,3231150
18,19,X5,4.2622003082665305,2.181673787534237,0.9706553220748901,0.012881672009825706,0.08971044421195984,1.0984302759170532,0.009996073320508003,1.0926121294498445,0.9706553220748901,1.0984302759170532,0.035466670989990234,0.45241349935531616,0.1909148395061493,48750,3120000,62400,3231150
18,20,X2,-1.9922542677889075,2.16764744091779,0.9706665277481079,0.01285144966095686,0.08893316984176636,1.085310935974121,0.009885357692837715,1.1805229246616364,0.9706665277481079,1.085310935974121,0.04675464332103729,0.5410550832748413,0.18151770532131195,48750,3120000,62400,3231150
18,21,X5,-0.18748496145466564,2.147035773843527,0.9706467986106873,0.01275914628058672,0.08802548050880432,1.0658222436904907,0.009782104752957821,1.1829358421266079,0.9706467986106873,1.0658222436904907,0.03748306259512901,0.48645246028900146,0.2517065107822418,48750,3120000,62400,3231150
18,22,X1,-2.696524608363562,2.1394343907013535,0.970649003982544,0.012957030907273293,0.08736129850149155,1.0587475299835205,0.009719527326524258,1.0749010901898146,0.970649003982544,1.0587475299835205,0.024796320125460625,0.43176549673080444,0.2124599665403366,48750,3120000,62400,3231150
18,23,X3,-0.14784388741328147,2.133229930885136,0.9706619381904602,0.012931090779602528,0.08690575510263443,1.0530873537063599,0.009643793106079102,1.0282870188355446,0.9706619381904602,1.0530873537063599,0.03122793883085251,0.4290207624435425,0.16328845918178558,48750,3120000,62400,3231150
18,24,X4,3.7082562395919343,2.1233949093148112,0.9705914258956909,0.012875167652964592,0.0851176306605339,1.0452104806900024,0.009600204415619373,0.945653510466218,0.9705914258956909,1.0452104806900024,0.028151625767350197,0.33778125047683716,0.17656025290489197,48750,3120000,62400,3231150
19,0,X2,-1.2809671885162888,11.2593574821949,0.9780313372612,4.215179920196533,1.334223985671997,4.611264228820801,0.1206580102443695,27.007333743572236,0.9780313372612,4.611264228820801,22.014415740966797,3.1079633235931396,0.7670955657958984,48750,3120000,62400,3231150
19,1,X2,-4.1343167543523665,10.769135929644108,0.9761953353881836,4.215179920196533,1.241763710975647,4.243284225463867,0.09271273761987686,25.472863686084747,0.9761953353881836,4.243284225463867,21.701120376586914,2.104459524154663,0.62338787317276,48750,3120000,62400,3231150
19,2,X1,-3.9051234472314187,9.916703164577484,0.974063515663147,3.8117079734802246,1.1450738906860352,3.9123408794403076,0.07351690530776978,21.136461609601973,0.974063515663147,3.9123408794403076,17.798173904418945,2.083070755004883,0.27793607115745544,48750,3120000,62400,3231150
19,3,X2,2.5223115236207967,5.527089416980743,0.9705948829650879,0.8962506651878357,0.2906392514705658,3.327834367752075,0.04177024960517883,6.394718137383461,0.9705948829650879,3.327834367752075,4.646129608154297,0.6764954924583435,0.212407186627388,48750,3120000,62400,3231150
19,4,X4,-4.330181861568451,4.399221267551184,0.9706189036369324,0.11324196308851242,0.19686272740364075,3.0720608234405518,0.0464368499815464,3.275461566448212,0.9706189036369324,3.0720608234405518,1.3874917030334473,0.903706431388855,0.1757274866104126,48750,3120000,62400,3231150
19,5,X1,-3.887722624586644,4.147672016173601,0.9706287980079651,0.13641467690467834,0.15925423800945282,2.8412952423095703,0.040079060941934586,2.2415513008832932,0.9706287980079651,2.8412952423095703,0.5380859375,0.7563633918762207,0.18471716344356537,48750,3120000,62400,3231150
19,6,X2,-1.1887036639633797,3.7508040480315685,0.9706312417984009,0.18047605454921722,0.13389700651168823,2.433840751647949,0.03195899352431297,1.9270884931087493,0.9706312417984009,2.433840751647949,0.14679047465324402,0.9412055015563965,0.15819811820983887,48750,3120000,62400,3231150
19,7,X4,1.6164788599346878,3.509842375293374,0.9705923795700073,0.12500730156898499,0.1300019770860672,2.255774974822998,0.028465742245316505,1.912934073805809,0.9705923795700073,2.255774974822998,0.16287818551063538,0.9567030072212219,0.14807941019535065,48750,3120000,62400,3231150
19,8,X4,1.4001790348769072,3.3157981354743242,0.9705929756164551,0.09358996897935867,0.12969663739204407,2.0963568687438965,0.025561684742569923,1.8995737731456757,0.9705929756164551,2.0963568687438965,0.19363908469676971,0.947642982006073,0.14490173757076263,48750,3120000,62400,3231150
19,9,X5,0.5870835078464873,3.011004541069269,0.9707207679748535,0.06605497002601624,0.1280072033405304,1.824796199798584,0.02142539992928505,1.8249868988990783,0.9707207679748535,1.824796199798584,0.23000116646289825,0.90010005235672,0.13578228652477264,48750,3120000,62400,3231150
19,10,X1,1.480464521481336,2.892302853986621,0.9707265496253967,0.05683718994259834,0.1342550367116928,1.7105501890182495,0.01993388868868351,1.700121569633484,0.9707265496253967,1.7105501890182495,0.21695365011692047,0.8108643889427185,0.13604818284511566,48750,3120000,62400,3231150
19,11,X5,-4.0603264865795925,2.7821468003094196,0.970581591129303,0.048187773674726486,0.1351695954799652,1.6095468997955322,0.01866094022989273,1.635321444272995,0.970581591129303,1.6095468997955322,0.17265091836452484,0.831011950969696,0.11563287675380707,48750,3120000,62400,3231150
19,12,X2,2.974140635702474,2.5882545188069344,0.9706389904022217,0.03279253840446472,0.12524031102657318,1.4428719282150269,0.01671075075864792,1.4429200693964959,0.9706389904022217,1.4428719282150269,0.1086406484246254,0.7379987835884094,0.11357845366001129,48750,3120000,62400,3231150
19,13,X4,3.14603083985954,2.5140517465770245,0.9708932638168335,0.02833867073059082,0.12391798198223114,1.374900460243225,0.016001369804143906,1.3863218113780023,0.9708932638168335,1.374900460243225,0.08198077976703644,0.7118622064590454,0.1233200803399086,48750,3120000,62400,3231150
19,14,X4,-2.0280680606219645,2.45061410497874,0.9709652662277222,0.02480924315750599,0.1233564242720604,1.3163995742797852,0.015083597041666508,1.209958515316248,0.9709652662277222,1.3163995742797852,0.0553499199450016,0.6360881328582764,0.061047494411468506,48750,3120000,62400,3231150
19,15,X5,-1.8440019464691404,2.348239622078836,0.9709106683731079,0.019886836409568787,0.12089565396308899,1.2225254774093628,0.014020985923707485,1.1108524404466151,0.9709106683731079,1.2225254774093628,0.036142975091934204,0.5998345613479614,0.03618767485022545,48750,3120000,62400,3231150
19,16,X1,-0.8318074449935908,2.308661655522883,0.970903217792511,0.01822803169488907,0.1202622801065445,1.1857503652572632,0.013517760671675205,1.1862605683505536,0.970903217792511,1.1857503652572632,0.03350025415420532,0.6884440779685974,0.032985519617795944,48750,3120000,62400,3231150
19,17,X4,2.1918062923009716,2.2763260854408145,0.9712750911712646,0.017054831609129906,0.11983561515808105,1.155068039894104,0.013092507608234882,1.1147940907627345,0.9712750911712646,1.155068039894104,0.024162190034985542,0.6361374855041504,0.02922578901052475,48750,3120000,62400,3231150
19,18,X1,0.5477044733815255,2.2254665894433856,0.9706582427024841,0.01557005662471056,0.11823787540197372,1.1086033582687378,0.012397056445479393,1.1710494447499513,0.9706582427024841,1.1086033582687378,0.01841716282069683,0.7103917002677917,0.0263882614672184,48750,3120000,62400,3231150
19,19,X5,2.9392971028234935,2.20600014552474,0.970669150352478,0.015044227242469788,0.11642339825630188,1.091752052307129,0.012111317366361618,1.0737136032432317,0.970669150352478,1.091752052307129,0.016520291566848755,0.6192418336868286,0.02546723745763302,48750,3120000,62400,3231150
19,20,X4,2.4615484324907406,2.191377243027091,0.9706981778144836,0.014672850258648396,0.11598945409059525,1.078163504600525,0.01185325626283884,1.0209010764956474,0.9706981778144836,1.078163504600525,0.015842121094465256,0.5704514980316162,0.024835120886564255,48750,3120000,62400,3231150
19,21,X4,-4.482178398798407,2.1694697830826044,0.9707605838775635,0.013999495655298233,0.1144002228975296,1.0589298009872437,0.011379679664969444,1.005292564816773,0.9707605838775635,1.0589298009872437,0.014269323088228703,0.5571780800819397,0.027907084673643112,48750,3120000,62400,3231150
19,22,X5,4.238793529729136,2.162294080480933,0.970747172832489,0.013710230588912964,0.11419474333524704,1.052455186843872,0.011186746880412102,0.9820567205548286,0.970747172832489,1.052455186843872,0.015154017135500908,0.5391588807106018,0.023103350773453712,48750,3120000,62400,3231150
19,23,X1,-4.4240002682623984,2.1583675667643547,0.9707477688789368,0.012623310089111328,0.11661108583211899,1.047366976737976,0.011018425226211548,1.0637126859277486,0.9707477688789368,1.047366976737976,0.011978138238191605,0.6240819692611694,0.024029629305005074,48750,3120000,62400,3231150
19,24,X4,-2.1336342365659275,2.1516797821968794,0.970851480960846,0.011724814772605896,0.11762263625860214,1.0407183170318604,0.01076253317296505,1.1233252545818686,0.970851480960846,1.0407183170318604,0.010289539583027363,0.6863908171653748,0.02433093823492527,48750,3120000,62400,3231150
20,0,X1,4.560217409483508,11.336151719093323,0.9706031084060669,3.80192232131958,1.5908564329147339,4.611118793487549,0.36165106296539307,27.27551554441452,0.9706031084060669,4.611118793487549,19.179899215698242,6.187033176422119,0.7922387719154358,48750,3120000,62400,3231150
20,1,X5,-3.5246181900126716,8.139609441161156,0.9780471324920654,2.0468945503234863,0.6182314157485962,4.250833034515381,0.2456033080816269,18.328321599960326,0.9780471324920654,4.250833034515381,10.744071006774902,5.655081748962402,0.8833928108215332,48750,3120000,62400,3231150
20,2,X5,-2.1912957921886655,6.2603975385427475,0.9758989214897156,0.7782658934593201,0.4363333582878113,3.926476240158081,0.14342312514781952,11.230634653568268,0.9758989214897156,3.926476240158081,3.9780054092407227,5.300610542297363,0.9715436697006226,48750,3120000,62400,3231150
20,3,X2,-0.6431661273087474,4.8311378583312035,0.9739108681678772,0.06997356563806534,0.39068174362182617,3.347621202468872,0.04895047843456268,5.901926064491272,0.9739108681678772,3.347621202468872,0.21689337491989136,3.3477084636688232,1.4730178117752075,48750,3120000,62400,3231150
20,4,X5,1.2067828340016113,4.5114787593483925,0.9729406833648682,0.048114433884620667,0.3634607493877411,3.086127281188965,0.04083561152219772,5.204954452812672,0.9729406833648682,3.086127281188965,0.1021396592259407,2.9737708568573,1.3172303438186646,48750,3120000,62400,3231150
20,5,X4,-2.8066360982628913,4.237897329032421,0.9740620255470276,0.03068295493721962,0.3313424289226532,2.848515272140503,0.053294647485017776,3.009435374289751,0.9740620255470276,2.848515272140503,0.05325040593743324,2.1478145122528076,0.04385499656200409,48750,3120000,62400,3231150
20,6,X4,-2.2966472882987032,3.6615191232413054,0.9706525206565857,0.01840413175523281,0.20555488765239716,2.4372551441192627,0.029652439057826996,2.4261717148125173,0.9706525206565857,2.4372551441192627,0.05369475856423378,1.6451168060302734,0.04577861726284027,48750,3120000,62400,3231150
20,7,X2,-2.2447727314701984,3.477447433397174,0.9708676934242249,0.016951531171798706,0.201656311750412,2.26123046875,0.026741428300738335,2.315240978449583,0.9708676934242249,2.26123046875,0.05068530514836311,1.581291913986206,0.036844126880168915,48750,3120000,62400,3231150
20,8,X1,1.7383972853120975,3.3161551766097546,0.9708477854728699,0.015374807640910149,0.20288844406604767,2.1027863025665283,0.024257836863398552,2.1395522750914098,0.9708477854728699,2.1027863025665283,0.041008930653333664,1.4497840404510498,0.034032486379146576,48750,3120000,62400,3231150
20,9,X2,-4.91907900438549,3.0377555284649134,0.9707583785057068,0.0139915831387043,0.19791191816329956,1.8346142768859863,0.020479371771216393,2.0795283637940885,0.9707583785057068,1.8346142768859863,0.022337261587381363,1.4576919078826904,0.03842466324567795,48750,3120000,62400,3231150
20,10,X5,3.7049348945051808,2.922637978568673,0.9707840085029602,0.013827994465827942,0.1955588310956955,1.7234549522399902,0.019012192264199257,2.104589483886957,0.9707840085029602,1.7234549522399902,0.01831643283367157,1.512546420097351,0.03487883880734444,48750,3120000,62400,3231150
20,11,X3,-3.742489287778117,2.819195951335132,0.9707675576210022,0.013800821267068386,0.19152717292308807,1.6253745555877686,0.01772584393620491,2.081698130443692,0.9707675576210022,1.6253745555877686,0.01581730879843235,1.5112097263336182,0.03544267266988754,48750,3120000,62400,3231150
20,12,X3,-2.1556649024451335,2.6467004511505365,0.9707937836647034,0.013651911169290543,0.18557368218898773,1.4614008665084839,0.015280207619071007,1.9666985105723143,0.9707937836647034,1.4614008665084839,0.015476949512958527,1.436689019203186,0.02809361182153225,48750,3120000,62400,3231150
20,13,X1,-1.0287468119685563,2.5755082685500383,0.9707943797111511,0.013607434928417206,0.18293406069278717,1.3938449621200562,0.014327431097626686,1.69474692735821,0.9707943797111511,1.3938449621200562,0.014021073468029499,1.1686503887176514,0.039147596806287766,48750,3120000,62400,3231150
20,14,X4,-0.5237060042065709,2.512606010772288,0.9708477854728699,0.013528567738831043,0.17941932380199432,1.3351393938064575,0.013670939952135086,1.735723995603621,0.9708477854728699,1.3351393938064575,0.01352457795292139,1.2288786172866821,0.03212336450815201,48750,3120000,62400,3231150
20,15,X3,-4.917874924474692,2.410411149263382,0.9706664085388184,0.013352684676647186,0.17178307473659515,1.2421125173568726,0.0124964639544487,1.6291370633989573,0.9706664085388184,1.2421125173568726,0.012253392487764359,1.1470849514007568,0.027242934331297874,48750,3120000,62400,3231150
20,16,X3,-2.0920493214601974,2.3699163207784295,0.9706616997718811,0.013260090723633766,0.16809238493442535,1.2058477401733398,0.01205440517514944,1.735179052874446,0.9706616997718811,1.2058477401733398,0.0147028099745512,1.2534114122390747,0.03176294267177582,48750,3120000,62400,3231150
20,17,X3,-2.41137941917187,2.3349773408845067,0.9707654714584351,0.013180730864405632,0.16414296627044678,1.1752023696899414,0.011685802601277828,1.7207854714244606,0.9707654714584351,1.1752023696899414,0.013966353610157967,1.244905710220337,0.03271983936429024,48750,3120000,62400,3231150
20,18,X4,3.0496277000390535,2.2752484790980816,0.9706193208694458,0.0130182895809412,0.1533331573009491,1.1271394491195679,0.01113826222717762,1.5265584398061036,0.9706193208694458,1.1271394491195679,0.012203862890601158,1.0611462593078613,0.033656563609838486,48750,3120000,62400,3231150
20,19,X1,1.091765898246992,2.25279575958848,0.9706169366836548,0.012949688360095024,0.14929066598415375,1.1090184450149536,0.010920023545622826,1.7436433812603354,0.9706169366836548,1.1090184450149536,0.010383042506873608,1.2812578678131104,0.036075394600629807,48750,3120000,62400,3231150
20,20,X3,-3.8630476055872434,2.2336148116737604,0.9706083536148071,0.012870380654931068,0.14543987810611725,1.0939538478851318,0.010742351412773132,1.8895794589072465,0.9706083536148071,1.0939538478851318,0.013428078964352608,1.4287306070327759,0.03450833261013031,48750,3120000,62400,3231150
20,21,X2,-1.0727570177438128,2.2038057800382376,0.9706829786300659,0.012738357298076153,0.13739444315433502,1.0725500583648682,0.010439942590892315,1.708253658004105,0.9706829786300659,1.0725500583648682,0.011163921095430851,1.2565085887908936,0.03193454071879387,48750,3120000,62400,3231150
20,22,X2,-1.7490530927134351,2.1924772383645177,0.970687747001648,0.012669851072132587,0.13357381522655487,1.0651832818984985,0.010362543165683746,1.6751217845827342,0.970687747001648,1.0651832818984985,0.012090051546692848,1.222071647644043,0.033785879611968994,48750,3120000,62400,3231150
20,23,X4,-0.32079440534525183,2.1824460895732045,0.9706757068634033,0.012604691088199615,0.12965404987335205,1.059201717376709,0.010309924371540546,1.7097618157044052,0.9706757068634033,1.059201717376709,0.014218331314623356,1.25241219997406,0.03715579956769943,48750,3120000,62400,3231150
20,24,X4,0.23751458145783033,2.165315754711628,0.9706313014030457,0.0124520780518651,0.12158570438623428,1.050461769104004,0.010184901766479015,1.6603501942008734,0.9706313014030457,1.050461769104004,0.011072617024183273,1.2147279977798462,0.030330965295433998,48750,3120000,62400,3231150
21,0,X4,1.8437955093876752,9.809572577476501,0.9709651470184326,2.2526886463165283,1.0409079790115356,4.996847629547119,0.5481631755828857,17.534997034072877,0.9709651470184326,4.996847629547119,11.454565048217773,3.875480890274048,1.0113885402679443,48750,3120000,62400,3231150
21,1,X4,-4.8451786210024235,7.616598457098007,0.9717333912849426,0.6444985270500183,0.403618186712265,4.996847629547119,0.5999007225036621,8.02540317773819,0.9717333912849426,4.996847629547119,3.6747193336486816,2.6506168842315674,0.5063507556915283,48750,3120000,62400,3231150
21,2,X1,-0.4922119640104725,6.451734468340874,0.9716161489486694,0.14270322024822235,0.3162795603275299,4.610828876495361,0.4103066623210907,4.9730367183685305,0.9716161489486694,4.610828876495361,0.8438720703125,2.424607276916504,0.5880683660507202,48750,3120000,62400,3231150
21,3,X4,-1.994642299857734,5.416282443329692,0.9712355732917786,0.026939434930682182,0.22359229624271393,3.9371087551116943,0.2574063837528229,3.3554116398096085,0.9712355732917786,3.9371087551116943,0.19946210086345673,1.8705105781555176,0.3037700951099396,48750,3120000,62400,3231150
21,4,X4,0.6602018552537858,4.996583465486765,0.9705809354782104,0.02165079489350319,0.1720212697982788,3.645193576812744,0.18713688850402832,2.9553966194391252,0.9705809354782104,3.645193576812744,0.17556026577949524,1.6238484382629395,0.23283301293849945,48750,3120000,62400,3231150
21,5,X2,-1.1001989896813291,4.620684634894133,0.9708471298217773,0.019014965742826462,0.1254447102546692,3.3743937015533447,0.1309841275215149,3.7513817727565764,0.9708471298217773,3.3743937015533447,0.14406894147396088,2.545912981033325,0.19235168397426605,48750,3120000,62400,3231150
21,6,X5,-2.377064416944068,4.011716915294528,0.9709299802780151,0.01607389561831951,0.073443204164505,2.8879759311676025,0.06329390406608582,3.1160227343440057,0.9709299802780151,2.8879759311676025,0.10549023002386093,2.110929012298584,0.12782230973243713,48750,3120000,62400,3231150
21,7,X2,4.555605773615149,3.8066290356218815,0.9708922505378723,0.015100594609975815,0.10091554373502731,2.674546718597412,0.04517392814159393,2.0802828088402747,0.9708922505378723,2.674546718597412,0.10598805546760559,1.1235756874084473,0.12163127213716507,48750,3120000,62400,3231150
21,8,X5,-2.623998619111222,3.588764482177794,0.9706090092658997,0.014328249730169773,0.09002101421356201,2.4790878295898438,0.03471837937831879,1.9477264016866684,0.9706090092658997,2.4790878295898438,0.0945175364613533,1.0477430820465088,0.11552641540765762,48750,3120000,62400,3231150
21,9,X5,0.8422035824863805,3.2434403961524367,0.9710319638252258,0.01338753942400217,0.08732908964157104,2.1468288898468018,0.02486291341483593,2.140426203608513,0.9710319638252258,2.1468288898468018,0.079416424036026,1.3377379179000854,0.09969969093799591,48750,3120000,62400,3231150
21,10,X4,-4.156523290491156,3.1006888765841722,0.9707577228546143,0.013040080666542053,0.08808041363954544,2.006800651550293,0.02201000787317753,1.8460166305303574,0.9707577228546143,2.006800651550293,0.06449755281209946,1.1066819429397583,0.07932545989751816,48750,3120000,62400,3231150
21,11,X4,3.2568472395833314,2.9707259703427553,0.9706149101257324,0.012782415375113487,0.08675779402256012,1.880488634109497,0.02008221670985222,1.9894714951515198,0.9706149101257324,1.880488634109497,0.05949319899082184,1.2807093858718872,0.07904820144176483,48750,3120000,62400,3231150
21,12,X1,-4.289100880111073,2.7809655237942934,0.9713006019592285,0.013171328231692314,0.10918378084897995,1.6702603101730347,0.017049502581357956,2.7156572606414557,0.9713006019592285,1.6702603101730347,0.026226123794913292,2.0994198322296143,0.061699122190475464,48750,3120000,62400,3231150
21,13,X3,0.7936233572831846,2.6863565277308226,0.9713550806045532,0.012616192921996117,0.10434382408857346,1.5821181535720825,0.01592327654361725,2.8091143012046813,0.9713550806045532,1.5821181535720825,0.027833476662635803,2.1976211071014404,0.07296507060527802,48750,3120000,62400,3231150
21,14,X3,-3.388993469406363,2.6040730038657784,0.9716496467590332,0.01226796954870224,0.10165214538574219,1.5034701824188232,0.015033059753477573,3.175949279218912,0.9716496467590332,1.5034701824188232,0.028830986469984055,2.589958667755127,0.06213565915822983,48750,3120000,62400,3231150
21,15,X4,-0.6164911399683817,2.466101705096662,0.9710285663604736,0.01183509360998869,0.09672582894563675,1.3729071617126465,0.013605054467916489,3.8200507413595917,0.9710285663604736,1.3729071617126465,0.0268052089959383,3.262906312942505,0.06155207380652428,48750,3120000,62400,3231150
21,16,X3,-1.9823260417071586,2.41055251006037,0.9708859324455261,0.011752127669751644,0.09523617476224899,1.319522500038147,0.013155775144696236,3.478372338786721,0.9708859324455261,1.319522500038147,0.023058997467160225,2.942958354949951,0.054273299872875214,48750,3120000,62400,3231150
21,17,X4,4.512025142074275,2.361826667562127,0.9709089398384094,0.0116782421246171,0.09372300654649734,1.2731306552886963,0.012385823763906956,3.541843881458044,0.9709089398384094,1.2731306552886963,0.024967771023511887,3.009089946746826,0.05897824466228485,48750,3120000,62400,3231150
21,18,X1,0.41515446480608453,2.2842316068708897,0.9709320068359375,0.011563101783394814,0.09234411269426346,1.1980608701705933,0.01133151538670063,4.208702062815428,0.9709320068359375,1.1980608701705933,0.021498367190361023,3.692417860031128,0.060987260192632675,48750,3120000,62400,3231150
21,19,X1,-2.2652501309191386,2.252081336453557,0.9709302186965942,0.01150572020560503,0.0904744565486908,1.1681629419326782,0.011007999069988728,4.497935738787055,0.9709302186965942,1.1681629419326782,0.022100510075688362,3.9966773986816406,0.051339197903871536,48750,3120000,62400,3231150
21,20,X4,-1.447328410967037,2.2257373528555036,0.9710726737976074,0.011481237597763538,0.08947304636240005,1.1429157257080078,0.010794669389724731,5.307062696665525,0.9710726737976074,1.1429157257080078,0.02452138066291809,4.8040266036987305,0.05571703240275383,48750,3120000,62400,3231150
21,21,X5,-2.342752533296917,2.1837316006422043,0.9706390500068665,0.011436043307185173,0.08617416024208069,1.1049846410751343,0.01049770601093769,5.100249969959259,0.9706390500068665,1.1049846410751343,0.023076150566339493,4.614507675170898,0.047541406005620956,48750,3120000,62400,3231150
21,22,X2,3.726451067180575,2.1680088313296437,0.9706441760063171,0.011417309753596783,0.08492828160524368,1.0906059741973877,0.010413089767098427,4.687817630544305,0.9706441760063171,1.0906059741973877,0.019854122772812843,4.211698532104492,0.04401494562625885,48750,3120000,62400,3231150
21,23,X2,-1.4097021674060564,2.1546585047617555,0.9706743359565735,0.011400533840060234,0.08356964588165283,1.0786525011062622,0.010361487977206707,3.3215324349701403,0.9706743359565735,1.0786525011062622,0.019077643752098083,2.84737491607666,0.04521450772881508,48750,3120000,62400,3231150
21,24,X5,-1.4949943183036964,2.1330105550587177,0.9707064032554626,0.011370648629963398,0.07951776683330536,1.0611990690231323,0.010216667316854,3.4844178218394517,0.9707064032554626,1.0611990690231323,0.019193751737475395,3.011147975921631,0.04769499972462654,48750,3120000,62400,3231150
22,0,X5,-1.4601036003051346,14.270385801792145,0.9705991148948669,3.7947092056274414,1.232028603553772,4.611390590667725,3.66165828704834,23.522541844844817,0.9705991148948669,4.611390590667725,16.008405685424805,3.4182605743408203,2.979477643966675,48750,3120000,62400,3231150
22,1,X2,-4.284995915619001,9.265067279338837,0.9742031097412109,2.486024856567383,0.6922386288642883,4.250677585601807,0.861923098564148,14.63796045780182,0.9742031097412109,4.250677585601807,10.056436538696289,1.6835522651672363,1.85299551486969,48750,3120000,62400,3231150
22,2,X1,4.512247793468461,6.611894577741623,0.9740723371505737,0.7430295348167419,0.6752085089683533,3.913557291030884,0.3060269057750702,7.6907402038574215,0.9740723371505737,3.913557291030884,3.083513021469116,1.5390862226486206,2.0906150341033936,48750,3120000,62400,3231150
22,3,X4,1.5617773229457583,4.778310421854258,0.9764710664749146,0.032972682267427444,0.3177526891231537,3.309922456741333,0.1411915272474289,3.011721460148692,0.9764710664749146,3.309922456741333,0.03043183498084545,1.0149863958358765,1.1090245246887207,48750,3120000,62400,3231150
22,4,X2,-4.657563785837252,4.399678079411387,0.9717349410057068,0.026149382814764977,0.28170353174209595,3.040867328643799,0.0792228952050209,1.9983721654862165,0.9717349410057068,3.040867328643799,0.020511580631136894,1.0424267053604126,0.13291342556476593,48750,3120000,62400,3231150
22,5,X5,-4.771686032442979,4.102693684399128,0.9709101915359497,0.023080974817276,0.2562035322189331,2.7990167140960693,0.05348227173089981,1.9785324962809683,0.9709101915359497,2.7990167140960693,0.015423440374433994,1.155517816543579,0.053605858236551285,48750,3120000,62400,3231150
22,6,X3,4.03122718700995,3.628334954380989,0.9705825448036194,0.01941419020295143,0.22628363966941833,2.3806416988372803,0.03141288086771965,2.1455487351864577,0.9705825448036194,2.3806416988372803,0.017741112038493156,1.3017821311950684,0.1557806432247162,48750,3120000,62400,3231150
22,7,X2,2.330262044030822,3.4410246219486,0.9705855846405029,0.018225211650133133,0.22128550708293915,2.2044317722320557,0.02649654634296894,2.1420583609491586,0.9705855846405029,2.2044317722320557,0.017821485176682472,1.3237892389297485,0.16544416546821594,48750,3120000,62400,3231150
22,8,X1,-0.23911280889588582,3.2740552481263876,0.970585823059082,0.0176374614238739,0.21595308184623718,2.0467727184295654,0.02310616336762905,2.191801552474499,0.970585823059082,2.0467727184295654,0.02090083807706833,1.414764642715454,0.15266436338424683,48750,3120000,62400,3231150
22,9,X2,-2.167249165654943,2.9915464241057634,0.9709036946296692,0.01606578566133976,0.20430611073970795,1.7816684246063232,0.018602408468723297,1.8084887150675057,0.9709036946296692,1.7816684246063232,0.024480843916535378,1.0822068452835083,0.15128660202026367,48750,3120000,62400,3231150
22,10,X1,0.2617940105946106,2.873727487400174,0.9709166288375854,0.015304628759622574,0.1992311030626297,1.671258568763733,0.017016557976603508,1.8151573419570923,0.9709166288375854,1.671258568763733,0.017648130655288696,1.1549848318099976,0.11408933997154236,48750,3120000,62400,3231150
22,11,X4,3.8285902301152923,2.768477796576917,0.971534788608551,0.014634001068770885,0.1921919584274292,1.574397325515747,0.01571972295641899,1.8038409663364292,0.971534788608551,1.574397325515747,0.014560352079570293,1.1776784658432007,0.10241572558879852,48750,3120000,62400,3231150
22,12,X1,3.8458165866100718,2.6331485575065017,0.9711503386497498,0.014046392403542995,0.2146354466676712,1.4190517663955688,0.014264613389968872,2.005117108672857,0.9711503386497498,1.4190517663955688,0.01258334144949913,1.2251595258712769,0.2893338203430176,48750,3120000,62400,3231150
22,13,X5,1.6413078817600235,2.5657993042841554,0.9712148308753967,0.013733663596212864,0.20936092734336853,1.357697606086731,0.013792276382446289,1.9390915442258119,0.9712148308753967,1.357697606086731,0.0121679175645113,1.1093361377716064,0.3518050014972687,48750,3120000,62400,3231150
22,14,X5,3.994658983569156,2.5072702830657363,0.9713722467422485,0.013486534357070923,0.20522890985012054,1.3036943674087524,0.01348822470754385,1.9891119806095958,0.9713722467422485,1.3036943674087524,0.010951372794806957,1.12205171585083,0.40109556913375854,48750,3120000,62400,3231150
22,15,X2,3.591660306531031,2.40803060028702,0.9715343117713928,0.013150105252861977,0.19441159069538116,1.2159463167190552,0.012988275848329067,2.517130333930254,0.9715343117713928,1.2159463167190552,0.009776879101991653,1.7030221223831177,0.36683520674705505,48750,3120000,62400,3231150
22,16,X2,-0.11947635843990767,2.3695611767470837,0.971476674079895,0.013021527789533138,0.19076931476593018,1.181553602218628,0.0127400578930974,2.3964855039492248,0.971476674079895,1.181553602218628,0.011465557850897312,1.5214177370071411,0.43299615383148193,48750,3120000,62400,3231150
22,17,X5,-1.8458954257430515,2.3355781380087137,0.9717402458190918,0.01290579792112112,0.1856803297996521,1.1526966094970703,0.012555154971778393,2.3466888720169665,0.9717402458190918,1.1526966094970703,0.010677658952772617,1.494913935661316,0.4162099063396454,48750,3120000,62400,3231150
22,18,X2,-1.4018626167556092,2.2782385423779488,0.9721235036849976,0.012694571167230606,0.17515301704406738,1.1086071729660034,0.009660277515649796,2.249134922772646,0.9721235036849976,1.1086071729660034,0.010363984853029251,1.2975589036941528,0.5250658988952637,48750,3120000,62400,3231150
22,19,X1,4.023186622689794,2.2737301010638475,0.9721226692199707,0.012652641162276268,0.18739499151706696,1.092348337173462,0.009211461991071701,2.1516462273895742,0.9721226692199707,1.092348337173462,0.00966699793934822,1.3930760622024536,0.3360089659690857,48750,3120000,62400,3231150
22,20,X1,-3.5529185702136266,2.257800677791238,0.9721227884292603,0.012599710375070572,0.18464049696922302,1.079254388809204,0.009183293208479881,1.8603705152869225,0.9721227884292603,1.079254388809204,0.0098700150847435,1.1289259195327759,0.3112991452217102,48750,3120000,62400,3231150
22,21,X5,-0.8475059929676121,2.2267662761732936,0.9732592701911926,0.012500306591391563,0.17170852422714233,1.06013023853302,0.009167936630547047,1.8950565280392766,0.9732592701911926,1.06013023853302,0.010220718570053577,1.1070013046264648,0.37115660309791565,48750,3120000,62400,3231150
22,22,X2,1.971366011589069,2.214775408618152,0.9729100465774536,0.012460306286811829,0.16689853370189667,1.0533552169799805,0.009151305072009563,1.7060077879577875,0.9729100465774536,1.0533552169799805,0.01030338741838932,0.9883867502212524,0.30206459760665894,48750,3120000,62400,3231150
22,23,X3,2.3456068291061047,2.2041821209713817,0.9722411036491394,0.012428787536919117,0.16222192347049713,1.048171877861023,0.009118428453803062,1.6346912700682878,0.9722411036491394,1.048171877861023,0.010242791846394539,0.9041521549224854,0.3162137269973755,48750,3120000,62400,3231150
22,24,X5,4.366668812187024,2.1844232734292746,0.971390962600708,0.012357003055512905,0.15012222528457642,1.041442632675171,0.009110449813306332,1.7058821238577366,0.971390962600708,1.041442632675171,0.01046157255768776,0.9286728501319885,0.3641809821128845,48750,3120000,62400,3231150
23,0,X2,-1.429160932775563,12.54873675107956,0.9797372221946716,4.310825824737549,2.4353151321411133,4.611129283905029,0.2117292881011963,26.75476783514023,0.9797372221946716,4.611129283905029,21.009689331054688,4.302880764007568,0.3240244388580322,48750,3120000,62400,3231150
23,1,X1,2.353990759756056,8.606390833854675,0.9929859638214111,2.7311625480651855,0.4644804000854492,4.242865085601807,0.17489683628082275,20.014348196983338,0.9929859638214111,4.242865085601807,15.474959373474121,2.9835379123687744,0.5086807012557983,48750,3120000,62400,3231150
23,2,X2,-4.4607839351788865,7.409809559583664,0.991093635559082,1.8589290380477905,0.49927836656570435,3.914290189743042,0.14621832966804504,14.854320544004441,0.991093635559082,3.914290189743042,11.668575286865234,1.974684476852417,0.22998401522636414,48750,3120000,62400,3231150
23,3,X4,-4.271570405134094,4.943842381238937,0.9706553816795349,0.20745979249477386,0.3171602487564087,3.3433480262756348,0.10521893203258514,3.6331071496009826,0.9706553816795349,3.3433480262756348,0.9359566569328308,1.5640937089920044,0.2702561020851135,48750,3120000,62400,3231150
23,4,X3,0.5860861685548224,4.517106242477894,0.9734060168266296,0.08484195917844772,0.2787547707557678,3.0950675010681152,0.08503599464893341,2.7987462013959883,0.9734060168266296,3.0950675010681152,0.2709304690361023,1.4908150434494019,0.22330598533153534,48750,3120000,62400,3231150
23,5,X5,-1.8318803043080054,4.215330027043819,0.9715545773506165,0.0693775862455368,0.24042508006095886,2.8643195629119873,0.06965322047472,2.496642279624939,0.9715545773506165,2.8643195629119873,0.26268765330314636,1.244562029838562,0.22221776843070984,48750,3120000,62400,3231150
23,6,X2,2.702204549619843,3.715427652001381,0.9706655144691467,0.04239480197429657,0.19716301560401917,2.4549379348754883,0.050266385078430176,2.3333649963140486,0.9706655144691467,2.4549379348754883,0.24516695737838745,1.1772832870483398,0.22579406201839447,48750,3120000,62400,3231150
23,7,X2,-1.7614819099241554,3.511656630784273,0.9708259701728821,0.03460055962204933,0.18485906720161438,2.277034044265747,0.044336989521980286,2.140658903121948,0.9708259701728821,2.277034044265747,0.25654464960098267,1.01856529712677,0.21597695350646973,48750,3120000,62400,3231150
23,8,X2,4.058587023371018,3.375400008633733,0.9707777500152588,0.029911333695054054,0.21795162558555603,2.117269992828369,0.03948930650949478,2.7029786139726637,0.9707777500152588,2.117269992828369,0.29020529985427856,1.5785191059112549,0.21664465963840485,48750,3120000,62400,3231150
23,9,X3,-3.7744496375392655,3.0215390026569366,0.9709451794624329,0.025217439979314804,0.1475812941789627,1.8454468250274658,0.03234826400876045,2.847189450263977,0.9709451794624329,1.8454468250274658,0.2107241004705429,1.8458964824676514,0.22729046642780304,48750,3120000,62400,3231150
23,10,X3,-4.028199018308104,2.8905212860554457,0.9713888764381409,0.023450326174497604,0.13553431630134583,1.7308158874511719,0.029331879690289497,2.6891582518815995,0.9713888764381409,1.7308158874511719,0.2623794972896576,1.6753714084625244,0.21096639335155487,48750,3120000,62400,3231150
23,11,X1,4.858813817337946,2.784858960658312,0.9713761210441589,0.02511012740433216,0.1323239505290985,1.629284143447876,0.02676461823284626,2.563100668787956,0.9713761210441589,1.629284143447876,0.20886991918087006,1.6224404573440552,0.21165823936462402,48750,3120000,62400,3231150
23,12,X3,4.988860263132242,2.594559023156762,0.971240758895874,0.02003614790737629,0.12007001042366028,1.4604960680007935,0.022716037929058075,2.5726676762104033,0.971240758895874,1.4604960680007935,0.19727817177772522,1.6742099523544312,0.21483218669891357,48750,3120000,62400,3231150
23,13,X5,0.054996358387169764,2.518067717552185,0.9710912108421326,0.01901264302432537,0.11417423188686371,1.3927088975906372,0.021080734208226204,2.281261831521988,0.9710912108421326,1.3927088975906372,0.18093109130859375,1.4473658800125122,0.180204838514328,48750,3120000,62400,3231150
23,14,X3,-0.5150550253299926,2.452746968716383,0.9709702134132385,0.017579147592186928,0.11072994023561478,1.333746314048767,0.01972135342657566,2.298648589849472,0.9709702134132385,1.333746314048767,0.15150485932826996,1.4885026216506958,0.19769780337810516,48750,3120000,62400,3231150
23,15,X2,-2.0271915229668225,2.3495463207364082,0.9715319871902466,0.01538936235010624,0.10525371134281158,1.2402262687683105,0.01714499108493328,2.057654519379139,0.9715319871902466,1.2402262687683105,0.1140638217329979,1.283206820487976,0.21803222596645355,48750,3120000,62400,3231150
23,16,X5,-1.91442519165415,2.30887446179986,0.9713347554206848,0.014596434310078621,0.1025719940662384,1.2042522430419922,0.016119034960865974,2.029681904613972,0.9713347554206848,1.2042522430419922,0.09398945420980453,1.2967780828475952,0.20379696786403656,48750,3120000,62400,3231150
23,17,X5,-0.0833228117700715,2.2742225155234337,0.9712852835655212,0.013974054716527462,0.10014978796243668,1.1735502481460571,0.015263141132891178,1.9428500562906266,0.9712852835655212,1.1735502481460571,0.08559924364089966,1.2414194345474243,0.18686427175998688,48750,3120000,62400,3231150
23,18,X4,-1.537976120709791,2.218827403150499,0.9708717465400696,0.013179415836930275,0.09506084024906158,1.1260411739349365,0.013674226589500904,1.6928528890013694,0.9708717465400696,1.1260411739349365,0.059521064162254333,1.1002174615859985,0.11373177915811539,48750,3120000,62400,3231150
23,19,X5,-4.804801229076627,2.1981245819479227,0.9708519577980042,0.012841751798987389,0.09325683861970901,1.1078853607177734,0.013288673013448715,1.7516721971333027,0.9708519577980042,1.1078853607177734,0.06222647801041603,1.1665019989013672,0.10719625651836395,48750,3120000,62400,3231150
23,20,X3,3.555316412983082,2.181549762375653,0.9709110856056213,0.012600112706422806,0.09203602373600006,1.0930043458938599,0.012998194433748722,1.7134336829185486,0.9709110856056213,1.0930043458938599,0.05282820761203766,1.1554323434829712,0.0923900455236435,48750,3120000,62400,3231150
23,21,X2,-1.9306547729922388,2.1552641401067376,0.9708967804908752,0.012232947163283825,0.0894174799323082,1.0701866149902344,0.012530317530035973,1.4851433910429477,0.9708967804908752,1.0701866149902344,0.038561608642339706,0.9677088856697083,0.07065621763467789,48750,3120000,62400,3231150
23,22,X4,4.315977489649148,2.1450773337855935,0.9709478616714478,0.012090859934687614,0.08811543136835098,1.061743140220642,0.012180040590465069,1.8234172098338606,0.9709478616714478,1.061743140220642,0.03335578367114067,1.3063596487045288,0.07716357707977295,48750,3120000,62400,3231150
23,23,X4,-2.404992633460421,2.1373320426791906,0.9709345102310181,0.01199372112751007,0.08715826272964478,1.0550647974014282,0.0121807511895895,1.7146662291139365,0.9709345102310181,1.0550647974014282,0.02658058889210224,1.2444769144058228,0.03840886428952217,48750,3120000,62400,3231150
23,24,X3,2.015382879986931,2.124223353341222,0.9707304835319519,0.011868362314999104,0.08375188708305359,1.0459479093551636,0.011924711056053638,1.569533021375537,0.9707304835319519,1.0459479093551636,0.027395520359277725,1.1081769466400146,0.03062487579882145,48750,3120000,62400,3231150
24,0,X3,-1.510795867566057,13.660663068294525,0.9788092970848083,4.520551681518555,2.218771457672119,4.610959053039551,1.3315715789794922,27.748254787921905,0.9788092970848083,4.610959053039551,19.506542205810547,5.776615619659424,1.347143292427063,48750,3120000,62400,3231150
24,1,X5,-1.214089488989858,8.58989354968071,0.9746705293655396,2.308698892593384,0.7384661436080933,4.240941047668457,0.3271169364452362,17.370790326595305,0.9746705293655396,4.240941047668457,10.301321983337402,5.233725547790527,0.7926204800605774,48750,3120000,62400,3231150
24,2,X3,-4.04459843988729,6.052898645401001,0.9709653258323669,0.5729761123657227,0.45112815499305725,3.9097869396209717,0.14804211258888245,10.659548312425613,0.9709653258323669,3.9097869396209717,3.3239498138427734,6.2300920486450195,0.1293559968471527,48750,3120000,62400,3231150
24,3,X5,2.660763153738256,4.64828010648489,0.9713681936264038,0.016487255692481995,0.2904816269874573,3.325810432434082,0.044132597744464874,7.013117323815822,0.9713681936264038,3.325810432434082,0.06490889936685562,6.00846004486084,0.08031265437602997,48750,3120000,62400,3231150
24,4,X5,-1.0605390291543273,4.316635151393712,0.9706708788871765,0.01450768020004034,0.2262118011713028,3.0753793716430664,0.02986541949212551,6.009266033023596,0.9706708788871765,3.0753793716430664,0.05240025743842125,5.076357364654541,0.07129836082458496,48750,3120000,62400,3231150
24,5,X5,-4.159551011697036,4.011767476797104,0.9706231951713562,0.014327434822916985,0.1576552540063858,2.8457329273223877,0.023428665474057198,5.450077284872532,0.9706231951713562,2.8457329273223877,0.044802553951740265,4.597670555114746,0.04433295130729675,48750,3120000,62400,3231150
24,6,X3,-3.407818535480157,3.5376265514642,0.9717840552330017,0.014057107269763947,0.0841362476348877,2.4500248432159424,0.017624298110604286,4.643187490850687,0.9717840552330017,2.4500248432159424,0.04032791778445244,3.8707833290100098,0.047714464366436005,48750,3120000,62400,3231150
24,7,X1,3.436552525463716,3.433990251272917,0.9717495441436768,0.013864191249012947,0.1538947969675064,2.2784056663513184,0.01607605256140232,4.743554786592722,0.9717495441436768,2.2784056663513184,0.04621957987546921,3.9888501167297363,0.05845404788851738,48750,3120000,62400,3231150
24,8,X3,4.312400529871704,3.267173221334815,0.9706283807754517,0.013685525394976139,0.14470799267292023,2.123140811920166,0.015010510571300983,4.634349237382412,0.9706283807754517,2.123140811920166,0.03993938863277435,3.9270360469818115,0.048619963228702545,48750,3120000,62400,3231150
24,9,X3,1.392991368411848,2.969042665325105,0.970949113368988,0.013302696868777275,0.11406819522380829,1.8573518991470337,0.013370760716497898,4.6849967740476135,0.970949113368988,1.8573518991470337,0.05720889940857887,4.01418924331665,0.047938428819179535,48750,3120000,62400,3231150
24,10,X1,-1.7730089890669651,2.8478100234642625,0.9708987474441528,0.01298307254910469,0.10532787442207336,1.7457815408706665,0.012818788178265095,5.0019874885678295,0.9708987474441528,1.7457815408706665,0.05193677544593811,4.348118305206299,0.058596350252628326,48750,3120000,62400,3231150
24,11,X5,0.07252750728273494,2.7375495228916407,0.9712360501289368,0.012825874611735344,0.09481504559516907,1.64631187915802,0.012360673397779465,5.114737374335528,0.9712360501289368,1.64631187915802,0.05822592228651047,4.474625110626221,0.05837675556540489,48750,3120000,62400,3231150
24,12,X2,-2.658636731032733,2.534804000519216,0.9708926677703857,0.012663692235946655,0.05818372219800949,1.4813876152038574,0.01167630311101675,5.152454224228859,0.9708926677703857,1.4813876152038574,0.055822908878326416,4.535370349884033,0.0708049088716507,48750,3120000,62400,3231150
24,13,X5,-1.6114763375016383,2.45191805716604,0.970982015132904,0.012580526992678642,0.04308741167187691,1.4138051271438599,0.011462976224720478,4.388607221841812,0.970982015132904,1.4138051271438599,0.05570153892040253,3.7922074794769287,0.06374077498912811,48750,3120000,62400,3231150
24,14,X2,-3.9152797201917258,2.382366493344307,0.971088707447052,0.012483743950724602,0.032964639365673065,1.3545992374420166,0.011230165138840675,3.574998839944601,0.971088707447052,1.3545992374420166,0.05080971494317055,2.9970269203186035,0.062024615705013275,48750,3120000,62400,3231150
24,15,X2,2.4129539234120507,2.2743365401402116,0.9711217880249023,0.012238414958119392,0.021920112892985344,1.2581602334976196,0.010895990766584873,1.6981576204299926,0.9711217880249023,1.2581602334976196,0.04863689839839935,1.1302740573883057,0.07339026033878326,48750,3120000,62400,3231150
24,16,X3,0.21490903281565554,2.2315958086401224,0.9709858298301697,0.012146237306296825,0.018468990921974182,1.219226360321045,0.010768390260636806,1.6027307309210301,0.9709858298301697,1.219226360321045,0.05927139148116112,1.020455241203308,0.0849616602063179,48750,3120000,62400,3231150
24,17,X2,-0.20965578627640546,2.1972885159775615,0.9709386825561523,0.012074656784534454,0.017398599535226822,1.186225175857544,0.010651401244103909,1.323748740553856,0.9709386825561523,1.186225175857544,0.044808872044086456,0.7288039326667786,0.11870316416025162,48750,3120000,62400,3231150
24,18,X4,2.1118622840025294,2.1443995283916593,0.9710826873779297,0.011924553662538528,0.015520455315709114,1.135340690612793,0.010531141422688961,1.0703390389680862,0.9710826873779297,1.135340690612793,0.04288388788700104,0.5104424953460693,0.09572798013687134,48750,3120000,62400,3231150
24,19,X1,1.7516009919974103,2.1245410833507776,0.971082866191864,0.011854268610477448,0.014933298341929913,1.1162053346633911,0.010465315543115139,1.1053309701383114,0.971082866191864,1.1162053346633911,0.04638465866446495,0.5299250483512878,0.11156362295150757,48750,3120000,62400,3231150
24,20,X1,-3.030282870296573,2.108985085040331,0.9710816740989685,0.0123443603515625,0.01494590938091278,1.1001895666122437,0.010423574596643448,1.1243326738476753,0.9710816740989685,1.1001895666122437,0.023527130484580994,0.5645226836204529,0.12202861160039902,48750,3120000,62400,3231150
24,21,X3,-2.1350055199135753,2.0836485465988517,0.9709808826446533,0.01206652820110321,0.0144894914701581,1.0758280754089355,0.010283568874001503,1.1455429594963789,0.9709808826446533,1.0758280754089355,0.027603914961218834,0.6000840067863464,0.10849324613809586,48750,3120000,62400,3231150
24,22,X2,2.952739981103237,2.074940430931747,0.9708291292190552,0.01198743749409914,0.015092534013092518,1.0668203830718994,0.010210947133600712,1.3480929609388113,0.9708291292190552,1.0668203830718994,0.025619572028517723,0.8240416049957275,0.09090188145637512,48750,3120000,62400,3231150
24,23,X5,-4.845345426699802,2.0675375815480947,0.9708719849586487,0.011904468759894371,0.014991491101682186,1.0596240758895874,0.010145560838282108,1.280326246097684,0.9708719849586487,1.0596240758895874,0.020383285358548164,0.7625308036804199,0.0913129448890686,48750,3120000,62400,3231150
24,24,X2,1.3928560107650885,2.0564067978411913,0.9707591533660889,0.01180865615606308,0.014770766720175743,1.0492013692855835,0.009866852313280106,1.1886172473430634,0.9707591533660889,1.0492013692855835,0.01989889144897461,0.6975387334823608,0.06718751788139343,48750,3120000,62400,3231150
25,0,X5,-1.3535055714214907,10.904596269130707,0.9787728190422058,2.097491502761841,2.467944383621216,4.611109256744385,0.7492783069610596,18.976678121089936,0.9787728190422058,4.611109256744385,11.431995391845703,4.103723049163818,2.3229832649230957,48750,3120000,62400,3231150
25,1,X1,4.783703305357157,6.947905324399471,0.9983444213867188,1.3304016590118408,0.27811843156814575,4.247799873352051,0.09324093908071518,9.63076467514038,0.9983444213867188,4.247799873352051,4.024957180023193,2.887576103210449,1.6690025329589844,48750,3120000,62400,3231150
25,2,X4,-1.2980617305615985,6.070984482765198,1.0054091215133667,0.7861868739128113,0.26770877838134766,3.913719654083252,0.09796005487442017,4.149126243591309,1.0054091215133667,3.913719654083252,0.6750684976577759,1.9926611185073853,0.49757087230682373,48750,3120000,62400,3231150
25,3,X1,3.6852515393224525,4.83202937990427,0.993425190448761,0.25179359316825867,0.2221444547176361,3.316375255584717,0.048290885984897614,2.92920777797699,0.993425190448761,3.316375255584717,0.1568865180015564,1.4962501525878906,0.41411101818084717,48750,3120000,62400,3231150
25,4,X1,4.34764081996353,4.430749919265509,0.9861114621162415,0.13968800008296967,0.2121274322271347,3.054333448410034,0.03848957642912865,2.8618887305259704,0.9861114621162415,3.054333448410034,0.30134788155555725,1.3362691402435303,0.4161827266216278,48750,3120000,62400,3231150
25,5,X3,-4.972942242376409,4.112136445939541,0.9850790500640869,0.07013211399316788,0.2063286304473877,2.8170292377471924,0.033567413687705994,2.984304630756378,0.9850790500640869,2.8170292377471924,0.418744832277298,1.441627860069275,0.36351028084754944,48750,3120000,62400,3231150
25,6,X5,0.5885040011146039,3.641408160328865,0.976911187171936,0.025901691988110542,0.19707168638706207,2.414496660232544,0.027026934549212456,2.952083045244217,0.976911187171936,2.414496660232544,0.36254197359085083,1.6149474382400513,0.2963120639324188,48750,3120000,62400,3231150
25,7,X1,-4.164703203891012,3.5562777537852526,0.9744216203689575,0.07411938905715942,0.2392703890800476,2.2438464164733887,0.02461993880569935,2.6344393700361253,0.9744216203689575,2.2438464164733887,0.07847325503826141,1.6232026815414429,0.28910982608795166,48750,3120000,62400,3231150
25,8,X4,-4.710767082215931,3.3800382278859615,0.9752053618431091,0.055536601692438126,0.22849252820014954,2.0896999835968018,0.031103752553462982,2.576335559785366,0.9752053618431091,2.0896999835968018,0.06381168216466904,1.5587397813796997,0.34080302715301514,48750,3120000,62400,3231150
25,9,X5,-1.551295430527524,3.068440357223153,0.9733480215072632,0.03154221922159195,0.21292059123516083,1.8276737928390503,0.02295573242008686,2.463925140351057,0.9733480215072632,1.8276737928390503,0.0387846939265728,1.6697636842727661,0.19517239928245544,48750,3120000,62400,3231150
25,10,X2,4.186863588988793,2.9417138136923313,0.9735194444656372,0.02582455798983574,0.2035982608795166,1.7166390419006348,0.022132508456707,2.536968931555748,0.9735194444656372,1.7166390419006348,0.027668416500091553,1.8199338912963867,0.15133492648601532,48750,3120000,62400,3231150
25,11,X2,-0.8031108397865871,2.838852260261774,0.9726461172103882,0.021634280681610107,0.2048969715833664,1.6185452938079834,0.02112959697842598,1.768028647080064,0.9726461172103882,1.6185452938079834,0.02379598654806614,1.0672918558120728,0.1587025225162506,48750,3120000,62400,3231150
25,12,X4,1.181761547132309,2.6673568673431873,0.971155047416687,0.015912963077425957,0.20438778400421143,1.4577305316925049,0.018170541152358055,1.5346146788448096,0.971155047416687,1.4577305316925049,0.018122976645827293,0.903458297252655,0.12725628912448883,48750,3120000,62400,3231150
25,13,X5,4.805387886060071,2.598297430202365,0.9708202481269836,0.014441315084695816,0.20358607172966003,1.392592430114746,0.016857365146279335,1.5281500471755862,0.9708202481269836,1.392592430114746,0.01533383410423994,0.924839973449707,0.1152937039732933,48750,3120000,62400,3231150
25,14,X2,3.9083595818064936,2.538995905779302,0.9710440635681152,0.013560823164880276,0.20317547023296356,1.3354284763336182,0.015787072479724884,1.5722554804757238,0.9710440635681152,1.3354284763336182,0.014457431621849537,0.9872468113899231,0.10925672948360443,48750,3120000,62400,3231150
25,15,X5,-4.014262567275648,2.446334761567414,0.9705835580825806,0.012414171360433102,0.20470818877220154,1.2443807125091553,0.014248130843043327,1.4727229123935104,0.9705835580825806,1.2443807125091553,0.012378661893308163,0.8961383104324341,0.12121308594942093,48750,3120000,62400,3231150
25,16,X1,1.8857029458065897,2.4098117146641016,0.9705806970596313,0.012134415097534657,0.2044171243906021,1.2089827060699463,0.013696772046387196,1.2733811156824233,0.9705806970596313,1.2089827060699463,0.012660426087677479,0.7288735508918762,0.09593445807695389,48750,3120000,62400,3231150
25,17,X2,-1.736480829281939,2.377332459203899,0.9705846905708313,0.011937519535422325,0.20306867361068726,1.178472876548767,0.013268698938190937,1.2320223705843092,0.9705846905708313,1.178472876548767,0.011400130577385426,0.691055953502655,0.09975477308034897,48750,3120000,62400,3231150
25,18,X5,0.7289333789318428,2.312577416189015,0.9705939888954163,0.011724602431058884,0.18601000308990479,1.1316124200820923,0.012636401690542698,1.0787477407604456,0.9705939888954163,1.1316124200820923,0.011308619752526283,0.5459699630737305,0.10102787613868713,48750,3120000,62400,3231150
25,19,X2,-0.95971820354983,2.2819370348006487,0.9705808758735657,0.011656717397272587,0.17326851189136505,1.1140387058258057,0.012392223812639713,1.0233532892540098,0.9705808758735657,1.1140387058258057,0.011981484480202198,0.509574294090271,0.08487359434366226,48750,3120000,62400,3231150
25,20,X3,-4.10024351395295,2.2548752576112747,0.9706119894981384,0.011604678817093372,0.16140766441822052,1.0991343259811401,0.012116598896682262,0.9866740487515927,0.9706119894981384,1.0991343259811401,0.0113399438560009,0.46644386649131775,0.09494097530841827,48750,3120000,62400,3231150
25,21,X1,3.3903364397589684,2.208748639561236,0.9706663489341736,0.011550750583410263,0.1382683366537094,1.0765388011932373,0.011724402196705341,0.9332545645534993,0.9706663489341736,1.0765388011932373,0.010585781186819077,0.4237917959690094,0.08943595737218857,48750,3120000,62400,3231150
25,22,X4,3.9725888891478114,2.191664855927229,0.970668613910675,0.011523198336362839,0.12988342344760895,1.0681134462356567,0.011476173996925354,0.9480127045884729,0.970668613910675,1.0681134462356567,0.010661535896360874,0.42913809418678284,0.10045666247606277,48750,3120000,62400,3231150
25,23,X5,4.251708658844608,2.1767590856179595,0.9706020951271057,0.011516628786921501,0.12209577858448029,1.061235785484314,0.011308797635138035,0.9664635745808483,0.9706020951271057,1.061235785484314,0.010471696965396404,0.441263884305954,0.1083604171872139,48750,3120000,62400,3231150
25,24,X2,-2.4086671727694977,2.1526350928470492,0.9706676602363586,0.011462735943496227,0.10807967931032181,1.051395297050476,0.011029720306396484,0.911056779883802,0.9706676602363586,1.051395297050476,0.010269894264638424,0.4066909849643707,0.08968330919742584,48750,3120000,62400,3231150
26,0,X3,-2.540128473047095,10.996797353029251,0.9741925597190857,2.267792224884033,2.9255943298339844,4.610943794250488,0.21827444434165955,17.624794352054597,0.9741925597190857,4.610943794250488,11.23112678527832,4.444021701812744,0.8326185941696167,48750,3120000,62400,3231150
26,1,X5,2.9629406143389527,7.018431261181831,0.9823312759399414,0.7031435370445251,0.9800696969032288,4.25614070892334,0.0967460423707962,9.040701699256896,0.9823312759399414,4.25614070892334,3.597080707550049,3.3934731483459473,1.0024534463882446,48750,3120000,62400,3231150
26,2,X4,-3.5518635092998774,5.740505114197731,0.9710907936096191,0.09232896566390991,0.5947555899620056,3.927460193634033,0.15486957132816315,4.87324391901493,0.9710907936096191,3.927460193634033,0.5952468514442444,3.0991971492767334,0.19908972084522247,48750,3120000,62400,3231150
26,3,X2,-3.9710300377822794,5.1002057660371065,0.9720215797424316,0.02283763699233532,0.697019636631012,3.357316017150879,0.051010895520448685,1.7593873530626298,0.9720215797424316,3.357316017150879,0.0993100106716156,0.7213702201843262,0.07283960282802582,48750,3120000,62400,3231150
26,4,X2,-2.0106402498384823,4.61061580106616,0.9717598557472229,0.01784469373524189,0.4847099483013153,3.1083528995513916,0.027948403730988503,1.438608779013157,0.9717598557472229,3.1083528995513916,0.06475777924060822,0.4971848130226135,0.06064363569021225,48750,3120000,62400,3231150
26,5,X4,2.5714218129439805,4.273784080520272,0.9711557030677795,0.0155244842171669,0.38634660840034485,2.8792638778686523,0.02149340696632862,1.3572933346033098,0.9711557030677795,2.8792638778686523,0.05608879029750824,0.46185991168022156,0.06926071643829346,48750,3120000,62400,3231150
26,6,X1,0.6730791673611929,3.745132111944258,0.9737610220909119,0.013510906137526035,0.2594068944454193,2.4819538593292236,0.016499429941177368,1.3269320018589497,0.9737610220909119,2.4819538593292236,0.04061208292841911,0.5353195667266846,0.05985737591981888,48750,3120000,62400,3231150
26,7,X1,0.6639123061215297,3.529957801103592,0.9736471176147461,0.012949706986546516,0.21622252464294434,2.31179141998291,0.015347031876444817,1.3233286902308463,0.9736471176147461,2.31179141998291,0.036766085773706436,0.5762984752655029,0.05317642167210579,48750,3120000,62400,3231150
26,8,X3,3.0370585800941736,3.344143341295421,0.9721328616142273,0.012479010038077831,0.18646718561649323,2.1585097312927246,0.014554552733898163,1.3062562808394431,0.9721328616142273,2.1585097312927246,0.0334567166864872,0.5919114947319031,0.05475955083966255,48750,3120000,62400,3231150
26,9,X2,-1.7367550578017776,3.04218568559736,0.9711015820503235,0.012073170393705368,0.15267544984817505,1.8927264213562012,0.013609061948955059,1.4387661933898925,0.9711015820503235,1.8927264213562012,0.027079280465841293,0.7837894558906555,0.055131856352090836,48750,3120000,62400,3231150
26,10,X1,3.187310935349993,2.983934162184596,0.9710980653762817,0.011794432066380978,0.2084568738937378,1.7792904376983643,0.013294353149831295,1.3635766893625259,0.9710980653762817,1.7792904376983643,0.019264157861471176,0.7368705868721008,0.057364244014024734,48750,3120000,62400,3231150
26,11,X4,-2.58760366341803,2.8836206570267677,0.9717235565185547,0.01166890561580658,0.20933875441551208,1.6780495643615723,0.012839876115322113,1.2649179872125387,0.9717235565185547,1.6780495643615723,0.01515902392566204,0.68434739112854,0.03545694798231125,48750,3120000,62400,3231150
26,12,X4,0.20684656831404968,2.6894663982093334,0.9719778299331665,0.011592800728976727,0.18629632890224457,1.5071152448654175,0.012484193779528141,1.2877013003453612,0.9719778299331665,1.5071152448654175,0.01413299422711134,0.7389025688171387,0.038847122341394424,48750,3120000,62400,3231150
26,13,X5,-2.070245364456503,2.6088447868824005,0.9721620082855225,0.011645413003861904,0.17732056975364685,1.4353647232055664,0.01235207263380289,1.3314276233315467,0.9721620082855225,1.4353647232055664,0.01377546414732933,0.8018400073051453,0.034306805580854416,48750,3120000,62400,3231150
26,14,X4,-4.797251191096617,2.53667248878628,0.971821129322052,0.01171706710010767,0.16775210201740265,1.372694730758667,0.012687459588050842,1.295336870662868,0.971821129322052,1.372694730758667,0.012398037128150463,0.6959397792816162,0.11809588223695755,48750,3120000,62400,3231150
26,15,X1,3.3593809545813205,2.412710319273174,0.9715227484703064,0.011699214577674866,0.14545676112174988,1.2716997861862183,0.012331808917224407,1.0087048208341003,0.9715227484703064,1.2716997861862183,0.01095596607774496,0.4595133066177368,0.08959104120731354,48750,3120000,62400,3231150
26,16,X3,3.943315917221131,2.3397982325404882,0.9718237519264221,0.011691645719110966,0.11258287727832794,1.2314461469650269,0.012253810651600361,0.9974223310127854,0.9718237519264221,1.2314461469650269,0.01104693952947855,0.4604097902774811,0.08531162142753601,48750,3120000,62400,3231150
26,17,X5,-0.458858592899305,2.2787112966179848,0.9717381000518799,0.011683313176035881,0.08609861880540848,1.1970348358154297,0.012156428769230843,1.112778122164309,0.9717381000518799,1.1970348358154297,0.009999849833548069,0.588266134262085,0.08075755089521408,48750,3120000,62400,3231150
26,18,X3,-4.784763029724504,2.189506061375141,0.9716570377349854,0.01166085246950388,0.051765475422143936,1.1425366401672363,0.011886055581271648,1.2009707970544696,0.9716570377349854,1.1425366401672363,0.01023425068706274,0.707785964012146,0.06011184677481651,48750,3120000,62400,3231150
26,19,X1,0.9563305896793031,2.1584780029952526,0.9716454148292542,0.011651118285953999,0.041941747069358826,1.1215027570724487,0.011736965738236904,1.2901694897562266,0.9716454148292542,1.1215027570724487,0.012110264971852303,0.7956411838531494,0.06378840655088425,48750,3120000,62400,3231150
26,20,X2,-2.0159119357085533,2.1339060198515654,0.9713562726974487,0.011641831137239933,0.03504921495914459,1.1042250394821167,0.011633661575615406,1.4619292261078956,0.9713562726974487,1.1042250394821167,0.011032556183636189,0.9825520515441895,0.05322835594415665,48750,3120000,62400,3231150
26,21,X3,0.39162599139988874,2.0994625901803374,0.9711418747901917,0.011621041223406792,0.026105010882019997,1.0790928602218628,0.011501803062856197,1.4393684666603805,0.9711418747901917,1.0790928602218628,0.010823624208569527,0.9728245139122009,0.04567338153719902,48750,3120000,62400,3231150
26,22,X3,1.3275306602784465,2.0874248212203383,0.9708763957023621,0.01161068957298994,0.023440178483724594,1.0700870752334595,0.011410482227802277,1.5998492017388344,0.9708763957023621,1.0700870752334595,0.009708326309919357,1.1392680406570435,0.04268014058470726,48750,3120000,62400,3231150
26,23,X1,-2.312101935287253,2.0784424506127834,0.9708725214004517,0.011607703752815723,0.021885741502046585,1.0627542734146118,0.011322210542857647,1.5381788404658436,0.9708725214004517,1.0627542734146118,0.011315197683870792,1.0758297443389893,0.04430853947997093,48750,3120000,62400,3231150
26,24,X3,-1.4253374681911435,2.063752356916666,0.9707891941070557,0.011586504057049751,0.018730126321315765,1.051593542098999,0.011052990332245827,1.5233085468411445,0.9707891941070557,1.051593542098999,0.01002657413482666,1.0743300914764404,0.034475333988666534,48750,3120000,62400,3231150
27,0,X5,0.14541814171526113,11.287957608699799,0.9716302752494812,2.562473773956299,1.202573537826538,4.610903263092041,1.9403767585754395,21.004940164089202,0.9716302752494812,4.610903263092041,10.972062110900879,6.116872787475586,2.7994985580444336,48750,3120000,62400,3231150
27,1,X3,-2.6065360922335854,6.898730367422104,0.9708613753318787,0.9581884741783142,0.44116726517677307,4.257270812988281,0.2712424397468567,14.645043647289276,0.9708613753318787,4.257270812988281,4.16818904876709,8.07055377960205,1.3606743812561035,48750,3120000,62400,3231150
27,2,X3,2.1379036641658775,5.76371742784977,0.9822816252708435,0.2727317214012146,0.37688469886779785,3.933833122253418,0.19798626005649567,13.474239933490754,0.9822816252708435,3.933833122253418,1.5017932653427124,8.366827011108398,2.62239670753479,48750,3120000,62400,3231150
27,3,X3,-0.43119111258368115,4.726457539945841,0.9833475351333618,0.03693229332566261,0.2565239667892456,3.377458095550537,0.07219564914703369,10.340737929940223,0.9833475351333618,3.377458095550537,0.19236041605472565,8.259868621826172,1.0163477659225464,48750,3120000,62400,3231150
27,4,X5,0.78347274775372,4.392486544325948,0.982339084148407,0.025263214483857155,0.19854271411895752,3.1293373107910156,0.05700422078371048,9.886626502871513,0.982339084148407,3.1293373107910156,0.14036546647548676,8.788616180419922,0.13530957698822021,48750,3120000,62400,3231150
27,5,X4,0.5911232078893827,4.112001137807965,0.9867914915084839,0.01999395526945591,0.15094541013240814,2.9001214504241943,0.054148830473423004,9.453250935673713,0.9867914915084839,2.9001214504241943,0.11141056567430496,8.473254203796387,0.09120357781648636,48750,3120000,62400,3231150
27,6,X4,3.886630051182024,3.6270421352237463,0.9744511842727661,0.0152664203196764,0.10158548504114151,2.4920012950897217,0.0437377505004406,9.821578478068114,0.9744511842727661,2.4920012950897217,0.06737729907035828,9.008570671081543,0.05234001204371452,48750,3120000,62400,3231150
27,7,X1,-0.8185261035161613,3.424409771338105,0.9749236106872559,0.014096783474087715,0.09233520925045013,2.3092172145843506,0.03383695334196091,8.931065112352371,0.9749236106872559,2.3092172145843506,0.05319061875343323,8.152582168579102,0.06846415996551514,48750,3120000,62400,3231150
27,8,X1,1.5647617303135943,3.2507880609482527,0.9749117493629456,0.013462496921420097,0.09457030147314072,2.144885301589966,0.022958211600780487,8.387139308452607,0.9749117493629456,2.144885301589966,0.05209961533546448,7.4152631759643555,0.295817106962204,48750,3120000,62400,3231150
27,9,X4,0.6014702496214017,2.951569627970457,0.9709679484367371,0.012822071090340614,0.08678486943244934,1.8666428327560425,0.014351906254887581,8.9371329985559,0.9709679484367371,1.8666428327560425,0.039462920278310776,8.240918159484863,0.0892297625541687,48750,3120000,62400,3231150
27,10,X1,-4.271088925532056,2.865809854120016,0.9710332751274109,0.012729331851005554,0.11913081258535385,1.7500014305114746,0.012915004044771194,9.640481074899435,0.9710332751274109,1.7500014305114746,0.03857370838522911,9.004375457763672,0.05332496762275696,48750,3120000,62400,3231150
27,11,X1,-1.9433073052246796,2.7519706171005964,0.9710401296615601,0.012467854656279087,0.10892000049352646,1.6474955081939697,0.012047124095261097,9.019220238924026,0.9710401296615601,1.6474955081939697,0.03543552756309509,8.414443016052246,0.045634567737579346,48750,3120000,62400,3231150
27,12,X1,1.5512644229017747,2.58040792029351,0.9708099365234375,0.012355179525911808,0.10671018809080124,1.479490876197815,0.011041739955544472,9.487002220749854,0.9708099365234375,1.479490876197815,0.0344528928399086,8.890399932861328,0.07208923250436783,48750,3120000,62400,3231150
27,13,X1,0.312651742388546,2.509800521656871,0.9708091020584106,0.01230840478092432,0.10577063262462616,1.4101550579071045,0.010757324285805225,10.003504242748022,0.9708091020584106,1.4101550579071045,0.03377370908856392,9.410001754760742,0.08353594690561295,48750,3120000,62400,3231150
27,14,X1,4.384997211756339,2.4468630887567997,0.970810055732727,0.012606038711965084,0.10369313508272171,1.349181056022644,0.01057280320674181,7.679129595495761,0.970810055732727,1.349181056022644,0.013346084393560886,7.117736339569092,0.08404894918203354,48750,3120000,62400,3231150
27,15,X3,3.257860482079616,2.325737944804132,0.9705918431282043,0.012071941047906876,0.0812530443072319,1.2514621019363403,0.010359014384448528,9.15318422317505,0.9705918431282043,1.2514621019363403,0.013118639588356018,8.579012870788574,0.11664192378520966,48750,3120000,62400,3231150
27,16,X5,2.9699523913103,2.2800200590863824,0.9707456231117249,0.012008790858089924,0.07442434132099152,1.2125654220581055,0.010275881737470627,9.220316497422754,0.9707456231117249,1.2125654220581055,0.010689900256693363,8.638489723205566,0.13447466492652893,48750,3120000,62400,3231150
27,17,X1,-4.01148684496392,2.2404377637431026,0.9707568883895874,0.01191741693764925,0.06795583665370941,1.1795581579208374,0.010249463841319084,9.124177665449679,0.9707568883895874,1.1795581579208374,0.010691606439650059,8.586580276489258,0.09684277325868607,48750,3120000,62400,3231150
27,18,X4,2.5386244153196857,2.1779522597789764,0.9711066484451294,0.011746348813176155,0.05656253546476364,1.128406047821045,0.010130679234862328,10.480814286880195,0.9711066484451294,1.128406047821045,0.012478861026465893,9.888984680175781,0.15944820642471313,48750,3120000,62400,3231150
27,19,X1,4.8449978078696105,2.155118984170258,0.9711209535598755,0.011853693053126335,0.052846942096948624,1.1091763973236084,0.0101209981366992,10.06422054246068,0.9711209535598755,1.1091763973236084,0.01096910610795021,9.475541114807129,0.1616508513689041,48750,3120000,62400,3231150
27,20,X4,-3.2249915448110844,2.1357455560937524,0.9708069562911987,0.011764413677155972,0.0495881624519825,1.0933319330215454,0.010254090651869774,10.205992566607893,0.9708069562911987,1.0933319330215454,0.010878092609345913,9.749486923217773,0.032799772918224335,48750,3120000,62400,3231150
27,21,X5,1.919486779131132,2.106893492862582,0.9706976413726807,0.011623444966971874,0.04473193734884262,1.0697598457336426,0.01008062344044447,10.134374048374593,0.9706976413726807,1.0697598457336426,0.0104133365675807,9.686501502990723,0.029367711395025253,48750,3120000,62400,3231150
27,22,X3,4.763777428421653,2.0961763532832265,0.9706458449363708,0.011588023044168949,0.042800866067409515,1.0610873699188232,0.010054249316453934,10.732714676856995,0.9706458449363708,1.0610873699188232,0.011041466146707535,10.287245750427246,0.028080817312002182,48750,3120000,62400,3231150
27,23,X1,-2.397087116984359,2.0889674657955766,0.9706424474716187,0.01156575046479702,0.042501144111156464,1.0542230606079102,0.01003506314009428,9.519167121313512,0.9706424474716187,1.0542230606079102,0.009489958174526691,9.081425666809082,0.02327839471399784,48750,3120000,62400,3231150
27,24,X1,-4.324232621780045,2.0756372855976224,0.9705867171287537,0.01151901576668024,0.03853986784815788,1.0450011491775513,0.00999053567647934,9.086287144944071,0.9705867171287537,1.0450011491775513,0.010844124481081963,8.647714614868164,0.02461083233356476,48750,3120000,62400,3231150
28,0,X5,2.9620640675688357,10.487696707248688,0.9760192632675171,2.2689483165740967,0.6440795063972473,4.610856056213379,1.9877935647964478,19.28693072795868,0.9760192632675171,4.610856056213379,11.41174602508545,5.076047897338867,1.6817617416381836,48750,3120000,62400,3231150
28,1,X4,2.838358203603315,6.8636632561683655,0.9715185761451721,0.9582677483558655,0.38517382740974426,4.251968860626221,0.2967342436313629,13.809030377864838,0.9715185761451721,4.251968860626221,6.400987148284912,5.592777252197266,0.7705684900283813,48750,3120000,62400,3231150
28,2,X3,-4.499497814419826,5.7362619787454605,0.9709582924842834,0.29043278098106384,0.29965755343437195,3.9329018592834473,0.242311492562294,10.13823379278183,0.9709582924842834,3.9329018592834473,2.07169771194458,6.018558025360107,1.0672060251235962,48750,3120000,62400,3231150
28,3,X3,-4.840614302104548,4.627890354022384,0.9713700413703918,0.028560368344187737,0.17363779246807098,3.36257004737854,0.09175210446119308,8.715265396237374,0.9713700413703918,3.36257004737854,0.3372276723384857,7.354396343231201,0.15685336291790009,48750,3120000,62400,3231150
28,4,X1,-0.5038952589950583,4.312052378430963,0.9712955355644226,0.021796615794301033,0.13704365491867065,3.115684986114502,0.06623158603906631,7.957293078303337,0.9712955355644226,3.115684986114502,0.19901148974895477,6.826420783996582,0.11446470022201538,48750,3120000,62400,3231150
28,5,X4,2.0561179060432666,4.045683449134231,0.9715934991836548,0.019294576719403267,0.11375071108341217,2.8880250453948975,0.05301961675286293,7.804699766635895,0.9715934991836548,2.8880250453948975,0.11520899832248688,6.864313125610352,0.053253933787345886,48750,3120000,62400,3231150
28,6,X2,-4.399878525804025,3.6104698423296213,0.9706237316131592,0.01765834353864193,0.09432680904865265,2.4935288429260254,0.034332115203142166,4.911165700107813,0.9706237316131592,2.4935288429260254,0.06474152952432632,4.1048903465271,0.048703309148550034,48750,3120000,62400,3231150
28,7,X3,3.473766886608578,3.4320112727582455,0.9708484411239624,0.017248617485165596,0.09130128473043442,2.323920965194702,0.028691964223980904,5.340801393985748,0.9708484411239624,2.323920965194702,0.05876261368393898,4.591001987457275,0.03208291158080101,48750,3120000,62400,3231150
28,8,X2,-2.3977925456980587,3.2728292904794216,0.9710551500320435,0.016803927719593048,0.09054030478000641,2.1701111793518066,0.02431872859597206,5.265096531063318,0.9710551500320435,2.1701111793518066,0.053319331258535385,4.553605556488037,0.02993837743997574,48750,3120000,62400,3231150
28,9,X5,1.2875805079052105,2.999702977016568,0.970634937286377,0.015835242345929146,0.09095530956983566,1.9030629396438599,0.01921454817056656,4.573495738208294,0.970634937286377,1.9030629396438599,0.03890491649508476,3.9274203777313232,0.03243086859583855,48750,3120000,62400,3231150
28,10,X3,-0.27283482822885485,2.8830844778567553,0.970600962638855,0.015349512919783592,0.091323122382164,1.7882132530212402,0.017597626894712448,5.713200324773789,0.970600962638855,1.7882132530212402,0.03949101269245148,5.083580017089844,0.03836645185947418,48750,3120000,62400,3231150
28,11,X4,2.2699691562688766,2.7797573981806636,0.9706021547317505,0.014937114901840687,0.09219495207071304,1.6855981349945068,0.01642504148185253,4.948179152607918,0.9706021547317505,1.6855981349945068,0.03145298361778259,4.343260288238525,0.04222582280635834,48750,3120000,62400,3231150
28,12,X4,-4.51342977050385,2.60861951764673,0.9705814123153687,0.014126954600214958,0.09444352984428406,1.514315128326416,0.015152492560446262,5.053647317737341,0.9705814123153687,1.514315128326416,0.029734652489423752,4.393626689910889,0.13330666720867157,48750,3120000,62400,3231150
28,13,X1,-4.032121997041185,2.576981209218502,0.9705811142921448,0.01549225952476263,0.1327243447303772,1.4435673952102661,0.014616095460951328,4.696554926969111,0.9705811142921448,1.4435673952102661,0.012778655625879765,4.080108165740967,0.12083840370178223,48750,3120000,62400,3231150
28,14,X3,-2.089884518634195,2.503831759095192,0.9705946445465088,0.014453166164457798,0.12368283420801163,1.3809252977371216,0.01417581643909216,4.2208753697574135,0.9705946445465088,1.3809252977371216,0.012931820005178452,3.605761766433716,0.13187779486179352,48750,3120000,62400,3231150
28,15,X5,-3.076672048311848,2.3948424691334367,0.97078537940979,0.013168822973966599,0.12037171423435211,1.2770556211471558,0.013460931368172169,3.6575390288606284,0.97078537940979,1.2770556211471558,0.01303610298782587,3.0717244148254395,0.12321031093597412,48750,3120000,62400,3231150
28,16,X5,-2.0610122133892874,2.3518889900296926,0.9706276059150696,0.012803217396140099,0.12052323669195175,1.234729528427124,0.013205401599407196,4.936190716363489,0.9706276059150696,1.234729528427124,0.011798092164099216,4.366508960723877,0.11681223660707474,48750,3120000,62400,3231150
28,17,X1,-3.815826504063634,2.3160026790574193,0.9706290364265442,0.012506499886512756,0.12106839567422867,1.1988352537155151,0.01296349335461855,4.749220531247556,0.9706290364265442,1.1988352537155151,0.01178425457328558,4.181197166442871,0.12234625220298767,48750,3120000,62400,3231150
28,18,X1,-2.8324605335813957,2.253478634171188,0.9707044363021851,0.012084515765309334,0.11653365194797516,1.1417557001113892,0.012400330044329166,4.095370607450604,0.9707044363021851,1.1417557001113892,0.011123435571789742,3.5587687492370605,0.1029863953590393,48750,3120000,62400,3231150
28,19,X3,0.484193902593157,2.2318223426118493,0.9706745743751526,0.01194764394313097,0.11702701449394226,1.1199904680252075,0.01218264177441597,4.386996489204466,0.9706745743751526,1.1199904680252075,0.009885289706289768,3.848992347717285,0.1099858433008194,48750,3120000,62400,3231150
28,20,X5,4.371088036886,2.213791649788618,0.9706349968910217,0.011840312741696835,0.11738397181034088,1.1019599437713623,0.011972424574196339,3.883293778076768,0.9706349968910217,1.1019599437713623,0.010631406679749489,3.3484957218170166,0.10964766144752502,48750,3120000,62400,3231150
28,21,X3,4.440312624923994,2.1848491560667753,0.9706173539161682,0.011697188019752502,0.11510283499956131,1.075772762298584,0.011659016832709312,4.067120904289186,0.9706173539161682,1.075772762298584,0.010970628820359707,3.5331499576568604,0.1137222945690155,48750,3120000,62400,3231150
28,22,X4,-2.051796143180984,2.1757531696930528,0.9706081748008728,0.011633327230811119,0.11497697979211807,1.0665401220321655,0.011994565837085247,4.075918941386044,0.9706081748008728,1.0665401220321655,0.011623644270002842,3.6011171340942383,0.055748503655195236,48750,3120000,62400,3231150
28,23,X1,-1.4965536098228238,2.167549171485007,0.9706076383590698,0.011591007933020592,0.11448156088590622,1.0590242147445679,0.011844749562442303,3.532576160132885,0.9706076383590698,1.0590242147445679,0.010980591177940369,3.0765902996063232,0.03907889872789383,48750,3120000,62400,3231150
28,24,X5,-1.9598356948502316,2.1543691158294678,0.9705927968025208,0.011546681635081768,0.11221716552972794,1.0485464334487915,0.011466038413345814,3.7282946035265923,0.9705927968025208,1.0485464334487915,0.010459411889314651,3.2805564403533936,0.0334509052336216,48750,3120000,62400,3231150
29,0,X4,0.9271653968550231,12.850192725658417,0.9768352508544922,4.204071521759033,1.9837334156036377,4.996847629547119,0.6887049078941345,27.36685118675232,0.9768352508544922,4.996847629547119,18.439767837524414,3.784942865371704,3.947403907775879,48750,3120000,62400,3231150
29,1,X5,-4.742081353500969,9.195472300052643,0.9749742150306702,2.211996078491211,0.758327066898346,4.610938549041748,0.6392363905906677,17.904941618442535,0.9749742150306702,4.610938549041748,9.565099716186523,3.181732416152954,4.040926933288574,48750,3120000,62400,3231150
29,2,X2,-2.973901833469572,6.634268224239349,0.9706041216850281,0.7582007646560669,0.513165295124054,4.258488655090332,0.1338093876838684,8.713348019123078,0.9706041216850281,4.258488655090332,3.5814454555511475,1.7271958589553833,2.3588881492614746,48750,3120000,62400,3231150
29,3,X3,2.3073637999570886,5.036193981766701,0.9705894589424133,0.041955262422561646,0.3289354741573334,3.6491100788116455,0.04560370743274689,4.410816812515259,0.9705894589424133,3.6491100788116455,0.2287493348121643,2.0860917568206787,1.172035813331604,48750,3120000,62400,3231150
29,4,X2,-1.1777018974270526,4.682210046797991,0.9707036018371582,0.026411034166812897,0.277413934469223,3.3778913021087646,0.029790174216032028,4.19270199239254,0.9707036018371582,3.3778913021087646,0.10632775723934174,2.3050296306610107,0.9116256237030029,48750,3120000,62400,3231150
29,5,X1,4.427481794844402,4.372928993776441,0.9706928730010986,0.021535033360123634,0.2329087257385254,3.1253011226654053,0.02249123901128769,3.7682139825075867,0.9706928730010986,3.1253011226654053,0.028746766969561577,1.896256446838379,1.0240119695663452,48750,3120000,62400,3231150
29,6,X2,3.6708920823877786,3.972315882332623,0.9711877703666687,0.014468190260231495,0.28955864906311035,2.680837392807007,0.01626387983560562,2.685832444578409,0.9711877703666687,2.680837392807007,0.036773744970560074,0.8949925303459167,1.0236611366271973,48750,3120000,62400,3231150
29,7,X2,-4.896007109771495,3.7404737630859017,0.972332775592804,0.013477756641805172,0.2537630498409271,2.4862992763519287,0.014600904658436775,2.1780519183725118,0.972332775592804,2.4862992763519287,0.02643958292901516,0.4931410253047943,0.9667448997497559,48750,3120000,62400,3231150
29,8,X5,-2.6597800765362156,3.5151082687079906,0.9730334281921387,0.012919140048325062,0.20610280334949493,2.3095762729644775,0.01347662415355444,1.948579730093479,0.9730334281921387,2.3095762729644775,0.029097922146320343,0.4567529857158661,0.8062068819999695,48750,3120000,62400,3231150
29,9,X3,3.4543742543073517,3.145636161789298,0.9731864333152771,0.012366090901196003,0.1483350247144699,1.9998416900634766,0.011906922794878483,1.930821867659688,0.9731864333152771,1.9998416900634766,0.018665852025151253,0.4202527701854706,0.8972976207733154,48750,3120000,62400,3231150
29,10,X5,1.056288297775792,2.999567992053926,0.9740495085716248,0.012216471135616302,0.13453805446624756,1.8673810958862305,0.011382861994206905,1.8147719465196133,0.9740495085716248,1.8673810958862305,0.018344666808843613,0.44948288798332214,0.7786582708358765,48750,3120000,62400,3231150
29,11,X5,-4.940489575783806,2.871464637108147,0.9740391969680786,0.012133675627410412,0.12382684648036957,1.7503985166549683,0.01106640137732029,1.865803119726479,0.9740391969680786,1.7503985166549683,0.015605059452354908,0.4669439494609833,0.8383665680885315,48750,3120000,62400,3231150
29,12,X1,-1.4934115965115256,2.6566454702988267,0.9717476963996887,0.01190121192485094,0.10480470210313797,1.5575487613677979,0.010643098503351212,1.722060432098806,0.9717476963996887,1.5575487613677979,0.013360663317143917,0.49448779225349426,0.7083526849746704,48750,3120000,62400,3231150
29,13,X2,0.40878197346624123,2.570199833251536,0.97178053855896,0.011846526525914669,0.09751814603805542,1.4785869121551514,0.010467709973454475,1.6076619617640973,0.97178053855896,1.4785869121551514,0.012692015618085861,0.38795360922813416,0.7169428467750549,48750,3120000,62400,3231150
29,14,X3,-0.5736154104835203,2.49480002745986,0.9715384244918823,0.011808826588094234,0.09116015583276749,1.4099363088607788,0.010356311686336994,1.628501226939261,0.9715384244918823,1.4099363088607788,0.013344296254217625,0.31908366084098816,0.819778323173523,48750,3120000,62400,3231150
29,15,X2,-3.584658535866716,2.369415114633739,0.9708043932914734,0.011743972077965736,0.07816723734140396,1.2986024618148804,0.010097050108015537,1.5149763619527221,0.9708043932914734,1.2986024618148804,0.011764279566705227,0.30514711141586304,0.7441835999488831,48750,3120000,62400,3231150
29,16,X4,-0.9641952039935733,2.317692299373448,0.9707087278366089,0.011717514134943485,0.07185186445713043,1.2534939050674438,0.009920287877321243,1.3638971274718643,0.9707087278366089,1.2534939050674438,0.010474449954926968,0.2467437982559204,0.6618383526802063,48750,3120000,62400,3231150
29,17,X5,-4.983790616475251,2.273315974511206,0.9706160426139832,0.011702016927301884,0.06601941585540771,1.2151014804840088,0.009877018630504608,1.2233616542071104,0.9706160426139832,1.2151014804840088,0.011904073879122734,0.25414302945137024,0.520171046257019,48750,3120000,62400,3231150
29,18,X4,4.90465886293287,2.202085799537599,0.9707204699516296,0.011671192944049835,0.05516015738248825,1.154750943183899,0.009783036075532436,1.1339442677795888,0.9707204699516296,1.154750943183899,0.011624697595834732,0.24539415538311005,0.4518311321735382,48750,3120000,62400,3231150
29,19,X2,4.913747243655273,2.1744796419516206,0.970804750919342,0.011654085479676723,0.050883661955595016,1.1313695907592773,0.009767552837729454,1.1571968890726567,0.970804750919342,1.1313695907592773,0.011025581508874893,0.23399105668067932,0.49174538254737854,48750,3120000,62400,3231150
29,20,X3,-4.052915381451889,2.1510312696918845,0.9708781838417053,0.011628576554358006,0.04686734452843666,1.1118963956832886,0.009760769084095955,1.1270956417545677,0.9708781838417053,1.1118963956832886,0.010791867040097713,0.24634267389774323,0.4534061849117279,48750,3120000,62400,3231150
29,21,X5,1.7959262723050013,2.1155076110735536,0.9709457755088806,0.0115750040858984,0.0409703366458416,1.0822405815124512,0.009775913320481777,1.0703720746561887,0.9709457755088806,1.0822405815124512,0.009750950150191784,0.24897387623786926,0.4010099768638611,48750,3120000,62400,3231150
29,22,X2,-2.826608061064256,2.102373848669231,0.970906138420105,0.011562916450202465,0.03877769783139229,1.0713714361190796,0.009755659848451614,1.1621841290965675,0.970906138420105,1.0713714361190796,0.011059016920626163,0.19092662632465363,0.5517429709434509,48750,3120000,62400,3231150
29,23,X3,0.1350900516804776,2.0916720554232597,0.9708342552185059,0.011562151834368706,0.036740198731422424,1.062800645828247,0.009734803810715675,1.0365699265152215,0.9708342552185059,1.062800645828247,0.012154245749115944,0.20671017467975616,0.4109785258769989,48750,3120000,62400,3231150
29,24,X3,1.5025320719679716,2.0761106610298157,0.9709097743034363,0.011544959619641304,0.033427558839321136,1.0505390167236328,0.009689351543784142,1.1229556290432812,0.9709097743034363,1.0505390167236328,0.010083424858748913,0.230641171336174,0.47794127464294434,48750,3120000,62400,3231150
30,0,X3,-1.059087122230161,11.49976122379303,0.9753907918930054,1.8984427452087402,3.7316994667053223,4.611361980438232,0.2828662395477295,21.195181584358217,0.9753907918930054,4.611361980438232,10.273844718933105,7.718242645263672,2.0857436656951904,48750,3120000,62400,3231150
30,1,X5,2.315409589163907,7.754742205142975,0.9711614847183228,0.5756069421768188,1.8060903549194336,4.240035057067871,0.16184836626052856,13.977167248725891,0.9711614847183228,4.240035057067871,4.3680548667907715,6.234918594360352,2.3319544792175293,48750,3120000,62400,3231150
30,2,X2,4.800847982883937,5.424863152205944,0.9710190296173096,0.09405902028083801,0.381984680891037,3.896991729736328,0.08080869168043137,9.158807969093322,0.9710190296173096,3.896991729736328,1.446529507637024,4.182172775268555,2.5565035343170166,48750,3120000,62400,3231150
30,3,X3,1.7911966798646475,5.015351563692093,0.9705961346626282,0.03769664466381073,0.6465994715690613,3.3021411895751953,0.0583181232213974,5.583066844940186,0.9705961346626282,3.3021411895751953,0.5454646944999695,2.129687786102295,2.0533668994903564,48750,3120000,62400,3231150
30,4,X3,-4.668800420757919,4.631538420915604,0.9705899953842163,0.034459736198186874,0.5325708985328674,3.044098377227783,0.04981941357254982,5.4493930518627165,0.9705899953842163,3.044098377227783,0.49998340010643005,1.536865234375,2.6096067428588867,48750,3120000,62400,3231150
30,5,X3,-1.856761735872674,4.336863826960325,0.9706273674964905,0.03165894001722336,0.48478448390960693,2.8080270290374756,0.041766006499528885,4.435664397478104,0.9706273674964905,2.8080270290374756,0.44115445017814636,1.1093695163726807,2.1294095516204834,48750,3120000,62400,3231150
30,6,X5,-3.811298040799672,3.7917612586170435,0.9706199765205383,0.02575705572962761,0.35448703169822693,2.4124462604522705,0.02845093421638012,3.4187565803527833,0.9706199765205383,2.4124462604522705,0.3732612729072571,0.7392705678939819,1.6296114921569824,48750,3120000,62400,3231150
30,7,X1,-0.2605011140154234,3.5764502454549074,0.9706106781959534,0.023189803585410118,0.3131461441516876,2.245797872543335,0.023705746978521347,3.320228558778763,0.9706106781959534,2.245797872543335,0.3441149890422821,0.7533472776412964,1.5794845819473267,48750,3120000,62400,3231150
30,8,X4,-1.7635017188050304,3.3821723591536283,0.9706174731254578,0.021169466897845268,0.27606457471847534,2.0955445766448975,0.018776267766952515,1.8772157341241837,0.9706174731254578,2.0955445766448975,0.34040898084640503,0.7266659736633301,0.1969083696603775,48750,3120000,62400,3231150
30,9,X4,1.8986416094688172,3.050371505320072,0.9706346392631531,0.017824793234467506,0.20966656506061554,1.8369996547698975,0.015245852991938591,1.838165783882141,0.9706346392631531,1.8369996547698975,0.24766980111598969,0.8989899158477783,0.129979208111763,48750,3120000,62400,3231150
30,10,X1,1.1924363203697466,2.916568160057068,0.9706248641014099,0.016802219673991203,0.18755044043064117,1.7270911931991577,0.014499442651867867,1.7620696872472763,0.9706248641014099,1.7270911931991577,0.18082192540168762,0.901746392250061,0.13995815813541412,48750,3120000,62400,3231150
30,11,X2,0.1440429617499328,2.7977977581322193,0.9706307649612427,0.015936432406306267,0.16680310666561127,1.630434513092041,0.01399294100701809,1.811907070875168,0.9706307649612427,1.630434513092041,0.20922566950321198,0.9466402530670166,0.13582809269428253,48750,3120000,62400,3231150
30,12,X2,-1.6841763264788758,2.6000521779060364,0.9706214666366577,0.014701798558235168,0.13382592797279358,1.4680410623550415,0.01286192238330841,1.3399540022015572,0.9706214666366577,1.4680410623550415,0.15002033114433289,0.5854604244232178,0.11674074083566666,48750,3120000,62400,3231150
30,13,X3,-1.9849527550697266,2.517821188084781,0.9705885052680969,0.014333951286971569,0.12016882002353668,1.400266170501709,0.01246374100446701,1.2149956420063974,0.9705885052680969,1.400266170501709,0.13260100781917572,0.5092290639877319,0.09899463504552841,48750,3120000,62400,3231150
30,14,X5,4.83370601397575,2.444644690491259,0.9705829620361328,0.014009172096848488,0.1069091260433197,1.3410098552703857,0.012133575044572353,1.173027755320072,0.9705829620361328,1.3410098552703857,0.11260490119457245,0.5047988295555115,0.09330546110868454,48750,3120000,62400,3231150
30,15,X2,3.7687553168857058,2.327853257767856,0.9705861806869507,0.013408374041318893,0.0857619047164917,1.2465019226074219,0.01159487571567297,1.1809571802616121,0.9705861806869507,1.2465019226074219,0.106277696788311,0.5357469320297241,0.0955149307847023,48750,3120000,62400,3231150
30,16,X2,-4.150728438243725,2.2798215318471193,0.9705808162689209,0.013213290832936764,0.07573933899402618,1.2089523077011108,0.011335778050124645,1.2665029972791673,0.9705808162689209,1.2089523077011108,0.10402989387512207,0.6116161346435547,0.11495034396648407,48750,3120000,62400,3231150
30,17,X3,-4.911800711564348,2.2386111887171865,0.9705815315246582,0.013042735867202282,0.06700677424669266,1.1768642663955688,0.01111588068306446,1.2663199990987777,0.9705815315246582,1.1768642663955688,0.10546689480543137,0.6304099559783936,0.10095398873090744,48750,3120000,62400,3231150
30,18,X4,0.360914698840614,2.1716944593936205,0.9705854654312134,0.01275588758289814,0.05044178664684296,1.127087116241455,0.010824203491210938,1.3578848809003832,0.9705854654312134,1.127087116241455,0.08032118529081345,0.7569450736045837,0.10108410567045212,48750,3120000,62400,3231150
30,19,X4,-0.33977814142411056,2.145874524489045,0.9705810546875,0.012661099433898926,0.043704695999622345,1.108185052871704,0.01074262149631977,1.2741289272904397,0.9705810546875,1.108185052871704,0.06841176003217697,0.6810116767883301,0.10895226895809174,48750,3120000,62400,3231150
30,20,X2,4.969464262676761,2.124551085755229,0.970583975315094,0.01254237350076437,0.03792532533407211,1.0928529500961304,0.010646461509168148,1.2176051825284957,0.970583975315094,1.0928529500961304,0.07894057780504227,0.6258063316345215,0.10017088800668716,48750,3120000,62400,3231150
30,21,X4,-3.0639184295906996,2.0924243722110987,0.9706087708473206,0.01235260721296072,0.02855517342686653,1.0704714059829712,0.010436414740979671,1.4138790242373944,0.9706087708473206,1.0704714059829712,0.05221925303339958,0.9171798825263977,0.036263853311538696,48750,3120000,62400,3231150
30,22,X3,2.70283199232537,2.0809805849567056,0.9705870151519775,0.012279613874852657,0.025214778259396553,1.0625436305999756,0.010355547070503235,1.1558519691228866,0.9705870151519775,1.0625436305999756,0.06088851019740105,0.6540284156799316,0.034308914095163345,48750,3120000,62400,3231150
30,23,X4,-1.8816100625075216,2.071737735532224,0.9705810546875,0.012198040261864662,0.022438345476984978,1.0562412738800049,0.010279021225869656,1.1486879222095012,0.9705810546875,1.0562412738800049,0.055607859045267105,0.6520688533782959,0.035646744072437286,48750,3120000,62400,3231150
30,24,X5,-1.2074093980449763,2.058348868973553,0.9705899953842163,0.01202951930463314,0.0183394942432642,1.0472517013549805,0.010138158686459064,1.096120699122548,0.9705899953842163,1.0472517013549805,0.0636553019285202,0.6025749444961548,0.02632211335003376,48750,3120000,62400,3231150
31,0,X2,-0.004821540539489355,13.755546391010284,0.9762048125267029,4.800243377685547,2.0247669219970703,4.611225605010986,1.343105673789978,27.866907203197478,0.9762048125267029,4.611225605010986,22.36325454711914,2.9430227279663086,1.4431438446044922,48750,3120000,62400,3231150
31,1,X3,4.987451898115079,10.21017524600029,0.9756969213485718,2.7303645610809326,1.8904173374176025,4.25275993347168,0.3609364926815033,17.756956338882446,0.9756969213485718,4.25275993347168,13.381307601928711,2.6212072372436523,0.7087501287460327,48750,3120000,62400,3231150
31,2,X4,-1.0355326814344967,6.637842386960983,0.9751566648483276,1.029576063156128,0.5070214867591858,3.9227077960968018,0.20338037610054016,8.43566021323204,0.9751566648483276,3.9227077960968018,5.827118396759033,1.133331537246704,0.4956373870372772,48750,3120000,62400,3231150
31,3,X4,2.49134754435881,4.786938764154911,0.9774870872497559,0.052688561379909515,0.28668317198753357,3.333775281906128,0.13630466163158417,2.692050740122795,0.9774870872497559,3.333775281906128,0.5608379244804382,1.122964859008789,0.14599548280239105,48750,3120000,62400,3231150
31,4,X3,0.5536920892675532,4.383236855268478,0.975766122341156,0.03776609152555466,0.2026042491197586,3.0707366466522217,0.09636374562978745,2.153220531344414,0.975766122341156,3.0707366466522217,0.3671817183494568,0.9006776213645935,0.07606063783168793,48750,3120000,62400,3231150
31,5,X2,0.37133292969212306,4.060574077069759,0.9730715155601501,0.03170875459909439,0.1471613347530365,2.830657720565796,0.07797475159168243,2.034918585419655,0.9730715155601501,2.830657720565796,0.28406280279159546,0.8512362837791443,0.1388736516237259,48750,3120000,62400,3231150
31,6,X4,2.6269446039756437,3.566708466038108,0.9773010611534119,0.024319780990481377,0.0967831015586853,2.4156503677368164,0.05265415459871292,2.060365143418312,0.9773010611534119,2.4156503677368164,0.2012070268392563,0.8371332883834839,0.34343454241752625,48750,3120000,62400,3231150
31,7,X1,0.8935460979488665,3.3640930335968733,0.9768319129943848,0.021867329254746437,0.08785787224769592,2.236307382583618,0.041228536516427994,1.8590490758419036,0.9768319129943848,2.236307382583618,0.14987066388130188,0.8045974969863892,0.26195305585861206,48750,3120000,62400,3231150
31,8,X1,2.8217656691593485,3.2096330896019936,0.9768615365028381,0.01808244362473488,0.10597830265760422,2.0765841007232666,0.03212670609354973,1.6292705103754996,0.9768615365028381,2.0765841007232666,0.07840587943792343,0.6821503043174744,0.258025199174881,48750,3120000,62400,3231150
31,9,X2,0.6011002851764164,2.9058835934847593,0.9768979549407959,0.013243492692708969,0.08343960344791412,1.8091593980789185,0.023143144324421883,1.5717498518526556,0.9768979549407959,1.8091593980789185,0.04706663265824318,0.631747305393219,0.33572444319725037,48750,3120000,62400,3231150
31,10,X4,-3.9792261233963213,2.7847583210095763,0.9756662249565125,0.012308037839829922,0.07348641753196716,1.6994597911834717,0.023837849497795105,1.4824718065559863,0.9756662249565125,1.6994597911834717,0.033519256860017776,0.8355215191841125,0.07840582728385925,48750,3120000,62400,3231150
31,11,X1,1.9994309857151302,2.666021440178156,0.975747287273407,0.011890184134244919,0.056690216064453125,1.6013270616531372,0.020366691052913666,1.5652904178947211,0.975747287273407,1.6013270616531372,0.024169715121388435,0.9750285744667053,0.050677258521318436,48750,3120000,62400,3231150
31,12,X3,-1.882004240386137,2.4878599252551794,0.9740133285522461,0.011633345857262611,0.04158531129360199,1.4421740770339966,0.01845386251807213,1.895172704383731,0.9740133285522461,1.4421740770339966,0.019961407408118248,1.3514469861984253,0.04052682965993881,48750,3120000,62400,3231150
31,13,X3,-1.5230612521613764,2.416511060670018,0.9735146760940552,0.011572053655982018,0.03555058315396309,1.3783371448516846,0.017536602914333344,2.03668495900929,0.9735146760940552,1.3783371448516846,0.017863227054476738,1.5130839347839355,0.03536743298172951,48750,3120000,62400,3231150
31,14,X4,0.15116658202399957,2.354941427707672,0.9731719493865967,0.01153780147433281,0.030410420149564743,1.322918176651001,0.01690308004617691,2.103781931102276,0.9731719493865967,1.322918176651001,0.015786737203598022,1.5907868146896362,0.037990354001522064,48750,3120000,62400,3231150
31,15,X2,-1.873273681591221,2.2552402270957828,0.972509503364563,0.0114820571616292,0.023201189935207367,1.2322725057601929,0.01577497087419033,1.8053903628140688,0.972509503364563,1.2322725057601929,0.015432210639119148,1.3132503032684326,0.03575144708156586,48750,3120000,62400,3231150
31,16,X5,-2.6652110445324997,2.216711957938969,0.9726467132568359,0.011450394056737423,0.020619627088308334,1.196682333946228,0.015312889590859413,2.129815145023167,0.9726467132568359,1.196682333946228,0.015250896103680134,1.6486436128616333,0.032054826617240906,48750,3120000,62400,3231150
31,17,X5,-0.026113405268027634,2.18387886416167,0.9722791910171509,0.011438499204814434,0.018651891499757767,1.1665946245193481,0.014914657920598984,1.8728903805837036,0.9722791910171509,1.1665946245193481,0.014084055088460445,1.3942444324493408,0.03678712993860245,48750,3120000,62400,3231150
31,18,X4,-4.32835031320895,2.1353103760629892,0.9730660915374756,0.011428522877395153,0.015939852222800255,1.1206464767456055,0.014229432679712772,2.2848260685801507,0.9730660915374756,1.1206464767456055,0.013806294649839401,1.8049722909927368,0.047304969280958176,48750,3120000,62400,3231150
31,19,X2,2.1091003053288295,2.117075242102146,0.9725365042686462,0.011422163806855679,0.015498081222176552,1.1036640405654907,0.013954452238976955,1.6021165046840906,0.9725365042686462,1.1036640405654907,0.01410793699324131,1.1284252405166626,0.044343218207359314,48750,3120000,62400,3231150
31,20,X5,2.2421889158569375,2.1015314580872655,0.9721254110336304,0.011416084133088589,0.014788749627768993,1.0894736051559448,0.013727608136832714,2.2746590530499815,0.9721254110336304,1.0894736051559448,0.013665488921105862,1.8055918216705322,0.04308193922042847,48750,3120000,62400,3231150
31,21,X1,-1.6915563461584004,2.0786295672878623,0.9716247320175171,0.011432444676756859,0.013870739378035069,1.0683115720748901,0.013390079140663147,2.2441488118842243,0.9716247320175171,1.0683115720748901,0.014421076513826847,1.77833890914917,0.0434015654027462,48750,3120000,62400,3231150
31,22,X1,3.947596525703691,2.0709253819659352,0.9715941548347473,0.011470289900898933,0.014267517253756523,1.0605207681655884,0.01307265181094408,1.8382775558158755,0.9715941548347473,1.0605207681655884,0.010566859506070614,1.384730339050293,0.03655737265944481,48750,3120000,62400,3231150
31,23,X2,-3.8864435111311,2.064364735968411,0.9714493155479431,0.011545011773705482,0.01430797204375267,1.0542900562286377,0.012772380374372005,1.4981435300782322,0.9714493155479431,1.0542900562286377,0.010602225549519062,1.046311616897583,0.036081813275814056,48750,3120000,62400,3231150
31,24,X4,3.892328891955227,2.055179170332849,0.9712521433830261,0.011554679833352566,0.014393131248652935,1.0456668138504028,0.01231240201741457,1.6083273412659764,0.9712521433830261,1.0456668138504028,0.011598610319197178,1.1595641374588013,0.03378080204129219,48750,3120000,62400,3231150
32,0,X1,0.5840623231665587,11.670559898018837,0.9706031084060669,4.859498023986816,1.0678369998931885,4.610742092132568,0.16187967360019684,35.239082026481626,0.9706031084060669,4.610742092132568,25.611557006835938,5.326343536376953,3.1849124431610107,48750,3120000,62400,3231150
32,1,X2,3.8668230668152592,10.787238769233227,0.9754093885421753,4.6564531326293945,0.8336778879165649,4.255820274353027,0.06587808579206467,35.611209750175476,0.9754093885421753,4.255820274353027,26.897113800048828,5.128172874450684,2.539677143096924,48750,3120000,62400,3231150
32,2,X4,-2.590233283421747,8.350660376250744,0.9738204479217529,2.902407169342041,0.4242625832557678,3.9261105060577393,0.12405966967344284,19.4184899777174,0.9738204479217529,3.9261105060577393,15.414617538452148,2.7961950302124023,0.22769121825695038,48750,3120000,62400,3231150
32,3,X4,-2.5735569849407067,4.7141259871423244,0.9716136455535889,0.04760812595486641,0.2688373327255249,3.364631414413452,0.06143546849489212,3.4207663983106613,0.9716136455535889,3.364631414413452,0.42509138584136963,2.0331921577453613,0.09523384273052216,48750,3120000,62400,3231150
32,4,X2,-2.8855722843194687,4.387665245682001,0.9715811014175415,0.022647451609373093,0.2148200124502182,3.133779525756836,0.04483715444803238,2.7359305635094646,0.9715811014175415,3.133779525756836,0.16480182111263275,1.6615266799926758,0.08852993696928024,48750,3120000,62400,3231150
32,5,X2,-4.67437480391126,4.124347290024161,0.9719841480255127,0.019118549302220345,0.17933112382888794,2.918727397918701,0.03518607094883919,2.3603240981698037,0.9719841480255127,2.918727397918701,0.1195768192410469,1.3849486112594604,0.07765635848045349,48750,3120000,62400,3231150
32,6,X4,1.2165104020531974,3.6770746130496264,0.9721401333808899,0.014953495934605598,0.1318194717168808,2.5318844318389893,0.026277080178260803,2.3300792329013347,0.9721401333808899,2.5318844318389893,0.07159926742315292,1.5001899003982544,0.057485152035951614,48750,3120000,62400,3231150
32,7,X5,-4.972361508071364,3.4860731614753604,0.9725086688995361,0.013839305378496647,0.11639231443405151,2.3598499298095703,0.023482942953705788,2.2052845284342766,0.9725086688995361,2.3598499298095703,0.06333296000957489,1.405576467514038,0.06990338116884232,48750,3120000,62400,3231150
32,8,X4,3.1925977156157845,3.3164618695154786,0.9732682704925537,0.013201416470110416,0.10590710490942001,2.2027065753936768,0.021378502249717712,2.009713948518038,0.9732682704925537,2.2027065753936768,0.050934527069330215,1.2614229917526245,0.062161460518836975,48750,3120000,62400,3231150
32,9,X4,1.9797515215491055,3.0286408914253116,0.9722457528114319,0.012442204169929028,0.0960811898112297,1.929254412651062,0.018617331981658936,2.0369999781250954,0.9722457528114319,1.929254412651062,0.031936272978782654,1.3555694818496704,0.06919419020414352,48750,3120000,62400,3231150
32,10,X5,-3.9574069644702203,2.907579129561782,0.9717456698417664,0.012217976152896881,0.09502425789833069,1.8110157251358032,0.017575500532984734,1.7858350735157729,0.9717456698417664,1.8110157251358032,0.02294733189046383,1.1372871398925781,0.06904832273721695,48750,3120000,62400,3231150
32,11,X2,3.104130139638091,2.8010727195069194,0.9718192219734192,0.012007766403257847,0.09625674784183502,1.7043569087982178,0.016632074490189552,1.7873478587716818,0.9718192219734192,1.7043569087982178,0.021598046645522118,1.1642574071884155,0.06625717878341675,48750,3120000,62400,3231150
32,12,X1,-2.9728434925093037,2.621763532049954,0.9709280729293823,0.011744235642254353,0.09616787731647491,1.5278149843215942,0.015108361840248108,1.5385069899260997,0.9709280729293823,1.5278149843215942,0.011594139039516449,0.9739411473274231,0.05322309210896492,48750,3120000,62400,3231150
32,13,X4,0.3782398509825917,2.54929346870631,0.9710019826889038,0.011712807230651379,0.09665246307849884,1.4554351568222046,0.014491058886051178,1.6417044838890433,0.9710019826889038,1.4554351568222046,0.010830371640622616,1.0904589891433716,0.055127695202827454,48750,3120000,62400,3231150
32,14,X3,-3.8691737837198605,2.4849564507603645,0.9708386063575745,0.011644973419606686,0.0971856415271759,1.3915127515792847,0.013774477876722813,1.7319010190665722,0.9708386063575745,1.3915127515792847,0.011042427271604538,1.1697698831558228,0.07861843705177307,48750,3120000,62400,3231150
32,15,X3,-1.5538149906179632,2.379824362695217,0.9708355665206909,0.011631237342953682,0.09809742122888565,1.2865056991577148,0.012754438444972038,1.692455879971385,0.9708355665206909,1.2865056991577148,0.012378735467791557,1.1657906770706177,0.06281821429729462,48750,3120000,62400,3231150
32,16,X3,3.503211298814012,2.3374247271567583,0.9709198474884033,0.011609228327870369,0.09843556582927704,1.244066596031189,0.012393489480018616,1.6817890161648394,0.9709198474884033,1.244066596031189,0.011948146857321262,1.1545720100402832,0.07227157056331635,48750,3120000,62400,3231150
32,17,X2,3.5604414014793626,2.301891416311264,0.9708243012428284,0.011588895693421364,0.09979386627674103,1.207627773284912,0.012056579813361168,1.4582713300362231,0.9708243012428284,1.207627773284912,0.012515039183199406,0.945961594581604,0.06410428136587143,48750,3120000,62400,3231150
32,18,X1,4.6105568594136415,2.2532125432044268,0.9717848300933838,0.011533891782164574,0.10819999128580093,1.150132417678833,0.011561412364244461,1.4561847692355514,0.9717848300933838,1.150132417678833,0.01167330052703619,0.9490987062454224,0.07102931290864944,48750,3120000,62400,3231150
32,19,X5,-4.108151357736867,2.2307629361748695,0.9715988039970398,0.011501846835017204,0.1083700880408287,1.1279410123825073,0.011351184919476509,1.4358495440334083,0.9715988039970398,1.1279410123825073,0.011495271697640419,0.9449290633201599,0.05951724573969841,48750,3120000,62400,3231150
32,20,X1,0.70953695556807,2.2128035947680473,0.9716096520423889,0.011483242735266685,0.1088448017835617,1.1096522808074951,0.011213617399334908,1.4448034780099988,0.9716096520423889,1.1096522808074951,0.011416957713663578,0.9577383399009705,0.059395793825387955,48750,3120000,62400,3231150
32,21,X3,-0.25575449402462347,2.182402835227549,0.9711289405822754,0.01147015392780304,0.10694516450166702,1.0819628238677979,0.010895752348005772,1.4861572759225965,0.9711289405822754,1.0819628238677979,0.011640635319054127,0.9945184588432312,0.06937982887029648,48750,3120000,62400,3231150
32,22,X1,0.9837353564835176,2.1714804489165545,0.9711624979972839,0.011471664533019066,0.10633959621191025,1.0717384815216064,0.010768208652734756,1.464548972249031,0.9711624979972839,1.0717384815216064,0.010653287172317505,0.9748416543006897,0.07047383487224579,48750,3120000,62400,3231150
32,23,X4,4.982765874184045,2.1628538630902767,0.9710242748260498,0.011494075879454613,0.10626975446939468,1.0634429454803467,0.010622812435030937,1.5456585351377727,0.9710242748260498,1.0634429454803467,0.01117224432528019,1.0581223964691162,0.06947045028209686,48750,3120000,62400,3231150
32,24,X4,3.533018746448329,2.147959497757256,0.9707087278366089,0.011452857404947281,0.10400167852640152,1.0514867305755615,0.01030950341373682,1.4955880222842097,0.9707087278366089,1.0514867305755615,0.010002574883401394,1.0278006792068481,0.05334567651152611,48750,3120000,62400,3231150
33,0,X1,-2.2640341953862153,13.859691217541695,0.9706031084060669,4.383867263793945,3.6929945945739746,4.611076354980469,0.20114989578723907,24.6574565410614,0.9706031084060669,4.611076354980469,16.704992294311523,5.72239351272583,1.1137348413467407,48750,3120000,62400,3231150
33,1,X3,3.9535179157438822,10.856610581278801,0.9759631752967834,1.6504037380218506,3.824277400970459,4.252864837646484,0.15310142934322357,13.021757805347443,0.9759631752967834,4.252864837646484,4.688500881195068,6.017816543579102,1.2696747779846191,48750,3120000,62400,3231150
33,2,X3,-2.933540437429115,9.16457012295723,0.9801976084709167,0.35753706097602844,3.816466808319092,3.9215290546417236,0.088839590549469,9.390019738674164,0.9801976084709167,3.9215290546417236,0.98995041847229,6.573248386383057,0.8464756011962891,48750,3120000,62400,3231150
33,3,X3,2.5745452646142777,4.961132552474737,0.9712494611740112,0.08149898052215576,0.5265372395515442,3.333651304244995,0.04819556698203087,4.99109360575676,0.9712494611740112,3.333651304244995,0.5279012322425842,3.292814016342163,0.30939820408821106,48750,3120000,62400,3231150
33,4,X4,-0.5066877117282074,4.542389538139105,0.9720949530601501,0.03724436089396477,0.4137592911720276,3.0790693759918213,0.04022155702114105,4.49768562912941,0.9720949530601501,3.0790693759918213,0.32821419835090637,3.0810346603393555,0.27820390462875366,48750,3120000,62400,3231150
33,5,X3,2.5211517065385793,4.22977015003562,0.9748669266700745,0.022051621228456497,0.35492053627967834,2.843451738357544,0.034479327499866486,4.2621750921010975,0.9748669266700745,2.843451738357544,0.21781332790851593,2.963627576828003,0.31707045435905457,48750,3120000,62400,3231150
33,6,X1,4.602270799922824,3.741640754044056,0.9723992943763733,0.013978036120533943,0.28731879591941833,2.442152500152588,0.02579212747514248,4.232300857454538,0.9723992943763733,2.442152500152588,0.053019408136606216,3.1913814544677734,0.30498963594436646,48750,3120000,62400,3231150
33,7,X4,0.7252480136111643,3.542730282060802,0.9718895554542542,0.012447410263121128,0.2658819854259491,2.2695438861846924,0.022967444732785225,3.593755047023296,0.9718895554542542,2.2695438861846924,0.050310783088207245,2.615122079849243,0.28003549575805664,48750,3120000,62400,3231150
33,8,X2,1.7858875444940479,3.3676271745935082,0.9711747765541077,0.012028719298541546,0.2507012188434601,2.1130831241607666,0.020639335736632347,3.0583535179495813,0.9711747765541077,2.1130831241607666,0.03828800469636917,2.1789815425872803,0.22423239052295685,48750,3120000,62400,3231150
33,9,X4,-3.068206063537752,3.061817958019674,0.9706337451934814,0.011813695542514324,0.21526005864143372,1.8462461233139038,0.01786433532834053,2.2269923646003007,0.9706337451934814,1.8462461233139038,0.027599206194281578,1.5910168886184692,0.04500029608607292,48750,3120000,62400,3231150
33,10,X1,-0.8434270243696682,2.9360351767390966,0.9706166386604309,0.011782335117459297,0.20313125848770142,1.7337994575500488,0.016705486923456192,2.0062790758907796,0.9706166386604309,1.7337994575500488,0.029322896152734756,1.3930631875991821,0.04300977289676666,48750,3120000,62400,3231150
33,11,X3,2.1048844984787873,2.8268101746216416,0.9707649946212769,0.01176032330840826,0.19510836899280548,1.6333489418029785,0.015827545896172523,1.8876158274710177,0.9707649946212769,1.6333489418029785,0.024096354842185974,1.3054771423339844,0.037219543009996414,48750,3120000,62400,3231150
33,12,X4,-1.3059863480180378,2.637226519174874,0.9706953167915344,0.011729042045772076,0.17354467511177063,1.4665757417678833,0.014681743457913399,1.553732354566455,0.9706953167915344,1.4665757417678833,0.02380693145096302,1.0136009454727173,0.028870265930891037,48750,3120000,62400,3231150
33,13,X1,0.5148865364193345,2.5626689475029707,0.9706952571868896,0.011720513924956322,0.16763903200626373,1.3985093832015991,0.014104761183261871,1.3732521314173938,0.9706952571868896,1.3985093832015991,0.020567171275615692,0.8522614240646362,0.026582607999444008,48750,3120000,62400,3231150
33,14,X2,-0.00961918041249099,2.496121213771403,0.9707517027854919,0.011715654283761978,0.16089889407157898,1.3393752574920654,0.013379705138504505,1.1735520839691163,0.9707517027854919,1.3393752574920654,0.022973136976361275,0.6659219861030579,0.0226315688341856,48750,3120000,62400,3231150
33,15,X3,-4.376517686999709,2.3836114034056664,0.9707987308502197,0.011702071875333786,0.14419877529144287,1.244428277015686,0.012483548372983932,0.9973259266465903,0.9707987308502197,1.244428277015686,0.020747708156704903,0.506500780582428,0.0270320363342762,48750,3120000,62400,3231150
33,16,X2,0.20079456936787565,2.339406847022474,0.9707121849060059,0.011694030836224556,0.13774681091308594,1.2070797681808472,0.012174052186310291,0.9409590855240821,0.9707121849060059,1.2070797681808472,0.0187696423381567,0.4576834738254547,0.028947578743100166,48750,3120000,62400,3231150
33,17,X2,-2.667450226511703,2.3010030994191766,0.9707644581794739,0.011684446595609188,0.13132408261299133,1.1753215789794922,0.011908533051609993,0.8287442244589329,0.9707644581794739,1.1753215789794922,0.022258860990405083,0.3526807129383087,0.024587443098425865,48750,3120000,62400,3231150
33,18,X2,-4.7261095308192935,2.2364776702597737,0.9712396264076233,0.011666269041597843,0.11503208428621292,1.1270177364349365,0.011521954089403152,0.7284837100654841,0.9712396264076233,1.1270177364349365,0.019833486527204514,0.26721760630607605,0.02178114466369152,48750,3120000,62400,3231150
33,19,X5,1.1358217277724911,2.213068040087819,0.971317708492279,0.011670254170894623,0.109948068857193,1.108762264251709,0.011369744315743446,0.6931451734155417,0.971317708492279,1.108762264251709,0.01804095134139061,0.23650512099266052,0.02258310653269291,48750,3120000,62400,3231150
33,20,X1,-3.4213075526400605,2.1929103704169393,0.9713139533996582,0.011682347394526005,0.10505189001560211,1.093641757965088,0.011220421642065048,0.6837959423661233,0.9713139533996582,1.093641757965088,0.011896025389432907,0.23480166494846344,0.024107109755277634,48750,3120000,62400,3231150
33,21,X4,-0.8503239603148227,2.161714557558298,0.9711385369300842,0.011714093387126923,0.09652169793844223,1.0712668895721436,0.011073339730501175,0.6690683612599969,0.9711385369300842,1.0712668895721436,0.011641060002148151,0.2246912270784378,0.024254988878965378,48750,3120000,62400,3231150
33,22,X3,2.4187391519176193,2.151006099767983,0.9712854027748108,0.011721093207597733,0.09388114511966705,1.0631567239761353,0.010961734689772129,0.6825508866459131,0.9712854027748108,1.0631567239761353,0.011079009622335434,0.24027933180332184,0.024304119870066643,48750,3120000,62400,3231150
33,23,X5,1.9190325938329744,2.140978959389031,0.9712631702423096,0.011723323725163937,0.09055935591459274,1.05656099319458,0.010872116312384605,0.6645187327638269,0.9712631702423096,1.05656099319458,0.010928451083600521,0.22462821006774902,0.023397238925099373,48750,3120000,62400,3231150
33,24,X5,0.6946841982947909,2.122921509668231,0.9708749055862427,0.01171126589179039,0.08236002177000046,1.0472463369369507,0.010728979483246803,0.6724013246595859,0.9708749055862427,1.0472463369369507,0.011245805770158768,0.23065908253192902,0.026872187852859497,48750,3120000,62400,3231150
34,0,X4,-4.697625282962252,9.805792301893234,0.9778631329536438,3.0154707431793213,0.43965673446655273,4.996847629547119,0.3759540617465973,20.960171884298326,0.9778631329536438,4.996847629547119,14.591726303100586,4.723750591278076,0.4497528374195099,48750,3120000,62400,3231150
34,1,X5,-0.30909876594493113,7.918648570775986,0.9713048934936523,1.5635340213775635,0.3797973096370697,4.610659599304199,0.393352746963501,14.335381436347962,0.9713048934936523,4.610659599304199,8.179020881652832,4.3549346923828125,0.6850329637527466,48750,3120000,62400,3231150
34,2,X2,2.670599370501712,6.25966639816761,0.9707720875740051,0.5335621237754822,0.33220046758651733,4.27573299407959,0.14739872515201569,8.103907334804536,0.9707720875740051,4.27573299407959,3.3477423191070557,3.200819969177246,0.5060440301895142,48750,3120000,62400,3231150
34,3,X3,1.8231262807435193,4.905435126274824,0.9713661074638367,0.033842943608760834,0.19277994334697723,3.684532642364502,0.022913489490747452,4.184823888540268,0.9713661074638367,3.684532642364502,0.35367143154144287,2.5915791988372803,0.3083935081958771,48750,3120000,62400,3231150
34,4,X4,-3.2400908490101985,4.588383588939905,0.9717084765434265,0.03054877370595932,0.14775583148002625,3.4194424152374268,0.01892809197306633,3.600550705194473,0.9717084765434265,3.4194424152374268,0.27118995785713196,2.308551073074341,0.14257949590682983,48750,3120000,62400,3231150
34,5,X4,-0.5809479754051026,4.308540713042021,0.9713383913040161,0.027899011969566345,0.11902714520692825,3.1721689701080322,0.01810719445347786,3.096225491166115,0.9713383913040161,3.1721689701080322,0.2200271040201187,1.9174234867095947,0.1300734281539917,48750,3120000,62400,3231150
34,6,X3,3.17166679242321,3.840963840484619,0.9714466333389282,0.023259038105607033,0.09530553221702576,2.734586477279663,0.016366159543395042,2.3311315387487412,0.9714466333389282,2.734586477279663,0.20459653437137604,1.2592027187347412,0.12612566351890564,48750,3120000,62400,3231150
34,7,X2,4.556644406211605,3.645800845697522,0.9707729816436768,0.021358197554945946,0.09525161981582642,2.542811870574951,0.015606176108121872,2.158307911455631,0.9707729816436768,2.542811870574951,0.18644557893276215,1.1566070318222046,0.11253833025693893,48750,3120000,62400,3231150
34,8,X5,-3.1834432587255836,3.4678330020979047,0.9705809950828552,0.019796086475253105,0.09376773238182068,2.3686583042144775,0.015029883943498135,2.1387238085269926,0.9705809950828552,2.3686583042144775,0.15612547099590302,1.1963446140289307,0.11840586364269257,48750,3120000,62400,3231150
34,9,X1,-3.526947272842329,3.1716944416984916,0.9709370136260986,0.020280668511986732,0.10209719091653824,2.064544439315796,0.013835129328072071,1.968136290460825,0.9709370136260986,2.064544439315796,0.05678825452923775,1.1959768533706665,0.10827489197254181,48750,3120000,62400,3231150
34,10,X5,-4.006456465561362,3.039180437102914,0.9710339307785034,0.01821039244532585,0.1029384583234787,1.9336729049682617,0.01332475058734417,1.8887968465685845,0.9710339307785034,1.9336729049682617,0.05962172895669937,1.1482237577438354,0.1000099927186966,48750,3120000,62400,3231150
34,11,X4,-2.7462098021516343,2.920119121670723,0.9707117676734924,0.01661893166601658,0.10334371775388718,1.8160356283187866,0.013409076258540154,1.9100669085979463,0.9707117676734924,1.8160356283187866,0.05050501972436905,1.2388622760772705,0.0633501335978508,48750,3120000,62400,3231150
34,12,X2,-4.1095782725888075,2.7181553915143013,0.9707965850830078,0.014495359733700752,0.10232660919427872,1.6178704500198364,0.012666387483477592,1.3906396225094797,0.9707965850830078,1.6178704500198364,0.03351029008626938,0.7882384657859802,0.05115745961666107,48750,3120000,62400,3231150
34,13,X1,2.237775297343868,2.628351129591465,0.9707891345024109,0.01362679060548544,0.09570841491222382,1.5357590913772583,0.012467698194086552,1.4248723004013302,0.9707891345024109,1.5357590913772583,0.023580176755785942,0.8496460914611816,0.050336387008428574,48750,3120000,62400,3231150
34,14,X1,0.264367519268772,2.5541000925004482,0.9707896709442139,0.013180943205952644,0.09494425356388092,1.4630640745162964,0.012121150270104408,1.5256542023271322,0.9707896709442139,1.4630640745162964,0.021658500656485558,0.9746339321136475,0.042591020464897156,48750,3120000,62400,3231150
34,15,X2,1.8216488051204713,2.4329672530293465,0.9706639051437378,0.01255881879478693,0.09652965515851974,1.3416457176208496,0.011569156311452389,1.2181491557508708,0.9706639051437378,1.3416457176208496,0.018424736335873604,0.6943013072013855,0.04296118766069412,48750,3120000,62400,3231150
34,16,X4,3.162157243223927,2.3832019036635756,0.9706432223320007,0.012389643117785454,0.09675747156143188,1.291972279548645,0.011439287103712559,1.2526632986962796,0.9706432223320007,1.291972279548645,0.018761102110147476,0.735612690448761,0.04576640576124191,48750,3120000,62400,3231150
34,17,X4,2.0341367323173003,2.339901151135564,0.9706056714057922,0.012242140248417854,0.09690559655427933,1.2490841150283813,0.011063627898693085,1.1343816202133894,0.9706056714057922,1.2490841150283813,0.017504660412669182,0.6352049708366394,0.037734031677246094,48750,3120000,62400,3231150
34,18,X1,0.8984194011207647,2.269214461557567,0.9705920219421387,0.011955851688981056,0.09669726341962814,1.179524302482605,0.010445022024214268,1.0717233752831818,0.9705920219421387,1.179524302482605,0.014394047670066357,0.5930877923965454,0.03421827033162117,48750,3120000,62400,3231150
34,19,X2,4.034504759432604,2.2420758325606585,0.9706068634986877,0.011880126781761646,0.0973898321390152,1.1520096063613892,0.010189403779804707,1.0888229412958026,0.9706068634986877,1.1520096063613892,0.015612008981406689,0.6174461841583252,0.03124145418405533,48750,3120000,62400,3231150
34,20,X3,-2.043406851273053,2.2183714285492897,0.9706030488014221,0.011805132031440735,0.09714055806398392,1.128944754600525,0.00987793505191803,1.041800558194518,0.9706030488014221,1.128944754600525,0.013814371079206467,0.5806177258491516,0.027458900585770607,48750,3120000,62400,3231150
34,21,X2,2.122613614662937,2.184107569977641,0.970605731010437,0.011697432026267052,0.09780531376600266,1.0943913459777832,0.009607747197151184,0.9289612030610442,0.970605731010437,1.0943913459777832,0.014203990809619427,0.4761054217815399,0.02565237507224083,48750,3120000,62400,3231150
34,22,X1,1.5737172005474225,2.1734190452843904,0.9706023335456848,0.011662762612104416,0.10000737756490707,1.0816291570663452,0.00951741449534893,0.866853048838675,0.9706023335456848,1.0816291570663452,0.013365103863179684,0.41984397172927856,0.023197675123810768,48750,3120000,62400,3231150
34,23,X1,4.418674828876567,2.1590534429997206,0.9706021547317505,0.011601382866501808,0.0960758700966835,1.0712894201278687,0.009484615176916122,0.9663305550813676,0.9706021547317505,1.0712894201278687,0.009452668949961662,0.5266454815864563,0.021854089573025703,48750,3120000,62400,3231150
34,24,X3,2.999600907030608,2.1243084250018,0.9706078171730042,0.011522305198013783,0.07634124904870987,1.0564024448394775,0.009434608742594719,0.9227579843252898,0.9706078171730042,1.0564024448394775,0.01039428822696209,0.48603546619415283,0.020926177501678467,48750,3120000,62400,3231150
35,0,X4,-1.9472685209706175,12.558576345443726,0.9806681275367737,2.808382749557495,0.8774241805076599,4.996847629547119,2.8952536582946777,21.679532682895662,0.9806681275367737,4.996847629547119,13.276087760925293,5.32036828994751,1.887573480606079,48750,3120000,62400,3231150
35,1,X4,1.0275988027614167,8.04575651884079,0.993084192276001,1.0230499505996704,0.45506221055984497,4.996847629547119,0.5777125358581543,12.101893872022629,0.993084192276001,4.996847629547119,5.529542446136475,4.932855129241943,0.4415099322795868,48750,3120000,62400,3231150
35,2,X1,0.5261125259191379,6.460596665740013,1.0029971599578857,0.19092099368572235,0.48893627524375916,4.61077880859375,0.16696342825889587,9.01541098356247,1.0029971599578857,4.61077880859375,2.01595139503479,5.622928142547607,0.2537762522697449,48750,3120000,62400,3231150
35,3,X1,-4.146847772316963,5.352343659847975,0.9789350628852844,0.05008494481444359,0.29444608092308044,3.9545345306396484,0.07434304058551788,6.59546696767211,0.9789350628852844,3.9545345306396484,0.04707891866564751,5.407678604125977,0.15401552617549896,48750,3120000,62400,3231150
35,4,X2,-1.2246729661674696,4.9678394719958305,0.9708355665206909,0.030776482075452805,0.23895831406116486,3.66701602935791,0.0602530799806118,6.054050347208976,0.9708355665206909,3.66701602935791,0.031027749180793762,4.981002330780029,0.11444994807243347,48750,3120000,62400,3231150
35,5,X2,-3.774880506440237,4.640760112553835,0.970863938331604,0.022014789283275604,0.19310736656188965,3.400998830795288,0.05377518758177757,4.3889733877033,0.970863938331604,3.400998830795288,0.023460140451788902,3.369792938232422,0.12134775519371033,48750,3120000,62400,3231150
35,6,X2,0.9478597743824801,4.105340846814215,0.9725435972213745,0.014745508320629597,0.1467730700969696,2.9316365718841553,0.0396420992910862,3.4249418035149573,0.9725435972213745,2.9316365718841553,0.016166605055332184,2.518260955810547,0.10967820882797241,48750,3120000,62400,3231150
35,7,X4,2.763983606255234,3.8777873879298568,0.9731330275535583,0.013815700076520443,0.13170409202575684,2.7252719402313232,0.033862628042697906,3.1634194694459437,0.9731330275535583,2.7252719402313232,0.014773312956094742,2.2954156398773193,0.11354952305555344,48750,3120000,62400,3231150
35,8,X3,-1.3583845589071544,3.676756947301328,0.9738509058952332,0.013408004306256771,0.1241452768445015,2.5363173484802246,0.029035411775112152,3.083808785118163,0.9738509058952332,2.5363173484802246,0.013532579876482487,2.274949073791504,0.09329348057508469,48750,3120000,62400,3231150
35,9,X3,-3.0324539631939706,3.323371423408389,0.9722982048988342,0.012912074103951454,0.11530619114637375,2.20035457611084,0.022500377148389816,2.616878907941282,0.9722982048988342,2.20035457611084,0.011440872214734554,1.868782639503479,0.10212484002113342,48750,3120000,62400,3231150
35,10,X4,-0.22725942790271425,3.1739360839128494,0.9712605476379395,0.012712277472019196,0.11411211639642715,2.055309534072876,0.020541608333587646,2.544381613843143,0.9712605476379395,2.055309534072876,0.011153060011565685,1.8361449241638184,0.09176961332559586,48750,3120000,62400,3231150
35,11,X4,1.7491587553673957,3.040064903907478,0.9708090424537659,0.012652930803596973,0.11290957778692245,1.92475163936615,0.018941713497042656,2.1626215443015098,0.9708090424537659,1.92475163936615,0.011179119348526001,1.4932665824890137,0.07906370609998703,48750,3120000,62400,3231150
35,12,X5,-2.413465829122887,2.8102195784449577,0.9707575440406799,0.012491805478930473,0.10950678586959839,1.701005220413208,0.01645822264254093,1.7669444464147093,0.9707575440406799,1.701005220413208,0.012924794107675552,1.1449648141860962,0.07470228523015976,48750,3120000,62400,3231150
35,13,X4,-0.41798849090229684,2.714333299547434,0.9706275463104248,0.012417402118444443,0.10787603259086609,1.6079272031784058,0.015485115349292755,1.8452136982232332,0.9706275463104248,1.6079272031784058,0.013323428109288216,1.2118576765060425,0.10432164371013641,48750,3120000,62400,3231150
35,14,X3,1.5082628973206438,2.6293122228235006,0.9705862402915955,0.01236533373594284,0.10624132305383682,1.5255537033081055,0.014565622434020042,1.747911866940558,0.9705862402915955,1.5255537033081055,0.011821114458143711,1.1424250602722168,0.09443770349025726,48750,3120000,62400,3231150
35,15,X4,-0.8166180978876278,2.4871362010017037,0.9705883860588074,0.012221924029290676,0.10213043540716171,1.3890166282653809,0.013178827241063118,1.5952275212854148,0.9705883860588074,1.3890166282653809,0.011012440547347069,1.0045416355133057,0.10775244235992432,48750,3120000,62400,3231150
35,16,X4,4.066882832127876,2.4286246737465262,0.9705922603607178,0.012179856188595295,0.100302554666996,1.3331692218780518,0.012380780652165413,1.3776708768680692,0.9705922603607178,1.3331692218780518,0.01127732265740633,0.7776583433151245,0.12798291444778442,48750,3120000,62400,3231150
35,17,X5,2.3411477187993954,2.376812618225813,0.9705888628959656,0.012157985009253025,0.09801182895898819,1.2840996980667114,0.011954243294894695,1.334678110294044,0.9705888628959656,1.2840996980667114,0.009936812333762646,0.7298302054405212,0.14397338032722473,48750,3120000,62400,3231150
35,18,X1,4.010937431373955,2.297541973181069,0.9705836772918701,0.012075894512236118,0.099443718791008,1.2040257453918457,0.011412937194108963,1.138221988081932,0.9705836772918701,1.2040257453918457,0.010753236711025238,0.5700310468673706,0.12251581996679306,48750,3120000,62400,3231150
35,19,X3,0.3099979695244848,2.2520837616175413,0.9705837965011597,0.012047938071191311,0.08594559878110886,1.172285556793213,0.011220871470868587,1.1589979944750666,0.9705837965011597,1.172285556793213,0.011186967603862286,0.6047301292419434,0.1145070269703865,48750,3120000,62400,3231150
35,20,X3,-1.681957260501262,2.2148686898872256,0.9705807566642761,0.012008516117930412,0.075532466173172,1.1456488370895386,0.011098113842308521,1.100538694113493,0.9705807566642761,1.1456488370895386,0.010169442743062973,0.5522621273994446,0.11486120522022247,48750,3120000,62400,3231150
35,21,X1,-4.429982147744823,2.1625772193074226,0.970583975315094,0.011966755613684654,0.06386657059192657,1.1052641868591309,0.010895730927586555,1.2225577518343926,0.970583975315094,1.1052641868591309,0.009798742830753326,0.6660718321800232,0.13151754438877106,48750,3120000,62400,3231150
35,22,X5,-3.0156214533816685,2.1419960651546717,0.9705846905708313,0.011921945959329605,0.058411162346601486,1.0902814865112305,0.01079677976667881,1.211131908558309,0.9705846905708313,1.0902814865112305,0.01027518417686224,0.6303018927574158,0.1583815962076187,48750,3120000,62400,3231150
35,23,X5,3.0353220335550564,2.1251027919352055,0.9705808758735657,0.011877222917973995,0.05414838716387749,1.0777894258499146,0.010706880129873753,1.244476468116045,0.9705808758735657,1.0777894258499146,0.011148076504468918,0.707286536693573,0.11636779457330704,48750,3120000,62400,3231150
35,24,X1,1.5283576120850215,2.1000899272039533,0.9705825448036194,0.011840510182082653,0.04767546057701111,1.0594781637191772,0.010513247922062874,1.3606049666181206,0.9705825448036194,1.0594781637191772,0.009969905950129032,0.7988564968109131,0.14576642215251923,48750,3120000,62400,3231150
36,0,X5,-1.460240431793788,9.082525074481964,0.9717560410499573,2.2983181476593018,0.575513482093811,4.610936641693115,0.6260007619857788,19.107807409763335,0.9717560410499573,4.610936641693115,12.7003812789917,4.560873985290527,0.7300136089324951,48750,3120000,62400,3231150
36,1,X5,1.796721981703799,7.034233629703522,0.9709806442260742,0.825211763381958,0.3560871481895447,4.255953311920166,0.6260007619857788,10.79611986875534,0.9709806442260742,4.255953311920166,5.116282939910889,3.922396183013916,0.7120539546012878,48750,3120000,62400,3231150
36,2,X5,2.0674690523178993,5.9070433378219604,0.971551775932312,0.11508944630622864,0.26762375235557556,3.9267776012420654,0.6260007619857788,6.352800667285919,0.971551775932312,3.9267776012420654,0.9712532162666321,3.664780378341675,0.7371011972427368,48750,3120000,62400,3231150
36,3,X3,1.4686406242452046,4.644338797777891,0.9721413254737854,0.023526784032583237,0.13873469829559326,3.3388772010803223,0.171058788895607,5.6189677000045775,0.9721413254737854,3.3388772010803223,0.15093284845352173,3.1366007328033447,1.4692304134368896,48750,3120000,62400,3231150
36,4,X5,4.1290063152511145,4.302674366161227,0.9726031422615051,0.02212407998740673,0.11188739538192749,3.0844008922576904,0.11165885627269745,4.265423177182674,0.9726031422615051,3.0844008922576904,0.12194468826055527,2.608398675918579,0.7236790060997009,48750,3120000,62400,3231150
36,5,X5,-0.6383925083983089,4.013895867392421,0.9711103439331055,0.021310335025191307,0.10009242594242096,2.851463556289673,0.06991920620203018,3.9514618501067162,0.9711103439331055,2.851463556289673,0.11672499030828476,2.6450345516204834,0.42518752813339233,48750,3120000,62400,3231150
36,6,X1,2.576210538308038,3.5706567876040936,0.9710204005241394,0.01965646632015705,0.1039242073893547,2.4458489418029785,0.030206771567463875,2.864591658115387,0.9710204005241394,2.4458489418029785,0.1052151620388031,1.9208674430847168,0.15513518452644348,48750,3120000,62400,3231150
36,7,X5,-2.735980957464259,3.3851817417889833,0.9715455174446106,0.01876860298216343,0.10101743042469025,2.2699081897735596,0.023942001163959503,2.951303172111511,0.9715455174446106,2.2699081897735596,0.10162073373794556,2.042654037475586,0.1587376594543457,48750,3120000,62400,3231150
36,8,X4,0.34547771370474134,3.223511828109622,0.973148763179779,0.018188729882240295,0.10027967393398285,2.110992670059204,0.020901991054415703,3.1365749925374984,0.973148763179779,2.110992670059204,0.08331064879894257,2.178091287612915,0.25834476947784424,48750,3120000,62400,3231150
36,9,X1,-3.9941576671271486,2.974177336320281,0.9716534614562988,0.02138654701411724,0.1204850897192955,1.843284249305725,0.01736798882484436,3.2426231618970633,0.9716534614562988,1.843284249305725,0.019044077023863792,2.265444040298462,0.39514750242233276,48750,3120000,62400,3231150
36,10,X3,2.401891733757142,2.8554650619626045,0.9716529250144958,0.019051972776651382,0.1187615767121315,1.7299634218215942,0.016035165637731552,3.4313333321362736,0.9716529250144958,1.7299634218215942,0.017226682975888252,2.4594902992248535,0.4142930805683136,48750,3120000,62400,3231150
36,11,X5,4.964426798043981,2.7501725498586893,0.9719138145446777,0.01736813597381115,0.11656026542186737,1.6294260025024414,0.014904331415891647,3.207979267463088,0.9719138145446777,1.6294260025024414,0.016438400372862816,2.3841521739959717,0.2871207296848297,48750,3120000,62400,3231150
36,12,X3,0.7826705158565783,2.5764191821217537,0.9712995290756226,0.01535827573388815,0.11186560243368149,1.464707374572754,0.01318840030580759,2.9439537582919,0.9712995290756226,1.464707374572754,0.013241398148238659,2.1005189418792725,0.34299203753471375,48750,3120000,62400,3231150
36,13,X1,2.7750447419822972,2.5290617626160383,0.971312940120697,0.01480677630752325,0.13187891244888306,1.398455023765564,0.012608109973371029,2.8117978546768425,0.971312940120697,1.398455023765564,0.013719657436013222,2.015564203262329,0.30856040120124817,48750,3120000,62400,3231150
36,14,X2,-4.568248722661784,2.467049860395491,0.9711703658103943,0.014371856115758419,0.12875452637672424,1.3405609130859375,0.012192199006676674,2.483245878480375,0.9711703658103943,1.3405609130859375,0.013244747184216976,1.7345551252365112,0.27309975028038025,48750,3120000,62400,3231150
36,15,X4,-1.1582894029970237,2.3660993836820126,0.971366286277771,0.013714935630559921,0.12224607914686203,1.2473560571670532,0.011416025459766388,2.443440244719386,0.971366286277771,1.2473560571670532,0.012612221762537956,1.6144828796386719,0.3726006746292114,48750,3120000,62400,3231150
36,16,X4,-2.2482886989211517,2.32695450168103,0.9715331196784973,0.013468099758028984,0.12028057873249054,1.2106190919876099,0.011053611524403095,2.1225645571947096,0.9715331196784973,1.2106190919876099,0.011287420988082886,1.5820356607437134,0.09281103312969208,48750,3120000,62400,3231150
36,17,X1,3.5491225410821077,2.3401143588125706,0.9715204834938049,0.013268522918224335,0.16531036794185638,1.1791640520095825,0.010850932449102402,2.34450960829854,0.9715204834938049,1.1791640520095825,0.011382799595594406,1.8237463235855103,0.07924357801675797,48750,3120000,62400,3231150
36,18,X1,3.8201282105842864,2.313811340369284,0.9708818197250366,0.012984239496290684,0.18935735523700714,1.1301302909851074,0.010457634925842285,1.9784807611256838,0.9708818197250366,1.1301302909851074,0.011657224968075752,1.4746074676513672,0.07201364636421204,48750,3120000,62400,3231150
36,19,X5,-4.138372725830219,2.2934651616960764,0.9709544777870178,0.012866152450442314,0.18768954277038574,1.1116238832473755,0.010331105440855026,1.948046072013676,0.9709544777870178,1.1116238832473755,0.013400495983660221,1.4557753801345825,0.062354523688554764,48750,3120000,62400,3231150
36,20,X1,-1.860360550334189,2.2773312786594033,0.9709500074386597,0.012692145071923733,0.1870647519826889,1.096411943435669,0.010212430730462074,1.8619024394080044,0.9709500074386597,1.096411943435669,0.011572311632335186,1.3495471477508545,0.08731058984994888,48750,3120000,62400,3231150
36,21,X3,2.3807114593640053,2.2478118762373924,0.9710507392883301,0.012430809438228607,0.18076632916927338,1.0735259056091309,0.010038092732429504,1.857415901683271,0.9710507392883301,1.0735259056091309,0.010675541125237942,1.369159460067749,0.06866557151079178,48750,3120000,62400,3231150
36,22,X4,-1.0409794173930518,2.236688045784831,0.9709001183509827,0.012307187542319298,0.17839032411575317,1.0651135444641113,0.009976871311664581,2.0376820590347053,0.9709001183509827,1.0651135444641113,0.0113003458827734,1.5465415716171265,0.0726374089717865,48750,3120000,62400,3231150
36,23,X1,0.7844290924909778,2.2289008237421513,0.9709047675132751,0.012202835641801357,0.1776496171951294,1.0582445859909058,0.0098990174010396,1.6148959580808877,0.9709047675132751,1.0582445859909058,0.010718056932091713,1.126765489578247,0.07158254086971283,48750,3120000,62400,3231150
36,24,X2,2.926220948795147,2.2150593381375074,0.9713472127914429,0.011998912319540977,0.17382070422172546,1.0481101274490356,0.009782381355762482,1.1646107003092765,0.9713472127914429,1.0481101274490356,0.011630289256572723,0.6749341487884521,0.074154794216156,48750,3120000,62400,3231150
37,0,X1,1.1808375624791072,10.44985818862915,0.9706031084060669,3.8993887901306152,0.5393350124359131,4.610851764678955,0.4296795129776001,28.327115225791932,0.9706031084060669,4.610851764678955,19.236862182617188,4.9776835441589355,2.9962785243988037,48750,3120000,62400,3231150
37,1,X2,3.6476078369271754,8.928184494376183,0.9735672473907471,2.5714666843414307,0.9544165134429932,4.27089262008667,0.15784142911434174,21.56470103263855,0.9735672473907471,4.27089262008667,14.221392631530762,4.69178581237793,1.602630615234375,48750,3120000,62400,3231150
37,2,X2,-3.689963321723072,7.490096852183342,0.970772922039032,1.8618669509887695,0.6243155002593994,3.950059652328491,0.08308182656764984,15.378495347499847,0.970772922039032,3.950059652328491,10.622939109802246,2.9621145725250244,0.8092751502990723,48750,3120000,62400,3231150
37,3,X1,-0.6935159361224024,4.992605494335294,0.9706429243087769,0.1541241705417633,0.4580693244934082,3.3788249492645264,0.03094412572681904,2.9379471182823185,0.9706429243087769,3.3788249492645264,0.5119601488113403,0.8908056020736694,0.6652877926826477,48750,3120000,62400,3231150
37,4,X4,4.360032808212379,4.60979637876153,0.970733106136322,0.07236813008785248,0.413298100233078,3.131356716156006,0.02204032614827156,2.381104023754597,0.970733106136322,3.131356716156006,0.11063391715288162,0.7947673201560974,0.6552848219871521,48750,3120000,62400,3231150
37,5,X4,3.1359591037078154,4.3041561199352145,0.9705939888954163,0.04515732824802399,0.3699924051761627,2.903165578842163,0.015246818773448467,2.4922291904687883,0.9705939888954163,2.903165578842163,0.08175386488437653,1.0646452903747559,0.5710781216621399,48750,3120000,62400,3231150
37,6,X2,-0.47981597466470305,3.8227408872917295,0.9706020355224609,0.029125859960913658,0.30191686749458313,2.5084738731384277,0.01262225117534399,2.259129060804844,0.9706020355224609,2.5084738731384277,0.061136044561862946,1.0921947956085205,0.4099830389022827,48750,3120000,62400,3231150
37,7,X2,0.08200110977693331,3.6243182830512524,0.9705964922904968,0.02529856562614441,0.2803508937358856,2.3359100818634033,0.01216224953532219,2.4240460842847824,0.9705964922904968,2.3359100818634033,0.05577270686626434,1.2435318231582642,0.4634402394294739,48750,3120000,62400,3231150
37,8,X4,2.2572010096058692,3.444546543993056,0.9706697463989258,0.022379424422979355,0.26041173934936523,2.1792943477630615,0.011791286058723927,2.348271018266678,0.9706697463989258,2.1792943477630615,0.04717478156089783,1.1575367450714111,0.5135666728019714,48750,3120000,62400,3231150
37,9,X4,-3.0208558310721823,3.123349101282656,0.9712443947792053,0.01815859042108059,0.21388104557991028,1.9081547260284424,0.01191034447401762,1.976342395693064,0.9712443947792053,1.9081547260284424,0.03404245153069496,1.3201398849487305,0.046280235052108765,48750,3120000,62400,3231150
37,10,X2,-0.060607729263026044,2.9897969365119934,0.971308171749115,0.016655419021844864,0.19953222572803497,1.7911162376403809,0.011184882372617722,1.8837791912257673,0.971308171749115,1.7911162376403809,0.029267512261867523,1.2588459253311157,0.04318087175488472,48750,3120000,62400,3231150
37,11,X5,-1.4342042853620516,2.8713764948770404,0.9717371463775635,0.015429666265845299,0.18612933158874512,1.6873235702514648,0.01075678039342165,1.7986074302345516,0.9717371463775635,1.6873235702514648,0.02284988947212696,1.2051373720169067,0.03880802541971207,48750,3120000,62400,3231150
37,12,X5,-3.491181107187206,2.668815187178552,0.9718605875968933,0.013727000914514065,0.16181670129299164,1.5110260248184204,0.010384872555732727,1.8653233144432306,0.9718605875968933,1.5110260248184204,0.016818678006529808,1.315104603767395,0.03682271018624306,48750,3120000,62400,3231150
37,13,X5,2.117171445909615,2.5861480701714754,0.9718993902206421,0.013126512989401817,0.15352146327495575,1.437278151512146,0.010322552174329758,1.8532577265053987,0.9718993902206421,1.437278151512146,0.016994072124361992,1.3140872716903687,0.04034087434411049,48750,3120000,62400,3231150
37,14,X2,-4.443565460922878,2.514135562814772,0.9718679785728455,0.012677417136728764,0.14643335342407227,1.372900366783142,0.010256446897983551,1.8708853656426072,0.9718679785728455,1.372900366783142,0.013317630626261234,1.3492568731307983,0.03935719281435013,48750,3120000,62400,3231150
37,15,X4,1.7497571815501276,2.397331173531711,0.9719926714897156,0.012077001854777336,0.13353455066680908,1.2695417404174805,0.010185209102928638,2.059855404868722,0.9719926714897156,1.2695417404174805,0.01262541301548481,1.562822699546814,0.03610040992498398,48750,3120000,62400,3231150
37,16,X3,0.4927900209552858,2.35097002889961,0.9721208214759827,0.01188125554472208,0.12872032821178436,1.2281014919281006,0.010146131739020348,1.9539940562099218,0.9721208214759827,1.2281014919281006,0.01060456968843937,1.4673365354537964,0.03600848838686943,48750,3120000,62400,3231150
37,17,X4,4.6237514652489935,2.3113676495850086,0.9722352623939514,0.01170871127396822,0.12456132471561432,1.1927450895309448,0.010117261670529842,2.0660949017852546,0.9722352623939514,1.1927450895309448,0.010751107707619667,1.5901533365249634,0.032194387167692184,48750,3120000,62400,3231150
37,18,X1,-3.1745649917171272,2.255165829323232,0.9711540937423706,0.01155546773225069,0.12529632449150085,1.1371229887008667,0.010036954656243324,1.7016100501641631,0.9711540937423706,1.1371229887008667,0.011382018215954304,1.2380201816558838,0.03055243380367756,48750,3120000,62400,3231150
37,19,X3,3.8028197745228667,2.2284922348335385,0.9714064598083496,0.011505912989377975,0.12000351399183273,1.115576148033142,0.010000200010836124,1.7080358037725092,0.9714064598083496,1.115576148033142,0.011481315828859806,1.240160346031189,0.03899762034416199,48750,3120000,62400,3231150
37,20,X1,2.5755296220941295,2.202115762978792,0.9713864922523499,0.01150105707347393,0.11115424335002899,1.0980993509292603,0.009974619373679161,1.6822862660512328,0.9713864922523499,1.0980993509292603,0.010281465016305447,1.2246406078338623,0.03346702456474304,48750,3120000,62400,3231150
37,21,X5,-0.11487528233704669,2.1625428097322583,0.97118079662323,0.011476965621113777,0.09768983721733093,1.0722641944885254,0.009931015782058239,1.5605054678395391,0.97118079662323,1.0722641944885254,0.009309097193181515,1.1128352880477905,0.029672084376215935,48750,3120000,62400,3231150
37,22,X4,2.6181752110633774,2.1492913784459233,0.9713243842124939,0.01145952194929123,0.09369722008705139,1.062896490097046,0.009913762100040913,1.4976061074063183,0.9713243842124939,1.062896490097046,0.010498619638383389,1.0484548807144165,0.031808432191610336,48750,3120000,62400,3231150
37,23,X3,-3.0727452471709302,2.138789647258818,0.9711188673973083,0.011462572030723095,0.09085404127836227,1.055450201034546,0.009903965517878532,1.4766368834301828,0.9711188673973083,1.055450201034546,0.009901541285216808,1.0231183767318726,0.03830315172672272,48750,3120000,62400,3231150
37,24,X1,2.846988594490057,2.134255211800337,0.9711348414421082,0.011427278630435467,0.09650535881519318,1.0454624891281128,0.009725243784487247,1.3485426764935255,0.9711348414421082,1.0454624891281128,0.010054947808384895,0.9110096096992493,0.024158652871847153,48750,3120000,62400,3231150
38,0,X4,2.739502513911215,11.732647508382797,0.9783607125282288,4.09899377822876,1.3328871726989746,4.996847629547119,0.32555821537971497,25.079148185253143,0.9783607125282288,4.996847629547119,17.967525482177734,4.555190563201904,1.361390471458435,48750,3120000,62400,3231150
38,1,X5,-2.4180853431047566,8.094619706273079,0.9817579388618469,1.9190177917480469,0.37391427159309387,4.610933780670166,0.20899592339992523,15.151231968402863,0.9817579388618469,4.610933780670166,9.427085876464844,3.402362108230591,1.2032456398010254,48750,3120000,62400,3231150
38,2,X4,4.6681024932562,6.80661079287529,0.9732475876808167,0.5858806371688843,0.30977579951286316,4.252392768859863,0.6853139996528625,8.119275176525116,0.9732475876808167,4.252392768859863,2.7719404697418213,3.0458381175994873,1.2563685178756714,48750,3120000,62400,3231150
38,3,X1,4.1804891643537605,4.971489302814007,0.9706346988677979,0.03425939381122589,0.2334730178117752,3.6346476078033447,0.09847458451986313,3.7670192781835796,0.9706346988677979,3.6346476078033447,0.025384390726685524,2.5966055393218994,0.223972886800766,48750,3120000,62400,3231150
38,4,X2,2.8906113296810485,4.63782025128603,0.9708445072174072,0.02448546141386032,0.21758419275283813,3.3626441955566406,0.06226189434528351,2.9838222905993463,0.9708445072174072,3.3626441955566406,0.03209824115037918,1.9191137552261353,0.16591255366802216,48750,3120000,62400,3231150
38,5,X2,1.5859171280263427,4.316620646044612,0.9706388115882874,0.019611787050962448,0.18906345963478088,3.110027313232422,0.02727927453815937,3.240949226170778,0.9706388115882874,3.110027313232422,0.03194229677319527,2.138068914413452,0.254804790019989,48750,3120000,62400,3231150
38,6,X3,-1.644022321763222,3.7929886719211936,0.9719703197479248,0.014386860653758049,0.133138045668602,2.661468982696533,0.012024463154375553,5.999858659505844,0.9719703197479248,2.661468982696533,0.03468674421310425,4.79303503036499,0.44544902443885803,48750,3120000,62400,3231150
38,7,X1,-3.5856256465045755,3.5937474574893713,0.9724045991897583,0.01511990837752819,0.12934228777885437,2.4658424854278564,0.011038176715373993,7.298154543340206,0.9724045991897583,2.4658424854278564,0.01346202939748764,6.033163547515869,0.5638795495033264,48750,3120000,62400,3231150
38,8,X4,4.046404961575249,3.391482362523675,0.972695529460907,0.013657166622579098,0.1058700829744339,2.288961410522461,0.010298172943294048,8.056168333999812,0.972695529460907,2.288961410522461,0.010586063377559185,6.933515548706055,0.45973533391952515,48750,3120000,62400,3231150
38,9,X4,4.019096537485854,3.0505472468212247,0.9731600880622864,0.012819351628422737,0.07049684971570969,1.9841945171356201,0.009876440279185772,8.807279636710883,0.9731600880622864,1.9841945171356201,0.012368138879537582,7.810667037963867,0.3927735388278961,48750,3120000,62400,3231150
38,10,X4,2.0173648473652195,2.9088383242487907,0.9720454812049866,0.01274734828621149,0.06019663065671921,1.8541306257247925,0.00971823837608099,8.726165701262653,0.9720454812049866,1.8541306257247925,0.012623603455722332,7.6755194664001465,0.47278741002082825,48750,3120000,62400,3231150
38,11,X1,-3.930487907729372,2.793867533095181,0.9720398187637329,0.01277926191687584,0.05944124609231949,1.7399955987930298,0.009611607529222965,9.420383736677469,0.9720398187637329,1.7399955987930298,0.011690703220665455,8.386093139648438,0.48019281029701233,48750,3120000,62400,3231150
38,12,X5,2.70466985129692,2.5966486521065235,0.9720722436904907,0.012628340162336826,0.05110316351056099,1.551346778869629,0.00949812587350607,9.045870532095432,0.9720722436904907,1.551346778869629,0.01048664003610611,8.078851699829102,0.4518483877182007,48750,3120000,62400,3231150
38,13,X4,3.67138967926358,2.517109396867454,0.9715641140937805,0.012582521885633469,0.048365987837314606,1.475083351135254,0.009513421915471554,9.607907878607511,0.9715641140937805,1.475083351135254,0.011399339884519577,8.671073913574219,0.4361051321029663,48750,3120000,62400,3231150
38,14,X3,3.4716900527745587,2.4474076936021447,0.9717966318130493,0.01253497414290905,0.046506863087415695,1.4070484638214111,0.009520760737359524,7.69659537486732,0.9717966318130493,1.4070484638214111,0.011607108637690544,6.7445244789123535,0.4646947681903839,48750,3120000,62400,3231150
38,15,X3,-2.6303671172893095,2.332509644329548,0.9708877205848694,0.012426336295902729,0.043409984558820724,1.2962932586669922,0.009492344222962856,6.806210787035525,0.9708877205848694,1.2962932586669922,0.010504663921892643,5.936885833740234,0.4053840935230255,48750,3120000,62400,3231150
38,16,X4,-2.151969643603869,2.2878369484096766,0.971098005771637,0.012359803542494774,0.04243718832731247,1.251430630683899,0.01051132008433342,7.0308693092316386,0.971098005771637,1.251430630683899,0.010684339329600334,6.381839752197266,0.19383949041366577,48750,3120000,62400,3231150
38,17,X3,-2.0416421835783662,2.2485281573608518,0.9711526036262512,0.012289018370211124,0.041683442890644073,1.2128562927246094,0.010546799749135971,6.091834912262857,0.9711526036262512,1.2128562927246094,0.01080875750631094,5.463209629058838,0.181014746427536,48750,3120000,62400,3231150
38,18,X5,-0.7935920044924458,2.1865511797368526,0.9708561301231384,0.012170860543847084,0.04032205417752266,1.1527079343795776,0.010494200512766838,5.105875558592379,0.9708561301231384,1.1527079343795776,0.011649430729448795,4.501235008239746,0.168278306722641,48750,3120000,62400,3231150
38,19,X5,2.7406549477871316,2.1634579626843333,0.9708183407783508,0.012117717415094376,0.03984605520963669,1.13020658493042,0.010469264350831509,5.743845110014081,0.9708183407783508,1.13020658493042,0.01044909842312336,5.1642255783081055,0.14896544814109802,48750,3120000,62400,3231150
38,20,X4,-3.8523773268821184,2.146273897960782,0.9708956480026245,0.012068061158061028,0.03953125700354576,1.111419916152954,0.01235901564359665,5.120887739025056,0.9708956480026245,1.111419916152954,0.01051608007401228,4.6389288902282715,0.054979655891656876,48750,3120000,62400,3231150
38,21,X3,-4.781963361537979,2.115725942887366,0.9706388711929321,0.012006010860204697,0.038494523614645004,1.0837904214859009,0.01079611573368311,4.933541923947632,0.9706388711929321,1.0837904214859009,0.01007112767547369,4.487825393676758,0.02475954405963421,48750,3120000,62400,3231150
38,22,X3,-1.4903976269710286,2.1054087532684207,0.9707559943199158,0.011982457712292671,0.038327448070049286,1.0737392902374268,0.01060356292873621,4.602748205140233,0.9707559943199158,1.0737392902374268,0.011215146631002426,4.163559436798096,0.019074564799666405,48750,3120000,62400,3231150
38,23,X2,2.9768629627681236,2.0969706727191806,0.9706907272338867,0.011958482675254345,0.038284946233034134,1.0655789375305176,0.010457579046487808,3.4885413225740196,0.9706907272338867,1.0655789375305176,0.009941261261701584,3.053860902786255,0.017485225573182106,48750,3120000,62400,3231150
38,24,X1,-2.9859714732072,2.081186623312533,0.9707990288734436,0.011908778920769691,0.034858908504247665,1.053402304649353,0.010217602364718914,3.3091880524531008,0.9707990288734436,1.053402304649353,0.010481812991201878,2.8776586055755615,0.016207367181777954,48750,3120000,62400,3231150
