method,seed,n_nodes,episodes,final_total_loss,min_total_loss,elapsed_s
random,123,30,150,5.840520869940519,5.757016258314252,4461.6088218688965
