method,seed,n_nodes,episodes,final_total_loss,min_total_loss,elapsed_s
ppo,456,30,150,5.659943796694279,5.5700106006115675,2698.6947894096375
