episode,step,total_loss,loss_X1,loss_X4,loss_X2,loss_X3,loss_X5
0,0,34.77718851566315,1.0162113904953003,4.948422908782959,25.07369613647461,6.827589511871338,1.682976007461548
0,1,17.248117274045946,1.0162113904953003,4.06674861907959,9.17952823638916,6.64700174331665,0.4049952924251556
0,2,11.914398637413978,1.021288275718689,3.3297760486602783,8.245943069458008,2.576341152191162,0.2219015508890152
0,3,12.637774169445038,1.02130126953125,2.734063148498535,9.173240661621094,2.536050319671631,0.1774103045463562
0,4,1.8488810762763024,1.0189858675003052,1.8826757669448853,0.0460084378719329,1.1667993068695068,0.0557410046458244
0,5,1.5432369247078896,1.0189670324325562,1.6056113243103027,0.0309370122849941,0.94585382938385,0.0415304116904735
0,6,0.9529145870357753,1.0174790620803833,1.3935643434524536,0.0311110951006412,0.4170685708522796,0.0225262399762868
0,7,0.7193922638893128,1.0167173147201538,1.134568214416504,0.0214450806379318,0.1340898722410202,0.1336002051830291
0,8,0.7198256343603134,1.0159924030303955,1.0667752027511597,0.0238152220845222,0.1164667680859565,0.1629901230335235
0,9,0.7260720014572144,1.016586422920227,1.0214247703552246,0.0185287743806839,0.0957764834165573,0.2041645050048828
0,10,0.6107572888955475,1.0162529945373535,0.9753323793411256,0.0109084909781813,0.1012756451964378,0.1002560779452323
0,11,0.559191325493157,1.0164179801940918,0.9655277132987976,0.0118960151448845,0.0884807035326957,0.0624254681169986
0,12,0.5638034405186773,1.0165492296218872,0.9605798721313475,0.0131960632279515,0.0952730476856231,0.0599085092544555
0,13,0.5357305580750108,1.0173362493515017,0.9575237035751344,0.0138098048046231,0.0743680298328399,0.0525807328522205
0,14,0.5278510503470898,1.016696810722351,0.9560400247573853,0.0120595879852771,0.0742443203926086,0.0469997748732566
0,15,0.5040974326431752,1.0166300535202026,0.9557645916938782,0.0128222405910491,0.0458478927612304,0.0509483702480793
0,16,0.5031113000586629,1.0172885656356812,0.9556242823600768,0.0149514274671673,0.0505250208079814,0.0430522821843624
0,17,0.5001610938459635,1.0174134969711304,0.9555699229240416,0.012670649215579,0.0442975163459777,0.0485962443053722
0,18,0.4955865617841483,1.0174086093902588,0.955596089363098,0.0147247742861509,0.0429462119936943,0.0433146357536315
1,0,31.004672026634218,1.0162113904953003,4.948422908782959,22.15205764770508,6.045616149902344,1.6140713691711426
1,1,26.063883781433105,1.0149070024490356,4.067173957824707,21.445331573486328,2.868900775909424,0.733235239982605
1,2,28.1107645213604,1.0154682397842407,3.3200719356536865,23.797481536865234,2.982051134109497,0.4641238152980804
1,3,25.73175260424614,1.0146048069000244,2.7294251918792725,21.42434883117676,3.118502140045166,0.4400956332683563
1,4,3.085637691617012,1.0149118900299072,1.886251449584961,0.0483017116785049,1.873940706253052,0.5831626057624817
1,5,2.9993430633097886,1.015350103378296,1.5983941555023191,0.0205809492617845,1.8622281551361084,0.5937851071357727
1,6,2.96081329472363,1.0165979862213137,1.3934611082077026,0.0131586659699678,1.8392993211746216,0.6263434886932373
1,7,2.400095726363361,1.01616632938385,1.1391757726669312,0.0138399256393313,1.2862799167633057,0.6689074635505676
1,8,2.649077794700861,1.0176973342895508,1.069657564163208,0.013773176819086,1.3950393199920654,0.8227943181991577
1,9,2.5641818027943373,1.0180506706237793,1.0236074924468994,0.0140015464276075,1.3899829387664795,0.7518656849861145
1,10,2.7517908925190566,1.019370436668396,0.9767449498176576,0.0111781591549515,1.3702231645584106,0.971166491508484
1,11,2.858952937461436,1.017188549041748,0.9667735695838928,0.0110848406329751,1.326724410057068,1.1243512630462646
1,12,2.247858344204724,1.0179383754730225,0.9608086943626404,0.0110677825286984,1.4206101894378662,0.4204309582710266
1,13,1.9109616935253144,1.017163872718811,0.9609276056289672,0.0269333571195602,1.27897310256958,0.2094369381666183
1,14,1.991272435337305,1.0158038139343262,0.9588954448699952,0.0323057807981967,1.297338366508484,0.2666884362697601
1,15,1.796492759883404,1.014776349067688,0.9609248638153076,0.0345988795161247,1.1365764141082764,0.2301772236824035
1,16,1.7541693687438964,1.0148502588272097,0.9581416845321656,0.0165216028690338,1.1919655799865725,0.1510837972164154
1,17,1.9467169519513845,1.0154680013656616,0.9579536318778992,0.0184126254171133,1.3666642904281616,0.1669557094573974
1,18,2.3779122572392226,1.0156536102294922,0.9572963714599608,0.0177799593657255,1.8174606561660769,0.1480816453695297
1,19,2.3291993748396638,1.015716791152954,0.9558149576187134,0.0182143878191709,1.77041494846344,0.1462636888027191
1,20,1.999481114000082,1.016219973564148,0.955885410308838,0.0186170227825641,1.4855588674545288,0.1008841469883918
1,21,3.14691523052752,1.0162514448165894,0.955768346786499,0.0199478734284639,2.610945701599121,0.1216176971793174
1,22,3.336094412952661,1.0165225267410278,0.955562710762024,0.0178155489265918,2.797433853149414,0.1264279633760452
2,0,32.36495122909546,1.0162113904953003,4.948422908782959,23.858097076416016,5.646809101104736,1.6671181917190552
2,1,28.598255902528763,1.0151957273483276,4.065682411193848,23.79615592956543,3.657853364944458,0.12807098031044
2,2,21.46118965446949,1.0151978731155396,3.351853609085083,18.94891929626465,1.544698715209961,0.0941613465547561
2,3,2.2036178380250933,1.0151978731155396,2.7751011848449707,0.2537329792976379,1.1232829093933103,0.0685421377420425
2,4,1.5179054014384747,1.0149714946746826,1.931102991104126,0.0324486494064331,0.8341320753097534,0.0621097795665264
2,5,1.487093672528863,1.0149837732315063,1.6388992071151731,0.0123329479247331,0.8982380032539368,0.045746125280857
2,6,1.5717983704060317,1.0149836540222168,1.4202072620391846,0.0100281294435262,0.9870270490646362,0.0877050086855888
2,7,1.6236315814778208,1.0160634517669678,1.1565732955932615,0.0110357208177447,1.0815401077270508,0.0965284034609794
2,8,1.7372528286650777,1.0160967111587524,1.0801920890808103,0.0088126929476857,1.260822892189026,0.0483594834804534
2,9,1.5480470580980183,1.0165400505065918,1.032567262649536,0.0092512322589755,1.091118335723877,0.0378560274839401
2,10,1.597717145830393,1.0173640251159668,0.9781594276428224,0.0102650709450244,0.9667402505874634,0.2216071337461471
2,11,1.9299019701778888,1.0182923078536987,0.9658442139625548,0.0105295218527317,1.3036495447158811,0.218895599246025
3,0,29.07322657108307,1.0242221355438232,1.553274631500244,20.93783187866211,6.1540350914001465,1.4658602476119995
3,1,25.848735785484315,1.0242221355438232,1.2537987232208252,19.029125213623047,4.937983989715576,1.4260224103927612
3,2,24.92210431098938,1.014616847038269,1.0797202587127686,19.67527961730957,3.096459150314331,1.731498122215271
3,3,23.556324625015257,1.0146130323410034,1.007041335105896,18.114891052246094,2.4242918491363525,2.6128108501434326
3,4,1.463326331973076,1.0146405696868896,0.958261013031006,0.0625603348016738,0.4174619615077972,0.5887237191200256
3,5,1.3547457084059715,1.0150506496429443,0.955575466156006,0.0406477078795433,0.4069011807441711,0.513071596622467
3,6,0.8840615149587393,1.016746997833252,0.9555714130401612,0.0258343014866113,0.424730509519577,0.0390330217778682
3,7,1.1407139331102372,1.016658067703247,0.9556229114532472,0.0193153154104948,0.6958053112030029,0.0311371106654405
3,8,1.1957097996026278,1.0162498950958252,0.9556028246879578,0.0202453937381505,0.7472693920135498,0.0338244698941707
3,9,1.2621585115790368,1.0158402919769287,0.9557164311408995,0.0193401128053665,0.8160108923912048,0.0324961617588996
3,10,1.2550114527344705,1.0161805152893066,0.9556453227996826,0.0138331241905689,0.7984925508499146,0.048320610076189
3,11,1.167857998237014,1.0161415338516235,0.9555633664131165,0.0138341132551431,0.7137432098388672,0.0459396950900554
3,12,1.1670955296605825,1.0158342123031616,0.9556022882461548,0.0157757718116045,0.7214275598526001,0.0356048978865146
4,0,34.263958191871644,1.0162113904953003,4.948422908782959,23.64151954650879,5.442866325378418,3.986645460128784
4,1,25.037356352806093,1.0168945789337158,4.066102981567383,20.65966033935547,2.9572668075561523,0.4038296937942505
4,2,22.95369250029325,1.0168932676315308,3.3233754634857178,20.591772079467773,1.373210072517395,0.1206566020846366
4,3,23.408956509828567,1.0155397653579712,2.738431453704834,21.27690696716309,1.2981464862823486,0.0831088125705719
4,4,1.275626950711012,1.0198556184768677,1.8828861713409424,0.062092337757349,0.5799232125282288,0.0530630424618721
4,5,1.545869981497526,1.0198832750320437,1.601400375366211,0.0334139876067638,0.95290344953537,0.0352958142757415
4,6,2.9991754103451966,1.0191659927368164,1.3939567804336548,0.0253014508634805,2.4461493492126465,0.0451000556349754
4,7,5.207881771028042,1.0165371894836426,1.1367902755737305,0.022719245404005,4.710991859436035,0.043505173176527
4,8,3.0468078326433896,1.015546441078186,1.0676050186157229,0.0232905875891447,2.574346780776977,0.0325401723384857
4,9,2.7746086690574883,1.0155763626098633,1.0202735662460327,0.0231756288558244,2.3017234802246094,0.0425395742058754
4,10,3.1618674166500567,1.0164703130722046,0.975020945072174,0.0181231833994388,2.7109782695770264,0.0344677120447158
5,0,31.56212184429169,1.0162113904953003,4.948422908782959,21.82919692993164,6.989002704620361,1.5509953498840332
5,1,27.339374113082886,1.016677737236023,4.067210674285889,21.89240455627441,3.786495923995972,0.6436959505081177
5,2,21.356582295894626,1.0166780948638916,3.340501070022583,17.194406509399414,2.6919875144958496,0.5987524390220642
5,3,21.45765326023102,1.018948316574097,2.7362711429595947,17.87175941467285,2.349365234375,0.4854847192764282
5,4,1.719979172945023,1.0148643255233765,1.8955737352371216,0.0639755874872207,1.0024653673171997,0.0714506059885025
5,5,1.4748620249330997,1.0148725509643557,1.6125839948654177,0.0433684326708316,0.7285047173500061,0.1774975657463073
5,6,1.5300158709287643,1.0153969526290894,1.4077279567718506,0.0373157560825347,0.8753435611724854,0.1327315717935562
5,7,1.0984124965965747,1.0154941082000732,1.1428653001785278,0.0188935063779354,0.5720272660255432,0.0758198425173759
5,8,0.9658299427479506,1.0152442455291748,1.066311955451965,0.0220652502030134,0.4774923920631408,0.0499610602855682
5,9,1.0059791227802637,1.015248417854309,1.0166044235229492,0.0097028939053416,0.5375363230705261,0.052369337528944
5,10,1.0870920145884155,1.0146375894546509,0.9737910628318788,0.0099985422566533,0.6366122364997864,0.04279550537467
5,11,1.0875380765646696,1.0146654844284058,0.9667267203330994,0.0102324690669775,0.6326056122779846,0.0484215542674064
5,12,0.9709236996248364,1.0146642923355105,0.9618399739265442,0.0103329354897141,0.5202677249908447,0.0450221858918666
5,13,0.8504456501454115,1.0146517753601074,0.9568965435028076,0.010355731472373,0.3984221816062927,0.0473580732941627
5,14,1.050266926921904,1.0146331787109375,0.9560809135437012,0.01037482265383,0.5842903852462769,0.0614589005708694
5,15,0.9496249318122864,1.0146337747573853,0.9559272527694702,0.0102743282914161,0.4825881719589233,0.0626502260565757
5,16,0.9414890667423608,1.0148699283599854,0.955566704273224,0.0103720715269446,0.4673961400985718,0.0696335285902023
5,17,0.9445343226194384,1.0151938199996948,0.9635628461837769,0.0104072913527488,0.475805252790451,0.0625704452395439
5,18,1.0578296883031726,1.0159960985183716,0.9595223665237428,0.0100071830675005,0.5844441056251526,0.0682747066020965
5,19,1.0368191981688142,1.0187382698059082,0.95777827501297,0.0121603766456246,0.5555840134620667,0.0737714990973472
5,20,0.9718440448865296,1.019280195236206,0.957586407661438,0.0106094917282462,0.504075288772583,0.0617859438061714
5,21,1.1506184851750731,1.0175776481628418,0.9562692046165466,0.0135278021916747,0.592431902885437,0.1498894095420837
5,22,1.0668419344350697,1.0168522596359253,0.955765962600708,0.0107857761904597,0.5772882103919983,0.0842443034052848
6,0,31.422880816459656,1.015836477279663,1.5427467823028564,23.21523666381836,5.977177619934082,1.7187498807907104
6,1,27.165992891788484,1.0256093740463257,1.25023353099823,22.120872497558597,3.613103866577149,0.9768479466438292
6,2,28.88735673427582,1.0158143043518066,1.0827828645706177,23.14449882507324,4.317561149597168,1.0055773258209229
6,3,26.85808902978897,1.0152207612991333,1.005744457244873,21.323766708374023,4.298532009124756,0.8315972685813904
6,4,1.383716606348753,1.015128493309021,0.9578210711479188,0.0358581654727458,0.3637186288833618,0.5895498991012573
6,5,1.3992636948823929,1.0147504806518557,0.9559733867645264,0.0319595783948898,0.4784128367900848,0.4947465062141418
6,6,1.3289335772395134,1.0147570371627808,0.9555742740631104,0.0300688669085502,0.4723528921604156,0.4324455559253692
6,7,1.4056612066924572,1.0146405696868896,0.9559503793716432,0.0122773759067058,0.4544056355953216,0.5448600053787231
6,8,1.4772304125130176,1.014639139175415,0.9567449688911438,0.0099752135574817,0.5433434844017029,0.5296348929405212
6,9,1.65445564519614,1.014639139175415,0.9569265842437744,0.0104430271312594,0.5340120792388916,0.7156873941421509
6,10,1.0884274918586017,1.015436768531799,0.9563446640968324,0.0094482470303773,0.6271631717681885,0.0574597865343093
6,11,1.1045848777517675,1.0151971578598022,0.9559053778648376,0.0106615936383605,0.6504948735237122,0.049207903444767
6,12,1.2317046800628304,1.015204668045044,0.9556599259376526,0.0111696505919098,0.7855541706085205,0.0408079400658607
6,13,1.282423766888678,1.0157917737960815,0.9558566808700562,0.0102429622784256,0.7062917351722717,0.1715593785047531
6,14,1.3580351289361716,1.0150182247161863,0.956029176712036,0.0100812818855047,0.72337406873703,0.2303702980279922
6,15,1.3744931079447271,1.0150691270828247,0.9556440711021424,0.0110200084745883,0.6822466850280762,0.2870837748050689
6,16,1.498684067092836,1.015892505645752,0.9555630683898926,0.0096612637862563,0.6687135696411133,0.4260181188583374
7,0,29.19636962413788,1.0162113904953003,4.948422908782959,19.77965545654297,5.782515525817871,2.4412717819213867
7,1,27.17364455461502,1.014613389968872,4.064713001251221,21.28727912902832,4.117008686065674,0.7534914612770081
7,2,25.63244907855988,1.0146137475967407,3.342522382736206,20.046125411987305,3.898352861404419,0.8165435791015625
7,3,9.9583077698946,1.0146137475967407,2.755128860473633,6.405280590057373,2.557501077651977,0.2415775805711746
7,4,1.547286783158779,1.015455722808838,1.9254372119903564,0.0456338450312614,0.6890547275543213,0.2244196236133575
7,5,1.390489835292101,1.0154211521148682,1.6444474458694458,0.039547149091959,0.5722220540046692,0.2467469125986099
7,6,1.3552933037281036,1.0149829387664795,1.4273531436920166,0.0393463671207428,0.5287137627601624,0.2987659573554992
7,7,1.27264863550663,1.0159180164337158,1.161693811416626,0.0413811653852462,0.5359193086624146,0.2598257958889007
7,8,1.8514397621154783,1.0150580406188965,1.0855916738510132,0.0448302626609802,1.090965747833252,0.2955138087272644
7,9,1.809388168901205,1.0147373676300049,1.030877709388733,0.036596979945898,1.0805201530456543,0.2831480205059051
7,10,1.7226779237389565,1.014626383781433,0.980578601360321,0.0219462588429451,1.0549417734146118,0.2467488944530487
7,11,1.9968029886484149,1.0146132707595823,0.9676073789596558,0.02556774020195,1.3377286195755005,0.2370624989271164
7,12,2.108024602755904,1.0146543979644775,0.9608625769615172,0.0253450777381658,1.4590744972229004,0.2285016328096389
7,13,1.326908107101917,1.0150463581085205,0.956347405910492,0.0128016099333763,0.6760569214820862,0.2437708228826522
8,0,31.80035445690155,1.0162113904953003,4.948422908782959,23.167705535888672,6.068403244018555,1.371318817138672
8,1,28.779890191555022,1.01499605178833,4.066465377807617,21.497182846069336,5.339071750640869,0.9273433089256288
8,2,28.58389835357666,1.0231895446777344,3.340545415878296,22.166717529296875,5.018848419189453,0.525585412979126
8,3,24.05862715244293,1.0232551097869873,2.735562324523926,20.328371047973636,1.968339920043945,1.0101526975631714
8,4,1.7842772483825684,1.0176812410354614,1.8845895528793333,0.0441589951515197,0.8473644852638245,0.3122996091842651
8,5,1.6977640695869924,1.0208230018615725,1.599819540977478,0.029638011008501,0.829435408115387,0.3145621418952942
8,6,1.717902284115553,1.0195351839065552,1.3916586637496948,0.0151432566344738,0.8194978833198547,0.4010223746299743
8,7,1.845657161809504,1.0201417207717896,1.1348378658294678,0.010965303517878,0.9591057300567628,0.4445902109146118
8,8,1.646704887226224,1.0199980735778809,1.0608587265014648,0.0110008884221315,0.8382400870323181,0.3812925517559051
8,9,1.6797606272622945,1.0193051099777222,1.017428278923035,0.0122757358476519,0.9348666667938232,0.3252715468406677
8,10,1.6607200788334011,1.0203402042388916,0.9731765985488892,0.0103153632953763,0.9087530970573424,0.3429482579231262
8,11,1.4983509903773666,1.0189346075057983,0.9653095602989196,0.0092499023303389,0.8318691253662109,0.260383129119873
8,12,1.5791842471808195,1.018870234489441,0.9609245657920836,0.0110302101820707,0.8523263931274414,0.3198686838150024
8,13,1.5176782051101327,1.0188190937042236,0.9570503830909728,0.0096213528886437,0.8732086420059204,0.2396743148565292
8,14,1.479380040988326,1.0184822082519531,0.9562683701515198,0.0111261364072561,0.816627562046051,0.2566762268543243
8,15,1.4475500462576747,1.0187758207321167,0.9559564590454102,0.0106477020308375,0.8360195755958557,0.205936312675476
8,16,1.6370137657970192,1.0195417404174805,0.9560140371322632,0.0103263761848211,1.074209690093994,0.157366544008255
8,17,1.7913486996665595,1.0195485353469849,0.9560256004333496,0.0101252058520913,1.28253972530365,0.1035689413547515
8,18,1.8496488494798544,1.019670486450195,0.956185817718506,0.0109122721478343,1.3638837337493896,0.0796815827488899
8,19,1.5665132500231267,1.0179420709609983,0.9560161232948304,0.0095275752246379,1.061591863632202,0.1006021723151207
8,20,1.886513339355588,1.0179970264434814,0.955808401107788,0.0091071743518114,1.3928366899490356,0.089808389544487
8,21,1.255554036796093,1.0174006223678589,0.9564281702041626,0.0092391967773437,0.7946215867996216,0.0569274947047233
8,22,1.1845222188159823,1.017061471939087,0.955754280090332,0.0102190626785159,0.6938117742538452,0.0859282314777374
8,23,1.1808690970763565,1.0170862674713137,0.9556441307067872,0.010147332213819,0.6802663207054138,0.0959093645215034
8,24,1.1469317825511098,1.016924262046814,0.9556434154510498,0.0101799862459301,0.648205578327179,0.0940326824784278
9,0,29.880876123905185,1.0150470733642578,0.9558648467063904,21.91793441772461,6.029959678649902,1.5387996435165403
9,1,28.07183940410614,1.0280426740646362,0.965541422367096,22.62888526916504,4.277573585510254,0.7666637301445007
9,2,10.401536917686462,1.0279734134674072,0.958103895187378,7.587525367736816,1.7993128299713137,0.6174832582473755
9,3,9.046883250772954,1.0147181749343872,0.9581543803215028,7.59647274017334,0.9671106934547424,0.0887253060936927
9,4,1.5580200470983985,1.0150465965270996,0.9557687044143676,0.0123582296073436,1.0577161312103271,0.0937826260924339
9,5,1.5660067394375805,1.0150500535964966,0.955681324005127,0.0111337378621101,1.0723191499710083,0.0884075760841369
9,6,1.5182745911180977,1.0150964260101318,0.9556945562362672,0.011604581028223,1.033277153968811,0.0792346596717834
9,7,1.455931593850255,1.016923189163208,0.9555798172950744,0.0113078523427248,0.9355899691581726,0.1145331710577011
9,8,1.3820304462686182,1.0169200897216797,0.9555659294128418,0.011059702374041,0.8791483044624329,0.0973252356052398
9,9,1.132262451760471,1.0160216093063354,0.9556001424789428,0.0105459270998835,0.6458559632301331,0.0815362110733985
9,10,0.958519590832293,1.0155116319656372,0.9556295275688172,0.0107855135574936,0.4720813930034637,0.0814244523644447
9,11,0.981568575836718,1.0155175924301147,0.9556598663330078,0.01086510065943,0.5139598250389099,0.0625081583857536
9,12,1.1688524520024657,1.0155177116394043,0.9556145071983336,0.0102279251441359,0.6923506259918213,0.0720474570989608
9,13,1.0156994722783566,1.015655517578125,0.9557916522026062,0.009599220007658,0.5471476912498474,0.0646631270647049
9,14,1.0421122781932357,1.0153299570083618,0.9559072852134703,0.0101555474102497,0.5718664526939392,0.06584282964468
9,15,1.2380468059331178,1.0153504610061646,0.9558265209197998,0.0106350351125001,0.7319039106369019,0.1012724637985229
9,16,1.0006553828716278,1.016036033630371,0.955866813659668,0.0090339258313179,0.5215921401977539,0.0756487473845481
10,0,34.08565995693207,1.0162113904953003,4.948422908782959,25.001598358154297,5.79371976852417,2.097414970397949
10,1,28.16566532850265,1.0146429538726809,4.064932823181152,22.18239402770996,4.411548137664795,0.5558080077171326
10,2,24.05374408364296,1.0146435499191284,3.34651255607605,19.56953430175781,3.2400126457214355,0.3719659149646759
10,3,25.634406101703643,1.014626145362854,2.7568867206573486,21.38633155822754,3.2479872703552246,0.2457846999168396
10,4,0.922901386767626,1.0147030353546145,1.91451108455658,0.0429330207407474,0.2052377015352249,0.0888878405094146
10,5,0.8065459299832582,1.0150885581970217,1.6310834884643557,0.016468646004796,0.167052611708641,0.0937902629375457
10,6,0.908159900829196,1.0150797367095947,1.4223370552062988,0.0155760180205106,0.3282576501369476,0.0768428742885589
10,7,0.9735103884711862,1.0147132873535156,1.1666882038116455,0.0149785438552498,0.3186737596988678,0.2035777866840362
10,8,0.902879965864122,1.0147686004638672,1.088953971862793,0.0132198398932814,0.2441716641187667,0.2247439473867416
10,9,0.9697349168360232,1.014767289161682,1.0375522375106812,0.0133639313280582,0.3352006673812866,0.2107064127922058
10,10,0.837163288705051,1.0154147148132324,0.980936884880066,0.0150417787954211,0.2264199256896972,0.1964312642812729
10,11,0.8200018033385277,1.0159165859222412,0.9691234230995178,0.0142549350857734,0.2104876488447189,0.1982512176036834
11,0,31.950296139717103,1.0162113904953003,4.948422908782959,22.55568504333496,5.5339860916137695,2.6676981449127197
11,1,26.349788872897626,1.0151939392089844,4.06491756439209,21.70182991027832,3.5691847801208496,0.0627518817782402
11,2,29.275267150998115,1.0159952640533447,3.341447353363037,24.212453842163086,4.123403549194336,0.0679212361574173
11,3,28.041902230679987,1.0147883892059326,2.7488486766815186,22.57904624938965,4.617321014404297,0.09280755370855331
11,4,1.5468036934733391,1.015221118927002,1.9045764207839966,0.04038047045469284,0.3949435353279114,0.5275201797485352
11,5,1.2343370456248524,1.0149325132369995,1.6274269819259644,0.022422047331929207,0.5253618955612183,0.15808120369911194
11,6,1.3263082377612592,1.01492440700531,1.4185984134674072,0.01955486461520195,0.4824524521827698,0.3375963568687439
11,7,1.182258555293083,1.0149821043014526,1.1523239612579346,0.05409778654575348,0.4433727562427521,0.2513267993927002
11,8,1.320214393734932,1.0153921842575073,1.0806912183761597,0.061139270663261414,0.5095269680023193,0.3303314745426178
11,9,1.2661407731473446,1.015566110610962,1.0290629863739014,0.05794193968176842,0.46722611784935,0.33204689621925354
11,10,0.8637409970164299,1.015256404876709,0.9776449799537659,0.023316435515880585,0.4011440575122833,0.04070022702217102
11,11,0.8704753316938877,1.014976978302002,0.9656482934951782,0.022883836179971695,0.40781885385513306,0.043647587299346924
11,12,0.7988140873610974,1.0149785280227661,0.9607893228530884,0.028585344552993774,0.33625173568725586,0.038823436945676804
11,13,0.7954155825078487,1.0152041912078857,0.9567596316337585,0.01855577901005745,0.3540727496147156,0.028394289314746857
11,14,0.7983301140367984,1.0152065753936768,0.955766499042511,0.01670021377503872,0.3598957657814026,0.02753951959311962
11,15,0.9267075199633837,1.0152066946029663,0.9556084275245667,0.0101104024797678,0.457170695066452,0.06526339799165726
11,16,1.1936762409284711,1.0153379440307617,0.9555971622467041,0.011265319772064686,0.6990941166877747,0.08912978321313858
11,17,1.1858019400388002,1.0153573751449585,0.9555664658546448,0.010449500754475594,0.6985481381416321,0.08261953294277191
11,18,1.3324626950547098,1.0153590440750122,0.9555932283401489,0.010521563701331615,0.8334654569625854,0.09428521990776062
11,19,1.6857584966346622,1.015523076057434,0.9557449817657471,0.010265412740409374,1.1858857870101929,0.09535368531942368
12,0,27.219968414306642,1.018538236618042,1.5373141765594482,18.588424682617188,6.546400547027588,1.5739727020263672
12,1,23.326031857728957,1.015741229057312,1.2433279752731323,19.475807189941406,3.06661319732666,0.33179762959480286
12,2,23.757787159085275,1.014675259590149,1.0930098295211792,20.461746215820312,2.6810901165008545,0.19341380894184113
12,3,19.176757380366325,1.0146757364273071,1.0143420696258545,17.289531707763672,1.341598391532898,0.13982371985912323
12,4,0.8836568586528302,1.0146392583847046,0.9666837453842163,0.04026022553443909,0.40319663286209106,0.04393539950251579
12,5,0.8443620875477791,1.014604926109314,0.9626772403717041,0.03363732621073723,0.3866448402404785,0.028623487800359726
12,6,0.8487574927508832,1.0146052837371826,0.9600031971931458,0.018952753394842148,0.39504751563072205,0.039835527539253235
12,7,0.7917666360735893,1.0146225690841675,0.9574847221374512,0.01709386333823204,0.3421439826488495,0.03810733184218407
12,8,0.7925141150131821,1.0146384239196777,0.9576797485351562,0.014392496086657047,0.3467089533805847,0.0369490310549736
12,9,0.8902597106993199,1.014639139175415,0.9582520723342896,0.01621057465672493,0.44644346833229065,0.03302742540836334
12,10,0.9958462558686734,1.015201449394226,0.9573611617088318,0.02005656063556671,0.533881664276123,0.047395508736371994
12,11,0.992255724966526,1.0158170461654663,0.957085371017456,0.018427774310112,0.5332927703857422,0.04595469683408737
12,12,1.047214611619711,1.0156946182250977,0.957752525806427,0.016681823879480362,0.5880677103996277,0.04777564853429794
12,13,1.0212426280602813,1.0157116651535034,0.9572857618331909,0.014830156229436398,0.5779753923416138,0.03383759409189224
13,0,33.30452582836151,1.0162113904953003,4.948422908782959,23.27599334716797,6.28475284576416,2.5508527755737305
13,1,29.705017685890198,1.0148205757141113,4.065180778503418,23.728229522705078,4.15037727355957,0.8104106187820435
13,2,26.52416247725487,1.016270399093628,3.3624327182769775,22.764728546142578,2.6875076293945312,0.19618567824363708
13,3,15.757498154044152,1.0162628889083862,2.783457040786743,13.566734313964844,1.3571200370788574,0.07369981706142426
13,4,1.4819525830447673,1.014844536781311,1.9350287914276123,0.011738047003746033,0.824577808380127,0.055662062019109726
13,5,1.4343649588525296,1.015878677368164,1.6515629291534424,0.01100189983844757,0.8560376763343811,0.03383706137537956
13,6,1.3021822167560457,1.0158417224884033,1.4304665327072144,0.012795261107385159,0.7561911344528198,0.0439341701567173
13,7,1.1651553671807051,1.014968991279602,1.1665534973144531,0.011912895366549492,0.6661627888679504,0.050775185227394104
13,8,1.1075163934379817,1.0159573554992676,1.095069169998169,0.013669269159436226,0.5734907388687134,0.0981510803103447
13,9,1.1181806035339832,1.0155938863754272,1.0438190698623657,0.012848827987909317,0.5831294059753418,0.11031977832317352
13,10,1.0288262551650404,1.0152779817581177,0.9857704043388367,0.01124990452080965,0.5897507667541504,0.027615906670689583
13,11,1.0770235046744348,1.0149284601211548,0.972498893737793,0.013689171522855759,0.6404932141304016,0.02535564824938774
13,12,1.0182381054386496,1.015110969543457,0.9661603569984436,0.011802797205746174,0.5864136815071106,0.023767361417412758
13,13,0.9844621846452355,1.0155199766159058,0.9580464959144592,0.010124157182872295,0.5515891909599304,0.028035541996359825
13,14,1.0890794111415745,1.0154021978378296,0.9569389224052429,0.010691828094422817,0.6564676761627197,0.027451682835817337
13,15,1.1446866888552905,1.015848994255066,0.9561992287635803,0.010383086279034615,0.6045994758605957,0.13529448211193085
13,16,1.1352742847055197,1.0155301094055176,0.9558538198471069,0.009899964556097984,0.5596056580543518,0.17149187624454498
13,17,1.0721250569447875,1.015347957611084,0.9557808637619019,0.01024980004876852,0.5084274411201477,0.1592220515012741
13,18,1.2015523524954914,1.0154224634170532,0.9557315707206726,0.008872789330780506,0.6090434193611145,0.18940533697605133
13,19,1.2088510619476438,1.0155327320098877,0.9555972814559937,0.009260688908398151,0.5467482805252075,0.2586160898208618
14,0,33.326129174232484,1.0162113904953003,4.948422908782959,23.57647132873535,6.1770920753479,2.379638910293579
14,1,19.59493680000305,1.0162113904953003,4.065330505371094,11.342803001403809,6.220827102661133,1.0149983167648315
14,2,14.128452670574188,1.0152318477630615,3.3389992713928223,9.444120407104492,3.0019524097442627,0.8115336298942566
14,3,12.474133336544037,1.0148495435714722,2.7531166076660156,9.375566482543945,1.3554686307907104,0.9895049929618835
14,4,2.5928369788452983,1.0146729946136475,1.90977942943573,0.01000011246651411,0.8099972009658813,1.1879491806030273
14,5,2.0729594018310307,1.0149922370910645,1.6312652826309204,0.010748198255896568,0.7573581337928772,0.7756015658378601
14,6,2.293297263607383,1.0161644220352173,1.4185092449188232,0.012984057888388634,0.8666884303092957,0.9266900420188904
14,7,2.113286802731454,1.0174256563186646,1.1615296602249146,0.014434061013162136,0.8168912529945374,0.8461704254150391
14,8,2.121087485179305,1.017119288444519,1.0910882949829102,0.012303775176405907,0.7332425713539124,0.953899621963501
14,9,1.9405198879539967,1.0174216032028198,1.0365991592407227,0.01319088414311409,0.5300945043563843,0.9864303469657898
14,10,1.862628169171512,1.0166428089141846,0.9828504920005798,0.011321689002215862,0.46821847558021545,0.9831893444061279
14,11,1.86217285040766,1.0166901350021362,0.970645546913147,0.010187813080847263,0.5884560942649841,0.866061806678772
14,12,1.857601684704423,1.0177860260009766,0.9645076394081116,0.010658914223313332,0.5193120241165161,0.9311720132827759
14,13,1.99570339769125,1.0186936855316162,0.957705020904541,0.010627977550029755,0.4781448543071747,1.111650824546814
14,14,1.9106088364496827,1.018621563911438,0.956589937210083,0.009332248009741306,0.3516761064529419,1.1545581817626953
14,15,1.9702477833256125,1.018649935722351,0.9562156796455383,0.009207113645970821,0.3550276458263397,1.2110399007797241
14,16,1.862455051764846,1.0206618309020996,0.9557493925094604,0.00986373983323574,0.3441789746284485,1.1131300926208496
14,17,1.9314219567924737,1.0206196308135986,0.9555894136428833,0.011465827003121376,0.2843618094921112,1.2403525114059448
14,18,2.0755590692162516,1.0188204050064087,0.9556288123130798,0.011224992573261261,0.43685224652290344,1.232591986656189
15,0,29.296483325958253,1.0168471336364746,0.9558302164077759,21.4675350189209,6.107446670532227,1.3269661664962769
15,1,25.259730923175812,1.0390175580978394,0.9556610584259033,20.710281372070312,3.5022294521331787,0.648284375667572
15,2,24.82502669095993,1.0186723470687866,0.9569829106330872,21.556781768798828,2.288475751876831,0.5846381187438965
15,3,12.402310252189636,1.0187084674835205,0.9569703340530396,9.128155708312988,2.134228467941284,0.7447903156280518
15,4,5.312076114118099,1.023969292640686,0.9558240175247192,0.09153743833303452,4.211306095123291,0.6132739186286926
15,5,5.825568656995893,1.0222246646881104,0.9568862915039062,0.02842147834599018,4.685713291168213,0.7156116962432861
15,6,4.986628255993128,1.0222066640853882,0.9565509557723999,0.015616986900568008,3.9225640296936035,0.6526957154273987
15,7,2.7687210351228715,1.020519733428955,0.9557549953460693,0.011031702160835266,1.8035823106765747,0.5588520765304565
15,8,2.9224527379497887,1.019033670425415,0.9556311368942261,0.011267795227468014,1.878021478652954,0.6382305026054382
15,9,2.321534082852304,1.0190738439559937,0.9556174278259277,0.01060017105191946,1.3707468509674072,0.545248806476593
15,10,1.5199276505038144,1.0166199207305908,0.9556969404220581,0.010570990853011608,0.7173171043395996,0.3975761830806732
15,11,1.4538823036476969,1.0167317390441895,0.9559916853904724,0.011724594049155712,0.7469387054443359,0.30067431926727295
15,12,1.0884302852675318,1.0167114734649658,0.9559484124183655,0.01096292119473219,0.3368886709213257,0.34604671597480774
15,13,1.1563579749315978,1.0167934894561768,0.9559735655784607,0.010642929002642632,0.462389200925827,0.28877243399620056
15,14,1.3172762179747224,1.0171183347702026,0.9558171629905701,0.010488488711416721,0.6077468991279602,0.3044537305831909
15,15,1.0975238712504507,1.016264796257019,0.9558128714561462,0.010513273067772388,0.43941929936408997,0.2531757652759552
15,16,1.3011790815740825,1.0159454345703125,0.9559504389762878,0.009504670277237892,0.6367584466934204,0.260536789894104
15,17,1.1714612368494273,1.0156513452529907,0.9559844136238098,0.00902404822409153,0.5599521398544312,0.20815789699554443
15,18,1.0889024736359716,1.0158426761627197,0.9558258652687073,0.010135469026863575,0.4786243140697479,0.20580898225307465
16,0,31.901011681556703,1.0162113904953003,4.948422908782959,22.468894958496094,6.0443806648254395,2.1948091983795166
16,1,25.402977074682713,1.0162113904953003,4.066275119781494,18.310558319091797,6.027202129364014,0.04871932417154312
16,2,20.864791011810304,1.015980839729309,3.3368234634399414,17.806554794311523,1.960451364517212,0.22722399234771729
16,3,22.023086708784103,1.0165094137191772,2.739004373550415,18.97356605529785,1.8105868101119995,0.48783108592033386
16,4,2.934936185926199,1.014724612236023,1.9040201902389526,0.06185710057616234,1.258216381072998,1.0311137437820435
16,5,2.672832719236612,1.014724850654602,1.6138557195663452,0.034513477236032486,1.1685879230499268,0.9440152049064636
16,6,1.7930023480206727,1.0150363445281982,1.4001857042312622,0.028382079675793648,0.31813353300094604,0.963442325592041
16,7,1.572338615730405,1.0153316259384155,1.1400309801101685,0.012533681467175484,0.3407476246356964,0.7879847884178162
16,8,1.2485912933945655,1.0153244733810425,1.068130612373352,0.011302240192890167,0.28108546137809753,0.539512574672699
16,9,1.1329173708334566,1.0147794485092163,1.022498607635498,0.01176921371370554,0.291948139667511,0.4217444062232971
16,10,1.7203213455155493,1.0148452520370483,0.9732961654663086,0.011147615499794483,0.21354980766773224,1.097995638847351
16,11,0.7000306230038404,1.0148464441299438,0.9642909169197083,0.010730503126978874,0.23745295405387878,0.05601969361305237
16,12,0.5364273117855192,1.0150922536849976,0.9590615034103394,0.010713797993957996,0.1065523773431778,0.02433038502931595
16,13,0.48831188175827267,1.014919400215149,0.9559258818626404,0.010719276033341885,0.057605545967817307,0.025818003341555595
17,0,30.907358145713808,1.0162113904953003,4.948422908782959,22.701557159423828,6.0820794105529785,0.9307947158813477
17,1,29.837463009357453,1.0206983089447021,4.06597900390625,21.70144271850586,6.487298488616943,0.6313863396644592
17,2,27.884147807210685,1.0206842422485352,3.358186721801758,23.95160675048828,2.9954450130462646,0.06132185086607933
17,3,26.733992964029312,1.016828179359436,2.7629199028015137,23.97592544555664,1.9560025930404663,0.04611530900001526
17,4,1.3623115485534072,1.01461923122406,1.9106605052947998,0.013215607963502407,0.718481183052063,0.045558810234069824
17,5,1.2995555175468327,1.0146195888519287,1.625030279159546,0.0113424276933074,0.7175722718238831,0.04271084442734718
17,6,1.0960662506520749,1.0146063566207886,1.423211932182312,0.011814877390861511,0.5569441914558411,0.03974352404475212
17,7,0.6161628199741245,1.014737844467163,1.1615716218948364,0.013910594396293163,0.11408839374780655,0.05290193855762482
17,8,0.610550443828106,1.0147277116775513,1.0831247568130493,0.01727936416864395,0.13597840070724487,0.037722185254096985
17,9,0.53015888761729,1.0148566961288452,1.0340332984924316,0.013840862549841404,0.07538354396820068,0.03115648217499256
17,10,0.5470663683488965,1.0149013996124268,0.985912024974823,0.014637545682489872,0.10103030502796173,0.03123583272099495
17,11,0.5166878346353769,1.0147888660430908,0.9746118187904358,0.016113942489027977,0.057294830679893494,0.04539892449975014
17,12,0.5310396397486329,1.014788031578064,0.9661805629730225,0.01403855625540018,0.06824614107608795,0.05256122350692749
17,13,0.5336354654282331,1.0151631832122803,0.9600796103477478,0.010599574074149132,0.06834574043750763,0.05964159220457077
17,14,0.5252793511375785,1.0153617858886719,0.9592236876487732,0.012392974458634853,0.05518938601016998,0.06277989596128464
17,15,0.5677587559446693,1.0153511762619019,0.9604458808898926,0.011188766919076443,0.08000050485134125,0.08141007274389267
17,16,0.5823699254542589,1.0151487588882446,0.9574437141418457,0.010972021147608757,0.05880206450819969,0.1180773451924324
17,17,0.6237308720126749,1.0152274370193481,0.9568336009979248,0.011888780631124973,0.05640312284231186,0.1610267609357834
18,0,30.471042573451996,1.019033432006836,0.9556097388267517,22.419357299804688,5.840822696685791,1.8159339427947998
18,1,28.851018333435057,1.019033432006836,0.9739326238632202,22.52499771118164,5.562646389007568,0.3647810220718384
18,2,24.868390399217606,1.014708161354065,0.9633026123046875,20.564167022705078,3.5257484912872314,0.38287273049354553
18,3,21.8155133664608,1.01555597782135,0.9621712565422058,19.77138328552246,1.3089299201965332,0.33965471386909485
18,4,0.9267264898866415,1.0146100521087646,0.957106351852417,0.019663309678435326,0.17388400435447693,0.3388358950614929
18,5,1.195391783490777,1.0146127939224243,0.9565500617027283,0.018605927005410194,0.29872632026672363,0.48382696509361267
18,6,1.1846135683357715,1.0158532857894897,0.957282304763794,0.016967136412858963,0.279547780752182,0.49347153306007385
18,7,1.0670730240643025,1.0156641006469727,0.9563122987747192,0.01679559424519539,0.24977737665176392,0.40610477328300476
18,8,1.0408723786473275,1.0156632661819458,0.9561792612075806,0.01317652314901352,0.22204910218715668,0.41127824783325195
18,9,0.9356202937662602,1.0167750120162964,0.9563420414924622,0.015422139316797256,0.1705777943134308,0.3549969494342804
18,10,0.8648138605058193,1.0156201124191284,0.9556553959846497,0.015747811645269394,0.14802461862564087,0.30678632855415344
18,11,0.8861190849915147,1.0156235694885254,0.9555912613868713,0.014909141696989536,0.1290895938873291,0.3478773832321167
18,12,0.8633492764085531,1.0153452157974243,0.9555646777153015,0.0168615635484457,0.14185768365859985,0.3104480504989624
18,13,0.8147836415097118,1.0156033039093018,0.9555683732032776,0.014144795946776867,0.10534052550792694,0.30106398463249207
18,14,0.7435749979689718,1.0160170793533325,0.9555631279945374,0.013875235803425312,0.09908074885606766,0.23630297183990479
18,15,0.685612327978015,1.0159984827041626,0.9555623531341553,0.011847419664263725,0.09039218723773956,0.18906055390834808
18,16,0.6682202104479075,1.0159066915512085,0.9555900692939758,0.011869506910443306,0.08161721378564835,0.18043413758277893
18,17,0.6224949158728124,1.0163393020629883,0.9556686282157898,0.01154375821352005,0.06113633140921593,0.15541324019432068
18,18,0.6432607308030129,1.0162993669509888,0.9557029008865356,0.010451123118400574,0.09165360778570175,0.14675554633140564
18,19,0.6147101126611233,1.01596200466156,0.9556569457054138,0.009799789637327194,0.07814887166023254,0.13243766129016876
18,20,0.6196380313485861,1.0155229568481445,0.9556401968002319,0.011181874200701714,0.08471889048814774,0.12950463593006134
18,21,0.5777573358267546,1.0155624151229858,0.955594003200531,0.01059584878385067,0.07053858786821365,0.10239161550998688
18,22,0.5701120475307107,1.0151152610778809,0.9556167125701904,0.009818234480917454,0.07248939573764801,0.09365802258253098
18,23,0.5395358746871353,1.0151170492172241,0.955609142780304,0.012034761719405651,0.058490220457315445,0.07486565411090851
18,24,0.5067799450829625,1.0150421857833862,0.9556397795677185,0.011007205583155155,0.034205321222543716,0.0674310252070427
19,0,29.402144169807436,1.0162113904953003,4.948422908782959,20.21230697631836,5.364895820617676,2.632014513015747
19,1,28.338086825609206,1.0203368663787842,4.065710544586182,20.819772720336914,6.120931148529053,0.3801734745502472
19,2,23.59402879178524,1.0163109302520752,3.3450961112976074,20.541574478149414,1.9350415468215942,0.24513135850429535
19,3,11.91352246105671,1.0163004398345947,2.748868465423584,9.39405345916748,1.5834511518478394,0.18298406898975372
19,4,1.5838132187724114,1.0198538303375244,1.9255882501602173,0.015713989734649658,0.9142594933509827,0.06475131958723068
19,5,1.3371243672445416,1.0193359851837158,1.6410326957702637,0.010480896569788456,0.7474205493927002,0.047149185091257095
19,6,1.497207354567945,1.0193315744400024,1.4272749423980713,0.010054408572614193,0.729470431804657,0.2683612108230591
19,7,1.1511791804805398,1.0218584537506104,1.1646819114685059,0.0109073081985116,0.5179798007011414,0.1849839985370636
19,8,1.1526274653151631,1.0220264196395874,1.0850770473480225,0.010554921813309193,0.5151581168174744,0.2054937332868576
19,9,1.0287684213370085,1.0198124647140503,1.0351485013961792,0.010498909279704094,0.4414736330509186,0.1658036857843399
19,10,0.9948763644322753,1.0206865072250366,0.9834826588630676,0.009754142723977566,0.37841641902923584,0.20587196946144104
19,11,0.7511418266221881,1.0207407474517822,0.9695626497268677,0.010822529904544353,0.15190136432647705,0.1903572529554367
19,12,0.7514821138232947,1.0223711729049683,0.9642264246940613,0.010364418849349022,0.14044328033924103,0.20335489511489868
19,13,0.7351427083835006,1.0212135314941406,0.9587002992630005,0.010062373243272305,0.1389930546283722,0.19010451436042786
19,14,0.7055564595386385,1.0196130275726318,0.9579150676727295,0.00962373148649931,0.13964679837226868,0.16078031063079834
19,15,0.6572668172419072,1.018816590309143,0.9568183422088623,0.010882299393415451,0.08613090962171555,0.16512662172317505
19,16,0.6446300178766251,1.0182336568832397,0.956467866897583,0.01050548255443573,0.07716052234172821,0.16202370822429657
19,17,0.654283225350082,1.0189260244369507,0.9560715556144714,0.01008679997175932,0.07312247902154922,0.17607443034648895
19,18,0.6324608620256186,1.0195690393447876,0.9561927318572998,0.010815756395459175,0.05852540209889412,0.16796734929084778
19,19,0.6853768467903137,1.0200049877166748,0.9558944702148438,0.010368023067712784,0.057820167392492294,0.22200876474380493
19,20,0.6860854202881456,1.0199859142303467,0.9566028714179993,0.009605293162167072,0.04214963689446449,0.2390127331018448
19,21,0.6353616477921605,1.019625186920166,0.9558713436126709,0.011593473143875599,0.05309194326400757,0.17557692527770996
19,22,0.6738258853554726,1.0191023349761963,0.955697238445282,0.010379258543252945,0.048042181879282,0.22044453024864197
19,23,0.6497208097949625,1.0191771984100342,0.9556673169136047,0.008941722102463245,0.052275944501161575,0.1935342401266098
19,24,0.6555015532299876,1.0191518068313599,0.9560676217079163,0.010361689142882824,0.04543323814868927,0.2046627402305603
20,0,30.460192179679872,1.0162113904953003,4.948422908782959,21.081636428833008,6.269482612609863,1.9161462783813477
20,1,27.080347540974618,1.0196688175201416,4.06693696975708,19.733238220214844,6.163264751434326,0.16652341187000275
20,2,22.98489138185978,1.0196051597595215,3.3288216590881348,19.150714874267578,2.798261880874634,0.1662292629480362
20,3,18.652385863661767,1.0152477025985718,2.711268901824951,17.081716537475586,0.6399204134941101,0.18544559180736542
20,4,0.9408246971666814,1.0155346393585205,1.876308560371399,0.0380622036755085,0.19609971344470978,0.12829414010047913
20,5,0.8439655326306821,1.0162599086761475,1.5996853113174438,0.027716804295778275,0.18450236320495605,0.1085573211312294
20,6,0.7968372013419867,1.0162535905838013,1.400277853012085,0.01797264628112316,0.19205886125564575,0.1034994050860405
20,7,0.7392377864569426,1.0159956216812134,1.1524990797042847,0.01008489541709423,0.20506848394870758,0.09038546681404114
20,8,0.6836363719776273,1.0164153575897217,1.0810041427612305,0.011899483390152454,0.1346036195755005,0.1176493689417839
20,9,0.6582102851942182,1.0164028406143188,1.033713459968567,0.009110611863434315,0.1256273090839386,0.1134491041302681
20,10,0.6047350112348795,1.0170960426330566,0.9858077764511108,0.010274315252900124,0.11908076703548431,0.07479916512966156
20,11,0.592878851480782,1.0172133445739746,0.9730356931686401,0.010654632933437824,0.09771600365638733,0.08645840734243393
20,12,0.603184555284679,1.0172029733657837,0.9643315076828003,0.010676625184714794,0.09673365950584412,0.09946737438440323
20,13,0.6154287602752447,1.0160622596740723,0.9582773447036743,0.01152886264026165,0.1232726201415062,0.08575935661792755
20,14,0.5439414978027344,1.015875220298767,0.9567187428474426,0.013251535594463348,0.06206463277339935,0.07410653680562973
20,15,0.5216755805537104,1.015822172164917,0.956222414970398,0.011742274276912212,0.04689106345176697,0.06863332539796829
20,16,0.5487381935119628,1.016242504119873,0.9559202790260315,0.01119185984134674,0.07936624437570572,0.06374753266572952
20,17,0.4943054735660553,1.0161577463150024,0.9558685421943665,0.010162744671106339,0.04519865661859512,0.04453881457448006
21,0,29.914737284183502,1.015007734298706,0.9576345086097717,21.747602462768555,5.818302631378174,1.9543037414550781
21,1,27.137912521511318,1.0146162509918213,0.9555701613426208,21.462581634521484,5.243728160858154,0.0375654436647892
21,2,19.722612138465045,1.0146163702011108,0.9565591216087341,16.716304779052734,2.5836451053619385,0.028427155688405037
21,3,20.11162023693323,1.0147614479064941,0.9572195410728455,16.837068557739258,2.847430944442749,0.0327245369553566
21,4,1.7558094158768656,1.0178812742233276,0.9614704251289368,0.02141551673412323,1.2750917673110962,0.06343179196119308
21,5,1.6032691860571504,1.0178940296173096,0.9609464406967163,0.01332292053848505,1.1519155502319336,0.042262621223926544
21,6,1.8026675369590521,1.0216022729873657,0.9585888385772705,0.012514876201748848,1.3424617052078247,0.051652733236551285
21,7,1.9909369321539998,1.019806981086731,0.9564958810806274,0.01119317952543497,1.5443919897079468,0.04009119048714638
21,8,1.2092817679047585,1.0203526020050049,0.9572972655296326,0.012159351259469986,0.7723258137702942,0.029266629368066788
21,9,1.266105424426496,1.0203317403793335,0.9569838643074036,0.01206634659320116,0.8331903219223022,0.02538563497364521
21,10,0.9562322322279215,1.020132303237915,0.9577348232269287,0.009769139811396599,0.5298642516136169,0.021025415509939194
21,11,0.9893676225095988,1.0183519124984741,0.9580973982810974,0.010397730395197868,0.5578890442848206,0.025790985673666
21,12,1.021873996220529,1.0184491872787476,0.9581193327903748,0.011136726476252079,0.5896684527397156,0.02575511299073696
21,13,0.9762945145368576,1.0194551944732666,0.956548810005188,0.0098732840269804,0.5486927628517151,0.0225276667624712
21,14,0.8350833991542459,1.0209131240844727,0.9565311074256897,0.011141532100737095,0.4043159484863281,0.024137072265148163
21,15,0.7914615627378225,1.0208423137664795,0.9564720392227173,0.010841971263289452,0.3647592067718506,0.02039751410484314
21,16,0.7099433211609721,1.0202003717422485,0.9560954570770264,0.010731096379458904,0.28458869457244873,0.019364364445209503
21,17,0.7020877815783024,1.0195636749267578,0.9559460878372192,0.01033325120806694,0.2195420265197754,0.07711055129766464
21,18,0.6433823605999351,1.0198922157287598,0.9556991457939148,0.01006727572530508,0.15312185883522034,0.08507495373487473
21,19,0.6022577367722989,1.0198248624801636,0.9556525349617004,0.010767284780740738,0.12249281257390976,0.07390215992927551
21,20,0.5964672494679689,1.0194181203842163,0.9556421637535095,0.010722862556576729,0.10849231481552124,0.0822400152683258
21,21,0.5528682187199593,1.019371747970581,0.9557012915611267,0.010315202176570892,0.0741029679775238,0.07343544065952301
21,22,0.564631967432797,1.0190731287002563,0.9557018876075745,0.009502452798187733,0.07050971686840057,0.08966479450464249
21,23,0.5504332451149822,1.0193254947662354,0.9556563496589661,0.00999362301081419,0.07208186388015747,0.07336138933897018
21,24,0.5906010324135422,1.0191676616668701,0.955735445022583,0.009079375304281712,0.08159886300563812,0.10494217276573181
22,0,31.109281516075136,1.0162113904953003,4.948422908782959,21.52093505859375,6.259793281555176,2.1356263160705566
22,1,29.851558876037597,1.0150221586227417,4.066407680511475,22.467056274414062,5.666440486907959,0.7017761468887329
22,2,25.659973561763763,1.0155049562454224,3.3307435512542725,23.195165634155273,1.034550666809082,0.561007559299469
22,3,24.098845541477203,1.0177242755889893,2.727668285369873,22.220073699951172,0.8049978017807007,0.32469552755355835
22,4,1.0732086412608624,1.0180511474609375,1.8873671293258667,0.017071913927793503,0.3248916566371918,0.15016141533851624
22,5,0.9936919894069434,1.016059398651123,1.5981773138046265,0.011074220761656761,0.26137399673461914,0.19839642941951752
22,6,0.891236537322402,1.0162242650985718,1.3856202363967896,0.012338345870375633,0.24905245006084442,0.14947684109210968
22,7,0.8969759406521917,1.016226053237915,1.1306183338165283,0.010189813561737537,0.31752005219459534,0.1398971974849701
22,8,0.9192626316100359,1.016350269317627,1.059391975402832,0.011468680575489998,0.3468831479549408,0.1457623541355133
22,9,0.8643821746110916,1.0158257484436035,1.0153948068618774,0.013204894959926605,0.32377463579177856,0.12115853279829025
22,10,0.9181594587862492,1.0165271759033203,0.9705203175544739,0.011005986481904984,0.33643415570259094,0.1733098179101944
22,11,0.7345878062769771,1.0170501470565796,0.9616565704345703,0.011585521511733532,0.09636358916759491,0.23089735209941864
22,12,0.6680273247882724,1.0166082382202148,0.9580074548721313,0.010597559623420238,0.07989224046468735,0.18261438608169556
22,13,0.618073421344161,1.0171276330947876,0.9555718898773193,0.010630255565047264,0.053793877363204956,0.15910938382148743
22,14,0.6728162514045835,1.0171635150909424,0.9559269547462463,0.009669889695942402,0.0908861756324768,0.1776420921087265
22,15,0.6227575305849313,1.016981601715088,0.9559134244918823,0.010357527062296867,0.05825371667742729,0.15956728160381317
22,16,0.716342075355351,1.0174306631088257,0.9561269283294678,0.010809783823788166,0.054056450724601746,0.25676432251930237
22,17,0.6503948675468564,1.0173684358596802,0.956264317035675,0.010406662710011005,0.04790176451206207,0.19735988974571228
22,18,0.6357293486595154,1.0175459384918213,0.9559178352355957,0.009450580924749374,0.04664115980267525,0.18494485318660736
22,19,0.6287606911733747,1.0176273584365845,0.9559791684150696,0.009568576700985432,0.03684191405773163,0.18762889504432678
23,0,33.33656415939331,1.0162113904953003,4.948422908782959,24.957918167114258,5.8289618492126465,1.3567572832107544
23,1,16.351816844940185,1.0162113904953003,4.066739559173584,9.863082885742188,4.992066860198975,0.4800769090652466
23,2,15.107870721817017,1.015852451324463,3.334415912628174,11.191924095153809,2.5503647327423096,0.4955282211303711
23,3,15.223977869749069,1.0225651264190674,2.735468864440918,11.338204383850098,2.812990665435791,0.32117602229118347
23,4,2.625584312528372,1.0190436840057373,1.890108585357666,0.023285146802663803,1.6506342887878418,0.36983442306518555
23,5,2.274660987779498,1.0191004276275635,1.6078258752822876,0.018332822248339653,1.4632294178009033,0.2677134871482849
23,6,2.2642115604132416,1.0163944959640503,1.4001665115356445,0.013043565675616264,1.3451507091522217,0.4227050840854645
23,7,1.142473361082375,1.0236603021621704,1.1464793682098389,0.012927439995110035,0.3276692032814026,0.36784878373146057
23,8,1.200803424231708,1.0237888097763062,1.0745295286178589,0.014827336184680462,0.32582852244377136,0.4404838979244232
23,9,1.223178506270051,1.0269174575805664,1.027678370475769,0.015507424250245094,0.35265132784843445,0.44410058856010437
23,10,0.9934445444494486,1.0229073762893677,0.9806609749794006,0.013783523812890053,0.20380575954914093,0.37514159083366394
23,11,0.9045876514166593,1.0228180885314941,0.9715951085090637,0.013414589688181877,0.19820047914981842,0.2940899431705475
23,12,0.7010344721376897,1.0199447870254517,0.964368999004364,0.01251901313662529,0.17823795974254608,0.11341474205255508
23,13,0.6584150267764927,1.0187509059906006,0.9584171772003174,0.010187867097556591,0.1610637754201889,0.09172976762056351
23,14,0.5803264655172825,1.0184019804000854,0.9571055769920349,0.00827234610915184,0.09982988238334656,0.07712272554636002
23,15,0.7644960427656771,1.018380880355835,0.9562699198722839,0.009857789613306522,0.2419155240058899,0.11779256910085678
23,16,0.7157554104924202,1.0167511701583862,0.956413209438324,0.009587816894054413,0.22902315855026245,0.08251155912876129
23,17,0.767504525743425,1.016457200050354,0.9562719464302063,0.011207959614694118,0.25891920924186707,0.10283152759075165
23,18,0.7095856212079525,1.0164366960525513,0.9559378623962402,0.011124078184366226,0.2074657827615738,0.09652084857225418
23,19,0.671938980743289,1.0165349245071411,0.9562739729881287,0.010330615565180779,0.1848476678133011,0.08219891786575317
23,20,0.7095089359208941,1.0163419246673584,0.9564508199691772,0.011033247224986553,0.21320877969264984,0.09070836007595062
24,0,33.98319284915924,1.0153632164001465,0.9557203054428101,24.024063110351562,6.712749004364014,2.8521640300750732
24,1,15.693333649635315,1.0153632164001465,0.9560980796813965,8.63386344909668,6.036856651306152,0.6283212900161743
24,2,15.511084294319152,1.0147740840911865,0.955571174621582,9.794994354248047,4.317009925842285,1.005010962486267
24,3,12.95406801700592,1.016689658164978,0.9555765390396118,9.897522926330566,1.4102072715759277,1.2518845796585083
24,4,2.990789343416691,1.017400860786438,0.9555740356445312,0.013852991163730621,0.5900581479072571,1.9922832250595093
24,5,2.506902796588838,1.0174345970153809,0.9555869102478027,0.0127300089225173,0.5337353944778442,1.5658330917358398
24,6,1.0259329605847598,1.015566110610962,0.9556377530097961,0.012567611411213875,0.2258281260728836,0.3932964503765106
24,7,0.8770346060395241,1.0176026821136475,0.9555779099464417,0.01098894327878952,0.19245316088199615,0.2789563834667206
24,8,0.8388485558331014,1.0176081657409668,0.9556043744087219,0.011092815548181534,0.18259869515895844,0.25051453709602356
24,9,0.8254949307069183,1.0163875818252563,0.955704927444458,0.011438763700425625,0.15836374461650848,0.26127392053604126
24,10,0.7714552313089371,1.0153357982635498,0.9556910991668701,0.01133844256401062,0.08398674428462982,0.28192466497421265
24,11,0.6994243286550046,1.015344500541687,0.9557905197143555,0.010969284921884537,0.07202034443616867,0.2222076952457428
24,12,0.6906477630138398,1.0155733823776245,0.9555653929710388,0.009488552808761597,0.06865690648555756,0.2182745486497879
24,13,0.6217778714373708,1.015906572341919,0.9555707573890686,0.01033071894198656,0.06774181127548218,0.14940987527370453
24,14,0.5849209286272526,1.0157629251480103,0.9557170867919922,0.011085037142038345,0.046606242656707764,0.13293364644050598
24,15,0.6435361282899976,1.0157675743103027,0.9556878805160522,0.011635948903858662,0.06130024790763855,0.17630884051322937
24,16,0.6345274947583676,1.0158257484436035,0.9556149840354919,0.009593777358531952,0.043020594865083694,0.1876249760389328
24,17,0.6004732249304652,1.0159907341003418,0.9557092189788818,0.011034621857106686,0.043026674538850784,0.15207193791866302
24,18,0.6322834165766835,1.0159777402877808,0.955644965171814,0.01039652619510889,0.05638020858168602,0.17118214070796967
24,19,0.5517199628055096,1.0160484313964844,0.9557408094406128,0.010356403887271881,0.049943309277296066,0.09706240147352219
24,20,0.5732624165713787,1.0157281160354614,0.9558648467063904,0.01053047925233841,0.053110215812921524,0.11530312895774841
24,21,0.5989110596477986,1.0157581567764282,0.9559025168418884,0.01120997965335846,0.051205892115831375,0.14216305315494537
24,22,0.5532305628061295,1.015790343284607,0.9558995366096497,0.010705087333917618,0.0375383086502552,0.11064919084310532
24,23,0.5622002670541406,1.0161001682281494,0.9558026194572449,0.011054565198719501,0.025416117161512375,0.13134902715682983
24,24,0.5803142681717873,1.0161466598510742,0.9557961821556091,0.01035984419286251,0.03108278103172779,0.1444830745458603
25,0,30.79569790363312,1.0162113904953003,4.948422908782959,21.08254051208496,6.513791561126709,2.006438970565796
25,1,26.04988430738449,1.0147122144699097,4.065740585327148,20.17263412475586,4.6331634521484375,0.22799617052078247
25,2,22.644162541627885,1.0148684978485107,3.3239376544952393,20.742084503173828,0.9413132667541504,0.0930035412311554
25,3,19.873708330094814,1.0148736238479614,2.7341291904449463,18.239538192749023,0.8150136470794678,0.06935592740774155
25,4,1.6710114680230617,1.0148485898971558,1.887803554534912,0.019899632781744003,0.6228751540184021,0.4477062523365021
25,5,1.4757727643474936,1.0146162509918213,1.6053825616836548,0.012193425558507442,0.39816781878471375,0.5414117574691772
25,6,1.2288741478696465,1.0146145820617676,1.402640461921692,0.010275454260408878,0.3489893078804016,0.38615837693214417
25,7,1.2347213914617896,1.015297293663025,1.1421524286270142,0.011387555859982967,0.334389865398407,0.45745402574539185
25,8,1.075881559215486,1.0157488584518433,1.0726808309555054,0.011355347000062466,0.18071094155311584,0.466129332780838
25,9,1.1527916707098484,1.0161073207855225,1.0220791101455688,0.009968582540750504,0.1793573498725891,0.5558284521102905
25,10,0.9715681150555611,1.01602041721344,0.9747473001480103,0.011337243020534515,0.14097677171230316,0.42110055685043335
25,11,1.0288989465683698,1.0159754753112793,0.9640992879867554,0.010735740885138512,0.1058419719338417,0.5163062810897827
25,12,0.9147554609924555,1.015736699104309,0.9584799408912659,0.010949956253170967,0.09525524824857712,0.4137069284915924
25,13,0.9302902827039361,1.0157243013381958,0.9556713104248047,0.010845893062651157,0.0912662222981453,0.43389904499053955
25,14,0.8442419817671181,1.0155800580978394,0.9555630087852478,0.01099329348653555,0.09684748202562332,0.3421725928783417
25,15,0.8778647217899561,1.0155571699142456,0.9556195139884949,0.009952360764145851,0.08185623586177826,0.3918207883834839
25,16,0.8493691658601166,1.0157843828201294,0.9561564922332764,0.010848245583474636,0.08616617321968079,0.3579665720462799
25,17,0.769468929246068,1.0157219171524048,0.9565690755844116,0.010864274576306343,0.07323198020458221,0.29091447591781616
25,18,0.8825828230008483,1.0155161619186401,0.957089364528656,0.010763525031507015,0.0771411582827568,0.40015703439712524
25,19,0.7995014118030668,1.0158315896987915,0.9570460319519043,0.009938058443367481,0.07683349400758743,0.31815433502197266
25,20,0.7837231248617172,1.0158390998840332,0.956794023513794,0.009435273706912994,0.07129136472940445,0.30846986174583435
25,21,0.8451424043625593,1.0159772634506226,0.9569806456565857,0.010558715090155602,0.06791958957910538,0.3720725178718567
25,22,0.5250914471223951,1.0160646438598633,0.9571372270584106,0.010530882515013218,0.05203280970454216,0.06788738071918488
25,23,0.5235526379197837,1.0160483121871948,0.9568811058998108,0.009562654420733452,0.05319494009017944,0.06620915979146957
25,24,0.5120117070153356,1.0161880254745483,0.9571229219436646,0.010529548861086369,0.04760332405567169,0.05921664461493492
26,0,32.597061133384706,1.0162113904953003,4.948422908782959,22.253198623657227,6.44474983215332,2.706185817718506
26,1,19.734514278173446,1.0162113904953003,4.064555644989014,11.980982780456543,6.3675127029418945,0.36986538767814636
26,2,15.941740441322327,1.040291666984558,3.375134229660034,12.178018569946289,2.433035135269165,0.4476015567779541
26,3,15.972343647480011,1.0198420286178589,2.7878315448760986,12.184277534484863,2.5984761714935303,0.4280552268028259
26,4,1.2508872680366039,1.0166046619415283,1.9361019134521484,0.01571166142821312,0.1829175502061844,0.46171674132347107
26,5,1.3865234695374966,1.0166269540786743,1.6389753818511963,0.011680703610181808,0.21311987936496735,0.6306024193763733
26,6,1.3828379280865193,1.0187946557998657,1.4243415594100952,0.011707711964845657,0.2810569405555725,0.6014460325241089
26,7,1.093567263893783,1.0200815200805664,1.1556103229522705,0.01040156465023756,0.22390243411064148,0.42412489652633667
26,8,1.0015130162239074,1.0200706720352173,1.077149510383606,0.010028883814811707,0.2050488442182541,0.366991251707077
26,9,1.0052391702309251,1.022209644317627,1.0288430452346802,0.012589418329298496,0.19197767972946167,0.3904615342617035
26,10,0.9518425552174449,1.0220162868499756,0.976557731628418,0.009475993923842907,0.13028214871883392,0.41236960887908936
26,11,1.0096376402303577,1.0220072269439697,0.9652413129806519,0.011334854178130627,0.1161702498793602,0.4846828281879425
26,12,1.0023149415850638,1.0212860107421875,0.9600377678871155,0.011489681899547577,0.13296741247177124,0.4615930914878845
26,13,0.9307763651013374,1.02045476436615,0.9561887383460999,0.010664410889148712,0.13245415687561035,0.3923290967941284
26,14,0.7839251419529318,1.0209416151046753,0.9557585716247559,0.012033953331410885,0.17336906492710114,0.20318208634853363
26,15,0.7312430826947093,1.0209119319915771,0.9556003212928772,0.010805207304656506,0.15531763434410095,0.16981779038906097
26,16,0.7563850486651064,1.0202009677886963,0.9557413458824158,0.012922235764563084,0.1444108635187149,0.2038634866476059
26,17,0.7274439020082355,1.019639015197754,0.9557253122329712,0.014073620550334454,0.15456588566303253,0.16373153030872345
26,18,0.7447815576568246,1.0196547508239746,0.9555858969688416,0.014934093691408634,0.14648135006427765,0.18831798434257507
26,19,0.7643155500292779,1.0189671516418457,0.9555783271789551,0.017141185700893402,0.147549107670784,0.20471616089344025
26,20,0.7244868528097869,1.0176409482955933,0.9555750489234924,0.016175178810954094,0.14549003541469574,0.16817843914031982
26,21,0.7066269472241402,1.0175163745880127,0.9555633068084717,0.01694931834936142,0.13754898309707642,0.15751270949840546
26,22,0.623757029697299,1.0175663232803345,0.9556654691696167,0.01515299640595913,0.11540916562080383,0.0985485091805458
26,23,0.6954427797347307,1.017084002494812,0.9555734992027283,0.01750989444553852,0.15098336338996887,0.13241802155971527
26,24,0.6815205752849579,1.0170166492462158,0.9555622339248657,0.015908487141132355,0.14778068661689758,0.12331562489271164
27,0,28.855157244205476,1.0186444520950317,0.9557003378868103,20.059101104736328,6.198297023773193,2.202890157699585
27,1,26.347432187199594,1.0177556276321411,0.9592424035072327,17.885395050048828,7.9502339363098145,0.11640359461307526
27,2,21.74371815919876,1.0154191255569458,0.9562325477600098,18.33256721496582,2.074223041534424,0.9425975680351257
27,3,23.64320102930069,1.0154157876968384,0.9565545916557312,19.13042640686035,2.838886260986328,1.279494285583496
27,4,0.9022806439548731,1.0211920738220215,0.9571527242660522,0.0205355454236269,0.37455716729164124,0.1115189716219902
27,5,0.8966275449842215,1.022891879081726,0.9563975930213928,0.018336063250899315,0.36844348907470703,0.11399009823799133
27,6,1.0024141507223248,1.0228608846664429,0.9558864831924438,0.015465144999325275,0.4612310826778412,0.12996844947338104
27,7,0.9430192427709698,1.0231560468673706,0.9557843804359436,0.011526067741215229,0.4089046120643616,0.12680047750473022
27,8,0.9437984835356474,1.022538423538208,0.9556112289428711,0.011710656806826591,0.40509331226348877,0.1313645839691162
27,9,0.8306657617911697,1.02222740650177,0.9555789232254028,0.011563769541680813,0.2951633632183075,0.12837736308574677
27,10,1.1208320043981077,1.0211457014083862,0.9555717706680298,0.011231627315282822,0.5759490132331848,0.1383078694343567
27,11,0.965637931600213,1.0193266868591309,0.9555644392967224,0.009986700490117073,0.45358356833457947,0.10708943754434586
27,12,0.8724139425903559,1.0202189683914185,0.9556344747543335,0.008545154705643654,0.375104159116745,0.09359394013881683
27,13,0.9296346887946129,1.0193233489990234,0.9555935859680176,0.010821513831615448,0.40909674763679504,0.11473304033279419
27,14,0.8794908951967955,1.019781470298767,0.9556857347488403,0.009981749579310417,0.36797043681144714,0.10644526779651642
27,15,0.7311798185110092,1.0183788537979126,0.9556289315223694,0.010707154870033264,0.19662389159202576,0.1290472149848938
27,16,0.708759342506528,1.0175373554229736,0.9556454420089722,0.00946974940598011,0.16659845411777496,0.13805457949638367
27,17,0.7365519316866994,1.0181220769882202,0.9556187987327576,0.008877512998878956,0.1932002156972885,0.13972602784633636
27,18,0.7142379939556122,1.0173790454864502,0.9556594491004944,0.011289089918136597,0.1298658549785614,0.17847535014152527
27,19,0.653647361882031,1.0164568424224854,0.9555820226669312,0.009582643397152424,0.07120862603187561,0.17844831943511963
27,20,0.6222758179530502,1.0164495706558228,0.9555767178535461,0.0100887855514884,0.06873378902673721,0.14904798567295074
27,21,0.6133270991966129,1.0165337324142456,0.9555663466453552,0.00935437809675932,0.07156182825565338,0.13799087703227997
27,22,0.5961315600201488,1.015992283821106,0.955563485622406,0.009872942231595516,0.05835946276783943,0.1335880011320114
27,23,0.6179474780336023,1.0160092115402222,0.9555639624595642,0.00968810636550188,0.06196529045701027,0.1519794464111328
27,24,0.6061294943094254,1.0162206888198853,0.9555656909942627,0.009970217943191528,0.056791260838508606,0.14501073956489563
28,0,31.788860774040224,1.0162113904953003,4.948422908782959,22.107851028442383,6.264909744262695,2.223173141479492
28,1,25.651624190807343,1.0162113904953003,4.065915107727051,19.853622436523438,3.901625394821167,0.8799510598182678
28,2,22.92347887158394,1.017315149307251,3.3232500553131104,17.86708641052246,4.013587474822998,0.17469194531440735
28,3,21.88891235291958,1.0176597833633423,2.7356884479522705,19.562604904174805,1.3882747888565063,0.18736301362514496
28,4,1.306124914251268,1.0156776905059814,1.9069106578826904,0.010019100271165371,0.4347890317440033,0.27679911255836487
28,5,1.287699170038104,1.0156553983688354,1.6304267644882202,0.009558601304888725,0.4606975018978119,0.2882266342639923
28,6,1.1535288501530885,1.015152931213379,1.4244033098220825,0.010952787473797798,0.36346086859703064,0.29120394587516785
28,7,0.8044545147567987,1.0163402557373047,1.1639612913131714,0.01271686889231205,0.13870450854301453,0.21697282791137695
28,8,0.8496620850637555,1.0163534879684448,1.08493971824646,0.011671465821564198,0.10457224398851395,0.3131597340106964
28,9,0.7498918348923326,1.0165568590164185,1.03291916847229,0.011796691454946995,0.0772705227136612,0.25092941522598267
28,10,0.7019174631685019,1.0168242454528809,0.981358528137207,0.011511864140629768,0.05396508052945137,0.23680396378040314
28,11,0.8707728534936905,1.0168582201004028,0.9690037369728088,0.009988613426685333,0.1006636992096901,0.36294814944267273
28,12,0.8390362080186606,1.0170921087265015,0.9628143310546875,0.010612552985548973,0.09058976173400879,0.341852605342865
28,13,0.5487741926684976,1.016530156135559,0.9571958184242249,0.00902071688324213,0.0753425881266594,0.06966569274663925
28,14,0.5331948351114989,1.0171445608139038,0.9564520120620728,0.010401038452982903,0.061112403869628906,0.06696207821369171
28,15,0.528180630877614,1.0170964002609253,0.9563508033752441,0.010144082829356194,0.047307442873716354,0.07603966444730759
28,16,0.5301568377763033,1.0166996717453003,0.9556442499160767,0.01167786680161953,0.04195328429341316,0.08205690234899521
28,17,0.499822436273098,1.0164198875427246,0.9557027816772461,0.01061766967177391,0.03273848816752434,0.0620417445898056
29,0,31.19094774723053,1.0162113904953003,4.948422908782959,20.840810775756836,6.857511043548584,2.299699068069458
29,1,15.813075304031372,1.0162113904953003,4.06695556640625,8.396797180175781,5.895681858062744,0.5039628744125366
29,2,12.143770897388459,1.0146125555038452,3.3234267234802246,9.217778205871582,1.7780961990356445,0.2802886366844177
29,3,10.922344702482224,1.0150532722473145,2.736239194869995,8.397248268127441,1.6058838367462158,0.16895410418510437
29,4,2.5035468339920044,1.0150383710861206,1.8995214700698853,0.05004822462797165,1.7613838911056519,0.10920275002717972
29,5,2.790088127553463,1.0165467262268066,1.624380350112915,0.032670482993125916,2.1083192825317383,0.12091294676065445
29,6,2.793822292983532,1.0151479244232178,1.412973403930664,0.02648250013589859,2.19120717048645,0.0905083566904068
29,7,2.110881435871124,1.0153025388717651,1.1493339538574219,0.03587223216891289,1.587952733039856,0.05412917211651802
29,8,2.0397317769005894,1.0153086185455322,1.0756593942642212,0.01249223668128252,1.5404576063156128,0.06858833134174347
29,9,2.268908217921853,1.0163917541503906,1.0276665687561035,0.011942388489842415,1.7424331903457642,0.10572097450494766
29,10,2.368150207400322,1.0152606964111328,0.9779874086380005,0.01089969277381897,1.8400710821151733,0.11852981150150299
29,11,2.3581077247858047,1.0152835845947266,0.9674704074859619,0.011439308524131775,1.7459543943405151,0.20416322350502014
29,12,2.373640325292945,1.015613079071045,0.9622909426689148,0.010688593611121178,1.6442478895187378,0.323123037815094
29,13,2.7996622033417227,1.0156344175338745,0.9580801725387573,0.011070985347032547,1.833900809288025,0.5599474906921387
29,14,2.6347442036494613,1.0156196355819702,0.9566348791122437,0.00978235062211752,1.5754204988479614,0.6550904512405396
30,0,32.09753470420837,1.0148043632507324,0.9558112621307373,23.262832641601562,6.658506870269775,1.7820720672607422
30,1,15.749710083007812,1.0148043632507324,0.9566961526870728,8.919502258300781,5.715113162994385,0.7207945585250854
30,2,11.051062953472137,1.0167862176895142,0.9555670022964478,8.594703674316406,1.841007113456726,0.22088152170181274
30,3,10.652855002880097,1.016780972480774,0.9570013284683228,8.316383361816406,1.7579209804534912,0.18379420042037964
30,4,1.4001524299383163,1.0147820711135864,0.9571839570999146,0.02449709177017212,0.7931278347969055,0.1881342977285385
30,5,1.2080923980101943,1.0148353576660156,0.9570555686950684,0.01139285322278738,0.6307305097579956,0.17159084975719452
30,6,1.1046906018629672,1.014608383178711,0.9564481377601624,0.010478147305548191,0.503232479095459,0.19676867127418518
30,7,1.0575848164036872,1.015526294708252,0.956771194934845,0.01066377479583025,0.46257731318473816,0.1898842304944992
30,8,1.1131964268162846,1.015351414680481,0.9565395712852478,0.010226679034531116,0.5127377510070801,0.1958537995815277
30,9,1.0153929434716702,1.0164140462875366,0.9565091729164124,0.009959187358617783,0.4430156350135803,0.16783347725868225
30,10,0.8997716169804335,1.0161975622177124,0.9559251666069031,0.010783864185214043,0.29442253708839417,0.20014066994190216
30,11,0.8720122274011374,1.015347957611084,0.9556755423545837,0.009919663891196251,0.2767499089241028,0.19113795459270477
30,12,0.863914025388658,1.0153721570968628,0.955827534198761,0.00992173608392477,0.25329920649528503,0.2064531445503235
30,13,0.750604915432632,1.0163666009902954,0.9556593298912048,0.010844084434211254,0.1854628026485443,0.15989284217357635
30,14,0.7046697797253728,1.0164463520050049,0.955618143081665,0.011680063791573048,0.12654882669448853,0.17202799022197723
30,15,0.7598716707900167,1.0163999795913696,0.9556790590286255,0.011218857951462269,0.18645156919956207,0.1677854359149933
30,16,0.764898999594152,1.0167611837387085,0.9556715488433838,0.011134891770780087,0.19346782565116882,0.1658097356557846
30,17,0.7303432209417224,1.0167697668075562,0.9556167125701904,0.010934839956462383,0.19812943041324615,0.12680165469646454
30,18,0.7072436442598701,1.0168392658233643,0.9556269645690918,0.012217267416417599,0.16716989874839783,0.13336323201656342
30,19,0.6992468820884824,1.0162913799285889,0.9555662870407104,0.010604348964989185,0.18172593414783478,0.11254506558179855
30,20,0.6832144537940622,1.0163333415985107,0.9555647969245911,0.009456769563257694,0.17483849823474884,0.10453955829143524
30,21,0.6745577789843082,1.0163545608520508,0.955563485622406,0.01122143492102623,0.16968072950839996,0.09927200525999069
30,22,0.6107715874910356,1.0158005952835083,0.9555650949478149,0.011156663298606873,0.12583976984024048,0.07950201630592346
30,23,0.6195707697421313,1.0157582759857178,0.9555704593658447,0.010222287848591805,0.11525078117847443,0.0998319536447525
30,24,0.5831843305379152,1.0157678127288818,0.9555783867835999,0.01160779781639576,0.08406895399093628,0.09323833882808685
31,0,30.48033401966095,1.0162113904953003,4.948422908782959,22.617887496948242,5.133228302001953,1.5362913608551025
31,1,24.727638867497443,1.0175836086273193,4.064055442810059,19.132930755615234,4.405946731567383,0.17243357002735138
31,2,23.099432888627053,1.0175812244415283,3.344693422317505,19.90777015686035,2.1787185668945312,0.14048923552036285
31,3,23.29697125852108,1.018626093864441,2.767597198486328,19.83686065673828,2.6330883502960205,0.06977759301662445
31,4,1.1774757198989392,1.0181522369384766,1.9433232545852661,0.031942978501319885,0.5145050287246704,0.0387326143682003
31,5,1.116793623752892,1.0181881189346313,1.6644287109375,0.014487427659332752,0.49557656049728394,0.07020626962184906
31,6,1.1387544751167298,1.017257571220398,1.4523580074310303,0.010966509580612183,0.5579584836959839,0.07590636610984802
31,7,1.0512378863990306,1.015674352645874,1.170635461807251,0.00988106057047844,0.3621363043785095,0.24195855855941772
31,8,0.8779702616855503,1.0151309967041016,1.0918946266174316,0.010720889084041119,0.2076495736837387,0.23819467425346375
31,9,0.8849326025694609,1.0151232481002808,1.0379847288131714,0.009685127064585686,0.17524100840091705,0.2893848717212677
31,10,1.3664404006674886,1.014933466911316,0.9806362390518188,0.010176298208534718,0.16693198680877686,0.79021817445755
31,11,1.5690897656604648,1.0152020454406738,0.9677777290344238,0.009704324416816235,0.08250584453344345,1.0802836418151855
31,12,1.571432926505804,1.0152058601379395,0.9610645771026611,0.009820733219385147,0.08273731917142868,1.0836207866668701
31,13,1.7876362347975374,1.014886498451233,0.9561218619346619,0.010056682862341404,0.08885142207145691,1.29452645778656
31,14,1.7404082974418997,1.014888882637024,0.9558284878730774,0.009707546792924404,0.07486475259065628,1.2616925239562988
32,0,32.33202383518219,1.0162113904953003,4.948422908782959,23.24880027770996,5.138625621795654,2.751671075820923
32,1,15.660474979877472,1.0162113904953003,4.065014362335205,8.257272720336914,5.646897315979004,0.7400597929954529
32,2,11.029492819309235,1.0163637399673462,3.3228986263275146,7.746575355529785,1.9143985509872437,0.5006664395332336
32,3,10.970156735181808,1.0210949182510376,2.7177958488464355,8.7183256149292,1.0646601915359497,0.4393927752971649
32,4,1.186158131249249,1.0149188041687012,1.8931928873062134,0.012167681939899921,0.49232247471809387,0.10004563629627228
32,5,0.9500010443851352,1.0148897171020508,1.6149425506591797,0.010697598569095135,0.3500724136829376,0.06326457858085632
32,6,0.9470926487818361,1.0146054029464722,1.3998240232467651,0.010636609978973866,0.3919483721256256,0.061621781438589096
32,7,0.8596992870792747,1.0148711204528809,1.134582757949829,0.011205061338841915,0.23913800716400146,0.17946544289588928
32,8,0.7960579076781868,1.014873743057251,1.0582566261291504,0.010628686286509037,0.20875437557697296,0.16204877197742462
32,9,0.7804314268752932,1.0155103206634521,1.0127687454223633,0.011998693458735943,0.21543572843074799,0.14734119176864624
32,10,0.7844039835035801,1.0156781673431396,0.9690453410148621,0.010038714855909348,0.2581291198730469,0.11929144710302353
32,11,0.7861408350989223,1.0156822204589844,0.9607630372047424,0.009383189491927624,0.23851509392261505,0.14295350015163422
32,12,0.7640561390668154,1.0167467594146729,0.9567062854766846,0.01019887812435627,0.21639245748519897,0.14277419447898865
32,13,0.5877476496621966,1.0172921419143677,0.9556620121002197,0.012337583117187023,0.06270293891429901,0.11811629682779312
32,14,0.5865406934171915,1.0176184177398682,0.95616614818573,0.009641231968998909,0.05681762844324112,0.12532491981983185
32,15,0.5672200558707119,1.0176024436950684,0.9567679166793823,0.010193976573646069,0.05142898112535477,0.11072302609682083
32,16,0.5977095449343324,1.017375111579895,0.9572862386703491,0.009582155384123325,0.05632111430168152,0.1368740051984787
32,17,0.6038077620789408,1.0172394514083862,0.9568360447883606,0.01002741139382124,0.07755253463983536,0.1214127168059349
32,18,0.6460944671183825,1.0172451734542847,0.9564074873924255,0.010986903682351112,0.13425901532173157,0.10611801594495773
32,19,0.6341356167569757,1.0161402225494385,0.9562603831291199,0.009443634189665318,0.08799781650304794,0.14221404492855072
32,20,0.6247603636234998,1.0159693956375122,0.955967903137207,0.010952742770314217,0.058339979499578476,0.16108018159866333
32,21,0.5968408040702343,1.0159720182418823,0.9558266401290894,0.011227685958147049,0.06757816672325134,0.12367521971464157
33,0,28.38661504983902,1.0312727689743042,0.9562966227531433,20.515172958374023,6.319733619689941,1.1541945934295654
33,1,27.811661148071288,1.0165119171142578,0.9619001746177673,20.010208129882812,6.785266399383545,0.6205042004585266
33,2,21.443390995264053,1.0158731937408447,0.9588525295257568,19.178829193115234,1.8010084629058838,0.06860819458961487
33,3,22.392199957370757,1.0163030624389648,0.9556863307952881,20.374370574951172,1.544224500656128,0.07920700311660767
33,4,1.4886033523827793,1.016884684562683,0.9556476473808289,0.023674266412854195,0.9555724263191223,0.11485019326210022
33,5,1.2513145010918378,1.015607476234436,0.9557551145553589,0.021492553874850273,0.7590146660804749,0.07653476297855377
33,6,0.7942571390420199,1.015305757522583,0.9564128518104553,0.01860511489212513,0.3022714853286743,0.07903681695461273
33,7,0.6939467972144485,1.016212821006775,0.9560298323631287,0.015479101799428463,0.19341163337230682,0.09060753136873245
33,8,0.6404471203684807,1.014969825744629,0.9560189247131348,0.013730891048908234,0.13798435032367706,0.09453412890434265
33,9,0.620348757505417,1.0152170658111572,0.9568638801574707,0.015337705612182617,0.12637095153331757,0.0842239111661911
33,10,0.6361609227955342,1.0161304473876953,0.9558809995651245,0.01573331281542778,0.12169556319713593,0.10432975739240646
33,11,0.5614603314548731,1.0164082050323486,0.9557928442955017,0.013071397319436073,0.08257840573787689,0.07137031853199005
33,12,0.6077690524980426,1.0172070264816284,0.9561036825180054,0.013814176432788372,0.0947144627571106,0.10457827150821686
33,13,0.6061889719218017,1.0169614553451538,0.9557009339332581,0.011168012395501137,0.04125523939728737,0.1592332422733307
33,14,0.5794762430712581,1.0169658660888672,0.9556453227996826,0.011793105863034725,0.04701286926865578,0.1261480301618576
33,15,0.49271888788789514,1.0165461301803589,0.9555991888046265,0.010969272814691067,0.040362704545259476,0.046957846730947495
34,0,27.940235710144044,1.0162113904953003,4.948422908782959,19.992237091064453,5.652582168579102,1.1024895906448364
34,1,25.569369852542877,1.0150951147079468,4.065792560577393,20.383073806762695,3.28813099861145,0.8819875121116638
34,2,19.454789757728577,1.015094518661499,3.335120677947998,16.19036865234375,1.6114436388015747,0.7829344272613525
34,3,16.61844483613968,1.0150642395019531,2.7515039443969727,14.15241813659668,1.1694505214691162,0.5432625412940979
34,4,1.9013629410415889,1.014658808708191,1.9350533485412598,0.013632962480187416,0.8349138498306274,0.4628736972808838
34,5,1.7886381139978766,1.0146610736846924,1.6512067317962646,0.01158666517585516,0.6999648213386536,0.5439130663871765
34,6,1.7851321743801236,1.014609456062317,1.4361636638641357,0.01259980071336031,0.8658322095870972,0.4165455400943756
34,7,1.2957332387566567,1.0151904821395874,1.1728664636611938,0.011809177696704865,0.5400639772415161,0.3062486946582794
34,8,0.9888813562691212,1.0158746242523193,1.0945073366165161,0.010907400399446487,0.26123642921447754,0.29466113448143005
34,9,1.0672711491584779,1.0158501863479614,1.0452377796173096,0.011770099401473999,0.2802337110042572,0.3630497455596924
34,10,0.8645796980708838,1.0158451795578003,0.9882453680038452,0.008951803669333458,0.15380960702896118,0.30100017786026
34,11,0.8161700325086714,1.0160024166107178,0.9757236242294312,0.009882871992886066,0.08371128141880035,0.3242306709289551
34,12,0.7821323176845909,1.015997052192688,0.967171847820282,0.01041626837104559,0.0825112909078598,0.29257097840309143
34,13,0.8911243474110961,1.0148690938949585,0.9590200185775757,0.010173066519200802,0.07273317128419876,0.4134402871131897
34,14,0.9098090143874288,1.0152146816253662,0.9571213126182556,0.010883164592087269,0.10234402120113373,0.4021146297454834
34,15,0.9965900110080839,1.0152225494384766,0.9576777219772339,0.011820764280855656,0.05543789640069008,0.534751296043396
34,16,1.0048372216522694,1.014909029006958,0.9571681022644043,0.009681597352027893,0.061386946588754654,0.5393532514572144
34,17,0.9683461805805564,1.0150541067123413,0.9564424753189087,0.010025995783507824,0.03198682889342308,0.5320340394973755
34,18,0.8975655060261488,1.0149608850479126,0.9559532403945923,0.010532187297940254,0.03312338516116142,0.45972710847854614
35,0,29.91767737865448,1.0162113904953003,4.948422908782959,20.6806697845459,6.7142815589904785,1.3297991752624512
35,1,24.548887503147125,1.0162113904953003,4.06473445892334,16.848852157592773,6.135883331298828,0.5479628443717957
35,2,23.40308268070221,1.0154160261154175,3.3668572902679443,16.51765251159668,5.054356575012207,0.9546189308166504
35,3,19.868783915042876,1.0149797201156616,2.803335666656494,17.118741989135742,0.7361517548561096,1.2502270936965942
35,4,1.3729433611035349,1.0150285959243774,1.9588096141815186,0.058485157787799835,0.47158706188201904,0.24810349941253662
35,5,1.160308751836419,1.0165822505950928,1.666159749031067,0.03045249916613102,0.375509649515152,0.21779820322990417
35,6,1.0393813952803612,1.0159058570861816,1.4412904977798462,0.024599842727184296,0.3408936858177185,0.1824485957622528
35,7,0.9636547705158591,1.015425682067871,1.1694636344909668,0.012946023605763912,0.3665708303451538,0.14716005325317383
35,8,0.9357836090028286,1.015596628189087,1.0948961973190308,0.012610357254743576,0.3606277406215668,0.14044694602489471
35,9,0.8730987621471287,1.017428994178772,1.0394282341003418,0.011509220115840435,0.30857640504837036,0.14164169132709503
35,10,1.105916172452271,1.0178369283676147,0.9874978065490723,0.012110603041946888,0.35818296670913696,0.33455565571784973
35,11,1.2017669536173343,1.0178176164627075,0.9756341576576233,0.012274239212274551,0.37228623032569885,0.4185161292552948
35,12,1.0261413743719459,1.0181360244750977,0.9668136835098267,0.01239634957164526,0.24292148649692535,0.3738335967063904
35,13,1.0564972575753928,1.01753830909729,0.9600006341934204,0.011243795976042747,0.17964017391204834,0.47010549902915955
35,14,1.3594420159235596,1.0175411701202393,0.9574203491210938,0.010045626200735569,0.43095502257347107,0.5234490633010864
35,15,1.173326112702489,1.0164934396743774,0.9560893774032593,0.010407792404294014,0.19014908373355865,0.5782526731491089
36,0,35.20966823101044,1.0155185461044312,0.9555656909942627,26.958105087280273,5.673394203186035,2.1839520931243896
36,1,31.447188019752502,1.0166610479354858,0.9564988613128662,26.646398544311523,3.7133452892303467,0.6928122043609619
36,2,13.662443220615387,1.0166794061660767,0.9560468792915344,9.873197555541992,3.1221790313720703,0.27252137660980225
36,3,12.67929328083992,1.0190999507904053,0.9559007287025452,11.034347534179688,0.9926151037216187,0.2573305070400238
36,4,1.1289667926728726,1.0199809074401855,0.9564378261566162,0.05334347113966942,0.33858564496040344,0.34175392985343933
36,5,1.0434738948941231,1.0203090906143188,0.9571631550788879,0.041603125631809235,0.2917678952217102,0.3146084249019623
36,6,0.9586977139115334,1.0203073024749756,0.9566929340362549,0.03907487541437149,0.24167820811271667,0.2825445830821991
36,7,0.9931367233395576,1.0149297714233398,0.9575647115707397,0.03752265125513077,0.2199951708316803,0.34112000465393066
36,8,0.8699364379048348,1.0149465799331665,0.9581252336502075,0.02777821570634842,0.07436081767082214,0.3731830418109894
36,9,0.855710019171238,1.0149492025375366,0.9581279158592224,0.03290361166000366,0.06571239978075027,0.3624785840511322
36,10,0.8555546801537275,1.0160266160964966,0.9575791954994202,0.025594985112547874,0.0407743975520134,0.3944641351699829
36,11,0.749807134270668,1.01580011844635,0.957119882106781,0.028062861412763596,0.038398627191782,0.2887616455554962
36,12,0.6610172983258963,1.0157921314239502,0.9568454623222351,0.020635617896914482,0.06355591863393784,0.18229824304580688
36,13,0.5848258141428232,1.0166507959365845,0.9563343524932861,0.021107608452439308,0.05060610920190811,0.11851506680250168
36,14,0.5646978996694088,1.017504334449768,0.9566271901130676,0.017842307686805725,0.047452013939619064,0.10457727313041687
36,15,0.5815623663365841,1.017799973487854,0.9564480185508728,0.019527677446603775,0.0443868413567543,0.12279824912548065
36,16,0.5721608754247427,1.0188170671463013,0.9563992023468018,0.018969891592860222,0.033478111028671265,0.1246696189045906
36,17,0.5606069639325142,1.0184005498886108,0.9567590951919556,0.016958802938461304,0.024676837027072906,0.1239393949508667
36,18,0.5586146436631679,1.0184745788574219,0.9562638401985168,0.017455479130148888,0.029479889199137688,0.11673159152269363
36,19,0.6001155443489552,1.0180988311767578,0.9559574723243713,0.010443411767482758,0.022542770951986313,0.17231810092926025
36,20,0.5782075636088848,1.0173888206481934,0.955881655216217,0.008930692449212074,0.02011728473007679,0.15450549125671387
36,21,0.6068502236157656,1.0174295902252197,0.955910325050354,0.01000266708433628,0.018030069768428802,0.18414950370788574
36,22,0.5903156749904156,1.0170305967330933,0.9561821818351746,0.011082310229539871,0.020796723663806915,0.16379408538341522
36,23,0.5901378985494375,1.0167430639266968,0.9562432169914246,0.012637777253985405,0.019681714475154877,0.16322115063667297
36,24,0.5817718207836151,1.0163514614105225,0.9562538266181946,0.010995622724294662,0.01822516694664955,0.1580299735069275
37,0,33.44716308116913,1.0162113904953003,4.948422908782959,23.52032470703125,6.371387481689453,2.3625240325927734
37,1,29.002085518836974,1.0146143436431885,4.064697742462158,22.815828323364258,4.331496715545654,0.8388980627059937
37,2,25.84402652978897,1.0153775215148926,3.344860315322876,22.999488830566406,1.4263670444488525,0.5461230874061584
37,3,15.76610450744629,1.0153861045837402,2.7715225219726562,12.889372825622559,1.609354853630066,0.5099951028823853
37,4,1.380828701891005,1.018874168395996,1.9196538925170898,0.01374968234449625,0.3081720471382141,0.4712013602256775
37,5,1.401399064064026,1.0188453197479248,1.6338131427764893,0.013711810111999512,0.3549737334251404,0.5021818280220032
37,6,1.4087782761082053,1.018845558166504,1.4219602346420288,0.013779743574559689,0.3682006299495697,0.5386367440223694
37,7,1.4348448978736998,1.0191978216171265,1.155158519744873,0.013706718571484089,0.3644789457321167,0.621787965297699
37,8,1.2578399538993836,1.0201747417449951,1.0778073072433472,0.014630809426307678,0.210177943110466,0.6134347915649414
37,9,1.3006941594183445,1.0202049016952515,1.0260728597640991,0.01192188635468483,0.29029005765914917,0.5892266631126404
37,10,1.178463971056044,1.0236040353775024,0.9752494096755981,0.011692755855619907,0.206180602312088,0.5608199238777161
37,11,1.2391455480828881,1.021360158920288,0.9656408429145813,0.011729598976671696,0.21438398957252502,0.6156317591667175
37,12,1.2656964806839823,1.020993947982788,0.9606021642684937,0.011555078439414501,0.19372177124023438,0.6641004085540771
37,13,1.268043033592403,1.0206459760665894,0.956802248954773,0.012573118321597576,0.18413524329662323,0.6758450269699097
37,14,1.0256998337805272,1.0210292339324951,0.9560629725456238,0.009333137422800064,0.2310914695262909,0.3898567855358124
37,15,1.1600244028493762,1.0208934545516968,0.9556811451911926,0.011639620177447796,0.22189448773860931,0.5311753749847412
37,16,0.9446841957047583,1.0202546119689941,0.9555632472038269,0.011770655401051044,0.11853044480085373,0.4192195236682892
37,17,1.1070711134001612,1.021467685699463,0.9556187987327576,0.011932405643165112,0.14288903772830963,0.5568323731422424
37,18,1.0099061783403158,1.0201151371002197,0.9556888341903687,0.011315768584609032,0.09734112024307251,0.5060884952545166
37,19,1.0357884742319583,1.0196654796600342,0.9555622339248657,0.010419275611639023,0.10169167071580887,0.5286319851875305
37,20,1.1399664759635926,1.0198414325714111,0.9555908441543579,0.009865440428256989,0.07675131410360336,0.6582632660865784
37,21,0.6405312282964588,1.0200175046920776,0.9555622339248657,0.010440635494887829,0.09232000261545181,0.1426546424627304
37,22,0.595508085936308,1.0195305347442627,0.9556230306625366,0.010691065341234207,0.08962347358465195,0.10016283392906189
37,23,0.6168115716427565,1.0195331573486328,0.9556530117988586,0.009918665513396263,0.0894569382071495,0.1223987340927124
37,24,0.6402122128754855,1.019750714302063,0.9556609988212585,0.009741680696606636,0.07477964460849762,0.16060854494571686
38,0,31.33776423931122,1.0162113904953003,4.948422908782959,21.699108123779297,6.355980396270752,2.0897488594055176
38,1,25.332473009824753,1.0162113904953003,4.066600322723389,18.436416625976562,5.504599094390869,0.3748949468135834
38,2,23.215924042463303,1.0193719863891602,3.3275139331817627,19.284595489501953,2.7355878353118896,0.32636353373527527
38,3,21.658383351564407,1.018043875694275,2.7364518642425537,19.050813674926758,1.7506955862045288,0.105974942445755
38,4,1.6104292783886194,1.0171347856521606,1.9030067920684814,0.018239328637719154,0.7732551693916321,0.23490646481513977
38,5,1.5479917991906404,1.0155218839645386,1.6336649656295776,0.01318054087460041,0.6049356460571289,0.4000382423400879
38,6,1.3535645443946125,1.0155587196350098,1.429771065711975,0.010947437956929207,0.3705389201641083,0.48301222920417786
38,7,1.1904664428904652,1.0153907537460327,1.1582759618759155,0.010207024402916431,0.28582149744033813,0.45970457792282104
38,8,1.1371020814403892,1.0153864622116089,1.0863442420959473,0.009957625530660152,0.2337048351764679,0.4730934798717499
38,9,0.9901446228846907,1.015445590019226,1.0336284637451172,0.009550741873681545,0.1043117493391037,0.46646732091903687
38,10,0.9419785968959332,1.0149654150009155,0.9802062511444092,0.010374847799539566,0.06487617641687393,0.4676932394504547
38,11,0.9337421989068388,1.0149621963500977,0.9694803357124329,0.010237178765237331,0.07508763670921326,0.4515288770198822
38,12,0.9737972283735872,1.0151716470718384,0.964004397392273,0.009710409678518772,0.062046051025390625,0.5062055587768555
38,13,0.883667022548616,1.014795184135437,0.9576668739318848,0.010962116532027721,0.04081537202000618,0.4373971223831177
38,14,0.9525307269766927,1.0147954225540161,0.9569073915481567,0.010243282653391361,0.04157454892992973,0.506372332572937
38,15,0.9028503999114037,1.014784336090088,0.9562285542488098,0.010419555008411407,0.04268254339694977,0.45554572343826294
38,16,0.9449242163449526,1.015426516532898,0.9559569954872131,0.011385923251509666,0.04196546599268913,0.49729612469673157
38,17,0.9012004368007183,1.0152636766433716,0.955859899520874,0.010782148689031601,0.04446278512477875,0.45173078775405884
38,18,0.9524516314268112,1.0152735710144043,0.9556678533554077,0.010879306122660637,0.029562072828412056,0.5178219676017761
38,19,1.0127849731594325,1.0152788162231445,0.9558919668197632,0.012009801343083382,0.026294805109500885,0.5802462100982666
39,0,32.363057100772856,1.0177769660949707,0.9558232426643372,23.8633975982666,6.078669548034668,2.0262699127197266
39,1,27.896712970733642,1.0225458145141602,0.9690340757369995,23.376527786254883,3.528989315032959,0.5928798913955688
39,2,22.174127840995787,1.022535800933838,0.9596000909805298,19.032690048217773,1.8027255535125732,0.9422850608825684
39,3,22.52757683992386,1.019980788230896,0.961076021194458,19.892126083374023,1.5303144454956055,0.7089249491691589
39,4,1.2656648196280003,1.0215260982513428,0.9563100934028625,0.03825316205620766,0.4869046211242676,0.34493979811668396
39,5,1.220206817612052,1.0214802026748657,0.9565860629081726,0.01836385391652584,0.5281204581260681,0.27810925245285034
39,6,1.0384548183530569,1.0196064710617065,0.9556819796562195,0.01701793633401394,0.4055734872817993,0.22080570459365845
39,7,0.9891069363802671,1.0159811973571777,0.9555637240409851,0.01813235692679882,0.33811697363853455,0.2385486215353012
39,8,0.7451795190572739,1.0163456201553345,0.9555903077125549,0.01602110266685486,0.13849885761737823,0.1962723731994629
39,9,0.7684971483424307,1.0163302421569824,0.955568790435791,0.013459322042763233,0.12511052191257477,0.2355474978685379
39,10,0.76889196485281,1.0167738199234009,0.9557459950447083,0.013284362852573395,0.11151906847953796,0.24958457052707672
39,11,0.7686492420732975,1.0161234140396118,0.9558345079421997,0.012933764606714249,0.13761411607265472,0.22370977699756622
39,12,0.7816881023347377,1.0161546468734741,0.9557276964187622,0.0160231851041317,0.1022762656211853,0.2690121829509735
39,13,0.9247435657307506,1.0176528692245483,0.9557442665100098,0.013076099567115307,0.095267653465271,0.42172038555145264
39,14,0.9930646382272243,1.0182468891143799,0.9555898308753967,0.012860145419836044,0.06616166234016418,0.5192754864692688
40,0,33.05648682117462,1.0162113904953003,4.948422908782959,22.90410804748535,6.619494438171387,2.3399574756622314
40,1,26.677646000683307,1.0162113904953003,4.065654754638672,17.970083236694336,7.635003089904785,0.05618644505739212
40,2,24.010482175648214,1.016700267791748,3.33943772315979,20.826457977294922,2.263256072998047,0.049540527164936066
40,3,22.12392140775919,1.0160220861434937,2.754295825958252,19.453561782836914,1.8754974603652954,0.04079858213663101
40,4,1.935411137342453,1.0172069072723389,1.9197348356246948,0.1456463634967804,0.6130475997924805,0.5893288254737854
40,5,1.9252429276704788,1.0172102451324463,1.6359108686447144,0.09270019829273224,0.616997241973877,0.6849212646484375
40,6,1.8204722248017788,1.0189154148101807,1.425483226776123,0.056279804557561874,0.38478800654411316,0.890524685382843
40,7,1.9847881942987442,1.018709659576416,1.1655532121658325,0.01404513418674469,0.4021352529525757,1.1317552328109741
40,8,1.9728466100990771,1.0155963897705078,1.0887975692749023,0.013100583106279373,0.44666850566864014,1.0921987295150757
40,9,1.9959310442209244,1.0156444311141968,1.0394712686538696,0.012976333498954773,0.46039626002311707,1.1115353107452393
40,10,0.574162801168859,1.0148941278457642,0.9855762124061584,0.01144313719123602,0.099367156624794,0.06325843930244446
40,11,0.5676776574924588,1.0151546001434326,0.9700945019721985,0.009271507151424885,0.08921200782060623,0.07214432209730148
40,12,0.5688289502635598,1.0154303312301636,0.9632839560508728,0.011730917729437351,0.08611848205327988,0.07523669302463531
40,13,0.8625459596514702,1.0149096250534058,0.9581876993179321,0.009148433804512024,0.09569153934717178,0.3630865216255188
40,14,0.8483593886718154,1.015017032623291,0.9565721750259399,0.010216816328465939,0.07100274413824081,0.37282198667526245
40,15,0.6093769822269679,1.0150114297866821,0.9560279250144958,0.01023481972515583,0.06428404897451401,0.14065024256706238
40,16,0.6576928751543165,1.015181064605713,0.9557825922966003,0.010289539583027363,0.07324779033660889,0.17996281385421753
40,17,0.665245938487351,1.0150874853134155,0.956200122833252,0.010531698353588581,0.07583162933588028,0.18462508916854858
41,0,30.64546105861664,1.0162113904953003,4.948422908782959,21.288257598876953,6.325634956359863,1.83864164352417
41,1,27.54963572025299,1.0162113904953003,4.0649919509887695,20.01907730102539,5.731162071228027,0.7831556797027588
41,2,25.881205546855927,1.034373164176941,3.3153457641601562,21.895631790161133,2.207080125808716,0.9085498452186584
41,3,25.285063621401786,1.0202289819717407,2.7278378009796143,22.243436813354492,2.074213981628418,0.21779946982860565
41,4,2.705907004326582,1.0253612995147705,1.893070936203003,0.02634323015809059,2.075617790222168,0.020259536802768707
41,5,1.1303424503654242,1.023572564125061,1.6110771894454956,0.019870741292834282,0.5568039417266846,0.026737816631793976
41,6,1.054526474699378,1.0211527347564697,1.4033674001693726,0.017326660454273224,0.5250066518783569,0.0272891353815794
41,7,0.9498372739180923,1.0186985731124878,1.1503740549087524,0.014805690385401249,0.47489380836486816,0.02632324956357479
41,8,0.838859622552991,1.0187557935714722,1.0749881267547607,0.013098368421196938,0.38800936937332153,0.01900310069322586
41,9,0.9306297155097127,1.0182262659072876,1.0257924795150757,0.013663032092154026,0.48859116435050964,0.01957176998257637
41,10,0.831177662499249,1.0180549621582031,0.9726670384407043,0.012202375568449497,0.40366095304489136,0.017169933766126633
41,11,0.8005938803777098,1.0180555582046509,0.9622499346733093,0.01096926350146532,0.3748469352722168,0.018716583028435707
41,12,0.8074007801711559,1.0170321464538574,0.9574618935585022,0.009937938302755356,0.38472795486450195,0.017836079001426697
41,13,0.8601220056414605,1.0167200565338135,0.9555695652961731,0.01034371554851532,0.43604540824890137,0.019274957478046417
41,14,0.7885721502825618,1.0167710781097412,0.9557385444641113,0.010350222699344158,0.36073729395866394,0.022982709109783173
41,15,0.8249239401891828,1.0175350904464722,0.9560062289237976,0.010339020751416683,0.40252551436424255,0.017351141199469566
41,16,0.7685805138200522,1.0165950059890747,0.9567467570304871,0.010047836229205132,0.345765620470047,0.018098704516887665
41,17,0.7332347441464663,1.0164353847503662,0.9570471048355103,0.0107183326035738,0.309032678604126,0.018787235021591187
41,18,0.6891636688262225,1.0164543390274048,0.9568531513214111,0.010769359767436981,0.26487836241722107,0.018854448571801186
41,19,0.6623652644455433,1.0164777040481567,0.9560056328773499,0.010563589632511139,0.24028898775577545,0.01701601967215538
41,20,0.5469109632074833,1.0165079832077026,0.9559246897697449,0.010647058486938477,0.12379629164934158,0.01798107847571373
41,21,0.49540281314402823,1.0165066719055176,0.9555877447128296,0.01025023590773344,0.0729723796248436,0.017761314287781715
42,0,30.545005118846895,1.019180178642273,0.9557865262031555,20.639850616455078,7.122390270233154,2.387770891189575
42,1,28.95889483690262,1.0262395143508911,0.9555782079696655,23.258737564086914,4.782666206359863,0.5211275219917297
42,2,26.26752154827118,1.024278163909912,0.959551215171814,21.639793395996094,3.6363749504089355,0.5945873260498047
42,3,27.396816152334214,1.0242842435836792,0.9560484290122986,23.491653442382812,3.0646135807037354,0.44448259472846985
42,4,0.9987495116889477,1.0149930715560913,0.9564554691314697,0.04884408786892891,0.09425576776266098,0.4613599479198456
42,5,0.964791439473629,1.0149275064468384,0.9574742317199707,0.02838919311761856,0.11367245018482208,0.42824944853782654
42,6,1.0230942647904158,1.0149285793304443,0.9570073485374451,0.010776428505778313,0.21090444922447205,0.4070262014865875
42,7,0.9290220506489277,1.014706015586853,0.9567360281944275,0.009700197726488113,0.21127444505691528,0.3137589991092682
42,8,0.7736202642321587,1.0158677101135254,0.9561571478843689,0.009633593261241913,0.13596701622009277,0.23361468315124512
42,9,0.7975906604900956,1.0157910585403442,0.9560055136680603,0.010369756259024143,0.13461269438266754,0.258248895406723
42,10,0.9528822550550103,1.0159847736358643,0.9562129378318787,0.010036797262728214,0.12990045547485352,0.41850546002388
42,11,0.8770963583141566,1.015577793121338,0.9557806849479675,0.010549807921051979,0.14322780072689056,0.3290470540523529
42,12,0.7151565834879876,1.015794038772583,0.95579993724823,0.00991819053888321,0.15024296939373016,0.16067662835121155
42,13,0.7931680651381612,1.0170888900756836,0.9559524059295654,0.010164272971451283,0.22381189465522766,0.16458363831043243
42,14,0.8291264461353421,1.0167560577392578,0.9559497833251953,0.010283653624355793,0.23981091380119324,0.18449071049690247
42,15,0.7769362980499864,1.0165729522705078,0.9562177658081055,0.010370069183409214,0.24130883812904358,0.1306992471218109
42,16,0.8710300270467997,1.0168185234069824,0.9562296271324158,0.010327110067009926,0.29049569368362427,0.17559759318828583
42,17,0.9191817518323661,1.0168179273605347,0.9562290906906128,0.011179229244589806,0.33866259455680847,0.17473052442073822
42,18,0.9259475296363235,1.0166133642196655,0.9562302231788635,0.010594314895570278,0.33799880743026733,0.18278568983078003
43,0,30.039781069755556,1.0162113904953003,4.948422908782959,20.608022689819336,5.818080425262451,2.4207510948181152
43,1,25.387925693392752,1.0146068334579468,4.066089630126953,20.404098510742188,3.923959732055664,0.04372815787792206
43,2,11.69858683347702,1.0146065950393677,3.348738670349121,9.161645889282227,1.3178091049194336,0.34646278619766235
43,3,11.961954748630523,1.0179424285888672,2.7601377964019775,8.938338279724121,1.492820382118225,0.7751800417900085
43,4,4.033918224275112,1.0215990543365479,1.9127858877182007,0.018484435975551605,3.206343173980713,0.22221362590789795
43,5,3.4285435788333416,1.0215973854064941,1.621716022491455,0.014123421162366867,2.750580072402954,0.1351774036884308
43,6,2.9294824097305536,1.020337462425232,1.409942388534546,0.011957155540585518,2.350748062133789,0.08072122186422348
43,7,1.0729540497064591,1.0171477794647217,1.1499583721160889,0.011418595910072327,0.4579160809516907,0.17019814252853394
43,8,0.9534403689205647,1.0171600580215454,1.0768271684646606,0.011669103056192398,0.36085575819015503,0.162118062376976
43,9,1.0268804728984833,1.0171600580215454,1.0240987539291382,0.011872783303260803,0.5063046216964722,0.10045130550861359
43,10,1.2647077031433582,1.0174258947372437,0.9788430333137512,0.010388512164354324,0.4896542727947235,0.3654111325740814
43,11,1.1157654931768775,1.017735481262207,0.968890368938446,0.010856418870389462,0.17318499088287354,0.5343989133834839
43,12,0.980310289002955,1.0177202224731445,0.9610500335693359,0.01242497656494379,0.14874885976314545,0.42338240146636963
43,13,0.9443554228171707,1.0180059671401978,0.9564505815505981,0.011583886109292507,0.11292339861392975,0.4249568283557892
43,14,0.9403324136510491,1.0174490213394165,0.9559639096260071,0.010186211206018925,0.1691047102212906,0.3663589060306549
43,15,0.8133087802678347,1.0174685716629028,0.9559159874916077,0.011294068768620491,0.09465844929218292,0.31267935037612915
43,16,0.989011762291193,1.0165369510650635,0.9555624127388,0.010765764862298965,0.18628662824630737,0.39753949642181396
43,17,1.0563132597133518,1.0162166357040405,0.9555681347846985,0.00978619884699583,0.18763364851474762,0.4645364582538605
43,18,1.033098168298602,1.0161170959472656,0.9555698037147522,0.0110576581209898,0.1311207115650177,0.49658241868019104
43,19,0.9688452800735832,1.015464425086975,0.9555803537368774,0.014095439575612545,0.14793512225151062,0.41260576248168945
43,20,0.9943150829523801,1.0155421495437622,0.9555662274360657,0.011751962825655937,0.15558138489723206,0.4327600598335266
43,21,1.0344400878995657,1.0155367851257324,0.9555793404579163,0.013761704787611961,0.15925416350364685,0.46720099449157715
44,0,30.16595575809479,1.0162113904953003,4.948422908782959,19.82044219970703,6.964024066925049,2.1885626316070557
44,1,16.484021469950676,1.0162113904953003,4.066376209259033,8.625109672546387,6.675057411193848,0.1673368662595749
44,2,15.45393434688449,1.0380818843841553,3.334974527359009,8.58394718170166,5.936254501342773,0.05912138149142265
44,3,11.563107232749463,1.0398313999176025,2.7394776344299316,9.549777030944824,1.1775312423706055,0.0799371525645256
44,4,1.3650149907916784,1.0283401012420654,1.8977997303009033,0.026458343490958214,0.3945116400718689,0.35881704092025757
44,5,1.5464811399579048,1.0254199504852295,1.60867440700531,0.02113080769777298,0.26919031143188477,0.7293411493301392
44,6,1.700200391188264,1.0268354415893555,1.3997199535369873,0.018267923966050148,0.2753499448299408,0.9212714433670044
44,7,1.5869917176663875,1.0209771394729614,1.1388908624649048,0.019408252090215683,0.14617544412612915,0.9894344210624695
44,8,1.5592920012772082,1.0208224058151245,1.0680099725723267,0.01687924936413765,0.16375377774238586,0.9608924984931946
44,9,0.7278908751904964,1.0228196382522583,1.02692449092865,0.017716731876134872,0.12811298668384552,0.1721123307943344
44,10,0.6635706402361393,1.0218580961227417,0.9773539304733276,0.017509128898382187,0.11532994359731674,0.1308891624212265
44,11,0.6794973488897085,1.0218679904937744,0.9662125110626221,0.01604730449616909,0.09984435141086578,0.16598959267139435
44,12,0.5702598478645087,1.0227116346359253,0.9602043032646179,0.015861162915825844,0.05373615399003029,0.10407934337854385
44,13,1.0110057581216096,1.0214877128601074,0.9565902352333069,0.012182561680674553,0.05500026419758797,0.5482073426246643
44,14,1.1443413993343712,1.0215260982513428,0.955740749835968,0.010198860429227352,0.14040087163448334,0.5982882976531982
44,15,0.6295802045613528,1.0195503234863281,0.9556608200073242,0.009806277230381966,0.10353927314281464,0.12119242548942566
44,16,0.5074236853048206,1.0186692476272583,0.9555622339248657,0.009284495376050472,0.06756845116615295,0.035724442452192307
44,17,0.5010891390964389,1.0187550783157349,0.9556552767753601,0.010623837821185589,0.06606536358594894,0.029517866671085358
44,18,0.5009474152699114,1.0187519788742065,0.9556329846382141,0.010003113187849522,0.06903952360153198,0.027027785778045654
44,19,0.5168802481144666,1.018096685409546,0.9555670619010925,0.010676471516489983,0.06860733032226562,0.042863696813583374
44,20,0.5144933383911848,1.018333077430725,0.9555624723434448,0.009795235469937325,0.07142756134271622,0.03849143162369728
44,21,0.5037632083520294,1.0183122158050537,0.9555709362030029,0.009987003169953823,0.06211285665631294,0.03688671812415123
44,22,0.49154678843915467,1.0179424285888672,0.9556072354316711,0.010141195729374886,0.04984232783317566,0.036853332072496414
45,0,29.23459788560867,1.0187838077545166,0.9564260244369507,22.586029052734375,5.436601638793945,0.8169252276420593
45,1,28.953751230239867,1.0158768892288208,0.9609982967376709,23.3586368560791,4.655681133270264,0.5440582036972046
45,2,12.200276988744736,1.0158782005310059,0.961598813533783,10.292634010314941,1.0816541910171509,0.43049338459968567
45,3,13.23062224984169,1.0204216241836548,0.9559860825538635,10.864117622375488,1.5315102338790894,0.43971285223960876
45,4,1.443514933437109,1.0170576572418213,0.9580362439155579,0.009724583476781845,0.7564638257026672,0.2823077440261841
45,5,1.2764853779226542,1.017810344696045,0.9558708071708679,0.010011846199631691,0.606113612651825,0.26562368869781494
45,6,1.1251145390793682,1.0177953243255615,0.9561664462089539,0.009826633147895336,0.42021504044532776,0.30028051137924194
45,7,0.8251364776864648,1.0178165435791016,0.9570490717887878,0.010199413634836674,0.15771634876728058,0.26224759221076965
45,8,0.8439081786200404,1.01682710647583,0.956504762172699,0.010711136274039745,0.1877913922071457,0.25073927640914917
45,9,0.8307587506249547,1.016856074333191,0.9567326307296753,0.009675499983131886,0.19665980339050293,0.22970570623874664
45,10,0.8055224873125553,1.0171103477478027,0.9568474292755127,0.010651197284460068,0.10874984413385391,0.29132989048957825
45,11,0.8214715462177993,1.0173447132110596,0.956381618976593,0.011910809203982353,0.1302212029695511,0.28459426760673523
45,12,0.7652982851490379,1.0173381567001343,0.9564763307571411,0.0108379190787673,0.11409344524145126,0.2456040233373642
45,13,0.8214385326951742,1.0162204504013062,0.9567235708236694,0.010218879207968712,0.13906221091747284,0.27756863832473755
45,14,0.8158511508256198,1.016503095626831,0.9563931226730347,0.010087350383400917,0.12059972435235977,0.29058483242988586
45,15,0.7659789152443409,1.0163395404815674,0.9559666514396667,0.010128159075975418,0.10004892945289612,0.26134058833122253
45,16,0.7328185783699155,1.0156534910202026,0.9562171697616577,0.011421036906540394,0.0818421021103859,0.24518130719661713
45,17,0.7606656808406115,1.015830636024475,0.9562028646469116,0.010370144620537758,0.08586417883634567,0.2700246572494507
45,18,0.7281257892027497,1.0155214071273804,0.9560843110084534,0.009535298682749271,0.08449659496545792,0.2397727519273758
45,19,0.833728250861168,1.015465497970581,0.9560005068778992,0.010602690279483795,0.0990656390786171,0.32976672053337097
45,20,0.798286903090775,1.0156707763671875,0.9559673070907593,0.01045942772179842,0.06678683310747147,0.32671302556991577
45,21,0.8589295603334903,1.0153889656066895,0.9559852480888367,0.01103116199374199,0.07264863699674606,0.3809749186038971
45,22,0.8414903914555907,1.01528799533844,0.9559449553489685,0.01050145085901022,0.06266526877880096,0.37407708168029785
45,23,0.8482740294188261,1.015333652496338,0.9561812877655029,0.010007107630372047,0.05921255424618721,0.3847513794898987
45,24,0.8388265648856759,1.0154885053634644,0.9559298157691956,0.010845676995813847,0.059126049280166626,0.37457117438316345
46,0,29.93099126815796,1.0162113904953003,4.948422908782959,21.482290267944336,5.609861850738525,1.6459122896194458
46,1,28.551406574249267,1.0153621435165405,4.065066337585449,21.902320861816406,4.651398658752441,0.981601357460022
46,2,13.148547554016114,1.0153614282608032,3.3330204486846924,9.582298278808594,1.465434193611145,1.2311387062072754
46,3,10.30756962299347,1.0146247148513794,2.7351291179656982,7.98683500289917,1.2597262859344482,0.31105756759643555
46,4,1.5644222483038903,1.0158909559249878,1.9027743339538574,0.06886430829763412,0.6002164483070374,0.3116084337234497
46,5,1.550755426287651,1.015860915184021,1.6300959587097168,0.031242236495018005,0.620050311088562,0.3702715039253235
46,6,1.3875235341489316,1.02031672000885,1.420802116394043,0.03634217008948326,0.4723667502403259,0.3905908465385437
46,7,1.4908410210162402,1.0213638544082642,1.159407615661621,0.020728828385472298,0.5307177901268005,0.5032401084899902
46,8,1.2773136630654336,1.0214128494262695,1.0831573009490967,0.01770249754190445,0.33796894550323486,0.500728189945221
46,9,1.1437385383993388,1.0213991403579712,1.0323550701141357,0.015903467312455177,0.27653610706329346,0.4405481219291687
46,10,1.1413335349410771,1.0200095176696777,0.9814677834510803,0.01200534962117672,0.24742037057876587,0.48161235451698303
46,11,1.1742705136537552,1.0204062461853027,0.9687204957008362,0.01046009361743927,0.23433667421340942,0.5316483974456787
46,12,0.9868241725489497,1.0203839540481567,0.9614382982254028,0.009960013441741467,0.1518191695213318,0.42868053913116455
46,13,0.9298803241923452,1.0202468633651733,0.9569061398506165,0.010834281332790852,0.10973241180181503,0.4138830304145813
46,14,0.9551470048725605,1.0202326774597168,0.9563249349594116,0.010877292603254318,0.08527202159166336,0.46368616819381714
46,15,0.5453167354688049,1.0201247930526733,0.9559395909309387,0.00959190633147955,0.09712209552526474,0.043389856815338135
46,16,0.5477494886144996,1.0182205438613892,0.9555950164794922,0.009421802125871181,0.0791173130273819,0.06444726139307022
46,17,0.49963283725082874,1.0190982818603516,0.9556086659431458,0.00881919078528881,0.03791658952832222,0.05795566737651825
47,0,31.615304923057558,1.0162113904953003,4.948422908782959,22.6849308013916,5.45958137512207,2.2778658866882324
47,1,21.189680659770964,1.0162113904953003,4.0658464431762695,15.353972434997559,4.198663234710693,0.6206334233283997
47,2,18.25782642364502,1.0164769887924194,3.3306422233581543,15.224388122558594,1.8656119108200073,0.2984025478363037
47,3,17.42739148736,1.0183727741241455,2.7555277347564697,15.746339797973633,0.5631624460220337,0.36310914158821106
47,4,0.9290601262822747,1.0163072347640991,1.9236013889312744,0.012527105398476124,0.2890901565551758,0.03946113958954811
47,5,0.908851164393127,1.016304612159729,1.6535656452178955,0.011695812456309795,0.29888617992401123,0.06429512053728104
47,6,0.8838822390884161,1.017322301864624,1.4326677322387695,0.012354819104075432,0.3124596178531647,0.06906979531049728
47,7,0.7942495172843337,1.0175215005874634,1.1610686779022217,0.011075473390519619,0.18614822626113892,0.16130778193473816
47,8,0.7685274098068476,1.0175021886825562,1.08677339553833,0.010769287124276161,0.1868186891078949,0.15008431673049927
47,9,0.8298718148842454,1.0178364515304565,1.033517837524414,0.010616340674459934,0.19785535335540771,0.21112926304340363
47,10,0.6532824859023094,1.017439365386963,0.9787014126777649,0.017434291541576385,0.05765232443809509,0.17896771430969238
47,11,0.6492212992161512,1.0174469947814941,0.9687326550483704,0.01750981993973255,0.05448628589510918,0.1799892634153366
47,12,0.6488773621618749,1.0171676874160767,0.9622371792793274,0.0168733149766922,0.057886529713869095,0.17823654413223267
47,13,0.6279957331717014,1.0173221826553345,0.9575722217559814,0.014947820454835892,0.050120219588279724,0.16794881224632263
47,14,0.6608212843537331,1.0174319744110107,0.9567232728004456,0.01630590856075287,0.05258651822805405,0.1970978081226349
47,15,0.641657704114914,1.0174189805984497,0.956438422203064,0.013272888958454132,0.05674392729997635,0.17686940729618073
47,16,0.6798430979251862,1.0179708003997803,0.9555932283401489,0.010267965495586395,0.04833158105611801,0.2265307456254959
47,17,0.6917771570384503,1.0187382698059082,0.9556314945220947,0.00940386950969696,0.05143981799483299,0.2360595166683197
47,18,0.6329952869564295,1.0186620950698853,0.9557754397392273,0.01093282364308834,0.03869566693902016,0.18847928941249847
47,19,0.6280372047796846,1.0183931589126587,0.9558420777320862,0.010610279627144337,0.025514867156744003,0.19706501066684723
48,0,30.68421162366867,1.0247302055358887,0.9556145071983337,22.183847427368164,6.402050495147705,1.702244758605957
48,1,27.930334839224816,1.0152690410614014,0.9642005562782288,23.051036834716797,4.293910980224609,0.1894931048154831
48,2,12.820481389760971,1.0153157711029053,0.9580393433570862,7.673168182373047,4.498318195343018,0.2543239891529083
48,3,12.186126473546029,1.0147552490234375,0.9556544423103333,7.607204437255859,4.109647274017334,0.07519282400608063
48,4,1.0061428401619197,1.0146510601043701,0.9558241367340088,0.011654267087578773,0.3388519883155823,0.26154154539108276
48,5,1.171088494360447,1.0146701335906982,0.9556853771209717,0.011198647320270538,0.3261123299598694,0.439706414937973
48,6,1.084879987873137,1.0146695375442505,0.9556448459625244,0.012377494014799595,0.3389533460140228,0.3394862711429596
48,7,0.9940445568412543,1.0164768695831299,0.9557023644447327,0.010255327448248863,0.2663460373878479,0.32300734519958496
48,8,0.943829882144928,1.0160232782363892,0.9555975794792175,0.011043205857276917,0.20868901908397675,0.329773485660553
48,9,0.9137993691489101,1.0160250663757324,0.9555623531341553,0.010962891392409801,0.21945178508758545,0.28906720876693726
48,10,0.8085296578705311,1.0177110433578491,0.955578625202179,0.010057497769594193,0.11144715547561646,0.2923670709133148
48,11,0.8208173727616668,1.0166126489639282,0.9556871652603149,0.009432188235223293,0.11624008417129517,0.3006851375102997
48,12,0.7247976634651423,1.0165802240371704,0.9556739330291748,0.010084042325615883,0.08865204453468323,0.2316107451915741
48,13,0.6663806829601526,1.016802191734314,0.9555628895759583,0.010569682344794273,0.05932912603020668,0.20200885832309723
48,14,0.7329678542912007,1.0169185400009155,0.9555968046188354,0.010271627455949783,0.0793515294790268,0.24884162843227386
48,15,0.7087695630267263,1.0171785354614258,0.9556102156639099,0.010916349478065968,0.07226620614528656,0.23102925717830658
48,16,0.6512469835579395,1.017527461051941,0.9556190371513367,0.011009689420461655,0.047445155680179596,0.19816283881664276
48,17,0.7502654900774359,1.0175684690475464,0.9557080268859863,0.009777656756341457,0.04861990362405777,0.2972126305103302
48,18,0.7264648037031293,1.0180598497390747,0.9557892680168152,0.010247808881103992,0.04408187419176102,0.2773652970790863
48,19,0.7513779452070595,1.0173336267471313,0.9559239149093628,0.01008001621812582,0.03823038190603256,0.3084160387516022
48,20,0.7756333341822028,1.0173767805099487,0.9558612108230591,0.009367893449962139,0.035818833857774734,0.3357990086078644
48,21,0.7531321652233601,1.0168964862823486,0.9559839367866516,0.009748276323080063,0.038534097373485565,0.3102737069129944
48,22,0.6731194864958525,1.0175375938415527,0.9561762809753418,0.010155336931347847,0.04130525514483452,0.2269161194562912
49,0,33.31739947795868,1.0162113904953003,4.948422908782959,24.186405181884766,6.137273788452148,1.8007936477661133
49,1,30.126146364212037,1.0249958038330078,4.065280437469482,24.68634033203125,3.894463300704956,0.527287483215332
49,2,25.969481715559958,1.015333890914917,3.3542332649230957,23.681703567504883,1.2943837642669678,0.11948095262050629
49,3,27.58383819460869,1.014614462852478,2.7734127044677734,23.370628356933594,3.269425392150879,0.1861790120601654
49,4,1.831994654238224,1.0147236585617065,1.9271811246871948,0.04401538521051407,0.9557421207427979,0.24385619163513184
49,5,1.0764655489474535,1.0146067142486572,1.6466351747512817,0.02447734959423542,0.21684850752353668,0.3028913140296936
49,6,0.8705424327403307,1.01493501663208,1.4295213222503662,0.02275465615093708,0.14058683812618256,0.2183096706867218
49,7,0.8013817312195898,1.0153640508651733,1.1544474363327026,0.011722114868462086,0.1761995553970337,0.17949776351451874
49,8,0.6135890182107687,1.0149471759796143,1.0794647932052612,0.013348611071705818,0.1459042876958847,0.03545372560620308
49,9,0.59038196336478,1.0147614479064941,1.0339142084121704,0.012048640288412571,0.1419997364282608,0.026598455384373665
49,10,0.6078781295567751,1.015085220336914,0.9812365770339966,0.01256602443754673,0.15032967925071716,0.04571806639432907
49,11,0.5868103999644518,1.0151294469833374,0.9702964425086975,0.01183062233030796,0.13442006707191467,0.043474532663822174
49,12,0.579810830205679,1.0152103900909424,0.9634312391281128,0.010464388877153397,0.1286456137895584,0.0449725016951561
49,13,0.6147592687979341,1.0155961513519287,0.9572637677192688,0.011087176389992237,0.1643649935722351,0.04473511502146721
49,14,0.6143427139148117,1.0155870914459229,0.9559893608093262,0.009554623626172543,0.16246731579303741,0.04800548404455185
49,15,0.7094409018754959,1.0153158903121948,0.9555718898773193,0.010681930929422379,0.26609423756599426,0.03848717734217644
49,16,0.6364911532029509,1.0155898332595825,0.955761730670929,0.01004438754171133,0.17722859978675842,0.054947853088378906
49,17,0.6803518766537309,1.0155906677246094,0.95583176612854,0.01039952877908945,0.21645617485046387,0.05921168625354767
49,18,0.5927503470331431,1.0155375003814697,0.9558948278427124,0.010447407141327858,0.13388173282146454,0.05413474142551422
50,0,33.14792177677155,1.0162113904953003,4.948422908782959,23.403091430664062,6.036895275115967,2.5150082111358643
50,1,27.262382900714876,1.0385855436325073,4.0666117668151855,21.257844924926758,4.1176066398620605,0.8658918738365173
50,2,21.178196442127227,1.0384899377822876,3.3396337032318115,17.993135452270508,1.8842178583145142,0.425218403339386
50,3,20.614507222175597,1.0263220071792603,2.7345404624938965,17.689363479614258,1.8462165594100952,0.32675468921661377
50,4,1.994680567085743,1.0247389078140259,1.8907577991485596,0.05756539851427078,0.9727283716201782,0.38128745555877686
50,5,1.6810503963381052,1.0194319486618042,1.6018191576004028,0.030269676819443703,0.7258955240249634,0.4006349742412567
50,6,1.4317295540124177,1.022266149520874,1.3966271877288818,0.02173207886517048,0.5942566990852356,0.33196210861206055
50,7,1.7149355959147217,1.0204018354415894,1.1436166763305664,0.01702682487666607,0.6729681491851807,0.5921369194984436
50,8,1.4347099002450705,1.020747423171997,1.0708060264587402,0.01704961620271206,0.492695689201355,0.506653904914856
50,9,1.2847026402130723,1.0207338333129883,1.024122953414917,0.014888637699186802,0.4083709716796875,0.45247167348861694
50,10,1.3137544268742203,1.0199944972991943,0.9762718677520752,0.013253712095320225,0.4030422270298004,0.4982052147388458
50,11,1.284653869457543,1.019034504890442,0.9672801494598389,0.012158927507698536,0.36904045939445496,0.5061915516853333
50,12,1.46488473135978,1.0190597772598267,0.9606136083602905,0.011406597681343555,0.35923904180526733,0.6983044147491455
50,13,1.2656653147190808,1.0177055597305298,0.9571114778518677,0.01112229935824871,0.15431813895702362,0.7052614688873291
50,14,1.3488653130829333,1.0170931816101074,0.9569275379180908,0.011862087994813919,0.16382721066474915,0.7783718705177307
50,15,1.364196884445846,1.0176830291748047,0.9561647176742554,0.010764199309051037,0.13221648335456848,0.8264466524124146
50,16,1.6035069292411208,1.018160343170166,0.9556117057800293,0.010679750703275204,0.12450263649225235,1.0735701322555542
50,17,1.58245563544333,1.0181680917739868,0.9556035399436951,0.009989658370614052,0.11878852546215057,1.0589231252670288
50,18,1.5232212696224452,1.0187995433807373,0.9555630683898926,0.010683083906769753,0.13225264847278595,0.9854130148887634
50,19,1.6072403581812977,1.018638014793396,0.9555644392967224,0.010756065137684345,0.10958204418420792,1.0920617580413818
51,0,32.1522833108902,1.0161713361740112,0.9557905197143555,22.937278747558594,5.953113555908203,2.8674986362457275
51,1,31.21028391122818,1.0238726139068604,0.9586096405982971,25.49878692626953,4.488824367523193,0.8261761665344238
51,2,26.60724115371704,1.0147113800048828,0.9559352993965149,24.332416534423828,1.1864992380142212,0.6941960453987122
51,3,25.445271718502045,1.0147173404693604,0.9588987827301025,23.539939880371094,0.8899203538894653,0.620688259601593
51,4,1.007441272586584,1.0155671834945679,0.9555841684341431,0.04164552316069603,0.2814263105392456,0.29013916850090027
51,5,0.8396561637520791,1.0162153244018555,0.955652117729187,0.019201792776584625,0.13130199909210205,0.29477888345718384
51,6,0.9560035279020667,1.0153167247772217,0.9556363821029663,0.015210225246846676,0.10364802181720734,0.4429546594619751
51,7,0.8952615607529879,1.0153400897979736,0.9558686017990112,0.01120305247604847,0.11522062122821808,0.37459614872932434
51,8,0.6224882455542684,1.0153870582580566,0.9557951092720032,0.010953900404274464,0.10383476316928864,0.1134631484746933
51,9,0.5629338564351201,1.0155373811721802,0.9555793404579163,0.010559526272118092,0.09707705676555634,0.06107392907142639
51,10,0.5829233661293983,1.0163341760635376,0.955747663974762,0.012179438024759293,0.11629650741815567,0.06003105267882347
51,11,0.5811398368328811,1.0156419277191162,0.9560733437538147,0.011988772079348564,0.08883894979953766,0.08596906065940857
51,12,0.612432686239481,1.0159341096878052,0.955989420413971,0.0105975903570652,0.11443506926298141,0.09301532059907913
51,13,0.6882714115083217,1.0162431001663208,0.9559098482131958,0.009844597429037094,0.1853736788034439,0.09862254559993744
51,14,0.6051520522683859,1.0161398649215698,0.9559255838394165,0.010013652965426445,0.10678119957447052,0.09394410997629166
51,15,0.6240407709032297,1.0163089036941528,0.9558566212654114,0.009351754561066628,0.11358866095542908,0.10666725039482117
52,0,35.73434875011444,1.0162113904953003,4.948422908782959,24.306921005249023,7.234194755554199,3.0003061294555664
52,1,28.548202669620515,1.017933964729309,4.0653300285339355,22.38216209411621,4.513874530792236,0.6355132460594177
52,2,15.502538275718688,1.0178894996643066,3.330611228942871,8.27596664428711,5.59401798248291,0.7628535032272339
52,3,13.91649529337883,1.0147417783737183,2.746145009994507,8.655749320983887,4.049772262573242,0.45879635214805603
52,4,1.3169598815962673,1.015414834022522,1.9118722677230835,0.010902869515120983,0.4644150733947754,0.25618451833724976
52,5,1.3807498781010508,1.0154197216033936,1.6209063529968262,0.011628272943198681,0.4426068067550659,0.3992495834827423
52,6,1.101097920909524,1.014790415763855,1.4042742252349854,0.011091658845543861,0.4436286389827728,0.1625646948814392
52,7,0.8806895844638347,1.0174083709716797,1.1513439416885376,0.02465900406241417,0.24033084511756897,0.18194927275180817
52,8,0.978758816793561,1.017421841621399,1.0775600671768188,0.011275293305516243,0.3892765939235687,0.15921054780483246
52,9,0.9268666869029403,1.0154435634613037,1.0301014184951782,0.011161110363900661,0.33973684906959534,0.1668597310781479
52,10,0.8219107994809747,1.0154104232788086,0.9794831275939941,0.010806621052324772,0.2942100465297699,0.11791542172431946
52,11,0.7837436627596617,1.0155208110809326,0.9674330353736877,0.009997991845011711,0.2561225891113281,0.12103231251239777
52,12,0.7902724388986826,1.0155216455459595,0.9615691900253296,0.010944375768303871,0.2438400238752365,0.1400698721408844
52,13,0.7771720757707954,1.015862226486206,0.9562229514122009,0.01054453756660223,0.2356700748205185,0.13654042780399323
52,14,0.6980494562536479,1.015730619430542,0.955584704875946,0.009637454524636269,0.1511555165052414,0.14299342036247253
52,15,0.6722959274426104,1.0157296657562256,0.9556595683097839,0.00989189837127924,0.12095364183187485,0.14717254042625427
52,16,0.6530839651823044,1.0158268213272095,0.9559666514396667,0.009545490145683289,0.12180094420909882,0.12737883627414703
52,17,0.5798145767301321,1.0164685249328613,0.956255316734314,0.009893370792269707,0.07562357187271118,0.09975286573171616
52,18,0.6208167081698776,1.0164635181427002,0.95707768201828,0.009642167948186398,0.07760197669267654,0.13886432349681854
52,19,0.5625683391466737,1.0159393548965454,0.9564890265464783,0.01037051621824503,0.0704258605837822,0.08728628605604172
52,20,0.5360591650009155,1.0161651372909546,0.9562066197395325,0.010130051523447037,0.04746047034859657,0.0839942917227745
52,21,0.5179525496438145,1.0163861513137817,0.9559630155563354,0.009498906321823597,0.050059862434864044,0.06392394751310349
52,22,0.510135100968182,1.0159364938735962,0.9562009572982788,0.00976256001740694,0.0463356077671051,0.059609442949295044
52,23,0.4789504235610366,1.016118049621582,0.9564164876937866,0.009862839244306087,0.03593290224671364,0.03864777460694313
53,0,31.4404198884964,1.0162113904953003,4.948422908782959,22.000093460083008,6.052249431610107,2.195150136947632
53,1,26.98290886878967,1.0189483165740967,4.065445423126221,22.20037841796875,2.8436896800994873,0.9219620227813721
53,2,12.353839413076638,1.0189540386199951,3.3484294414520264,10.555341720581055,0.8693831562995911,0.05563784018158913
53,3,13.243525826931,1.0194910764694214,2.7530288696289062,11.239707946777344,1.1830719709396362,0.06624191999435425
53,4,0.9031711995601654,1.0148884057998657,1.9124699831008911,0.017694763839244843,0.21734893321990967,0.08265582472085953
53,5,0.9513020776212215,1.0149097442626953,1.6250944137573242,0.010144945234060287,0.34375301003456116,0.06940329074859619
53,6,0.9769159303978086,1.0147277116775513,1.4188607931137085,0.010199074633419514,0.3918839693069458,0.08811518549919128
53,7,1.0649411173537375,1.0146267414093018,1.1591132879257202,0.009399292059242725,0.404747873544693,0.21604594588279724
53,8,0.9253173587843776,1.0148754119873047,1.0838096141815186,0.009360182099044323,0.28689488768577576,0.20932528376579285
53,9,0.749191876128316,1.0148653984069824,1.0343430042266846,0.009475396946072578,0.22253412008285522,0.10734067857265472
53,10,0.7400182493031024,1.0171877145767212,0.9837596416473389,0.011098328977823257,0.1639203280210495,0.16481012105941772
53,11,0.7653061313554644,1.0166704654693604,0.9684340953826904,0.010179798118770123,0.1863590031862259,0.1717464178800583
53,12,0.7131475919857622,1.0166406631469727,0.961747407913208,0.010980748571455479,0.16680075228214264,0.13968847692012787
53,13,0.601592268422246,1.0162183046340942,0.9569599032402039,0.010542990639805794,0.12187308073043823,0.07454055547714233
53,14,0.6006291821599007,1.0163294076919556,0.9560742378234863,0.01059652864933014,0.12387481331825256,0.07167711108922958
53,15,0.6345676042139531,1.016326665878296,0.9559985399246216,0.01102028414607048,0.15265141427516937,0.07643086463212967
53,16,0.6243755424395204,1.0168715715408325,0.955734372138977,0.009457782842218876,0.1395990252494812,0.08079754561185837
53,17,0.5989708345383405,1.0167025327682495,0.9555912017822266,0.00992647372186184,0.09288342297077179,0.10170219093561172
53,18,0.8024463953450323,1.0163609981536865,0.9556019902229309,0.010043946094810963,0.11465637385845184,0.2833534777164459
53,19,0.8355725526809692,1.0164134502410889,0.9555809497833252,0.009656049311161041,0.1057572290301323,0.3257603943347931
53,20,0.7369148917496204,1.0163421630859375,0.9556378722190857,0.009797964245080948,0.08596161007881165,0.2467593103647232
53,21,0.6763443300500512,1.0161198377609253,0.9555646777153015,0.01077085081487894,0.0757676288485527,0.1954689472913742
53,22,0.665814308449626,1.0161439180374146,0.9555622339248657,0.011334879323840141,0.08437064290046692,0.17576755583286285
53,23,0.6916309716179967,1.0160936117172241,0.9556289315223694,0.010205310769379139,0.07668359577655792,0.21039755642414093
54,0,30.99974045753479,1.0188090801239014,0.9570174217224121,21.579484939575195,7.052082538604736,1.9730076789855957
54,1,29.224560976028442,1.0316911935806274,0.9741213321685791,21.807361602783203,6.057448387145996,0.9585884809494019
54,2,17.829968178272246,1.0317124128341675,0.961931049823761,12.915785789489746,3.4580326080322266,1.057421088218689
54,3,16.2806143283844,1.0305558443069458,0.9556107521057129,13.121959686279297,1.6712360382080078,1.090185284614563
54,4,2.1323542231693864,1.0230169296264648,0.9558998942375183,0.013183140195906162,1.0478777885437012,0.6755099296569824
54,5,1.832999287173152,1.0212068557739258,0.9560166001319885,0.01644977740943432,0.9386570453643799,0.4824477732181549
54,6,1.5451770598068832,1.0212489366531372,0.9563051462173462,0.01021649781614542,0.784507155418396,0.35494258999824524
54,7,0.8862875383347273,1.0163120031356812,0.9559884071350098,0.009868038818240166,0.27541765570640564,0.2065417617559433
54,8,0.8654780544340611,1.0167255401611328,0.9560893177986145,0.009641457349061966,0.20492421090602875,0.2563494145870209
54,9,0.7406764382496476,1.0167330503463745,0.9559515714645386,0.009937816299498081,0.13751955330371857,0.19868214428424835
54,10,0.608806392736733,1.0154716968536377,0.9560027122497559,0.010099147446453571,0.11804607510566711,0.08636628836393356
54,11,0.632299286685884,1.0161316394805908,0.9557511210441589,0.009917869232594967,0.09360354393720627,0.1344013214111328
54,12,0.6869705347344279,1.0161839723587036,0.9558225870132446,0.009788925759494305,0.10860907286405563,0.17417122423648834
54,13,0.6334765331819654,1.0153523683547974,0.956063449382782,0.01113372016698122,0.083222895860672,0.14483675360679626
54,14,0.641095693781972,1.0154504776000977,0.9563940763473511,0.009365292266011238,0.08320878446102142,0.15415270626544952
54,15,0.6562404774129391,1.0150508880615234,0.956291913986206,0.009755033999681473,0.10063912719488144,0.15157775580883026
54,16,0.6151162849739193,1.0148524045944214,0.9568442702293396,0.00997906643897295,0.09352613985538483,0.11727174371480942
55,0,28.79152843952179,1.0162113904953003,4.948422908782959,19.815324783325195,5.716095447540283,2.067181348800659
55,1,25.295973432064056,1.014809250831604,4.066624164581299,19.68836212158203,3.9988138675689697,0.5925107598304749
55,2,23.89070967435837,1.014644980430603,3.3138298988342285,21.26184844970703,1.347652554512024,0.41551369428634644
55,3,21.6181791216135,1.0146428346633911,2.7095353603363037,19.374523162841797,1.3070141077041626,0.19180621206760406
55,4,1.4233528316020965,1.0148929357528687,1.883361577987671,0.05850420892238617,0.5460518598556519,0.23914586007595062
55,5,1.184956345334649,1.0149140357971191,1.609387993812561,0.02829434908926487,0.40436962246894836,0.22743196785449982
55,6,1.0680425502359867,1.014914631843567,1.4003812074661255,0.02258123829960823,0.3935786187648773,0.16882352530956268
55,7,0.7498338419944048,1.016924262046814,1.1444315910339355,0.011165367439389229,0.14729368686676025,0.1591036170721054
55,8,0.7332506822422147,1.015882968902588,1.0731215476989746,0.010391776449978352,0.16627472639083862,0.1387832760810852
55,9,0.8061238495633006,1.0160633325576782,1.0248051881790161,0.010865706019103527,0.1810123771429062,0.20607206225395203
55,10,0.7328808395192027,1.0156666040420532,0.9767872095108032,0.01020559947937727,0.1744108498096466,0.14977362751960754
55,11,0.7404402734711767,1.0165126323699951,0.9676196575164795,0.010427636094391346,0.15281842648983002,0.18036775290966034
55,12,0.7091228421777487,1.0156491994857788,0.961938738822937,0.010308658704161644,0.13338127732276917,0.1699153184890747
55,13,0.6918920647352934,1.0155116319656372,0.9572713971138,0.011412149295210838,0.11635353416204453,0.16956977546215057
55,14,0.6420883240178228,1.0157824754714966,0.9564582705497742,0.010425415821373463,0.07036538422107697,0.16684937477111816
55,15,0.6378371605649591,1.0155268907546997,0.9558144211769104,0.010383241809904575,0.07230227440595627,0.16088338196277618
55,16,0.6613037724047899,1.0157725811004639,0.9557494521141052,0.01053408719599247,0.07124968618154526,0.18521559238433838
55,17,0.6410708351060748,1.0157537460327148,0.9557054042816162,0.011487993411719799,0.05469124764204025,0.18059976398944855
55,18,0.6599587662145496,1.0162147283554077,0.9556933641433716,0.011270496062934399,0.07224724441766739,0.1820594072341919
55,19,0.7179696377366781,1.0162931680679321,0.9556888341903687,0.009552037343382835,0.09200696647167206,0.22201423346996307
55,20,0.7093894081190228,1.0162845849990845,0.9559457898139954,0.010622200556099415,0.08955416828393936,0.2147669643163681
55,21,0.7109955998137594,1.0164886713027954,0.9558963179588318,0.010752883739769459,0.07656869292259216,0.22919702529907227
56,0,36.701330399513246,1.0162113904953003,4.948422908782959,26.202613830566406,5.767702579498291,3.5380871295928955
56,1,32.377502703666686,1.017146348953247,4.066429615020752,23.40247344970703,7.336224555969238,0.6220895051956177
56,2,27.84157975912094,1.018842339515686,3.3387246131896973,24.917524337768555,1.3258329629898071,0.7267090678215027
56,3,29.382785320281982,1.02163827419281,2.7428832054138184,26.768556594848633,1.1326355934143066,0.7286888360977173
56,4,1.4622885741293432,1.0226269960403442,1.9036574363708496,0.04211271181702614,0.5158184766769409,0.3191004991531372
56,5,1.2566277716308831,1.021366000175476,1.6205778121948242,0.02859766222536564,0.43260470032691956,0.26703664660453796
56,6,1.2783407874405384,1.0187653303146362,1.4123457670211792,0.02908315137028694,0.38846373558044434,0.37457168102264404
56,7,1.1500773970037699,1.0203453302383423,1.1539283990859985,0.021209174767136574,0.36650773882865906,0.3275057375431061
56,8,1.1462505232542752,1.0213350057601929,1.0807892084121704,0.025445295497775078,0.3562016487121582,0.3441787362098694
56,9,0.961336162313819,1.0210165977478027,1.0320134162902832,0.02018716000020504,0.20465627312660217,0.32588672637939453
56,10,0.5736074574291706,1.0184882879257202,0.9839388132095337,0.013868965208530426,0.12470772117376328,0.034545350819826126
56,11,0.4995910366997123,1.0177984237670898,0.97142493724823,0.012684407643973827,0.06926405429840088,0.019797902554273605
57,0,31.732919645309448,1.0166150331497192,0.9556869268417358,22.116167068481445,7.168279647827148,2.0540125370025635
57,1,15.96946964263916,1.0166150331497192,0.9557463526725769,8.058001518249512,6.812206268310547,0.7047895789146423
57,2,12.299154376983642,1.023024082183838,0.9561456441879272,9.131793022155762,1.5134954452514648,1.258031964302063
57,3,10.871662592887878,1.0205895900726318,0.9555820226669312,8.556456565856934,1.4176666736602783,0.5023050308227539
57,4,1.7357693988829852,1.019182562828064,0.9564675092697144,0.019635023549199104,1.15693998336792,0.16406437754631042
57,5,0.9969845991581678,1.0174691677093506,0.9561419486999512,0.023723511025309563,0.49094903469085693,0.08758983016014099
57,6,0.9450671635568142,1.0174270868301392,0.9556848406791687,0.029983039945364,0.37685859203338623,0.1436031460762024
57,7,0.8659498624503613,1.0201228857040405,0.9555765390396118,0.018745701760053635,0.32395297288894653,0.12811130285263062
57,8,0.9081594916060567,1.0201236009597778,0.955579936504364,0.009987344034016132,0.39126425981521606,0.11176718026399612
57,9,0.9020533097907901,1.0190129280090332,0.9557291269302368,0.010085883550345898,0.38397106528282166,0.11304794996976852
57,10,0.8527379931882024,1.0177804231643677,0.9556971192359924,0.009640787728130817,0.38529425859451294,0.0631074383854866
57,11,0.8789919512346387,1.017752766609192,0.9556977152824402,0.009880115278065205,0.38577625155448914,0.08864548802375793
57,12,0.8490991117432714,1.0170845985412598,0.9556044340133667,0.010615848936140537,0.3923839330673218,0.05156152322888374
57,13,0.8647399106994271,1.0179630517959595,0.9556835293769836,0.010026087053120136,0.4149533808231354,0.04503112658858299
57,14,0.9055306235328318,1.0178920030593872,0.9556361436843872,0.009967026300728321,0.4396389424800873,0.061219025403261185
57,15,1.0653915375471117,1.0174503326416016,0.9556369185447693,0.009416148066520691,0.4277123510837555,0.23364558815956116
57,16,0.7704237589612604,1.0165448188781738,0.9555922150611877,0.010235683061182499,0.15310287475585938,0.21265779435634613
57,17,0.7028228020295502,1.0167595148086548,0.9556918740272522,0.009543105028569698,0.09383673220872879,0.2049526870250702
57,18,0.7005639111623168,1.016745924949646,0.9556871652603149,0.010169326327741146,0.08095934242010117,0.2149486243724823
57,19,0.716052981838584,1.016188383102417,0.9555920362472534,0.010345777496695518,0.08981823921203613,0.2215328812599182
57,20,0.7356142792850733,1.016235589981079,0.9555665254592896,0.010170584544539452,0.0594480074942112,0.2716352641582489
57,21,0.7100358210504055,1.0162349939346313,0.9555633664131165,0.011140748858451843,0.05236179754137993,0.25217360258102417
57,22,0.7088283719494939,1.01594877243042,0.9555639624595642,0.01061463076621294,0.05184604227542877,0.25206515192985535
57,23,0.7095293799415231,1.0159218311309814,0.95557701587677,0.0099552096799016,0.0427272655069828,0.2625471353530884
57,24,0.7521959155797959,1.0159249305725098,0.9555882811546326,0.010690324008464813,0.05711974948644638,0.2900831997394562
58,0,28.85548028945923,1.0162113904953003,4.948422908782959,20.078001022338867,5.82887601852417,1.7556763887405396
58,1,26.851284205913544,1.0289194583892822,4.065581321716309,20.88509750366211,4.031446933746338,0.9158396124839783
58,2,23.337122404575346,1.0241345167160034,3.324240207672119,21.28075408935547,0.7574323415756226,0.4292610287666321
58,3,22.891361117362976,1.0187166929244995,2.7348852157592773,20.716798782348633,0.7350324988365173,0.6888094544410706
58,4,2.1115598170086742,1.0158510208129883,1.888659954071045,0.013586553744971752,0.7633398175239563,0.7537312507629395
58,5,1.9106552379205823,1.0156192779541016,1.604551076889038,0.011158336885273457,0.3637022376060486,1.0117605924606323
58,6,1.2543195709586143,1.0168704986572266,1.3972290754318237,0.010609902441501617,0.19002674520015717,0.5708630084991455
58,7,1.3479551572352648,1.0173077583312988,1.136134386062622,0.012461544945836067,0.13063538074493408,0.7741698026657104
58,8,1.2551130382344127,1.0183520317077637,1.0645358562469482,0.011239255778491497,0.09042436629533768,0.7368718385696411
58,9,1.4028575900942086,1.0184144973754883,1.017753005027771,0.010534802451729774,0.07910464704036713,0.90598464012146
58,10,0.6803802443668246,1.018205165863037,0.9711938500404358,0.01040708553045988,0.08564706146717072,0.18644629418849945
58,11,0.5758444534614682,1.0201764106750488,0.9626484513282776,0.00990279857069254,0.05946361646056175,0.10991306602954865
58,12,0.6053690126165747,1.0190069675445557,0.9578651785850525,0.008185743354260921,0.053462252020835876,0.14834658801555634
58,13,0.5818891379982233,1.0190825462341309,0.9555843472480774,0.016963819041848183,0.041243016719818115,0.12874892354011536
58,14,0.6417891826480627,1.0190925598144531,0.9556779861450195,0.019691580906510353,0.05061649903655052,0.1765269935131073
58,15,0.6574708059430122,1.0182814598083496,0.9562364220619202,0.02046753466129303,0.04924231022596359,0.19285738468170166
58,16,0.6282056789845228,1.0175825357437134,0.9563183784484863,0.027906620875000954,0.04020014777779579,0.16531872749328613
58,17,0.678295585513115,1.0176116228103638,0.9565832614898682,0.025588613003492355,0.042012277990579605,0.21585571765899658
59,0,27.945675349235536,1.0162113904953003,4.948422908782959,18.609037399291992,6.300136089324951,1.8435750007629395
59,1,23.54937435388565,1.0164515972137451,4.064956188201904,17.934406280517578,3.9107093811035156,0.687977135181427
59,2,19.926210367679595,1.014636754989624,3.35617733001709,16.942974090576172,1.5294585227966309,0.5796149373054504
59,3,10.835216414928436,1.0146379470825195,2.776435375213623,8.284782409667969,1.1730663776397705,0.6191529631614685
59,4,1.807190302759409,1.0164735317230225,1.915865182876587,0.019260291010141373,0.4947770833969116,0.7066851854324341
59,5,1.740987030416727,1.0151324272155762,1.6356585025787354,0.019406918436288834,0.4871164560317993,0.7043054699897766
59,6,1.707559653185308,1.014729380607605,1.4203439950942993,0.015466912649571896,0.5081003904342651,0.6969776749610901
59,7,1.9176772370934487,1.0156117677688599,1.1503231525421143,0.014854051172733307,0.5006427764892578,0.9689934253692627
59,8,2.2285593846812843,1.0154799222946167,1.0800710916519165,0.013806627131998539,0.5282545685768127,1.2673879861831665
59,9,1.685305971093476,1.0160893201828003,1.029942512512207,0.01444206852465868,0.15553933382034302,1.1061182022094727
59,10,1.9088700085878374,1.0155285596847534,0.9779273867607117,0.010692596435546875,0.19400466978549957,1.3054815530776978
59,11,1.841213920339942,1.0149998664855957,0.9666551351547241,0.010729258880019188,0.12884090840816498,1.3053127527236938
59,12,2.1553484978154303,1.0151444673538208,0.959688127040863,0.013750446029007435,0.19446542859077454,1.5521661043167114
59,13,1.9812567640095948,1.0155807733535767,0.9556683301925659,0.010253863409161568,0.12561112642288208,1.4511419534683228
59,14,2.1973520440980794,1.0155439376831055,0.9555808305740356,0.010746094398200512,0.12396473437547684,1.6684162616729736
59,15,2.047479737363756,1.0158255100250244,0.9558777213096619,0.009790985845029354,0.09170664101839066,1.5516414642333984
60,0,31.349269437789918,1.0162091255187988,0.955798864364624,22.250526428222656,6.280473709106445,2.423867702484131
60,1,27.301477086544036,1.016746163368225,0.9587854743003845,22.55978775024414,3.738316297531128,0.6082667112350464
60,2,19.86039960384369,1.0167452096939087,0.9583065509796143,16.26079750061035,2.7723052501678467,0.43228650093078613
60,3,20.178783759474754,1.01488196849823,0.9606561660766602,16.984540939331055,2.6503655910491943,0.14876960217952728
60,4,2.860839182883501,1.0174567699432373,0.9581596255302429,0.04989464208483696,2.3439717292785645,0.0718495324254036
60,5,2.932845324650407,1.0172957181930542,0.9563984274864197,0.028633037582039833,2.4753870964050293,0.03408636152744293
60,6,0.6961089737713337,1.018176794052124,0.9563912153244019,0.017349518835544586,0.23201464116573334,0.051831211894750595
60,7,0.63478222489357,1.0175607204437256,0.9561579823493958,0.010641254484653473,0.1824767142534256,0.04692051559686661
60,8,0.6279575303196907,1.0175386667251587,0.9561150670051575,0.00964323803782463,0.18149198591709137,0.04209155961871147
60,9,0.6857761085033417,1.0165270566940308,0.955600917339325,0.010095495730638504,0.22473721206188202,0.05651780590415001
60,10,0.8907210737466812,1.0192118883132935,0.955621600151062,0.01379309594631195,0.1490193009376526,0.3329419791698456
60,11,0.9366886164993048,1.018989086151123,0.9558148384094238,0.012160828337073326,0.1703547239303589,0.3592122793197632
60,12,1.0276132440194488,1.0188331604003906,0.9557632207870483,0.01354771014302969,0.15841922163963318,0.4607270359992981
60,13,0.7979630030691623,1.0187147855758667,0.9557104110717773,0.013966340571641922,0.1691056787967682,0.22000594437122345
60,14,0.7433522479608655,1.0192362070083618,0.9557375907897949,0.013222326524555683,0.1618974208831787,0.17323774099349976
61,0,32.35115787982941,1.0162113904953003,4.948422908782959,23.200149536132812,5.915411949157715,2.0426695346832275
61,1,25.427861672639846,1.0180045366287231,4.065734386444092,20.267820358276367,3.749279260635376,0.39401426911354065
61,2,26.41216122508049,1.0153025388717651,3.335439682006836,23.009084701538086,2.244607925415039,0.2883201539516449
61,3,24.324898248910905,1.0173076391220093,2.758472442626953,21.808706283569336,1.4407795667648315,0.32025638222694397
61,4,2.0884130904451013,1.0208324193954468,1.911163568496704,0.014588952995836735,1.075431227684021,0.41199371218681335
61,5,1.068548033386469,1.0251061916351318,1.6291940212249756,0.01320258155465126,0.2642030417919159,0.26028236746788025
61,6,0.77027758192271,1.0202114582061768,1.4251469373703003,0.013159926049411297,0.12963058054447174,0.1384153962135315
61,7,0.7433817468583583,1.0181883573532104,1.1555284261703491,0.009401384741067886,0.1116015687584877,0.18763543665409088
61,8,0.6666300071403384,1.0181856155395508,1.0790464878082275,0.010961252264678478,0.09366314858198166,0.14255918562412262
61,9,0.7302216546609999,1.016671895980835,1.0300883054733276,0.010762092657387257,0.07519849389791489,0.2349090278148651
61,10,0.7794757910072804,1.0156179666519165,0.9773138165473938,0.011642742902040482,0.07411226630210876,0.29513442516326904
61,11,0.7656677363440394,1.015580177307129,0.9677966237068176,0.0102537227794528,0.07063715904951096,0.2881014943122864
61,12,0.7334567528218031,1.015394687652588,0.9610224366188049,0.00993555597960949,0.0815121978521347,0.24672557413578033
61,13,0.6041586289182306,1.015219807624817,0.9565494656562805,0.009807982482016087,0.07051368802785873,0.12948310375213623
61,14,0.6172924375161529,1.0152186155319214,0.9561612606048584,0.01027700211852789,0.06354371458292007,0.14919574558734894
61,15,0.6143759915605187,1.0155444145202637,0.9558676481246948,0.01122239325195551,0.07274934649467468,0.13612183928489685
61,16,0.5906951393932105,1.0152454376220703,0.9555698037147522,0.010556021705269814,0.060363586992025375,0.12561248242855072
61,17,0.5691808588802815,1.0154646635055542,0.9555951952934265,0.009630084037780762,0.05904018506407738,0.10629861801862717
61,18,0.5728578615933657,1.0151715278625488,0.9555642008781433,0.008725801482796669,0.0703587681055069,0.09962614625692368
61,19,0.5855136359110474,1.015198826789856,0.9555624723434448,0.011457660235464573,0.07454333454370499,0.10536038130521774
61,20,0.5701585175469518,1.015207290649414,0.9556484222412109,0.011571613140404224,0.07306376844644547,0.09135199338197708
61,21,0.5682998158037663,1.0154541730880737,0.9556443691253662,0.011004187166690826,0.050298016518354416,0.11277790367603302
61,22,0.5795446896925569,1.0154759883880615,0.955583393573761,0.010655642487108707,0.06266623735427856,0.11201093345880508
61,23,0.5521949851885438,1.0157748460769653,0.9556101560592651,0.010649253614246845,0.0550992526113987,0.09216947853565216
61,24,0.5712235171347857,1.0158110857009888,0.9556345343589783,0.010595330968499184,0.04845266044139862,0.11788640171289444
62,0,31.63397881984711,1.0162113904953003,4.948422908782959,22.671451568603516,5.560283184051514,2.209317207336426
62,1,25.711232554912566,1.015329122543335,4.064688682556152,20.25018310546875,3.7199337482452393,0.7251121401786804
62,2,20.384458607435228,1.0153350830078125,3.3365578651428223,15.203248977661133,3.8230338096618652,0.48779723048210144
62,3,21.79074295759201,1.0147758722305298,2.7551822662353516,17.66718101501465,2.531609296798706,0.8379610180854797
62,4,3.641761014610529,1.0150173902511597,1.9207454919815063,0.023289058357477188,1.649890661239624,1.3814287185668945
62,5,1.8971119593828916,1.01460599899292,1.6354565620422363,0.017125053331255913,0.5666568279266357,0.7833175659179688
62,6,1.51476527210325,1.015363335609436,1.4276024103164673,0.012809774838387966,0.18023443222045898,0.8331279158592224
62,7,1.537680402211845,1.015883207321167,1.1580833196640015,0.012904348783195019,0.14746969938278198,0.9425130486488342
62,8,1.688146576099098,1.0162051916122437,1.0805798768997192,0.011147919110953808,0.13221368193626404,1.1254279613494873
62,9,1.682339096441865,1.016192078590393,1.0346076488494873,0.010831499472260475,0.1878504753112793,1.0734971761703491
62,10,1.773246815800667,1.0178624391555786,0.9824779629707336,0.009313985705375671,0.20701679587364197,1.1568479537963867
62,11,1.3405162323266269,1.0177748203277588,0.9709426760673523,0.00890263356268406,0.08347346633672714,0.8503966331481934
62,12,1.748488066531718,1.0177751779556274,0.965061604976654,0.01047899667173624,0.06751378625631332,1.273927927017212
62,13,1.7119897874072194,1.0182982683181763,0.9578365087509155,0.011063226498663425,0.056661028414964676,1.249038577079773
62,14,1.5702873477712274,1.018324851989746,0.9564604759216309,0.009729252196848392,0.051712051033973694,1.1138889789581299
62,15,1.781613037735224,1.0177078247070312,0.9559513330459595,0.010254636406898499,0.04780753329396248,1.3288190364837646
62,16,1.859513439424336,1.018070936203003,0.955680787563324,0.00994157511740923,0.038857392966747284,1.415964126586914
62,17,1.6657394789159299,1.0175741910934448,0.9555650353431702,0.009530071169137955,0.037984155118465424,1.2235974073410034
63,0,30.92689973115921,1.01813805103302,0.9568538069725037,21.587974548339844,6.331233978271484,2.6126928329467773
63,1,25.092816632986068,1.01813805103302,0.9589942693710327,18.74167251586914,5.726053237915039,0.2296644151210785
63,2,25.057256829738616,1.0225436687469482,0.9555840492248535,20.659894943237305,3.1735141277313232,0.8282222151756287
63,3,24.52090517282486,1.0225379467010498,0.9555845260620117,19.834980010986328,3.414597272872925,0.8757033944129944
63,4,1.524764183908701,1.0259432792663574,0.9555684328079224,0.053604040294885635,0.5794980525970459,0.49535974860191345
63,5,1.3697546675801278,1.0200968980789185,0.9558184742927551,0.04642508178949356,0.5276023745536804,0.400544136762619
63,6,1.6304703511297705,1.019469141960144,0.9558851718902588,0.039299074560403824,0.6604411005973816,0.5356593132019043
63,7,1.4965057436376812,1.0188862085342407,0.9556211233139038,0.019262606278061867,0.5221073031425476,0.5602343678474426
63,8,1.5301990322768688,1.0200001001358032,0.9557454586029053,0.018060337752103806,0.6206964254379272,0.49629315733909607
63,9,1.6406001441180706,1.0198105573654175,0.955598771572113,0.02107001468539238,0.6275379657745361,0.596910297870636
63,10,1.5315474009141326,1.0182366371154785,0.9555640816688538,0.011937788687646389,0.6386614441871643,0.48618802428245544
63,11,1.3490906901657582,1.0174120664596558,0.9555632472038269,0.01130526140332222,0.6104781627655029,0.33271220326423645
63,12,1.174791970103979,1.016722321510315,0.9555626511573792,0.011426832526922226,0.3264511823654175,0.4424569606781006
63,13,1.2574063276872038,1.01747727394104,0.9557905793190002,0.010396144352853298,0.46440544724464417,0.38795116543769836
63,14,1.1949446139857174,1.016204595565796,0.9557565450668335,0.010537373833358288,0.4171398878097534,0.3728751242160797
63,15,1.397640576399863,1.016154408454895,0.955605149269104,0.00940383318811655,0.5716332197189331,0.4222516119480133
63,16,1.1795911589637398,1.016037940979004,0.9556295871734619,0.011326239444315434,0.31812307238578796,0.4558083415031433
63,17,1.2831389263272286,1.0161120891571045,0.9556980133056641,0.010585524141788483,0.41224801540374756,0.4659433662891388
63,18,1.3605399992316962,1.0161070823669434,0.9557220339775085,0.009892603382468224,0.48069706559181213,0.4755845069885254
64,0,32.2525856256485,1.0162113904953003,4.948422908782959,22.34454917907715,6.754400253295898,1.9607093334197998
64,1,25.403682804107667,1.0162113904953003,4.065909385681152,18.62063217163086,5.110830783843994,0.655795693397522
64,2,20.360384790599348,1.0354914665222168,3.3322086334228516,18.186494827270508,1.2656060457229614,0.03474389761686325
64,3,19.969622097164393,1.0161025524139404,2.7301807403564453,16.941486358642578,2.238729476928711,0.04014960303902626
64,4,1.5923927806317808,1.0151221752166748,1.9106186628341675,0.03288364037871361,0.9491790533065796,0.02518191933631897
64,5,1.2103039275854828,1.0151126384735107,1.6356123685836792,0.025378430262207985,0.6317295432090759,0.023050952702760696
64,6,1.2879849627614022,1.0165897607803345,1.4205687046051025,0.01852267235517502,0.7524064183235168,0.029624179005622864
64,7,1.6657401951029898,1.0183748006820679,1.1600627899169922,0.014690694399178028,0.751484215259552,0.46387776732444763
64,8,2.1346993055194616,1.0187565088272095,1.0838819742202759,0.01149650476872921,1.0137759447097778,0.6888991594314575
64,9,2.067303650453687,1.0174779891967773,1.0360980033874512,0.01212199218571186,0.9616269469261169,0.6828395128250122
64,10,2.412102206237614,1.0167211294174194,0.984338641166687,0.010932405479252338,1.1370346546173096,0.863923192024231
64,11,1.4079281099140644,1.0168110132217407,0.9711589217185974,0.00997135415673256,0.17663927376270294,0.8237234950065613
65,0,33.99616096019745,1.0162113904953003,4.948422908782959,23.809526443481445,6.1745758056640625,2.819131851196289
65,1,28.86934248059988,1.0155080556869507,4.065151691436768,23.0086727142334,4.739989757537842,0.10454805940389633
65,2,25.845540081709622,1.015461802482605,3.3340108394622803,23.350685119628906,1.5873181819915771,0.03764225170016289
65,3,28.26651925072074,1.0163906812667847,2.7338595390319824,25.48101043701172,2.0002171993255615,0.03524157032370567
65,4,0.8836030170321465,1.014613389968872,1.906655192375183,0.09232914447784424,0.1732451617717743,0.03377499431371689
65,5,0.860100493952632,1.0149116516113281,1.635738730430603,0.09688307344913483,0.20263995230197906,0.03044739179313183
65,6,0.8524764209985733,1.0151065587997437,1.4240796566009521,0.09281253814697266,0.24330636858940125,0.02852027118206024
65,7,1.0113102935254574,1.0160396099090576,1.1551158428192139,0.039815064519643784,0.2591593265533447,0.2781048119068146
65,8,1.089158446341753,1.0160188674926758,1.0757856369018555,0.01496349647641182,0.21516022086143494,0.440673828125
65,9,1.2874578904360532,1.0162904262542725,1.0263751745224,0.015712333843111992,0.2566671669483185,0.6065452694892883
65,10,0.976286094635725,1.015338659286499,0.9750997424125671,0.013163011521100998,0.2691924571990967,0.2958429455757141
65,11,1.1343962728977204,1.0153634548187256,0.9645871520042419,0.012855857610702515,0.3776353895664215,0.3479149043560028
65,12,0.9626978103071452,1.014938473701477,0.9596332311630249,0.014337146654725075,0.21600571274757385,0.3374406099319458
66,0,30.304937267303465,1.0149343013763428,0.9558457136154175,22.261341094970703,5.825002670288086,1.8244374990463257
66,1,27.466837310791014,1.0149343013763428,0.9575381875038147,19.44984245300293,7.088211536407471,0.5342888236045837
66,2,19.397653937339783,1.0205506086349487,0.9573347568511963,16.775148391723633,1.585898518562317,0.641029953956604
66,3,18.93184574842453,1.0146052837371826,0.9566646814346313,17.090618133544922,0.8593846559524536,0.5875889658927917
66,4,1.8032952845096588,1.0189505815505981,0.956686794757843,0.064523845911026,0.6623113751411438,0.6813325881958008
66,5,1.72482948936522,1.016502022743225,0.9568715691566467,0.02647607959806919,0.6264995336532593,0.6771791577339172
66,6,1.6454106455668809,1.0164655447006226,0.9577950239181519,0.011885440908372402,0.7137123942375183,0.5249606966972351
66,7,1.4747463008388877,1.0182287693023682,0.9574190378189087,0.010039879940450191,0.5256528854370117,0.5439239740371704
66,8,1.8072715105488897,1.0175360441207886,0.9564326405525208,0.011207384057343006,0.4965639114379883,0.9047064781188965
66,9,1.8548998456448316,1.017524242401123,0.9563203454017639,0.011051831766963005,0.5116845965385437,0.9373944997787476
66,10,1.6075280457735062,1.0165408849716187,0.9560635089874268,0.011972442269325256,0.3848167657852173,0.8162179589271545
66,11,1.6669309992343186,1.0164088010787964,0.955739438533783,0.009900810196995735,0.5461122989654541,0.716488242149353
66,12,1.622228335775435,1.0164164304733276,0.9556326866149902,0.011582904495298862,0.4103941023349762,0.8058415055274963
66,13,1.4795962769538165,1.0179423093795776,0.9555635452270508,0.009759964421391487,0.37043216824531555,0.7047029733657837
67,0,30.279890990257265,1.0162113904953003,4.948422908782959,22.075185775756836,5.303818225860596,1.7079601287841797
67,1,29.069208884239195,1.0160136222839355,4.0648884773254395,22.039936065673828,4.627464294433594,1.3856281042099
67,2,26.263903850317,1.0160138607025146,3.365617275238037,22.50758171081543,2.453383207321167,0.4266127049922943
67,3,23.635458475351335,1.0152517557144165,2.7749204635620117,21.410341262817383,1.0941181182861328,0.37296465039253235
67,4,1.361129390448332,1.0252318382263184,1.9386626482009888,0.03484503552317619,0.3310724198818207,0.40243303775787354
67,5,1.0963383052498101,1.0216044187545776,1.659698724746704,0.020002448931336403,0.16431047022342682,0.37576475739479065
67,6,1.0798003787174821,1.021602749824524,1.440364956855774,0.010737561620771885,0.23084622621536255,0.3458230495452881
67,7,1.0939947059378028,1.017282247543335,1.1631194353103638,0.011333762668073177,0.240123450756073,0.40645715594291687
67,8,1.192864253371954,1.0171034336090088,1.0858440399169922,0.010812979191541672,0.2438196986913681,0.517642080783844
67,9,1.0557613590732218,1.0170971155166626,1.0336709022521973,0.009663746692240238,0.25617629289627075,0.3797677159309387
67,10,1.0864769347012042,1.0173213481903076,0.9815911650657654,0.010089833289384842,0.2819354832172394,0.3946691155433655
67,11,1.038247549906373,1.0169568061828613,0.9694988131523132,0.01193983294069767,0.23259277641773224,0.3964238166809082
67,12,1.1352710664272307,1.016957402229309,0.9626139998435974,0.0102023184299469,0.22766000032424927,0.5014944672584534
67,13,1.0005954671651125,1.016542911529541,0.956876277923584,0.009436236694455147,0.21426352858543396,0.3822118639945984
67,14,0.6186135834082962,1.016984224319458,0.9564211368560791,0.010303552262485027,0.17679664492607117,0.03683231398463249
67,15,0.6111798230558634,1.0169559717178345,0.9561535716056824,0.010233445093035698,0.18137596547603607,0.02494850382208824
67,16,0.5952816495671869,1.0172275304794312,0.9560732841491699,0.010677536018192768,0.167749285697937,0.022194664925336838
67,17,0.5633047102019191,1.0179463624954224,0.9559058547019958,0.008889365009963512,0.13686729967594147,0.022777602076530457
67,18,0.546066171489656,1.017726182937622,0.9558375477790833,0.010146421380341053,0.11619427800178528,0.025012725964188576
67,19,0.5568839574232698,1.017792820930481,0.9558656215667725,0.010599526576697826,0.12488812953233719,0.02666461281478405
67,20,0.4822057759389281,1.0181336402893066,0.9562128782272339,0.008277780376374722,0.04597223177552223,0.03308646008372307
68,0,36.447928881645204,1.0162113904953003,4.948422908782959,26.711687088012695,6.28100061416626,2.2623143196105957
68,1,30.797728300094604,1.0176191329956055,4.065665245056152,25.84697914123535,3.2763166427612305,0.6577756404876709
68,2,27.67009289264679,1.0150352716445923,3.329700231552124,25.009206771850586,1.0748779773712158,0.7170610427856445
68,3,17.21544909477234,1.0150246620178223,2.7392895221710205,14.111579895019531,1.3286843299865723,1.0243220329284668
68,4,2.1371227607131003,1.0159008502960205,1.906292200088501,0.043467484414577484,0.3609846830368042,1.1482319831848145
68,5,1.9510035432875157,1.0164282321929932,1.6261159181594849,0.038321856409311295,0.19334810972213745,1.1908247470855713
68,6,1.8376258227974176,1.0164192914962769,1.4122611284255981,0.030781367793679237,0.1927068531513214,1.128401517868042
68,7,1.91813457980752,1.0169566869735718,1.1490241289138794,0.03826404735445976,0.07352104038000107,1.3731533288955688
68,8,1.7910488002002238,1.0173381567001343,1.0752761363983154,0.04920162633061409,0.0658264085650444,1.2574979066848755
68,9,1.9516924060881138,1.0173332691192627,1.0236930847167969,0.05334644392132759,0.07327641546726227,1.416864275932312
68,10,1.7523019030690192,1.0161612033843994,0.9783623218536377,0.052389077842235565,0.07356716692447662,1.2274409532546997
68,11,1.4792766399681567,1.0159950256347656,0.9676157832145691,0.06098141148686409,0.06313538551330566,0.9584376811981201
68,12,1.1254657343029977,1.0163633823394775,0.9612920880317688,0.06299499422311783,0.05630585551261902,0.6106337904930115
68,13,1.01827290430665,1.0173377990722656,0.9571111798286438,0.021536435931921005,0.05279318243265152,0.5490534901618958
68,14,0.9722538739442825,1.017460823059082,0.9564477205276489,0.025113392621278763,0.04434021934866905,0.5080185532569885
68,15,0.9668320212513208,1.018112301826477,0.9562265872955322,0.02504735253751278,0.05373143032193184,0.49318546056747437
68,16,0.8133149817585945,1.01801335811615,0.9560823440551758,0.01370139792561531,0.042241234332323074,0.362553209066391
68,17,1.0612391211092471,1.0176256895065308,0.9559026956558228,0.012036625295877457,0.04981085658073425,0.6046859622001648
68,18,0.9296989867463709,1.0183049440383911,0.9559654593467712,0.013775155879557133,0.039239928126335144,0.48182982206344604
68,19,0.9173480490222574,1.0181280374526978,0.9556716084480286,0.012343537993729115,0.03989124670624733,0.4703533351421356
68,20,1.0504679741337895,1.0185456275939941,0.9555814862251282,0.012536742724478245,0.03600258007645607,0.6071032285690308
68,21,1.0088445035740734,1.0182197093963623,0.9555939435958862,0.012818719260394573,0.03487945348024368,0.5663836002349854
68,22,0.9276918461546302,1.0173447132110596,0.9555737972259521,0.01342854741960764,0.02944301627576351,0.4902365803718567
69,0,29.953342700004576,1.0146064758300781,0.955621600151062,22.376441955566406,5.675751209259033,1.5071039199829102
69,1,23.811829137802125,1.0146064758300781,0.9699769020080566,17.6451358795166,4.87766170501709,0.8921148777008057
69,2,23.937435185909273,1.023070216178894,0.9595449566841125,19.998546600341797,2.426520586013794,1.115844964981079
69,3,20.51529664993286,1.0218476057052612,0.9586330056190491,18.9053897857666,0.9743286967277527,0.23948204517364502
69,4,2.8910158678889273,1.0163780450820923,0.9628498554229736,0.0338316485285759,1.8453446626663208,0.6159939765930176
69,5,2.672770784795284,1.0184024572372437,0.9631579518318176,0.032754771411418915,1.7648979425430298,0.4788059890270233
69,6,0.9154633607715369,1.016924500465393,0.9610431790351868,0.02332214079797268,0.2142505794763565,0.2822971045970917
69,7,1.0040087506175042,1.0163068771362305,0.9586992263793945,0.014103718101978302,0.24717463552951813,0.3477291762828827
69,8,0.7712794503197075,1.016937017440796,0.9578573107719421,0.013659990392625332,0.24877327680587769,0.11388731747865677
69,9,0.6205997345969081,1.016631007194519,0.9570504426956177,0.011688548140227795,0.1607498824596405,0.05342501401901245
69,10,0.6339163267984986,1.0166289806365967,0.9570164084434509,0.011321024037897587,0.1808193475008011,0.047046877443790436
69,11,0.5577369578182697,1.0169677734375,0.9572705626487732,0.011765561997890472,0.10983215272426605,0.041291575878858566
69,12,0.5698910284787417,1.0166338682174683,0.9566093683242798,0.010698730126023293,0.1227833479642868,0.04176030308008194
69,13,0.5750327561050654,1.0161563158035278,0.9565954804420471,0.010267624631524086,0.13733114302158356,0.03288362920284271
69,14,0.5297346839681268,1.016146183013916,0.9568349719047546,0.010266301222145557,0.08917198330163956,0.03570016846060753
69,15,0.5546685384586454,1.0164475440979004,0.956866979598999,0.010089521296322346,0.11616935580968857,0.03374675661325455
69,16,0.5496400995180011,1.0162886381149292,0.9570661783218384,0.009671333245933056,0.10708536207675934,0.03821244090795517
69,17,0.5517149243503809,1.016280174255371,0.9567732810974121,0.011457942426204681,0.11635933071374893,0.029286960139870644
69,18,0.5241589382290841,1.0167697668075562,0.9571237564086914,0.009731199592351913,0.08195378631353378,0.03769524767994881
69,19,0.5013473078608514,1.016538381576538,0.9566436409950256,0.010085020214319229,0.0624813549220562,0.034144528210163116
69,20,0.5221037488430739,1.0161927938461304,0.956602156162262,0.011134034022688866,0.08060576021671295,0.03580496460199356
69,21,0.5237621173262597,1.0162004232406616,0.9566769003868103,0.00952625647187233,0.08753975480794907,0.03212064132094383
69,22,0.5242505438625813,1.0160962343215942,0.9563575983047485,0.010871898382902145,0.08138808608055115,0.037499792873859406
69,23,0.5305614313110709,1.0162221193313599,0.9563825726509094,0.010239369235932827,0.09534913301467896,0.03045199066400528
69,24,0.49834887757897384,1.016230821609497,0.9563277363777161,0.00944797694683075,0.062133561819791794,0.0322556272149086
70,0,35.9797219991684,1.0162113904953003,4.948422908782959,26.383398056030273,5.8790974617004395,2.5242996215820312
70,1,31.13458517789841,1.044297218322754,4.065578460693359,25.39081573486328,4.2598466873168945,0.46194761991500854
70,2,29.702783727645873,1.0214743614196777,3.3482441902160645,25.171789169311523,3.482008934020996,0.17504191398620605
70,3,24.550813990831376,1.0215251445770264,2.7530858516693115,22.121097564697266,1.4837963581085205,0.1909978687763214
70,4,1.1698127835988998,1.0179344415664673,1.908327579498291,0.11783488094806671,0.2684318423271179,0.19829365611076355
70,5,0.9791923090815544,1.0154677629470825,1.6208230257034302,0.10123924165964127,0.21543100476264954,0.13526390492916107
70,6,0.8015079036355018,1.0148509740829468,1.4051523208618164,0.10174097865819931,0.07059590518474579,0.14517036080360413
70,7,0.7187487326562405,1.0146777629852295,1.1360338926315308,0.04316321387887001,0.08977564424276352,0.15566754341125488
70,8,0.7691072665154934,1.0146716833114624,1.0658507347106934,0.04612928256392479,0.10535046458244324,0.2015230357646942
70,9,0.7121024496853352,1.0147762298583984,1.0169901847839355,0.0370519794523716,0.09076142311096191,0.17793576419353485
70,10,0.6434942547231913,1.014923095703125,0.9717498421669006,0.016757996752858162,0.07610870152711868,0.1532929688692093
70,11,0.7502593193203211,1.015466332435608,0.9632362127304077,0.02086644060909748,0.11690432578325272,0.21674804389476776
70,12,0.6776768520474434,1.016322374343872,0.9589197635650635,0.018426984548568726,0.08716144412755966,0.1770399957895279
70,13,0.7565153755247593,1.0167683362960815,0.955647349357605,0.01809925213456154,0.1774742156267166,0.16645877063274384
70,14,0.8000709924846888,1.017030119895935,0.9555662870407104,0.022799545899033546,0.23624029755592346,0.14651186764240265
70,15,0.8063121020793915,1.016900897026062,0.9555749893188477,0.018499910831451416,0.23046714067459106,0.16284987330436707
70,16,0.7267883371561766,1.0159411430358887,0.9557740092277527,0.02105088345706463,0.1411508470773697,0.17024357616901398
71,0,31.572209811210634,1.0162113904953003,4.948422908782959,22.076948165893555,5.849732398986816,2.4526023864746094
71,1,16.648599886894225,1.0162113904953003,4.06479024887085,9.781061172485352,5.028171539306641,0.8231668472290039
71,2,15.190661934018134,1.0452617406845093,3.361262321472168,9.53226089477539,4.6575422286987305,0.11955399811267853
71,3,12.135039293766022,1.0168765783309937,2.8018393516540527,8.938307762145996,1.6140098571777344,0.818978488445282
71,4,2.5578996654599906,1.019145131111145,1.960083246231079,0.01684400998055935,0.6538645029067993,1.291345477104187
71,5,2.458629097416997,1.018270492553711,1.6785489320755005,0.013201059773564339,0.38815486431121826,1.517909288406372
71,6,0.8475622402504087,1.0185234546661377,1.459269404411316,0.009616992436349392,0.3204432427883148,0.021943433210253716
71,7,0.8342451073229313,1.0175999402999878,1.1804395914077759,0.011530488729476929,0.32223859429359436,0.060868117958307266
71,8,0.8094168666750192,1.0182833671569824,1.1011240482330322,0.010036507621407509,0.27833542227745056,0.09716345369815826
71,9,0.7116010146215559,1.0173227787017822,1.0464104413986206,0.01011944841593504,0.26278117299079895,0.02595374919474125
71,10,0.6461086716502905,1.016912579536438,0.9887740015983582,0.009269511327147484,0.1998397409915924,0.03586210310459137
71,11,0.6586678083986044,1.0169278383255005,0.978828489780426,0.011139662936329842,0.22480572760105133,0.023571152240037918
71,12,0.6164578711614013,1.016206979751587,0.9693068861961365,0.009233030490577221,0.18931643664836884,0.020805630832910538
71,13,0.6123461419716478,1.0160396099090576,0.9607611298561096,0.00999284815043211,0.18557631969451904,0.02141682617366314
71,14,0.6268498141318559,1.0160610675811768,0.9597909450531006,0.010804461315274239,0.1991174966096878,0.021757453680038452
71,15,0.6019911870360375,1.0163447856903076,0.9581853747367859,0.009494360536336899,0.17445997893810272,0.023130815476179123
71,16,0.6125645093619824,1.0162718296051025,0.9563553333282471,0.01075393334031105,0.18929333984851837,0.017991803586483
71,17,0.6112350264564157,1.0162665843963623,0.9563568234443665,0.009432070888578892,0.1875269114971161,0.01975136250257492
71,18,0.6077006418257952,1.015731692314148,0.9559450745582581,0.009296867996454239,0.18121036887168884,0.02285805158317089
71,19,0.6264641454443336,1.0160750150680542,0.9557008147239685,0.011561690829694271,0.1870160549879074,0.03353123366832733
71,20,0.6172076586633921,1.0159803628921509,0.955705463886261,0.00930858962237835,0.18294696509838104,0.030614938586950302
71,21,0.5700705047696829,1.0159860849380493,0.9557499885559082,0.007912084460258484,0.13967108726501465,0.028140118345618248
71,22,0.4919477200135589,1.0157824754714966,0.9556971192359924,0.00876599084585905,0.05471767112612724,0.03416813910007477
72,0,31.132789933681487,1.015068769454956,0.9563207030296326,21.854846954345703,6.072206497192383,2.8114585876464844
72,1,25.733817362785338,1.0146088600158691,0.9580385684967041,20.88855743408203,4.2094902992248535,0.24124014377593994
72,2,27.10864024460316,1.0146089792251587,0.9555887579917908,22.178041458129883,4.399853706359863,0.13670553267002106
72,3,24.319259414076804,1.0146406888961792,0.9555760622024536,20.703487396240234,3.065844774246216,0.15588389337062836
72,4,1.853744713589549,1.0151070356369019,0.9555840492248535,0.026511995121836662,0.8288811445236206,0.6042133569717407
72,5,1.6786641098558903,1.0151294469833374,0.9556283354759216,0.02122703567147255,0.7555392980575562,0.5077462196350098
72,6,1.9676279429346324,1.017259955406189,0.9558125138282776,0.02389010228216648,0.9632108211517334,0.5859125256538391
72,7,0.9673119761049748,1.017799973487854,0.9559361338615417,0.024849701672792435,0.13212792575359344,0.4155871272087097
72,8,0.8474065437912941,1.0180073976516724,0.9562849998474121,0.02329368144273758,0.11692631244659424,0.3123280704021454
72,9,0.8225484717637301,1.018000602722168,0.9567083120346069,0.02068048156797886,0.11136078089475632,0.2955654263496399
72,10,0.7849553048610688,1.0175909996032715,0.9559420943260193,0.02061966061592102,0.11829128861427307,0.2513377368450165
72,11,0.7371968898922205,1.0173475742340088,0.9563761353492737,0.019985968247056007,0.06527270376682281,0.2571934759616852
72,12,0.9877684019505978,1.0173529386520386,0.9563435316085815,0.021302904933691025,0.0776190459728241,0.4941071569919586
72,13,1.1823772426694632,1.0173691511154175,0.9559265971183777,0.0167717095464468,0.07839107513427734,0.69255530834198
72,14,1.10532610937953,1.0173094272613525,0.9559137225151062,0.016836706548929214,0.07830093055963516,0.6155438423156738
72,15,1.282616701722145,1.0173110961914062,0.9558303952217102,0.009158015251159668,0.19771911203861237,0.6811112761497498
72,16,1.1626120872795582,1.0164546966552734,0.9558817148208618,0.009862076491117477,0.09382797032594681,0.6644547581672668
72,17,1.1245572518557312,1.01704740524292,0.9560872316360474,0.009774824604392052,0.09489341825246811,0.6252620816230774
73,0,33.194425797462465,1.0162113904953003,4.948422908782959,22.86441993713379,6.6613569259643555,2.475722074508667
73,1,27.640722143650056,1.0153954029083252,4.064868450164795,21.066761016845703,4.828246116638184,0.7296622395515442
73,2,12.29629461467266,1.0153943300247192,3.338092565536499,9.921306610107422,1.333114504814148,0.17117612063884735
73,3,13.320413127541542,1.0178803205490112,2.747215747833252,11.194536209106445,1.1778100728988647,0.19504763185977936
73,4,1.5759610019624235,1.0146348476409912,1.9100980758666992,0.012068148702383041,0.7141707539558411,0.26477551460266113
73,5,1.3675793085247279,1.0146347284317017,1.6224371194839478,0.015557387843728065,0.5792559385299683,0.2453516125679016
73,6,1.0755560114979743,1.0147511959075928,1.408094882965088,0.015212096273899078,0.42229577898979187,0.15347892045974731
73,7,0.9370862418785691,1.0146050453186035,1.142828106880188,0.011143826879560947,0.23468655347824097,0.2597692310810089
73,8,0.8046215640380978,1.014604926109314,1.0683393478393555,0.01145655382424593,0.18360672891139984,0.1929694265127182
73,9,0.6650287065654993,1.0146242380142212,1.0226045846939087,0.010608719661831856,0.08784658461809158,0.1591276377439499
73,10,0.804238497465849,1.0147982835769653,0.974150538444519,0.011213686317205429,0.1766522079706192,0.21858283877372742
73,11,0.6750907426699997,1.0147485733032227,0.9652293920516968,0.011208108626306057,0.0776616781949997,0.19022536277770996
73,12,0.8229977106675506,1.0147501230239868,0.960161566734314,0.010691515170037746,0.23398016393184662,0.18334369361400604
73,13,0.675145641155541,1.0146660804748535,0.9561596512794495,0.011239823885262012,0.17110198736190796,0.09863868355751038
73,14,0.691286387294531,1.0146393775939941,0.955735981464386,0.009819436818361282,0.17827624082565308,0.10911563783884048
73,15,0.682929839193821,1.014640212059021,0.9557650089263916,0.01190020889043808,0.16576355695724487,0.11118502914905548
74,0,32.77091166973114,1.0162113904953003,4.948422908782959,22.61134147644043,6.409639835357666,2.5570034980773926
74,1,28.692241531610488,1.0155748128890991,4.065464019775391,23.053335189819336,4.289891719818115,0.33280685544013977
74,2,27.365575039386748,1.0150418281555176,3.3390161991119385,22.36285400390625,3.6044697761535645,0.5274396538734436
74,3,19.041092145442963,1.0150398015975952,2.750248432159424,16.779232025146484,1.0401161909103394,0.4686862826347351
74,4,2.0624317701905968,1.016592025756836,1.9002289772033691,0.026401584967970848,0.9304870367050171,0.5221789479255676
74,5,1.6305444579571486,1.0148893594741821,1.6192162036895752,0.01647202856838703,1.0363233089447021,0.05092800781130791
74,6,1.5757725143805148,1.0154156684875488,1.4031057357788086,0.013365139253437519,1.031890869140625,0.04681222513318062
74,7,2.188580267690122,1.0147517919540405,1.1470444202423096,0.011856346391141415,1.100003957748413,0.6443607211112976
74,8,2.332071208395064,1.0150715112686157,1.0754106044769287,0.011011266149580479,1.0968364477157593,0.8061270713806152
74,9,1.7235097460448743,1.0153343677520752,1.0284783840179443,0.01050446555018425,0.5667409896850586,0.7375017404556274
74,10,1.5341276785358788,1.0149176120758057,0.9789454340934753,0.01166702713817358,0.531474232673645,0.5922138094902039
74,11,1.5507350321859121,1.0154390335083008,0.9676980972290039,0.010696148499846458,0.4491472840309143,0.6942641735076904
74,12,1.6143027992919088,1.0155107975006104,0.9614938497543335,0.010797557421028614,0.4484561085700989,0.7596482038497925
74,13,1.439191515929997,1.015354871749878,0.9563156962394714,0.010251362808048725,0.3738357424736023,0.6607702970504761
74,14,1.3790835045278071,1.015306830406189,0.9557187557220459,0.0094355009496212,0.2740168571472168,0.7014260292053223
74,15,1.472229970432818,1.015634536743164,0.9555817246437073,0.00987404678016901,0.3681125044822693,0.7000001668930054
74,16,1.1002769658342004,1.0159235000610352,0.9556383490562439,0.01053160522133112,0.10904505848884583,0.5863879323005676
74,17,1.0351217236369847,1.015924096107483,0.9556230306625366,0.009856289252638817,0.16450919210910797,0.46644681692123413
74,18,1.1132737305015326,1.0160155296325684,0.9556170105934143,0.011114230379462242,0.15243655443191528,0.5553964376449585
74,19,0.9946339076384902,1.016042709350586,0.955562949180603,0.009929648600518703,0.13006849586963654,0.46031463146209717
74,20,0.939275942184031,1.0160433053970337,0.955614447593689,0.010200605727732182,0.11175331473350525,0.42299047112464905
74,21,0.9396440204232932,1.0165069103240967,0.9557540416717529,0.009875407442450523,0.08005331456661224,0.4552631080150604
74,22,0.6669861219823361,1.0168123245239258,0.9556847214698792,0.011296864598989487,0.08440862596035004,0.17678122222423553
74,23,0.5920267671346664,1.0168097019195557,0.9557187557220459,0.009825773537158966,0.07112060487270355,0.11657469719648361
74,24,0.5589016823098063,1.0162609815597534,0.9558258056640625,0.010691280476748943,0.07881726324558258,0.07497578114271164
75,0,31.007959842681885,1.0189708471298218,0.9558353424072266,23.61050033569336,5.5898942947387695,1.4126039743423462
75,1,29.891487216949464,1.0219452381134033,0.956872820854187,23.812894821166992,4.254393100738525,1.4284356832504272
75,2,14.109034502506256,1.0219409465789795,0.9558289051055908,7.846456527709961,5.260783672332764,0.6062403321266174
75,3,10.294752395153045,1.0247656106948853,0.9555759429931641,8.150666236877441,1.1293387413024902,0.6186791062355042
75,4,1.3519934792071582,1.0224343538284302,0.9558788537979126,0.012393804267048836,0.29876330494880676,0.6451737284660339
75,5,1.1880044700577854,1.0224405527114868,0.9556338787078857,0.01192351896315813,0.17908261716365814,0.6013834476470947
75,6,1.1099692534655332,1.0191086530685425,0.9555894136428833,0.010317875072360039,0.24126029014587402,0.46345147490501404
75,7,1.6236557826399802,1.0164191722869873,0.9555922746658325,0.012543343007564545,0.21592968702316284,1.000780463218689
75,8,1.4789397705346345,1.0164639949798584,0.955623984336853,0.013471828773617744,0.24817192554473877,0.8228784203529358
75,9,1.463658907264471,1.0164258480072021,0.9556746482849121,0.014940347522497177,0.10137861967086792,0.9529198408126831
75,10,1.1819456020370125,1.0157310962677002,0.9556646347045898,0.014050976373255253,0.07131904363632202,0.7022964358329773
75,11,1.207978739030659,1.015932321548462,0.955628514289856,0.01422263402491808,0.08447984606027603,0.7149640917778015
75,12,1.2101946482434869,1.01592218875885,0.9556242227554321,0.010475588031113148,0.058350253850221634,0.7470595240592957
76,0,32.467746591567995,1.0162113904953003,4.948422908782959,23.544313430786133,5.7983527183532715,1.932153582572937
76,1,33.79552233219147,1.016104817390442,4.064912796020508,25.352611541748047,4.9244303703308105,2.50227689743042
76,2,27.03583106100559,1.0146191120147705,3.356762647628784,25.018564224243164,1.012848138809204,0.13014234602451324
76,3,12.833123816549778,1.0146206617355347,2.7701966762542725,11.000665664672852,0.9851953983306885,0.09029928594827652
76,4,1.7088180422782897,1.0195038318634033,1.939544439315796,0.07026748359203339,0.8719022870063782,0.1748386174440384
76,5,1.4549998492002487,1.0185197591781616,1.6638853549957275,0.04676719009876251,0.5948553085327148,0.27689632773399353
76,6,1.331738868355751,1.0183095932006836,1.4466334581375122,0.0444745272397995,0.4655405879020691,0.3287351429462433
76,7,1.2266026124358178,1.0191417932510376,1.1794499158859253,0.03237839788198471,0.39854955673217773,0.3559563159942627
76,8,0.9861768741160631,1.0180354118347168,1.1004574298858643,0.025830494239926338,0.23946042358875275,0.2971873879432678
76,9,1.0486559860408307,1.0181009769439697,1.044702172279358,0.02307070419192314,0.16667941212654114,0.4463452398777008
76,10,0.9543222298845649,1.0170104503631592,0.9878487586975098,0.013683109544217587,0.09243962168693542,0.4472276568412781
76,11,0.7996866565197707,1.0167462825775146,0.9746871590614319,0.0136947613209486,0.07659155130386353,0.3111136555671692
76,12,0.6559945087879897,1.0177143812179565,0.9662487506866455,0.011973021551966667,0.06400412321090698,0.18322473764419556
76,13,0.5635483885183931,1.0170480012893677,0.9594042897224426,0.010901872999966145,0.047101911157369614,0.11025414615869522
76,14,0.5575457183644176,1.0172165632247925,0.9574484825134277,0.010793889872729778,0.049654521048069,0.10216429829597473
76,15,0.5481640504673124,1.0163990259170532,0.9564934372901917,0.011406765319406986,0.03907248005270958,0.1031063124537468
76,16,0.5253313777968288,1.0173180103302002,0.9562401175498962,0.012374511919915676,0.03470814600586891,0.08353709429502487
76,17,0.5649775844067335,1.0169321298599243,0.956873893737793,0.009367238730192184,0.028895320370793343,0.13195382058620453
76,18,0.6660419495776296,1.0171630382537842,0.9564743638038635,0.00922140572220087,0.03944801911711693,0.22264504432678223
76,19,0.6318308616057038,1.0174742937088013,0.9560409188270569,0.010304671712219715,0.03365166112780571,0.19317148625850677
76,20,0.5980517115443945,1.0174534320831299,0.9557501077651978,0.011379210278391838,0.029145561158657074,0.16288623213768005
76,21,0.5822164006531239,1.017561674118042,0.9557260870933533,0.011033754795789719,0.02919953316450119,0.1473255604505539
76,22,0.6376333745196462,1.0167299509048462,0.9557878375053406,0.009713673032820225,0.03123703971505165,0.20217910408973694
77,0,33.583386874198915,1.0162113904953003,4.948422908782959,23.97417640686035,6.5171403884887695,1.8991432189941406
77,1,25.948858737945557,1.0162113904953003,4.066695690155029,18.150300979614258,5.183750152587891,1.5982261896133423
77,2,21.679328739643097,1.018907904624939,3.312236785888672,17.98845100402832,1.9291045665740967,0.8955442309379578
77,3,22.554264259338378,1.0198012590408325,2.721315622329712,18.7669620513916,2.072155714035034,0.9669231176376343
77,4,2.6422482509166003,1.0157955884933472,1.8888310194015503,0.020282508805394173,1.3179799318313599,0.7230604887008667
77,5,2.26723836325109,1.014784336090088,1.5993151664733887,0.016736289486289024,0.6720640063285828,1.055618166923523
77,6,1.1681962931528687,1.0160083770751953,1.3943815231323242,0.014210441149771214,0.5766556262969971,0.09525224566459656
77,7,0.9419631561264397,1.0165361166000366,1.140360951423645,0.012520025484263897,0.4684481620788574,0.029615554958581924
77,8,0.9670630879700184,1.016538381576538,1.070275068283081,0.011302892118692398,0.5043997764587402,0.033997729420661926
77,9,0.9904019953683019,1.0164250135421753,1.0234724283218384,0.010497906245291233,0.5298263430595398,0.042098257690668106
77,10,1.0290089765563608,1.0163342952728271,0.9764160513877869,0.010561645962297916,0.4904530644416809,0.1294441968202591
77,11,1.1413318520411848,1.0163265466690063,0.9656755328178406,0.009911811910569668,0.5638255476951599,0.17119407653808594
77,12,0.8564830034971238,1.0162051916122437,0.960514485836029,0.010129526257514954,0.26888155937194824,0.18212798237800598
77,13,1.0531579613685609,1.0168957710266113,0.9563462734222412,0.009079933166503906,0.2695354223251343,0.3798941969871521
77,14,1.2104963518679142,1.0169247388839722,0.9558287262916565,0.010258857160806656,0.22322741150856018,0.5824593901634216
77,15,1.3008396591991187,1.0164989233016968,0.9555984139442444,0.01070389710366726,0.18795500695705414,0.707761287689209
77,16,1.2371114943176509,1.0163521766662598,0.955610454082489,0.009675676003098488,0.19598360359668732,0.6370596885681152
77,17,1.3009098540991544,1.0165554285049438,0.9555838704109192,0.009217305108904839,0.21199724078178406,0.685267448425293
77,18,1.566007175669074,1.0161329507827759,0.9559826254844666,0.00927375815808773,0.2587055563926697,0.9036047458648682
78,0,30.430270302295686,1.0162066221237183,0.957173764705658,20.705326080322266,7.206414699554443,2.1238534450531006
78,1,27.948598438501357,1.0151011943817139,0.9564292430877686,22.784915924072266,4.460256576538086,0.30911985039711
78,2,24.37355645298958,1.0213669538497925,0.9557169675827026,21.858381271362305,1.6242262125015259,0.49553218483924866
78,3,12.286283206939697,1.0213409662246704,0.9556295275688171,10.3682279586792,1.195406436920166,0.3272547125816345
78,4,0.7619454937055707,1.0175515413284302,0.9563232660293579,0.010612537153065205,0.20114393532276154,0.15541405975818634
78,5,0.6949049292132259,1.0150797367095947,0.9556673169136047,0.010324525646865368,0.19601356983184814,0.09441742300987244
78,6,0.8952499277889729,1.0150649547576904,0.9558939337730408,0.010762650519609451,0.24274304509162903,0.24755245447158813
78,7,0.8189692052081228,1.0148991346359253,0.9560151100158691,0.009871062822639942,0.19641362130641937,0.21850167214870453
78,8,0.7642826678231358,1.0147695541381836,0.9560902714729309,0.01147319097071886,0.15356390178203583,0.20507360994815826
78,9,0.7715948918834329,1.0150887966156006,0.9555788636207581,0.010357336141169071,0.13438786566257477,0.2327161580324173
78,10,0.8670364117249847,1.015681266784668,0.955580472946167,0.011878184042870998,0.16484206914901733,0.2960638105869293
78,11,0.8552731895819307,1.01594078540802,0.9555643200874329,0.011146523989737034,0.16513487696647644,0.2846907675266266
79,0,30.682606434822084,1.0162113904953003,4.948422908782959,21.953201293945312,5.611743450164795,1.9247348308563232
79,1,27.441209119558334,1.0146994590759277,4.067028999328613,21.921144485473633,4.066492557525635,0.43722638487815857
79,2,13.138244676589967,1.0146981477737427,3.3218302726745605,9.615150451660156,2.3818118572235107,0.2739766836166382
79,3,13.255664820224046,1.0146766901016235,2.7309350967407227,10.502750396728516,1.9493257999420166,0.05446626618504524
79,4,1.0526351466774941,1.0151009559631348,1.9007420539855957,0.01485539972782135,0.39093104004859924,0.06368010491132736
79,5,0.8778349854052068,1.0151395797729492,1.6190595626831055,0.012103322893381119,0.26979511976242065,0.06909671425819397
79,6,0.8008008191362024,1.0154097080230713,1.409662127494812,0.013999276794493198,0.2550249695777893,0.04676220566034317
79,7,0.7413773767650127,1.0149883031845093,1.1499665975570679,0.019091293215751648,0.2362145632505417,0.053080540150403976
79,8,0.6282903794199228,1.0147570371627808,1.0756255388259888,0.021991485729813576,0.10452739149332047,0.08369498699903488
79,9,0.6105926172807813,1.0147645473480225,1.0305129289627075,0.011862569488584995,0.12790633738040924,0.06176821514964104
79,10,0.5958210395649075,1.0147178173065186,0.9804016947746277,0.010100011713802814,0.1145552471280098,0.07214187830686569
79,11,0.5854650905355812,1.0148082971572876,0.9703657627105713,0.010076134465634823,0.11583298444747925,0.06252115964889526
79,12,0.5982404926791787,1.0148066282272339,0.963783323764801,0.01082626823335886,0.13205726444721222,0.05963896960020065
79,13,0.5805853234604001,1.015686273574829,0.9590796232223511,0.009280555881559849,0.11964985728263855,0.05670173093676567
79,14,0.5781319143250585,1.0157440900802612,0.9573305249214172,0.009644818492233753,0.10911069065332413,0.06476148217916489
79,15,0.5758716912940145,1.015737533569336,0.9571996927261353,0.009680141694843769,0.11609552055597305,0.055508583784103394
79,16,0.599413057230413,1.0153050422668457,0.956493079662323,0.010008520446717739,0.12821902334690094,0.06682588905096054
79,17,0.5956620216369629,1.015331745147705,0.9562699198722839,0.01050826907157898,0.140193909406662,0.05063951015472412
79,18,0.6125657714903354,1.014843463897705,0.9562374949455261,0.01122240349650383,0.138072669506073,0.0690545067191124
79,19,0.5821137676015496,1.0147618055343628,0.9559314846992493,0.00977677945047617,0.12863638997077942,0.049561940133571625
79,20,0.5977786766365171,1.0148162841796875,0.9558171033859253,0.010248792357742786,0.1295013576745987,0.06390184909105301
79,21,0.5859362615272403,1.0146676301956177,0.9556416273117065,0.010382327251136303,0.11839187890291214,0.06310020387172699
80,0,33.780907249450685,1.0162113904953003,4.948422908782959,23.224590301513672,7.545584201812744,1.8178058862686157
80,1,31.87588776946068,1.0162113904953003,4.066215515136719,24.253217697143555,6.244204998016357,0.3619796931743622
80,2,29.545788976550103,1.0146100521087646,3.343921422958374,25.445537567138672,3.002920150756836,0.2256249636411667
80,3,28.43982003927231,1.01517653465271,2.7472286224365234,24.602935791015625,2.931809663772583,0.15259355306625366
80,4,4.068845510482788,1.014812707901001,1.9040595293045044,0.28658002614974976,2.3011903762817383,0.897300660610199
80,5,1.8164144814014436,1.01619553565979,1.6303495168685913,0.10626503825187683,0.3819156289100647,0.7989248037338257
80,6,1.504828042536974,1.0157963037490845,1.4203035831451416,0.04709242656826973,0.3005789816379547,0.6699366569519043
80,7,1.398833479732275,1.0159296989440918,1.1580328941345215,0.018239732831716537,0.14306554198265076,0.8027356863021851
80,8,1.2640164203941822,1.015936017036438,1.0865192413330078,0.01444036141037941,0.20363910496234894,0.6254459023475647
80,9,1.0143727475777269,1.015352725982666,1.0395760536193848,0.01137124840170145,0.19370245933532715,0.3983132839202881
80,10,0.5973873829469085,1.0154106616973877,0.9831658005714417,0.014341897331178188,0.10456787794828415,0.07876231521368027
80,11,0.5748367516323925,1.0154240131378174,0.970182478427887,0.015473137609660625,0.09458714723587036,0.06765516847372055
80,12,0.5747024767100811,1.0155045986175537,0.9636895060539246,0.012827742844820023,0.08069907873868942,0.085336834192276
80,13,0.6034526765346527,1.0153043270111084,0.9581891894340515,0.013354308903217316,0.07241637259721756,0.12298329174518585
80,14,0.5791921958327293,1.0153416395187378,0.9568443894386292,0.014043815433979034,0.07532050460577011,0.0953906700015068
80,15,0.5681768454611302,1.0157413482666016,0.9560919404029846,0.013023033738136292,0.062243711203336716,0.0985434427857399
80,16,0.5538523510098458,1.0164045095443726,0.9556930661201477,0.012338154017925262,0.06460113823413849,0.08249354362487793
80,17,0.5540720760822296,1.017179250717163,0.9557098746299744,0.013838272541761398,0.05559657886624336,0.09005939960479736
80,18,0.5980855328962207,1.0171823501586914,0.9558795094490051,0.00972022395581007,0.1043873280286789,0.08936560899019241
80,19,0.5668733762577176,1.0169366598129272,0.9558152556419373,0.009103630669414997,0.07587295025587082,0.08734641224145889
80,20,0.5820293691009284,1.0168859958648682,0.9556053280830383,0.009385814890265465,0.08396787196397781,0.09417741745710373
80,21,0.6613868126645684,1.0168931484222412,0.955771267414093,0.011173793114721775,0.0702485516667366,0.1854315847158432
80,22,0.6624138601124286,1.016696572303772,0.9559592604637146,0.009654294699430466,0.08582849055528641,0.17239990830421448
81,0,29.17180190086365,1.0218267440795898,0.9566277265548706,21.419689178466797,5.774551868438721,1.5818699598312378
81,1,29.546439611911772,1.0176409482955933,0.9556910395622253,21.821731567382812,5.637056827545166,1.6929848194122314
81,2,22.92314820289612,1.0176451206207275,0.9641463756561279,18.100067138671875,1.3237993717193604,3.1029233932495117
81,3,23.281807899475098,1.016380786895752,0.9566330909729004,18.776447296142578,1.299849033355713,2.810908794403076
81,4,2.4653064634650947,1.0158753395080566,0.9563279747962952,0.022311320528388023,0.7918502688407898,1.2567042112350464
81,5,1.1889637369662522,1.0146081447601318,0.9555689692497253,0.01708671636879444,0.6348564624786377,0.14298513531684875
81,6,1.0847843449562788,1.0146108865737915,0.955581545829773,0.018519027158617973,0.5464185476303101,0.12580828368663788
81,7,0.7943708706647158,1.016564965248108,0.9559996128082275,0.018107006326317787,0.2672215700149536,0.11452937871217728
81,8,0.6806858088821173,1.0169686079025269,0.95615553855896,0.019254392012953758,0.1568678319454193,0.10993875563144684
81,9,0.6812720168381929,1.016973614692688,0.9560918211936951,0.016234638169407845,0.18205025792121887,0.08837403357028961
81,10,0.6611735384911299,1.0166813135147095,0.9561262726783752,0.0138986986130476,0.14544467628002167,0.10726864635944366
81,11,0.6599019151180983,1.0162893533706665,0.9558596611022949,0.014851866289973259,0.1750568002462387,0.075563445687294
81,12,0.6670271994546055,1.0163066387176514,0.9561145305633545,0.015197490341961384,0.17773817479610443,0.07960730046033859
81,13,0.7240129759535193,1.0168282985687256,0.9556606411933899,0.014526761136949062,0.21980829536914825,0.09518013149499893
81,14,0.6796666614711285,1.0165187120437622,0.9556628465652466,0.01624031737446785,0.1691013127565384,0.09988871961832047
81,15,0.6713807597756386,1.0170193910598755,0.9557457566261292,0.01741120219230652,0.18366390466690063,0.0757526233792305
81,16,0.6058868844062091,1.016745686531067,0.9557191133499146,0.013555081561207771,0.11512432247400284,0.0827145203948021
81,17,0.6618707871064544,1.0166820287704468,0.9558284282684326,0.012730672024190426,0.16432981193065643,0.09030821174383163
81,18,0.5905863218009473,1.0168285369873047,0.9557623267173767,0.01414775475859642,0.09986425936222076,0.08205613493919373
81,19,0.5963388949632644,1.016983985900879,0.9556934833526611,0.011660799384117126,0.11951962113380432,0.07062298059463501
81,20,0.6055980609729886,1.0168735980987549,0.955801248550415,0.011762497015297413,0.11685651540756226,0.08244407922029495
81,21,0.6077865032479167,1.0168980360031128,0.9557467103004456,0.0108931390568614,0.09809353202581406,0.10427088290452957
81,22,0.5836779976263642,1.0170940160751343,0.9556436538696289,0.010617547668516636,0.09387725591659546,0.0846356600522995
81,23,0.5990758460015059,1.0172141790390015,0.9557455778121948,0.011854661628603935,0.07062747329473495,0.1220017597079277
81,24,0.5756613999605179,1.0172302722930908,0.9557881951332092,0.011043712496757507,0.0791647657752037,0.09084922820329666
82,0,33.16236946582794,1.0162113904953003,4.948422908782959,23.112773895263672,6.5907440185546875,2.2659246921539307
82,1,34.18792822360992,1.0159355401992798,4.065880298614502,25.6511287689209,6.678501605987549,0.8419346809387207
82,2,24.879518508911133,1.0205669403076172,3.3378701210021973,22.636953353881836,1.2931708097457886,0.07770693302154541
82,3,26.782206654548645,1.0182074308395386,2.740673065185547,24.880237579345703,1.0842143297195435,0.06597864627838135
82,4,2.2149585142731665,1.0203624963760376,1.8851162195205688,0.03248930722475052,1.1160086393356323,0.4853648245334625
82,5,2.121217243373394,1.0181173086166382,1.5983608961105347,0.01826959103345871,0.9176117181777954,0.6620402932167053
82,6,1.6814632054418326,1.0204601287841797,1.3876047134399414,0.01688537560403347,0.5500539541244507,0.6329109072685242
82,7,1.8209134994074703,1.0195651054382324,1.1246287822723389,0.011327284388244152,0.8269763588905334,0.5537710785865784
82,8,1.6669467277824879,1.0195655822753906,1.0534136295318604,0.010764200240373611,0.7380826473236084,0.5035040378570557
82,9,1.359249566681683,1.0188287496566772,1.0089468955993652,0.010754142887890339,0.6893062591552734,0.2536340355873108
82,10,1.2173245780169966,1.017086148262024,0.9672219753265381,0.009953569620847702,0.5392026305198669,0.27130675315856934
82,11,1.3643228655681015,1.017149806022644,0.9597964286804199,0.01014725025743246,0.6836588382720947,0.2751275300979614
82,12,1.0623982358723878,1.01632559299469,0.9562923312187195,0.010377408936619759,0.4083423316478729,0.24915491044521332
82,13,0.8583277996629477,1.0167865753173828,0.9558413028717041,0.009294619783759117,0.24411849677562714,0.21038910746574402
82,14,0.804297261312604,1.016797661781311,0.9558975100517273,0.009840579703450203,0.181812584400177,0.21810506284236908
82,15,0.6852161917835474,1.016552209854126,0.95626300573349,0.009725945070385933,0.08854164928197861,0.19238555431365967
82,16,0.6709546707570553,1.016400694847107,0.9570438265800476,0.0103658027946949,0.06875812262296677,0.1971418410539627
82,17,0.6909022215753794,1.0163997411727905,0.9569426774978638,0.010570788756012917,0.06569737195968628,0.21996557712554932
82,18,0.6813251106068492,1.0163997411727905,0.9573419094085693,0.009216158650815487,0.05511308088898659,0.22224754095077515
82,19,0.6969688042998314,1.0171562433242798,0.9568321108818054,0.010837562382221222,0.06720829010009766,0.22412528097629547
82,20,0.608645723387599,1.0172759294509888,0.9567258358001709,0.01074719987809658,0.05724217742681503,0.14585599303245544
82,21,0.7365695690736175,1.0170977115631104,0.9562113285064697,0.010620235465466976,0.07242938131093979,0.2588581442832947
82,22,0.6947434227913618,1.018056035041809,0.9559207558631897,0.01001211442053318,0.0505715049803257,0.23936444520950317
82,23,0.6881090203300119,1.017757773399353,0.9558936953544617,0.01066990289837122,0.048197388648986816,0.23451143503189087
82,24,0.6819787688553334,1.0177899599075317,0.9563724398612976,0.01031496748328209,0.060333289206027985,0.21649803221225739
83,0,27.899960970878602,1.0162113904953003,4.948422908782959,19.317031860351562,5.810710906982422,1.5792913436889648
83,1,25.11231174170971,1.0168383121490479,4.066125869750977,20.0436954498291,3.9558370113372803,0.09618644416332245
83,2,14.008578804135322,1.0168343782424927,3.3294460773468018,8.350922584533691,4.557558536529541,0.23084159195423126
83,3,12.852710223197937,1.0168343782424927,2.7350144386291504,7.84700870513916,3.979672431945801,0.27565932273864746
83,4,1.4591018933802844,1.0152655839920044,1.89087975025177,0.012480171397328377,0.6094986796379089,0.2558939754962921
83,5,0.9646379217505455,1.0152493715286255,1.6158511638641357,0.010820649564266205,0.33284792304039,0.09474924206733704
83,6,0.8700129205361009,1.015249490737915,1.40739107131958,0.010103085078299046,0.2631266713142395,0.1122550517320633
83,7,1.1257580334320665,1.0157958269119263,1.145921230316162,0.009924509562551975,0.2345627397298813,0.4489273726940155
83,8,0.9742173112928867,1.0167300701141357,1.0725722312927246,0.009401354938745499,0.27975523471832275,0.2672002613544464
83,9,1.0058220991864801,1.0152894258499146,1.0242353677749634,0.010784805752336979,0.2810293436050415,0.306102991104126
83,10,0.9692042389884592,1.0152616500854492,0.9758510589599609,0.00940962228924036,0.2128259241580963,0.3487461507320404
83,11,0.9406442139297724,1.015493392944336,0.9666274785995483,0.0109830591827631,0.23717361688613892,0.2960633635520935
83,12,0.912993629090488,1.0150586366653442,0.9616144895553589,0.010419975034892559,0.23131994903087616,0.2759190797805786
84,0,33.15914341211319,1.0147308111190796,0.9567319750785828,23.983091354370117,5.853707313537598,2.9280521869659424
84,1,31.76313147544861,1.0146067142486572,0.9560338854789734,23.866397857666016,6.658298015594482,0.8443074822425842
84,2,28.263875102996828,1.0146067142486572,0.959701657295227,22.13153076171875,4.955267429351807,0.7822152376174927
84,3,24.69330421462655,1.017441749572754,0.9569421410560608,19.499021530151367,4.740962028503418,0.05844387784600258
84,4,4.316448446363211,1.0182350873947144,0.9560093283653259,0.044680070132017136,3.6923978328704834,0.1845216602087021
84,5,4.581700269877911,1.01774263381958,0.9557442665100098,0.03155388683080673,3.904480457305908,0.2509685456752777
84,6,1.1132102489471436,1.0169918537139893,0.9556708931922913,0.013302773237228394,0.351715087890625,0.35365983843803406
84,7,1.1096293471753598,1.016049861907959,0.9556934833526611,0.012155886739492416,0.34987038373947144,0.35325440764427185
84,8,0.9332490680739284,1.0164490938186646,0.9558967351913452,0.01137800794094801,0.18668252229690552,0.3407193720340729
84,9,0.8877117373049259,1.016388177871704,0.9558702111244202,0.010153178125619888,0.15601086616516113,0.32709601521492004
84,10,0.9139533353969456,1.01541006565094,0.9555792212486267,0.011753792874515057,0.14563006162643433,0.36237162351608276
84,11,0.8658380601555109,1.015305995941162,0.9556017518043518,0.010465795174241066,0.15865568816661835,0.3025350272655487
84,12,0.8791591057553888,1.0151995420455933,0.9555842876434326,0.010420353151857853,0.14619296789169312,0.3283890187740326
84,13,0.782432495430112,1.0154917240142822,0.9556163549423218,0.010031865909695625,0.1738383173942566,0.20434069633483887
84,14,0.7326627353206276,1.0154954195022583,0.9556484222412109,0.010324792005121708,0.14251574873924255,0.18559342622756958
84,15,0.6969521295279264,1.0152631998062134,0.9556618928909302,0.010615130886435509,0.17725355923175812,0.11489842087030411
84,16,0.6522528318688274,1.0155386924743652,0.9557375907897949,0.009384485892951488,0.11517494916915894,0.1334381401538849
84,17,0.6857102137058974,1.0155341625213623,0.9557584524154663,0.010650357231497765,0.11275952309370041,0.16804181039333344
84,18,0.6963424686342478,1.0157381296157837,0.9556025266647339,0.009439686313271523,0.1455724835395813,0.14706216752529144
84,19,0.6699497202411294,1.0155553817749023,0.9556302428245544,0.010598399676382542,0.1165863499045372,0.1485278457403183
84,20,0.807333635725081,1.0155469179153442,0.9556059241294861,0.010398187674582005,0.18084123730659485,0.22186364233493805
84,21,0.6788421895354987,1.0154809951782227,0.9556223154067993,0.010493544861674309,0.11587270349264145,0.15825527906417847
84,22,0.689940407127142,1.0152692794799805,0.9556401968002319,0.010151240974664688,0.08897040039300919,0.1966368705034256
85,0,32.009898161888124,1.0162113904953003,4.948422908782959,21.70261573791504,7.222614765167236,1.8917407989501953
85,1,29.95559315979481,1.0147008895874023,4.066464424133301,22.80401611328125,5.9267754554748535,0.2085685282945633
85,2,11.363731396198272,1.0146995782852173,3.3422703742980957,8.271527290344238,2.064657211303711,0.1561529040336609
85,3,10.563046327233314,1.015929102897644,2.7535126209259033,8.975900650024414,0.7015608549118042,0.13169647753238678
85,4,1.368541434034705,1.0146158933639526,1.8825132846832275,0.016932522878050804,0.6961387395858765,0.07604433596134186
85,5,1.3584700770676137,1.0146150588989258,1.6100419759750366,0.011934984475374222,0.663873553276062,0.1577301323413849
85,6,1.1995907278731466,1.0153191089630127,1.3982031345367432,0.011384052224457264,0.48812738060951233,0.21737484633922577
85,7,0.9721973471343517,1.0153839588165283,1.1395573616027832,0.010194268077611923,0.40117475390434265,0.12984006106853485
85,8,0.9432080222293735,1.0153735876083374,1.0660429000854492,0.010488460771739483,0.43090519309043884,0.0855310708284378
85,9,0.8773748971521854,1.0153048038482666,1.0215389728546143,0.010967124253511429,0.3623061180114746,0.09673289954662323
85,10,0.9449169328436255,1.0158416032791138,0.9765872955322266,0.010214819572865963,0.3521294593811035,0.184086874127388
85,11,0.7952355900779366,1.0158381462097168,0.9666165113449097,0.009878859855234623,0.08148312568664551,0.3073826730251312
85,12,0.7047294963151217,1.0158374309539795,0.9611080288887024,0.01115942932665348,0.06403272598981857,0.23414824903011322
85,13,0.6405525771901012,1.0160335302352905,0.9572254419326782,0.011682762764394283,0.03911629691720009,0.19510172307491302
85,14,0.6459180442616343,1.0162906646728516,0.9561542868614197,0.010083000175654888,0.03422892838716507,0.20711712539196014
85,15,0.832195158302784,1.0162729024887085,0.9561830163002014,0.010386891663074493,0.03524598479270935,0.39207109808921814
85,16,0.7606105420738459,1.0163190364837646,0.9556145668029785,0.010494420304894447,0.03038191795349121,0.3253474831581116
85,17,0.7627384908497333,1.016906499862671,0.9555696249008179,0.010100116953253746,0.030176876112818718,0.32796627283096313
85,18,0.7075190072879195,1.016861081123352,0.9555667638778687,0.009975436143577099,0.025732193142175674,0.2773258090019226
85,19,0.6065154548734426,1.0173420906066895,0.9557961225509644,0.011244518682360649,0.02903888374567032,0.17160440981388092
85,20,0.6404072096571327,1.0168160200119019,0.9556717276573181,0.008831475861370564,0.028097892180085182,0.20898029208183289
85,21,0.6099561039358378,1.0165798664093018,0.9556702971458435,0.00987127237021923,0.024877425283193588,0.18075737357139587
85,22,0.6036689570173621,1.0163370370864868,0.9555658102035522,0.011188949458301067,0.027999375015497208,0.17010006308555603
85,23,0.5689335206523538,1.0160999298095703,0.9556177854537964,0.01088839489966631,0.03507304564118385,0.12862853705883026
85,24,0.57167138569057,1.0163805484771729,0.9557898044586182,0.010014822706580162,0.02908063679933548,0.13814185559749603
86,0,31.537422156333925,1.0162113904953003,4.948422908782959,21.1452693939209,6.4840593338012695,2.7151665687561035
86,1,29.660527181625366,1.019700288772583,4.065524578094482,22.846651077270508,4.7994914054870605,0.9973397254943848
86,2,27.320106029510498,1.0147130489349365,3.331320285797119,22.262676239013672,3.5284605026245117,0.6597626209259033
86,3,21.253012055158614,1.0147229433059692,2.7455434799194336,16.900182723999023,3.2176573276519775,0.38311871886253357
86,4,2.790568794682622,1.0146571397781372,1.9158583879470825,0.021844910457730293,1.9501116275787354,0.23250915110111237
86,5,1.2830175859853625,1.0146161317825317,1.6297075748443604,0.010503540746867657,0.5508060455322266,0.1928432583808899
86,6,1.1468294134363533,1.0146205425262451,1.4213255643844604,0.012534900568425655,0.46324244141578674,0.1838628500699997
86,7,1.10239940546453,1.0148181915283203,1.157219648361206,0.019210955128073692,0.3780819773674011,0.2706989049911499
86,8,1.1130077615380287,1.0149614810943604,1.0817010402679443,0.014222390949726105,0.36772263050079346,0.3117302358150482
86,9,1.0742474852129817,1.014758586883545,1.032174825668335,0.011655348353087902,0.326397180557251,0.32680827379226685
86,10,1.1420961616560816,1.0146945714950562,0.9771293997764587,0.01365272980183363,0.37946200370788574,0.3506166338920593
86,11,1.063621947914362,1.014721155166626,0.9676615595817566,0.013012830168008804,0.2737429141998291,0.38038966059684753
86,12,1.0829502943903209,1.0148593187332153,0.9620147347450256,0.010605568066239357,0.3077079653739929,0.3692619502544403
86,13,0.9662901403382421,1.0149624347686768,0.9563918113708496,0.010436457581818104,0.2482312023639679,0.3133516311645508
86,14,0.9956097796559333,1.0153627395629883,0.9559488892555237,0.00957537442445755,0.2549803555011749,0.3367917239665985
86,15,0.7597472513094545,1.016033411026001,0.9557438492774963,0.010940679349005222,0.1632595807313919,0.19119153916835785
86,16,0.7251921679824591,1.0164217948913574,0.9557921290397644,0.009453823789954185,0.19009344279766083,0.1312021166086197
86,17,0.7265812706202269,1.0164047479629517,0.9555705785751343,0.009348360821604729,0.1744583398103714,0.14837950468063354
86,18,0.715920776501298,1.0166670083999634,0.9555626511573792,0.010465854778885841,0.18893945217132568,0.12206953763961792
86,19,0.6488638071343302,1.0165560245513916,0.9556452035903931,0.010204206220805645,0.13948944211006165,0.10472991317510605
86,20,0.6640306524932384,1.0165225267410278,0.9556771516799927,0.009842488914728165,0.1393614560365677,0.1203867718577385
86,21,0.6593563996255398,1.0170115232467651,0.9555877447128296,0.01000114157795906,0.14901919662952423,0.10581620782613754
86,22,0.6438416883349418,1.017369031906128,0.9555879831314087,0.010663069784641266,0.12409094721078873,0.11449626833200455
86,23,0.6135268568992616,1.0173531770706177,0.9557389616966248,0.010595276951789856,0.09807150810956955,0.11024164408445358
86,24,0.6460214342921973,1.0169938802719116,0.9556408524513245,0.011558612808585167,0.12538586556911469,0.11455000936985016
87,0,29.020683920383455,1.0156420469284058,0.9624461531639099,21.2889461517334,6.157381057739258,1.178739070892334
87,1,16.511525666713716,1.0156420469284058,0.9933627843856812,10.166756629943848,5.344988822937012,0.5979792475700378
87,2,13.044194746017457,1.036828875541687,0.9570605754852295,9.718518257141113,1.743074655532837,1.1838239431381226
87,3,11.420909035205842,1.0367741584777832,0.9562972187995911,8.635782241821289,2.0270512104034424,0.35946130752563477
87,4,1.3926506895571946,1.017722487449646,0.9557471871376038,0.022320957854390144,0.7316259741783142,0.2440098226070404
87,5,0.9838086277246476,1.0156985521316528,0.9556799530982971,0.02130676805973053,0.295817106962204,0.272409051656723
87,6,0.8404334977269172,1.0148584842681885,0.955565333366394,0.01814570277929306,0.20113249123096466,0.22707054018974304
87,7,0.8688466921448708,1.0154085159301758,0.9555704593658447,0.018332399427890778,0.1770874559879303,0.2792310416698456
87,8,0.9038731042295695,1.015402913093567,0.9556894302368164,0.01781299151480198,0.20903879404067993,0.28280285000801086
87,9,0.8841830987483263,1.0148776769638062,0.9557316899299622,0.01872277446091175,0.1946384310722351,0.2767000198364258
87,10,0.8333256877958775,1.0149186849594116,0.9556660056114197,0.016244608908891678,0.15117548406124115,0.27178865671157837
87,11,0.7945164188742637,1.0149083137512207,0.955590009689331,0.015397928655147552,0.14459283649921417,0.2404259890317917
87,12,0.8392623344436289,1.014909267425537,0.9555637240409851,0.010362685658037663,0.1855969876050949,0.24920806288719177
87,13,0.7509395524859428,1.0147486925125122,0.9557746648788452,0.010742835700511932,0.10751476883888245,0.23857727646827698
87,14,0.7082260357216001,1.0149725675582886,0.9556447863578796,0.009738472290337086,0.1100715920329094,0.19429250061511993
87,15,0.7160680191591382,1.0149519443511963,0.9555779099464417,0.009582382626831532,0.09469982236623764,0.21767984330654144
87,16,0.6658197907730937,1.015444278717041,0.9555643200874329,0.010635930113494396,0.07463032007217407,0.18635182082653046
87,17,0.7133428256958724,1.0152300596237183,0.9555749297142029,0.00981043092906475,0.07574699819087982,0.2336243987083435
87,18,0.6993360122665764,1.0152275562286377,0.9555954337120056,0.009013569913804531,0.06890016049146652,0.22725768387317657
87,19,0.6144168326631189,1.0157307386398315,0.9555711150169373,0.010893129743635654,0.05715062469244003,0.1521127074956894
87,20,0.6586027503013612,1.015730619430542,0.9555909633636475,0.010004740208387375,0.05642016604542732,0.1979135274887085
87,21,0.673983214609325,1.0156610012054443,0.9556207060813904,0.010261590592563152,0.055651068687438965,0.21381421387195587
87,22,0.6531318074092269,1.0160669088363647,0.9556427597999573,0.010395376943051815,0.05312561243772507,0.1952688843011856
87,23,0.692733415029943,1.0163662433624268,0.9556177854537964,0.010883531533181667,0.046845756471157074,0.24060732126235962
87,24,0.6476058159023523,1.016335129737854,0.9556195735931396,0.009277647361159325,0.04738599434494972,0.19655123353004456
88,0,30.01154944896698,1.0162113904953003,4.948422908782959,21.66118812561035,5.263758182525635,1.8936762809753418
88,1,29.138994789123537,1.0221220254898071,4.065576553344727,22.22706413269043,4.715470314025879,1.1789206266403198
88,2,24.330929505825043,1.0207436084747314,3.3410112857818604,21.584186553955078,1.1823476552963257,0.6920443177223206
88,3,18.071050688624382,1.0207557678222656,2.7426016330718994,15.971648216247559,1.2090696096420288,0.1376613825559616
88,4,1.1618467703461648,1.0152106285095215,1.905885934829712,0.05560342222452164,0.4327889382839203,0.0892350971698761
88,5,0.9166329361498357,1.0153372287750244,1.6211076974868774,0.050753120332956314,0.27694275975227356,0.06164807081222534
88,6,0.8648449204862119,1.015336275100708,1.412502646446228,0.04675186797976494,0.26752349734306335,0.06500177085399628
88,7,0.6892973635345697,1.0156291723251343,1.1481784582138062,0.018388262018561363,0.20250998437404633,0.035637591034173965
88,8,0.7203677561134101,1.0156444311141968,1.0794014930725098,0.01186743937432766,0.2501838505268097,0.039307281374931335
88,9,0.7268954651430249,1.0161211490631104,1.0294734239578247,0.009928186424076557,0.2648645341396332,0.042983829975128174
88,10,0.5419116679579019,1.0155109167099,0.9750697016716003,0.009169483557343483,0.09575491398572922,0.038871146738529205
88,11,0.5218074016273022,1.0150344371795654,0.965308666229248,0.010765690356492996,0.08337439596652985,0.03159869462251663
88,12,0.5124850926920772,1.0147840976715088,0.959750235080719,0.01115275826305151,0.06975363940000534,0.03667182847857475
88,13,0.49917152523994446,1.0153504610061646,0.9555623531341553,0.009534573182463646,0.06662698090076447,0.028827408328652382
89,0,32.6897159576416,1.0162113904953003,4.948422908782959,24.185932159423828,6.293781280517578,1.0170756578445435
89,1,17.885961978882552,1.0162113904953003,4.064391613006592,11.983819007873535,4.851058483123779,0.03496388718485832
89,2,14.700323389470578,1.0169074535369873,3.361724376678467,12.153437614440918,1.6421517133712769,0.029007695615291595
89,3,2.640717989951372,1.0169063806533813,2.7773211002349854,0.6905512809753418,1.1603044271469116,0.03101678565144539
89,4,0.7931505031883717,1.017032504081726,1.9501558542251587,0.03554333746433258,0.10586249828338623,0.058306995779275894
89,5,0.7725151732563973,1.01642644405365,1.6562108993530273,0.03475738316774368,0.09986408799886703,0.10336623340845108
89,6,0.7360117591917514,1.0157155990600586,1.4409348964691162,0.04547398164868355,0.12076285481452942,0.07844482362270355
89,7,0.6373922832310199,1.015819787979126,1.174852728843689,0.04572220519185066,0.07547461986541748,0.07806095480918884
89,8,0.576871855556965,1.0166869163513184,1.099162220954895,0.0426550917327404,0.059374283999204636,0.05167265236377716
89,9,0.7510794591158629,1.0166456699371338,1.0466160774230957,0.01672005094587803,0.27198076248168945,0.049726296216249466
89,10,0.6339182602241635,1.015437364578247,0.9886558651924133,0.013030794449150562,0.14090128242969513,0.07916753739118576
89,11,0.6105679761618377,1.01547372341156,0.9738779664039612,0.010591050609946251,0.13732722401618958,0.0647793635725975
89,12,0.8398447494953871,1.0152549743652344,0.967415988445282,0.009732617065310478,0.12711657583713531,0.306461364030838
89,13,0.7382695524021983,1.0150293111801147,0.9598067402839661,0.009487646631896496,0.06110893189907074,0.2727057635784149
89,14,0.7709930688142776,1.015273928642273,0.9583622217178345,0.009548403322696686,0.053586848080158234,0.31313058733940125
90,0,28.2822563290596,1.019309163093567,0.9565107226371765,20.77812385559082,5.954118728637695,1.1548497676849365
90,1,25.504852372407914,1.0152432918548584,0.9633605480194092,21.45985221862793,3.158823251724243,0.49045613408088684
90,2,24.975174355506898,1.014967441558838,0.9558737874031067,21.40411376953125,2.3579964637756348,0.8188958764076233
90,3,24.948847195506097,1.0174875259399414,0.9567484259605408,21.642122268676758,2.7064342498779297,0.20544348657131195
90,4,1.2404123704880476,1.0167138576507568,0.9562707543373108,0.012402234598994255,0.6330602765083313,0.20035293698310852
90,5,1.1479865122586488,1.0166943073272705,0.9559093117713928,0.012026431038975716,0.5534170866012573,0.18802227079868317
90,6,0.9894516356289387,1.0190837383270264,0.9561057090759277,0.010353419929742813,0.1846051663160324,0.39945515990257263
90,7,0.6142673715949059,1.0177192687988281,0.9565707445144653,0.010075196623802185,0.1569339632987976,0.05240020900964737
90,8,0.5830990459769965,1.0170361995697021,0.9559534788131714,0.009906386956572533,0.12988081574440002,0.04871390759944916
90,9,0.5625348895788194,1.0170652866363525,0.9561445713043213,0.009158361703157425,0.11253921687602997,0.046195339411497116
90,10,0.6341584159061313,1.016934871673584,0.9557734727859497,0.010994396172463894,0.17108748853206635,0.05753486230969429
90,11,0.5037846777588129,1.017235517501831,0.9556571245193481,0.011871183291077614,0.04051903635263443,0.05681592971086502
90,12,0.5550957251340152,1.0172326564788818,0.955732524394989,0.009696098044514656,0.09193092584609985,0.058875665068626404
90,13,0.5829772716388106,1.0179225206375122,0.9556811451911926,0.009196131490170956,0.10806410014629364,0.07099630683660507
90,14,0.5720764480531216,1.0180349349975586,0.955624520778656,0.010088752955198288,0.07998781651258469,0.08726798743009567
90,15,0.7367877705022693,1.0185649394989014,0.9556259512901306,0.011654394678771496,0.08233664184808731,0.24795855581760406
90,16,0.9134381491690875,1.0182901620864868,0.9556674361228943,0.009986074641346931,0.15025007724761963,0.35841047763824463
90,17,0.8712804757058621,1.0196361541748047,0.9556426405906677,0.00879635289311409,0.09663999825716019,0.3707883656024933
91,0,31.25246117115021,1.0162113904953003,4.948422908782959,21.29334831237793,6.400406837463379,2.365779161453247
91,1,27.937529438734053,1.0151116847991943,4.065760612487793,20.958433151245117,5.714482307434082,0.24843952059745789
91,2,16.287390488386155,1.0151115655899048,3.3561079502105713,10.344292640686035,4.813450336456299,0.255403608083725
91,3,12.53690579533577,1.016196370124817,2.749605417251587,10.408597946166992,1.0984718799591064,0.27667561173439026
91,4,1.505896344035864,1.0158789157867432,1.8979617357254028,0.03341886028647423,0.6098157167434692,0.2798936367034912
91,5,1.3226707972586156,1.0157190561294556,1.6258341073989868,0.03189865127205849,0.47097015380859375,0.2914913594722748
91,6,1.1206122186034917,1.0164783000946045,1.4227656126022339,0.023866554722189903,0.28186526894569397,0.32703161239624023
91,7,0.9632223531603814,1.016178846359253,1.1606464385986328,0.01883598417043686,0.2298813760280609,0.2791399359703064
91,8,0.9184987515211105,1.0162708759307861,1.087782382965088,0.03401994705200195,0.20759545266628265,0.2560727000236511
91,9,0.9465662047266961,1.016035556793213,1.0386321544647217,0.03485364466905594,0.19506065547466278,0.3057183623313904
91,10,0.7057985063642264,1.0159916877746582,0.9880152344703674,0.01269618235528469,0.12462541460990906,0.16767552495002747
91,11,0.7601862937211991,1.016182780265808,0.9743770360946655,0.015113279223442078,0.13784146308898926,0.20911958813667297
91,12,0.7315108235925436,1.0168739557266235,0.9678963422775269,0.014616822823882103,0.1216488927602768,0.19829104840755463
91,13,0.7024002399295568,1.015668511390686,0.960860013961792,0.017581967636942863,0.11337883025407791,0.17613373696804047
91,14,0.671396042779088,1.01571524143219,0.9595360159873962,0.01800367422401905,0.10597667098045349,0.15236544609069824
91,15,0.679308894276619,1.016254186630249,0.9574483633041382,0.021386422216892242,0.1110963299870491,0.15208563208580017
91,16,0.6197714354842901,1.0163224935531616,0.9566941857337952,0.020467599853873253,0.053354889154434204,0.1513456106185913
91,17,0.6490286972373724,1.0163376331329346,0.9566818475723267,0.02848917804658413,0.075445756316185,0.15048986673355103
91,18,0.636712209507823,1.0162776708602905,0.9566088914871216,0.023308327421545982,0.05390872806310654,0.16491784155368805
91,19,0.6184642242267728,1.0167728662490845,0.9560263752937317,0.01205520424991846,0.05103478208184242,0.16081438958644867
91,20,0.5937314666807652,1.01729154586792,0.9561377763748169,0.011742956936359406,0.04959539696574211,0.13770724833011627
91,21,0.5235388945788145,1.0167667865753174,0.9556818604469299,0.010592294856905937,0.037434473633766174,0.08102239668369293
91,22,0.59333959184587,1.0167328119277954,0.9556133151054382,0.01038598082959652,0.039716705679893494,0.14876767992973328
91,23,0.5841062400490046,1.0168861150741577,0.9556048512458801,0.011170575395226479,0.03614175319671631,0.1422957181930542
91,24,0.6039733089506627,1.016863226890564,0.9555670022964478,0.010478101670742035,0.03960719332098961,0.15940196812152863
92,0,33.06157515048981,1.0162113904953003,4.948422908782959,22.945663452148438,6.021409511566162,2.9015753269195557
92,1,29.676628735661506,1.0166774988174438,4.0654497146606445,23.371801376342773,5.122016906738281,0.1663850098848343
92,2,14.644101333618163,1.0166785717010498,3.325786590576172,11.453948020935059,2.122474431991577,0.19918584823608398
92,3,14.401051503419875,1.0173816680908203,2.743131160736084,12.322986602783203,0.9278015494346619,0.39816078543663025
92,4,1.2606137599796057,1.0169051885604858,1.8913884162902832,0.015518805012106895,0.3459235727787018,0.3175126612186432
92,5,1.5216192338615655,1.0168917179107666,1.6048306226730347,0.012448856607079506,0.33874940872192383,0.646076500415802
92,6,1.5499898539856076,1.0164035558700562,1.4004712104797363,0.011819814331829548,0.3685494065284729,0.6862456798553467
92,7,1.5881945727393032,1.0208085775375366,1.1450178623199463,0.0116798160597682,0.26395416259765625,0.8793953061103821
92,8,1.3727087317034603,1.0208522081375122,1.0734331607818604,0.01320801954716444,0.44278401136398315,0.4978596270084381
92,9,1.5048569913953544,1.0192323923110962,1.023693323135376,0.013511961326003075,0.4457072913646698,0.637052595615387
92,10,1.2827952118590473,1.0181360244750977,0.9753623008728027,0.010978844948112965,0.33542266488075256,0.5376940369606018
93,0,32.60276863574982,1.014926552772522,0.9555683135986328,22.933996200561523,5.955025672912598,3.319647789001465
93,1,29.93951086103916,1.023918628692627,0.9610645771026611,23.83612823486328,5.4719696044921875,0.23441638052463531
93,2,28.02733332067728,1.0239524841308594,0.9579548239707947,23.031917572021484,4.483736515045166,0.11529777199029922
93,3,21.891332211345436,1.015846848487854,0.9566653370857239,20.465015411376953,0.9882990121841431,0.04351535066962242
93,4,0.8191000703722239,1.0153203010559082,0.9559052586555481,0.04667600989341736,0.35298097133636475,0.02519797720015049
93,5,0.8722915418446064,1.0153218507766724,0.9556993842124939,0.042547985911369324,0.41283106803894043,0.022708240896463394
93,6,0.7937960095703602,1.0146195888519287,0.9556723833084106,0.028558555990457535,0.339547723531723,0.031631335616111755
93,7,0.8016541928052903,1.0150318145751953,0.955771267414093,0.01297411322593689,0.36022838950157166,0.03429107367992401
93,8,0.7991483807563782,1.0150384902954102,0.9558913111686707,0.012138303369283676,0.3587377071380615,0.03408640995621681
93,9,0.835225828923285,1.0150383710861206,0.9559075236320496,0.009933502413332462,0.3909465968608856,0.04015655070543289
93,10,0.6882840659469366,1.0151760578155518,0.9555771946907043,0.009964553639292717,0.2597309648990631,0.02443789690732956
93,11,0.79075767993927,1.0151554346084595,0.9555631875991821,0.011531561613082886,0.3057410717010498,0.07934132218360901
93,12,0.608626127243042,1.0155714750289917,0.955562174320221,0.01114695519208908,0.13855600357055664,0.06469643861055374
93,13,0.551045691780746,1.0165938138961792,0.9556594491004944,0.010463721118867397,0.09139826893806458,0.054733049124479294
93,14,0.5235430745407939,1.0167758464813232,0.9555627703666687,0.009827411733567715,0.0718040019273758,0.047443937510252
93,15,0.5128146247938276,1.0176305770874023,0.9555658102035522,0.009553932584822178,0.060956135392189026,0.04766527935862541
93,16,0.5195306975394487,1.0180048942565918,0.9555636644363403,0.009955627843737602,0.07509441673755646,0.03976694121956825
93,17,0.5199951492249966,1.017676830291748,0.955562949180603,0.00902295857667923,0.07034492492675781,0.04597930982708931
93,18,0.5064716842025518,1.0176990032196045,0.9555759429931641,0.01004769466817379,0.06424348801374435,0.03752551227807999
93,19,0.5037207866087556,1.0175189971923828,0.9556328058242798,0.010519728995859623,0.058497607707977295,0.04007308930158615
93,20,0.5196777503937483,1.0175622701644897,0.9555882215499878,0.009837238118052483,0.06970646977424622,0.04550394415855408
93,21,0.4949362829327584,1.0175634622573853,0.9555644989013672,0.010594319552183151,0.04393983632326126,0.04577653482556343
94,0,33.20281193256378,1.0162113904953003,4.948422908782959,23.659421920776367,6.444019317626953,1.9064438343048096
94,1,28.28225086927414,1.0162113904953003,4.064446449279785,20.72566795349121,6.189378261566162,0.35107308626174927
94,2,22.570336800813674,1.0169310569763184,3.3678247928619385,20.29133415222168,1.2360042333602905,0.16604724526405334
94,3,21.71861398667097,1.0208375453948975,2.7840843200683594,20.05351448059082,0.8329691886901855,0.07114594429731369
94,4,1.078845638781786,1.0186651945114136,1.9389375448226929,0.033229704946279526,0.4180675745010376,0.03602781146764755
94,5,0.9335366256535054,1.0168708562850952,1.6442192792892456,0.018060309812426567,0.35985249280929565,0.02340579591691494
94,6,0.817635714262724,1.0161396265029907,1.4279693365097046,0.013608280569314957,0.2873106598854065,0.02789498120546341
94,7,0.7281801991164685,1.0158696174621582,1.15669846534729,0.01196989230811596,0.2527596652507782,0.028937024995684624
94,8,0.7269634542986751,1.0158685445785522,1.0831297636032104,0.011453441344201565,0.26953497529029846,0.026175376027822495
94,9,0.712590404227376,1.0157685279846191,1.0354268550872803,0.011974971741437912,0.26448488235473633,0.02589147351682186
94,10,0.7053891083225607,1.0152671337127686,0.9817138314247131,0.010846861638128757,0.2647658884525299,0.030380165204405785
94,11,0.6964303733780981,1.015268087387085,0.9696141481399536,0.011161276139318943,0.25770705938339233,0.03058559074997902
94,12,0.7191697183996439,1.01583731174469,0.9630457758903503,0.01249917596578598,0.27992796897888184,0.030965955927968025
94,13,0.6126865243539215,1.0154606103897095,0.9569303393363953,0.010810761712491512,0.1797819882631302,0.027615584433078766
94,14,0.602129757963121,1.0154552459716797,0.9561750292778015,0.012853766791522503,0.16825851798057556,0.026691418141126633
94,15,0.5465463168919087,1.0154242515563965,0.9557823538780212,0.010950153693556786,0.11525288224220276,0.026101959869265556
94,16,0.5586398899555207,1.0160918235778809,0.9555623531341553,0.011947330087423325,0.10784376412630081,0.04451796039938927
94,17,0.5477805387228727,1.0161494016647339,0.955564558506012,0.012794001027941704,0.09699919074773788,0.043644554913043976
94,18,0.5755489077419043,1.0161447525024414,0.9555691480636597,0.010195376351475716,0.11965243518352509,0.05135831609368324
94,19,0.5477357754483819,1.016282558441162,0.9556031227111816,0.010601007379591465,0.10042044520378113,0.04233718663454056
94,20,0.5480526220053434,1.0165231227874756,0.9556294679641724,0.009253004565834999,0.09887148439884186,0.04549761489033699
94,21,0.5558568641543389,1.0165224075317383,0.9556268453598022,0.01157093420624733,0.09622745215892792,0.053628627210855484
95,0,31.77355239391327,1.0162113904953003,4.948422908782959,23.237218856811523,5.3825578689575195,1.9608488082885742
95,1,27.404909759759903,1.0368462800979614,4.067071437835693,22.305301666259766,3.7007956504821777,0.37802889943122864
95,2,25.54007923603058,1.0318173170089722,3.3392112255096436,22.836122512817383,1.3867645263671875,0.44298648834228516
95,3,16.546283560991288,1.0318026542663574,2.7662222385406494,14.235048294067383,1.1816201210021973,0.3700101673603058
95,4,1.2136514116078616,1.0163692235946655,1.9160689115524292,0.017343001440167427,0.24052289128303528,0.36929789185523987
95,5,1.2524846918880939,1.015823245048523,1.6313914060592651,0.01570304110646248,0.3038274645805359,0.40351125597953796
95,6,1.2738217707723378,1.0158113241195679,1.4288804531097412,0.0202775951474905,0.3198983073234558,0.4447075128555298
95,7,1.2281891264021396,1.0168795585632324,1.1682288646697998,0.02041352167725563,0.4231773018836975,0.3475766181945801
95,8,1.2080516010522842,1.018336296081543,1.0971381664276123,0.017791613936424255,0.4774978756904602,0.2896672189235687
95,9,1.2254143226891756,1.0177274942398071,1.0441420078277588,0.019702957943081856,0.5037323832511902,0.2896050810813904
95,10,1.3019031148403883,1.0168746709823608,0.9907462000846863,0.014697400853037834,0.5344064831733704,0.3512750566005707
95,11,0.8093961989507079,1.0159772634506226,0.9794265031814575,0.014996266923844814,0.14098496735095978,0.2543342113494873
95,12,0.8061454609036446,1.0152952671051025,0.9711562991142273,0.0161902979016304,0.15370984375476837,0.23895500600337982
95,13,0.7992231771349907,1.0157084465026855,0.9612166881561279,0.011969290673732758,0.13343364000320435,0.2584352195262909
95,14,0.7745459755882621,1.015394687652588,0.9585947394371033,0.013547352515161037,0.10322283953428268,0.2629778981208801
95,15,0.8638116586953402,1.0152113437652588,0.9577158093452454,0.012891547754406929,0.12648817896842957,0.32984650135040283
95,16,0.8077067194506526,1.0157461166381836,0.957061767578125,0.013672622852027416,0.07606013119220734,0.32341238856315613
95,17,0.8281507225707174,1.0157384872436523,0.9565954804420471,0.009899389930069447,0.15461398661136627,0.2691705524921417
95,18,0.8344005268067122,1.0158172845840454,0.9569776654243469,0.010160742327570915,0.14931675791740417,0.2803640365600586
95,19,0.8032429952174425,1.0162196159362793,0.9564992785453796,0.009360367432236671,0.10815665870904922,0.29118219017982483
95,20,0.7807233223691583,1.0161787271499634,0.9568073749542236,0.00973051879554987,0.06891897320747375,0.30747660994529724
96,0,29.01616815328598,1.0157328844070435,0.9557964205741882,20.398447036743164,6.556189060211182,1.6672261953353882
96,1,26.075516363978387,1.0149003267288208,0.9555942416191101,21.15863037109375,4.424351215362549,0.09843586385250092
96,2,23.98439672589302,1.0189087390899658,0.9555681347846985,20.93452262878418,2.3681509494781494,0.28682777285575867
96,3,20.370042341947556,1.0189646482467651,0.955932080745697,17.523435592651367,1.9948428869247437,0.45678451657295227
96,4,2.01162447668612,1.0226906538009644,0.9557201862335205,0.027683565393090248,1.087711215019226,0.5005475282669067
96,5,1.8165434073656797,1.0266090631484985,0.9556040167808533,0.012442333623766899,0.8240329623222351,0.5836254954338074
96,6,1.8373656889423728,1.0223058462142944,0.9555660486221313,0.0133103271946311,0.8298617601394653,0.5986192226409912
96,7,1.203982978872955,1.021028995513916,0.9556306600570679,0.012553992681205273,0.5650154948234558,0.23108156025409698
96,8,1.2691881272941827,1.023496150970459,0.9560796618461609,0.013329962268471718,0.6569265723228455,0.20301643013954163
96,9,0.7577298086136579,1.0226458311080933,0.9559503793716431,0.013225553557276726,0.14220690727233887,0.2065781056880951
96,10,0.6910460582002997,1.019858479499817,0.9557994604110718,0.011264144442975521,0.12964335083961487,0.15500697493553162
96,11,0.6976171335205437,1.019416093826294,0.9556140899658203,0.011551051400601864,0.14396429061889648,0.14709575474262238
96,12,0.7104157658293844,1.0196484327316284,0.9555972814559937,0.010096860118210316,0.16196131706237793,0.14330844581127167
96,13,0.6984549440443516,1.0183830261230469,0.955621600151062,0.011724714189767838,0.12003371119499207,0.1718955934047699
96,14,0.6510670311748982,1.017232894897461,0.9555867910385132,0.010983463376760483,0.08692140132188797,0.15859822928905487
96,15,0.6244016921147705,1.0172725915908813,0.9555678963661194,0.01300234254449606,0.06749436259269714,0.14933688938617706
96,16,0.6747492674738169,1.0172755718231201,0.9555910229682922,0.011897848919034004,0.06822263449430466,0.20005546510219574
96,17,0.6151305466890336,1.0172725915908813,0.9555647969245911,0.010760147124528885,0.04245432838797569,0.16734859347343445
96,18,0.5953525014221669,1.0169603824615479,0.9555656909942627,0.01104041188955307,0.032938163727521896,0.15686871111392975
96,19,0.6034608786925674,1.0166152715682983,0.9555639624595642,0.009801468811929226,0.03349931538105011,0.1657242476940155
96,20,0.6482290165498853,1.0166478157043457,0.9555636048316956,0.011837846599519253,0.027729062363505363,0.2142198234796524
96,21,0.6382648749276996,1.0171273946762085,0.9555723667144775,0.010942722670733929,0.027802005410194397,0.20498019456863403
96,22,0.6363407066091895,1.0169119834899902,0.9556727409362793,0.01045199204236269,0.026029879227280617,0.2053418904542923
96,23,0.626124143972993,1.0168955326080322,0.9556214213371277,0.011514278128743172,0.02196849137544632,0.19813798367977142
96,24,0.62518653832376,1.0171924829483032,0.9556127786636353,0.012145308777689934,0.022475607693195343,0.19600456953048706
97,0,32.305103993415834,1.0162113904953003,4.948422908782959,23.030128479003906,6.418222427368164,1.6638262271881104
97,1,29.16719764471054,1.0168322324752808,4.068027496337891,23.208904266357422,4.202904224395752,0.7384172081947327
97,2,26.035312390327455,1.0147348642349243,3.312072277069092,23.4051570892334,0.8660690784454346,0.8987247943878174
97,3,21.04914872646332,1.0147422552108765,2.710864782333374,18.606821060180664,0.7122212052345276,0.9849850535392761
97,4,2.0582229509949683,1.0201057195663452,1.8630205392837524,0.10410881787538528,0.36442306637763977,1.0130658149719238
97,5,2.021207971125841,1.0183188915252686,1.5872130393981934,0.031152505427598953,0.3479435443878174,1.1210055351257324
97,6,2.043679421022534,1.0183204412460327,1.387243390083313,0.018220530822873116,0.4047047197818756,1.1396414041519165
97,7,1.3833760323002935,1.0189701318740845,1.148445725440979,0.015230846591293812,0.3759509027004242,0.5587111115455627
97,8,0.9718112390488387,1.0199651718139648,1.077751636505127,0.017145274206995964,0.4141687750816345,0.12095382809638977
97,9,0.8099492827430368,1.019922137260437,1.0319453477859497,0.010934815742075443,0.3414289653301239,0.04721200466156006
97,10,0.585169269144535,1.0220574140548706,0.9864881634712219,0.010563468560576439,0.14402921497821808,0.02886747010052204
97,11,0.5617385616526007,1.019721508026123,0.9735550284385681,0.010067096911370754,0.12619756162166595,0.026818595826625824
97,12,0.5409639153629542,1.0180376768112183,0.9664953351020813,0.010287584736943245,0.11371239274740219,0.02005733549594879
97,13,0.56028456594795,1.0177638530731201,0.959101140499115,0.010533458553254604,0.11952321976423264,0.034854888916015625
97,14,0.565841991826892,1.0174239873886108,0.9578037858009338,0.009296951815485954,0.11779411882162094,0.04370536655187607
97,15,0.5409954471513629,1.0173121690750122,0.9570049047470093,0.009735523723065853,0.10138416290283203,0.035012345761060715
97,16,0.5413787038996816,1.0173312425613403,0.9562551379203796,0.009769649244844913,0.10325273871421814,0.03363903984427452
97,17,0.5105301428586244,1.0179232358932495,0.9560059309005737,0.009668027982115746,0.07430264353752136,0.0317736379802227
97,18,0.5148587200790644,1.017486810684204,0.9559588432312012,0.009187517687678337,0.07719124108552933,0.03379083052277565
97,19,0.4972453858703375,1.018303632736206,0.9564669132232666,0.010134492069482803,0.06829050183296204,0.023866282775998116
98,0,33.6687552690506,1.0162113904953003,4.948422908782959,24.011503219604492,6.202175617218018,2.2621495723724365
98,1,32.047947484254834,1.0266315937042236,4.064945220947266,22.67939567565918,7.996645450592041,0.3535909950733185
98,2,27.787453366816045,1.0147271156311035,3.3398003578186035,24.763620376586914,2.039777994155884,0.1131495013833046
98,3,24.8017408400774,1.015200138092041,2.753919839859009,22.311187744140625,1.6337909698486328,0.10293813049793243
98,4,1.64321684576571,1.0149917602539062,1.917989730834961,0.019782813265919685,0.9571580290794373,0.0796797052025795
98,5,0.8600881215184928,1.015784740447998,1.634921908378601,0.024268774315714836,0.21258406341075897,0.09309395402669907
98,6,0.7653944414108992,1.0153334140777588,1.4253696203231812,0.016116423532366753,0.17167098820209503,0.08946642279624939
98,7,0.7181625407189131,1.016270399093628,1.1533164978027344,0.010693153366446495,0.18384595215320587,0.08970605581998825
98,8,0.7434066770598292,1.016594648361206,1.0772895812988281,0.010457727126777172,0.24481500685214996,0.06935709714889526
98,9,0.7217038467526437,1.0174181461334229,1.030839204788208,0.00961390882730484,0.2360503226518631,0.06638814508914948
98,10,0.6341111309826374,1.0176222324371338,0.9801569581031799,0.010648317635059357,0.18316993117332458,0.04073704406619072
98,11,0.6186813967302442,1.0192294120788574,0.9685811996459961,0.01014022994786501,0.1695660650730133,0.04141297936439514
98,12,0.6205946395173669,1.0176057815551758,0.9622259140014648,0.009580356068909168,0.1602219045162201,0.0548260398209095
98,13,0.6717795258387924,1.0175206661224365,0.9562935829162598,0.010815526358783245,0.20580731332302094,0.060393836349248886
98,14,0.7107032829895616,1.0175294876098633,0.9556183815002441,0.01067193690687418,0.2309383749961853,0.07446339726448059
98,15,0.6813908603042365,1.017213225364685,0.9555627703666687,0.009869439527392387,0.2176017165184021,0.05936450511217117
98,16,0.676350262016058,1.0165600776672363,0.9555749297142029,0.009530041366815567,0.19660697877407074,0.07578624039888382
98,17,0.6734777506440878,1.0165894031524658,0.9555672407150269,0.00904574804008007,0.2183293104171753,0.05167136341333389
99,0,29.45327991247177,1.0147433280944824,0.9597800374031067,20.307979583740234,6.948606014251709,1.80178964138031
99,1,27.365554559230805,1.0152151584625244,0.9566107392311096,21.18862533569336,5.5049638748168945,0.27760016918182373
99,2,26.904524707794188,1.0157488584518433,0.9563406705856323,22.583253860473633,2.7235023975372314,1.20335054397583
99,3,11.2580422103405,1.0157394409179688,0.9558106660842896,8.99992561340332,1.4147475957870483,0.44905897974967957
99,4,2.1724009290337563,1.0188292264938354,0.9571192860603333,0.01982656866312027,0.7971315383911133,0.960253119468689
99,5,1.1051248444244266,1.0185948610305786,0.9577520489692688,0.013179353438317776,0.6382291316986084,0.0584469772875309
99,6,1.1713184377178552,1.021478295326233,0.9574856758117676,0.014177839271724224,0.7196263670921326,0.04172143712639809
99,7,1.054178430326283,1.0192428827285767,0.9564488530158997,0.009368744678795338,0.587765097618103,0.06190624088048935
99,8,1.1068932922556995,1.0182468891143799,0.9560956954956055,0.011181284673511982,0.6345707178115845,0.06627277284860611
99,9,0.6664989680051804,1.0197128057479858,0.9558883309364319,0.011527694761753082,0.18152086436748505,0.07833018153905869
99,10,0.6598147990182042,1.0199731588363647,0.9558040499687195,0.011306551285088062,0.12500040233135223,0.12835240364074707
99,11,0.6277436627075077,1.0191551446914673,0.9557349681854248,0.010711620561778545,0.10735438019037247,0.11469963937997818
99,12,0.5502576597034932,1.0189170837402344,0.9557597041130066,0.011825207620859146,0.051690906286239624,0.09180618822574615
99,13,0.612030521221459,1.018108606338501,0.9555754661560059,0.010845457203686237,0.046608857810497284,0.15983939170837402
99,14,0.5946185996755958,1.0181195735931396,0.9555908441543579,0.012003744952380657,0.0528104342520237,0.1350623369216919
99,15,0.5612938079982996,1.0173989534378052,0.9556443691253662,0.011608680710196495,0.04107056185603142,0.11400590091943741
99,16,0.5528027398511768,1.0171035528182983,0.9555627703666687,0.010741039179265499,0.04525967314839363,0.1022687628865242
99,17,0.5563686769455671,1.0171005725860596,0.9555693864822388,0.010757258161902428,0.03820135444402695,0.11287607252597809
99,18,0.598418876901269,1.0161222219467163,0.9555626511573792,0.00986352376639843,0.03893929347395897,0.15527908504009247
100,0,36.10837361812592,1.0162113904953003,4.948422908782959,27.015668869018555,6.018092632293701,1.8816852569580078
100,1,31.221696960926057,1.0146631002426147,4.065281867980957,22.971702575683594,6.7586517333984375,0.4753536581993103
100,2,15.938244438171386,1.014662742614746,3.3513970375061035,8.419390678405762,5.56118631362915,1.0844554901123047
100,3,12.771759176254273,1.0149835348129272,2.7724030017852783,9.857275009155273,1.1288063526153564,1.0282005071640015
100,4,1.749320870824158,1.014970064163208,1.911245584487915,0.01090965885668993,0.6622450351715088,0.49092304706573486
100,5,1.6018629843369125,1.0149576663970947,1.6259287595748901,0.011235230602324009,0.5128194689750671,0.5496309995651245
100,6,1.7725851578637957,1.0147173404693604,1.4166516065597534,0.01028172206133604,0.5604050159454346,0.7156246304512024
100,7,1.6815370528027416,1.0160279273986816,1.1516895294189453,0.010604831390082836,0.5274595022201538,0.7099292278289795
100,8,1.6233853507786988,1.0154718160629272,1.07883882522583,0.009978191927075386,0.4466431736946106,0.7479018568992615
100,9,1.326176904514432,1.0162231922149658,1.0275627374649048,0.009729163721203804,0.16751864552497864,0.7401719093322754
100,10,1.22726459056139,1.0172609090805054,0.9780415296554565,0.010723024606704712,0.10151086002588272,0.7159702181816101
100,11,1.027316827327013,1.0162469148635864,0.9673312902450562,0.01003328338265419,0.0872100442647934,0.5333578586578369
100,12,1.0086719263345003,1.0162274837493896,0.9618930220603943,0.010554293170571327,0.07765353471040726,0.5248399972915649
100,13,1.1037150174379349,1.015917181968689,0.9574936628341675,0.010146107524633408,0.05247699096798897,0.6464097499847412
100,14,0.7189185295253993,1.0151885747909546,0.9564146995544434,0.010387836024165154,0.048948805779218674,0.2652612328529358
100,15,0.6238105107098818,1.015158772468567,0.9558167457580566,0.010162180289626122,0.05996909365057945,0.1594841331243515
100,16,0.5204993944615126,1.0156606435775757,0.9555689096450806,0.0095298383384943,0.05365855619311333,0.06306508928537369
100,17,0.6073519388213754,1.0155731439590454,0.9555802941322327,0.009037607349455357,0.03731671720743179,0.1667669266462326
100,18,0.5739765629172325,1.0153050422668457,0.9555923938751221,0.009985893964767456,0.0397457554936409,0.1300654262304306
100,19,0.5618686821311712,1.0154612064361572,0.9555628895759583,0.009878700599074364,0.037393487989902496,0.12039167433977127
100,20,0.5539768910035491,1.0153084993362427,0.9555726051330566,0.010105404071509838,0.038420166820287704,0.1112750992178917
100,21,0.5991941513493657,1.0153018236160278,0.9557373523712158,0.010458395816385746,0.046983446925878525,0.1475444734096527
100,22,0.5651669120416045,1.0153908729553223,0.9556432366371155,0.00959212239831686,0.040574103593826294,0.12079386413097382
101,0,30.871112561225893,1.0162113904953003,4.948422908782959,21.35529327392578,6.032096862792969,2.2907955646514893
101,1,30.129943439364432,1.0149444341659546,4.065580368041992,21.382551193237305,7.551970481872559,0.17931680381298065
101,2,23.79449498653412,1.0168739557266235,3.348482608795166,22.127784729003906,0.6960757970809937,0.09756314754486084
101,3,9.493420866131782,1.016901969909668,2.7671964168548584,7.966964244842529,0.7218937873840332,0.04774315655231476
101,4,1.0273039150983094,1.0176948308944702,1.9355592727661133,0.022969434037804604,0.37880536913871765,0.03487829118967056
101,5,0.8771615445613861,1.0176674127578735,1.6426104307174683,0.02163024991750717,0.2899479269981384,0.03352779895067215
101,6,0.9845137361437082,1.0151071548461914,1.4285560846328735,0.020914049819111824,0.4442247152328491,0.030642323195934296
101,7,1.0094656743109227,1.0156012773513794,1.1620543003082275,0.021220404654741287,0.5086338520050049,0.044080302119255066
101,8,0.7724557347595692,1.0149012804031372,1.086639404296875,0.022584278136491776,0.2639060914516449,0.06565722823143005
101,9,1.0401354886591434,1.0150811672210693,1.0364282131195068,0.02035224810242653,0.2663120627403259,0.34316930174827576
101,10,0.9553326208144427,1.015262246131897,0.9820018410682678,0.009750546887516975,0.2894410192966461,0.2566882371902466
101,11,0.9639936123043299,1.0152570009231567,0.9685871601104736,0.010077694430947304,0.2874625325202942,0.2696845531463623
101,12,0.9494827276095749,1.0155577659606934,0.9620999693870544,0.009475446306169033,0.256660133600235,0.2878156006336212
101,13,0.9061324182897806,1.015241265296936,0.9570932388305664,0.00981246866285801,0.29710063338279724,0.20475241541862488
101,14,0.8853065229952335,1.0152214765548706,0.9561336636543274,0.010179702192544937,0.2921375334262848,0.1887182593345642
102,0,29.405260133743287,1.0153805017471313,0.9558061361312866,20.915645599365234,6.347867965698242,1.747509241104126
102,1,28.503906404972078,1.0165272951126099,0.9563091397285461,23.280000686645508,3.756694793701172,1.0726436376571655
102,2,25.101198907196522,1.014611005783081,0.9558749794960022,23.659128189086914,0.9828609228134155,0.06511259824037552
102,3,22.652492337673902,1.0146113634109497,0.9557802677154541,21.547941207885742,0.6879534721374512,0.02251933142542839
102,4,0.8716229774057865,1.0155106782913208,0.9561389684677124,0.08422791957855225,0.35726693272590637,0.035798195749521255
102,5,0.960735060274601,1.015312671661377,0.955595076084137,0.07176153361797333,0.4577356278896332,0.03705634921789169
102,6,0.998552356660366,1.0153142213821411,0.9555712342262268,0.05722009763121605,0.49544012546539307,0.05171504244208336
102,7,0.9582075733691454,1.0151474475860596,0.9557696580886841,0.029700348153710365,0.49194368720054626,0.04238011687994003
102,8,0.7590426057577133,1.0162752866744995,0.9557405114173889,0.02596529945731163,0.29453662037849426,0.04413752630352974
102,9,0.9159702308475972,1.0162348747253418,0.9557536840438843,0.010348118841648102,0.44979166984558105,0.06143273040652275
102,10,0.8483989022672177,1.0164858102798462,0.9556385278701782,0.01097005233168602,0.3710029423236847,0.07200103998184204
102,11,0.9482197089120746,1.0163214206695557,0.9556372165679932,0.010637844912707806,0.4589887857437134,0.08420135080814362
102,12,0.8126908097416162,1.0167491436004639,0.9556635022163391,0.010360682383179665,0.32978683710098267,0.07806076109409332
102,13,0.8866138011217117,1.0166958570480347,0.9558471441268921,0.012409709393978119,0.39761507511138916,0.0820804163813591
102,14,0.8885231964290142,1.0161199569702148,0.9555913805961609,0.010920371860265732,0.40095463395118713,0.0823059231042862
103,0,29.427222228050233,1.0162113904953003,4.948422908782959,21.011009216308594,5.140312671661377,2.0829734802246094
103,1,28.20378077030182,1.0151978731155396,4.06485652923584,23.543197631835938,3.345263957977295,0.29930830001831055
103,2,15.34470964372158,1.0152000188827515,3.338573694229126,11.742156028747559,2.5106868743896484,0.22111199796199799
103,3,14.972800485789776,1.0160737037658691,2.755794048309326,11.18301010131836,2.9118118286132812,0.12360500544309616
103,4,2.9209934674203395,1.015929102897644,1.9247472286224365,0.012032601982355118,2.2250120639801025,0.09581353515386581
103,5,3.7445842064917088,1.0159534215927124,1.6432267427444458,0.013461682945489883,3.088850975036621,0.11043551564216614
103,6,0.8523081397637725,1.0157147645950317,1.4271751642227173,0.011405489407479763,0.2248171716928482,0.12750749289989471
103,7,0.914497683942318,1.0166741609573364,1.1551613807678223,0.011447884142398834,0.2903504967689514,0.17833219468593597
103,8,1.0300679720938206,1.0166717767715454,1.0754729509353638,0.011735085397958755,0.37125059962272644,0.22865334153175354
103,9,0.9866101289168,1.016671061515808,1.0262386798858643,0.010876455344259739,0.2971400320529938,0.27001169323921204
103,10,0.8569470185786485,1.016029715538025,0.9775892496109009,0.009763123467564583,0.18840667605400085,0.260053426027298
103,11,0.9407837325707078,1.0159177780151367,0.9651334881782532,0.010380023159086704,0.20902112126350403,0.3251723349094391
103,12,0.7847498696297408,1.0159237384796143,0.9594923853874207,0.010445071384310722,0.1411595195531845,0.2380620539188385
103,13,0.67272535469383,1.0153709650039673,0.9559124708175659,0.010273641906678677,0.14474637806415558,0.12344864755868912
103,14,0.6356315499171615,1.0148801803588867,0.9557468891143799,0.01101581659168005,0.10412580519914627,0.12636451423168182
103,15,0.6100054506212473,1.0148913860321045,0.9555662870407104,0.011615799739956856,0.086066834628582,0.11823128163814545
103,16,0.5116950288414955,1.0150554180145264,0.9555851221084595,0.010027151554822922,0.08688604086637497,0.020653728395700455
103,17,0.5107802042737604,1.0150504112243652,0.9556742906570435,0.010114881210029125,0.08642299473285675,0.020097387954592705
103,18,0.4952322563156486,1.0150352716445923,0.9555746912956238,0.01032011304050684,0.06454144418239594,0.026248706504702568
104,0,33.585148787498476,1.0162113904953003,4.948422908782959,23.021141052246094,6.989096164703369,2.3819847106933594
104,1,29.96675236225128,1.0147367715835571,4.0662126541137695,23.655418395996094,4.394905090332031,0.9002389907836914
104,2,24.482929402589797,1.0146749019622803,3.336359977722168,21.964374542236328,1.2088334560394287,0.4395144283771515
104,3,25.09674514532089,1.015231728553772,2.7332236766815186,22.911767959594727,0.8549689650535583,0.5803171396255493
104,4,1.590069767087698,1.0148614645004272,1.8867307901382446,0.026185300201177597,0.41148534417152405,0.572080671787262
104,5,1.516096307709813,1.0153082609176636,1.6026943922042847,0.013857783749699593,0.33215415477752686,0.646483838558197
104,6,1.4630512218922376,1.0148468017578125,1.3992832899093628,0.011059878394007683,0.2633923888206482,0.7057729363441467
104,7,1.658556167036295,1.0146660804748535,1.1427663564682007,0.01017243042588234,0.3118160367012024,0.9050812125205994
104,8,1.0260771714150905,1.0147076845169067,1.0701591968536377,0.011311676353216171,0.2874097526073456,0.3103823661804199
104,9,0.9334325738251209,1.0148929357528687,1.0234564542770386,0.011488649994134903,0.26685240864753723,0.24742163717746735
104,10,0.7734583066776395,1.0152281522750854,0.9733109474182129,0.010111619718372822,0.19426296651363373,0.17137590050697327
104,11,0.7415637830272317,1.0152003765106201,0.9633761048316956,0.010099233128130436,0.19320325553417206,0.14254599809646606
104,12,0.6234673496335745,1.0151771306991577,0.9590147733688354,0.011476753279566765,0.1500941514968872,0.06705806404352188
104,13,0.603258548118174,1.014999508857727,0.9558996558189392,0.009711378253996372,0.16359686851501465,0.0357704684138298
104,14,0.582470009662211,1.0149911642074585,0.9558189511299133,0.01091104093939066,0.14951899647712708,0.02787794917821884
104,15,0.595664794370532,1.0148677825927734,0.9555816650390625,0.010580344125628471,0.1640409231185913,0.02695363759994507
104,16,0.550998423434794,1.0152711868286133,0.9555637836456299,0.009807777591049671,0.11504637449979782,0.031977277249097824
104,17,0.8728145353496075,1.0152506828308105,0.9556033611297607,0.009572487324476242,0.16046279668807983,0.30860844254493713
104,18,0.7874747144058347,1.0158017873764038,0.9555672407150269,0.010527689941227436,0.15990406274795532,0.22276915609836578
104,19,0.8124249901622533,1.0157880783081055,0.9555673599243164,0.011205701157450676,0.10872494429349899,0.29822325706481934
104,20,0.808548923023045,1.0158801078796387,0.9556253552436829,0.010353577323257923,0.11598021537065506,0.2879140377044678
104,21,0.7697764867916703,1.015873670578003,0.9555916786193848,0.010129162110388279,0.10060669481754303,0.2647475600242615
104,22,0.6940277826040984,1.0157952308654785,0.9559555649757385,0.0103787612169981,0.07071562111377716,0.21858324110507965
105,0,31.46371455192566,1.0201678276062012,0.9578526020050049,23.57501983642578,5.576967716217041,1.9161229133605957
105,1,27.132214629650115,1.014744758605957,0.9608930349349976,23.541439056396484,2.637143135070801,0.5585048794746399
105,2,11.36767680644989,1.0147444009780884,0.9602746367454529,9.054577827453613,1.5941202640533447,0.3239749073982239
105,3,12.100436156988144,1.016603946685791,0.9573456048965454,9.714673042297363,1.576373815536499,0.41459938883781433
105,4,2.2318261489272118,1.0183043479919434,0.9570412635803223,0.01654883474111557,0.5348585844039917,1.2853496074676514
105,5,2.995589191839099,1.018255352973938,0.9562570452690125,0.015521569177508354,0.4207245111465454,2.164440631866455
105,6,3.1440521750599144,1.0177689790725708,0.9560721516609192,0.012055406346917152,0.4414328634738922,2.2957956790924072
105,7,3.145947572402656,1.018312692642212,0.9561219811439514,0.011383864097297192,0.42466622591018677,2.3150105476379395
105,8,2.2873357867822053,1.0179288387298584,0.9569236040115356,0.011994830332696438,0.39192184805870056,1.4884486198425293
105,9,2.047349613904953,1.0179377794265747,0.956978440284729,0.010763376951217651,0.3022364377975464,1.3393665552139282
105,10,1.8996346082538367,1.016716718673706,0.9571473598480225,0.01018761657178402,0.3039400279521942,1.1907341480255127
105,11,0.8926465809345245,1.0163463354110718,0.9561135172843933,0.008899644017219543,0.11397154629230499,0.375283420085907
105,12,0.6940368520095945,1.0163692235946655,0.9558854699134827,0.009554204531013966,0.10840288549661636,0.18162882328033447
105,13,0.5910954486578703,1.0179238319396973,0.9555864930152893,0.011123066768050194,0.08955151587724686,0.09571880102157593
105,14,0.5594040602445602,1.0176429748535156,0.9555830955505371,0.010088637471199036,0.09046739339828491,0.06420281529426575
105,15,0.5220673061907292,1.0176582336425781,0.9555977582931519,0.010070610791444778,0.06392057240009308,0.05342492461204529
105,16,0.4983147094026208,1.0178521871566772,0.9556939601898193,0.01117046270519495,0.04286757484078407,0.04956744238734245
106,0,30.657018637657167,1.0162113904953003,4.948422908782959,21.342681884765625,6.431517601013184,1.689892292022705
106,1,16.200795221328736,1.0162113904953003,4.065612316131592,8.259905815124512,6.172580242156982,0.7519444227218628
106,2,15.170082569122314,1.0156747102737427,3.332580089569092,7.93572473526001,5.575433254241943,0.7892736196517944
106,3,11.99931628704071,1.019749641418457,2.7405176162719727,9.396474838256836,1.3933448791503906,0.45744311809539795
106,4,1.9498460657894612,1.0174744129180908,1.886678695678711,0.05073057487607002,0.939735472202301,0.37854939699172974
106,5,1.6844157122075558,1.0180906057357788,1.6018431186676025,0.05871298536658287,0.7135668396949768,0.3881491422653198
106,6,1.624332007020712,1.0180972814559937,1.3929219245910645,0.05644833669066429,0.6795968413352966,0.40608298778533936
106,7,1.228453421406448,1.0161515474319458,1.1322029829025269,0.010783392004668713,0.48083654046058655,0.3071625828742981
106,8,1.2129414845257998,1.0162996053695679,1.0628844499588013,0.009532587602734566,0.4719868004322052,0.31558528542518616
106,9,1.2893766107037665,1.0163023471832275,1.0152132511138916,0.01172612328082323,0.4813201427459717,0.3900272250175476
106,10,0.9869951115921141,1.0164586305618286,0.9690586924552917,0.011397291906177998,0.21077589690685272,0.3677184581756592
106,11,1.0451888602226973,1.0165594816207886,0.9608030915260315,0.011308206245303154,0.19739355146884918,0.4410145878791809
106,12,0.8707554265856743,1.0158828496932983,0.9572409987449646,0.012400038540363312,0.08586610853672028,0.3778645098209381
106,13,0.6807427229359746,1.0158073902130127,0.9555867314338684,0.009649370796978474,0.1620398312807083,0.11477469652891159
106,14,0.7116093531250954,1.0159095525741577,0.9556115865707397,0.010516740381717682,0.1437375396490097,0.1630508452653885
106,15,0.689501491189003,1.0165596008300781,0.9557122588157654,0.011072635650634766,0.125718891620636,0.15825559198856354
106,16,0.7193730404600501,1.016316533088684,0.9558561444282532,0.01043677981942892,0.11311804503202438,0.20138368010520935
106,17,0.6320658568292856,1.0163142681121826,0.9561336636543274,0.010252716019749641,0.08914979547262192,0.13817375898361206
106,18,0.7323658127337694,1.016205072402954,0.9561032056808472,0.009642207995057106,0.10069920867681503,0.22756274044513702
106,19,0.6403585109859705,1.0163682699203491,0.9568436145782471,0.009228022769093513,0.10025835782289505,0.1362297534942627
106,20,0.6399525154381991,1.0163238048553467,0.9574341773986816,0.009516159072518349,0.1049821749329567,0.13070258498191833
106,21,0.6267201622948051,1.0159592628479004,0.9570217728614807,0.010309173725545406,0.07930251955986023,0.1425122618675232
106,22,0.6270965877920389,1.0164560079574585,0.956022322177887,0.012518787756562233,0.06592616438865662,0.15415596961975098
106,23,0.6173779908567667,1.0164514780044556,0.956123411655426,0.010985257104039192,0.06110662966966629,0.1507711261510849
106,24,0.6145439427345991,1.0166795253753662,0.9568573832511902,0.010935092344880104,0.0494278259575367,0.15947364270687103
107,0,32.08991978168488,1.0162113904953003,4.948422908782959,22.367998123168945,6.412336349487305,2.1166584491729736
107,1,25.494899320602418,1.0162113904953003,4.065283298492432,17.89957618713379,5.372726917266846,1.2062972784042358
107,2,21.67760252356529,1.0148284435272217,3.3499011993408203,18.386749267578125,1.9480557441711426,0.4698515832424164
107,3,21.155117708444596,1.0148448944091797,2.75830340385437,18.42327308654785,1.5797793865203857,0.39743557572364807
107,4,1.3897429827600718,1.0157582759857178,1.909580111503601,0.03021901287138462,0.3157983720302582,0.4586579203605652
107,5,1.4724636111408471,1.0147520303726196,1.6328959465026855,0.020517447963356972,0.4673857092857361,0.4550308585166931
107,6,1.2100769598037004,1.015005111694336,1.4187663793563843,0.018004687502980232,0.3235122263431549,0.38180574774742126
107,7,1.1861057043075562,1.014897108078003,1.15220308303833,0.012948274612426758,0.28861305117607117,0.4511243402957916
107,8,1.0704902911558747,1.0149035453796387,1.0738003253936768,0.011553534306585789,0.2711924612522125,0.37000352144241333
107,9,1.3782959003001451,1.015363335609436,1.0231596231460571,0.012737276032567024,0.2345554232597351,0.7232986092567444
107,10,1.1745067523792385,1.0158543586730957,0.9755861163139343,0.0130924629047513,0.14956700801849365,0.6135591864585876
107,11,1.167686016112566,1.0158566236495972,0.965563952922821,0.012012023478746414,0.1431734561920166,0.6162164211273193
107,12,0.6719385374337435,1.0169997215270996,0.9598348736763,0.013412775471806526,0.16949798166751862,0.0936608612537384
107,13,0.572216909378767,1.016729712486267,0.9559387564659119,0.012324348092079163,0.13127082586288452,0.03408804163336754
107,14,0.6307852551341058,1.0167678594589233,0.9556078314781189,0.012663893401622772,0.18146343529224396,0.042182788252830505
107,15,0.6042392263188958,1.0163934230804443,0.9555624723434448,0.011779663152992725,0.16510307788848877,0.03296530619263649
107,16,0.7093748386949301,1.016686201095581,0.9555858373641968,0.009665260091423988,0.24931855499744415,0.05593661591410637
107,17,0.6862029662355781,1.0160410404205322,0.9556145668029785,0.01152202021330595,0.22789084911346436,0.052458975464105606
107,18,0.6308435877785087,1.0161759853363037,0.9556071758270264,0.010533287189900875,0.17763739824295044,0.04831627011299133
107,19,0.6010898131877184,1.0165034532546997,0.9555688500404358,0.010464953258633614,0.08906182646751404,0.10714857280254364
108,0,30.467507231235505,1.0304478406906128,0.9555627703666687,21.547269821166992,6.26199197769165,2.2610433101654053
108,1,28.268782252073287,1.0154390335083008,0.9569506049156189,23.050918579101562,4.52765417098999,0.2957315742969513
108,2,14.854132813215255,1.0154602527618408,0.9564483165740967,12.404654502868652,1.6607279777526855,0.39436861872673035
108,3,17.323551845550536,1.0211220979690552,0.9586015343666077,14.037514686584473,2.4303433895111084,0.4597490429878235
108,4,1.6026437852531672,1.019331455230713,0.9556889533996582,0.01703793741762638,0.8109036087989807,0.37969815731048584
108,5,1.5597672989591955,1.0193370580673218,0.9560983777046204,0.013461350463330746,0.7631811499595642,0.38803771138191223
108,6,1.4772676158696414,1.019787311553955,0.9567067623138428,0.013101385906338692,0.6030755639076233,0.46579185128211975
108,7,1.0332976374775171,1.016695499420166,0.9555891156196594,0.013693908229470253,0.1779773235321045,0.4471694827079773
108,8,1.1222663436084985,1.0158393383026123,0.9555622935295105,0.013139987364411354,0.2072845846414566,0.507561445236206
108,9,1.0458710109815001,1.0158729553222656,0.9555891156196594,0.012293986044824123,0.18742334842681885,0.45186126232147217
108,10,0.792027847468853,1.0165482759475708,0.9556089043617249,0.0107869952917099,0.1105499342083931,0.27625948190689087
108,11,0.8202402772381903,1.0170384645462036,0.9555938243865967,0.011033703573048115,0.1189541444182396,0.2957259714603424
108,12,0.8216208200901747,1.0170154571533203,0.9555662870407104,0.010817019268870354,0.12017002701759338,0.2961174249649048
108,13,0.7763665908947588,1.0170270204544067,0.9555748701095581,0.010094606317579746,0.10576978325843811,0.2659818232059479
108,14,0.7173147888854147,1.0169514417648315,0.9555844664573669,0.010071423836052418,0.08016322553157806,0.23257295787334442
108,15,0.7475758226588369,1.0169569253921509,0.9555734395980835,0.011087697930634022,0.15012958645820618,0.19185246527194977
108,16,0.6830152776092291,1.0174052715301514,0.9555904269218445,0.011222263798117638,0.12296110391616821,0.15423277020454407
108,17,0.6455260442569852,1.0172882080078125,0.9555649757385254,0.01087519247084856,0.112870953977108,0.12720926105976105
108,18,0.6439863048493862,1.0160787105560303,0.9555953741073608,0.01053239032626152,0.08095955848693848,0.158159539103508
108,19,0.6004871865734458,1.0168747901916504,0.9557433128356934,0.010258748196065426,0.06801861524581909,0.12768620252609253
108,20,0.622412233054638,1.0171009302139282,0.9557733535766602,0.010953173041343689,0.06000462919473648,0.15687957406044006
108,21,0.5642960075289011,1.0171620845794678,0.9557205438613892,0.012236321344971657,0.04090716689825058,0.11657599359750748
108,22,0.6251023093238472,1.0173940658569336,0.955744743347168,0.010921922512352467,0.05391717329621315,0.16563545167446136
108,23,0.6057745104655624,1.0177912712097168,0.955642580986023,0.011146697215735912,0.04802814498543739,0.1519128978252411
108,24,0.6019092436879874,1.0174208879470825,0.9556400179862976,0.011173637583851814,0.046690139919519424,0.14943328499794006
109,0,30.279346323013307,1.0162113904953003,4.948422908782959,21.068349838256836,6.333045482635498,1.6850241422653198
109,1,25.48382717370987,1.0162113904953003,4.065231800079346,17.838863372802734,6.23421573638916,0.39445942640304565
109,2,19.16533707380295,1.0146064758300781,3.349496841430664,16.565011978149414,1.6637656688690186,0.06373876333236694
109,3,2.1756526373326777,1.0146063566207886,2.761320114135742,0.15970422327518463,1.1995465755462646,0.06121654435992241
109,4,1.3858240954577923,1.0150824785232544,1.9209243059158325,0.022023100405931473,0.7408045530319214,0.03579508513212204
109,5,1.5031092755496502,1.014662504196167,1.632161259651184,0.019544318318367004,0.9251908659934998,0.029009338468313217
109,6,1.2702468529343605,1.0155272483825684,1.4172879457473755,0.020956814289093018,0.7366161942481995,0.026110805571079254
109,7,1.0545086670666932,1.0146058797836304,1.142004132270813,0.022478679195046425,0.5766223073005676,0.024085678160190582
109,8,0.7776130724698305,1.0146872997283936,1.0662071704864502,0.02351030334830284,0.3195304274559021,0.018393447622656822
109,9,0.6462182346731424,1.014724850654602,1.016994833946228,0.02255259081721306,0.19896847009658813,0.018353236839175224
109,10,0.5278430949896574,1.0155829191207886,0.9718038439750671,0.02033575065433979,0.08994658291339874,0.020083408802747726
109,11,0.5096363857388496,1.0151253938674927,0.9630665183067322,0.02117031440138817,0.07334240525960922,0.01948528364300728
109,12,0.5234144926071167,1.0151442289352417,0.9582362174987793,0.01811962015926838,0.09025765210390091,0.02036113105714321
109,13,0.5001427169889212,1.0149061679840088,0.9558277726173401,0.017894422635436058,0.05805761367082596,0.030043892562389374
109,14,0.5064948234707117,1.014949917793274,0.9555657505989075,0.016747567802667618,0.06575789302587509,0.02988622896373272
109,15,0.5014374598860741,1.0147490501403809,0.9557027816772461,0.018262747675180435,0.06176108494400978,0.02732326090335846
109,16,0.48041036874055865,1.0148890018463135,0.9558799862861633,0.018132060766220093,0.04500409588217735,0.023120414465665817
110,0,32.98125777244568,1.0162113904953003,4.948422908782959,22.934457778930664,6.946520805358887,1.907352328300476
110,1,30.170732426643372,1.0162113904953003,4.067312240600586,21.18272590637207,6.25244140625,1.718860387802124
110,2,23.127645191550254,1.0187468528747559,3.319770097732544,19.08213233947754,2.9841368198394775,0.19367264211177826
110,3,21.46630140244961,1.0209617614746094,2.714348554611206,18.333847045898438,2.1808130741119385,0.2045792192220688
110,4,1.6794776655733585,1.0169034004211426,1.8740625381469727,0.01588328555226326,0.8735958933830261,0.2118052989244461
110,5,1.5096333790570498,1.0162060260772705,1.5969158411026,0.01181301660835743,0.7494237422943115,0.22577224671840668
110,6,1.1584754711017013,1.0180586576461792,1.3992260694503784,0.01124440785497427,0.448652982711792,0.21512113511562347
110,7,1.0326901944354177,1.0172978639602661,1.1478897333145142,0.010005366988480091,0.35329657793045044,0.23635073006153107
110,8,1.0582758167758584,1.01734459400177,1.0769317150115967,0.010423959232866764,0.3975839614868164,0.2314126342535019
110,9,0.9466194612905383,1.0166863203048706,1.0290464162826538,0.01242441963404417,0.26025789976119995,0.2647905945777893
110,10,0.9201794136315584,1.0170296430587769,0.9772353768348694,0.010044815018773079,0.23474515974521637,0.2765364348888397
110,11,0.8771189764142037,1.0170331001281738,0.9671427607536316,0.011609680950641632,0.19137784838676453,0.2772962749004364
110,12,0.8760348657146096,1.0176876783370972,0.9611961841583252,0.010907084681093693,0.22097192704677582,0.24837908148765564
110,13,0.8326942231506109,1.0189523696899414,0.9569481611251831,0.009584074839949608,0.1746036261320114,0.253326416015625
110,14,0.8859579036012293,1.0189415216445923,0.956338107585907,0.00897300336509943,0.18595439195632935,0.29597458243370056
110,15,0.9308053841814399,1.0190293788909912,0.9560885429382324,0.01112197246402502,0.1981954723596573,0.32646435499191284
110,16,0.874715318530798,1.0188695192337036,0.9560577869415283,0.010197516530752182,0.15802180767059326,0.31151053309440613
110,17,0.6985668318346143,1.018858790397644,0.9557655453681946,0.009276439435780048,0.14122983813285828,0.15313568711280823
110,18,0.6669922707602383,1.0188581943511963,0.9557115435600281,0.009979682974517345,0.13342167437076569,0.12867696583271027
110,19,0.6722154205664993,1.0181398391723633,0.955634355545044,0.010614222846925259,0.1383054256439209,0.12854093313217163
110,20,0.595652031339705,1.018046259880066,0.9556066989898682,0.01029000524431467,0.0789119079709053,0.1117195263504982
110,21,0.623976555466652,1.018040418624878,0.9555642008781433,0.011456772685050964,0.09794721752405167,0.11985164135694504
110,22,0.5885175202041865,1.0177377462387085,0.9557453393936157,0.008813830092549324,0.07757624983787537,0.1074308231472969
110,23,0.63900835942477,1.0176880359649658,0.9560973048210144,0.010167370550334454,0.08574700355529785,0.14833691716194153
110,24,0.6160620059818029,1.0176857709884644,0.9558597803115845,0.009809127077460289,0.06431186199188232,0.14723190665245056
111,0,30.91564236879349,1.0158675909042358,0.9560280442237854,22.21087074279785,6.5702619552612305,1.7401305437088013
111,1,30.701880729198457,1.0181102752685547,0.9924424886703491,22.83552360534668,6.932380199432373,0.5318663716316223
111,2,22.02740470170975,1.0164587497711182,0.972612202167511,20.257328033447266,1.3164159059524536,0.055846571922302246
111,3,20.028170901536942,1.0164538621902466,0.9673811793327332,18.344602584838867,1.242099642753601,0.04470166563987732
111,4,1.2636006424203514,1.0146185159683228,0.967771589756012,0.014018506743013859,0.7488047480583191,0.10429936647415161
111,5,1.23887693695724,1.0146247148513794,0.9585915207862854,0.01355847530066967,0.6976413130760193,0.1330339014530182
111,6,1.2400997025892138,1.0146235227584839,0.9616058468818665,0.01174683403223753,0.675362765789032,0.15774422883987427
111,7,1.1194321278482675,1.0146299600601196,0.961933434009552,0.010408187285065651,0.5959749817848206,0.11773627996444702
111,8,0.6353647975251079,1.0148875713348389,0.9615402817726135,0.011289442889392376,0.14336217939853668,0.08542760461568832
111,9,0.6761341650038958,1.0148767232894897,0.9617025256156921,0.009626002982258797,0.16304847598075867,0.10814383625984192
111,10,0.5925776567310095,1.0148115158081055,0.9588499665260315,0.009584592655301094,0.1418752819299698,0.04638548567891121
111,11,0.5391022538766266,1.0147876739501953,0.9580082297325134,0.011598284356296062,0.1039138063788414,0.02903098240494728
111,12,0.563869004137814,1.0147584676742554,0.9570794105529785,0.009642803110182285,0.0997530072927475,0.060105618089437485
111,13,0.5906249580904842,1.0146082639694214,0.9568103551864624,0.00924402754753828,0.15525442361831665,0.031842783093452454
111,14,0.5340478532016277,1.0146048069000244,0.9564275145530701,0.009809015318751335,0.10044313967227936,0.029589233919978142
111,15,0.5454964688047766,1.0146074295043945,0.956074595451355,0.0087026571854949,0.11272554844617844,0.02993185818195343
111,16,0.53195237852633,1.014676809310913,0.9560383558273315,0.009789736941456795,0.09584201872348785,0.03217758983373642
111,17,0.5709808019921184,1.0146368741989136,0.9557827711105347,0.011149476282298565,0.0950436070561409,0.07070378959178925
111,18,0.5554060742259026,1.0146070718765259,0.9557230472564697,0.01057397574186325,0.07998407632112503,0.07078199833631516
111,19,0.5563536016270518,1.0146089792251587,0.9556660652160645,0.010932649485766888,0.06577783823013306,0.08558810502290726
111,20,0.5336928034201265,1.0146089792251587,0.9556090831756592,0.009841644205152988,0.0510389506816864,0.07876859605312347
111,21,0.5521124605089426,1.0146898031234741,0.9555988311767578,0.009808989241719246,0.051890939474105835,0.09635480493307114
111,22,0.5310402382165194,1.0147433280944824,0.9555633068084717,0.009782003238797188,0.043449364602565765,0.08374754339456558
112,0,35.090795969963075,1.0162113904953003,4.948422908782959,25.881160736083984,6.075643062591553,1.9410653114318848
112,1,25.25471239089966,1.0162113904953003,4.066062927246094,20.335838317871094,3.378455400466919,0.5239638090133667
112,2,25.713469243049623,1.0197793245315552,3.317430019378662,22.3449764251709,2.0703299045562744,0.4307210445404053
112,3,24.433111906051636,1.0162196159362793,2.7190723419189453,21.658363342285156,1.7789307832717896,0.24875938892364502
112,4,2.5751333221793176,1.016122817993164,1.875735878944397,0.017425023019313812,1.694413423538208,0.28492313623428345
112,5,1.8049295848235487,1.0149556398391724,1.5981991291046143,0.014013833366334438,0.7067787051200867,0.5615060925483704
112,6,1.9588474702090024,1.0148439407348633,1.3908026218414307,0.012759668752551079,0.8467860221862793,0.6181724667549133
112,7,1.8314032327383756,1.0146076679229736,1.1413860321044922,0.011055631563067436,0.9660523533821106,0.42309650778770447
112,8,1.2905180221423507,1.0147216320037842,1.0719308853149414,0.00920496042817831,0.47035282850265503,0.3936297297477722
112,9,1.3473224394023418,1.0148255825042725,1.0247828960418701,0.009518217295408249,0.40779632329940796,0.5220862030982971
112,10,1.2390484431758524,1.0157310962677002,0.9752099514007568,0.009833441115915775,0.4010026454925537,0.4300241470336914
112,11,1.4224759271368383,1.0157302618026733,0.9640953540802002,0.010216682218015194,0.42575615644454956,0.590537965297699
112,12,1.4137156387791037,1.0158042907714844,0.9591659307479858,0.010330243967473507,0.4637366831302643,0.5446546673774719
112,13,1.0742432035505771,1.016237735748291,0.9558651447296143,0.009705442935228348,0.19755293428897858,0.4725642502307892
112,14,1.1080156775191425,1.016292691230774,0.955580472946167,0.010169622488319874,0.14173907041549683,0.5617323517799377
112,15,1.1023979790508749,1.0160143375396729,0.9555670022964478,0.009970832616090775,0.20769548416137695,0.49041539430618286
112,16,0.9014811009168625,1.0166161060333252,0.9560343027114868,0.012040577828884125,0.11858367174863815,0.3763267695903778
112,17,1.0286428984254599,1.016645073890686,0.9560007452964783,0.010285487398505211,0.1406906098127365,0.4831376373767853
112,18,0.9361048981547356,1.016956090927124,0.956028938293457,0.010606043040752411,0.1603306233882904,0.37057122588157654
112,19,0.9216630483046174,1.0161688327789307,0.9564192891120911,0.009246953763067722,0.12662118673324585,0.3912772834300995
112,20,0.9917348625138402,1.016170620918274,0.9557539224624634,0.010604721494019032,0.10904401540756226,0.47770121693611145
112,21,1.0601613556966185,1.0165131092071533,0.9560055136680603,0.010206482373178005,0.1372251808643341,0.5182259678840637
112,22,0.8919316865503788,1.0163949728012085,0.9562615752220154,0.010481614619493484,0.1528247445821762,0.33409401774406433
112,23,0.803644796460867,1.0166972875595093,0.9566642045974731,0.010492723435163498,0.12149138748645782,0.2769883871078491
112,24,0.7472490200772881,1.0166131258010864,0.9562810063362122,0.010898173786699772,0.11995738744735718,0.22181463241577148
113,0,31.458429074287416,1.0162113904953003,4.948422908782959,23.380115509033203,5.206966876983643,1.678419828414917
113,1,24.889866906404496,1.0146061182022095,4.064932346343994,19.731672286987305,3.644477128982544,0.4978097975254059
113,2,22.194618409872056,1.01460599899292,3.3497276306152344,19.083629608154297,1.7839281558990479,0.45419391989707947
113,3,23.91805532127619,1.0147161483764648,2.767230987548828,21.537559509277344,1.51498544216156,0.1091209426522255
113,4,1.5138301234692335,1.0149296522140503,1.9158730506896973,0.029075531288981438,0.7277072668075562,0.1708867847919464
113,5,1.7399909917265177,1.0147157907485962,1.6289691925048828,0.023864740505814552,0.6102514266967773,0.57713782787323
113,6,1.7953355189412834,1.0147254467010498,1.4131217002868652,0.02261958085000515,0.6263667345046997,0.6607797741889954
113,7,1.7379674395546316,1.0160123109817505,1.1507978439331055,0.013179882429540157,0.6306812167167664,0.660744309425354
113,8,1.6748043287545442,1.0165165662765503,1.0726099014282227,0.01209782250225544,0.6009620428085327,0.6439191699028015
113,9,1.6138238353654741,1.01650869846344,1.022682547569275,0.011949579231441021,0.6611770391464233,0.5328589677810669
113,10,1.4521189711987972,1.0170987844467163,0.9746307134628296,0.010753359645605087,0.42958515882492065,0.6134345531463623
113,11,1.151489375345409,1.0169233083724976,0.9654362201690674,0.01028501521795988,0.23303844034671783,0.5116940140724182
113,12,1.1480497285723685,1.0169320106506348,0.960008442401886,0.008382819592952728,0.201308935880661,0.5429698824882507
113,13,1.1003738010302186,1.0160272121429443,0.955897331237793,0.010239982046186924,0.15481822192668915,0.5409306883811951
113,14,1.1441829100251197,1.0160738229751587,0.955565333366394,0.010109402239322662,0.1339241862297058,0.6058214902877808
113,15,1.0705586647614838,1.0153688192367554,0.9556624889373779,0.009958899579942226,0.14092956483364105,0.5254639387130737
113,16,1.0026857601478696,1.0155279636383057,0.9558718204498291,0.009808902628719807,0.09870296716690063,0.4998939335346222
113,17,0.9941542567685246,1.0154008865356445,0.9559366106987,0.010502149350941181,0.08755897730588913,0.5018256306648254
113,18,0.8414775680750608,1.0154030323028564,0.9556841850280762,0.011493531987071037,0.11921189725399017,0.3165546953678131
113,19,0.8922099459916354,1.0153610706329346,0.9559702277183533,0.009501295164227486,0.09700870513916016,0.3914336860179901
113,20,0.8067790826782584,1.0150907039642334,0.9556218981742859,0.009898005984723568,0.0894896537065506,0.3132489025592804
113,21,0.7003830265253783,1.015166997909546,0.9560261368751526,0.010980887338519096,0.10489863157272339,0.19026488065719604
113,22,0.6083095863461494,1.014981746673584,0.955581545829773,0.009297654032707214,0.0818193331360817,0.12307994067668915
113,23,0.5228789746761322,1.0151689052581787,0.9555764198303223,0.01035461574792862,0.0708865076303482,0.04748878628015518
113,24,0.5162287034094334,1.0153437852859497,0.955563485622406,0.009824849665164948,0.0638926550745964,0.04832974448800087
114,0,33.467430329322816,1.0181163549423218,0.9640610218048096,24.84526252746582,5.487579822540283,2.738152503967285
114,1,26.346609261631965,1.034710168838501,0.9645578265190125,22.197376251220703,3.616580009460449,0.1327994018793106
114,2,24.478718158602714,1.0347380638122559,0.9599743485450745,22.15594482421875,1.7608091831207275,0.16302166879177094
114,3,23.57020090520382,1.0199371576309204,0.9566622376441956,21.505136489868164,1.5029637813568115,0.1667807549238205
114,4,0.8989480622112751,1.0159245729446411,0.9561156630516052,0.02875736728310585,0.1835881918668747,0.2921944558620453
114,5,0.841809831187129,1.0155781507492065,0.9558217525482178,0.01942051760852337,0.18647678196430206,0.24163255095481873
114,6,0.8040686462074518,1.0148659944534302,0.9567266702651978,0.017431313171982765,0.15849217772483826,0.2338266223669052
114,7,0.8331013893708586,1.0148322582244873,0.9564571380615234,0.010667047463357449,0.23299753665924072,0.19517892599105835
114,8,0.8409656532108785,1.014833688735962,0.9562733173370361,0.011101532727479935,0.23237045109272003,0.2032722681760788
114,9,0.8015318688005209,1.0149542093276978,0.9559166431427002,0.010805880650877953,0.18564285337924957,0.21090896427631378
114,10,0.8282095320522785,1.0148283243179321,0.9555994272232056,0.009932730346918106,0.22477126121520996,0.1994199901819229
114,11,0.8873592402786017,1.0151005983352661,0.9556354284286499,0.01142648421227932,0.23341570794582367,0.24836984276771545
114,12,0.8729813719168306,1.0152771472930908,0.9556611180305481,0.011131742037832737,0.16451162099838257,0.30315035581588745
114,13,0.9899568274617195,1.0149593353271484,0.95572829246521,0.010427333414554596,0.17254427075386047,0.41284769773483276
114,14,0.9082962485030294,1.0150541067123413,0.9556394815444946,0.010730450041592121,0.11714106053113937,0.38628602027893066
114,15,0.8542502790689468,1.0151020288467407,0.9556889533996582,0.01010371744632721,0.07315608859062195,0.3768322765827179
115,0,36.29011723995209,1.0162113904953003,4.948422908782959,26.00694465637207,6.256956100463867,2.833289623260498
115,1,35.213238739967345,1.0162113904953003,4.06556510925293,27.450695037841797,6.162105560302734,0.584082841873169
115,2,27.084571647644044,1.0147032737731934,3.337756872177124,24.689327239990234,1.165497899055481,0.35925447940826416
115,3,2.612645199894905,1.0147020816802979,2.748385190963745,0.09067250788211823,1.2556320428848267,0.5137231945991516
115,4,2.0262232959270476,1.0180091857910156,1.9036049842834473,0.021523982286453247,0.5262138843536377,0.8941625952720642
115,5,1.7675256200134755,1.0153447389602661,1.6240087747573853,0.016090024262666702,0.3788353502750397,0.8447295427322388
115,6,1.7326960215345024,1.0146067142486572,1.4111087322235107,0.015073568560183048,0.3323177993297577,0.9001615643501282
115,7,1.517619986459613,1.0149685144424438,1.153050184249878,0.01210077665746212,0.08976056426763535,0.982154905796051
115,8,1.5155006157234312,1.0156313180923462,1.0785551071166992,0.009864975698292255,0.10391651093959808,0.9828818440437317
115,9,1.6871641207486392,1.0158438682556152,1.0290286540985107,0.013129452243447304,0.08680937439203262,1.178250789642334
115,10,1.767971963621676,1.0151898860931396,0.9748315811157227,0.010789305903017521,0.15385538339614868,1.2053229808807373
115,11,1.5433952888473867,1.0152697563171387,0.9650067687034607,0.009505457244813442,0.11934921890497208,1.0184853076934814
115,12,1.33604396879673,1.0157657861709595,0.959425151348114,0.010325424373149872,0.10479655116796494,0.8258838057518005
115,13,1.1608975632116199,1.0163456201553345,0.9558674693107605,0.009393828921020031,0.05878745764493942,0.6982736587524414
115,14,1.1992681946605444,1.0164958238601685,0.9555772542953491,0.011689720675349236,0.06651069968938828,0.7266531586647034
115,15,1.1568718995898961,1.0164843797683716,0.9556263089179993,0.009924883022904396,0.04870518669486046,0.7038196921348572
115,16,1.088317940570414,1.0166966915130615,0.9558213949203491,0.009962913580238819,0.04362349584698677,0.6402279138565063
115,17,0.925949033536017,1.0163283348083496,0.9558531045913696,0.009800446219742298,0.02997201308608055,0.49174028635025024
115,18,0.782797322049737,1.0163556337356567,0.9560012817382812,0.009961916133761406,0.03906043991446495,0.339303582906723
115,19,0.7952770272269845,1.0158315896987915,0.955764651298523,0.01008241344243288,0.03505372628569603,0.3558216392993927
115,20,0.7765897257253528,1.0158261060714722,0.9557430744171143,0.008898132480680943,0.028147922828793526,0.345229834318161
115,21,0.7791604783385992,1.0155861377716064,0.9557498097419739,0.008836457505822182,0.02718297764658928,0.3488738536834717
115,22,0.6912277419120073,1.0153287649154663,0.9556503891944885,0.011357063427567482,0.036620132625103,0.2490547150373459
115,23,0.7484205398708582,1.0151119232177734,0.9557816386222839,0.010873563587665558,0.029693784192204475,0.3136744797229767
115,24,0.6787605471909046,1.0150458812713623,0.9560710787773132,0.010068828240036964,0.02179631032049656,0.252672016620636
116,0,32.60382435321808,1.0162113904953003,4.948422908782959,23.915063858032227,4.9633660316467285,2.5324676036834717
116,1,32.72918212413788,1.0305774211883545,4.065647125244141,25.46371841430664,5.2639617919921875,0.9822570085525513
116,2,26.555332732200622,1.0233592987060547,3.307943105697632,23.10626983642578,1.140701174736023,1.442101240158081
116,3,28.128341674804688,1.0230389833450317,2.7129807472229004,24.528005599975586,1.1001166105270386,1.7530155181884766
116,4,3.094325664639473,1.0224363803863525,1.8752776384353638,0.06718359887599945,0.37069830298423767,2.0769009590148926
116,5,2.817000327259302,1.022576928138733,1.6017733812332153,0.06172472611069679,0.2755078971385956,1.9548976421356201
116,6,1.341658003628254,1.0191683769226074,1.3974995613098145,0.06814906746149063,0.13978716731071472,0.6503881812095642
116,7,1.2141214892268182,1.0185335874557495,1.1396652460098267,0.031682778149843216,0.05556846037507057,0.6952304840087891
116,8,1.0172667115926743,1.018556833267212,1.0720080137252808,0.01605181396007538,0.06628388166427612,0.5168180465698242
116,9,0.88711241427809,1.01809561252594,1.0251471996307373,0.014264595694839954,0.05580336973071098,0.4083958864212036
116,10,0.9287084084004165,1.0186741352081299,0.9770412445068359,0.016328519210219383,0.05599021166563034,0.4572466015815735
116,11,0.9793341737240553,1.0181913375854492,0.9667685031890869,0.018484709784388542,0.06382501125335693,0.5000324845314026
116,12,0.9087001077830792,1.0181853771209717,0.9617002606391907,0.016339559108018875,0.059084706008434296,0.4372987151145935
116,13,0.9429959699511529,1.0178418159484863,0.9566276669502258,0.01650518923997879,0.07128892838954926,0.4603079557418823
116,14,0.8248114369809627,1.018033504486084,0.955966591835022,0.018526457250118256,0.04605657234787941,0.3654283881187439
116,15,0.9733410153537989,1.0180195569992065,0.9556633234024048,0.01808316446840763,0.08124351501464844,0.47927775979042053
116,16,0.9443782817572355,1.0181081295013428,0.9555686116218567,0.016739724203944206,0.07138468325138092,0.4615185260772705
116,17,0.8941425306722521,1.018061637878418,0.9556130170822144,0.009395028464496136,0.10257060825824738,0.3874419629573822
116,18,0.896107629686594,1.0170994997024536,0.9555699229240417,0.009976375848054886,0.10963849723339081,0.38195887207984924
116,19,1.1706915030255913,1.017218828201294,0.9559277296066284,0.010075093246996403,0.2621600031852722,0.5038270950317383
116,20,1.0951913056895137,1.0180073976516724,0.9559744000434875,0.010936173610389233,0.15377847850322723,0.5356802940368652
117,0,30.923857665061952,1.014736294746399,0.9569518566131592,20.652433395385742,6.939872741699219,2.937213897705078
117,1,29.096812343597414,1.016719102859497,0.9580845832824707,21.997039794921875,6.064097881317139,0.6407139301300049
117,2,20.02498479783535,1.0167163610458374,0.9581660032272339,17.68570899963379,1.7006562948226929,0.24364303052425385
117,3,21.343864130973817,1.0146673917770386,0.9571373462677002,19.165613174438477,1.4583930969238281,0.3254969120025635
117,4,2.638010559603572,1.0154452323913574,0.9567991495132446,0.024619730189442635,2.1684868335723877,0.05045511946082115
117,5,2.6408613573759796,1.015460729598999,0.9559367299079895,0.0166634451597929,2.1687023639678955,0.06121605634689331
117,6,1.3825952719897032,1.0155246257781982,0.9556095600128174,0.014287961646914482,0.9042343497276306,0.06984612345695496
117,7,0.8113653045147657,1.0156787633895874,0.9558151960372925,0.011927729472517967,0.3047196567058563,0.10041912645101547
117,8,0.8041704317554832,1.0156747102737427,0.9559383988380432,0.010176344774663448,0.3244883120059967,0.07518315315246582
117,9,0.80053831320256,1.0155137777328491,0.9556867480278015,0.011151048354804516,0.34478554129600525,0.050361618399620056
117,10,0.6153492733836174,1.015711784362793,0.9557859897613525,0.010839924216270447,0.15888088941574097,0.051328904926776886
117,11,0.6045611901208758,1.0156934261322021,0.9557173848152161,0.010726756416261196,0.154334157705307,0.04521811380982399
117,12,0.5569077817723155,1.0152727365493774,0.9557102918624878,0.011006697081029415,0.10394284874200821,0.04776163026690483
117,13,0.6047482265159487,1.0165420770645142,0.9556648135185242,0.010628688149154186,0.13360990583896637,0.06606825441122055
117,14,0.5760926259681582,1.0164750814437866,0.95570969581604,0.011569659225642681,0.12000458687543869,0.05008142441511154
117,15,0.5638584950938821,1.0164756774902344,0.9556348919868469,0.0106181176379323,0.11524708569049835,0.04357117787003517
117,16,0.5246514873579144,1.0167760848999023,0.9555872082710266,0.011560962535440922,0.07397158443927765,0.044646281749010086
117,17,0.5000157432630659,1.0167549848556519,0.9555626511573792,0.010664341039955616,0.05427762120962143,0.04061025381088257
117,18,0.5079030789434911,1.0167546272277832,0.9555638432502747,0.009908951818943024,0.06026190146803856,0.04326853156089783
117,19,0.5224862933158875,1.0157524347305298,0.955629289150238,0.010752826929092407,0.057429585605859756,0.06002753600478172
117,20,0.5158048801124097,1.0156102180480957,0.9556277990341187,0.010519277304410934,0.04108794033527374,0.06995005905628204
117,21,0.5223776772618294,1.0156288146972656,0.9556496739387512,0.00877007469534874,0.047734733670949936,0.07161717116832733
117,22,0.6149056889116764,1.015572190284729,0.9555900692939758,0.010270275175571442,0.052548106759786606,0.1578548550605774
117,23,0.6097547017037869,1.0160834789276123,0.9555685520172119,0.010657701641321182,0.04108237475156784,0.16368421912193298
118,0,34.18728039264679,1.0162113904953003,4.948422908782959,24.83713722229004,5.630690574645996,2.5265257358551025
118,1,14.474495351314545,1.0162113904953003,4.065892219543457,7.060801982879639,5.5290398597717285,0.868232786655426
118,2,11.024298119544984,1.0216602087020874,3.34267258644104,8.227747917175293,1.7571110725402832,0.16657257080078125
118,3,9.609564745426178,1.0161255598068237,2.762238025665283,7.5100998878479,1.0937895774841309,0.25000256299972534
118,4,1.490093455836177,1.0175520181655884,1.9287230968475342,0.02037590555846691,0.6372551321983337,0.2432073950767517
118,5,1.28163239415735,1.0206842422485352,1.6388423442840576,0.014919406734406948,0.47271206974983215,0.2620956003665924
118,6,1.004263506270945,1.019110083580017,1.4293378591537476,0.012981296516954899,0.31604883074760437,0.18554379045963287
118,7,1.0222003206610681,1.018235206604004,1.1552032232284546,0.015700139105319977,0.3348722457885742,0.23694024980068207
118,8,0.8541292790323496,1.0175516605377197,1.0843816995620728,0.019006172195076942,0.2079019844532013,0.20683445036411285
118,9,0.7253838853910566,1.0175286531448364,1.0324618816375732,0.014089670963585377,0.11231078952550888,0.18898531794548035
118,10,0.7277855433523654,1.0177099704742432,0.9793100357055664,0.014136765152215958,0.14723606407642365,0.16700871288776398
118,11,0.6689525134861469,1.01814603805542,0.9684046506881714,0.014181006699800491,0.10415461659431458,0.1533067524433136
118,12,1.124290040321648,1.018129825592041,0.9624265432357788,0.012262952513992786,0.5360787510871887,0.17983706295490265
118,13,0.8700315752997995,1.01691472530365,0.956881582736969,0.010529310442507267,0.28111541271209717,0.18362759053707123
118,14,0.8024774799123406,1.017185091972351,0.9562373757362366,0.009910778142511845,0.1895754337310791,0.20830677449703217
118,15,0.7670044526457787,1.0171701908111572,0.9557867646217346,0.010496445000171661,0.16374817490577698,0.19816844165325165
118,16,0.7371542526409031,1.0172690153121948,0.9557508826255798,0.009228433482348919,0.11090031266212463,0.2224215269088745
118,17,0.7289075890555978,1.017645239830017,0.9557849168777466,0.010252163745462894,0.1173715591430664,0.20659783482551575
119,0,33.93150947093964,1.0162113904953003,4.948422908782959,24.087867736816406,6.396815299987793,2.253899574279785
119,1,28.520922999083997,1.0183428525924683,4.064641952514648,23.64977264404297,3.807126760482788,0.04742663353681564
119,2,23.97089610733092,1.018338918685913,3.33817195892334,21.314945220947266,1.757622480392456,0.027026230469346046
119,3,25.457560566812752,1.0200765132904053,2.741978645324707,23.040285110473633,1.631556749343872,0.033307675272226334
119,4,1.019648563861847,1.0169159173965454,1.908320665359497,0.0327768549323082,0.37917131185531616,0.02265308052301407
119,5,1.0407026529312136,1.0169811248779297,1.636672854423523,0.012317849323153496,0.4776283800601959,0.020025627687573433
119,6,0.9204915627837181,1.0157455205917358,1.4284229278564453,0.01107730157673359,0.39883261919021606,0.021747952327132225
119,7,0.6311112219467759,1.0163706541061401,1.1616857051849365,0.00993416365236044,0.1627497524023056,0.02281603403389454
119,8,0.627269622683525,1.0163627862930298,1.087335228919983,0.010104028508067131,0.1709429770708084,0.025483014062047005
119,9,0.6297891950234771,1.0161902904510498,1.0324803590774536,0.010660161264240742,0.1878352016210556,0.02155970223248005
119,10,0.5474814746528864,1.0175154209136963,0.9796001315116882,0.01106993854045868,0.11657813936471939,0.020410286262631416
119,11,0.5567313147708775,1.0174140930175781,0.9682582020759583,0.00939092691987753,0.12601183354854584,0.02419409528374672
119,12,0.5547705857083202,1.0174169540405273,0.9621675610542297,0.010313994251191616,0.12525194883346558,0.023287739604711533
119,13,0.5107748111709952,1.017584204673767,0.9564651846885681,0.010778325609862804,0.08256935328245163,0.02261725440621376
119,14,0.5429707005620003,1.019028902053833,0.9559518098831177,0.011384082958102226,0.1133156567811966,0.023274818435311317
119,15,0.5476463606581092,1.0190469026565552,0.9558000564575195,0.012334701605141163,0.11496414244174957,0.02537812478840351
119,16,0.527098947763443,1.0190973281860352,0.9556130170822144,0.011624274775385857,0.09805478155612946,0.02247782237827778
119,17,0.5350032687187195,1.0184948444366455,0.9555622339248657,0.011042270809412003,0.10371892154216766,0.02543066069483757
119,18,0.5472463028505445,1.0185297727584839,0.9556060433387756,0.010017282329499722,0.12115024030208588,0.02125161699950695
119,19,0.602412735670805,1.0184246301651,0.9556226134300232,0.01030435785651207,0.1454271674156189,0.05187176167964935
120,0,32.10078765153885,1.0162078142166138,0.9557213187217712,22.82966423034668,6.637090682983398,2.2396469116210938
120,1,31.438951921463012,1.0170526504516602,0.9555673003196716,24.736879348754883,5.417278289794922,0.8902702927589417
120,2,12.709253895282746,1.0170528888702393,0.9557958245277405,9.709406852722168,1.845625877380371,0.7596514225006104
120,3,11.477100443840026,1.0238032341003418,0.9555797576904297,9.587035179138184,1.1073845624923706,0.38680410385131836
120,4,1.3039665210992097,1.0217223167419434,0.9555700421333313,0.011438565328717232,0.6617357730865479,0.23533371090888977
120,5,1.4543634878471494,1.0170331001281738,0.9556791186332703,0.010692243464291096,0.7927192449569702,0.25640955567359924
120,6,1.365642074495554,1.0170031785964966,0.9556930065155029,0.010407838970422745,0.741470992565155,0.2192240059375763
120,7,1.1112999627366662,1.0170363187789917,0.9556193351745605,0.011266783811151981,0.49391981959342957,0.2115822285413742
120,8,1.0766700645908713,1.0185186862945557,0.9556217193603516,0.010586856864392757,0.459015429019928,0.21223969757556915
120,9,1.0633766757324339,1.0184662342071533,0.9556066989898682,0.012953479774296284,0.4528375267982483,0.20277108252048492
120,10,0.9229024419561028,1.0206800699234009,0.9556706547737122,0.00990165863186121,0.3101302981376648,0.20760034024715424
120,11,0.8503183694556355,1.0208501815795898,0.955575168132782,0.010567081160843372,0.23611530661582947,0.20835091173648834
120,12,0.7200613787397743,1.0220643281936646,0.955701470375061,0.009466170333325863,0.13590386509895325,0.17913818359375
120,13,0.7684316506609321,1.0199509859085083,0.9556151032447815,0.010509653948247433,0.1224367767572403,0.24037200212478638
120,14,0.7318336328491568,1.0197454690933228,0.9557545781135559,0.009732148610055447,0.09895933419466019,0.2280421406030655
120,15,0.7116431245580316,1.0206022262573242,0.9556718468666077,0.012351111508905888,0.09684471786022186,0.20719248056411743
120,16,0.678523307479918,1.0208873748779297,0.9558807611465454,0.010924630798399448,0.10011754930019379,0.17212750017642975
120,17,0.7251643627882004,1.02052903175354,0.9558722972869873,0.010635145008563995,0.07171527296304703,0.2475336790084839
120,18,0.6554028885439038,1.020742654800415,0.9558260440826416,0.011563253588974476,0.062014125287532806,0.18651176989078522
120,19,0.6943757236003876,1.0221686363220215,0.9560794234275818,0.010544627904891968,0.07613329589366913,0.21204818785190582
120,20,0.6738279178738594,1.02302086353302,0.9559556841850281,0.010212965309619904,0.056810393929481506,0.21100924909114838
120,21,0.6628897804766893,1.022093653678894,0.9559621810913086,0.01023138128221035,0.05416148528456688,0.20288574695587158
120,22,0.7194257557392121,1.0217869281768799,0.9558337330818176,0.010397005826234818,0.045612167567014694,0.267892450094223
120,23,0.7354231392964721,1.0218021869659424,0.9558283686637878,0.009936912916600704,0.04779178649187088,0.28216832876205444
120,24,0.6816159190610052,1.021120548248291,0.955854594707489,0.009845727123320103,0.04909201338887215,0.22728314995765686
121,0,33.82904598712921,1.0162113904953003,4.948422908782959,22.983379364013672,6.8671088218688965,2.785630941390991
121,1,31.443350368738173,1.0150679349899292,4.0655903816223145,24.844703674316406,5.268012523651123,0.3145025074481964
121,2,23.114582711458205,1.0150679349899292,3.3478026390075684,19.769929885864258,2.243147850036621,0.22893086075782776
121,3,25.73757882118225,1.01556396484375,2.7532827854156494,21.064193725585938,3.4051613807678223,0.5144543647766113
121,4,1.8525756100192665,1.0161244869232178,1.9090784788131714,0.013979566283524036,1.2085031270980835,0.04505232349038124
121,5,1.8922689516097306,1.0161290168762207,1.6343704462051392,0.011373532935976982,1.2990374565124512,0.051758069545030594
121,6,1.3259231429547071,1.0157612562179565,1.418946623802185,0.009705504402518272,0.7826341986656189,0.046641863882541656
121,7,1.137658110819757,1.0155205726623535,1.154050350189209,0.011700916104018688,0.6456235647201538,0.04641944542527199
121,8,1.1294586528092623,1.015352487564087,1.0779757499694824,0.010151753202080727,0.6504411101341248,0.050200141966342926
121,9,1.1788462586700916,1.0153448581695557,1.029474139213562,0.01220584288239479,0.7074450254440308,0.05023159086704254
121,10,1.1337188327685,1.0176923274993896,0.979910135269165,0.011922665871679783,0.68062824010849,0.04164743423461914
121,11,0.8679788468405605,1.0175570249557495,0.9679526090621948,0.010800509713590145,0.40338239073753357,0.056694019585847855
121,12,1.001258185133338,1.0175622701644897,0.9614564776420593,0.011648623272776604,0.5359928607940674,0.057812951505184174
121,13,0.8870209457352758,1.0179511308670044,0.957121729850769,0.012657766230404377,0.4305259585380554,0.04882264882326126
121,14,0.9787050936371088,1.0181044340133667,0.9564206004142761,0.011489162221550941,0.5194215178489685,0.05288940668106079
121,15,0.8915720827877521,1.018088459968567,0.955610454082489,0.010211039334535599,0.43117544054985046,0.05544582009315491
121,16,0.6096750076860189,1.017710566520691,0.9555656313896179,0.010600810870528221,0.161667138338089,0.042751818895339966
121,17,0.5376513401046396,1.0176812410354614,0.9555678963661194,0.010504123754799366,0.08742206543684006,0.045075323432683945
121,18,0.5597806820645929,1.0178825855255127,0.9555659294128418,0.009540439583361149,0.1112559363245964,0.044294603168964386
121,19,0.5647216089069843,1.0173815488815308,0.9556563496589661,0.00990234687924385,0.11070983856916428,0.04950184375047684
121,20,0.5219667563214898,1.0175819396972656,0.9556348919868469,0.009607774205505848,0.07545777410268784,0.04225784167647362
121,21,0.5491179347038269,1.0178653001785278,0.9557780623435974,0.010411612689495087,0.10051676630973816,0.04346088320016861
121,22,0.563815894536674,1.0175598859786987,0.9555624723434448,0.01049679797142744,0.10532806813716888,0.05336655676364899
121,23,0.5207609988749027,1.0176995992660522,0.9556254744529724,0.010091327130794525,0.056923288851976395,0.059081368148326874
121,24,0.5455402342602611,1.0177388191223145,0.9559580683708191,0.009191489778459072,0.08142506331205368,0.0601843036711216
122,0,28.78302071094513,1.0162113904953003,4.948422908782959,20.938844680786133,5.154950141906738,1.4962990283966064
122,1,27.36123937368393,1.0147234201431274,4.064837455749512,22.355958938598633,3.381035089492798,0.608333170413971
122,2,25.035673353075982,1.0184564590454102,3.3459222316741943,22.215679168701172,1.7146118879318237,0.23250655829906464
122,3,22.726701217889786,1.0147874355316162,2.7619502544403076,20.31867218017578,1.5482516288757324,0.10442987084388733
122,4,2.021527085453272,1.014870524406433,1.9091920852661133,0.05303755775094032,0.8214892745018005,0.5621877312660217
122,5,1.3884599942713978,1.0146924257278442,1.6303027868270874,0.023177193477749825,0.6491239070892334,0.18715985119342804
122,6,1.2163324348628521,1.0146393775939941,1.4146345853805542,0.020585190504789352,0.5471577644348145,0.16273468732833862
122,7,1.2135841753333807,1.0146440267562866,1.140106201171875,0.019525444135069847,0.5418177247047424,0.2212909609079361
122,8,1.2244878470897675,1.0146136283874512,1.064050555229187,0.01798442006111145,0.4566749334335327,0.33409565687179565
122,9,1.1225894637405873,1.014613389968872,1.0173910856246948,0.020181823521852493,0.352906733751297,0.34310001134872437
122,10,0.7769485611468554,1.0147223472595215,0.9722025990486145,0.015531765297055244,0.24924570322036743,0.11478610336780548
122,11,0.6509366881102323,1.0151164531707764,0.9626348614692688,0.015303460881114006,0.16089560091495514,0.07918736338615417
122,12,0.6561167299747467,1.0152512788772583,0.9584905505180359,0.016809940338134766,0.15865464508533478,0.08590377867221832
122,13,0.5611410092562438,1.0152074098587036,0.9555922150611877,0.01656581275165081,0.08109121769666672,0.0693240538239479
122,14,0.5521010842174292,1.015188217163086,0.955819308757782,0.015289342030882835,0.06312575936317444,0.0794844776391983
122,15,0.5349674243479967,1.0155450105667114,0.9561721682548523,0.016850078478455544,0.06435684859752655,0.059417061507701874
122,16,0.8206708163022995,1.015587568283081,0.9565375447273254,0.01358586922287941,0.049440544098615646,0.36321938037872314
122,17,0.8511996021494269,1.0155892372131348,0.9563876986503601,0.013930275104939938,0.11489816009998322,0.3279757797718048
122,18,0.8612769238650799,1.0153844356536865,0.9566822648048401,0.013324324041604996,0.09428567439317703,0.35925358533859253
122,19,0.7284827077761292,1.0159980058670044,0.9562811255455017,0.013562542386353016,0.05264034494757652,0.2678239941596985
122,20,0.756846559047699,1.0159428119659424,0.9569101929664612,0.012134470045566559,0.047944001853466034,0.30219748616218567
122,21,0.7619968011975289,1.0158255100250244,0.9576410055160522,0.013405416160821915,0.04813266173005104,0.30576542019844055
123,0,31.295372784137726,1.0163917541503906,0.9555817246437073,21.859025955200195,6.633893013000488,2.4080591201782227
123,1,30.594106364250184,1.0169031620025635,0.9555891156196594,22.442258834838867,6.933684349060059,0.8236647248268127
123,2,25.40444458127022,1.0187653303146362,0.9573702216148376,20.816383361816406,4.03709602355957,0.15573808550834656
123,3,15.328013142943382,1.0187829732894897,0.9555623531341553,13.298205375671387,1.4625834226608276,0.1723552793264389
123,4,2.776374962925911,1.0152233839035034,0.957537829875946,0.03285233676433563,2.197136640548706,0.15183374285697937
123,5,1.0618264794349672,1.0153545141220093,0.9572341442108154,0.01868376135826111,0.4914606809616089,0.1571643054485321
123,6,1.0232172224670648,1.015358328819275,0.9566742181777954,0.01431942917406559,0.47277480363845825,0.14171648025512695
123,7,1.1540475618094206,1.0151855945587158,0.955875039100647,0.011451048776507378,0.3995535373687744,0.34883084893226624
123,8,1.1601046539843083,1.015291452407837,0.9564492106437683,0.010420981794595718,0.39944183826446533,0.35589370131492615
123,9,1.3784158272668718,1.0152904987335205,0.9566386938095093,0.012192676775157452,0.627653181552887,0.34418413043022156
123,10,1.2783377122133972,1.0150196552276611,0.9559859037399292,0.010853676125407219,0.6486948728561401,0.2245880514383316
123,11,1.268409013748169,1.0158307552337646,0.9559561610221863,0.009213835000991821,0.6526415944099426,0.2121962010860443
123,12,1.3361569890752434,1.0159969329833984,0.9558073878288269,0.00934490654617548,0.7417113184928894,0.19073989987373352
124,0,31.919409608840944,1.0162113904953003,4.948422908782959,22.868547439575195,6.085901737213135,1.7720335721969604
124,1,22.172045493125914,1.0162113904953003,4.066981315612793,12.337857246398926,7.928215503692627,0.8893342018127441
124,2,16.961240911483763,1.0215396881103516,3.320509195327759,9.758896827697754,5.691224575042725,0.6427097320556641
124,3,13.633032521605491,1.0181128978729248,2.726206064224243,12.000417709350586,0.8084730505943298,0.07527796924114227
124,4,1.2239816468209028,1.0147037506103516,1.890430212020874,0.0240612905472517,0.5481469631195068,0.07074660062789917
124,5,0.8384481251239777,1.0146076679229736,1.6094858646392822,0.017496097832918167,0.2338065207004547,0.06232680007815361
124,6,0.8098178409039974,1.0150781869888306,1.4067176580429077,0.02014916017651558,0.21138857305049896,0.09392093867063522
124,7,0.7708343084901572,1.0157198905944824,1.1565265655517578,0.011675773188471794,0.24508105218410492,0.07962819188833237
124,8,0.6964938623830677,1.0163185596466064,1.0861389636993408,0.011768481694161892,0.20646321773529053,0.057770658284425735
124,9,0.5666462682187557,1.015293002128601,1.0395063161849976,0.01090971753001213,0.06775917857885361,0.07701750844717026
124,10,0.7017933916300536,1.015324354171753,0.9856463670730591,0.011054394766688347,0.05855071544647217,0.2319941371679306
124,11,0.8364472448825837,1.015317678451538,0.9751971960067749,0.012328162789344788,0.10109277069568634,0.3249233365058899
124,12,0.930388399027288,1.0160713195800781,0.968468427658081,0.01116956677287817,0.11985519528388977,0.4024556875228882
124,13,0.8493265470489859,1.0156242847442627,0.9601389169692993,0.009134060703217983,0.06271261721849442,0.38232722878456116
124,14,0.917858456633985,1.0156219005584717,0.9590774774551392,0.0102009242400527,0.09399642795324326,0.4187212288379669
124,15,1.0118191946297883,1.0158336162567139,0.9580300450325012,0.010735796764492989,0.09969764947891235,0.50661301612854
125,0,31.636461114883424,1.0162113904953003,4.948422908782959,22.051481246948242,6.589256763458252,1.8027962446212769
125,1,28.0101886510849,1.014604926109314,4.065732955932617,21.719295501708984,4.821135520935059,0.4536900520324707
125,2,11.478133270144463,1.0146050453186035,3.3196892738342285,8.433842658996582,1.9805766344070435,0.1968551129102707
125,3,11.697762644290924,1.0151219367980957,2.7233498096466064,8.494017601013184,2.2885901927948,0.16746050119400024
125,4,2.255983489006758,1.0146267414093018,1.8916223049163818,0.010633748024702072,1.4530029296875,0.21109700202941895
125,5,1.522235262580216,1.0157217979431152,1.6186513900756836,0.00922937411814928,0.6670415997505188,0.3190896511077881
125,6,1.703093184158206,1.0154287815093994,1.4118952751159668,0.009987367317080498,0.7616109848022461,0.44603002071380615
125,7,1.1574681378901004,1.01691734790802,1.1518681049346924,0.010383281856775284,0.3298058807849884,0.3835218846797943
125,8,1.1293536493554712,1.0177468061447144,1.0743409395217896,0.010429651476442814,0.2831321060657501,0.4173743426799774
125,9,0.9223891975358129,1.0177096128463745,1.0275652408599854,0.010697093792259693,0.1906885951757431,0.3119485378265381
125,10,1.1151212906464933,1.0181487798690796,0.9789091348648071,0.011218822561204433,0.17323826253414154,0.5312526226043701
125,11,1.1807164795696736,1.0177662372589111,0.9677850604057312,0.010254908353090286,0.1308373212814331,0.6425139904022217
125,12,1.5060906322672962,1.01777184009552,0.9627130031585693,0.009924446232616901,0.11909954994916916,0.9809696674346924
125,13,0.580193099193275,1.0187891721725464,0.9573254585266113,0.010700742714107037,0.09116113930940628,0.08310829102993011
125,14,0.7692601630464196,1.018176555633545,0.956712007522583,0.010100946761667728,0.12239709496498108,0.24178440868854523
125,15,0.6950472854077816,1.0171701908111572,0.9565619230270386,0.00998004898428917,0.08473370969295502,0.20558710396289825
125,16,0.7599381815642119,1.0172693729400635,0.9566006660461426,0.010060830041766167,0.1007581353187561,0.25434520840644836
125,17,0.7717154651880265,1.01689875125885,0.9565379619598389,0.010311752557754517,0.08660094439983368,0.28011542558670044
125,18,0.7343256112188101,1.0166444778442383,0.9561070799827576,0.009975334629416466,0.08217944204807281,0.24762052297592163
125,19,0.7873541727662087,1.0169811248779297,0.9564298391342163,0.011753089725971222,0.09612390398979187,0.28479498624801636
126,0,32.059657788276674,1.0151034593582153,0.9556500911712646,22.563941955566406,7.0353546142578125,2.0662105083465576
126,1,25.817565667629243,1.0146058797836304,0.9561879634857178,21.678993225097656,3.2372403144836426,0.5071733593940735
126,2,26.105927270650863,1.01470947265625,0.9555745720863342,23.586013793945312,1.8243099451065063,0.30154672265052795
126,3,21.903450077772142,1.014708161354065,0.956619381904602,19.71535301208496,1.6552749872207642,0.138556569814682
126,4,0.8957923147827387,1.0151317119598389,0.9573487043380737,0.01917552761733532,0.4424109160900116,0.03970978781580925
126,5,0.8318693123757839,1.0155463218688965,0.9560397863388062,0.013112109154462814,0.39170947670936584,0.032730504870414734
126,6,0.6390324786305428,1.01588773727417,0.956226646900177,0.0092732273042202,0.20375555753707886,0.03158081695437431
126,7,0.5712377108633518,1.016185998916626,0.956328809261322,0.010500505566596985,0.13475462794303894,0.0314796157181263
126,8,0.6201559111475945,1.016435980796814,0.9557245969772339,0.011336106806993484,0.16343030333518982,0.05095738545060158
126,9,0.6172330264002085,1.0160088539123535,0.9556249976158142,0.01155477948486805,0.12373322993516922,0.08761824667453766
126,10,0.8082130605354905,1.0167241096496582,0.9556207656860352,0.011034064926207066,0.12674131989479065,0.2759687006473541
126,11,0.7476042184978724,1.0167595148086548,0.9555977582931519,0.010723279789090157,0.11856993287801743,0.22383955121040344
126,12,0.896694097481668,1.0174040794372559,0.9557833075523376,0.01081716176122427,0.06900981068611145,0.4222296476364136
126,13,0.9606177348643541,1.0171401500701904,0.9557152390480042,0.010498808696866035,0.08857162296772003,0.46697622537612915
127,0,28.121125912666322,1.0162113904953003,4.948422908782959,19.244962692260742,6.051973819732666,1.6312625408172607
127,1,29.736931830644608,1.0295242071151733,4.065811634063721,20.465530395507812,7.887470245361328,0.3648640215396881
127,2,21.996688095480202,1.018833875656128,3.354879379272461,19.494243621826172,1.5748064517974854,0.05289537087082863
127,3,21.544060695171357,1.0160671472549438,2.77401065826416,19.093387603759766,1.5413174629211426,0.1513400673866272
127,4,1.3143164016306401,1.0168566703796387,1.9253095388412476,0.0479915477335453,0.4813123941421509,0.1965792179107666
127,5,1.1806329783052205,1.0168613195419312,1.6500544548034668,0.022423377260565758,0.41028842329978943,0.21453802287578583
127,6,0.976028778962791,1.017091989517212,1.4421353340148926,0.013455617241561413,0.2747478783130646,0.19597981870174408
127,7,0.824047140777111,1.016621470451355,1.1742408275604248,0.011883832514286041,0.17704333364963531,0.19694751501083374
127,8,0.7018289169296622,1.0161089897155762,1.1010568141937256,0.012402026914060116,0.13091330230236053,0.13508042693138123
127,9,0.6845040909945965,1.0173981189727783,1.0488340854644775,0.011514563113451004,0.12438144534826279,0.13536164164543152
127,10,0.7248267494142056,1.0155349969863892,0.9915933012962341,0.010770495980978012,0.1501179039478302,0.16251268982887268
127,11,0.6913571603596211,1.0148985385894775,0.9775812029838562,0.011085126549005508,0.15509337186813354,0.12668271362781525
127,12,0.6735968196764588,1.0151069164276123,0.9674908518791199,0.011638113297522068,0.13799838721752167,0.12744076550006866
127,13,0.625932844541967,1.0152453184127808,0.9587180018424988,0.011106631718575954,0.10125962644815445,0.1187739223241806
127,14,0.6674706600606441,1.01527738571167,0.9564293622970581,0.01156863197684288,0.08555907011032104,0.17600160837173462
127,15,0.6260103126987815,1.015291452407837,0.956170916557312,0.012416793964803219,0.0915641188621521,0.1277369260787964
127,16,0.6349905857816339,1.0152795314788818,0.9559295773506165,0.012741715647280216,0.10481774061918259,0.12318930774927139
127,17,0.6505715817213058,1.0152820348739624,0.9559467434883118,0.01122651994228363,0.12797346711158752,0.11712583899497986
127,18,0.5936480905860663,1.0154643058776855,0.9558289051055908,0.010388454422354698,0.07021279633045197,0.11878819763660431
127,19,0.567635058797896,1.0154143571853638,0.9556175470352173,0.009807259775698185,0.08071807771921158,0.08290334045886993
127,20,0.5575553687289357,1.015416145324707,0.9556508660316467,0.011548389680683613,0.06934899836778641,0.08244457840919495
127,21,0.5489280693233014,1.0152990818023682,0.9555718898773193,0.011028435081243515,0.0631437674164772,0.0805816724896431
127,22,0.5248692248016597,1.015568494796753,0.9555646181106567,0.010364623740315437,0.05097130686044693,0.06930667161941528
127,23,0.5060584118589759,1.015620470046997,0.9555914998054504,0.011617149226367474,0.03845762088894844,0.06174124777317047
127,24,0.511834692209959,1.0156152248382568,0.9558826088905334,0.010690759867429733,0.04250086843967438,0.06434349715709686
128,0,32.513119435310365,1.0162113904953003,4.948422908782959,21.012903213500977,7.716107368469238,2.591181993484497
128,1,30.537736439704894,1.0153107643127441,4.065968036651611,23.082334518432617,5.7622809410095215,0.6768652200698853
128,2,26.763576197624207,1.015311598777771,3.3398289680480957,21.366077423095703,3.5993716716766357,0.9270989894866943
128,3,22.707137084007265,1.0146178007125854,2.7394769191741943,19.019405364990234,1.9646409749984741,0.9722718000411987
128,4,1.4019010424613954,1.0146057605743408,1.8904976844787598,0.050238922238349915,0.6046996712684631,0.1659417599439621
128,5,1.382511230558157,1.01460599899292,1.6065784692764282,0.03657975420355797,0.6495723724365234,0.17212221026420593
128,6,1.4106662333011628,1.0147801637649536,1.3994331359863281,0.034105509519577026,0.6033374071121216,0.29038065671920776
128,7,1.0939214520156384,1.0148390531539917,1.1435085535049438,0.013800110667943954,0.4581422507762909,0.1903095692396164
128,8,0.6491910994052887,1.0146090984344482,1.0736607313156128,0.013106781989336014,0.19245387613773346,0.025976475328207016
128,9,0.5097375987097621,1.0147324800491333,1.0270365476608276,0.012480455450713634,0.06723428517580032,0.02166905254125595
128,10,0.4924198152497411,1.0153981447219849,0.9774376749992371,0.009787608869373798,0.05581459775567055,0.028250444680452347
129,0,32.30902097225189,1.0199569463729858,0.9556937217712402,22.55963134765625,5.340928554534912,4.013330936431885
129,1,28.13387046456337,1.0244758129119873,0.9710958003997803,21.099573135375977,6.2408270835876465,0.3943559229373932
129,2,23.38918254375458,1.0244839191436768,0.9607410430908203,18.990459442138672,3.4388232231140137,0.5628548860549927
129,3,21.08509404659271,1.0196737051010132,0.9643879532814026,18.449861526489258,1.5489764213562012,0.6894437670707703
129,4,1.6320156432688235,1.014611005783081,0.9577768445014954,0.011358771473169327,0.89687579870224,0.329303503036499
129,5,1.3972998149693012,1.0146105289459229,0.9569022059440613,0.01253436878323555,0.6090906858444214,0.38137221336364746
129,6,1.1448118118569255,1.0148558616638184,0.958906352519989,0.015516641549766064,0.39379772543907166,0.3407450020313263
129,7,1.011249363794923,1.0153089761734009,0.9594643115997314,0.013936424627900124,0.2107982635498047,0.39156001806259155
129,8,0.8167194336652757,1.0156306028366089,0.9574862718582153,0.012173280119895935,0.21596625447273254,0.19395652413368225
129,9,0.8251343397423625,1.0156145095825195,0.9565783143043518,0.012965965084731579,0.19551488757133484,0.22221492230892181
129,10,0.6797914547845721,1.0158573389053345,0.9563952088356018,0.012950698845088482,0.1073099821805954,0.165080264210701
129,11,0.696681826747954,1.015986442565918,0.9562393426895142,0.01183681283146143,0.07824397832155228,0.21215587854385376
129,12,0.7706387316808104,1.0159862041473389,0.9561886191368103,0.011313929222524166,0.0919129028916359,0.27297693490982056
129,13,0.7223382646217943,1.0153396129608154,0.9559437036514282,0.01140782330185175,0.0881500318646431,0.22852374613285065
129,14,0.6751113019883632,1.0156843662261963,0.9562090039253235,0.011404354125261307,0.06492321938276291,0.2044050544500351
129,15,0.6692672016099096,1.0156739950180054,0.9562315940856934,0.010212031193077564,0.06299293041229248,0.20168112218379974
129,16,0.7330670967698097,1.0153430700302124,0.955916166305542,0.010925062000751495,0.04890218377113342,0.2789880037307739
129,17,0.8076127940788865,1.0155787467956543,0.9558107256889343,0.011367500759661198,0.048642002046108246,0.35332539677619934
129,18,0.8597832009196281,1.0157482624053955,0.9557542204856873,0.011960398405790329,0.051088135689496994,0.40243417024612427
129,19,0.800978721305728,1.0157525539398193,0.9559496641159058,0.010137556120753288,0.05468876659870148,0.3418119549751282
129,20,0.7761444754898548,1.0154144763946533,0.9559183120727539,0.010346606373786926,0.052738044410943985,0.31879326701164246
129,21,0.7447651362046599,1.015309453010559,0.9559866786003113,0.009796756319701672,0.036210332065820694,0.3044988214969635
130,0,31.517054533958436,1.0162113904953003,4.948422908782959,21.327003479003906,6.596447467803955,2.400676727294922
130,1,28.263512444496154,1.0162113904953003,4.066038608551025,19.8984317779541,6.582355976104736,0.7662746906280518
130,2,23.855434936285018,1.0312678813934326,3.3249075412750244,20.466175079345703,2.2642812728881836,0.2537434995174408
130,3,19.536922055482865,1.0269663333892822,2.7306108474731445,16.953046798706055,1.4875597953796387,0.34480002522468567
130,4,1.486482808738947,1.0261458158493042,1.905038833618164,0.035434696823358536,0.6279031038284302,0.23690807819366455
130,5,1.3919505927711726,1.022858738899231,1.6289958953857422,0.01724841631948948,0.6553420424461365,0.18898920714855194
130,6,1.2738396495580675,1.0228403806686401,1.4172310829162598,0.012393109500408173,0.6761841773986816,0.09724806994199753
130,7,0.9699255224317312,1.017837405204773,1.1509963274002075,0.011534681543707848,0.39601612091064453,0.12860797345638275
130,8,0.9363887757062912,1.0181167125701904,1.078122615814209,0.010176688432693481,0.3748372197151184,0.13212700188159943
130,9,1.1570622701197864,1.0187745094299316,1.0309712886810303,0.010438861325383186,0.19376623630523682,0.5429080128669739
130,10,1.0735825948417186,1.019666314125061,0.9821981191635132,0.010614719241857529,0.1408391147851944,0.5217558741569519
130,11,1.1326339503750205,1.0189669132232666,0.9721441864967346,0.009648731909692287,0.10804655402898788,0.6167164444923401
130,12,1.1094226581975817,1.0182420015335083,0.9651643633842468,0.00914029311388731,0.10577312111854553,0.5978279709815979
130,13,1.0766486218199134,1.018320083618164,0.9574838876724243,0.010084032081067562,0.10657605528831482,0.5648277401924133
130,14,1.0099233776330947,1.0183287858963013,0.9568345546722412,0.010436072945594788,0.08730357885360718,0.5171510577201843
131,0,32.331752276420595,1.0162113904953003,4.948422908782959,23.059829711914062,5.427714824676514,2.6512808799743652
131,1,26.027127504348755,1.0162113904953003,4.065112590789795,19.251216888427734,5.003180980682373,0.7564648389816284
131,2,23.27551989555359,1.0147839784622192,3.3460190296173096,19.800922393798828,1.899478793144226,0.7029581069946289
131,3,20.539854645729065,1.0146286487579346,2.764521598815918,19.078773498535156,0.5285365581512451,0.17671453952789307
131,4,1.241920179128647,1.0158482789993286,1.9268215894699097,0.05164223909378052,0.4534166753292084,0.1483272910118103
131,5,1.3256732132285833,1.016385555267334,1.638883352279663,0.027873774990439415,0.5116577744483948,0.25508788228034973
131,6,0.8357295595109463,1.0156553983688354,1.427182674407959,0.01727510616183281,0.13828371465206146,0.19160312414169312
131,7,0.7633747067302465,1.0155553817749023,1.1637603044509888,0.014565272256731987,0.09396960586309433,0.218976691365242
131,8,0.7738255947828293,1.0149306058883667,1.0977734327316284,0.012272119522094727,0.2376375049352646,0.10137516260147095
131,9,0.7462471874430776,1.0148361921310425,1.0399632453918457,0.011400093324482441,0.22860321402549744,0.09528399258852005
131,10,0.6613078674301505,1.014643907546997,0.9816274642944336,0.011712237261235714,0.21697954833507538,0.033361807465553284
131,11,0.7434699671342969,1.014611005783081,0.9712817668914795,0.01116486918181181,0.3043295741081238,0.030796969309449196
131,12,0.6714009404182435,1.014614462852478,0.9635306596755981,0.011260073632001877,0.22532761096954346,0.03918423131108284
131,13,0.7121806729584932,1.0146938562393188,0.9580041766166687,0.011158401146531105,0.2286425232887268,0.07784014195203781
131,14,0.6974731307476759,1.0146938562393188,0.9573763012886047,0.010685669258236885,0.2676519453525543,0.024721484631299973
131,15,0.6980742607265711,1.0147652626037598,0.9568681716918945,0.010752033442258835,0.275851845741272,0.017143694683909416
131,16,0.6989385344088078,1.0148437023162842,0.9564333558082581,0.010603277012705803,0.27838337421417236,0.01569647155702114
132,0,31.97864023447037,1.014902949333191,0.9572557806968689,22.88611602783203,6.122810363769531,2.575282096862793
132,1,18.635702243447305,1.014902949333191,0.969389796257019,11.923358917236328,6.136631965637207,0.17885281145572662
132,2,16.54305546283722,1.0148948431015015,0.9556224346160889,12.585615158081055,2.838665008544922,0.7246718406677246
132,3,14.581400299072266,1.0149788856506348,0.9556851983070374,11.140260696411133,2.519284248352051,0.5277225375175476
132,4,1.725159802287817,1.0177831649780273,0.9562211036682129,0.03806942328810692,0.4800616204738617,0.8122279047966003
132,5,1.7413474023342133,1.014988899230957,0.9559653401374817,0.033887505531311035,0.49352893233299255,0.8197401165962219
132,6,1.834028645604849,1.0146046876907349,0.9556682109832764,0.032204922288656235,0.6318613886833191,0.7759077548980713
132,7,1.8698250263929368,1.0156447887420654,0.9556231498718262,0.01984308660030365,0.6929736137390137,0.7627547383308411
132,8,2.0736182551831006,1.0157115459442139,0.9555977582931519,0.020456252619624138,0.8897159695625305,0.7691841721534729
132,9,1.837151349335909,1.016345739364624,0.955660879611969,0.018870461732149124,0.5373111367225647,0.8865684270858765
132,10,1.3319355361163616,1.0169131755828857,0.9556629061698914,0.01621062681078911,0.5265706181526184,0.3946390748023987
132,11,1.2347425606101752,1.0169137716293335,0.9555767178535461,0.015730997547507286,0.4278119206428528,0.39670154452323914
132,12,1.035171190649271,1.0167902708053589,0.9556217789649963,0.015779856592416763,0.26699745655059814,0.35791146755218506
132,13,0.9766669576987624,1.0176163911819458,0.955581784248352,0.011361709795892239,0.22967995703220367,0.34098565578460693
132,14,0.8759882748126984,1.0176204442977905,0.955603837966919,0.010730981826782227,0.20467045903205872,0.2659419775009155
132,15,0.7655871657654644,1.017418622970581,0.9556409120559692,0.011172610335052013,0.20054104924201965,0.15926159918308258
132,16,0.6303802937269211,1.0170209407806396,0.9556715488433838,0.010047394782304764,0.16799648106098175,0.05779791995882988
132,17,0.6458252511918545,1.0175782442092896,0.9558230042457581,0.009591910988092422,0.17844048142433167,0.06311260908842087
132,18,0.7433704316616059,1.0175286531448364,0.9557581543922424,0.010096289217472076,0.27398577332496643,0.06463100761175156
132,19,0.8316044377163053,1.0180630683898926,0.9559274911880493,0.011995797045528889,0.1991557478904724,0.22565478086471558
132,20,0.7491609012708068,1.0183898210525513,0.9558129906654358,0.011457457207143307,0.09946157783269882,0.24340130388736725
132,21,0.7503385933116079,1.018362283706665,0.955758810043335,0.010255572386085987,0.08044710755348206,0.2648116946220398
132,22,0.6999190419912338,1.0181728601455688,0.9559318423271179,0.010902948677539825,0.08361644297838211,0.21057870984077454
133,0,31.23752281665802,1.0162113904953003,4.948422908782959,23.545528411865234,5.03506326675415,1.4640042781829834
133,1,26.255208814144133,1.016233205795288,4.06630802154541,21.362600326538086,3.5529420375823975,0.3231582045555115
133,2,25.294724851846695,1.0162335634231567,3.3179378509521484,21.31778907775879,2.942927360534668,0.16717413067817688
133,3,23.553530430793764,1.015507459640503,2.7257418632507324,20.069011688232422,2.173206329345703,0.5630625486373901
133,4,1.9459670271724463,1.0175621509552002,1.891870141029358,0.017436107620596886,0.6634587645530701,0.6831856966018677
133,5,1.4843550778925418,1.0162547826766968,1.6087716817855835,0.016379330307245255,0.34783607721328735,0.5951343774795532
133,6,1.4337109338492156,1.016698956489563,1.4052823781967163,0.01723588816821575,0.3218233585357666,0.6102554202079773
133,7,1.5567029377445578,1.0185056924819946,1.1467043161392212,0.00933514442294836,0.16363754868507385,0.9506882429122925
133,8,0.6922932745888829,1.0185956954956055,1.0792564153671265,0.008917507715523243,0.1103343814611435,0.1534709632396698
133,9,0.746520128659904,1.018592119216919,1.02901291847229,0.01080309133976698,0.24966229498386383,0.0765337347984314
133,10,0.6673093883320689,1.020167350769043,0.9815682768821716,0.010769500397145748,0.23060551285743713,0.02558724954724312
133,11,0.504483861476183,1.0213733911514282,0.9715622663497925,0.010131925344467163,0.06568276137113571,0.030082043260335922
133,12,0.5041434889659285,1.0212916135787964,0.9638820886611938,0.010379035957157612,0.070511095225811,0.02621861733496189
133,13,0.4918451184406877,1.020591139793396,0.9584080576896667,0.010654247365891933,0.05605702102184296,0.029334010556340218
134,0,33.549090600013734,1.0162113904953003,4.948422908782959,23.845170974731445,5.841247081756592,2.669745683670044
134,1,29.708060830831528,1.030661940574646,4.066173553466797,23.779680252075195,4.716091632843018,0.19292184710502625
134,2,25.376787997037173,1.0234849452972412,3.3554563522338867,23.43373680114746,1.0234646797180176,0.043798256665468216
134,3,19.928628699854016,1.023504614830017,2.7535743713378906,18.143281936645508,1.0047718286514282,0.025159137323498726
134,4,2.1059696815907953,1.0234347581863403,1.9091479778289795,0.028662795200943947,1.4651200771331787,0.025670262053608894
134,5,0.8769498109817505,1.0244032144546509,1.6137211322784424,0.013848699629306793,0.3049013614654541,0.03057488054037094
134,6,0.7458814039826394,1.0244065523147583,1.3998624086380005,0.013662729412317276,0.2178248167037964,0.029540065675973892
134,7,0.7124123493209482,1.0243912935256958,1.132914662361145,0.014567040838301182,0.24047473073005676,0.025909386575222015
134,8,0.6723435334861279,1.0233280658721924,1.0643001794815063,0.015275400131940842,0.20515966415405273,0.03438282012939453
134,9,0.6218050658702851,1.0232793092727661,1.0185625553131104,0.013964928686618805,0.170852929353714,0.028618834912776947
134,10,0.6205938443541527,1.0237109661102295,0.97589510679245,0.01673378050327301,0.17935508489608765,0.024583764374256134
134,11,0.5985662350431085,1.0240497589111328,0.9658715724945068,0.013289869762957096,0.15929868817329407,0.02799341082572937
134,12,0.5893027372658253,1.0234931707382202,0.9607281684875488,0.016100184991955757,0.15149039030075073,0.024867894127964973
134,13,0.5449398957192898,1.0193676948547363,0.9568241238594055,0.011848947033286095,0.11613909900188446,0.021713485941290855
134,14,0.5445065354928375,1.0190870761871338,0.9558783769607544,0.013714565895497799,0.11513923108577728,0.02065964788198471
134,15,0.5086915209889412,1.019547700881958,0.9558212757110596,0.012176787480711937,0.07413619011640549,0.027304748073220253
134,16,0.49559445511549716,1.018446445465088,0.9557123780250549,0.01093412097543478,0.06425469368696213,0.02557387575507164
135,0,31.982909297943117,1.0149190425872803,0.955756425857544,23.466859817504883,6.243558883666992,1.8783555030822754
135,1,26.4579877614975,1.0382959842681885,0.9600527286529541,23.561567306518555,2.2398533821105957,0.25689733028411865
135,2,26.493643652647734,1.0217052698135376,0.9594511985778809,23.474828720092773,2.574801206588745,0.04778243228793144
135,3,21.492478427290916,1.0217478275299072,0.9584004878997803,18.589466094970703,2.421365737915039,0.08561693131923676
135,4,2.0410159930586813,1.0183676481246948,0.9555691480636597,0.04470785707235336,1.3383688926696777,0.2631518840789795
135,5,1.4141208603978157,1.0179275274276733,0.955626368522644,0.03783828765153885,0.7380343079566956,0.24353748559951782
135,6,1.1539678305387497,1.0179274082183838,0.9556028842926025,0.033761292695999146,0.5645849704742432,0.16091550886631012
135,7,1.5824298148974776,1.0210756063461304,0.9557479619979858,0.011308527551591396,0.6556082367897034,0.5201483368873596
135,8,1.4450398309156298,1.0195451974868774,0.9556037783622742,0.011416326276957989,0.4336017370223999,0.6049919724464417
135,9,1.3953797958791256,1.0187643766403198,0.955568790435791,0.0089433453977108,0.4738646149635315,0.5177052021026611
135,10,1.2293952260166408,1.0194560289382935,0.9556471705436707,0.009729186072945595,0.6880154013633728,0.13662999868392944
135,11,1.167151981405914,1.0190210342407227,0.955671489238739,0.01085649710148573,0.6248099207878113,0.1365470588207245
135,12,1.3205843163654207,1.0176724195480347,0.9557960629463196,0.010539519600570202,0.8179997801780701,0.0973513200879097
136,0,30.746001219749452,1.0162113904953003,4.948422908782959,21.155109405517578,6.497513771057129,1.9004511833190918
136,1,29.280643618106843,1.0154517889022827,4.0669074058532715,21.206283569335938,6.545710563659668,0.5121776461601257
136,2,24.99076565504074,1.0147132873535156,3.3326475620269775,22.519453048706055,1.0585224628448486,0.543317973613739
136,3,25.729448127746583,1.0147325992584229,2.7263925075531006,22.816795349121094,1.190606951713562,0.9738208055496216
136,4,2.0304944731295107,1.0146617889404297,1.8786259889602661,0.04126572981476784,0.4650104343891144,0.9455607533454895
136,5,1.854842521250248,1.0155344009399414,1.5955203771591187,0.02658272534608841,0.4425196945667267,0.8635291457176208
136,6,1.759859374910593,1.0153602361679077,1.3879636526107788,0.02320444956421852,0.21464288234710693,1.0413472652435303
136,7,1.4836959788575768,1.016053557395935,1.1324949264526367,0.014688030816614628,0.14721794426441193,0.8920803070068359
136,8,1.5865980945527554,1.0160325765609741,1.0652936697006226,0.013149973005056381,0.13073116540908813,1.0264517068862915
136,9,1.4860144570469855,1.0169483423233032,1.0245513916015625,0.013121962547302246,0.09061218053102493,0.9739803671836853
136,10,1.6790567882359029,1.0160654783248901,0.9754558205604553,0.012960392981767654,0.12437179684638977,1.1434203386306763
136,11,1.9004734344780445,1.0160695314407349,0.9663293957710266,0.010952074080705643,0.12969452142715454,1.363347053527832
136,12,0.9623060857877136,1.0167236328125,0.9609054923057556,0.010561696253716946,0.10742402076721191,0.44879454374313354
136,13,0.8196951212361455,1.0165501832962036,0.9567457437515259,0.010605898685753345,0.09735517203807831,0.31707486510276794
136,14,0.8043668579310179,1.0164897441864014,0.956020712852478,0.010980276390910149,0.10863955318927765,0.2902449369430542
136,15,0.8232200546190143,1.016493797302246,0.9557452201843262,0.010051327757537365,0.07954560965299606,0.3391753137111664
136,16,0.8989414274692535,1.017540454864502,0.9555693864822388,0.009854644536972046,0.12511807680130005,0.3693467378616333
136,17,0.7780329992994666,1.0170029401779175,0.9556187987327576,0.01072376873344183,0.10900622606277466,0.2637786567211151
136,18,0.8302067819982768,1.0170235633850098,0.9555693864822388,0.009443113580346107,0.10355766117572784,0.32268741726875305
136,19,0.8161273654550314,1.0168524980545044,0.955609142780304,0.010837351903319359,0.14904248714447021,0.26175519824028015
136,20,0.8960760943591595,1.0166276693344116,0.9558119177818298,0.010322820395231247,0.14374759793281555,0.3475177586078644
136,21,0.8152567680925131,1.0166534185409546,0.9557294845581055,0.010900219902396202,0.12283231317996979,0.2870476543903351
136,22,0.7057700160890817,1.0166298151016235,0.9556344151496887,0.00889504887163639,0.09357061982154846,0.20885150134563446
136,23,0.6989681765437126,1.016499400138855,0.9556803703308105,0.01103202998638153,0.0942542627453804,0.19924592971801758
136,24,0.6907703232020139,1.016432523727417,0.9555633664131165,0.01051686517894268,0.08406506478786469,0.20178921520709991
137,0,32.3263697385788,1.0162113904953003,4.948422908782959,21.592409133911133,7.491523265838623,2.0495104789733887
137,1,26.896831142902375,1.0235532522201538,4.066228866577148,21.10685920715332,4.458205699920654,0.3138098120689392
137,2,24.45861713886261,1.016169548034668,3.3250980377197266,20.031055450439453,3.2454938888549805,0.31381428241729736
137,3,20.8928520321846,1.0161781311035156,2.7371366024017334,17.282506942749023,2.4831912517547607,0.37649089097976685
137,4,1.7357537373900414,1.0151336193084717,1.9023593664169312,0.12326706200838089,0.8539425730705261,0.17504550516605377
137,5,1.4027510792016984,1.015557050704956,1.616243600845337,0.12103384733200073,0.5147895216941833,0.24056757986545563
137,6,1.3703230768442154,1.015555500984192,1.4123324155807495,0.12951631844043732,0.4305277168750763,0.3247014582157135
137,7,1.1978952366858722,1.0154861211776733,1.1615841388702393,0.016448648646473885,0.11089819669723511,0.6351343393325806
137,8,1.072863023541868,1.015516757965088,1.0841352939605713,0.01532693114131689,0.09401966631412506,0.543586015701294
137,9,1.0311261396855116,1.0152829885482788,1.0358773469924927,0.017924083396792412,0.0981777161359787,0.5047922730445862
137,10,1.0294365115463733,1.015670657157898,0.9823445081710815,0.018848758190870285,0.07053915411233902,0.5404455661773682
137,11,1.035943243280053,1.0151318311691284,0.9706432223320007,0.01808428205549717,0.07257701456546783,0.5481269359588623
137,12,1.0294316422194243,1.0155025720596313,0.9655152559280396,0.01760653220117092,0.07781771570444107,0.5378038287162781
137,13,0.9636304747313261,1.0157817602157593,0.957301676273346,0.020152559503912926,0.08710142225027084,0.4617598056793213
137,14,0.9704637505114079,1.0156691074371338,0.9560827612876892,0.019180312752723694,0.05292292311787605,0.5040101408958435
137,15,0.9991230182349682,1.0155963897705078,0.9559914469718933,0.021813735365867615,0.053659792989492416,0.5293319225311279
137,16,0.9709524709731341,1.0158252716064453,0.9555777311325073,0.011124158278107643,0.06380433589220047,0.5017433762550354
137,17,1.0094756450504065,1.0161864757537842,0.9555633664131165,0.011408409103751183,0.07440191507339478,0.5293153524398804
137,18,1.0503257114440203,1.016160011291504,0.9556530714035034,0.009703712537884712,0.07966150343418121,0.5665978789329529
137,19,0.962999309040606,1.0156948566436768,0.9558576345443726,0.010142439045011997,0.0708327367901802,0.48771363496780396
138,0,32.573241925239564,1.0208381414413452,0.955596923828125,25.147764205932617,5.956663608551025,1.0735270977020264
138,1,33.0129715681076,1.0208381414413452,0.9585447311401367,26.963829040527344,5.015190124511719,0.6380758285522461
138,2,27.653217697143553,1.0158354043960571,0.9559262990951538,24.412269592285156,2.082895517349243,0.7637002468109131
138,3,17.863305455446245,1.0158114433288574,0.9597444534301758,15.26042366027832,1.8694056272506714,0.33836498856544495
138,4,3.0419136572629215,1.0189956426620483,0.9558654427528381,0.023811357095837593,2.225496530532837,0.39763355255126953
138,5,1.291094657406211,1.0175944566726685,0.9557414650917053,0.01595652662217617,0.6333349347114563,0.24713601171970367
138,6,0.9122564470395447,1.0174580812454224,0.9556149840354919,0.013993463478982449,0.2448541224002838,0.25879424810409546
138,7,0.8613730749115348,1.0172245502471924,0.9559912085533142,0.01103994157165289,0.2437306046485901,0.2119593769311905
138,8,0.9268777366727591,1.0176852941513062,0.9558737874031067,0.011867811903357506,0.2442867010831833,0.2760114073753357
138,9,0.9542394548654557,1.0171706676483154,0.9557404518127441,0.011657685041427612,0.15015621483325958,0.3978433310985565
138,10,0.7144811319187283,1.0170814990997314,0.9556207060813904,0.009764631278812885,0.14728295803070068,0.16289310157299042
138,11,0.6939633596688509,1.0170855522155762,0.9555976390838623,0.009694265201687813,0.15207937359809875,0.13765308260917664
138,12,0.6597153915092349,1.0170385837554932,0.9555995464324951,0.010749670676887035,0.12208079546689987,0.13235729932785034
138,13,0.6386015135794878,1.0176390409469604,0.9558257460594177,0.010942185297608376,0.12326537817716599,0.1097009927034378
138,14,0.5935906127095223,1.0176331996917725,0.955710232257843,0.010622173547744751,0.09014599770307541,0.09815375506877899
138,15,0.5735408248379827,1.017366886138916,0.9556239247322083,0.00916841346770525,0.08609240502119064,0.08368184417486191
138,16,0.5204008491709828,1.0169178247451782,0.9557491540908813,0.01111279521137476,0.06509831547737122,0.04965634271502495
138,17,0.4994218105450273,1.0169943571090698,0.9556893706321716,0.010479123331606388,0.0528545044362545,0.041551437228918076
139,0,30.742588257789613,1.0162113904953003,4.948422908782959,21.35649299621582,6.179113388061523,2.014055013656616
139,1,26.63627735376358,1.0151357650756836,4.0643510818481445,21.289901733398438,4.054025650024414,0.27645260095596313
139,2,27.108889174461364,1.0162289142608643,3.3427181243896484,22.034706115722656,1.8031049966812134,2.3992886543273926
139,3,26.831157088279724,1.0147687196731567,2.7704594135284424,21.486360549926758,1.9309313297271729,2.6568195819854736
139,4,1.7817261785268785,1.0156397819519043,1.944578766822815,0.041504934430122375,0.8531199097633362,0.29505762457847595
139,5,1.491087244451046,1.0150773525238037,1.6621500253677368,0.02864260971546173,0.8515452742576599,0.07545388489961624
139,6,1.3910354463383556,1.0151126384735107,1.4443566799163818,0.03476850688457489,0.8493694067001343,0.015003669075667858
139,7,1.1710362968966366,1.014604926109314,1.1687697172164917,0.01073292177170515,0.7090804576873779,0.014547988772392273
139,8,1.2522632544860244,1.014657974243164,1.0900410413742065,0.010454965755343437,0.8058622479438782,0.015006237663328648
139,9,0.5946054406464101,1.0149426460266113,1.0377202033996582,0.011387106031179428,0.15892349183559418,0.013762272894382477
139,10,0.5593796266242862,1.0147842168807983,0.9827642440795898,0.010788202285766602,0.1346895694732666,0.014392162673175335
139,11,0.5512509871274233,1.0150055885314941,0.9702891111373901,0.011385960504412651,0.12634505331516266,0.01646103337407112
139,12,0.5464261572808028,1.01491117477417,0.9636656641960144,0.011018299497663975,0.12446736544370651,0.015225124545395374
139,13,0.5146398693323135,1.015271782875061,0.9575775861740112,0.010893586091697216,0.09484978765249252,0.014326621778309345
139,14,0.5491298848763109,1.0151326656341553,0.9564434885978699,0.010037452913820744,0.13077212870121002,0.01400507241487503
139,15,0.5425970908254385,1.0151405334472656,0.9556804895401001,0.010622721165418625,0.12497642636299133,0.012833738699555397
139,16,0.5531229065731168,1.0151758193969727,0.9555857181549072,0.009522157721221447,0.13542979955673218,0.014018641784787178
139,17,0.518112904764712,1.0153194665908813,0.9555622339248657,0.010767011903226376,0.09918081760406494,0.013988735154271126
139,18,0.5384176412597299,1.0154404640197754,0.9555912017822266,0.010175101459026337,0.12100377678871155,0.013032429851591587
139,19,0.5221497831866145,1.016011357307434,0.9557044506072998,0.010376403108239174,0.10386030375957489,0.013569914735853672
140,0,30.30231294631958,1.0162113904953003,4.948422908782959,21.37386703491211,5.775516986846924,1.960002064704895
140,1,23.79611791372299,1.0162113904953003,4.0657548904418945,16.153024673461914,5.820408344268799,0.8062916398048401
140,2,20.701844930648804,1.0215569734573364,3.3309381008148193,17.702123641967773,1.5281562805175781,0.601065993309021
140,3,2.9443482547998427,1.021567702293396,2.737029790878296,0.12671907246112823,1.5532011985778809,0.5127084851264954
140,4,2.4056219341233374,1.024593472480774,1.8980605602264404,0.01413263101130724,1.1130131483078003,0.6939453482627869
140,5,1.6143050270155073,1.0165050029754639,1.6126501560211182,0.012538869865238667,0.517901599407196,0.5580335259437561
140,6,1.5735092252492904,1.0163029432296753,1.400636911392212,0.011167839169502258,0.46565964818000793,0.6132937669754028
140,7,1.4399569360539317,1.0166957378387451,1.1451653242111206,0.010331961326301098,0.49539506435394287,0.5018576979637146
140,8,1.4436961695551873,1.017784595489502,1.073385238647461,0.009476564824581146,0.4307144582271576,0.5852711796760559
140,9,1.5749899381771684,1.0178296566009521,1.0231001377105713,0.010613911785185337,0.322200208902359,0.8339898586273193
140,10,0.9110077535733581,1.016013503074646,0.9759480953216553,0.009067616425454617,0.2902489900588989,0.21329882740974426
140,11,0.904295802116394,1.0160324573516846,0.9656610488891602,0.011059507727622986,0.2846842408180237,0.21221335232257843
140,12,0.7677527233958245,1.016514539718628,0.9599648714065552,0.009838230907917023,0.140855610370636,0.2217629998922348
140,13,0.7235403614118696,1.016566276550293,0.9564474821090698,0.010570240207016468,0.09414350241422653,0.22422386705875397
140,14,0.743465874530375,1.0162616968154907,0.955916166305542,0.00976009014993906,0.09421557933092117,0.24505463242530823
140,15,0.7208985671401025,1.015987515449524,0.9557220935821533,0.008522599935531616,0.09235978871583939,0.22567425668239594
140,16,0.6222629090771079,1.016183614730835,0.9555931687355042,0.00956843700259924,0.0790337473154068,0.13930536806583405
140,17,0.6385299170389771,1.0159766674041748,0.9556124210357666,0.010555782355368137,0.06344276666641235,0.17021355032920837
140,18,0.6484882367774845,1.0159971714019775,0.9555879235267639,0.009953255765140057,0.06808942556381226,0.1761285364627838
140,19,0.6086977303028107,1.0164942741394043,0.955597460269928,0.010721150785684586,0.055447425693273544,0.14811080694198608
140,20,0.6122326226904988,1.0162231922149658,0.9555649161338806,0.009360370226204395,0.051662176847457886,0.15685245394706726
140,21,0.6773382479324938,1.0162432193756104,0.9555622339248657,0.010222048498690128,0.05426875501871109,0.21848635375499725
140,22,0.6168142462149262,1.0163098573684692,0.9559459090232849,0.010625318624079227,0.054681457579135895,0.1570563167333603
140,23,0.5862069623544812,1.0163332223892212,0.9556286334991455,0.009988450445234776,0.05059104785323143,0.13123509287834167
140,24,0.5981101308017969,1.0163567066192627,0.9556806087493896,0.011992821469902992,0.045185819268226624,0.14652402698993683
141,0,29.195017194747926,1.0169106721878052,0.9555624723434448,19.97211456298828,6.072984218597412,2.7554237842559814
141,1,16.210796344280244,1.0169106721878052,0.9843319058418274,9.549938201904297,5.845268726348877,0.4153409004211426
141,2,11.995383912324906,1.014708399772644,0.9585660696029663,9.880470275878906,1.5836583375930786,0.13660040497779846
141,3,13.738351342082023,1.0147074460983276,0.9582433104515076,11.925430297851562,1.2343151569366455,0.18401573598384857
141,4,1.965998011827469,1.0169332027435303,0.959430992603302,0.012986317276954651,1.428575873374939,0.1291629821062088
141,5,2.2300760317593813,1.0183358192443848,0.9589076042175293,0.011252732947468758,1.6928163766860962,0.13055823743343353
141,6,2.4566474763676522,1.016818881034851,0.9580274820327759,0.010782825760543346,1.9724761247634888,0.07841925323009491
141,7,2.8582312360405924,1.0162420272827148,0.9560429453849792,0.010766200721263885,2.3685269355773926,0.08448110520839691
141,8,2.407109187170863,1.0164060592651367,0.9558501839637756,0.011991320177912712,1.8973798751831055,0.1032867431640625
141,9,2.337265189550817,1.0164103507995605,0.9556600451469421,0.00928406324237585,1.8009179830551147,0.13264906406402588
141,10,0.952039011195302,1.0161279439926147,0.9556162357330322,0.01000879891216755,0.35916590690612793,0.18851546943187714
141,11,0.7654487460851669,1.0154948234558105,0.9556502103805542,0.010115139186382294,0.24890421330928802,0.11220038682222366
141,12,0.6848117768764497,1.016443133354187,0.9557048678398132,0.00998792052268982,0.19862762093544006,0.08176663517951965
141,13,0.6165163671597839,1.0161992311477661,0.9558122158050537,0.01063347514718771,0.1510966420173645,0.060383960604667664
141,14,0.552396534383297,1.0158993005752563,0.9557843804359436,0.009842835366725922,0.08486668765544891,0.06335027515888214
141,15,0.5150616060942412,1.0159226655960083,0.9559085369110107,0.01034822128713131,0.06710867583751678,0.04323846846818924
141,16,0.5277308326214551,1.014893651008606,0.9560964107513428,0.009312896057963371,0.0605153813958168,0.06370454281568527
141,17,0.5321839736774564,1.0148619413375854,0.9559624791145325,0.012018186040222645,0.0665191188454628,0.05948178470134735
141,18,0.5202650669962168,1.0148330926895142,0.9558520317077637,0.010478353127837181,0.05348511412739754,0.06216457486152649
141,19,0.4956430179998279,1.014811396598816,0.9559791684150696,0.011173794977366924,0.04676488786935806,0.043546222150325775
142,0,33.02797577381134,1.0162113904953003,4.948422908782959,23.076923370361328,6.71898889541626,2.0391366481781006
142,1,29.85431056022644,1.0176795721054077,4.065786838531494,24.578937530517578,3.6546144485473633,0.6040652990341187
142,2,27.73328219652176,1.0146162509918213,3.3441905975341797,23.06047821044922,3.2745771408081055,0.5264654755592346
142,3,26.838658985495567,1.0146112442016602,2.744763135910034,23.945274353027344,1.9278538227081299,0.21365593373775482
142,4,1.1373722713440657,1.0149439573287964,1.9082880020141602,0.026546163484454155,0.3091990649700165,0.21698065102100372
142,5,1.2743663735687734,1.0149493217468262,1.6357495784759521,0.010706890374422073,0.4725610315799713,0.2609586715698242
142,6,0.9413540873676538,1.01461923122406,1.4214617013931274,0.012653442099690437,0.3436794877052307,0.0978049710392952
142,7,0.8359748460352421,1.0148415565490723,1.1549016237258911,0.013099480420351028,0.2962791323661804,0.09264759719371796
142,8,0.7964105032384395,1.0148375034332275,1.084488034248352,0.011726576834917068,0.2805435061454773,0.08427531272172928
142,9,0.7673425881192089,1.0152571201324463,1.0331485271453857,0.012644792906939983,0.2546515464782715,0.09036511927843094
142,10,0.754571345821023,1.0154008865356445,0.9819402694702148,0.011576967313885689,0.24899503588676453,0.0945311114192009
142,11,0.6637109663337469,1.0151677131652832,0.9699770212173462,0.011749668046832085,0.2004532516002655,0.054479099810123444
142,12,0.49992458689957864,1.015213966369629,0.9640361070632935,0.013227407820522785,0.04747646301984787,0.043370701372623444
143,0,31.295584535598756,1.0162113904953003,4.948422908782959,21.792421340942383,6.362332820892334,1.9479035139083862
143,1,15.976376760005952,1.0162113904953003,4.065605163574219,8.104140281677246,5.9357709884643555,0.9201021790504456
143,2,18.176787531375886,1.0162113904953003,3.37371826171875,10.68810749053955,5.867181301116943,0.7435128092765808
143,3,13.936322700977325,1.0158133506774902,2.7836058139801025,11.140790939331055,1.5060423612594604,0.5296055674552917
143,4,1.2485624346882105,1.0146315097808838,1.9442384243011475,0.01664062775671482,0.6017886400222778,0.038359180092811584
143,5,1.1549340339377523,1.0146336555480957,1.6606513261795044,0.011932206340134144,0.5291574597358704,0.07878737151622772
143,6,0.9584647735580802,1.0146714448928833,1.4444644451141357,0.010355654172599316,0.41164806485176086,0.04463387653231621
143,7,0.879608666524291,1.0148087739944458,1.1632260084152222,0.009736316278576851,0.3925526738166809,0.041712719947099686
143,8,0.7317543650045991,1.0148190259933472,1.0842337608337402,0.012047131545841694,0.2654407024383545,0.03445597365498543
143,9,0.6655838508158922,1.0151115655899048,1.032056450843811,0.010323906317353249,0.20892706513404846,0.036899276077747345
143,10,1.2287158047780395,1.0164049863815308,0.9801481366157532,0.01110235508531332,0.18651314079761505,0.6317896842956543
143,11,1.1577847918495536,1.016071081161499,0.9675103425979614,0.00961045827716589,0.19497156143188477,0.5564864873886108
143,12,1.144016861356795,1.0158060789108276,0.9617680311203003,0.01098597887903452,0.20063020288944244,0.5368858575820923
143,13,1.324902943894267,1.0149637460708618,0.9579522013664246,0.010587362572550774,0.19667750597000122,0.7230548858642578
143,14,1.1734071685001255,1.0152151584625244,0.9575968384742737,0.009910295717418194,0.19041071832180023,0.5785237550735474
143,15,1.1645400155335666,1.015079140663147,0.9571633338928223,0.011276574805378914,0.14181216061115265,0.6170027852058411
144,0,31.00556674003601,1.0155060291290283,0.9571682214736938,22.12035369873047,6.497152328491211,1.9935258626937866
144,1,24.067409801483155,1.0155060291290283,0.9680411219596863,17.855628967285156,5.165508270263672,0.6495631337165833
144,2,23.19556929767132,1.0394619703292847,0.9560823440551758,20.698869705200195,2.0487778186798096,0.04881291091442108
144,3,19.550438049435616,1.037656307220459,0.9568852186203003,17.313678741455078,1.6937190294265747,0.14413197338581085
144,4,1.1093108884990215,1.01917564868927,0.9555712938308716,0.061212848871946335,0.37507718801498413,0.27807146310806274
144,5,1.2400278329849244,1.0191596746444702,0.9555764198303223,0.02721276879310608,0.5669256448745728,0.250942200422287
144,6,0.9271275077015162,1.0181834697723389,0.9556376934051514,0.01586308516561985,0.4240950644016266,0.09240512549877167
144,7,0.9752299785614014,1.0172568559646606,0.9560800790786743,0.01076941192150116,0.4922710359096527,0.0775221437215805
144,8,1.0877333616837859,1.0172635316848755,0.9563246965408325,0.010004094801843166,0.5572836995124817,0.12572792172431946
144,9,1.305362326093018,1.0172961950302124,0.956640362739563,0.009909999556839466,0.5822107195854187,0.3184542953968048
144,10,1.3409034928306938,1.0189229249954224,0.9573542475700378,0.00954438652843237,0.6120437979698181,0.3240598738193512
144,11,1.1194285683333876,1.0180259943008423,0.9575363397598267,0.010682474821805954,0.49104204773902893,0.2225915789604187
144,12,1.0908792024478315,1.0168325901031494,0.9565721154212952,0.010219267569482327,0.4859100580215454,0.20006893575191498
145,0,33.874237990379335,1.0162113904953003,4.948422908782959,22.832380294799805,6.361207962036133,3.487722873687744
145,1,27.409565311670303,1.0165867805480957,4.065911769866943,21.204557418823242,4.76867151260376,0.4198366701602936
145,2,25.774677699804307,1.0154170989990234,3.3317813873291016,23.184621810913086,1.4148715734481812,0.30574461817741394
145,3,24.730309492349626,1.015437126159668,2.7355384826660156,22.0450382232666,1.536662220954895,0.39841392636299133
145,4,1.3726041629910468,1.0161795616149902,1.8933569192886353,0.01942681521177292,0.5218527913093567,0.2494172602891922
145,5,1.0086679425090552,1.0146100521087646,1.6212586164474487,0.020272618159651756,0.16288240253925323,0.29833918809890747
145,6,0.8793914500623942,1.0146065950393677,1.4114176034927368,0.02025306411087513,0.11703702062368393,0.2568965256214142
145,7,0.9129874164238572,1.0146301984786987,1.1527029275894165,0.012485758401453495,0.08275607973337173,0.38427895307540894
145,8,0.9023269148543478,1.0146160125732422,1.0772738456726074,0.013192837126553059,0.0811370238661766,0.3896190822124481
145,9,0.8849739138036966,1.0146163702011108,1.0268545150756836,0.013574087992310524,0.08795350790023804,0.3751521408557892
145,10,0.9216976590454579,1.014623761177063,0.9795564413070679,0.010313834995031357,0.08810552209615707,0.42444226145744324
145,11,0.8252232732251287,1.0146746635437012,0.9697083234786987,0.00994958821684122,0.036414433270692825,0.3819826543331146
145,12,0.8890747202560306,1.0146703720092773,0.963811993598938,0.011148403398692608,0.17440195381641388,0.307827889919281
145,13,0.7919632894918323,1.0146868228912354,0.9596395492553711,0.010874937288463116,0.11969628930091858,0.2665267884731293
145,14,0.833091089129448,1.0146849155426025,0.9575247168540955,0.009792789816856384,0.09875348210334778,0.3301028907299042
145,15,0.9873425016179681,1.0146946907043457,0.9565484523773193,0.01071097794920206,0.12070519477128983,0.4616777002811432
145,16,0.8961735364049673,1.0146100521087646,0.9561318159103394,0.011712877079844475,0.1074676588177681,0.38284462690353394
145,17,0.9108316715806724,1.0146299600601196,0.9558389782905579,0.011233797296881676,0.11883167922496796,0.38667240738868713
145,18,0.8525821812450887,1.0146417617797852,0.9560748338699341,0.009937211871147156,0.059971097856760025,0.38853055238723755
145,19,0.8931778652593494,1.014774203300476,0.9557627439498901,0.010504699312150478,0.038087788969278336,0.4504779875278473
146,0,33.12795231342316,1.0162113904953003,4.948422908782959,22.605072021484375,7.092020034790039,2.237933397293091
146,1,29.662607544660567,1.0147616863250732,4.0664753913879395,23.278398513793945,4.943216800689697,0.4247448146343231
146,2,26.888482522964477,1.018632411956787,3.3223140239715576,24.654932022094727,1.0420384407043457,0.32332277297973633
146,3,12.240176832675933,1.018688440322876,2.718008279800415,10.039584159851074,1.1477611064910889,0.30549222230911255
146,4,1.2405135460197925,1.0167133808135986,1.8671525716781616,0.048359546810388565,0.41479793190956116,0.20058287680149078
146,5,1.0018123023211956,1.0203272104263306,1.5736875534057617,0.022580336779356003,0.3192273676395416,0.14120164513587952
146,6,0.8699396423995495,1.0202800035476685,1.363857388496399,0.016372647136449814,0.2956136167049408,0.0811259001493454
146,7,0.798102930188179,1.022107720375061,1.1192207336425781,0.021020323038101196,0.21625731885433197,0.13255959749221802
146,8,0.7951550126075745,1.0226658582687378,1.0516313314437866,0.023879095911979675,0.20722979307174683,0.14918668568134308
146,9,0.7075508370995522,1.0201081037521362,1.0100367069244385,0.022887684404850006,0.15527090430259705,0.12336328625679016
146,10,0.764547379873693,1.0211551189422607,0.9720405340194702,0.01004758384078741,0.16030846536159515,0.19555220007896423
146,11,0.7025922745466233,1.0208197832107544,0.9636631011962891,0.010739699006080627,0.11130060255527496,0.18365539610385895
146,12,0.6693071318790317,1.0192114114761353,0.9590007066726685,0.010149369947612286,0.11682498455047607,0.14669035375118256
146,13,0.6314967267215252,1.0189354419708252,0.9556468725204468,0.010648142546415329,0.08553071320056915,0.14040140807628632
146,14,0.6359018320217729,1.0189145803451538,0.9555774927139282,0.010838084854185581,0.06909291446208954,0.16107241809368134
146,15,0.65512611027807,1.0184926986694336,0.9558340907096863,0.010425298474729061,0.07312927395105362,0.17670617997646332
146,16,0.6195384789258243,1.0170844793319702,0.9558520913124084,0.01041688583791256,0.052689727395772934,0.16184455156326294
146,17,0.5985789183527231,1.0171395540237427,0.956674337387085,0.00982544757425785,0.05737096071243286,0.13661973178386688
146,18,0.6006723551079631,1.0174238681793213,0.9567623734474182,0.010566993616521358,0.04861781373620033,0.1466502994298935
146,19,0.5672633491456509,1.0175789594650269,0.9563411474227905,0.009973756968975067,0.027059409767389297,0.13544616103172302
146,20,0.6064150264486671,1.0175548791885376,0.9556939601898193,0.010840742848813534,0.03426267206668854,0.1666618436574936
146,21,0.5704875808209181,1.0171856880187988,0.9556766152381897,0.009714588522911072,0.0245866309851408,0.1416139006614685
146,22,0.6072126256302,1.0177019834518433,0.9559308290481567,0.009213716723024845,0.024572793394327164,0.1786995530128479
146,23,0.5552876550704241,1.0176173448562622,0.9558326601982117,0.010663745924830437,0.018223289400339127,0.13171061873435974
146,24,0.570491311699152,1.0176228284835815,0.9557398557662964,0.010985631495714188,0.019694477319717407,0.1451386660337448
147,0,29.58407975435257,1.0152519941329956,0.9560059905052185,20.03376007080078,7.152266979217529,2.003801107406616
147,1,25.979233008623122,1.0592925548553467,0.9555900692939758,20.551443099975586,4.81256628036499,0.2122471034526825
147,2,19.781394720077515,1.0837231874465942,0.955826461315155,16.250524520874023,2.2116081714630127,0.9113520979881287
147,3,22.285235941410065,1.0344717502593994,0.9561251997947693,19.777549743652344,1.3893101215362549,0.7202566862106323
147,4,2.0824692135676743,1.0259491205215454,0.956246018409729,0.014783657155930996,0.9978815317153931,0.6733649969100952
147,5,1.9274822622537613,1.0262125730514526,0.9564250707626343,0.012077167630195618,0.9094641208648682,0.6094134449958801
147,6,1.5238511266186834,1.0206515789031982,0.9575263857841492,0.014703256078064442,0.7039311528205872,0.40958112478256226
147,7,1.76861506216228,1.0204670429229736,0.9578359127044678,0.010957641527056694,1.0205391645431519,0.34145766496658325
147,8,1.0981593377888204,1.020544409751892,0.956627368927002,0.01157527044415474,0.272398978471756,0.41875073313713074
147,9,0.7923366384580731,1.020546555519104,0.9564228653907776,0.011985261924564838,0.23350588977336884,0.15145160257816315
147,10,0.6683380767703057,1.0207527875900269,0.9556828141212463,0.011294357478618622,0.2106553167104721,0.051101282238960266
147,11,0.5705589549615979,1.0202349424362183,0.9556077718734741,0.01177606824785471,0.1278822124004364,0.03573213145136833
147,12,0.5451262516900898,1.02021062374115,0.9557027816772461,0.009334606118500233,0.10976270586252213,0.030846258625388145
147,13,0.5246201913803816,1.0191478729248047,0.9555810689926147,0.010269541293382645,0.08931686729192734,0.030087994411587715
147,14,0.529878393933177,1.0202460289001465,0.9555644392967224,0.010111469775438309,0.09588398784399033,0.02872084267437458
147,15,0.5275206502526999,1.0202622413635254,0.9555744528770447,0.009940046817064285,0.0935070589184761,0.02890620566904545
147,16,0.5287435518577694,1.0187599658966064,0.9555667638778687,0.009854565374553204,0.09323430806398392,0.03078933246433735
147,17,0.5964819969609381,1.0197349786758423,0.9556030631065369,0.010351811535656452,0.08009055256843567,0.11097202450037003
147,18,0.6062900256365538,1.0197590589523315,0.9556396007537842,0.01011808030307293,0.08563938736915588,0.1154528260231018
147,19,0.5842165982350707,1.019139051437378,0.9556055068969727,0.009335576556622982,0.08289103209972382,0.09704107791185379
148,0,30.845938658714296,1.0162113904953003,4.948422908782959,21.39063835144043,6.1624555587768555,2.0999178886413574
148,1,29.452949786186217,1.0285017490386963,4.06581974029541,23.35556411743164,3.514559745788574,1.5639616250991821
148,2,25.4604061126709,1.0171122550964355,3.340576410293579,22.02939796447754,0.7727426290512085,1.786727786064148
148,3,12.821636235713958,1.0170735120773315,2.7460453510284424,10.647164344787598,0.850758969783783,0.5710891485214233
148,4,1.0122032105922698,1.0149455070495605,1.9175679683685303,0.06935402750968933,0.21554811298847198,0.14079837501049042
148,5,0.9134687855839729,1.0146125555038452,1.6377434730529785,0.04215208441019058,0.19682838022708893,0.14401711523532867
148,6,1.0820556620135904,1.0146114826202393,1.4238767623901367,0.013754368759691715,0.5145817995071411,0.06602184474468231
148,7,0.8374702405184508,1.0153292417526245,1.166164517402649,0.011806493625044823,0.3250463902950287,0.06431860476732254
148,8,0.782742527499795,1.0152711868286133,1.0945767164230347,0.010675130411982536,0.296507328748703,0.05359048768877983
148,9,0.6798020273447036,1.0151586532592773,1.0356229543685913,0.010692581534385681,0.18604305386543274,0.07291007041931152
148,10,0.6991517040878534,1.014792799949646,0.9838141202926636,0.010635463520884514,0.2431880533695221,0.04560680314898491
148,11,0.69046367444098,1.0149604082107544,0.9709250330924988,0.011168146505951881,0.2242760956287384,0.05784234404563904
148,12,0.6149282740429044,1.015376091003418,0.9650929570198059,0.010177669115364552,0.16560500860214233,0.043051786720752716
148,13,0.6349667863920332,1.0156323909759521,0.9582852721214294,0.010447067208588123,0.17954613268375397,0.05019005388021469
148,14,0.6028985096141696,1.0156642198562622,0.9574159979820251,0.010783503763377666,0.15531420707702637,0.04218475520610809
148,15,0.5461798775941133,1.0155428647994995,0.9567345976829529,0.010020596906542778,0.0958910584449768,0.04581272974610329
148,16,0.598300451412797,1.0154597759246826,0.9564618468284607,0.01040305383503437,0.13204355537891388,0.06146951764822006
148,17,0.5779390897601844,1.0155085325241089,0.9562568068504333,0.009357934817671776,0.11100006103515625,0.06322802603244781
148,18,0.5764869509264827,1.015841007232666,0.9561413526535034,0.009526672773063183,0.10570244491100311,0.0668613612651825
148,19,0.5916482759639621,1.015822410583496,0.9556983709335327,0.01188658457249403,0.10660142451524734,0.07885611057281494
148,20,0.6004818854853511,1.0158236026763916,0.9556369781494141,0.010015296749770641,0.11850587278604507,0.07766859978437424
148,21,0.5202695807442069,1.0155476331710815,0.9557107090950012,0.009514923207461834,0.04717550054192543,0.06932748854160309
148,22,0.5033153524622321,1.0157090425491333,0.9557173848152161,0.011094591580331326,0.04534796625375748,0.05258750915527344
148,23,0.521707009151578,1.0156747102737427,0.9556769132614136,0.011406982317566872,0.06411677598953247,0.05191292613744736
148,24,0.5010776557028294,1.015964388847351,0.9555644392967224,0.00892694666981697,0.047534435987472534,0.05031050741672516
149,0,29.83083293437958,1.0162113904953003,4.948422908782959,20.33086395263672,5.828749656677246,2.478292465209961
149,1,28.991539347171784,1.0162113904953003,4.063724040985107,23.24774932861328,4.274937629699707,0.4528653025627136
149,2,28.09732293859124,1.0168184041976929,3.3713603019714355,25.148488998413086,2.0289340019226074,0.042264197021722794
149,3,28.100985350459815,1.0150845050811768,2.787513494491577,26.012693405151367,1.2715247869491577,0.05624755844473839
149,4,1.122368791140616,1.016986608505249,1.94393789768219,0.0111923823133111,0.4751114845275879,0.043880023062229156
149,5,0.9628190571442247,1.0169246196746826,1.6629140377044678,0.011954587884247303,0.3769717216491699,0.03792501613497734
149,6,0.8343412376940251,1.018681526184082,1.4435808658599854,0.011458445340394974,0.19490946829319,0.1355208456516266
149,7,0.7625895477831364,1.01608407497406,1.1682682037353516,0.009445998817682266,0.15521325170993805,0.16105984151363373
149,8,0.7220125433057547,1.016114354133606,1.0863258838653564,0.01111174188554287,0.14712078869342804,0.14329196512699127
149,9,0.6850245643407107,1.0174682140350342,1.0318922996520996,0.010322095826268196,0.05397140979766846,0.21085895597934723
149,10,0.6080857396125794,1.0165852308273315,0.9783446192741394,0.00947326049208641,0.057302672415971756,0.142323836684227
149,11,0.6340651992708445,1.0165959596633911,0.9666157960891724,0.010119611397385597,0.05919526517391205,0.16810797154903412
149,12,0.6781728072091937,1.0160002708435059,0.9606927037239075,0.010653211735188961,0.043882232159376144,0.22829876840114594
149,13,0.6016753697767854,1.0172063112258911,0.956127941608429,0.010328185744583607,0.0533764474093914,0.14330388605594635
149,14,0.6655061908066273,1.0167502164840698,0.9556311964988708,0.010303687304258347,0.04479708522558212,0.21592913568019867
149,15,0.6545670300722122,1.0167615413665771,0.9555732011795044,0.010881278663873672,0.04930834099650383,0.1999104619026184
149,16,0.5184658328071237,1.0169581174850464,0.9555693864822388,0.009312913753092289,0.04635639488697052,0.06829102337360382
149,17,0.5157121405005455,1.0164052248001099,0.9558798670768738,0.009973838925361633,0.052735019475221634,0.058546263724565506
149,18,0.5251078050583602,1.0164483785629272,0.9555726647377014,0.009716125205159187,0.03388366475701332,0.08710380643606186
149,19,0.5171920467168093,1.0156461000442505,0.9556626081466675,0.009485909715294838,0.04717598855495453,0.06626840680837631
149,20,0.5041392857208848,1.0153651237487793,0.9557562470436096,0.009646621532738209,0.040618132799863815,0.05965025722980499
149,21,0.5230020066723228,1.0153768062591553,0.9559447169303894,0.010425507090985775,0.04185105860233307,0.07646113634109497
149,22,0.49581535160541534,1.015444278717041,0.9556068181991577,0.011302806437015533,0.040442921221256256,0.04985940456390381
150,0,27.577571511268616,1.0172091722488403,0.9557886123657227,19.099437713623047,6.498213768005371,1.5853204727172852
150,1,24.997696724534034,1.0499943494796753,0.957850456237793,18.918336868286133,5.45196008682251,0.2258308082818985
150,2,15.98092669248581,1.0512953996658325,0.9556111693382263,9.134439468383789,5.607245445251465,0.8378604650497437
150,3,11.680689978599549,1.0251826047897339,0.9557958841323853,8.764622688293457,1.1298589706420898,1.3900126218795776
150,4,2.247265686094761,1.0242480039596558,0.9560999870300293,0.03174469619989395,0.6706908345222473,1.1487605571746826
150,5,1.8772429052740336,1.0199151039123535,0.9567235708236694,0.029429549351334572,0.4459071755409241,1.0065784454345703
150,6,2.151760530471802,1.0169503688812256,0.9558632969856262,0.03873702883720398,0.33003363013267517,1.3884271383285522
150,7,1.2167091585695744,1.0171293020248413,0.9555706977844238,0.04451710358262062,0.2958693206310272,0.4817827343940735
150,8,1.387524849176407,1.0169434547424316,0.9555624723434448,0.042803406715393066,0.31118908524513245,0.639031171798706
150,9,1.3248416185379028,1.0170937776565552,0.9555642604827881,0.03629714250564575,0.3519764542579651,0.5420364141464233
150,10,1.137200692296028,1.017600178718567,0.9557672739028931,0.030564576387405396,0.17488013207912445,0.5370824933052063
150,11,1.2871852964162827,1.0172789096832275,0.9558812975883484,0.03683556616306305,0.2538573443889618,0.6018603444099426
150,12,1.0483464203774928,1.0178380012512207,0.9558683037757874,0.03403223678469658,0.2050214558839798,0.4145514667034149
150,13,1.1853386014699936,1.0177325010299683,0.9556866884231567,0.037936240434646606,0.1923316866159439,0.5603868365287781
150,14,1.0374900393188,1.0188610553741455,0.9556077122688293,0.03707423433661461,0.21394981443881989,0.3915722370147705
150,15,1.077677571401,1.0195423364639282,0.9555731415748596,0.030058493837714195,0.16306187212467194,0.4895341098308563
150,16,1.0756973110139372,1.018172025680542,0.955571174621582,0.034900035709142685,0.21501541137695312,0.4310332238674164
150,17,1.1225194124504925,1.0182104110717773,0.9556559920310974,0.009106519632041454,0.25359103083610535,0.46504858136177063
150,18,1.1450892949476839,1.017378568649292,0.9556817412376404,0.009732984937727451,0.2110663801431656,0.5296778678894043
150,19,1.2788521252572536,1.017324686050415,0.9556407332420349,0.010116968303918839,0.11775024980306625,0.7563918232917786
150,20,1.294468018040061,1.0165727138519287,0.9556824564933777,0.010806804522871971,0.1302533894777298,0.758956789970398
151,0,28.96534869670868,1.0162113904953003,4.948422908782959,19.481903076171875,6.013194561004639,2.2773241996765137
151,1,27.664402440190315,1.0161635875701904,4.065710544586182,21.100725173950195,5.329955101013184,0.21734733879566193
151,2,24.653761905431747,1.0196566581726074,3.347085475921631,20.453670501708984,3.057681083679199,0.2690618932247162
151,3,23.149306464195252,1.0196948051452637,2.755795955657959,19.084274291992188,3.2296085357666016,0.08032548427581787
151,4,3.5385872893035413,1.017467737197876,1.8963677883148193,0.03219163790345192,2.8418378829956055,0.08179066330194473
151,5,1.1080033466219903,1.016125202178955,1.6108510494232178,0.028851062059402466,0.46023470163345337,0.0935223326086998
151,6,1.0251112565398217,1.0160995721817017,1.3907716274261475,0.03204720467329025,0.3605859875679016,0.15110382437705994
151,7,1.0217685092240572,1.0158889293670654,1.1388884782791138,0.01680310256779194,0.42600321769714355,0.14800670742988586
151,8,0.8043768797069788,1.0156348943710327,1.0699214935302734,0.017611676827073097,0.17845220863819122,0.19120171666145325
151,9,0.7714357187971473,1.0156300067901611,1.0284299850463867,0.012668087147176266,0.17832809686660767,0.17162753641605377
151,10,0.8584445575252175,1.015167474746704,0.9777626991271973,0.013546750880777836,0.22723770141601562,0.2190740704536438
151,11,0.7001438183709979,1.0159379243850708,0.9682874083518982,0.012977811507880688,0.10064124315977097,0.18967969715595245
151,12,0.8950900133699179,1.0160359144210815,0.9613998532295227,0.013687117025256157,0.10215925425291061,0.38375648856163025
151,13,0.87165541741997,1.0151307582855225,0.9580205678939819,0.013297305442392826,0.11596815288066864,0.3477596938610077
151,14,0.8073901541531087,1.014958143234253,0.9572508335113525,0.01482948288321495,0.06893347948789597,0.3291853964328766
151,15,0.7990176418796182,1.0147775411605835,0.9562422037124634,0.015164737589657307,0.06128225848078728,0.3283666968345642
151,16,0.8887281570583583,1.0148098468780518,0.9555631279945374,0.01450611837208271,0.06722097843885422,0.41292646527290344
151,17,0.8514763785526156,1.0149048566818237,0.9555714130401611,0.01272870134562254,0.06531395018100739,0.37933847308158875
152,0,32.23993513584137,1.0162113904953003,4.948422908782959,21.818344116210938,6.351428508758545,2.8772356510162354
152,1,28.206128146499395,1.025108814239502,4.065776348114014,22.005781173706055,5.141279220581055,0.04089071974158287
152,2,27.047233656048775,1.0251072645187378,3.3399524688720703,22.246524810791016,3.788264751434326,0.1394321471452713
152,3,26.829073862731455,1.0197581052780151,2.752610445022583,22.705833435058594,3.335606336593628,0.03316038101911545
152,4,1.4208534367382526,1.0152208805084229,1.8932995796203613,0.04819450527429581,0.7351338267326355,0.0558210127055645
152,5,1.3607762128114702,1.0154225826263428,1.6072620153427124,0.026720650494098663,0.7573018670082092,0.052216775715351105
152,6,1.7492696547880768,1.0154188871383667,1.4025189876556396,0.011966989375650883,1.1762878894805908,0.0774272009730339
152,7,1.8824398608878254,1.0162866115570068,1.1353693008422852,0.010308009572327137,1.361808180809021,0.07999248802661896
152,8,1.6850965797901154,1.0174121856689453,1.0602885484695435,0.010484613478183746,1.1556206941604614,0.10345112532377243
152,9,1.8532769406214356,1.017360806465149,1.01615309715271,0.010361545719206333,1.3465473651885986,0.0896652489900589
152,10,1.3881047509610653,1.0155202150344849,0.9722776412963867,0.01079687848687172,0.8699146509170532,0.10983365029096603
152,11,1.2280474653467537,1.0154719352722168,0.9640852212905884,0.009540162049233913,0.741472601890564,0.08112327009439468
152,12,1.1631410367786885,1.015474796295166,0.9590922594070435,0.01018848642706871,0.6778692603111267,0.08016987890005112
152,13,0.9995248645544053,1.015598177909851,0.9556856155395508,0.009599514305591583,0.5266960859298706,0.06897250562906265
152,14,0.9804810006171465,1.0155880451202393,0.9555667638778687,0.010063054040074348,0.5088874101638794,0.06729957461357117
152,15,0.7384298831224442,1.0162785053253174,0.9556617140769958,0.009588107466697693,0.20505906641483307,0.12939466536045074
152,16,0.6782349964603782,1.0157427787780762,0.9558965563774109,0.009606308303773403,0.1970607340335846,0.07724008709192276
152,17,0.6162537014111877,1.01611328125,0.9557694792747498,0.01055107917636633,0.1524570733308792,0.05886899679899216
152,18,0.5839499255642295,1.015805721282959,0.9558005332946777,0.009973364882171154,0.12841439247131348,0.051240917295217514
152,19,0.5753704458475113,1.0159481763839722,0.9560855031013489,0.00970887765288353,0.11116115003824234,0.06009368225932121
152,20,0.6153810890391469,1.0156208276748657,0.9560436010360718,0.010439482517540455,0.1356310248374939,0.07497769594192505
152,21,0.6284057786688209,1.0154759883880615,0.9557145833969116,0.010143368504941463,0.1416652947664261,0.08235900104045868
152,22,0.6275572419166565,1.0156131982803345,0.9558117389678955,0.010007418692111969,0.1587795466184616,0.06448528915643692
152,23,0.6117855485528707,1.0159825086593628,0.9557314515113831,0.010266443714499474,0.15370947122573853,0.05346684157848358
152,24,0.5988565724343061,1.0158889293670654,0.9556707739830017,0.01052887924015522,0.14449767768383026,0.049518074840307236
153,0,28.424910593032838,1.0179495811462402,0.9582408666610718,21.022241592407227,5.562479496002197,1.4449514150619507
153,1,26.358315682411195,1.0179495811462402,0.9567664861679077,18.58600616455078,6.704182147979736,0.6731841564178467
153,2,21.049287617206573,1.0156500339508057,0.9558072686195374,17.620386123657227,2.604790210723877,0.42981982231140137
153,3,20.372275292873383,1.0162365436553955,0.9555640816688538,17.0185489654541,2.448868751525879,0.5104974508285522
153,4,2.8219673451036216,1.0153908729553223,0.9566224217414856,0.018407141789793968,1.9747940301895142,0.4343635141849518
153,5,1.4365361075848342,1.0161288976669312,0.9571384787559509,0.012104896828532219,0.6013979911804199,0.42837974429130554
153,6,1.2569267362356187,1.0156974792480469,0.9560529589653015,0.01065392792224884,0.5069148540496826,0.34500786662101746
153,7,1.2513457691296934,1.0151896476745605,0.955977201461792,0.012039816938340664,0.6251807808876038,0.21989180147647858
153,8,1.2374117355793715,1.014604926109314,0.9555670022964478,0.011550603434443474,0.5733274817466736,0.25849926471710205
153,9,1.0718757819384337,1.014668583869934,0.9555622935295105,0.012466175481677055,0.34644854068756104,0.31891489028930664
153,10,2.4354878215119244,1.014623999595642,0.9559497237205505,0.009056809358298779,0.44176846742630005,1.590547800064087
153,11,2.5365137923508883,1.0146229267120361,0.955804705619812,0.010284708812832832,0.5217598080635071,1.6103837490081787
153,12,1.8517603093758226,1.0149604082107544,0.9557371735572815,0.010625624097883701,0.39625242352485657,1.050742745399475
153,13,1.7188844149932265,1.014786720275879,0.9556653499603271,0.009735829196870327,0.3467376232147217,0.9683205485343933
153,14,1.6909999273717404,1.014792561531067,0.9556400179862976,0.008475091308355331,0.254544734954834,1.0338935852050781
153,15,1.6437220381572843,1.014792561531067,0.955600380897522,0.009695504792034626,0.270997554063797,0.9689503908157349
154,0,32.725843167304994,1.0162113904953003,4.948422908782959,20.826467514038086,8.100675582885742,2.6057732105255127
154,1,30.447490353882312,1.0377709865570068,4.065986156463623,21.43166160583496,7.944442272186279,0.050635047256946564
154,2,23.76039027944207,1.0216070413589478,3.328976631164551,21.587167739868164,1.2462581396102905,0.05684766545891762
154,3,22.50386560410261,1.0204273462295532,2.7444562911987305,20.732295989990234,0.9776427745819092,0.04095011204481125
154,4,1.373161031678319,1.0179847478866577,1.9249866008758545,0.02964560128748417,0.6493566036224365,0.10556455701589584
154,5,1.2747383780777455,1.016792893409729,1.6442656517028809,0.022287685424089432,0.5307832360267639,0.18945574760437012
154,6,1.1694322243332862,1.0167983770370483,1.4339778423309326,0.02662702649831772,0.4323886036872864,0.220261350274086
154,7,0.837147218734026,1.0159541368484497,1.17750883102417,0.018732722848653793,0.31086960434913635,0.06885229796171188
154,8,0.8549583628773689,1.016448736190796,1.1043864488601685,0.020134136080741882,0.2987634241580963,0.11189376562833786
154,9,0.8963265936821699,1.016424536705017,1.0521130561828613,0.011275378987193108,0.29346367716789246,0.17788001894950867
154,10,1.099489368312061,1.0174223184585571,0.99343341588974,0.011264706961810589,0.19203966856002808,0.49401384592056274
154,11,1.0576335944235327,1.0162897109985352,0.9815835356712341,0.010453108698129654,0.16318702697753906,0.4844188094139099
154,12,1.107050514034927,1.016335129737854,0.9715747833251953,0.010736349038779736,0.16154389083385468,0.5371882915496826
154,13,1.1388267861679195,1.0152229070663452,0.9626286029815674,0.010383178479969501,0.13826440274715424,0.5946089029312134
155,0,33.74233696460724,1.0162113904953003,4.948422908782959,23.755531311035156,5.335058689117432,3.458820104598999
155,1,30.08058494925499,1.0181143283843994,4.067269802093506,24.194406509399414,4.688499927520752,0.18060168623924255
155,2,25.231508433818817,1.0169943571090698,3.322136163711548,23.40862464904785,0.8614580035209656,0.09359967708587646
155,3,24.32044498473406,1.0169531106948853,2.7234528064727783,22.732620239257812,0.7601536512374878,0.07958991080522537
155,4,1.4107193507254125,1.0156818628311157,1.8922145366668701,0.03517619147896767,0.6954085230827332,0.09855535626411438
155,5,1.40565319173038,1.0163594484329224,1.6148625612258911,0.021804509684443474,0.7421165704727173,0.1154877096414566
155,6,1.481386836245656,1.0163615942001343,1.4138474464416504,0.012111777439713478,0.8890821933746338,0.09415105730295181
155,7,0.7678423590958119,1.0167796611785889,1.1532641649246216,0.010288309305906296,0.27191928029060364,0.05162600427865982
155,8,0.7058476496487855,1.0172480344772339,1.0797975063323975,0.009420493617653847,0.23617100715637207,0.040847040712833405
155,9,0.6548893135040998,1.0172287225723267,1.0317739248275757,0.0099691953510046,0.19265486299991608,0.0424647256731987
155,10,0.5611939705908299,1.0167244672775269,0.9844485521316528,0.010033790022134781,0.10775277763605118,0.04317279905080795
155,11,0.5411631243303419,1.0166101455688477,0.9729186296463013,0.010469489730894566,0.09661097824573517,0.0361769013106823
155,12,0.5797996297478676,1.017114520072937,0.9648799896240234,0.009861456230282784,0.14579319953918457,0.02774607203900814
155,13,0.5381765928119422,1.0169132947921753,0.9582617282867432,0.010327128693461418,0.10435228049755096,0.028462179005146027
155,14,0.5324399085715413,1.0174264907836914,0.9571527242660522,0.009593158029019833,0.09788107872009277,0.030049828812479973
155,15,0.5362685998901725,1.0176724195480347,0.9563199877738953,0.010095096193253994,0.09708569198846817,0.03428933024406433
155,16,0.5592797694727778,1.0175726413726807,0.9560760855674744,0.009562636725604534,0.08767542243003845,0.06731196492910385
155,17,0.550563888438046,1.0176838636398315,0.9557344913482666,0.009997115470468998,0.0905868411064148,0.05529626086354256
155,18,0.5431856213137507,1.0177092552185059,0.9559946060180664,0.009509592317044735,0.07747501134872437,0.06146024540066719
155,19,0.5602925369516015,1.0179506540298462,0.9556468725204468,0.009696715511381626,0.09356654435396194,0.06230977177619934
155,20,0.5565741106867791,1.0176780223846436,0.9556434750556946,0.009786054491996765,0.06580167263746262,0.08632208406925201
156,0,29.734108114242552,1.0177141427993774,0.9557856321334839,20.42113494873047,7.252250671386719,1.666022539138794
156,1,15.341134202480315,1.0177141427993774,0.965631365776062,7.416836738586426,6.5480217933654785,0.979606568813324
156,2,11.127390272915363,1.0252153873443604,0.95650315284729,8.113747596740723,2.5035433769226074,0.11375559121370316
156,3,10.157216343283654,1.0169055461883545,0.9572252631187439,7.700035095214844,1.9630241394042969,0.09933094680309296
156,4,0.9223905980587006,1.0161179304122925,0.9559052586555481,0.01930522918701172,0.4395899772644043,0.06909075379371643
156,5,0.8642092507332564,1.0171746015548706,0.9555659294128418,0.013721546158194542,0.3788449764251709,0.07709462195634842
156,6,0.7934675347059965,1.0171452760696411,0.9555762410163879,0.014044435694813728,0.3287584185600281,0.0561203770339489
156,7,0.7404065281152725,1.0160863399505615,0.9557390213012695,0.012027762830257416,0.27209821343421936,0.061915479600429535
156,8,0.5414051307365298,1.0163376331329346,0.9557408690452576,0.010006844066083431,0.076589435338974,0.06039315089583397
156,9,0.7151217428967357,1.016329050064087,0.9556800127029419,0.010624493472278118,0.24056227505207062,0.06953316181898117
156,10,0.7105131786316634,1.0173043012619019,0.9556710124015808,0.010131599381566048,0.25241366028785706,0.053372856229543686
156,11,0.7018850630149245,1.016951084136963,0.9556331038475037,0.010136581026017666,0.224512979388237,0.07271866500377655
156,12,0.705917602404952,1.0175269842147827,0.9555891156196594,0.010863935574889183,0.21199677884578705,0.08843366801738739
156,13,0.6580922495573759,1.0181629657745361,0.9555624723434448,0.011508850380778313,0.15962615609169006,0.09221215546131134
156,14,0.635967724211514,1.0174174308776855,0.9555758237838745,0.009322446770966053,0.13240587711334229,0.09964074939489365
157,0,34.263339495658876,1.0162113904953003,4.948422908782959,23.620140075683594,6.663365840911865,2.7869067192077637
157,1,28.63743976354599,1.0241904258728027,4.067875385284424,21.82933235168457,5.221892833709717,0.5678014159202576
157,2,22.22816867828369,1.024171233177185,3.322817325592041,19.07163429260254,1.931220531463623,0.3559161424636841
157,3,21.904076156020164,1.0173922777175903,2.7270398139953613,19.38092803955078,1.5396555662155151,0.23460613191127777
157,4,1.8454028636217117,1.0196244716644287,1.8646076917648315,0.04635415971279144,0.9450223445892334,0.27717992663383484
157,5,1.6992244876921176,1.0196512937545776,1.5909407138824463,0.03506471589207649,0.9000769257545471,0.2419644445180893
157,6,1.4599789530038834,1.023643136024475,1.385087251663208,0.01621231436729431,0.7865082621574402,0.17551229894161224
157,7,1.0864482350647449,1.0198420286178589,1.1441524028778076,0.010048706084489822,0.3457881808280945,0.29781246185302734
157,8,1.1631917349994183,1.0191773176193237,1.0714677572250366,0.010856237262487411,0.24236835539340973,0.49183812737464905
157,9,1.105227309651673,1.0192078351974487,1.027157187461853,0.011656043119728565,0.24543039500713348,0.43886786699295044
157,10,0.981641623750329,1.0187231302261353,0.9769099354743958,0.010882416740059853,0.16863051056861877,0.4030020833015442
157,11,1.0668966494500638,1.0192310810089111,0.9677200317382812,0.011279668658971786,0.13687488436698914,0.5213518738746643
157,12,0.7725788420066237,1.0192251205444336,0.9611529111862183,0.010691053234040737,0.13675320148468018,0.22905898094177246
157,13,0.630330847389996,1.0166382789611816,0.9567583203315735,0.010210704989731312,0.10386302322149277,0.12157779932022095
157,14,0.6232671761885286,1.0165135860443115,0.9567149877548218,0.01088052336126566,0.09880109131336212,0.1189398467540741
157,15,0.6013972014188766,1.016517162322998,0.9559441804885864,0.0104493647813797,0.08795717358589172,0.10849839448928833
157,16,0.5762032790109515,1.0165159702301025,0.9557138681411743,0.009508530609309673,0.07179393619298935,0.10045484453439713
157,17,0.6540996439754962,1.0165374279022217,0.9562562704086304,0.011124271899461746,0.08905923366546631,0.15935739874839783
157,18,0.5829506129026414,1.0159978866577148,0.9559537172317505,0.010868236422538757,0.055504731833934784,0.12218732386827469
157,19,0.5758585074916482,1.015496015548706,0.9559534788131714,0.010367040522396564,0.0618659146130085,0.10933565348386765
157,20,0.5636566475033761,1.0156340599060059,0.9566690921783447,0.00989668071269989,0.05497777462005615,0.10432156175374985
157,21,0.5813036791980267,1.0155863761901855,0.9562199711799622,0.010567598044872284,0.04787886515259743,0.1284959465265274
157,22,0.5915679914876819,1.0155456066131592,0.9560743570327759,0.009874015115201473,0.04480746015906334,0.14256252348423004
157,23,0.5768407119438053,1.0155370235443115,0.9559544920921326,0.0104818781837821,0.03843952342867851,0.1336210072040558
157,24,0.5486412195488811,1.0158100128173828,0.95607590675354,0.011120258830487728,0.04058576002717018,0.10255801677703857
158,0,30.24898765087128,1.0162113904953003,4.948422908782959,21.58810806274414,5.901794910430908,1.5661578178405762
158,1,23.01360338628292,1.0162113904953003,4.064844131469727,16.546550750732422,5.307865142822266,0.14297638833522797
158,2,22.521344254910947,1.0160452127456665,3.3714189529418945,16.117483139038086,5.457477569580078,0.06889071315526962
158,3,18.733025412261487,1.0149586200714111,2.776404857635498,16.1346492767334,1.80422043800354,0.03588300198316574
158,4,1.586759442090988,1.0147976875305176,1.9217736721038818,0.016802605241537094,0.9363924264907837,0.04625013843178749
158,5,1.4099526077508928,1.0183396339416504,1.641457200050354,0.015396762639284134,0.8113439083099365,0.0512525700032711
158,6,1.0059151094406844,1.0159354209899902,1.425221562385559,0.012249244377017021,0.45032334327697754,0.055111125111579895
158,7,0.8482220645993948,1.0172646045684814,1.1562507152557373,0.009564680978655815,0.34651854634284973,0.0574357733130455
158,8,0.8295368535444141,1.017268419265747,1.0764111280441284,0.012028823606669903,0.3261911869049072,0.07258093357086182
158,9,0.7787381011992693,1.0167549848556519,1.0283408164978027,0.01128786988556385,0.3059244751930237,0.052506595849990845
158,10,0.7786445522680878,1.017945408821106,0.9803903698921204,0.010707461275160313,0.3116122782230377,0.05665765702724457
158,11,0.6482501622289419,1.0173680782318115,0.9689204692840576,0.010378925129771233,0.2038029581308365,0.03681056946516037
158,12,0.6871718876063824,1.0171244144439697,0.9617313146591187,0.010877221822738647,0.2296750545501709,0.05084846541285515
158,13,0.6378196103498339,1.0169414281845093,0.9572705626487732,0.010837207548320293,0.1938575804233551,0.038282424211502075
158,14,0.618781377747655,1.0169274806976318,0.9559933543205261,0.010894685983657837,0.18546618521213531,0.02783633954823017
158,15,0.5827210692688823,1.0169919729232788,0.9556664228439331,0.009986293502151966,0.1569250375032425,0.021278059110045433
158,16,0.5527679955586792,1.0172619819641113,0.9556640386581421,0.009992911480367184,0.11992468684911728,0.028265193104743958
158,17,0.5728741511702538,1.0172674655914307,0.9558426737785339,0.010957019403576851,0.14437997341156006,0.022915130481123924
158,18,0.5683445567265153,1.0182149410247803,0.9557332396507263,0.009734914638102055,0.14188823103904724,0.02193177491426468
158,19,0.5798556290566922,1.0175491571426392,0.9557082653045654,0.011864329688251019,0.15894651412963867,0.014393300749361515
158,20,0.5555500101298094,1.0175909996032715,0.9557303786277771,0.010258831083774567,0.13249634206295013,0.018130561336874962
158,21,0.5006997967138886,1.017289400100708,0.9555739760398865,0.01059009786695242,0.07789301872253418,0.01764400489628315
158,22,0.4846129355952144,1.0166914463043213,0.9556043744087219,0.010174118913710117,0.06685182452201843,0.013127828016877174
159,0,30.965249478816986,1.0150985717773438,0.9555975794792175,22.131616592407227,6.823934555053711,1.6155591011047363
159,1,28.606445288658144,1.0151604413986206,0.9569997787475586,22.61905860900879,4.6457037925720215,0.9472508430480957
159,2,11.371322417259217,1.015161395072937,0.961543619632721,7.632325172424316,2.5278682708740234,0.8157879710197449
159,3,11.10838212966919,1.0147279500961304,0.9574140310287476,7.947749614715576,1.5243110656738281,1.2418930530548096
159,4,1.5090588331222534,1.0149948596954346,0.9560064673423767,0.026119202375411987,0.7875688672065735,0.3011704981327057
159,5,1.4546075221151114,1.0149931907653809,0.9561353921890259,0.010799741372466087,0.662375271320343,0.3872067928314209
159,6,1.291562464646995,1.017646312713623,0.9555622935295105,0.010300609283149242,0.37287572026252747,0.5137444138526917
159,7,1.1794010186567903,1.0162806510925293,0.9556552767753601,0.009366282261908054,0.1551026999950409,0.6205448508262634
159,8,1.2045206878334285,1.016279697418213,0.9557568430900574,0.010429838672280312,0.143669992685318,0.656013548374176
159,9,1.303354417346418,1.0159133672714233,0.9561827778816223,0.010236754082143307,0.1490790694952011,0.7496193647384644
159,10,1.5571047952398658,1.0160796642303467,0.9557266235351562,0.010192512534558773,0.13860580325126648,1.01394522190094
159,11,1.60865778606385,1.0165117979049683,0.9558969736099243,0.010018858127295971,0.06856006383895874,1.1355971097946167
159,12,0.8548934068530798,1.0164850950241089,0.9558656811714172,0.010343862697482109,0.06741399317979813,0.38266539573669434
159,13,0.6846684530377388,1.0164316892623901,0.955610454082489,0.010392718017101288,0.07034710049629211,0.20952020585536957
159,14,0.6125842506065965,1.016292691230774,0.9556096792221069,0.010299568064510822,0.05177703872323036,0.1561271697282791
159,15,0.5823686040937901,1.01628839969635,0.9555744528770447,0.010433744639158249,0.05167879909276962,0.12588348984718323
159,16,0.5694525949656963,1.0165154933929443,0.9555643796920776,0.010224897414445877,0.04253648221492767,0.12227524071931839
159,17,0.5713119424879551,1.0166479349136353,0.9555642008781433,0.01022198423743248,0.03461282700300217,0.13203470408916473
159,18,0.5689544316381216,1.016661524772644,0.9555675983428955,0.010673901066184044,0.039646685123443604,0.12418802082538605
159,19,0.5441447515040636,1.0165557861328125,0.9555675983428955,0.008877074345946312,0.03158564493060112,0.10925735533237457
159,20,0.5503313336521387,1.0165616273880005,0.9555623531341553,0.009832335636019707,0.04062367603182793,0.10545052587985992
159,21,0.5238084034994245,1.016629934310913,0.9555704593658447,0.010031764395534992,0.026183493435382843,0.09315306693315506
159,22,0.5081018254160882,1.0170652866363525,0.9556026458740234,0.010392462834715843,0.02703305520117283,0.07614272087812424
159,23,0.5148090980947018,1.0170871019363403,0.955590009689331,0.010404204949736595,0.029596535488963127,0.08027293533086777
159,24,0.5148506205528975,1.0170729160308838,0.9555712938308716,0.010823139920830727,0.024223189800977707,0.08527544885873795
160,0,29.906310057640077,1.0162113904953003,4.948422908782959,20.201534271240234,6.139880657196045,2.3719682693481445
160,1,28.227754974365233,1.0208606719970703,4.066771984100342,20.248523712158203,6.697793960571289,0.26391077041625977
160,2,24.745623010396958,1.0150243043899536,3.3437438011169434,21.161962509155273,2.4888625144958496,0.22304436564445496
160,3,25.140244850516318,1.0150291919708252,2.7437632083892822,20.31279754638672,3.8867545127868652,0.1889343112707138
160,4,1.0906055882573127,1.0181939601898193,1.882175326347351,0.015929408371448517,0.4043792486190796,0.09022307395935059
160,5,1.1011423436924814,1.015934944152832,1.6049529314041138,0.01077433954924345,0.47824403643608093,0.08794639259576797
160,6,1.147781565785408,1.0152852535247803,1.398162841796875,0.010168835520744324,0.49229884147644043,0.1626242697238922
160,7,0.9948328068479896,1.0156217813491821,1.1440900564193726,0.011128692887723446,0.4784924387931824,0.0732693076133728
160,8,0.7220880502834917,1.016074776649475,1.0703860521316528,0.01035133097320795,0.22417761385440826,0.07026693969964981
160,9,0.6253509989008308,1.0165009498596191,1.0224609375,0.010450492613017559,0.15283818542957306,0.0542699433863163
160,10,0.5872423293069006,1.0163129568099976,0.9747170805931091,0.01101259607821703,0.10104062408208847,0.07698310166597366
160,11,0.5615662336349487,1.0160198211669922,0.9655705690383911,0.009732462465763092,0.08157554268836975,0.07394015043973923
160,12,0.5481924008578063,1.0166021585464478,0.9596466422080994,0.008742427453398705,0.08204596489667892,0.06215424835681915
160,13,0.5428997168317438,1.0165083408355713,0.9564422965049744,0.009724021889269352,0.0655248761177063,0.07306069135665894
160,14,0.5397251415997744,1.016506314277649,0.9558489322662354,0.01054530031979084,0.07312437891960144,0.061584413051605225
160,15,0.5572206431999803,1.016571044921875,0.9556722044944763,0.011122201569378376,0.06102689728140831,0.09062289446592331
160,16,0.5265737891197204,1.0164068937301636,0.9555648565292358,0.010845430195331573,0.05075201392173767,0.07058199495077133
160,17,0.5394284904003144,1.0163017511367798,0.9555700421333313,0.0123707614839077,0.05670929327607155,0.07597407698631287
160,18,0.520772366784513,1.0161259174346924,0.955679178237915,0.010547312907874584,0.04857836291193962,0.06728567183017731
160,19,0.5223077680915594,1.0161497592926025,0.9556822776794434,0.011706741526722908,0.04546472057700157,0.07076989859342575
160,20,0.5255621947348118,1.0161246061325073,0.9558361768722534,0.012028194963932037,0.044365424662828445,0.07477641850709915
160,21,0.5228907119482756,1.0158779621124268,0.9557060599327087,0.011807238683104515,0.048548415303230286,0.06821825355291367
160,22,0.5237666158005595,1.0159187316894531,0.9559023380279541,0.010520740412175655,0.0446457602083683,0.07423590123653412
160,23,0.530382350459695,1.0159118175506592,0.955747127532959,0.012943202629685402,0.042770132422447205,0.08033722639083862
160,24,0.5007958645001054,1.0159118175506592,0.9555749893188477,0.011173435486853123,0.038403160870075226,0.056921906769275665
161,0,30.762934184074403,1.0162113904953003,4.948422908782959,21.352270126342773,6.24796199798584,1.9697751998901367
161,1,27.383085989952086,1.0162113904953003,4.065207481384277,18.516708374023438,6.5358076095581055,1.314286231994629
161,2,5.690630286931992,1.0162113904953003,3.349231004714966,0.5662067532539368,4.087008476257324,0.16432657837867737
161,3,4.163646566867828,1.0187926292419434,2.745450735092163,0.5640230774879456,1.1279010772705078,1.7188737392425537
161,4,3.8433764846995473,1.0180591344833374,1.913962483406067,0.011117425747215748,0.8037973642349243,2.4420573711395264
161,5,4.203709528595209,1.0180041790008545,1.640799641609192,0.011665139347314835,0.6359482407569885,3.0243353843688965
161,6,5.094060083292424,1.0190876722335815,1.4287325143814087,0.011705501936376095,0.579673707485199,4.013116836547852
161,7,5.841890747658908,1.0218687057495117,1.1585747003555298,0.011334891431033611,0.5417121052742004,4.852755069732666
161,8,2.7567311258986593,1.0192903280258179,1.082330584526062,0.01181465107947588,0.5334931015968323,1.791099190711975
161,9,3.1193004570901395,1.0201951265335083,1.0296388864517212,0.011988099664449692,0.5897529721260071,2.1075925827026367
161,10,2.8326069600880146,1.0184295177459717,0.9774299263954163,0.012746263295412064,0.6010734438896179,1.819615364074707
161,11,3.141603723168373,1.0175158977508545,0.9652862548828125,0.010912373661994934,0.5612044930458069,2.172926425933838
161,12,1.2804665438830853,1.0173187255859375,0.9592012763023376,0.01172683760523796,0.5542204976081848,0.31921520829200745
161,13,1.2705727538093925,1.0166077613830566,0.9559372663497925,0.010896935127675533,0.5640274286270142,0.30113938450813293
161,14,0.944482046738267,1.01632559299469,0.9555624723434448,0.01149020530283451,0.243257537484169,0.2953566908836365
161,15,0.9302708256989718,1.0163487195968628,0.9556857943534851,0.010738538578152657,0.24825283885002136,0.27687254548072815
161,16,0.9352016495540738,1.015903115272522,0.9560623168945312,0.010710244067013264,0.22377437353134155,0.30632394552230835
161,17,0.9862857339903712,1.0163995027542114,0.9558907747268677,0.010799664072692394,0.21680334210395813,0.3642246723175049
161,18,1.0041223369538783,1.016348958015442,0.9561968445777893,0.01006513461470604,0.22139564156532288,0.37815240025520325
161,19,0.9319231025874615,1.016005516052246,0.9562829732894897,0.010248597711324692,0.22781093418598175,0.29940587282180786
161,20,0.9033905601128935,1.0165631771087646,0.9560895562171936,0.009110844694077969,0.20378561317920685,0.2959635555744171
161,21,0.8886003559455276,1.0170871019363403,0.9557807445526123,0.010553634725511074,0.237968310713768,0.24550484120845795
161,22,0.8481982475146652,1.016465663909912,0.9556722044944763,0.009070969186723232,0.1991296112537384,0.2455700933933258
161,23,0.8571548705920577,1.0169591903686523,0.9556117653846741,0.010408124886453152,0.18715842068195343,0.26507413387298584
161,24,0.8540111979469658,1.0164679288864136,0.9555718898773193,0.01006950344890356,0.2011532187461853,0.24838051199913025
162,0,29.470822739601136,1.014843463897705,0.9557274580001831,21.384157180786133,6.68607759475708,1.0064737796783447
162,1,25.010115528106688,1.0146410465240479,0.9555765986442566,18.982526779174805,4.676421642303467,0.9571235775947571
162,2,24.168420791625977,1.0147150754928589,0.9561682343482971,20.517719268798828,2.3798325061798096,0.8766923546791077
162,3,19.705155265331268,1.0147181749343872,0.955716073513031,18.0578670501709,1.0832408666610718,0.16996049880981445
162,4,1.583699444308877,1.0159449577331543,0.9556702971458435,0.02654997445642948,0.8631324172019958,0.2996940016746521
162,5,1.4202913459390403,1.0154378414154053,0.9562389850616455,0.017846604809165,0.7745285630226135,0.2335808128118515
162,6,1.4655837642028928,1.0164507627487183,0.9564986824989319,0.015079383738338947,0.7251816391944885,0.3307328522205353
162,7,2.0220440551638603,1.018095850944519,0.9558502435684204,0.01755838841199875,0.6622799038887024,0.9474165439605713
162,8,1.868534628674388,1.0169739723205566,0.9556779861450195,0.01582386903464794,0.6247619390487671,0.8334184288978577
162,9,1.9524877835065126,1.0166406631469727,0.9559226036071777,0.01524241454899311,0.5209852457046509,1.0217474699020386
162,10,2.0950189381837845,1.0163915157318115,0.9557932615280151,0.014250054955482483,0.6752994656562805,1.0110324621200562
162,11,1.4956544045358897,1.0168505907058716,0.9557459354400635,0.01611628569662571,0.545366108417511,0.5396527051925659
163,0,32.66673896312714,1.0162113904953003,4.948422908782959,24.001239776611328,5.925861358642578,1.5467109680175781
163,1,28.72902495265007,1.0163826942443848,4.066444396972656,22.738706588745117,4.74509334564209,0.22865960001945496
163,2,14.046864899992944,1.0163824558258057,3.3221957683563232,11.48005485534668,1.477474331855774,0.22162006795406342
163,3,13.913635265827178,1.0186669826507568,2.7309370040893555,11.190264701843262,1.6572279930114746,0.31622177362442017
163,4,1.9513536848127844,1.0171469449996948,1.896724820137024,0.020116958767175674,1.1192493438720703,0.22921302914619446
163,5,1.3515666702762246,1.0190174579620361,1.6101545095443726,0.015445754863321781,0.5491628646850586,0.2611236572265625
163,6,1.1967589853331448,1.0190834999084473,1.4007915258407593,0.011895465664565563,0.42868325114250183,0.27220526337623596
163,7,0.8267208376899362,1.0202381610870361,1.1373786926269531,0.01068806741386652,0.23318840563297272,0.15132099390029907
163,8,0.7391730260103941,1.0200049877166748,1.0658669471740723,0.011341838166117668,0.15951761603355408,0.15113918483257294
163,9,0.83763771597296,1.0200080871582031,1.0193594694137573,0.010760092176496983,0.21183381974697113,0.2071702927350998
163,10,0.8328300431370735,1.0211833715438843,0.9715824127197266,0.010183654725551605,0.19887468218803406,0.22521854937076569
163,11,0.8116732234135271,1.0203746557235718,0.9625811576843262,0.009927772916853428,0.17463810741901398,0.23051618039608002
163,12,0.8479617817327381,1.0203418731689453,0.9588931798934937,0.009021813981235027,0.1662295013666153,0.2768634557723999
163,13,0.761758990585804,1.01771879196167,0.9557963609695435,0.010024569928646088,0.13755470514297485,0.21947668492794037
163,14,0.7192310506477952,1.0175434350967407,0.9555875062942505,0.008864165283739567,0.10271287709474564,0.21302781999111176
163,15,0.700298136100173,1.0180001258850098,0.9556437730789185,0.010718008503317833,0.12081415951251984,0.17403718829154968
163,16,0.6895322956144809,1.0175102949142456,0.9555891752243042,0.010028589516878128,0.09245951473712921,0.19242429733276367
163,17,0.6921230779960752,1.0177956819534302,0.9556505680084229,0.011617307551205158,0.10678200423717499,0.1790345162153244
163,18,0.6775733562186361,1.017778754234314,0.9564405083656311,0.009902645833790302,0.08035732060670853,0.1924695372581482
163,19,0.659668422676623,1.0194710493087769,0.9558956027030945,0.010156386531889439,0.0921146348118782,0.16232407093048096
163,20,0.6892675727605819,1.0199472904205322,0.955832302570343,0.011288456618785858,0.052085645496845245,0.23073755204677582
163,21,0.6423310697078705,1.0195164680480957,0.955640971660614,0.010487336665391922,0.05792820081114769,0.17888404428958893
163,22,0.6240239188075065,1.0193043947219849,0.9559378623962402,0.012031566351652145,0.03949984535574913,0.17744405567646027
163,23,0.6489803960546852,1.0190075635910034,0.9556966423988342,0.009985252283513546,0.04174463450908661,0.20230966806411743
163,24,0.6444703118875623,1.0188473463058472,0.9557033777236938,0.011227880604565144,0.05855847895145416,0.17977380752563477
164,0,30.187502598762514,1.0162113904953003,4.948422908782959,20.5004825592041,6.139169216156006,2.354923963546753
164,1,17.156968212127687,1.0162113904953003,4.06421422958374,8.294736862182617,6.684070110321045,1.1620761156082153
164,2,11.751510405540467,1.0146546363830566,3.371086835861206,7.858555316925049,2.0401394367218018,0.9756673574447632
164,3,11.80897136926651,1.0151431560516357,2.7807281017303467,8.84468936920166,1.369187831878662,0.8359199166297913
164,4,2.1169376311823727,1.015200138092041,1.9105455875396729,0.012520927004516125,1.0599709749221802,0.4592965841293335
164,5,2.1497699689120053,1.0148937702178955,1.6236227750778198,0.011112285777926445,1.220184326171875,0.3907700479030609
164,6,1.6846565689891577,1.016493558883667,1.4124811887741089,0.01137714646756649,0.7526635527610779,0.43482092022895813
164,7,1.1458531938493253,1.0160982608795166,1.1483858823776245,0.01054137572646141,0.5010057687759399,0.2014092206954956
164,8,1.0043856814503669,1.0159488916397095,1.0787545442581177,0.00970418006181717,0.5068075656890869,0.06893324851989746
164,9,0.9509016919881106,1.0156943798065186,1.0288023948669434,0.01067071221768856,0.4716244041919708,0.059707220643758774
164,10,0.7804987587034702,1.0159838199615479,0.9780005216598511,0.009915456175804138,0.3392985463142395,0.032487887889146805
164,11,0.7547163527458907,1.0159966945648193,0.9678687453269958,0.010305715724825859,0.31408217549324036,0.033555373549461365
164,12,0.6915129708126188,1.0153517723083496,0.9626412987709045,0.011165005154907703,0.24628029763698578,0.03846905380487442
164,13,0.6164107117801905,1.0151638984680176,0.9569547176361084,0.010386133566498756,0.16701088845729828,0.04458996653556824
164,14,0.6310104178264737,1.0151604413986206,0.9560933113098145,0.010284640826284885,0.180594801902771,0.04588022455573082
164,15,0.6476803394034505,1.0150561332702637,0.9557791948318481,0.010538683272898197,0.20520779490470886,0.037766795605421066
164,16,0.758700716495514,1.015197515487671,0.9557381868362427,0.011521503329277039,0.13258719444274902,0.22040487825870514
164,17,0.7941680233925581,1.0151944160461426,0.955631673336029,0.010749084874987602,0.13486455380916595,0.2543891668319702
164,18,0.7665458323433996,1.0152757167816162,0.9558030366897583,0.011257712729275227,0.08582714945077896,0.27524521946907043
164,19,0.7311601465567947,1.0155768394470215,0.9555671215057373,0.009183733724057674,0.08738439530134201,0.2403632253408432
165,0,33.90154005289078,1.0194225311279297,0.9558921456336975,24.081315994262695,6.487812519073486,2.9373486042022705
165,1,14.93289949297905,1.0194225311279297,0.9555642008781433,9.275788307189941,5.1387104988098145,0.12340334057807922
165,2,14.58334002867341,1.0149611234664917,0.9564275145530701,8.738182067871094,5.402373790740967,0.048506442457437515
165,3,15.118879407644272,1.01496422290802,0.9575948715209961,9.37427806854248,5.272759914398193,0.0773296058177948
165,4,1.1165367696434259,1.0180007219314575,0.9574415683746338,0.018317492678761482,0.6267598867416382,0.07637093216180801
165,5,0.8781575649976731,1.019553542137146,0.9592278003692627,0.015479005873203278,0.4173809885978699,0.049541302025318146
165,6,0.6845366656780243,1.0184160470962524,0.9577687978744507,0.013259250670671463,0.23087811470031738,0.04516233131289482
165,7,0.6592542877420783,1.0159789323806763,0.956307053565979,0.011678415350615978,0.21470071375370026,0.038417961448431015
165,8,0.6171353159472346,1.0159968137741089,0.9557475447654724,0.0101500628516078,0.17671984434127808,0.035916537046432495
165,9,0.6274678390473127,1.0162450075149536,0.9557013511657715,0.011489642783999443,0.18496648967266083,0.036622434854507446
165,10,0.7407409239560365,1.016879677772522,0.9556714296340942,0.009652258828282356,0.15861231088638306,0.1779661327600479
165,11,0.771778853237629,1.0168952941894531,0.955711305141449,0.011608727276325226,0.14772160351276398,0.21792720258235931
165,12,0.757175189256668,1.015937089920044,0.9557229280471802,0.008481472730636597,0.16687700152397156,0.1874847114086151
165,13,0.642549079284072,1.0165241956710815,0.9557459950447083,0.009752454236149788,0.045753005892038345,0.19258958101272583
165,14,0.7069953862577677,1.015748381614685,0.9556196331977844,0.011399270966649055,0.07595276087522507,0.22536975145339966
166,0,32.59798929691315,1.0162113904953003,4.948422908782959,22.11187171936035,5.721531391143799,3.5716593265533447
166,1,30.250719714164735,1.0217483043670654,4.064216136932373,23.826753616333008,4.8715033531188965,0.5352698564529419
166,2,26.37109307050705,1.0183018445968628,3.3592944145202637,23.22794532775879,1.8257887363433838,0.4418397545814514
166,3,24.989509338140486,1.0151506662368774,2.7710580825805664,22.45596694946289,1.4229052066802979,0.3533954322338104
166,4,1.5387180641293527,1.0153403282165527,1.9286681413650513,0.03796268254518509,0.5435947179794312,0.3683589696884155
166,5,1.2749406885355712,1.0159868001937866,1.646026849746704,0.027205033227801323,0.3291149437427521,0.38621798157691956
166,6,1.4014520147815346,1.0159907341003418,1.4328089952468872,0.010695324279367924,0.6444465517997742,0.2565501928329468
166,7,1.0120223645120858,1.0156348943710327,1.1596611738204956,0.009848708286881447,0.33552128076553345,0.23159316182136536
166,8,0.9800805401057004,1.015779733657837,1.0828107595443726,0.00922699086368084,0.3604987859725952,0.19063666462898254
166,9,0.9885131081566214,1.0157856941223145,1.0334157943725586,0.009827121160924435,0.3345967233181,0.23424896597862244
166,10,0.7060427958145739,1.0161749124526978,0.9775446057319641,0.01071570161730051,0.12420712411403656,0.17237606644630432
166,11,0.7021783031523228,1.0169326066970825,0.9652436971664429,0.01168162003159523,0.12154707312583923,0.17251434922218323
166,12,0.719189346395433,1.0177481174468994,0.9587259292602539,0.009204595349729061,0.11301390081644058,0.20167604088783264
166,13,0.6834656339138747,1.0164167881011963,0.9556447863578796,0.00963173620402813,0.076398104429245,0.20302347838878632
166,14,0.6243523966521025,1.016423225402832,0.9555656909942627,0.010515151545405388,0.08138273656368256,0.13805672526359558
166,15,0.6756317818537355,1.016423225402832,0.9558027386665344,0.011174471117556095,0.07986640185117722,0.19014571607112885
166,16,0.6581301579251886,1.0152720212936401,0.9561452865600586,0.009413220919668674,0.0665603056550026,0.18787316977977753
166,17,0.6450981002300977,1.0150635242462158,0.9561089277267456,0.011187141761183739,0.07364984601736069,0.16602662205696106
166,18,0.6409505914896727,1.0155272483825684,0.9565251469612122,0.010413477197289467,0.05298984423279762,0.18313679099082947
166,19,0.6307814782485366,1.0158616304397583,0.956089198589325,0.010092205367982388,0.049594491720199585,0.17670461535453796
166,20,0.5993051309138537,1.0156712532043457,0.9563372731208801,0.010764135047793388,0.03789055719971657,0.15624873340129852
166,21,0.5907013399526477,1.015655279159546,0.9562671780586243,0.011514495126903057,0.03376069664955139,0.1510416567325592
166,22,0.6519617229700089,1.015884518623352,0.956244945526123,0.00965038314461708,0.037525665014982224,0.21035978198051453
166,23,0.5916851133108139,1.0158789157867432,0.9558079242706299,0.010461371392011642,0.03237645700573921,0.15450991690158844
166,24,0.5751379484310746,1.0160934925079346,0.9556082487106323,0.011576582677662373,0.03127611055970192,0.13794490694999695
167,0,33.93578860759735,1.0162113904953003,4.948422908782959,24.468948364257812,5.564733505249023,2.7091798782348633
167,1,30.512772462517024,1.0152162313461304,4.065422534942627,24.088003158569336,5.358033657073975,0.050607893615961075
167,2,14.051714888960124,1.0152188539505005,3.3305482864379883,11.678576469421387,1.4548394680023193,0.049145523458719254
167,3,12.932720353454352,1.014604926109314,2.745898723602295,10.907790184020996,1.2154324054718018,0.057397034019231796
167,4,3.5496255315840246,1.0157259702682495,1.9016165733337402,0.02728373184800148,2.0084846019744873,0.9303886890411377
167,5,2.6260799061506988,1.0151008367538452,1.6131014823913574,0.02332313172519207,0.5415261387825012,1.5355901718139648
167,6,3.8176035173237324,1.0146660804748535,1.395194411277771,0.020974118262529373,0.3826483190059662,2.932008981704712
167,7,4.955579876340925,1.0149487257003784,1.1372127532958984,0.013339080847799778,0.1538916677236557,4.357916831970215
167,8,4.442550079338252,1.0149433612823486,1.0633578300476074,0.012454996816813946,0.1354368031024933,3.878998041152954
167,9,2.1797111954540016,1.0148240327835083,1.0181196928024292,0.012855282053351402,0.11234250664710999,1.6479246616363525
167,10,2.1659851010888813,1.0149319171905518,0.9781343936920166,0.011587558314204216,0.08704889565706253,1.668735384941101
167,11,1.8038267567753792,1.0153083801269531,0.9673435688018799,0.012171663343906403,0.08945992588996887,1.3056647777557373
167,12,1.8987211903557182,1.0152671337127686,0.9613733291625977,0.011525428853929043,0.07495690137147903,1.4169107675552368
167,13,1.4331730788573622,1.0150902271270752,0.9566314816474915,0.011095217429101467,0.07333751022815704,0.9543960094451904
167,14,1.899090427160263,1.0157439708709717,0.9558411240577698,0.011368855834007263,0.07000188529491425,1.4234026670455933
167,15,2.0937870973721147,1.015412449836731,0.955737292766571,0.010419265367090702,0.07806510478258133,1.6110727787017822
167,16,1.0892327908426522,1.0157253742218018,0.955608069896698,0.01224868930876255,0.06495800614356995,0.6177594065666199
167,17,1.2361508598551154,1.015709638595581,0.9556293487548828,0.011196977458894253,0.08114563673734665,0.7495404481887817
167,18,1.2082941690459847,1.0160270929336548,0.9555747509002686,0.010092788375914097,0.06618853658437729,0.7376924753189087
167,19,1.12741955332458,1.0165538787841797,0.9555809497833252,0.010937212035059929,0.09524720907211304,0.6268081665039062
167,20,1.3622415924444795,1.0165044069290161,0.9557145833969116,0.011142470873892307,0.1393985152244568,0.8172568082809448
167,21,1.1090669922530652,1.0162944793701172,0.9556321501731873,0.011083286255598068,0.12821990251541138,0.5753784775733948
167,22,1.3222440626472234,1.01658034324646,0.9556218385696411,0.011197512969374657,0.09467558562755585,0.8219305276870728
168,0,31.55578612089157,1.0156916379928589,0.956916868686676,22.240510940551758,6.476137638092041,2.4446158409118652
168,1,24.49171527326107,1.0150325298309326,0.9889854788780212,20.791873931884766,3.167630672454834,0.13140706717967987
168,2,23.89633521437645,1.0194059610366821,0.9611365795135498,21.456438064575195,1.5482943058013916,0.4954943358898163
168,3,9.724016764760018,1.0194450616836548,0.9599248766899109,8.136632919311523,1.0050768852233887,0.18643297255039215
168,4,1.3886190112680197,1.0146074295043945,0.9597326517105103,0.02330135367810726,0.8285973072052002,0.14185233414173126
168,5,1.327614314109087,1.0146539211273193,0.9562948942184448,0.015935998409986496,0.8277050256729126,0.08978352695703506
168,6,1.0102420758455992,1.0148447751998901,0.9559216499328613,0.013702405616641045,0.4942459762096405,0.10814040899276733
168,7,0.7891657505184413,1.0154560804367065,0.9559647440910339,0.011554086580872536,0.23797109723091125,0.14535640180110931
168,8,0.7759610246866941,1.0166852474212646,0.9561647176742554,0.011760024353861809,0.24182753264904022,0.1278034746646881
168,9,0.8361393818631768,1.0176975727081299,0.9557281732559204,0.010114998556673527,0.26790180802345276,0.16343742609024048
168,10,1.0190981296822428,1.0184575319290161,0.9555661678314209,0.011217388324439526,0.20403778553009033,0.4090382158756256
168,11,1.0922178972512484,1.0172455310821533,0.95563805103302,0.010498778894543648,0.2547176480293274,0.43242475390434265
168,12,1.0648180106654763,1.016688585281372,0.9557563662528992,0.009592817164957523,0.215330570936203,0.44540563225746155
168,13,1.035739398188889,1.018416166305542,0.9557967782020569,0.010782775469124317,0.19206105172634125,0.4380529820919037
168,14,1.0025771003216506,1.018997311592102,0.9558659791946411,0.009618373587727547,0.059718575328588486,0.5382674932479858
169,0,31.13488886356354,1.0162113904953003,4.948422908782959,21.145090103149414,6.530523777008057,2.266348123550415
169,1,30.00318695306778,1.016704797744751,4.0654802322387695,23.64474868774414,4.593208312988281,0.7487929463386536
169,2,25.959235656261445,1.0196325778961182,3.3610944747924805,23.12889289855957,1.2704267501831055,0.6837705969810486
169,3,22.8520076751709,1.0201438665390015,2.7729380130767822,21.016366958618164,0.7386362552642822,0.3383880853652954
169,4,1.4038326263427736,1.0158946514129639,1.9220412969589233,0.02149561047554016,0.4270394444465637,0.3677103817462921
169,5,1.2841182202100754,1.0178518295288086,1.6303801536560059,0.015297159552574158,0.3411368131637573,0.398037850856781
169,6,1.0816127743571997,1.0172697305679321,1.415664553642273,0.012109776958823204,0.16982501745224,0.41309112310409546
169,7,1.057357002981007,1.018885850906372,1.1577017307281494,0.0135768698528409,0.09353010356426239,0.5149325132369995
169,8,1.2089152064174415,1.0188390016555786,1.0822471380233765,0.012336237356066704,0.10773686319589615,0.6686248779296875
169,9,1.3535134529694917,1.0175892114639282,1.0315836668014526,0.012534386478364468,0.0905914455652237,0.8405530452728271
169,10,1.1039703328162431,1.0176275968551636,0.9799807071685791,0.012756185606122017,0.06287606060504913,0.6288164258003235
169,11,1.087535390071571,1.0176256895065308,0.9702942967414856,0.011724512092769146,0.06608640402555466,0.6121404767036438
169,12,0.5297466466203332,1.0175646543502808,0.9634682536125183,0.011531473137438297,0.08236804604530334,0.03964054584503174
169,13,0.5990058343857527,1.0167887210845947,0.9579750895500183,0.010413523763418198,0.16384005546569824,0.02979949302971363
169,14,0.5778334677219391,1.0178395509719849,0.9567340016365051,0.010444585233926773,0.13171502947807312,0.040759142488241196
169,15,0.5614911999553442,1.0172054767608643,0.9563051462173462,0.010163379833102226,0.1277971863746643,0.028828509151935577
169,16,0.5505631459876895,1.0177925825119019,0.9559596180915833,0.0101469149813056,0.11050910502672195,0.03515668585896492
169,17,0.5499232593923807,1.018324375152588,0.9559431076049805,0.009917275980114937,0.10479678213596344,0.040355704724788666
169,18,0.5173595476895572,1.018308162689209,0.9556393027305603,0.01088717021048069,0.0731615275144577,0.038521356880664825
169,19,0.5084067722782493,1.0188840627670288,0.9555633068084717,0.010914399288594723,0.0659220889210701,0.036680810153484344
169,20,0.5022549320012332,1.019438624382019,0.9556927680969238,0.010310126468539238,0.06057436764240265,0.03634415939450264
169,21,0.500052141211927,1.0193817615509033,0.9558156728744507,0.010619129054248333,0.06313451379537582,0.03125901147723198
169,22,0.4937674835324287,1.0199469327926636,0.9556190967559814,0.009483551606535912,0.06204380467534065,0.027126921340823174
170,0,32.4050537109375,1.0162113904953003,4.948422908782959,23.78502655029297,5.7455339431762695,1.6815663576126099
170,1,15.221187806129455,1.0162113904953003,4.065835475921631,8.748124122619629,4.457935810089111,0.9987185001373291
170,2,20.308260607719422,1.0297960042953491,3.338226318359375,10.13776969909668,6.071444034576416,3.225442409515381
170,3,10.654049885272979,1.0298162698745728,2.7382586002349854,6.391578197479248,2.949517250061035,0.5593394637107849
170,4,3.285062903165817,1.0179262161254883,1.889288067817688,0.01718863844871521,2.107764720916748,0.5786666870117188
170,5,2.850774873048067,1.0179611444473267,1.6148022413253784,0.015917617827653885,1.8577065467834473,0.4505980312824249
170,6,2.9926273971796036,1.0179615020751953,1.4041870832443237,0.01747925579547882,2.0541646480560303,0.4365537762641907
170,7,1.7566901475191117,1.0199087858200073,1.145979404449463,0.009963706135749817,0.8757604360580444,0.43778836727142334
170,8,1.3001733064651488,1.0212653875350952,1.073406457901001,0.010346740484237671,0.5182703733444214,0.35262182354927063
170,9,1.6723838582634927,1.0220420360565186,1.0272579193115234,0.011293865740299225,0.8383299708366394,0.41290003061294556
170,10,1.253370843268931,1.018802285194397,0.9799541234970093,0.012239419855177402,0.12386419624090195,0.7175159454345703
170,11,1.1290501683950425,1.018789291381836,0.9673745036125183,0.011699557304382324,0.1498747318983078,0.5702431201934814
170,12,1.3893512517213822,1.0181493759155273,0.9620578289031982,0.012169219553470612,0.11425832659006119,0.8668822646141052
170,13,1.4145568339154124,1.0177395343780518,0.9569382071495056,0.00991577934473753,0.11276825517416,0.8969372510910034
170,14,1.521651564538479,1.0182299613952637,0.956242024898529,0.011318415403366089,0.08727841824293137,1.0281603336334229
170,15,1.6216767037287356,1.0182114839553833,0.9560726284980774,0.010464386083185673,0.10695426911115646,1.1094012260437012
170,16,1.5326675107702612,1.0183236598968506,0.9555626511573792,0.01132985483855009,0.05837685242295265,1.0681835412979126
170,17,1.5211247708648443,1.0179898738861084,0.9555950164794922,0.011432500556111336,0.06113286688923836,1.0538424253463745
171,0,26.66070239543915,1.0159436464309692,0.9556781053543091,18.747453689575195,5.604600429534912,1.9143239259719849
171,1,20.294093126058577,1.0159436464309692,0.9556112289428711,14.841341018676758,4.868936061859131,0.18950507044792175
171,2,19.27545568943024,1.0159436464309692,0.9562118053436279,13.305296897888184,4.8662800788879395,0.7094476222991943
171,3,15.746756613254547,1.0159436464309692,0.9555693864822388,10.181794166564941,4.298526763916016,0.8721330761909485
171,4,4.128382921777666,1.0153688192367554,0.955614447593689,0.01180917676538229,3.3892102241516113,0.33316686749458313
171,5,3.7653212867677213,1.015368103981018,0.9556497931480408,0.013101335614919662,3.0438122749328613,0.3142040967941284
171,6,3.536484083160758,1.015368103981018,0.9555941820144653,0.014664879068732262,2.897475242614746,0.23015150427818298
171,7,1.99856602139771,1.0149108171463013,0.9555984139442444,0.011676521971821785,1.3662042617797852,0.22658339142799377
171,8,2.1773069968447087,1.0149112939834595,0.9559358954429626,0.01221491303294897,1.5576179027557373,0.21330474317073822
171,9,1.2318604990839959,1.0149222612380981,0.9560086727142334,0.011761210858821869,0.6608993411064148,0.16501376032829285
171,10,1.0594464888796211,1.0154476165771484,0.956196129322052,0.01182550098747015,0.4441654682159424,0.2091267704963684
171,11,1.062678938359022,1.015830397605896,0.956086277961731,0.010532822459936142,0.43918368220329285,0.21857909858226776
171,12,1.0252496058121323,1.0156164169311523,0.9558635950088501,0.010708131827414036,0.43893328309059143,0.1813121885061264
171,13,0.9694087678566575,1.0163187980651855,0.9557322859764099,0.011002087034285069,0.3764636218547821,0.18753284215927124
171,14,0.9727060157805681,1.0166620016098022,0.9555982947349548,0.010235698893666267,0.36250388622283936,0.20551437139511108
171,15,0.9787144090980292,1.0168297290802002,0.9555935263633728,0.011352157220244408,0.4008830785751343,0.17199452221393585
171,16,1.056473433971405,1.0162562131881714,0.9556016325950623,0.01111544668674469,0.4394235610961914,0.2115628570318222
171,17,0.9604443250223995,1.0158450603485107,0.9555733799934387,0.011300886981189251,0.470968633890152,0.0838911160826683
171,18,0.9047233704477549,1.0159106254577637,0.9555684328079224,0.010522386059165001,0.4406650960445404,0.05924007669091225
171,19,0.8882968036457897,1.0159046649932861,0.9555704593658447,0.010344023816287518,0.43338337540626526,0.050274379551410675
171,20,0.8712430857121944,1.0156725645065308,0.9555683732032776,0.009944994002580643,0.41411060094833374,0.05293930321931839
171,21,0.856356803700328,1.016303539276123,0.9555863738059998,0.01183035783469677,0.39532598853111267,0.05482247471809387
171,22,0.8022395169362426,1.0165523290634155,0.9555623531341553,0.009761578403413296,0.34014251828193665,0.05791248381137848
171,23,0.6850965049117803,1.0165435075759888,0.9555692076683044,0.009365333244204521,0.2362896054983139,0.04501902312040329
171,24,0.7724370492622257,1.0163792371749878,0.9555673599243164,0.01080166082829237,0.3140794336795807,0.05316663533449173
172,0,29.908133244514467,1.0162113904953003,4.948422908782959,22.50859832763672,4.8525238037109375,1.3540842533111572
172,1,25.57132558822632,1.0227729082107544,4.065560817718506,20.292949676513672,3.5107338428497314,0.749975323677063
172,2,24.780747044086457,1.014812707901001,3.3256406784057617,21.41189193725586,2.061030626296997,0.4397338032722473
172,3,23.455438500642778,1.014606237411499,2.727205753326416,21.376985549926758,1.010643720626831,0.3194468319416046
172,4,1.2936763919889926,1.0149139165878296,1.890774130821228,0.04741740599274635,0.39501506090164185,0.27010631561279297
172,5,1.252527939528227,1.0147110223770142,1.609113335609436,0.04366036877036095,0.46888065338134766,0.2152220457792282
172,6,1.1281064450740814,1.0155152082443237,1.398685097694397,0.04430454969406128,0.4293704926967621,0.17159134149551392
172,7,1.0871904488652944,1.014779806137085,1.1425907611846924,0.030330022796988487,0.3817870020866394,0.2435993105173111
172,8,1.1021057326346635,1.0147556066513062,1.0694657564163208,0.027957530692219734,0.4480445384979248,0.20925939083099365
172,9,0.8736070815473795,1.0147720575332642,1.0206820964813232,0.029565075412392616,0.2815958261489868,0.15535534918308258
172,10,1.0209145737811922,1.0146428346633911,0.9746301174163818,0.011157984845340252,0.3544473648071289,0.25745463371276855
172,11,0.7566934393718838,1.0146355628967285,0.9637117981910706,0.011685756035149097,0.06430662423372269,0.28503158688545227
172,12,0.8398570831865073,1.014614462852478,0.9589124917984009,0.01223248802125454,0.0975293517112732,0.3353898525238037
172,13,0.8372806275263429,1.0147000551223755,0.9555624127388,0.012116813100874424,0.07753036916255951,0.35358095169067383
172,14,0.912613276951015,1.0146740674972534,0.9557808041572571,0.011236715130507946,0.04733844846487045,0.4599471390247345
172,15,0.846946244314313,1.0150281190872192,0.9559338092803955,0.012257805094122887,0.05042439326643944,0.39007166028022766
172,16,0.8102123528718949,1.0152705907821655,0.9558226466178894,0.010598156601190567,0.04928664490580559,0.3561089038848877
172,17,0.8473281500861048,1.0152769088745117,0.956957221031189,0.01097248774021864,0.04391559958457947,0.3979932367801666
173,0,30.37660143375397,1.0162113904953003,4.948422908782959,19.945180892944336,6.969789505004883,2.2687041759490967
173,1,24.17978333234787,1.0174130201339722,4.064913749694824,19.634931564331055,3.449887990951538,0.07849842309951782
173,2,25.08614880144596,1.0161714553833008,3.341785430908203,22.229612350463867,1.882635235786438,0.10230983793735504
173,3,12.196757446974516,1.016178846359253,2.7622859477996826,9.111993789672852,2.2916314601898193,0.03743923828005791
173,4,1.2545485638082028,1.01796293258667,1.9316297769546509,0.03592241182923317,0.5310999751091003,0.09760763496160507
173,5,0.9309948138892651,1.0197243690490723,1.6459587812423706,0.033854540437459946,0.22142072021961212,0.14258292317390442
173,6,0.7358192436397075,1.018162727355957,1.4325082302093506,0.029725532978773117,0.08195412158966064,0.13400539755821228
173,7,0.6954649921506644,1.01760995388031,1.1620856523513794,0.024570798501372337,0.10537467896938324,0.12958039343357086
173,8,0.8941944278776646,1.0169644355773926,1.0837297439575195,0.026875514537096024,0.08454202115535736,0.36263805627822876
173,9,0.6546331450343132,1.0170706510543823,1.034190058708191,0.024803653359413147,0.09197991341352463,0.12759743630886078
173,10,0.6204697813838721,1.0175117254257202,0.9822536706924438,0.02435348741710186,0.08627533167600632,0.10988788306713104
173,11,0.6200224220752716,1.0161519050598145,0.9690825939178467,0.020451165735721588,0.07371165603399277,0.12881270051002502
173,12,0.6542500499635935,1.0173990726470947,0.9626424908638,0.018786633387207985,0.08195634186267853,0.15749876201152802
173,13,0.6439625892788172,1.0169252157211304,0.9576600790023804,0.016235673800110817,0.06856827437877655,0.16424158215522766
173,14,0.6550055541098118,1.0175590515136719,0.9563460946083069,0.019192691892385483,0.05671318620443344,0.1843186467885971
173,15,0.6472167331725359,1.0172916650772095,0.9557530283927917,0.016661716625094414,0.03382842615246773,0.2021176517009735
173,16,0.5443554867058993,1.0170581340789795,0.9555664658546448,0.013775182887911797,0.031677212566137314,0.10437817126512527
173,17,0.5331370178610086,1.017094612121582,0.9555744528770447,0.015882132574915886,0.03436562791466713,0.08835544437170029
173,18,0.5093557938933373,1.0168356895446777,0.9555653929710388,0.01358293741941452,0.038470424711704254,0.06282221525907516
173,19,0.5190788369625807,1.016374945640564,0.9556136727333069,0.01216127909719944,0.04594489559531212,0.06657493859529495
173,20,0.5006652694195509,1.0163911581039429,0.9557812213897705,0.012248871847987175,0.03438132628798485,0.0596005953848362
173,21,0.5781178476288915,1.0162919759750366,0.9555759429931641,0.011407178826630116,0.04686655104160309,0.12547053396701813
173,22,0.49394999220967295,1.017155408859253,0.9557152390480042,0.010909000411629677,0.03079618327319622,0.057670678943395615
174,0,30.988640129566193,1.0151809453964233,0.9558579325675964,23.15406036376953,5.706567764282227,1.7338042259216309
174,1,18.544784328341485,1.0151809453964233,0.9843348264694214,11.626131057739258,6.34763765335083,0.17111246287822723
174,2,13.455359476804734,1.0293917655944824,0.9607893824577332,9.983275413513184,2.8497705459594727,0.2242772877216339
174,3,14.000325101614,1.0192140340805054,0.9584081172943115,11.951257705688477,1.394631266593933,0.25891169905662537
174,4,1.4002816513180734,1.019148349761963,0.9560543894767761,0.012127004563808441,0.23383335769176483,0.7592807412147522
174,5,1.3626872196793558,1.0191484689712524,0.9556381106376648,0.011048294603824615,0.3364695906639099,0.6202120184898376
174,6,0.7230483504012227,1.018123745918274,0.9555763006210327,0.011338724754750729,0.2978378236293793,0.019131792709231377
174,7,0.7558536777272821,1.017403483390808,0.9556009769439697,0.01030175480991602,0.31950971484184265,0.03144131600856781
174,8,0.7628848584368826,1.0173884630203247,0.9555627107620239,0.00993159506469965,0.32886067032814026,0.02950235828757286
174,9,0.8602614957839251,1.0168899297714233,0.9556666016578674,0.010767392814159393,0.4296427369117737,0.025340059772133827
174,10,0.6655735159292817,1.0172028541564941,0.955586314201355,0.009327736683189869,0.23345303535461426,0.02823491021990776
174,11,0.7038463789969682,1.017208456993103,0.9555768966674805,0.011497149243950844,0.2714895009994507,0.026302658021450043
174,12,0.5717793298885226,1.0171133279800415,0.9556267857551575,0.011719551868736744,0.14268814027309418,0.02282361499965191
174,13,0.6447444368153811,1.0170555114746094,0.9555642008781433,0.009477289393544197,0.2132856398820877,0.02745756506919861
174,14,0.5909836117178202,1.0168111324310303,0.9555625319480896,0.012242667376995087,0.1581900268793106,0.0260761845856905
174,15,0.5696904327720405,1.0168030261993408,0.9555625319480896,0.011175507679581642,0.14009757339954376,0.02394424006342888
174,16,0.6252915343269706,1.016828179359436,0.9555796384811401,0.010163783095777035,0.1971658617258072,0.023480325937271118
174,17,0.5432615339756013,1.01705801486969,0.9555718898773193,0.00964907743036747,0.11615992337465286,0.02292655222117901
174,18,0.604896237142384,1.0170762538909912,0.9555639028549194,0.009642650373280048,0.17451047897338867,0.026215076446533203
174,19,0.5964247932657599,1.0168707370758057,0.9556363821029663,0.010346130467951298,0.16936255991458893,0.022214679047465324
174,20,0.570447794161737,1.0167107582092285,0.9556921720504761,0.009099015034735203,0.14390288293361664,0.022965310141444206
174,21,0.5692108234390617,1.0166867971420288,0.9558085799217224,0.009541629813611507,0.13826915621757507,0.026900961995124817
174,22,0.5272232325747609,1.0157090425491333,0.9558923840522766,0.009183975867927074,0.09501208364963531,0.028706887736916542
174,23,0.5196272531524301,1.0158355236053467,0.9558200836181641,0.00981916207820177,0.08378366380929947,0.03169330582022667
174,24,0.511759821139276,1.0158262252807617,0.9557968378067017,0.009836195968091488,0.07678781449794769,0.03081119805574417
175,0,29.24634418487549,1.0162113904953003,4.948422908782959,20.294981002807617,6.557754993438721,1.2006813287734985
175,1,23.579277801513673,1.0162113904953003,4.066513538360596,15.145240783691406,5.886260032653809,1.5312319993972778
175,2,21.553669357299803,1.0449237823486328,3.3137333393096924,16.07826042175293,3.1567695140838623,1.4469079971313477
175,3,18.074470257759096,1.0292166471481323,2.6967673301696777,15.13155460357666,0.9513499736785889,1.2463688850402832
175,4,2.474008390493691,1.0228519439697266,1.857315182685852,0.010394451208412647,0.577629566192627,1.3099509477615356
175,5,1.1632232505828144,1.0221971273422241,1.5927621126174927,0.011147337034344673,0.49926385283470154,0.12982021272182465
175,6,0.9370876356959343,1.0215493440628052,1.3867920637130737,0.011555127799510956,0.284414678812027,0.15944954752922058
175,7,0.9850607667118312,1.0184731483459473,1.133258581161499,0.011641273275017738,0.18982908129692078,0.3532440662384033
175,8,1.0135533129796386,1.0206857919692993,1.0650690793991089,0.011627010069787502,0.18896177411079407,0.39581355452537537
175,9,0.9781809678301215,1.019952416419983,1.0183316469192505,0.012277915142476559,0.18059594929218292,0.37765029072761536
175,10,0.6589328348636627,1.0196539163589478,0.9744725227355957,0.01096394658088684,0.18413004279136658,0.06501355767250061
175,11,0.6342700470238924,1.0184755325317383,0.9642744064331055,0.014541750773787498,0.16977901756763458,0.05339929088950157
175,12,0.631591185927391,1.018864393234253,0.9597785472869873,0.016328442841768265,0.16926950216293335,0.05026465281844139
175,13,0.6465357571840287,1.0183545351028442,0.9560894966125488,0.019932713359594345,0.18198217451572418,0.049732062965631485
175,14,0.6166376300156117,1.018386721611023,0.9558932781219482,0.023620828986167908,0.14236831665039062,0.05579248443245888
175,15,0.6547680221498012,1.0190980434417725,0.9557020664215088,0.02401144802570343,0.1854713410139084,0.05032521113753319
175,16,0.6293245933949947,1.0184720754623413,0.9555816650390625,0.021214593201875687,0.1485261470079422,0.06477310508489609
175,17,0.6057149223983288,1.0184379816055298,0.9559820890426636,0.021627284586429596,0.13018694519996643,0.05901667848229408
175,18,0.5668692611157894,1.0185325145721436,0.9559645056724548,0.018482118844985962,0.09771983325481415,0.055767904967069626
175,19,0.5601174548268318,1.0178455114364624,0.9557165503501892,0.018311824649572372,0.09954988211393356,0.04754333570599556
175,20,0.8234877221286296,1.017944574356079,0.9558528661727905,0.01715783402323723,0.3612380623817444,0.050332337617874146
175,21,0.6316449247300625,1.0181481838226318,0.9557613730430603,0.016475427895784378,0.17219434678554535,0.04819323867559433
175,22,0.6296983441337943,1.017674207687378,0.9556756615638733,0.015449645929038525,0.16824379563331604,0.0513349287211895
175,23,0.6354313846677542,1.0176955461502075,0.9555701613426208,0.01583157293498516,0.16219356656074524,0.0627531036734581
175,24,0.6525338850915432,1.0181339979171753,0.9555766582489014,0.01673520728945732,0.13727763295173645,0.1037789136171341
176,0,34.088558650016786,1.0162113904953003,4.948422908782959,22.874244689941406,6.646888256072998,3.3744988441467285
176,1,19.85112463235855,1.0162113904953003,4.06607723236084,12.81734848022461,5.5157904624938965,0.5015279650688171
176,2,18.389627772569657,1.022740125656128,3.3269662857055664,10.389961242675781,6.74463415145874,0.385091096162796
176,3,12.242718106508255,1.0147582292556763,2.7331435680389404,9.913968086242676,1.2409865856170654,0.33818307518959045
176,4,1.5985315361991526,1.0147188901901245,1.8819218873977661,0.01461739931255579,0.7993861436843872,0.20519983768463135
176,5,1.4376767864450812,1.014719009399414,1.6034412384033203,0.013413949869573116,0.6631925106048584,0.23743827641010284
176,6,1.2464316310361028,1.0147024393081665,1.3911991119384766,0.010508817620575428,0.4786873161792755,0.2760551869869232
176,7,1.178931381367147,1.0173944234848022,1.1369198560714722,0.011232777498662472,0.357636421918869,0.3791993260383606
176,8,1.2824910204857587,1.01741361618042,1.0648747682571411,0.010232953354716301,0.36175379157066345,0.4940465986728668
176,9,1.1862944211810826,1.01774263381958,1.0198529958724976,0.011887898668646812,0.2889363467693329,0.4779510498046875
176,10,1.2235849460586907,1.01674222946167,0.9769893884658813,0.01067171897739172,0.3272830545902252,0.48688384890556335
176,11,1.2465684290975332,1.0167467594146729,0.9671474099159241,0.010892724618315697,0.3739645481109619,0.46493232250213623
176,12,1.2461699306964875,1.0161136388778687,0.9617879986763,0.009512513875961304,0.3336256146430969,0.5074514746665955
176,13,1.05792388189584,1.0159355401992798,0.956979513168335,0.011600841768085957,0.21851767599582672,0.43322235345840454
176,14,1.0824229059740902,1.0158663988113403,0.9562264680862427,0.01073365192860365,0.2032375931739807,0.47403308749198914
176,15,1.0346743257716298,1.0158734321594238,0.9560479521751404,0.009641450829803944,0.15683017671108246,0.47381842136383057
176,16,0.9276764674112201,1.0156358480453491,0.9557462930679321,0.00928554218262434,0.09241912513971329,0.4316953718662262
176,17,0.8531028551980853,1.0151426792144775,0.9557260870933533,0.010921145789325237,0.09025509655475616,0.35775285959243774
176,18,0.8492254896089435,1.0151793956756592,0.9559211134910583,0.010005365125834942,0.08133256435394287,0.36366745829582214
176,19,0.802984518557787,1.0154014825820923,0.9555811882019043,0.009386148303747177,0.08013411611318588,0.31926771998405457
176,20,0.8194920767098666,1.0158426761627197,0.955567479133606,0.010045899078249931,0.057802144438028336,0.3573620021343231
176,21,0.8287154234945775,1.0158028602600098,0.9555670022964478,0.010876983404159546,0.06215650215744972,0.36140796542167664
176,22,0.7504132160916924,1.015734076499939,0.9555746912956238,0.00950802955776453,0.05019278824329376,0.2964506447315216
176,23,0.799024927802384,1.0157588720321655,0.9556083083152771,0.010297921486198902,0.0507807582616806,0.34367281198501587
176,24,0.8538775583729148,1.015843152999878,0.9555628895759583,0.00998165737837553,0.0559227354824543,0.3936919569969177
177,0,36.21004912853241,1.0153456926345825,0.9559240341186523,26.012210845947266,7.023544788360596,2.7800395488739014
177,1,28.618906497955322,1.025267481803894,0.9566766619682312,25.596830368041992,2.3470776081085205,0.2786096930503845
177,2,26.058238422870637,1.0165690183639526,0.9602460265159607,23.693334579467773,1.5368740558624268,0.4326667785644531
177,3,24.614420396089553,1.0165456533432007,0.9623873233795166,22.47637939453125,1.3975133895874023,0.34474101662635803
177,4,0.8251564182341099,1.0183528661727905,0.957297146320343,0.02292095497250557,0.23268872499465942,0.17441673576831818
177,5,0.7417452316731215,1.0196858644485474,0.9561815857887268,0.019524557515978813,0.1634005755186081,0.1636466085910797
177,6,1.2508614473044872,1.0196744203567505,0.9560118317604065,0.01837928220629692,0.554492175579071,0.28285273909568787
177,7,1.065117471292615,1.0185297727584839,0.9556993246078491,0.010983066633343697,0.374043345451355,0.28524523973464966
177,8,0.8838550318032503,1.0208890438079834,0.9555667042732239,0.010916130617260933,0.22313129901885986,0.25451645255088806
177,9,0.8446712827309967,1.0195244550704956,0.9555780291557312,0.010270065627992153,0.1874762326478958,0.2519044876098633
177,10,0.8382828483358026,1.0185680389404297,0.9556174874305725,0.01065902505069971,0.15268565714359283,0.28010106086730957
177,11,0.6892744451761246,1.0190566778182983,0.9555686116218567,0.010666236281394958,0.13329368829727173,0.15038946270942688
177,12,0.717479493841529,1.018280029296875,0.9555675983428955,0.010823367163538933,0.12462686747312546,0.1872597336769104
177,13,0.6424064807593823,1.018110752105713,0.9555622339248657,0.009725552052259445,0.1083805114030838,0.12956582009792328
177,14,0.6392372779548169,1.0182901620864868,0.9555689692497253,0.010853078216314316,0.11428539454936981,0.11932697892189026
177,15,0.6368039265275002,1.017462968826294,0.9556145071983337,0.010295234620571136,0.10674180090427399,0.1251513957977295
177,16,0.6869318690150976,1.0170371532440186,0.9557353258132935,0.010835101827979088,0.1301146000623703,0.15142767131328583
177,17,0.7107041945680976,1.0166172981262207,0.9556571245193481,0.009893259964883327,0.11374472826719284,0.19261132180690765
177,18,0.7749169481918217,1.0169777870178223,0.95557701587677,0.01130847167223692,0.1254040002822876,0.2436935156583786
177,19,0.7595910664647818,1.0164449214935303,0.9556006193161011,0.009350365027785301,0.14610156416893005,0.20973002910614014
177,20,0.6594954986125231,1.0164339542388916,0.9556254744529724,0.009792337194085121,0.09952180832624435,0.1557694673538208
177,21,0.6738076334819199,1.0166348218917847,0.9556082487106323,0.010757683776319027,0.0928688570857048,0.17573247849941254
178,0,25.5992151260376,1.0162113904953003,4.948422908782959,16.42835235595703,6.059320449829102,1.918615460395813
178,1,24.792139410972595,1.0146836042404175,4.066025257110596,18.0473575592041,4.52445125579834,1.2041888236999512
178,2,14.827467060089111,1.014682650566101,3.3462278842926025,10.959744453430176,1.845408320426941,1.150132179260254
178,3,12.962747764587402,1.014682650566101,2.755828857421875,10.197970390319824,1.6144036054611206,0.3962714672088623
178,4,1.7390749175101519,1.0148431062698364,1.9220744371414185,0.009550454095005989,0.8232452273368835,0.31889572739601135
178,5,1.6595032965764402,1.015175223350525,1.6417961120605469,0.010542563162744045,0.8123266696929932,0.30523979663848877
178,6,1.4526344632729888,1.0159505605697632,1.4304317235946655,0.01053305622190237,0.461477667093277,0.4913472831249237
178,7,1.2629615390673279,1.0153087377548218,1.165360689163208,0.011128910817205906,0.3616418242454529,0.45405691862106323
178,8,1.1848284255713226,1.0149837732315063,1.0905673503875732,0.012999547645449638,0.31532108783721924,0.43539756536483765
178,9,1.2504891851916908,1.0149818658828735,1.0356272459030151,0.011914120055735111,0.3154367208480835,0.5130165219306946
178,10,1.0773705918341876,1.014989972114563,0.9798048138618469,0.010745765641331673,0.29065942764282227,0.3770064413547516
178,11,1.1428806204348803,1.0149765014648438,0.968073308467865,0.011210652068257332,0.36191555857658386,0.3731444478034973
178,12,1.1824034905061125,1.0149751901626587,0.9612002372741699,0.01122268196195364,0.3635115921497345,0.4124341309070587
178,13,1.1363428542390466,1.0148169994354248,0.9570935964584351,0.009629369713366032,0.3736675977706909,0.35866376757621765
178,14,1.1215187318623066,1.0146664381027222,0.9563373327255249,0.010121304541826248,0.38553324341773987,0.33166342973709106
178,15,1.1825792213901878,1.0146691799163818,0.9556511044502258,0.009704782627522945,0.3721607029438019,0.4066496789455414
178,16,1.2599508970975877,1.0146640539169312,0.9555867314338684,0.009605363011360168,0.3916783034801483,0.4646170735359192
179,0,30.060273146629335,1.0162113904953003,4.948422908782959,20.641016006469727,5.595629692077637,2.6307005882263184
179,1,27.230457152426244,1.016675591468811,4.065957546234131,20.748308181762695,5.378439903259277,0.0871824398636818
179,2,24.684561729431152,1.0158153772354126,3.3415935039520264,20.74782371520996,2.9740781784057617,0.0911780595779419
179,3,23.146224896609784,1.0158206224441528,2.7503557205200195,20.112581253051758,2.186450242996216,0.09395813196897507
179,4,1.0379408860579133,1.0147016048431396,1.904584527015686,0.014417813159525394,0.36271288990974426,0.07695295661687851
179,5,0.7830348778516054,1.0146055221557617,1.618880271911621,0.013819457963109016,0.17328213155269623,0.06923612952232361
179,6,0.7542717967182397,1.014605164527893,1.3931611776351929,0.011723393574357033,0.18366709351539612,0.07732804119586945
179,7,0.6954055359587074,1.014792561531067,1.1435883045196533,0.011581036262214184,0.19046548008918762,0.061682846397161484
179,8,0.5817621840164066,1.0146315097808838,1.0729771852493286,0.012078783474862576,0.09461044520139694,0.05755121633410454
179,9,0.56208086181432,1.0146355628967285,1.0210899114608765,0.012670916505157948,0.09133967012166977,0.050925180315971375
179,10,0.5601331915706397,1.014679193496704,0.974107027053833,0.011659881100058556,0.1093563586473465,0.041359707713127136
179,11,0.5378816535696388,1.0148265361785889,0.9638665318489075,0.011564102955162525,0.10072627663612366,0.02985266037285328
179,12,0.532230138219893,1.0147583484649658,0.9595738649368286,0.010147851891815662,0.09455167502164841,0.03266416862607002
179,13,0.5214887775480748,1.0147970914840698,0.9562253355979919,0.010711820796132088,0.09047713875770569,0.026095332577824593
179,14,0.4758447190746665,1.0149627923965454,0.9557135105133057,0.011288625188171864,0.046845681965351105,0.023575151339173317
180,0,31.95880683660507,1.0158681869506836,0.9557209610939026,23.848072052001953,6.022310256958008,1.6941066980361938
180,1,29.666997542977334,1.0207479000091553,0.9561547636985779,24.906326293945312,4.234979629516602,0.13031108677387238
180,2,17.603220784664153,1.0207589864730835,0.9555913805961609,11.351081848144531,3.974350929260254,1.88251793384552
180,3,5.0292162775993345,1.020758867263794,0.9555624127388,1.5770553350448608,2.2982850074768066,0.7586116790771484
180,4,1.9205859202891589,1.0282574892044067,0.9557864665985107,0.016078593209385872,0.9009779095649719,0.6067206263542175
180,5,1.804739833623171,1.0249199867248535,0.9560204744338989,0.014401275664567947,0.904992938041687,0.4891575276851654
180,6,1.14909058958292,1.0201780796051025,0.955798864364624,0.015670426189899445,0.2879590690135956,0.45026570558547974
180,7,1.0927259918302297,1.0221054553985596,0.9559829831123352,0.010977452620863914,0.24271565675735474,0.44341519474983215
180,8,1.0455101553350687,1.0220504999160767,0.9568215608596802,0.011370891705155373,0.27632173895835876,0.3620431125164032
180,9,0.8758787546306849,1.021293044090271,0.9567223787307739,0.01094433106482029,0.27128979563713074,0.19804154336452484
180,10,0.9716955106705427,1.0190309286117554,0.9567605257034302,0.010119138285517693,0.29088908433914185,0.27552899718284607
180,11,0.9881017189472914,1.018955945968628,0.9563473463058472,0.011166421696543694,0.2067716419696808,0.3751029968261719
180,12,1.0022782959043979,1.0185269117355347,0.9562147259712219,0.009892109781503677,0.17178714275360107,0.4256507158279419
180,13,0.9179442338645458,1.0177292823791504,0.9560105800628662,0.0103042833507061,0.3075478672981262,0.20534411072731018
180,14,0.8431261343881489,1.0176982879638672,0.9563218951225281,0.011491353623569012,0.24933524429798126,0.18749549984931946
180,15,1.0995970752090216,1.0176382064819336,0.95623779296875,0.011990150436758995,0.3273225426673889,0.36550918221473694
180,16,1.1793608030304314,1.0174580812454224,0.9559176564216614,0.010887308977544308,0.3173944354057312,0.456403911113739
180,17,1.0834045698866248,1.0173369646072388,0.9560098052024841,0.011419950984418392,0.32110029458999634,0.3562149703502655
180,18,0.9893599733710289,1.018100380897522,0.9558694362640381,0.011014498770236969,0.20239569246768951,0.3811558187007904
180,19,1.055879264511168,1.018609881401062,0.9559881687164307,0.011200242675840855,0.25798001885414124,0.3917793929576874
180,20,1.0979940481483936,1.0185613632202148,0.9559503793716431,0.010177168995141983,0.23684801161289215,0.4560665190219879
181,0,31.88325641155243,1.0162113904953003,4.948422908782959,21.12237548828125,6.707790851593018,2.8601632118225098
181,1,27.50300752520561,1.0168302059173584,4.065637111663818,21.081735610961914,5.125638484954834,0.2791399657726288
181,2,26.2829088807106,1.0173401832580566,3.3324429988861084,20.71002960205078,4.05632209777832,0.6466005444526672
181,3,25.014913070201874,1.0146220922470093,2.739100456237793,20.613407135009766,3.0839903354644775,0.5667710900306702
181,4,1.7075008302927017,1.0146548748016357,1.8947080373764038,0.04442797601222992,0.2061513364315033,0.8750489354133606
181,5,1.5602795530110598,1.0146528482437134,1.6044702529907227,0.029155077412724495,0.2131919413805008,0.7941079139709473
181,6,1.3938467670232058,1.0146085023880005,1.3912584781646729,0.02934432215988636,0.19681407511234283,0.6865149736404419
181,7,0.674091649055481,1.0146422386169434,1.1372461318969727,0.011201947927474976,0.2127630114555359,0.01974901556968689
181,8,0.6157607482746243,1.0146374702453613,1.0654174089431763,0.011664136312901974,0.1696799099445343,0.018405726179480553
181,9,0.6049130262807012,1.0146375894546509,1.0180312395095825,0.012229123152792454,0.1669883131980896,0.019161824136972427
181,10,0.6037043560296298,1.014862298965454,0.9724676012992859,0.012427147477865219,0.17374755442142487,0.020063674077391624
181,11,0.614075760729611,1.0149487257003784,0.9637084007263184,0.01202456932514906,0.1860472410917282,0.020272525027394295
181,12,0.622992679476738,1.0149431228637695,0.9592926502227783,0.010021764785051346,0.19775472581386566,0.0203690342605114
181,13,0.6422692788764834,1.0151163339614868,0.9559511542320251,0.010728484950959682,0.21647579967975616,0.0208514966070652
181,14,0.6178689213469625,1.0155458450317383,0.9555771946907043,0.009675278328359127,0.19307073950767517,0.02089829556643963
181,15,0.6533228561282158,1.0155059099197388,0.9555630087852478,0.011432953178882599,0.22762249410152435,0.020053625106811523
181,16,0.639543398655951,1.0153143405914307,0.9559658169746399,0.01122256089001894,0.21626624464988708,0.017798561602830887
182,0,32.41426680088043,1.0162113904953003,4.948422908782959,23.140737533569336,5.907050132751465,2.1735522747039795
182,1,25.18892984390259,1.0162113904953003,4.063836097717285,18.11638641357422,5.55396032333374,0.5025736093521118
182,2,22.972334746271372,1.0168324708938599,3.3805675506591797,18.396862030029297,3.65110445022583,0.04488826170563698
182,3,22.13541397154331,1.01942777633667,2.81559681892395,17.92392349243164,3.3837625980377197,0.0607229620218277
182,4,3.409414953738451,1.0215986967086792,1.9831300973892212,0.07242166250944138,2.692687749862671,0.04335978254675865
182,5,0.8279213279485703,1.02037513256073,1.6938639879226685,0.01887483522295952,0.2137603461742401,0.05243832245469093
182,6,0.7757959567010403,1.0204012393951416,1.4643454551696777,0.016018595546483994,0.21314293146133423,0.04968509078025818
182,7,0.7167487706989051,1.0193606615066528,1.1789920330047607,0.013502581045031548,0.19067922234535217,0.07289642840623856
182,8,0.6720737118273974,1.018789291381836,1.095941424369812,0.015696702525019646,0.1868125945329666,0.0466182716190815
182,9,0.6742908850312233,1.0187875032424927,1.0394279956817627,0.014186497777700424,0.19554907083511353,0.05291221663355827
182,10,0.6460181124508382,1.0193839073181152,0.9810441136360168,0.016046110540628433,0.18490391969680786,0.04498247802257538
182,11,0.7175547681748867,1.0177452564239502,0.969298779964447,0.015498403459787369,0.19511722028255463,0.10953033715486526
182,12,0.7482643244788051,1.0182225704193115,0.9623191952705383,0.012637707404792309,0.1642284095287323,0.17528985440731049
182,13,0.7234003325924278,1.0173355340957642,0.9580340385437012,0.010269119404256344,0.1674744188785553,0.15058287978172302
182,14,0.7159740274772048,1.0180280208587646,0.956901490688324,0.010819918476045132,0.0861050933599472,0.22406311333179474
182,15,0.7020512828603387,1.0178108215332031,0.9563641548156738,0.010592632927000523,0.06993518024682999,0.2266884744167328
182,16,0.6661119490861893,1.016690731048584,0.9559058547019958,0.009523481130599976,0.07453559339046478,0.18753355741500854
183,0,29.895632684230804,1.0176231861114502,0.9559846520423889,22.32459831237793,5.754626750946045,1.421686053276062
183,1,21.82740714550018,1.0176231861114502,0.9590335488319397,12.962040901184082,7.869972229003906,0.6000626683235168
183,2,13.78428053855896,1.031941533088684,0.9640663266181946,10.648004531860352,2.074586868286133,0.6624875664710999
183,3,14.665287744998931,1.015106201171875,0.9603327512741089,12.200549125671387,1.2018368244171143,0.8678140044212341
183,4,2.0732818456366657,1.016383409500122,0.9565075039863586,0.011788723058998585,0.437488317489624,1.229426622390747
183,5,2.368729309551418,1.015453577041626,0.9567283987998962,0.011951724998652935,0.41825151443481445,1.544089674949646
183,6,2.492577800154686,1.016237735748291,0.9570164680480957,0.013251647353172302,0.44150209426879883,1.6431732177734375
183,7,3.0550114672631024,1.015414834022522,0.957292914390564,0.010474948212504387,0.51054847240448,2.139446496963501
183,8,3.3066082729026673,1.0153298377990723,0.9577438831329346,0.01154800783842802,0.5148771405220032,2.385568380355835
183,9,2.97973814047873,1.016152262687683,0.9577622413635254,0.011794442310929298,0.287684828042984,2.285475969314575
183,10,2.9804087825119496,1.016008734703064,0.957297682762146,0.011464614421129227,0.3282663822174072,2.246016502380371
184,0,30.406228518486024,1.0162113904953003,4.948422908782959,20.226173400878906,6.986884117126465,2.000244140625
184,1,21.690856774151325,1.0162113904953003,4.06593132019043,16.054046630859375,4.559370517730713,0.06101108342409134
184,2,13.318539489433169,1.0162113904953003,3.3338236808776855,8.446025848388672,3.9721875190734863,0.030319107696413994
184,3,10.663235809653997,1.0231491327285767,2.745039224624634,7.359044075012207,2.508530616760254,0.042023446410894394
184,4,0.76606421507895,1.0151872634887695,1.8956080675125122,0.016698593273758888,0.1273861676454544,0.039820387959480286
184,5,0.7357862962409855,1.0150028467178345,1.6161223649978638,0.010003074072301388,0.16613805294036865,0.033420126885175705
184,6,0.8727149114012719,1.0148259401321411,1.4007450342178345,0.010662771761417389,0.1586463749408722,0.22029156982898712
184,7,0.8647261315956711,1.0146164894104004,1.1375377178192139,0.011654549278318882,0.1465398669242859,0.27610087394714355
184,8,0.8599126407876612,1.0150684118270874,1.0662630796432495,0.011933797039091587,0.10114426165819168,0.3305682837963104
184,9,0.8234070779755711,1.0153506994247437,1.0172282457351685,0.01281352061778307,0.10667064785957336,0.2974071204662323
184,10,0.8163714069873095,1.015518069267273,0.9738568067550659,0.010315874591469765,0.07790832966566086,0.33027222752571106
184,11,0.7427668659016491,1.0155267715454102,0.9638184905052185,0.011581788770854473,0.08768489211797714,0.24763113260269165
185,0,32.63373336791992,1.0162113904953003,4.948422908782959,23.76719856262207,6.378995418548584,1.2946125268936157
185,1,22.072742342948914,1.0162113904953003,4.0655107498168945,14.220885276794434,5.104121208190918,1.731391429901123
185,2,14.833164441585541,1.037209391593933,3.3364360332489014,12.40013599395752,1.4584498405456543,0.09984952211380005
185,3,15.318775308132171,1.0370676517486572,2.7563517093658447,12.672043800354004,1.5972533226013184,0.290794312953949
185,4,1.0000034483149647,1.020198941230774,1.9098421335220337,0.014516339637339115,0.35259321331977844,0.04688568040728569
185,5,1.0745731808245182,1.0172573328018188,1.6249184608459473,0.013094760477542877,0.4885963201522827,0.04444694146513939
185,6,1.3998629804700613,1.0159958600997925,1.4093701839447021,0.011738574132323265,0.6239641308784485,0.2790870666503906
185,7,1.3481501458212732,1.0165551900863647,1.1464515924453735,0.011538851074874401,0.5754095315933228,0.3286004066467285
185,8,1.389255571179092,1.0169757604599,1.072819709777832,0.010568845085799694,0.666614830493927,0.29411280155181885
185,9,1.3236842399463058,1.0169570446014404,1.0260144472122192,0.009992427192628384,0.6434379816055298,0.26165953278541565
185,10,0.9198784861713648,1.0156794786453247,0.9752081632614136,0.009654590860009193,0.25180336833000183,0.2602429986000061
185,11,0.9112027900293469,1.01534903049469,0.9641907215118408,0.010369260795414448,0.251453697681427,0.25347188115119934
185,12,0.9192695427685976,1.0153570175170898,0.9588901996612549,0.009584175422787666,0.2342219054698944,0.2806140184402466
185,13,0.8601812051609159,1.015952467918396,0.9560480713844299,0.010942895896732807,0.19798146188259125,0.2568567395210266
185,14,0.8646195588633419,1.0159497261047363,0.955647885799408,0.01086540799587965,0.23439966142177582,0.22503496706485748
185,15,0.7096292600035667,1.0159426927566528,0.9556841850280762,0.010014429688453674,0.09535004943609238,0.2099394053220749
185,16,0.6326425427570939,1.015379786491394,0.956205427646637,0.012115431018173695,0.046903666108846664,0.17930640280246735
185,17,0.6412636121734977,1.0154056549072266,0.9556753635406494,0.010329498909413815,0.051923543214797974,0.1847943663597107
185,18,0.6308736383914948,1.015669822692871,0.9555704593658447,0.010046679526567459,0.03874101862311363,0.1878378838300705
185,19,0.6336688410490752,1.0165373086929321,0.9555857181549072,0.011416329070925713,0.0627744048833847,0.16505350172519684
185,20,0.6057484967634083,1.0166741609573364,0.9556155800819397,0.010508070699870586,0.04157225787639618,0.1592102199792862
185,21,0.630986538156867,1.0166608095169067,0.9555801749229431,0.010065024718642235,0.0868472307920456,0.13962608575820923
185,22,0.5895526669919491,1.0171672105789185,0.9556264281272888,0.009665939956903458,0.04721378535032272,0.13811421394348145
185,23,0.603481393493712,1.017166256904602,0.9555817246437073,0.010427922941744328,0.062373049557209015,0.13613082468509674
185,24,0.5802446061745286,1.0166035890579224,0.9555726051330566,0.009761800058186054,0.052471380680799484,0.12357618659734726
186,0,32.45440328121185,1.01621675491333,0.9559674263000488,23.984663009643555,6.116445541381836,1.9588578939437866
186,1,22.91520462036133,1.01621675491333,0.964638888835907,14.281248092651367,7.417969703674316,0.8198156952857971
186,2,22.8314440369606,1.0189599990844727,0.9559463858604431,18.566862106323242,3.2829885482788086,0.5866121053695679
186,3,4.374729382991791,1.0189656019210815,0.9556959867477417,0.23370426893234253,3.218775987625122,0.5273168087005615
186,4,1.664810218848288,1.0193922519683838,0.9566122889518738,0.010729589499533176,0.7080071568489075,0.5508725643157959
186,5,1.6012555461376907,1.0205509662628174,0.9562484622001648,0.010264275595545769,0.6037057042121887,0.5919256806373596
186,6,1.4931425420567392,1.0217629671096802,0.9559785723686218,0.00987249892205,0.41649606823921204,0.6712256669998169
186,7,1.5415180077776314,1.023621678352356,0.9559450149536133,0.01021751668304205,0.33292123675346375,0.8024659156799316
186,8,1.4629234531894326,1.0236852169036865,0.9559930562973022,0.00950466189533472,0.3368663191795349,0.7206168174743652
186,9,1.1326305229216813,1.0202420949935913,0.9566229581832886,0.01048329658806324,0.28172650933265686,0.4450477063655853
186,10,0.6971859056502581,1.0199121236801147,0.9563582539558411,0.011424029245972633,0.19291958212852478,0.09758821874856949
186,11,0.6612433038651944,1.018504023551941,0.9564305543899536,0.011685032397508621,0.1502278745174408,0.104343481361866
186,12,0.6832794319838286,1.0170292854309082,0.9565613865852356,0.009165814146399498,0.16480669379234314,0.11458878964185715
186,13,0.5668750595301391,1.017783522605896,0.9564157724380493,0.010249927639961243,0.13174578547477722,0.030039487406611443
186,14,0.5343291208148002,1.0178053379058838,0.9567517638206482,0.010082714259624481,0.09687723219394684,0.032457754015922546
186,15,0.5440749395638704,1.0185829401016235,0.9562938809394836,0.009073847904801369,0.11471375823020935,0.025311969220638275
186,16,0.5281343612819911,1.0184279680252075,0.956301212310791,0.010730966925621033,0.09944833070039749,0.023009227588772774
186,17,0.5787460120394826,1.018417239189148,0.9559903144836426,0.010549020953476429,0.15405362844467163,0.019261851906776428
186,18,0.4791268071159721,1.0184171199798584,0.9560368657112122,0.01065285224467516,0.05491649731993675,0.01866666041314602
187,0,30.213544821739198,1.0162113904953003,4.948422908782959,20.821125030517578,6.568823337554932,1.6306695938110352
187,1,27.42442845106125,1.0159506797790527,4.065093994140625,20.865694046020508,4.851574420928955,0.6909510493278503
187,2,23.746810841560364,1.0159649848937988,3.3398091793060303,19.91118049621582,2.4882848262786865,0.4761906862258911
187,3,3.89106542468071,1.0159649848937988,2.7482798099517822,1.098867654800415,1.596943974494934,0.4424048364162445
187,4,2.1429840862751006,1.0175601243972778,1.9173989295959473,0.05339422821998596,1.0856239795684814,0.4169740676879883
187,5,1.819489810988307,1.0170341730117798,1.6383758783340454,0.027131138369441032,0.8117674589157104,0.4495092034339905
187,6,1.823812071979046,1.017042875289917,1.4306591749191284,0.01920308917760849,0.8307218551635742,0.4843467175960541
187,7,1.704207031428814,1.0179965496063232,1.1667466163635254,0.014087013900279999,0.7568489909172058,0.4963223934173584
187,8,1.5279953137040139,1.0188177824020386,1.0887466669082642,0.013545878231525421,0.6528664231300354,0.44007012248039246
187,9,1.343468669243157,1.0188087224960327,1.0389580726623535,0.0133436294272542,0.572540819644928,0.3460308611392975
187,10,1.6423337182030082,1.018261432647705,0.9834776520729065,0.01208250131458044,0.5944560766220093,0.6354473233222961
187,11,1.2970669027417898,1.0186456441879272,0.9711937308311462,0.01229751668870449,0.5241718888282776,0.36262962222099304
187,12,1.067494273558259,1.0171704292297363,0.9650486707687378,0.010887021198868752,0.4662204086780548,0.19394302368164062
187,13,1.1048398060724138,1.0176092386245728,0.9584195613861084,0.012148658744990826,0.5711497664451599,0.12633562088012695
187,14,1.036729282140732,1.0172758102416992,0.9571619033813477,0.012676969170570374,0.5278708338737488,0.10129393637180328
187,15,0.9668059334158897,1.0175632238388062,0.9562191367149353,0.013766124844551086,0.4536019563674927,0.10468138009309769
187,16,1.0546084275469183,1.0172053575515747,0.9557523131370544,0.011671534739434719,0.5352956652641296,0.1130496934056282
187,17,1.1263317504897714,1.017091989517212,0.9558672904968262,0.011296452023088932,0.6521927714347839,0.06825067102909088
187,18,1.158451975695789,1.0172502994537354,0.9558320045471191,0.011080133728682995,0.6359173655509949,0.1168380156159401
187,19,0.9962884726002813,1.0181739330291748,0.955569863319397,0.01047238428145647,0.4750264883041382,0.11604084074497223
187,20,0.9045032629743218,1.018215298652649,0.9556546807289124,0.012044944800436497,0.4060225784778595,0.09166174381971359
187,21,0.9340808343142272,1.018644094467163,0.9556325674057007,0.010963400825858116,0.4374699890613556,0.09079211205244064
187,22,0.9200478222221136,1.0174548625946045,0.9556395411491394,0.010520679876208305,0.41423073410987854,0.10067752748727798
187,23,1.193198878504336,1.0174838304519653,0.9556313157081604,0.010756672360002995,0.639818012714386,0.14800116419792175
187,24,1.0637918319553137,1.0171713829040527,0.9558839201927185,0.011772474274039268,0.5039021968841553,0.1535061001777649
188,0,34.70168516635895,1.0162113904953003,4.948422908782959,23.858211517333984,6.624861717224121,3.0256850719451904
188,1,22.875560200214387,1.0162113904953003,4.065849781036377,17.00247573852539,4.230973243713379,0.625698983669281
188,2,21.17903606891632,1.017749309539795,3.335808753967285,18.14583396911621,1.5673828125,0.5951076745986938
188,3,19.378979748487474,1.0191433429718018,2.724575996398926,17.002334594726562,1.342792272567749,0.2851090133190155
188,4,2.3004375863820314,1.0169850587844849,1.8707014322280884,0.022937225177884102,1.4352266788482666,0.2647363841533661
188,5,1.747833986952901,1.015624761581421,1.5891371965408325,0.016247408464550972,0.9924149513244629,0.21821923553943634
188,6,1.7451932480558754,1.0150648355484009,1.3824728727340698,0.014931975863873959,0.9941135048866272,0.25664022564888
188,7,1.5154431445524097,1.0149112939834595,1.1224709749221802,0.013162042014300823,0.8814663290977478,0.1933383196592331
188,8,1.5244413720443846,1.014918565750122,1.05305016040802,0.011934434063732624,0.9330747723579407,0.16583842039108276
188,9,1.3931368818506598,1.0150525569915771,1.0115782022476196,0.012981711886823177,0.7728814482688904,0.20194756984710693
188,10,1.451286255568266,1.0159692764282227,0.9702973365783691,0.01169360801577568,0.861052393913269,0.18128693103790283
188,11,1.2091966196894646,1.0159298181533813,0.9621924757957458,0.012195222079753876,0.6364966034889221,0.16488033533096313
188,12,1.2031104708090425,1.0160906314849854,0.9577027559280396,0.013669573701918125,0.6577997207641602,0.1368824988603592
188,13,1.115687045454979,1.0168761014938354,0.9556453824043274,0.011245198547840118,0.6061674356460571,0.10377011448144913
188,14,1.17214927803725,1.016843318939209,0.9556291103363037,0.010338942520320415,0.6341732144355774,0.1331426352262497
188,15,1.1459831174463033,1.0166047811508179,0.9555639624595642,0.010473443195223808,0.6411548256874084,0.0999210998415947
188,16,0.637223226390779,1.0164271593093872,0.9555730223655701,0.010452336631715298,0.10202859342098236,0.1303422600030899
188,17,0.6496911462396383,1.0166441202163696,0.9556090831756592,0.009756824001669884,0.09075005352497101,0.15473362803459167
188,18,0.6500771846622229,1.0166270732879639,0.9556378722190857,0.009937716647982597,0.10148625820875168,0.14420022070407867
188,19,0.6350176015868783,1.0165876150131226,0.9555623531341553,0.010097798891365528,0.05707259848713875,0.17341721057891846
188,20,0.6344497729092837,1.0166068077087402,0.9556112289428711,0.010280823335051537,0.0386974923312664,0.19102784991264343
188,21,0.6482602700591087,1.016600489616394,0.9555688500404358,0.009434867650270462,0.04070108011364937,0.20369045436382294
188,22,0.6794474603608252,1.016115665435791,0.9556684494018555,0.010892190970480442,0.036070484668016434,0.2381279617547989
188,23,0.6349935356527567,1.0168598890304565,0.9558132886886597,0.009843608364462852,0.03260454908013344,0.19801074266433716
188,24,0.6888417787849903,1.0169061422348022,0.9555888772010803,0.009946074336767197,0.030998073518276215,0.2533986270427704
189,0,33.5872110247612,1.0201058387756348,0.955565869808197,24.06003189086914,6.272089004516602,2.8599557876586914
189,1,27.488366782665253,1.0179880857467651,0.9562056660652161,21.764179229736328,4.4336395263671875,0.8957092761993408
189,2,26.25379385948181,1.0148324966430664,0.9561722278594971,22.709035873413086,1.8916798830032349,1.258877158164978
189,3,12.09790381193161,1.014843463897705,0.9563248753547668,9.172048568725586,1.3997232913970947,1.131898283958435
189,4,2.3034337064251305,1.015293002128601,0.9573029279708862,0.013322367332875729,0.613638699054718,1.2819534540176392
189,5,2.1699152724817394,1.0152722597122192,0.9578198194503784,0.0117484824731946,0.5224040746688843,1.2411442995071411
189,6,2.205055082403123,1.0147019624710083,0.9570556879043579,0.012416756711900234,0.5675278902053833,1.2307589054107666
189,7,1.7777782939374447,1.0149455070495605,0.9563460946083069,0.013024982064962387,0.27129021286964417,1.0992047786712646
189,8,1.781777809560299,1.0146048069000244,0.955694317817688,0.012859337031841278,0.22607412934303284,1.1487845182418823
189,9,1.9019332274794578,1.014604926109314,0.9558489918708801,0.011556513607501984,0.22192825376987457,1.2743576765060425
189,10,1.752742144651711,1.0146092176437378,0.9557104110717773,0.010427606292068958,0.2163323014974594,1.1319183111190796
189,11,1.5739848935976624,1.01460599899292,0.9555666446685791,0.011322238482534885,0.18352177739143372,0.985106348991394
189,12,1.6808827608823775,1.0147027969360352,0.9555851817131042,0.010764002799987793,0.1525956243276596,1.1234655380249023
189,13,1.7542200716212393,1.0147905349731445,0.9555654525756836,0.010783311910927296,0.14085611701011658,1.2085094451904297
189,14,1.7513913659378886,1.0151617527008057,0.9555660486221313,0.009644481353461742,0.1393735706806183,1.2082277536392212
189,15,1.7338020090013742,1.0154733657836914,0.9555674195289612,0.010966936126351357,0.12317125499248505,1.2054556608200073
189,16,1.6034305533394217,1.015389323234558,0.9555631279945374,0.009694687090814114,0.10141920298337936,1.0981261730194092
189,17,1.5138465780764818,1.0152391195297241,0.9555753469467163,0.010629231110215187,0.09894347935914993,1.0101109743118286
189,18,1.6816659556701778,1.0151549577713013,0.9555755853652954,0.010876362212002277,0.11187049746513367,1.1647729873657227
189,19,1.8252003321424126,1.0150716304779053,0.9555760025978088,0.009618640877306461,0.1383357048034668,1.2831164598464966
189,20,1.9636095680296421,1.0152175426483154,0.9555885195732117,0.010754328221082687,0.09849276393651962,1.4602012634277344
189,21,2.031709995493293,1.0155051946640015,0.9556071758270264,0.009143820032477379,0.1271812915802002,1.5011624097824097
189,22,1.6972119621932507,1.0151643753051758,0.95561283826828,0.009941522032022476,0.12486980110406876,1.1682451963424683
189,23,1.8198933111503721,1.0151782035827637,0.955643892288208,0.010807757265865803,0.11276456713676453,1.3021565675735474
190,0,34.89705131053925,1.0162113904953003,4.948422908782959,25.026111602783203,6.350288391113281,2.3277244567871094
190,1,30.27983745932579,1.0210912227630615,4.065210342407227,23.754335403442383,5.008830547332764,0.4994111955165863
190,2,25.72281829714775,1.0165855884552002,3.344435691833496,23.088865280151367,1.5178358554840088,0.24391290545463562
190,3,15.016832953691482,1.0165857076644897,2.76708722114563,12.616079330444336,1.3636122941970825,0.28040674328804016
190,4,1.5632208744063973,1.0153026580810547,1.91493558883667,0.01387281809002161,0.6735122799873352,0.2897881269454956
190,5,1.535138716734946,1.0146783590316772,1.636813759803772,0.014658191241323948,0.5888415575027466,0.4013405442237854
190,6,1.2739398103207349,1.0146781206130981,1.424709439277649,0.012977031990885735,0.520694375038147,0.25239089131355286
190,7,1.2130069885402919,1.0147536993026733,1.149562954902649,0.010865727439522743,0.4990217983722687,0.2702561318874359
190,8,0.8135196663439274,1.014905571937561,1.0758237838745117,0.01215599849820137,0.15718941390514374,0.22602838277816772
190,9,0.7756381016224623,1.0148991346359253,1.0276113748550415,0.011972105130553246,0.1010793074965477,0.25408458709716797
190,10,0.790956063196063,1.0146570205688477,0.983024537563324,0.01163453422486782,0.06014237552881241,0.3196428418159485
190,11,0.7916839988902211,1.0146549940109253,0.9714093208312988,0.011652310378849506,0.07903335243463516,0.3037854731082916
190,12,0.7232380617409945,1.014605164527893,0.9630270004272461,0.010520530864596367,0.05542639270424843,0.2617647051811218
190,13,0.7037404254078865,1.0147250890731812,0.9576528072357178,0.010271318256855011,0.06383529305458069,0.23515823483467102
190,14,0.673636531829834,1.0146892070770264,0.9564189910888672,0.009619038552045822,0.054519567638635635,0.21527628600597382
190,15,0.7185098338872195,1.01469087600708,0.9559693336486816,0.010450808331370354,0.055551428347826004,0.2583755552768707
190,16,0.7068606032058597,1.015012502670288,0.9556096196174622,0.01096681784838438,0.04089798033237457,0.26087138056755066
190,17,0.6805020831525326,1.0154192447662354,0.9555644989013672,0.011247023940086365,0.03834905847907066,0.23670925199985504
190,18,0.7206405207514763,1.015407919883728,0.9556124210357666,0.01022094115614891,0.043709155172109604,0.27250635623931885
190,19,0.7248807411640883,1.015499472618103,0.9555655717849731,0.01133321039378643,0.04717232286930084,0.27216219902038574
190,20,0.6880846664309501,1.015491247177124,0.9555977582931519,0.010918639600276947,0.04915666580200195,0.2337915599346161
191,0,29.377337551116945,1.0162113904953003,4.948422908782959,20.845443725585938,6.024104118347168,1.314862847328186
191,1,27.21038963794708,1.0146143436431885,4.0672760009765625,22.209688186645508,3.3539211750030518,0.6304022073745728
191,2,16.081779074668884,1.0146147012710571,3.321881055831909,11.253030776977539,3.3663430213928223,0.5951061248779297
191,3,14.50760987997055,1.0146145820617676,2.7276456356048584,10.055841445922852,3.0739550590515137,0.6293613314628601
191,4,1.9734646029770375,1.0171617269515991,1.8673369884490967,0.01978861168026924,0.96059250831604,0.416183739900589
191,5,1.4073985971510412,1.0153892040252686,1.5827752351760864,0.016351643949747086,0.7449533343315125,0.1264607310295105
191,6,1.4629079177975655,1.015241265296936,1.3812689781188965,0.013304315507411957,0.8172548413276672,0.15304671227931976
191,7,1.8413963532075286,1.01487398147583,1.1280137300491333,0.01152185257524252,1.227023959159851,0.17427299916744232
191,8,1.9919632229954005,1.014827847480774,1.058760404586792,0.012331629171967506,1.4251453876495361,0.1397685557603836
191,9,2.513236085511744,1.014805793762207,1.0131958723068237,0.011234999634325504,1.9236838817596436,0.1727168709039688
191,10,2.5524514112621546,1.0151602029800415,0.9705598950386047,0.01201600767672062,1.9955875873565674,0.14770379662513733
191,11,2.1793529625982044,1.0148459672927856,0.9628167152404785,0.009783303365111351,1.6409496068954468,0.13308751583099365
192,0,29.076872062683105,1.0146085023880005,0.9561127424240112,21.30939483642578,5.681177139282227,1.6921558380126953
192,1,12.945890817046166,1.0146085023880005,0.9564875364303589,7.654385566711426,4.67011022567749,0.22717581689357758
192,2,10.887644490599632,1.0171692371368408,0.9583476185798645,8.925710678100586,1.4566926956176758,0.11013774573802948
192,3,14.219716310501099,1.0171583890914917,0.956612765789032,12.113104820251465,1.6209853887557983,0.09087187051773071
192,4,2.204241567105055,1.01547372341156,0.9566687941551208,0.030684277415275574,1.722450852394104,0.056677933782339096
192,5,1.8079702049493789,1.0158637762069702,0.9564573168754578,0.022159896790981293,1.3433518409729004,0.04799424856901169
192,6,0.7429330844432116,1.0146359205245972,0.9563722014427185,0.022662291303277016,0.2645884156227112,0.06148075312376022
192,7,0.631474905833602,1.0148024559020996,0.9555765390396118,0.016261106356978416,0.16845814883708954,0.05267985165119171
192,8,0.5921875741332769,1.014967441558838,0.9555713534355164,0.016475195065140724,0.13201984763145447,0.0495847724378109
192,9,0.5902566634118558,1.0151275396347046,0.9556203484535217,0.02211304008960724,0.12906362116336823,0.04493042454123497
192,10,0.6031165227293969,1.0150763988494873,0.9556995630264282,0.023446843028068542,0.11514894664287567,0.0703655406832695
192,11,0.589074244350195,1.0150789022445679,0.9557836651802063,0.018595818430185318,0.11757002770900726,0.058735884726047516
192,12,0.579170485585928,1.0153207778930664,0.9557510018348694,0.01836804300546646,0.13144078850746155,0.035147298127412796
192,13,0.5981937166303397,1.0151537656784058,0.9555926322937012,0.014879873022437096,0.09121217578649521,0.09795238822698593
192,14,0.6117020385339856,1.0152546167373657,0.9555703997612,0.014855173416435719,0.11970531195402145,0.08297654986381531
192,15,0.6000644875690341,1.0152910947799683,0.9555971622467041,0.014482143335044384,0.07628913223743439,0.11511556059122086
192,16,0.6599298715591431,1.0152771472930908,0.9556407332420349,0.01460210233926773,0.12712597846984863,0.12401821464300156
192,17,0.6216987866908312,1.0153659582138062,0.9557133913040161,0.014335708692669868,0.09160463511943817,0.12154257297515869
192,18,0.6344457224011422,1.0153778791427612,0.9557315707206726,0.014458276331424713,0.07751555740833282,0.14824999868869781
193,0,36.80797407627106,1.0162113904953003,4.948422908782959,27.426258087158203,5.607588291168213,2.5812008380889893
193,1,20.66946213245392,1.0162113904953003,4.0655646324157715,11.872577667236328,7.0881571769714355,0.6923720836639404
193,2,18.9592844247818,1.0152654647827148,3.344432830810547,12.909480094909668,3.738786220550537,1.439078450202942
193,3,17.501045954227447,1.0152695178985596,2.759847640991211,12.164133071899414,4.134788990020752,0.4471004605293274
193,4,2.1467734083533285,1.0161120891571045,1.9128961563110352,0.011080168187618256,1.2458475828170776,0.3040440082550049
193,5,1.0750860054045916,1.0146206617355347,1.6306923627853394,0.009577380493283272,0.22778864204883575,0.30865737795829773
193,6,0.9498184246942402,1.0146751403808594,1.4156849384307861,0.010091747157275677,0.16271962225437164,0.29093503952026367
193,7,0.9456497102975845,1.0148262977600098,1.1521068811416626,0.011336922645568848,0.14090557396411896,0.36002057790756226
193,8,0.7249447731301188,1.0148884057998657,1.0761229991912842,0.01077550183981657,0.06891358643770218,0.22705340385437012
193,9,0.7115698423236608,1.0156935453414917,1.0272412300109863,0.011728411540389061,0.0614379346370697,0.22981654107570648
193,10,0.6364740371704102,1.016783595085144,0.9788476824760437,0.011331722140312195,0.07324090600013733,0.15277515351772308
193,11,0.6292123271152377,1.0164111852645874,0.9659276008605957,0.009109447710216045,0.08749699592590332,0.13613812625408173
193,12,0.7105679657310248,1.0163096189498901,0.9595028162002563,0.010341210290789604,0.06102839857339859,0.24403586983680725
193,13,0.6556426122784615,1.0163475275039673,0.9571776390075684,0.009583324193954468,0.05030166357755661,0.20105259120464325
193,14,0.6120470862835646,1.0165348052978516,0.9564499258995056,0.010609013959765434,0.06110231578350067,0.14573881030082703
193,15,0.7431409660726787,1.0165342092514038,0.9562557339668274,0.010538587346673012,0.10608424246311188,0.23196014761924744
193,16,0.7441200209781528,1.0164607763290405,0.9558603167533875,0.010243589989840984,0.1110190749168396,0.22839313745498657
193,17,0.6443146688863635,1.0167346000671387,0.9561550617218018,0.010800565592944622,0.0715954601764679,0.1673407107591629
193,18,0.7150497144088149,1.0167100429534912,0.955944836139679,0.009811348281800747,0.0767422467470169,0.23396514356136322
193,19,0.693022302351892,1.0161992311477661,0.9561908841133118,0.010379972867667675,0.05451245978474617,0.23365184664726257
193,20,0.658618488535285,1.0162135362625122,0.9556996822357178,0.009930366650223732,0.061210718005895615,0.19309476017951965
194,0,31.10226974487305,1.0162113904953003,4.948422908782959,20.84471321105957,7.1721954345703125,1.8924342393875122
194,1,28.96325723081827,1.0318394899368286,4.066048622131348,21.70738410949707,6.119300842285156,0.11699465662240982
194,2,24.261000771820544,1.0320343971252441,3.3495326042175293,21.887866973876953,1.4217568635940552,0.07506353408098221
194,3,19.566678757220508,1.032033085823059,2.75581693649292,17.23965835571289,1.51625394821167,0.05319644883275032
194,4,1.3071670621633529,1.0299931764602661,1.902405858039856,0.027713201940059662,0.6551229357719421,0.03785111755132675
194,5,0.9147392444312573,1.023537039756775,1.6173537969589233,0.03175583481788635,0.32224613428115845,0.0325591079890728
194,6,0.7243407141417265,1.0219953060150146,1.4071521759033203,0.02707897126674652,0.18218164145946503,0.029250605031847954
194,7,0.6205984063446521,1.0218403339385986,1.1390548944473267,0.024076029658317566,0.13026119768619537,0.03408213332295418
194,8,0.6341074779629707,1.020115852355957,1.0666648149490356,0.023281946778297424,0.1503543108701706,0.04311508685350418
194,9,0.8318354099988937,1.0219180583953857,1.0175238847732544,0.030546769499778748,0.15488995611667633,0.23851029574871063
194,10,0.9215341445058585,1.022057056427002,0.9731693267822266,0.01564054749906063,0.13098205626010895,0.37586626410484314
194,11,0.8580522377043963,1.0192115306854248,0.9641241431236267,0.016159767284989357,0.08897862583398819,0.3562467098236084
194,12,0.7775325190275908,1.0174956321716309,0.9596794843673706,0.014213083311915398,0.07132028043270111,0.29656413197517395
194,13,0.793594460003078,1.0183155536651611,0.9558990597724915,0.010800021700561047,0.06565432995557785,0.32229718565940857
195,0,32.600823652744296,1.0146286487579346,0.9559844136238098,22.254968643188477,6.289021015167236,3.6627113819122314
195,1,29.263721919059755,1.017764687538147,0.9556153416633606,22.59518051147461,5.607338905334473,0.6665264964103699
195,2,22.41477496922016,1.0158578157424927,0.9556054472923279,20.287128448486328,1.5441113710403442,0.18924249708652496
195,3,23.371609020233155,1.0171200037002563,0.9561054110527039,21.000444412231445,1.7654297351837158,0.21108978986740112
195,4,0.7025516763329506,1.0188333988189697,0.9557622671127319,0.016260288655757904,0.19610804319381714,0.09526421129703522
195,5,0.6585903199389578,1.0188641548156738,0.9555625319480896,0.015619886107742786,0.15196385979652405,0.09612123668193817
195,6,0.5991546059027314,1.0195313692092896,0.9555667638778687,0.015285112895071507,0.10138342529535294,0.08746644109487534
195,7,0.6131229832768441,1.018751621246338,0.9556187391281128,0.01716170459985733,0.10293161869049072,0.09815558791160583
195,8,0.6287288522347808,1.018705129623413,0.9555692076683044,0.01478870864957571,0.11240900307893753,0.10667627304792404
195,9,0.6129655681550503,1.018704891204834,0.9556029438972473,0.018206987529993057,0.0952107384800911,0.10468627512454987
195,10,0.6879346335306764,1.0172929763793945,0.9556519985198975,0.01557221356779337,0.16716398298740387,0.11060944199562073
195,11,0.6785149911418558,1.017126441001892,0.9556009769439697,0.01533175352960825,0.11476162821054459,0.15387612581253052
195,12,0.6179580820724369,1.0171300172805786,0.9555729627609253,0.014877903275191784,0.09545263648033142,0.11308694630861282
196,0,33.54206750392914,1.0162113904953003,4.948422908782959,22.933685302734375,5.2572550773620605,4.158200263977051
196,1,30.5820391535759,1.0554288625717163,4.065351486206055,21.942628860473633,7.016538619995117,0.598715603351593
196,2,11.68571017384529,1.0631177425384521,3.3472061157226562,8.769347190856934,1.722458004951477,0.3118402063846588
196,3,11.4872727394104,1.0380418300628662,2.751983880996704,8.829466819763184,1.4354240894317627,0.46437668800354004
196,4,1.352568804100156,1.0226794481277466,1.9310261011123657,0.012839870527386665,0.49842968583106995,0.25055813789367676
196,5,1.5180558294057847,1.0191813707351685,1.6441892385482788,0.011977091431617737,0.44173291325569153,0.5316717028617859
196,6,1.0690546598285438,1.0188753604888916,1.4263049364089966,0.012129789218306541,0.17149482667446136,0.3963939845561981
196,7,0.9433184804394841,1.0197257995605469,1.1647359132766724,0.012761619873344898,0.2868269681930542,0.20683754980564117
196,8,0.8278805371373892,1.0204684734344482,1.088641881942749,0.014250090345740318,0.11242829263210297,0.27938008308410645
196,9,0.7844963233917952,1.0201977491378784,1.037110447883606,0.012859610840678215,0.12055251002311707,0.239622563123703
196,10,0.6964161612093449,1.0189841985702515,0.9829369783401489,0.011656280606985092,0.09431184083223343,0.19006380438804626
196,11,0.6681018840521574,1.0186030864715576,0.9729443788528442,0.011123960837721825,0.07993196696043015,0.17873646318912506
196,12,0.6591824766248464,1.018619418144226,0.9662829637527466,0.011514609679579735,0.06833088397979736,0.18235650658607483
196,13,0.6309455573558808,1.017749309539795,0.9598581194877625,0.011743411421775818,0.05708727240562439,0.16659338772296906
196,14,0.6968854723498226,1.017784595489502,0.957577645778656,0.01211469154804945,0.11030834913253784,0.17938998341560364
196,15,0.6725722184404731,1.0177847146987915,0.9566371440887451,0.011482744477689266,0.06308063864707947,0.20312446355819702
196,16,0.6752489056438208,1.0178760290145874,0.9568724632263184,0.010424276813864708,0.08853717148303986,0.18133775889873505
196,17,0.6416800621896983,1.01787531375885,0.9569477438926697,0.01031390018761158,0.11914581805467606,0.11725573241710663
196,18,0.6162425193935633,1.0183407068252563,0.9574648141860962,0.010241435840725899,0.07070966809988022,0.14013031125068665
196,19,0.6197773853316904,1.0184279680252075,0.9563862085342407,0.010186550207436085,0.05885658040642738,0.1557714194059372
196,20,0.6030373618006707,1.0182585716247559,0.9566415548324585,0.010288596153259277,0.06805469840765,0.12971404194831848
196,21,0.5826434491202235,1.0181585550308228,0.9573620557785034,0.010825584642589092,0.05959734320640564,0.11711639910936356
196,22,0.5979987693950535,1.0183217525482178,0.9559910893440247,0.009586992673575878,0.07313868403434753,0.12041052430868149
196,23,0.579157686047256,1.018379807472229,0.9561291933059692,0.011037393473088741,0.04941542074084282,0.12380307167768478
196,24,0.6060538539662957,1.0183831453323364,0.9567712545394897,0.010475502349436283,0.05758199095726013,0.14296548068523407
197,0,32.04706201553345,1.0162113904953003,4.948422908782959,23.92487335205078,5.603558540344238,1.3257032632827759
197,1,25.75480947494507,1.0162113904953003,4.064953327178955,18.977807998657227,5.115880966186523,0.6448875665664673
197,2,21.585782098770142,1.0177059173583984,3.3645124435424805,17.816362380981445,1.9051096439361572,0.9878664016723633
197,3,20.085374445468187,1.0174896717071533,2.76962947845459,17.33249855041504,1.9344162940979004,0.061035770922899246
197,4,1.5076259296387433,1.0164120197296143,1.9236396551132202,0.01963174156844616,0.650868833065033,0.2491150200366974
197,5,1.4405057035386561,1.016408085823059,1.638000249862671,0.016390006989240646,0.7266086339950562,0.16662539541721344
197,6,1.308252599835396,1.016408085823059,1.4188693761825562,0.01788543164730072,0.5862900018692017,0.21702167391777039
197,7,1.2905245212838055,1.0151314735412598,1.1455546617507935,0.015259775333106518,0.6530538201332092,0.19007369875907898
197,8,1.257498686388135,1.015114665031433,1.0657546520233154,0.01390761323273182,0.5845515131950378,0.2428656965494156
197,9,1.2731585873290896,1.0151147842407227,1.0181281566619873,0.014255235902965069,0.6576201319694519,0.19463463127613068
197,10,1.4885994231328368,1.0146609544754028,0.970207154750824,0.013101271353662014,0.8161357045173645,0.26238882541656494
197,11,1.3303543223068117,1.0146548748016357,0.9624634981155396,0.012611920945346355,0.7114192843437195,0.2108994424343109
197,12,1.1236890910193325,1.0146116018295288,0.9585682153701782,0.010798576287925243,0.5325494408607483,0.18570511043071747
197,13,1.0117722997441887,1.0146385431289673,0.9557141065597534,0.011743948794901371,0.45847439765930176,0.14748342335224152
197,14,0.9911586867645383,1.0146751403808594,0.9555664658546448,0.012711619026958942,0.415645569562912,0.16875317692756653
197,15,1.0272734234109522,1.0149285793304443,0.9556154608726501,0.011052520014345646,0.44293758273124695,0.1791745126247406
197,16,0.9928353078663349,1.0151338577270508,0.9557475447654724,0.01164432242512703,0.4519404172897339,0.13507428765296936
197,17,1.1099890416488052,1.0154097080230713,0.9556258320808411,0.011720365844666958,0.536969780921936,0.16709178686141968
197,18,0.9684125078842044,1.0156365633010864,0.9558882117271423,0.009673039428889751,0.3687441945075989,0.19569031894207
197,19,0.9213281150907279,1.0161789655685425,0.956141471862793,0.01108556054532528,0.36664074659347534,0.1491377204656601
197,20,0.9710245989263058,1.0162478685379028,0.9562581777572632,0.01127166673541069,0.38530173897743225,0.17994998395442963
197,21,0.9874915905296803,1.016742467880249,0.956145167350769,0.010333213955163956,0.41711536049842834,0.16546548902988434
197,22,0.9898804377764463,1.016517162322998,0.956424355506897,0.011026574298739433,0.41470056772232056,0.16956499218940735
197,23,0.6852976312860847,1.0164755582809448,0.9559155702590942,0.011443479917943478,0.1353214532136917,0.14405447244644165
197,24,0.6231734754517675,1.0165038108825684,0.9557658433914185,0.009704378433525562,0.12501183152198792,0.0940033346414566
198,0,30.17442395687103,1.0169830322265625,0.955784797668457,22.466341018676758,5.7681565284729,1.5453728437423706
198,1,26.89320937395096,1.016860842704773,0.9564852118492126,21.64072608947754,3.850109100341797,1.0077049732208252
198,2,23.013552838563918,1.0199949741363525,0.9557563662528992,20.198604583740234,2.2848947048187256,0.13490328192710876
198,3,22.62850666642189,1.0194966793060303,0.9560163021087646,21.116798400878906,0.9995356202125549,0.11707004904747009
198,4,0.6512260884046555,1.0224918127059937,0.9556900858879089,0.07121998071670532,0.1183570995926857,0.06601262837648392
198,5,0.6810503706336022,1.0245052576065063,0.9558911919593811,0.09401533007621765,0.11026327311992645,0.08069247752428055
198,6,0.7168637350201607,1.0223954916000366,0.9556390643119812,0.08893702924251556,0.08371622115373611,0.14860357344150543
198,7,0.544809790328145,1.0202412605285645,0.9557856321334839,0.011797105893492699,0.09150289744138718,0.046304408460855484
198,8,0.5038249306380749,1.0193455219268799,0.9555760025978088,0.011075137183070183,0.06809087097644806,0.02967461757361889
198,9,0.5146864840760828,1.019327998161316,0.9555660486221313,0.01004097517579794,0.08662202209234238,0.023044677451252937
198,10,0.5240478632971645,1.0168299674987793,0.9556073546409607,0.009617016650736332,0.09801269322633743,0.021930688992142677
198,11,0.4870694573968649,1.0169304609298706,0.955563485622406,0.011806150898337364,0.05933285877108574,0.021431658416986465
199,0,31.1582093000412,1.0162113904953003,4.948422908782959,21.289335250854492,6.122194766998291,2.5537524223327637
199,1,29.074850177764894,1.0147404670715332,4.06600284576416,21.43720054626465,6.488544940948486,0.13295602798461914
199,2,22.453978066146373,1.0185617208480835,3.339160442352295,20.956817626953125,0.5553791522979736,0.07023685425519943
199,3,21.980986712872983,1.0172475576400757,2.745394468307495,20.590351104736328,0.5566014647483826,0.08150573819875717
199,4,0.948502547480166,1.0152709484100342,1.8967394828796387,0.013529420830309391,0.2868843972682953,0.06568664312362671
199,5,0.9902095384895802,1.0152721405029297,1.6100311279296875,0.012874167412519455,0.3978087902069092,0.05446592718362808
199,6,0.8461557606235147,1.0153751373291016,1.405529260635376,0.011777632869780064,0.2853776216506958,0.06481962651014328
199,7,0.7027109762653709,1.0162534713745117,1.144453525543213,0.01092569064348936,0.2032296359539032,0.056414250284433365
199,8,0.6154903680086137,1.0168167352676392,1.0732587575912476,0.012358419597148895,0.09939736872911453,0.08571948111057281
199,9,0.5591855240985751,1.0167884826660156,1.0241295099258423,0.011992848478257656,0.08236393332481384,0.056645143777132034
199,10,0.6288190618157388,1.0168460607528687,0.9761734008789062,0.013619445264339447,0.0697365254163742,0.14685919880867004
199,11,0.6445094287395478,1.0166040658950806,0.9647274613380432,0.011757992208003998,0.06768696755170822,0.16879816353321075
199,12,0.6407732168212533,1.016594648361206,0.9601041078567505,0.013438955880701542,0.07187962532043457,0.16011488437652588
199,13,0.6591592593118549,1.0165455341339111,0.9561579823493958,0.015612873248755932,0.044069088995456696,0.20493659377098083
199,14,0.6644747855141759,1.0166270732879639,0.9556339383125305,0.015173074789345264,0.045117512345314026,0.20973199605941772
199,15,0.6288474595174194,1.015546441078186,0.9555624127388,0.015199973247945309,0.04095620661973953,0.17846950888633728
