method,seed,n_nodes,episodes,final_total_loss,min_total_loss,elapsed_s
random,1011,15,150,2.441155843436718,2.379609886556864,1371.962497472763
