method,seed,n_nodes,episodes,final_total_loss,min_total_loss,elapsed_s
ppo,123,30,150,6.092486744746566,6.004034178331494,2679.824124097824
