method,seed,n_nodes,episodes,final_total_loss,min_total_loss,elapsed_s
random,1011,50,150,9.517884632572532,9.471178814768791,4422.4427218437195
