episode,step,total_loss,loss_X2,loss_X3,loss_X4,loss_X5,loss_X10,loss_X11,loss_X12,loss_X13,loss_X14,loss_X15,loss_X16,loss_X17,loss_X18,loss_X19,loss_X20,loss_X21,loss_X22,loss_X23,loss_X24,loss_X25,loss_X26,loss_X27,loss_X28,loss_X29,loss_X30,loss_X6,loss_X7,loss_X8,loss_X9
0,0,57.508490073680875,1.02772057056427,0.9859315156936646,1.0553823709487915,1.0445493459701538,0.7221454381942749,0.8931156992912292,2.0340993404388428,1.431038737297058,1.3352172374725342,3.510549306869507,1.5560896396636963,1.3528932332992554,1.9516069889068604,1.5416702032089233,0.9687658548355103,4.078695774078369,3.4828481674194336,5.605922698974609,4.505280494689941,1.9127570390701294,0.8449051380157471,2.480663537979126,2.394019603729248,1.1733309030532837,2.5321452617645264,1.3497861623764038,3.7845890522003174,2.5893709659576416,2.654266834259033
0,1,14.13728801049292,1.0269315242767334,0.987906277179718,1.0546317100524902,1.0823618173599243,0.02616158500313759,0.10203103721141815,0.11794541031122208,0.024877676740288734,0.13117754459381104,0.13129812479019165,0.06791244447231293,1.3446398973464966,0.19047309458255768,0.2666320204734802,0.038855861872434616,1.2335749864578247,0.1859504133462906,3.2960944175720215,0.37619349360466003,1.6952283382415771,0.2534172236919403,0.1418096125125885,0.8821286559104919,1.0726001262664795,1.5645447969436646,0.06427258253097534,0.028410930186510086,0.03827947378158569,0.03241199627518654
0,2,11.511862605810165,1.0275028944015503,0.9841353297233582,1.0545703172683716,1.0835744142532349,0.03507023677229881,0.06994732469320297,0.07997116446495056,0.023418651893734932,0.15754497051239014,0.5757866501808167,0.08013719320297241,1.346078872680664,0.13331010937690735,0.46503692865371704,0.048072636127471924,2.507047414779663,0.1998867690563202,1.8644462823867798,0.22902517020702362,1.4821993112564087,0.18355101346969604,0.10639651119709015,0.4187568724155426,0.19261948764324188,0.34735867381095886,0.03578145056962967,0.029464779421687126,0.03791675344109535,0.03308078646659851
0,3,6.368379775434732,1.0281593799591064,0.9839997291564941,1.0546342134475708,1.0792300701141357,0.02812526375055313,0.0538858063519001,0.09522955864667892,0.07083666324615479,0.14299476146697998,0.6309606432914734,0.04710034653544426,0.02656608261168003,0.26584741473197937,0.7064014077186584,0.03567163646221161,0.9515784978866577,0.16619940102100372,1.077136516571045,0.24226492643356323,0.1472865492105484,0.07100634276866913,0.0940174013376236,0.26331111788749695,0.20488910377025604,0.07624485343694687,0.033784206956624985,0.03201677277684212,0.045944903045892715,0.02987491898238659
0,4,7.320096677541732,1.0281834602355957,0.9848347306251526,1.055243968963623,1.0652742385864258,0.02849642001092434,0.060827575623989105,0.09749427437782288,0.10589633136987686,0.40657323598861694,0.48699671030044556,0.0682024359703064,0.03395160660147667,0.137266144156456,1.0165947675704956,0.08356048911809921,0.9152835607528687,0.38941702246665955,0.599606454372406,0.3029271066188812,0.24998721480369568,0.09688129276037216,0.0642397478222847,0.5408275127410889,0.6446248292922974,0.04935906082391739,0.02832801826298237,0.03509438782930374,0.024494241923093796,0.02645895630121231
0,5,7.878607802093029,1.028946876525879,0.9838889837265015,1.0553501844406128,1.0599851608276367,0.027416255325078964,0.08250343799591064,0.0874624252319336,0.12721124291419983,0.4784459173679352,0.433414489030838,0.06921574473381042,0.03568961098790169,0.10222017765045166,1.5879243612289429,0.057953428477048874,0.4963655471801758,0.5977757573127747,0.4922933280467987,0.22552260756492615,0.3229736089706421,0.07253482937812805,0.07916423678398132,0.4466973841190338,1.064215898513794,0.056159164756536484,0.028411105275154114,0.028279799968004227,0.026359807699918747,0.026763394474983215
0,6,8.29080877006054,1.0291389226913452,0.984526515007019,1.0552072525024414,1.055332064628601,0.027156855911016464,0.10450969636440277,0.09447961300611496,0.11499317735433578,0.4167863130569458,0.6046766638755798,0.0507984533905983,0.03674079477787018,0.16684286296367645,1.8418247699737549,0.0682796910405159,0.4685966372489929,0.5717642903327942,0.24078978598117828,0.18710072338581085,0.218422070145607,0.07979024946689606,0.03603774681687355,0.41191455721855164,1.574215054512024,0.04630577191710472,0.025174861773848534,0.02861183136701584,0.025118274614214897,0.025037072598934174
0,7,8.952002839744091,1.0291399955749512,0.9847553372383118,1.0554633140563965,1.0542842149734497,0.0237459484487772,0.12102068960666656,0.10265889018774033,0.08157481998205185,0.7458859086036682,0.9899625182151794,0.031131815165281296,0.03429064154624939,0.12962380051612854,0.7318078875541687,0.05795849487185478,0.4326469898223877,0.3271332085132599,0.16091963648796082,0.08346143364906311,0.2214057296514511,0.08792310208082199,0.12615665793418884,0.5791263580322266,2.887970447540283,0.06516178697347641,0.024678397923707962,0.03067668154835701,0.02336844429373741,0.02698397822678089
0,8,9.523678793013096,1.0288833379745483,0.984561562538147,1.0554856061935425,1.0519402027130127,0.022228747606277466,0.18016284704208374,0.1095488891005516,0.07111619412899017,0.6277414560317993,1.0127825736999512,0.03697643429040909,0.044294893741607666,0.21839971840381622,1.2866147756576538,0.03284581005573273,0.36955907940864563,0.41775110363960266,0.2765568196773529,0.1015128418803215,0.1792600452899933,0.08632369339466095,0.19512760639190674,0.5506537556648254,2.7103617191314697,0.06847675144672394,0.023959796875715256,0.027293052524328232,0.02430465631186962,0.025651389732956886
0,9,10.183657548949123,1.0278570652008057,0.9844505786895752,1.055893898010254,1.0523618459701538,0.019690964370965958,0.24804085493087769,0.11198718845844269,0.03705378621816635,0.4620436728000641,0.9508485794067383,0.025907400995492935,0.041383154690265656,0.17443358898162842,1.7810018062591553,0.03578341379761696,0.36699527502059937,0.19259099662303925,0.5551861524581909,0.0684523805975914,0.13514576852321625,0.10826332122087479,0.2309197634458542,0.5556311011314392,3.073911428451538,0.08203008025884628,0.027858812361955643,0.027268696576356888,0.02385326661169529,0.023263417184352875
1,0,55.01801632642746,1.02772057056427,0.9859315156936646,1.0553823709487915,1.0445493459701538,0.783844530582428,0.7886414527893066,2.242811918258667,1.535517930984497,1.659216046333313,2.824948310852051,1.0291143655776978,1.06745445728302,1.777276873588562,1.221443772315979,1.3363670110702515,4.873672962188721,4.2422966957092285,4.987135887145996,3.8234517574310303,2.1168084144592285,0.6270740032196045,2.3962697982788086,2.176175832748413,0.6864737272262573,2.327883720397949,2.324150800704956,2.9665486812591553,2.2660555839538574,2.1146650314331055
1,1,10.47661631964147,1.0267798900604248,0.9859315156936646,1.0558844804763794,1.047025442123413,0.03345304727554321,0.060178741812705994,0.04263976216316223,0.628069281578064,0.03596062585711479,0.09739141166210175,0.03017432987689972,0.027236785739660263,1.2541700601577759,0.667903482913971,0.030403723940253258,1.9955832958221436,0.06100643798708916,0.5566606521606445,0.146647110581398,0.8481780886650085,0.038642894476652145,0.26838013529777527,0.18134519457817078,0.107814259827137,0.36117225885391235,0.030539698898792267,1.827343463897705,0.03786657750606537,0.2847307324409485
1,2,7.981252297759056,1.0267647504806519,0.9955623745918274,1.0546705722808838,1.040583848953247,0.03470738232135773,0.04707206413149834,0.07677263021469116,0.040659528225660324,0.054415665566921234,0.0749674066901207,0.20725564658641815,0.07995058596134186,0.03873641788959503,0.23289285600185394,0.02667246386408806,0.09081672877073288,0.17866966128349304,1.3327080011367798,0.07510379701852798,0.5334911346435547,0.13126961886882782,0.08619305491447449,1.1359131336212158,0.8218644857406616,0.027369098737835884,0.030545884743332863,1.745849370956421,0.02922235243022442,0.024617018178105354
1,3,10.337979182600975,1.0267646312713623,0.9841964840888977,1.0545743703842163,1.0408695936203003,0.02829236350953579,0.0505133792757988,0.04235013946890831,0.021803108975291252,0.05218839645385742,0.06850877404212952,0.052649009972810745,0.10188910365104675,0.04360188543796539,0.3730478584766388,0.028199005872011185,0.08314426243305206,0.33048513531684875,0.9928948283195496,0.17429319024085999,0.46726107597351074,0.09784717112779617,0.20238184928894043,1.9515695571899414,3.418030023574829,0.025693435221910477,0.024885881692171097,0.8390800356864929,0.023621462285518646,0.0224672332406044
1,4,7.063857276365161,1.026962399482727,0.9856280088424683,1.0554773807525635,1.0501481294631958,0.022251909598708153,0.048853401094675064,0.05675235018134117,0.02445351704955101,0.17667284607887268,0.4817294776439667,0.059227731078863144,0.05910985544323921,0.03231312707066536,1.071106195449829,0.02403060905635357,0.10839518904685974,0.6298429369926453,1.6048468351364136,0.2182445228099823,0.6462984681129456,0.10625095665454865,0.18884801864624023,0.26804494857788086,0.2858443558216095,0.026118867099285126,0.0298512801527977,0.026577839627861977,0.023363478481769562,0.02118537575006485
1,5,6.006713917851448,1.0271568298339844,0.9840622544288635,1.0561609268188477,1.0473707914352417,0.025605643168091774,0.06406421959400177,0.045488957315683365,0.02435329370200634,0.2501448392868042,0.7019591331481934,0.026323813945055008,0.059932347387075424,0.03977008908987045,1.1133856773376465,0.02538454905152321,0.0754196047782898,0.7362480759620667,0.33303704857826233,0.4367575943470001,0.15898917615413666,0.09150928258895874,0.22202074527740479,0.2969617247581482,0.32872557640075684,0.02644723653793335,0.030605509877204895,0.023591820150613785,0.023441877216100693,0.02359592169523239
1,6,6.409039589390159,1.0269192457199097,0.9838579297065735,1.0563627481460571,1.0452367067337036,0.02311423420906067,0.07588393986225128,0.0624166876077652,0.024753153324127197,0.2680630385875702,1.1685625314712524,0.03002374805510044,0.06460817158222198,0.04671710729598999,0.8655691146850586,0.030451985076069832,0.109108567237854,1.1552751064300537,0.2779114842414856,0.13364586234092712,0.19481630623340607,0.08881875872612,0.07691691815853119,0.31357741355895996,0.4494802951812744,0.02362729236483574,0.031053779646754265,0.02532036229968071,0.023233097046613693,0.023615308105945587
1,7,6.576333008334041,1.026780128479004,0.9836835861206055,1.0549041032791138,1.047121524810791,0.020366741344332695,0.07263901084661484,0.04512663930654526,0.024430634453892708,0.1531960666179657,1.3178186416625977,0.02668175846338272,0.03050527535378933,0.03850209340453148,0.8426656126976013,0.032516151666641235,0.3909345865249634,0.9516552686691284,0.24835863709449768,0.19917066395282745,0.18704773485660553,0.09564384818077087,0.03594068065285683,0.24171403050422668,0.6672931909561157,0.02451101318001747,0.03375443071126938,0.026024403050541878,0.02236258052289486,0.024975445121526718
1,8,6.722493642196059,1.0272687673568726,0.984005868434906,1.0551180839538574,1.0481992959976196,0.023071059957146645,0.09567973017692566,0.05645029619336128,0.024146145209670067,0.06570850312709808,1.464402198791504,0.03355836123228073,0.030979860574007034,0.03529518097639084,0.8168894052505493,0.0324365459382534,0.39321810007095337,0.737671971321106,0.2338966578245163,0.21654632687568665,0.215297669172287,0.12452463060617447,0.040430858731269836,0.2457902729511261,0.8832123279571533,0.023243727162480354,0.032510917633771896,0.028031393885612488,0.021065041422843933,0.025518056005239487
1,9,7.157378542423248,1.0274839401245117,0.9836256504058838,1.0554527044296265,1.0466078519821167,0.023789487779140472,0.08864244818687439,0.06308621168136597,0.023123910650610924,0.07475630939006805,1.6172724962234497,0.03254503756761551,0.034181371331214905,0.038004059344530106,0.8657802939414978,0.04276200011372566,0.3975996971130371,0.6453694105148315,0.18598385155200958,0.28749364614486694,0.18487226963043213,0.13757409155368805,0.037211235612630844,0.25042471289634705,1.1732290983200073,0.030085256323218346,0.02771497331559658,0.0257800854742527,0.023401428014039993,0.024061130359768867
1,10,6.835999947413802,1.0277870893478394,0.9837580919265747,1.0554876327514648,1.0485080480575562,0.024328941479325294,0.1156974583864212,0.06212978437542915,0.025517966598272324,0.04779326543211937,1.5411564111709595,0.02789877913892269,0.03975699096918106,0.04347692430019379,0.7622814178466797,0.03220722824335098,0.30756428837776184,0.4288136959075928,0.16388919949531555,0.4312891960144043,0.2532332241535187,0.13155776262283325,0.09270138293504715,0.24261093139648438,1.1095637083053589,0.0319393128156662,0.026888897642493248,0.02436535432934761,0.022005796432495117,0.02422385662794113
1,11,7.157218389585614,1.0281928777694702,0.9837443828582764,1.055302381515503,1.047263503074646,0.023095814511179924,0.12229137867689133,0.04761115089058876,0.02303168550133705,0.04853040352463722,1.5597776174545288,0.02946014702320099,0.04080839455127716,0.04421402886509895,0.731791079044342,0.03952479735016823,0.4126024544239044,0.4213912785053253,0.1519152969121933,0.4009278416633606,0.270352840423584,0.19592824578285217,0.1602853387594223,0.2560150623321533,1.2131842374801636,0.04102779179811478,0.023876164108514786,0.02897767350077629,0.024081002920866013,0.023616034537553787
2,0,54.95600675344467,1.02772057056427,0.9859315156936646,1.0553823709487915,1.0445493459701538,0.524011492729187,0.604570746421814,1.8190057277679443,1.4007539749145508,1.7283880710601807,3.4341981410980225,1.4172947406768799,0.9690083265304565,1.6039899587631226,1.4606302976608276,0.8507182002067566,4.944400310516357,3.743673086166382,5.040925025939941,4.1841721534729,1.8937336206436157,0.6342134475708008,2.357117176055908,1.6287232637405396,1.0053809881210327,2.1559135913848877,2.4074366092681885,2.893857002258301,3.023203134536743,2.407970905303955
2,1,9.271280330047011,1.0277657508850098,0.986693263053894,1.0975691080093384,1.0483264923095703,0.036220982670784,0.079067662358284,0.06637589633464813,0.24064688384532928,0.28609445691108704,0.265687495470047,0.0452633835375309,0.021847238764166832,0.6943541765213013,1.009237289428711,0.05790794640779495,1.3608112335205078,0.11638546735048294,0.3060919940471649,0.20146724581718445,0.08332929015159607,0.08708001673221588,0.07302343845367432,0.17178933322429657,0.12334565818309784,0.1493762582540512,0.04684995487332344,2.8297019004821777,0.02098952978849411,0.06626467406749725
2,2,8.959345699101686,1.0268996953964233,0.984703779220581,1.0856902599334717,1.0438358783721924,0.041197892278432846,0.13545860350131989,0.10193080455064774,0.04117801412940025,0.2104325145483017,0.5916193723678589,0.050107721239328384,0.0492357462644577,0.036470621824264526,1.6297448873519897,0.11886238306760788,0.10818597674369812,0.14308598637580872,0.5217375755310059,0.48389771580696106,0.15766139328479767,0.13465242087841034,0.02875971607863903,0.4658176600933075,0.08871190249919891,0.19057048857212067,0.03886919468641281,2.689378499984741,0.024948665872216225,0.04860401898622513
2,3,6.948158574104309,1.0270895957946777,0.9851905703544617,1.0689587593078613,1.0464930534362793,0.023451784625649452,0.1864984780550003,0.08866593986749649,0.04285947233438492,0.6764442920684814,0.553939700126648,0.04371185600757599,0.02607194520533085,0.050794534385204315,0.6159906387329102,0.1345374584197998,0.6682408452033997,0.19973009824752808,0.5341429114341736,0.49915796518325806,0.3295699656009674,0.3318236470222473,0.02344418317079544,0.5107464790344238,0.2648889124393463,0.16544435918331146,0.047196164727211,0.04111330211162567,0.027076400816440582,0.03707084432244301
2,4,7.793389669433236,1.0267632007598877,0.9848163723945618,1.0584051609039307,1.0500141382217407,0.02355782873928547,0.2124207466840744,0.06188767030835152,0.06458030641078949,1.3872979879379272,0.5796412825584412,0.06500895321369171,0.04440830275416374,0.03310006111860275,0.3568401038646698,0.03264535218477249,0.8417541980743408,0.40332406759262085,0.318331778049469,0.8603209853172302,0.3837592303752899,0.14917072653770447,0.023808633908629417,0.5895149111747742,0.2621710002422333,0.14247551560401917,0.04366854950785637,0.03125765174627304,0.023167209699749947,0.03527684137225151
2,5,9.665990190580487,1.027658224105835,0.9850505590438843,1.0572962760925293,1.0506947040557861,0.025345411151647568,0.378043532371521,0.07186099141836166,0.06306374818086624,1.2935616970062256,0.6652902364730835,0.10116328299045563,0.056711651384830475,0.03242253139615059,0.2503441274166107,0.04410328343510628,0.9663236737251282,0.7342309355735779,0.3136177957057953,0.9833611249923706,0.41798004508018494,0.10021787881851196,0.03285184130072594,1.698494553565979,0.3076592981815338,0.17642603814601898,0.041915230453014374,0.03380165994167328,0.01963401772081852,0.033425651490688324
2,6,7.507198225706816,1.0282939672470093,0.9842284917831421,1.0575799942016602,1.0509978532791138,0.022206882014870644,0.6982515454292297,0.06890571862459183,0.0915364921092987,0.6363496780395508,0.5596920847892761,0.061058785766363144,0.071644127368927,0.03861395642161369,0.10480193793773651,0.04052861034870148,1.1192466020584106,0.7110375165939331,0.21927842497825623,0.7960720062255859,0.2680279016494751,0.06918032467365265,0.04829716309905052,0.6063963174819946,0.2056833654642105,0.12786562740802765,0.03450430929660797,0.03385874629020691,0.020710358396172523,0.029229681938886642
2,7,7.486267270147801,1.0278559923171997,0.983891487121582,1.0583711862564087,1.0439716577529907,0.02425191178917885,0.7112199068069458,0.05237565562129021,0.06082815304398537,0.9657979011535645,0.21467378735542297,0.046183496713638306,0.1224345713853836,0.039612580090761185,0.12308372557163239,0.04054291546344757,0.656773030757904,0.7478771209716797,0.16093593835830688,0.5521488785743713,0.6759436130523682,0.09664683043956757,0.038130342960357666,0.7297718524932861,0.29908230900764465,0.17985272407531738,0.03348967805504799,0.03617772459983826,0.021787643432617188,0.03382691368460655
2,8,7.6513232730329035,1.0274940729141235,0.9838671088218689,1.058020830154419,1.043592929840088,0.026425762102007866,0.9556801915168762,0.04652881249785423,0.051622092723846436,1.0703729391098022,0.22805508971214294,0.04594831168651581,0.08761826902627945,0.03552664443850517,0.14677566289901733,0.0352383516728878,0.7681487202644348,0.6655330657958984,0.23795153200626373,0.5397964715957642,0.5231893062591553,0.0953148603439331,0.05419686436653137,0.7294957637786865,0.19190432131290436,0.1766154170036316,0.03101106733083725,0.032819658517837524,0.021624190732836723,0.03133491799235344
2,9,6.18958631940186,1.0272668600082397,0.9839786887168884,1.0578186511993408,1.0434967279434204,0.02360803820192814,0.03050561435520649,0.04385099560022354,0.07391996681690216,1.1593515872955322,0.04921003431081772,0.04067988321185112,0.11169768124818802,0.04670017585158348,0.12905253469944,0.02639918401837349,0.7582414150238037,0.6146595478057861,0.18471352756023407,0.4009336233139038,0.1994248926639557,0.02524128183722496,0.057892926037311554,0.8755784034729004,0.19025607407093048,0.20839311182498932,0.03186151385307312,0.03190520778298378,0.022248627617955208,0.030748285353183746
2,10,6.482852578535676,1.026785135269165,0.9841426014900208,1.057313323020935,1.0448521375656128,0.02499355934560299,0.03713969886302948,0.05081275850534439,0.07815568894147873,1.618621826171875,0.048256512731313705,0.0456574410200119,0.11131221801042557,0.05126122385263443,0.08040212839841843,0.026870807632803917,0.47920936346054077,0.6741322875022888,0.18374185264110565,0.5210641622543335,0.4046045243740082,0.02567339688539505,0.06397224962711334,0.7172002196311951,0.1343919038772583,0.1720931977033615,0.028239751234650612,0.029761111363768578,0.022808818146586418,0.02985723689198494
2,11,6.764170105755329,1.0267733335494995,0.9841703772544861,1.0568898916244507,1.0439105033874512,0.024284813553094864,0.03294038400053978,0.043645743280649185,0.08081823587417603,1.5610908269882202,0.05019732564687729,0.042861972004175186,0.10381995886564255,0.04339010268449783,0.09718327224254608,0.02412167750298977,0.5171639919281006,0.8269080519676208,0.19335967302322388,0.4807557165622711,0.6165047287940979,0.023658866062760353,0.06268690526485443,0.708275556564331,0.08066891878843307,0.2187616378068924,0.03159736096858978,0.02783650904893875,0.021467680111527443,0.02782137505710125
2,12,6.813658677786589,1.0268144607543945,0.9839392900466919,1.0564810037612915,1.0441032648086548,0.023931624367833138,0.031722381711006165,0.03532668948173523,0.07335660606622696,1.5568528175354004,0.05569400638341904,0.04174704849720001,0.09818798303604126,0.052248530089855194,0.09854651242494583,0.026448218151926994,0.40941929817199707,0.6104001998901367,0.178750142455101,0.4797067940235138,0.9505417346954346,0.026676924899220467,0.03605048358440399,0.6834325194358826,0.1436982899904251,0.2566917836666107,0.03805415332317352,0.027596695348620415,0.02298065274953842,0.033328983932733536
2,13,8.696472330763935,1.0267820358276367,0.9841258525848389,1.055564045906067,1.044939398765564,0.02350500226020813,0.03401897847652435,0.036658868193626404,0.07990557700395584,2.8402504920959473,0.04208258166909218,0.038110435009002686,0.04185692220926285,0.04626993089914322,0.1723843216896057,0.024827545508742332,0.48453661799430847,0.9545726776123047,0.3269929885864258,0.49307307600975037,0.7451407313346863,0.027262678369879723,0.03647199273109436,0.9143335223197937,0.1929616630077362,0.2000579535961151,0.039028655737638474,0.031061358749866486,0.022084828466176987,0.02674066461622715
2,14,8.05236949697137,1.0268365144729614,0.9840680956840515,1.0555768013000488,1.0456703901290894,0.022274211049079895,0.034702759236097336,0.033358488231897354,0.07741155475378036,2.9488821029663086,0.048348989337682724,0.0391659177839756,0.05094704404473305,0.048911795020103455,0.16603267192840576,0.02195727452635765,0.5124613642692566,0.42029401659965515,0.5151458978652954,0.5300958752632141,0.29484549164772034,0.02414846606552601,0.04997669905424118,1.0140290260314941,0.13564398884773254,0.1257019191980362,0.03975088894367218,0.029080551117658615,0.022653663530945778,0.02411847934126854
2,15,5.795924885943532,1.0268940925598145,0.9841521978378296,1.0556868314743042,1.0460360050201416,0.022537482902407646,0.037375014275312424,0.031945712864398956,0.09347841888666153,1.1373997926712036,0.0532204695045948,0.035430196672677994,0.06746374070644379,0.04015051946043968,0.16439709067344666,0.02321598306298256,0.27990344166755676,0.33181580901145935,0.4594902992248535,0.6589609980583191,0.3624308705329895,0.027425384148955345,0.04021712392568588,0.7667862772941589,0.10068250447511673,0.12797684967517853,0.03713125362992287,0.02715241350233555,0.020734921097755432,0.02604849264025688
2,16,5.483419609069824,1.0269489288330078,0.9840264320373535,1.055714726448059,1.04462468624115,0.02287682704627514,0.03310736268758774,0.0372919999063015,0.12047645449638367,1.2903339862823486,0.06884177029132843,0.04115809127688408,0.04316960275173187,0.04546079412102699,0.17166367173194885,0.026730284094810486,0.22476132214069366,0.240769162774086,0.25295451283454895,0.6556411385536194,0.38015589118003845,0.02454177848994732,0.04418443888425827,0.655403196811676,0.05890902131795883,0.11632035672664642,0.02692401222884655,0.027675477787852287,0.023173492401838303,0.02863200753927231
2,17,5.674487107992173,1.02698814868927,0.9841288924217224,1.0559298992156982,1.0447518825531006,0.020364932715892792,0.04015643894672394,0.03364941105246544,0.07839511334896088,1.3731237649917603,0.07287659496068954,0.04739861562848091,0.04700523614883423,0.04652087762951851,0.13940729200839996,0.026521336287260056,0.30996567010879517,0.1773938685655594,0.24806857109069824,0.769950807094574,0.42857831716537476,0.030467228963971138,0.05011225864291191,0.6475656032562256,0.06078575178980827,0.0995679497718811,0.027906136587262154,0.025758197531104088,0.024224214255809784,0.026363154873251915
2,18,6.100654635578394,1.0269006490707397,0.9841872453689575,1.0562678575515747,1.0456514358520508,0.02337401919066906,0.04054107517004013,0.031541608273983,0.08152896910905838,1.5047169923782349,0.0704817920923233,0.04437217116355896,0.04499753564596176,0.04656628519296646,0.1831386238336563,0.02472161501646042,0.38041627407073975,0.15304097533226013,0.23163637518882751,0.8712054491043091,0.4624541699886322,0.03218238428235054,0.04962034150958061,0.7433252930641174,0.028262648731470108,0.1232665479183197,0.030429428443312645,0.028804022818803787,0.022987835109233856,0.024440765380859375
2,19,6.025570241361857,1.0270313024520874,0.9843820929527283,1.0560827255249023,1.04463529586792,0.022589879110455513,0.04075838625431061,0.03168671205639839,0.027004823088645935,1.4131605625152588,0.06465906649827957,0.04119881987571716,0.033074237406253815,0.03682974725961685,0.48149290680885315,0.03047441691160202,0.3851687014102936,0.12274635583162308,0.19708041846752167,0.645143985748291,0.8214494585990906,0.03437641263008118,0.04338819533586502,0.4762822985649109,0.097997285425663,0.05487598106265068,0.022188102826476097,0.027298105880618095,0.02341020293533802,0.028808895498514175
2,20,5.805834906920791,1.0269478559494019,0.9843536615371704,1.0559433698654175,1.0448167324066162,0.023375673219561577,0.03616967797279358,0.03803466260433197,0.03280900791287422,1.1800791025161743,0.06990071386098862,0.029187461361289024,0.034702450037002563,0.04821671172976494,0.4927770495414734,0.025232933461666107,0.39984792470932007,0.1141190379858017,0.22722548246383667,0.7131765484809875,0.7480130195617676,0.037919558584690094,0.03526660427451134,0.44210419058799744,0.09840921312570572,0.0619819276034832,0.02610449306666851,0.02388712577521801,0.02175184339284897,0.02313016913831234
2,21,5.659101107716561,1.027126431465149,0.9844824075698853,1.0563383102416992,1.0444104671478271,0.02463466301560402,0.04248511418700218,0.03493104130029678,0.03125260770320892,1.1697300672531128,0.0608624704182148,0.02154935896396637,0.03318403661251068,0.04765830561518669,0.39381739497184753,0.02482193149626255,0.37524595856666565,0.15378600358963013,0.21111148595809937,0.6601826548576355,0.7781988978385925,0.02916633151471615,0.03532892465591431,0.4625037908554077,0.0807829201221466,0.07160042971372604,0.02266865037381649,0.02409641444683075,0.019619720056653023,0.027410410344600677
2,22,5.602664716541767,1.0271064043045044,0.9845209121704102,1.055962085723877,1.0434967279434204,0.02292207069694996,0.04580424353480339,0.039445605129003525,0.031291961669921875,1.1468288898468018,0.06107049062848091,0.027642330154776573,0.035584691911935806,0.03847138211131096,0.3811492621898651,0.024914797395467758,0.3805035948753357,0.1620112955570221,0.21212869882583618,0.8109629154205322,0.597197413444519,0.02703958749771118,0.03638080507516861,0.44083285331726074,0.08508727699518204,0.07446294277906418,0.026010513305664062,0.023630961775779724,0.023257698863744736,0.0258152075111866
3,0,58.23651961088181,1.0273455381393433,0.9897196888923645,1.0559825897216797,1.0570005178451538,0.798909068107605,0.8480711579322815,2.4590117931365967,2.0198683738708496,2.0833427906036377,3.055133819580078,1.357933759689331,0.8808047771453857,1.582735538482666,1.1119762659072876,0.9047768712043762,4.3770928382873535,4.122593879699707,5.518840312957764,4.490119934082031,2.121286153793335,0.9714073538780212,2.2735657691955566,2.4794702529907227,0.8654904961585999,2.1264688968658447,2.082270860671997,4.335104465484619,2.496640205383301,2.0475943088531494
3,1,7.980259613320231,1.0352026224136353,0.9944245219230652,1.0709723234176636,1.051775336265564,0.05603169649839401,0.7299962639808655,0.09392917156219482,0.06559162586927414,0.06163104996085167,0.20972920954227448,0.06334985047578812,0.04431606084108353,0.04086481034755707,0.061208680272102356,0.0315571203827858,0.5765467286109924,0.18867133557796478,0.21829523146152496,2.372454881668091,0.4834138751029968,0.14008015394210815,0.6920257806777954,0.3531583845615387,0.24821454286575317,0.2776394784450531,0.03645860776305199,0.04616183042526245,0.02281913347542286,0.03563914820551872
3,2,8.732040459290147,1.0391796827316284,0.9920725226402283,1.0637803077697754,1.0398367643356323,0.047205764800310135,0.7732850909233093,0.06320938467979431,0.07486927509307861,0.14664706587791443,0.3621101975440979,0.0774548277258873,0.03029853291809559,0.04039155691862106,0.17007866501808167,0.06195594742894173,0.705183744430542,0.21090152859687805,0.1938341110944748,2.3327412605285645,0.4261547327041626,0.11401733756065369,0.6038728952407837,0.41054823994636536,0.3467197120189667,0.5728333592414856,0.03685976192355156,0.05053482577204704,0.02290874347090721,0.030450042337179184
3,3,11.122987930476665,1.029737949371338,0.9873460531234741,1.0547833442687988,1.0504564046859741,0.032194364815950394,0.803286612033844,0.04150950536131859,0.07621648907661438,0.14191684126853943,0.516836404800415,0.044390175491571426,0.03370625153183937,0.1259722113609314,0.17251892387866974,0.040910754352808,0.8380998969078064,0.09611596912145615,1.5597999095916748,2.1747164726257324,0.6315371990203857,0.05999045446515083,0.7869191765785217,0.39687955379486084,0.9104084372520447,0.6933963298797607,0.03284367546439171,0.0360129214823246,0.02268531359732151,0.029659336432814598
3,4,14.265203430503608,1.0288907289505005,0.9864928126335144,1.055723786354065,1.044896125793457,0.02727963589131832,0.2346014678478241,0.040553297847509384,0.057557061314582825,0.44062092900276184,0.5487483739852905,0.030612798407673836,0.038362808525562286,0.0757128968834877,0.08501525968313217,0.09187661111354828,0.5215722322463989,0.11467164754867554,1.7865140438079834,0.12001319974660873,0.6862265467643738,0.03636036068201065,0.10572751611471176,0.3355821371078491,7.294320583343506,0.6581096649169922,0.026661666110157967,0.02951577864587307,0.022160358726978302,0.03362586349248886
3,5,16.21110752671957,1.0292881727218628,0.9861599206924438,1.05613112449646,1.0414599180221558,0.02325528860092163,0.2810091972351074,0.04925517365336418,0.03802194073796272,0.5375283360481262,0.5547235012054443,0.04107666015625,0.03773614019155502,0.08253379911184311,0.04554232954978943,0.10262416303157806,0.7598193287849426,0.15858323872089386,1.81326425075531,0.15409816801548004,0.9060196280479431,0.044647376984357834,0.12958867847919464,0.3212645351886749,8.690457344055176,0.5083340406417847,0.025753824040293694,0.026084739714860916,0.027038611471652985,0.0302394051104784
3,6,16.575262260064484,1.0290473699569702,0.9855284094810486,1.0568525791168213,1.0399196147918701,0.022235698997974396,0.22044779360294342,0.04408201947808266,0.0365457646548748,0.6563183665275574,0.4510655999183655,0.03988431394100189,0.03136330842971802,0.09454195946455002,0.04628200829029083,0.04214104264974594,1.0911469459533691,0.1314655840396881,2.0452685356140137,0.1744999885559082,1.2921572923660278,0.02808215841650963,0.12595652043819427,0.5550470948219299,8.100411415100098,0.4101489782333374,0.03055707737803459,0.02832956612110138,0.024560222402215004,0.030453409999608994
3,7,8.823484891280533,1.0304203033447266,0.9844334721565247,1.054947018623352,1.0388909578323364,0.022862199693918228,0.0452294684946537,0.0435282401740551,0.029418475925922394,0.13986144959926605,0.3572002053260803,0.04609294235706329,0.03456318378448486,0.08695882558822632,0.04956230893731117,0.03690173476934433,0.35726362466812134,0.13002538681030273,1.063446044921875,0.4316941797733307,1.9500328302383423,0.023951711133122444,0.17959393560886383,1.6284540891647339,1.1082642078399658,0.1272311806678772,0.02841256372630596,0.0260306429117918,0.026534132659435272,0.02863297611474991
4,0,55.60586317181587,1.02772057056427,0.9859315156936646,1.0553823709487915,1.0445493459701538,1.0456080436706543,0.7134392261505127,2.0143749713897705,1.6193722486495972,3.092421770095825,2.541140079498291,1.7302335500717163,0.6932998299598694,1.897735595703125,1.004042625427246,1.0636173486709595,4.402500629425049,3.188162088394165,4.226160526275635,4.26586389541626,2.063178539276123,1.0462919473648071,2.7320761680603027,1.7620160579681396,0.44767460227012634,2.913989305496216,1.7684112787246704,3.019972801208496,2.9140405654907227,2.617522716522217
4,1,11.513647852838039,1.032681941986084,0.983579695224762,1.0556554794311523,1.0492537021636963,0.03878160938620567,0.6790453195571899,0.08792474120855331,0.023278415203094482,0.04534691199660301,1.445051908493042,0.0313321016728878,0.027828820049762726,0.05938063561916351,0.1165601909160614,0.03958022594451904,0.4824940264225006,0.6787099838256836,0.1586199551820755,2.3135058879852295,0.46032172441482544,0.09506712108850479,2.135928153991699,1.3973064422607422,0.04492190107703209,0.1688127964735031,0.04716630280017853,0.03699159249663353,0.030769646167755127,0.04468727484345436
4,2,11.784137639775873,1.0352790355682373,0.9838095307350159,1.0549640655517578,1.053124189376831,0.029388034716248512,0.7125263810157776,0.14468157291412354,0.039104022085666656,1.2806326150894165,1.365929126739502,0.024798136204481125,0.035725392401218414,0.036202818155288696,0.20941093564033508,0.0625748261809349,0.7078841924667358,0.5007513165473938,0.2255568653345108,1.9339988231658936,0.554319441318512,0.10336177796125412,0.9377627372741699,0.9386396408081055,0.737627387046814,0.19415616989135742,0.042221199721097946,0.04467487707734108,0.031753744930028915,0.06502024084329605
4,3,9.54795986637473,1.0329434871673584,0.9837599992752075,1.0550692081451416,1.0456421375274658,0.028671300038695335,0.7203817367553711,0.10790278762578964,0.03501568362116814,1.1590321063995361,1.640567421913147,0.03070155717432499,0.030968332663178444,0.046023499220609665,0.16716361045837402,0.022561585530638695,1.3093974590301514,0.3665068745613098,0.19084204733371735,0.04491307586431503,0.9071884155273438,0.12748603522777557,0.03525682911276817,0.7958654165267944,0.7367191910743713,0.08115234225988388,0.030157797038555145,0.03564033284783363,0.029321879148483276,0.0450395829975605
4,4,9.10445616543293,1.0282663106918335,0.9837919473648071,1.055223822593689,1.0405688285827637,0.02332433871924877,0.10306288301944733,0.14895513653755188,0.03631572797894478,0.38116884231567383,1.5177654027938843,0.026770152151584625,0.13378673791885376,0.0732104629278183,0.2857300043106079,0.09102918207645416,2.205284595489502,0.6862785816192627,0.3626216948032379,0.04903334006667137,0.339276522397995,0.02395382896065712,0.06206613779067993,0.9662949442863464,0.5733981728553772,0.052171461284160614,0.02847900427877903,0.03213891759514809,0.028755001723766327,0.05201490968465805
4,5,11.973269915953278,1.0282909870147705,0.9836211204528809,1.0546108484268188,1.0394309759140015,0.02344546839594841,0.21363051235675812,0.1829669326543808,0.030139461159706116,0.3615458905696869,2.3950083255767822,0.03592914715409279,0.13847137987613678,0.08152070641517639,0.09243805706501007,0.061584990471601486,2.980787992477417,1.8580646514892578,0.7099700570106506,0.0422910712659359,0.3020743727684021,0.032690469175577164,0.06467661261558533,0.8834595680236816,0.4628690481185913,0.07180671393871307,0.028434855863451958,0.03424075245857239,0.026032786816358566,0.03799930587410927
4,6,13.314603120461106,1.0275352001190186,0.9836151003837585,1.0551775693893433,1.0403757095336914,0.02538607269525528,0.2776743471622467,0.2103799432516098,0.025035245344042778,0.31159675121307373,2.635512113571167,0.027610745280981064,0.04244515299797058,0.10739324986934662,0.06747408956289291,0.09769649058580399,4.238348484039307,1.755271077156067,0.6418321132659912,0.04430663213133812,0.31007155776023865,0.02323300391435623,0.06755701452493668,1.0636414289474487,0.30296590924263,0.08359307795763016,0.03589783236384392,0.03471535071730614,0.03167155757546425,0.03195316344499588
4,7,15.714351853355765,1.0274574756622314,0.9842729568481445,1.055059790611267,1.0416572093963623,0.023496093228459358,0.2497420310974121,0.2681840658187866,0.02244955115020275,0.9517330527305603,2.38741397857666,0.028913361951708794,0.02660365402698517,0.07716238498687744,0.04011247307062149,0.11217102408409119,5.19419002532959,3.0889105796813965,0.3874126076698303,0.04894881322979927,0.36536118388175964,0.03239445015788078,0.08907150477170944,0.12425480782985687,1.2247625589370728,0.027573270723223686,0.02834291383624077,0.030841590836644173,0.03384549915790558,0.028770890086889267
4,8,10.124666447564959,1.0278868675231934,0.9848960041999817,1.0557514429092407,1.0409014225006104,0.02254222333431244,0.20581020414829254,0.05622803419828415,0.021675894036889076,0.6821843385696411,2.9960739612579346,0.02522287331521511,0.021913597360253334,0.05758422985672951,0.02828291244804859,0.07494179904460907,0.717593252658844,2.323410987854004,0.3688809275627136,0.04759464040398598,0.23674748837947845,0.02467038296163082,0.022930119186639786,0.040745753794908524,1.1715115308761597,0.03518559783697128,0.029173556715250015,0.03170769289135933,0.0324031338095665,0.02776416763663292
4,9,11.852492428570987,1.027873158454895,0.9855427742004395,1.0555974245071411,1.0405620336532593,0.022433655336499214,0.23686999082565308,0.053721554577350616,0.0236646868288517,0.7997833490371704,3.745091199874878,0.025508679449558258,0.02118038758635521,0.05930476263165474,0.026104433462023735,0.0790773257613182,0.9555368423461914,2.460056781768799,0.5290111303329468,0.0490635521709919,0.4449861943721771,0.02115561254322529,0.02241339534521103,0.09538696706295013,1.213399052619934,0.02831108868122101,0.029468795284628868,0.02770918235182762,0.03079756163060665,0.03054116852581501
4,10,9.001641009002924,1.027388334274292,0.9861839413642883,1.0556927919387817,1.0389907360076904,0.02293994650244713,0.02683800645172596,0.038363758474588394,0.028760746121406555,0.09937892854213715,2.59964919090271,0.02825389988720417,0.02369958534836769,0.04957708343863487,0.0343221053481102,0.05911017954349518,0.38893163204193115,2.2622342109680176,0.15252718329429626,0.04366546496748924,0.23221322894096375,0.022284936159849167,0.024528343230485916,0.1288752406835556,1.776096224784851,0.03409295156598091,0.027364635840058327,0.027408933266997337,0.019718777388334274,0.02915465459227562
4,11,9.700963059067726,1.0269757509231567,0.9859649538993835,1.0554707050323486,1.040016770362854,0.02459009364247322,0.058587975800037384,0.05560016259551048,0.03067438118159771,0.06575797498226166,2.4146742820739746,0.024044377729296684,0.02534654550254345,0.053678154945373535,0.04305356368422508,0.0601227842271328,0.5441775918006897,2.5969555377960205,0.2798142433166504,0.04625949636101723,0.34915342926979065,0.02114076167345047,0.02269767038524151,0.09109281748533249,1.9372814893722534,0.02626938559114933,0.028135042637586594,0.030919881537556648,0.021707357838749886,0.027542421594262123
4,12,7.083117284253239,1.0270887613296509,0.9862706065177917,1.0554022789001465,1.041043758392334,0.022927062585949898,0.0739932581782341,0.04398266226053238,0.028149280697107315,0.06419816613197327,2.709033250808716,0.0276544950902462,0.02108718454837799,0.06409946084022522,0.06434662640094757,0.050296273082494736,0.4277462959289551,1.911947250366211,0.367257297039032,0.04976135864853859,0.050303682684898376,0.02691670134663582,0.023755570873618126,0.04852129518985748,0.05811159685254097,0.022305810824036598,0.025605682283639908,0.03009391576051712,0.024024538695812225,0.025037486106157303
4,13,3.5907388336956503,1.0275390148162842,0.9857840538024902,1.055267572402954,1.038952350616455,0.021548345685005188,0.047414347529411316,0.04730323702096939,0.03166874870657921,0.09750973433256149,0.3102511763572693,0.021953729912638664,0.0265317652374506,0.06368567794561386,0.027846964076161385,0.027231968939304352,0.497861385345459,0.8106310963630676,0.36005735397338867,0.04474147409200668,0.06513135880231857,0.024628441780805588,0.02176113799214363,0.046285565942525864,0.04627814516425133,0.023263340815901756,0.027113089337944984,0.029779423028230667,0.022661777213215828,0.026090949773788452
4,14,3.2179557874798776,1.027607798576355,0.985219419002533,1.0549391508102417,1.0395480394363403,0.0240581464022398,0.04672938957810402,0.06349881738424301,0.0306865144520998,0.11754382401704788,0.24873346090316772,0.02245916798710823,0.027525074779987335,0.061709240078926086,0.024109624326229095,0.032633017748594284,0.42576220631599426,0.8063706755638123,0.12203691154718399,0.038482557982206345,0.055764831602573395,0.039526235312223434,0.02339797466993332,0.02316833660006523,0.03579713776707649,0.019742228090763092,0.02988455630838871,0.028493434190750122,0.02362046018242836,0.0247590821236372
4,15,2.979357027634978,1.0279167890548706,0.9850651025772095,1.055229902267456,1.0395647287368774,0.02492540515959263,0.042481429874897,0.0648893341422081,0.03410119563341141,0.1049204021692276,0.38074320554733276,0.024721823632717133,0.02118619717657566,0.061026908457279205,0.025700651109218597,0.03951292484998703,0.37097659707069397,0.43676280975341797,0.11874474585056305,0.04536126181483269,0.05480325594544411,0.08626355230808258,0.027781613171100616,0.02820182591676712,0.04032467305660248,0.019371457397937775,0.02980441227555275,0.028405986726284027,0.022777924314141273,0.02401212975382805
4,16,3.3118174258619546,1.0277775526046753,0.9851845502853394,1.0553175210952759,1.0403884649276733,0.021605782210826874,0.02857980690896511,0.07176397740840912,0.03498125821352005,0.084989994764328,0.36287373304367065,0.02505536563694477,0.022928932681679726,0.052685171365737915,0.02396792732179165,0.05020010471343994,0.23305925726890564,0.8007358312606812,0.13483178615570068,0.05677355080842972,0.06221447139978409,0.17752130329608917,0.02700377255678177,0.041379235684871674,0.0384153351187706,0.021366972476243973,0.03076491877436638,0.035704273730516434,0.023769564926624298,0.026911480352282524
4,17,3.1286610305309295,1.0274770259857178,0.9849386215209961,1.055495023727417,1.0403574705123901,0.023362400010228157,0.028039662167429924,0.0758717730641365,0.04201188310980797,0.08466687053442001,0.2718549370765686,0.02567492239177227,0.032834745943546295,0.053178396075963974,0.026666894555091858,0.0552840493619442,0.31626519560813904,0.6212924718856812,0.13374900817871094,0.04642730951309204,0.06574877351522446,0.15163113176822662,0.026535751298069954,0.04451174661517143,0.03967101871967316,0.022855952382087708,0.031263623386621475,0.03327573090791702,0.02688801847398281,0.02744513563811779
4,18,3.4103621002286673,1.0274178981781006,0.9853218197822571,1.0556628704071045,1.0406501293182373,0.02184540219604969,0.026734499260783195,0.06144086271524429,0.03770098835229874,0.0973094180226326,0.27049437165260315,0.02362079918384552,0.025418590754270554,0.04021136835217476,0.02486567012965679,0.0553877130150795,0.33188578486442566,0.9209893345832825,0.13757818937301636,0.0465436689555645,0.09443765133619308,0.13217812776565552,0.02973412349820137,0.042540524154901505,0.0361795648932457,0.02381960116326809,0.03279230743646622,0.025245174765586853,0.02420421689748764,0.02539360336959362
4,19,3.194164252281189,1.0275099277496338,0.9847961664199829,1.0554128885269165,1.0409590005874634,0.02566886506974697,0.04676290974020958,0.09931222349405289,0.03093225322663784,0.1319676786661148,0.2659529745578766,0.025742588564753532,0.023546071723103523,0.04251939058303833,0.02646983601152897,0.028984418138861656,0.3939526379108429,0.4253765046596527,0.13556912541389465,0.062026869505643845,0.11933092027902603,0.23861874639987946,0.025830309838056564,0.06038057804107666,0.03564060851931572,0.02188226208090782,0.028314827010035515,0.022302668541669846,0.029966695234179497,0.025376692414283752
4,20,3.0702583391219376,1.0278098583221436,0.9846594333648682,1.0554968118667603,1.0402836799621582,0.022158047184348106,0.05757976695895195,0.07722625136375427,0.032485853880643845,0.12185151129961014,0.3190634846687317,0.024346215650439262,0.019884083420038223,0.0470176599919796,0.025534093379974365,0.030317272990942,0.4464910328388214,0.3235952854156494,0.1388954371213913,0.04913793131709099,0.16382858157157898,0.09366709738969803,0.02710331417620182,0.06380517035722733,0.04037000611424446,0.020907096564769745,0.029070762917399406,0.025075944140553474,0.025178218260407448,0.024018263444304466
4,21,2.888943751901388,1.0277533531188965,0.9845060110092163,1.05550217628479,1.0409393310546875,0.021901417523622513,0.041939690709114075,0.07169162482023239,0.03416774794459343,0.09578480571508408,0.2576208710670471,0.02650138922035694,0.023109070956707,0.022947154939174652,0.023117905482649803,0.024509059265255928,0.2977738678455353,0.42968106269836426,0.11584664136171341,0.061326850205659866,0.17668390274047852,0.08755111694335938,0.025374794378876686,0.06763999909162521,0.03683772683143616,0.023342780768871307,0.02669280767440796,0.02582475356757641,0.024618778377771378,0.02471775747835636
4,22,2.749340909719467,1.0277377367019653,0.9847491979598999,1.0555955171585083,1.0407824516296387,0.01999969594180584,0.08167684078216553,0.08953250199556351,0.032894767820835114,0.06313729286193848,0.2639954686164856,0.022106898948550224,0.022980259731411934,0.02667214721441269,0.02174929343163967,0.030128387734293938,0.2846112549304962,0.2959405779838562,0.12308482080698013,0.07940706610679626,0.09385858476161957,0.10867106169462204,0.027481647208333015,0.07713378220796585,0.03855900838971138,0.024853242561221123,0.026140395551919937,0.023412806913256645,0.023997291922569275,0.025542832911014557
4,23,2.705888230353594,1.027502179145813,0.98491370677948,1.055499792098999,1.0407987833023071,0.023041505366563797,0.0603354312479496,0.10015102475881577,0.031751103699207306,0.043576933443546295,0.2605074942111969,0.025640375912189484,0.024345988407731056,0.033488381654024124,0.023699358105659485,0.025313159450888634,0.2692870497703552,0.2242431938648224,0.13144874572753906,0.07958438992500305,0.09929727762937546,0.14194215834140778,0.030887458473443985,0.09271460026502609,0.03706636279821396,0.022377735003829002,0.027438566088676453,0.027598202228546143,0.02328157238662243,0.025127269327640533
4,24,2.7259422313421964,1.0274856090545654,0.9850783348083496,1.0554754734039307,1.0408563613891602,0.023761510848999023,0.06628715246915817,0.08823753148317337,0.03972215950489044,0.04460705816745758,0.25852298736572266,0.025339599698781967,0.02529829367995262,0.031144319102168083,0.027320759370923042,0.025441721081733704,0.2603747248649597,0.21619127690792084,0.13291913270950317,0.08188329637050629,0.1540658175945282,0.10599536448717117,0.02389851212501526,0.11548929661512375,0.03576457127928734,0.023415561765432358,0.02666315622627735,0.024600133299827576,0.02321855165064335,0.024000586941838264
5,0,60.43802972435951,1.02772057056427,0.9859315156936646,1.0553823709487915,1.0445493459701538,0.8106805086135864,1.1090292930603027,2.2842276096343994,1.323652744293213,3.468904972076416,3.7258450984954834,1.98850417137146,0.9059633612632751,1.444960117340088,1.126837134361267,0.7073522806167603,4.174074172973633,4.486712455749512,5.184789657592773,5.136645793914795,2.226865768432617,0.48698291182518005,1.9297535419464111,2.365048885345459,1.090247631072998,2.6559977531433105,2.2809810638427734,3.5214860439300537,2.568061113357544,2.611708879470825
5,1,11.088766687363385,1.02756929397583,0.9903600811958313,1.0719839334487915,1.033103346824646,0.02915414795279503,1.0604169368743896,0.10887817293405533,0.10394218564033508,0.03739941492676735,0.14144568145275116,0.025048719719052315,0.07496194541454315,0.08642660081386566,0.2537931501865387,0.08079288899898529,0.2742195725440979,0.2545500695705414,0.2170599102973938,3.627558946609497,0.4467507004737854,0.2940777838230133,1.6734991073608398,0.03596307709813118,1.2551822662353516,0.03700415417551994,0.03371428698301315,0.0499531552195549,0.023770200088620186,0.03860028088092804
5,2,10.979944181069731,1.0268856287002563,0.9883832335472107,1.0596524477005005,1.0351582765579224,0.05152685567736626,1.0646945238113403,0.04386630654335022,0.0796971395611763,0.04211069270968437,0.46351557970046997,0.028076209127902985,0.04308905825018883,0.11381575465202332,0.2818984389305115,0.1568029522895813,0.2751355469226837,0.505283534526825,0.46977517008781433,2.438307762145996,1.597091555595398,0.28467991948127747,0.7483981847763062,0.06076357141137123,1.2341822385787964,0.04109226539731026,0.029860395938158035,0.04405391961336136,0.0260294359177351,0.034181252121925354
5,3,11.494624460116029,1.0280743837356567,0.9859691262245178,1.0556855201721191,1.0413615703582764,0.03639598190784454,1.2349320650100708,0.050575267523527145,0.06300387531518936,0.02745945379137993,0.41929319500923157,0.06381428241729736,0.07356426864862442,0.1625356823205948,0.4072543978691101,0.1595887690782547,0.5537217855453491,0.5442203879356384,0.723806619644165,2.7677695751190186,1.5839121341705322,0.053892966359853745,0.5650463700294495,0.05677706003189087,0.9692350029945374,0.023684129118919373,0.027689041569828987,0.04040016978979111,0.030194923281669617,0.033638935536146164
5,4,6.504225966334343,1.0268371105194092,0.9864622950553894,1.0549347400665283,1.0467370748519897,0.024730082601308823,0.041476789861917496,0.06686905771493912,0.035599689930677414,0.05249048396945,0.36055073142051697,0.13983754813671112,0.023601818829774857,0.075743667781353,0.08235543966293335,0.17265506088733673,0.7820240259170532,0.4821687340736389,0.38457852602005005,0.09916593879461288,1.299351692199707,0.06224170699715614,0.07881022989749908,0.09668545424938202,1.1578227281570435,0.026114119216799736,0.030107390135526657,0.04818277806043625,0.02666974626481533,0.03139828145503998
5,5,7.712376157939434,1.027116060256958,0.9903918504714966,1.0554996728897095,1.0441697835922241,0.02478317730128765,0.02971775457262993,0.05577411502599716,0.04354461655020714,0.05468641594052315,0.26972803473472595,0.16514824330806732,0.02336426079273224,0.058700915426015854,0.1126168742775917,0.21535572409629822,1.212524175643921,0.4697461724281311,0.2855733633041382,0.11089112609624863,2.155745029449463,0.050824124366045,0.11435317993164062,0.0752304270863533,1.1920530796051025,0.026466352865099907,0.029821639880537987,0.04073445871472359,0.02487981878221035,0.0466776043176651
5,6,7.525504134967923,1.0269153118133545,0.989358127117157,1.0552963018417358,1.044270634651184,0.023077279329299927,0.09739194810390472,0.07474303245544434,0.03914542496204376,0.027235589921474457,0.19787096977233887,0.13209488987922668,0.024485452100634575,0.06018776819109917,0.0795009508728981,0.03941846638917923,1.4943259954452515,0.26461976766586304,0.3858742117881775,0.14891566336154938,1.5906903743743896,0.0783403068780899,0.11906985938549042,0.3970392942428589,1.2798984050750732,0.025558365508913994,0.029497621580958366,0.03747791424393654,0.029584771022200584,0.0262917373329401
5,7,8.515556640923023,1.0269439220428467,0.9873576760292053,1.056168556213379,1.0458984375,0.02657662332057953,0.05670243874192238,0.09125524759292603,0.047480419278144836,0.039772193878889084,0.188688725233078,0.13075986504554749,0.024515682831406593,0.0361441932618618,0.04110512509942055,0.06471582502126694,1.8524748086929321,0.24483513832092285,0.35043126344680786,0.07529199868440628,2.3577287197113037,0.0785057544708252,0.12780797481536865,0.5095557570457458,1.1950488090515137,0.03881986066699028,0.025508318096399307,0.030763767659664154,0.028896015137434006,0.028898397460579872
5,8,6.406137081980705,1.0270333290100098,0.9890279769897461,1.0566413402557373,1.044365644454956,0.026527108624577522,0.03297395259141922,0.09235649555921555,0.05673510208725929,0.03573685884475708,0.28672847151756287,0.12201516330242157,0.021924883127212524,0.03570626303553581,0.03982742130756378,0.08838120847940445,1.919786810874939,0.38049596548080444,0.12862692773342133,0.05878584831953049,1.4966840744018555,0.06893265247344971,0.055174462497234344,0.4154563248157501,0.06745507568120956,0.03660016879439354,0.027241243049502373,0.034966085106134415,0.025834472849965096,0.027770383283495903
5,9,6.832514419034124,1.0271077156066895,0.9899888038635254,1.0563945770263672,1.0450310707092285,0.02406800538301468,0.03603732958436012,0.07996135950088501,0.0508464016020298,0.04697810485959053,0.2752630114555359,0.12329038977622986,0.036074984818696976,0.037264104932546616,0.05214519426226616,0.08916877210140228,1.897754192352295,0.38274139165878296,0.6409468054771423,0.06040633097290993,1.484251618385315,0.08454480022192001,0.04770330339670181,0.34237581491470337,0.047032859176397324,0.04821983352303505,0.024003174155950546,0.036518510431051254,0.028505103662610054,0.03270858898758888
5,10,6.2317336857318875,1.0271475315093994,0.9883586168289185,1.055464744567871,1.0472164154052734,0.024086320772767067,0.10126092284917831,0.059812795370817184,0.05078813061118126,0.039456237107515335,0.255527526140213,0.11959540098905563,0.04569915682077408,0.029333263635635376,0.10761445015668869,0.10754411667585373,1.387863039970398,0.23702292144298553,0.9592736959457397,0.07216867804527283,1.2643685340881348,0.12360309064388275,0.032830119132995605,0.20352914929389954,0.03876306489109993,0.032937537878751755,0.02411639876663685,0.03242563456296921,0.02581113576889038,0.03266490250825882
5,11,6.540176174789667,1.0270748138427734,0.9878020882606506,1.055740237236023,1.044230580329895,0.023896746337413788,0.11020868271589279,0.04851081594824791,0.050801899284124374,0.036237504333257675,0.24094147980213165,0.1164340004324913,0.03699708357453346,0.0331723727285862,0.130000501871109,0.0976547971367836,1.7275444269180298,0.26599323749542236,0.789357602596283,0.07736517488956451,1.350704550743103,0.09647031873464584,0.032373860478401184,0.2698904871940613,0.043511610478162766,0.03171294927597046,0.02591576986014843,0.02773229591548443,0.022860242053866386,0.030918220058083534
5,12,6.731829097494483,1.02692711353302,0.9874004125595093,1.0554063320159912,1.0444600582122803,0.02393144927918911,0.08775997906923294,0.04627344012260437,0.05309561267495155,0.03690467029809952,0.1961968094110489,0.12157587707042694,0.0373699851334095,0.028895122930407524,0.15988682210445404,0.08021113276481628,1.5825659036636353,0.20421157777309418,1.0709387063980103,0.08738498389720917,1.5422477722167969,0.10576780140399933,0.030656620860099792,0.2459847629070282,0.02924596704542637,0.03615827113389969,0.022474078461527824,0.03204001858830452,0.02459297701716423,0.02261997200548649
5,13,6.203693711385131,1.0270512104034424,0.9880388379096985,1.055545449256897,1.04603910446167,0.02396075427532196,0.053427793085575104,0.062303610146045685,0.043197669088840485,0.026218751445412636,0.26882055401802063,0.11664412170648575,0.044213324785232544,0.03348643332719803,0.1111065074801445,0.10479170083999634,0.5487245321273804,0.2289944887161255,0.7962242364883423,0.08119761198759079,2.1766488552093506,0.04158087074756622,0.034507978707551956,0.33805346488952637,0.08626051247119904,0.057818446308374405,0.02688204124569893,0.026767350733280182,0.024912353605031967,0.023614827543497086
5,14,6.022097172960639,1.0271897315979004,0.9876279234886169,1.0562031269073486,1.0449202060699463,0.02825848199427128,0.07432015240192413,0.051109686493873596,0.05347459390759468,0.03801178187131882,0.2066575586795807,0.0656294971704483,0.0363892987370491,0.03052605874836445,0.12695251405239105,0.0870702862739563,0.6477987170219421,0.19124867022037506,0.9730620384216309,0.10015583783388138,1.8373053073883057,0.04567554593086243,0.03314735367894173,0.3041297495365143,0.09579411894083023,0.06838983297348022,0.021594742313027382,0.028692951425909996,0.028612671419978142,0.024901527911424637
5,15,6.163967077806592,1.0275182723999023,0.987432062625885,1.0556952953338623,1.0446258783340454,0.027667881920933723,0.07213656604290009,0.057581204921007156,0.04077088460326195,0.035940058529376984,0.20974323153495789,0.05167081952095032,0.03732931986451149,0.036147985607385635,0.13833428919315338,0.09711074084043503,0.629955530166626,0.11322325468063354,1.0096633434295654,0.1002981960773468,1.9449267387390137,0.04645930975675583,0.036044035106897354,0.2849430441856384,0.22626523673534393,0.03348103538155556,0.025046048685908318,0.02830631658434868,0.029650498181581497,0.02821720577776432
5,16,7.5801566924899815,1.0276485681533813,0.9865781664848328,1.0555858612060547,1.0446280241012573,0.027310745790600777,0.0887768566608429,0.05377530679106712,0.031057387590408325,0.024019578471779823,0.27895432710647583,0.04967308044433594,0.040202297270298004,0.038554925471544266,0.06024979054927826,0.0745614767074585,0.55174320936203,0.03851022943854332,0.9962649345397949,0.15936051309108734,3.3697547912597656,0.04450562968850136,0.031190400943160057,0.22790460288524628,0.4399474859237671,0.02689339779317379,0.02359887771308422,0.02752644196152687,0.029916493222117424,0.023015787824988365
5,17,6.857136756554246,1.027853012084961,0.986205518245697,1.055557370185852,1.0454782247543335,0.023879338055849075,0.08427239954471588,0.049476440995931625,0.03642313554883003,0.03380107134580612,0.22287563979625702,0.04990583658218384,0.028390808030962944,0.04631100222468376,0.07297642529010773,0.0739765390753746,0.504791796207428,0.05266357585787773,1.0301990509033203,0.1990021914243698,2.7475485801696777,0.045699767768383026,0.029516201466321945,0.27618977427482605,0.30072322487831116,0.02534421905875206,0.024304967373609543,0.024173952639102936,0.02632443979382515,0.025347553193569183
5,18,7.555433018505573,1.0280598402023315,0.9864925742149353,1.0556669235229492,1.0441035032272339,0.024487771093845367,0.09221626818180084,0.037627849727869034,0.0369022898375988,0.031325533986091614,0.28494951128959656,0.04982447996735573,0.027408836409449577,0.04325730726122856,0.052558161318302155,0.0654870793223381,0.4055227041244507,0.060835059732198715,1.2695180177688599,0.19770075380802155,3.279191493988037,0.04387182742357254,0.02427537739276886,0.25363120436668396,0.3175712823867798,0.030932769179344177,0.02486484870314598,0.02577955648303032,0.025391940027475357,0.027436526492238045
5,19,6.635164039954543,1.027951717376709,0.9856317639350891,1.0554392337799072,1.0458614826202393,0.02200305089354515,0.05160362645983696,0.05367131903767586,0.03084585815668106,0.029288839548826218,0.30482783913612366,0.07115175575017929,0.029767511412501335,0.04033692553639412,0.10187354683876038,0.05911540240049362,0.32426366209983826,0.05424244701862335,1.5576438903808594,0.05932460352778435,2.40431547164917,0.02897755056619644,0.023754097521305084,0.3328472375869751,0.10041749477386475,0.029307378455996513,0.022603606805205345,0.02897460013628006,0.024995574727654457,0.026033909991383553
5,20,6.179080238938331,1.0278689861297607,0.9852753281593323,1.0555437803268433,1.0464149713516235,0.02226514369249344,0.0583014041185379,0.06555356085300446,0.039567068219184875,0.030801808461546898,0.42179030179977417,0.07231418043375015,0.02626495435833931,0.03282300382852554,0.14246459305286407,0.06426592916250229,0.2932355999946594,0.08288310468196869,1.364420771598816,0.06815218925476074,2.0495285987854004,0.03395208716392517,0.022708728909492493,0.2192506045103073,0.11390940845012665,0.030158279463648796,0.02382528968155384,0.026362301781773567,0.023956187069416046,0.027304526418447495
6,0,54.31940349340439,1.0271774530410767,0.9925521016120911,1.054734468460083,1.039683222770691,0.8734606504440308,0.6615575551986694,1.678142786026001,1.5990651845932007,1.7271310091018677,2.7149038314819336,1.8516416549682617,0.6575754880905151,1.6458637714385986,0.6325161457061768,0.9223384261131287,3.8481249809265137,4.405797004699707,4.272561073303223,4.607076644897461,2.243878126144409,0.6172284483909607,2.2582545280456543,2.071664571762085,0.8360718488693237,2.052372694015503,1.542959213256836,4.594632625579834,2.625466823577881,2.556288957595825
6,1,7.882639150694013,1.0392004251480103,0.984126627445221,1.0607075691223145,1.0487700700759888,0.023697076365351677,0.698028028011322,0.03156327083706856,0.06491981446743011,0.0384845994412899,0.1016753613948822,0.03899603709578514,0.05115664750337601,0.0562998503446579,0.04900909215211868,0.03717281296849251,0.4944034516811371,0.26703399419784546,0.4892047047615051,2.3223910331726074,0.1145288422703743,0.04982485994696617,1.1113827228546143,0.2065390944480896,0.4286368787288666,0.2113904505968094,0.03732286021113396,0.03745054081082344,0.03604760020971298,0.05891858786344528
6,2,10.680421812087298,1.0400168895721436,0.9886072874069214,1.0567619800567627,1.0482568740844727,0.025949718430638313,0.6702671647071838,0.06100410223007202,0.16071587800979614,0.2153850793838501,0.1272539645433426,0.28213363885879517,0.3086561858654022,0.285058856010437,0.1344670057296753,0.17822863161563873,0.6608215570449829,0.4247734844684601,1.2105344533920288,2.158841371536255,0.14293675124645233,0.12603241205215454,1.3764370679855347,0.43638235330581665,0.508089005947113,0.19727130234241486,0.04340559244155884,0.027978571131825447,0.030702631920576096,0.0603664256632328
6,3,7.005535336956382,1.0334564447402954,0.9872797131538391,1.0545529127120972,1.0483951568603516,0.02349068596959114,0.6463668942451477,0.06201515346765518,0.14000020921230316,0.08693189918994904,0.21802787482738495,0.3796592056751251,0.35355162620544434,0.20882873237133026,0.15261037647724152,0.24679668247699738,1.256967306137085,0.1406186819076538,0.666358470916748,0.10165411233901978,0.22744865715503693,0.16031768918037415,0.025633249431848526,0.10511129349470139,0.6602703332901001,0.14399485290050507,0.058688934892416,0.0345953144133091,0.0274269487708807,0.05343330651521683
6,4,7.427897579222917,1.0279449224472046,0.9872750639915466,1.0545809268951416,1.0463885068893433,0.025111522525548935,0.04356173053383827,0.07655149698257446,0.028437703847885132,0.03663885220885277,0.21012350916862488,0.07114746421575546,0.1318926066160202,0.18488751351833344,0.1054534763097763,0.17789407074451447,0.6625904440879822,0.2229398787021637,1.5293617248535156,0.06201101094484329,2.5344412326812744,0.19831526279449463,0.025736460462212563,0.030322836712002754,0.08539171516895294,0.026190834119915962,0.04434029012918472,0.030454952269792557,0.0282569732517004,0.032606132328510284
6,5,6.411055999994279,1.0272384881973267,0.987372636795044,1.0555078983306885,1.0424246788024902,0.029143374413251877,0.08365343511104584,0.0880904570221901,0.02491377480328083,0.029167547821998596,0.19426803290843964,0.09075959026813507,0.16504144668579102,0.21511831879615784,0.16009952127933502,0.12534818053245544,0.8864959478378296,0.22317007184028625,1.1955015659332275,0.05332287400960922,1.433721661567688,0.2753046452999115,0.022241799160838127,0.029651228338479996,0.10201232135295868,0.036142196506261826,0.03772468492388725,0.02534874528646469,0.032511573284864426,0.02979426458477974
6,6,6.483931489288807,1.0273147821426392,0.985529899597168,1.054987907409668,1.0436826944351196,0.028450829908251762,0.12346014380455017,0.09082427620887756,0.02961135469377041,0.03524935245513916,0.21055103838443756,0.10374864935874939,0.1589846909046173,0.2189050018787384,0.09255224466323853,0.0997794046998024,0.6391691565513611,0.23047301173210144,1.4017300605773926,0.05738198757171631,1.5478570461273193,0.3055694103240967,0.02331153117120266,0.027657967060804367,0.07834380120038986,0.03441401943564415,0.03182325139641762,0.02924383245408535,0.028877723962068558,0.033658646047115326
6,7,7.838729637861252,1.0270310640335083,0.985673189163208,1.0551114082336426,1.0421900749206543,0.025990907102823257,0.17236852645874023,0.07804916054010391,0.030571728944778442,0.0516701266169548,0.2589935064315796,0.08048727363348007,0.17432810366153717,0.19024525582790375,0.08378981798887253,0.07938932627439499,0.9524691104888916,0.22347311675548553,1.9609267711639404,0.04159918799996376,1.5254253149032593,0.25525540113449097,0.02055836096405983,0.05316612869501114,0.6073187589645386,0.03514080122113228,0.027154888957738876,0.028667472302913666,0.024553444236516953,0.03513599932193756
6,8,7.243010261654854,1.0268644094467163,0.984923243522644,1.0551252365112305,1.0414035320281982,0.025975212454795837,0.07064448297023773,0.06137174367904663,0.02782207541167736,0.1609560251235962,0.2702699899673462,0.04077053815126419,0.23210391402244568,0.17360609769821167,0.10971854627132416,0.0826338455080986,1.040588140487671,0.2970905900001526,1.8795284032821655,0.05292760580778122,0.8322691917419434,0.24639037251472473,0.02132178097963333,0.044892773032188416,0.612700343132019,0.02561209164559841,0.029051676392555237,0.030262451618909836,0.02599295973777771,0.026846125721931458
6,9,8.067389705777169,1.0269076824188232,0.9849824905395508,1.0550426244735718,1.03996741771698,0.023775450885295868,0.06837217509746552,0.08188355714082718,0.03521381691098213,0.03317507356405258,0.08783859014511108,0.046068284660577774,0.1844993233680725,0.12500232458114624,0.24660463631153107,0.08327267318964005,1.3809633255004883,0.2546292841434479,2.623335599899292,0.05215073004364967,0.8814400434494019,0.2072688639163971,0.023145027458667755,0.05229870229959488,0.6088383197784424,0.031358398497104645,0.02552822232246399,0.028450816869735718,0.02760922536253929,0.03328719735145569
6,10,8.693284850940108,1.0272886753082275,0.9852839112281799,1.0548616647720337,1.042402744293213,0.023227941244840622,0.14642077684402466,0.06706124544143677,0.026186732575297356,0.053137410432100296,0.15981188416481018,0.04843451827764511,0.1358017921447754,0.09872408956289291,0.14282622933387756,0.048957113176584244,0.9919126629829407,0.36827585101127625,3.0358896255493164,0.06112031266093254,0.9473153352737427,0.11501522362232208,0.02569812722504139,0.033004723489284515,1.1970986127853394,0.030201761052012444,0.027808545157313347,0.024180851876735687,0.027202056720852852,0.03600402921438217
6,11,9.547905353084207,1.0271854400634766,0.9853284358978271,1.0548430681228638,1.0432162284851074,0.0259889904409647,0.1850295215845108,0.02956167608499527,0.03459370508790016,0.05706677585840225,0.16101793944835663,0.04441729187965393,0.1562723070383072,0.11426122486591339,0.15478762984275818,0.04682791605591774,0.7856989502906799,0.3091301918029785,3.236492156982422,0.08096432685852051,0.9198832511901855,0.17422626912593842,0.029536345973610878,0.034714825451374054,1.972231149673462,0.057724159210920334,0.026999013498425484,0.02584894932806492,0.023531822487711906,0.038984328508377075
7,0,53.510093855857846,1.02772057056427,0.9859315156936646,1.0553823709487915,1.0445493459701538,0.9081097841262817,1.1753841638565063,1.3300296068191528,1.2491706609725952,1.7952345609664917,3.3803200721740723,1.4801950454711914,0.7784145474433899,1.52366304397583,1.6942152976989746,1.1934459209442139,3.552140951156616,3.5585548877716064,5.622289657592773,4.490167140960693,1.0626063346862793,0.7319452166557312,2.2417690753936768,1.7446625232696533,0.9923269748687744,2.661787509918213,2.0369374752044678,3.652740240097046,1.7367870807647705,2.0944793224334717
7,1,11.597660383954643,1.0357089042663574,0.9881150126457214,1.0545501708984375,1.0329910516738892,0.02733597904443741,1.2519123554229736,0.05296120047569275,0.022200027480721474,0.8641253709793091,0.12003199756145477,0.03589450195431709,0.11997441947460175,0.038112346082925797,0.040771614760160446,0.04313204810023308,0.5469458699226379,0.4090990722179413,0.556553840637207,4.494058609008789,0.5214614272117615,0.08136942982673645,0.6814887523651123,0.5119191408157349,0.09272291511297226,0.1185191199183464,0.03704141452908516,0.04857686907052994,0.026174597442150116,0.033004436641931534
7,2,7.392771429196,1.0272475481033325,0.9841194748878479,1.0591248273849487,1.034041404724121,0.022154495120048523,1.2572025060653687,0.07499700784683228,0.1018548458814621,0.07974061369895935,0.4349084496498108,0.07597906142473221,0.11256028711795807,0.055403970181941986,0.4152979850769043,0.03054228238761425,0.26668277382850647,1.1596928834915161,0.4415814280509949,0.04181215539574623,0.5035738348960876,0.1657014787197113,0.033115651458501816,1.0589007139205933,0.07304396480321884,0.03969551995396614,0.029534580186009407,0.03230281174182892,0.02858051098883152,0.03700496628880501
7,3,9.588707841187716,1.027774691581726,0.9838372468948364,1.0560647249221802,1.0334980487823486,0.022624420002102852,0.054770104587078094,0.04637078195810318,0.10330896079540253,0.09682394564151764,0.9927222728729248,0.03422150760889053,0.13911475241184235,0.027575276792049408,0.644320011138916,0.03931520879268646,0.20129837095737457,3.329085350036621,0.5252075791358948,0.037627920508384705,0.7944959998130798,0.14923520386219025,0.03303530439734459,1.1336803436279297,0.19286653399467468,0.03255370259284973,0.028493797406554222,0.04155417159199715,0.032413460314273834,0.035757917910814285
7,4,10.732932750508189,1.0267994403839111,0.9893991947174072,1.0574061870574951,1.037393569946289,0.02289450913667679,0.07381566613912582,0.046407558023929596,0.12847401201725006,0.054771848022937775,1.2943657636642456,0.028814436867833138,0.10520482063293457,0.02981664054095745,0.6576802134513855,0.057381752878427505,0.375722736120224,4.307919025421143,0.28726473450660706,0.05442709103226662,1.2140512466430664,0.1216847375035286,0.03253742307424545,0.6603283882141113,0.19170399010181427,0.02796942926943302,0.03379179909825325,0.03344714641571045,0.031031690537929535,0.039226412773132324
7,5,9.145722260326147,1.0268396139144897,0.9886721968650818,1.0590472221374512,1.0362330675125122,0.02232874371111393,0.17053133249282837,0.048904117196798325,0.12314686179161072,0.06355486810207367,1.115291953086853,0.041423339396715164,0.09445208311080933,0.04185362905263901,0.7783223390579224,0.05970034375786781,0.21544474363327026,3.1491427421569824,0.3264334499835968,0.053481705486774445,0.6999120116233826,0.0961514487862587,0.031527627259492874,0.8177606463432312,0.2172955572605133,0.034049954265356064,0.02859526313841343,0.0342099703848362,0.027371782809495926,0.03267732635140419
7,6,8.919738464429974,1.0268079042434692,0.9896749258041382,1.0573499202728271,1.0380829572677612,0.025516953319311142,0.2027720808982849,0.03655843436717987,0.042994193732738495,0.06762247532606125,1.0102382898330688,0.02603009343147278,0.05180268734693527,0.046594277024269104,0.7037206292152405,0.05983439460396767,0.22442024946212769,3.5538876056671143,0.6955054998397827,0.04930973798036575,0.7793406248092651,0.09687250107526779,0.03373853862285614,0.03720966354012489,0.20085076987743378,0.025722062215209007,0.03640291467308998,0.025970453396439552,0.028758948668837547,0.03568124398589134
7,7,9.69154793508351,1.0270161628723145,0.987776517868042,1.056348443031311,1.0364470481872559,0.020335452631115913,0.21216845512390137,0.04069718345999718,0.040791552513837814,0.03397021070122719,1.1445164680480957,0.02552947774529457,0.035775646567344666,0.03953578695654869,0.7199351787567139,0.08015301823616028,0.17052558064460754,3.765393018722534,0.9350882768630981,0.04820773005485535,1.0256205797195435,0.04771905392408371,0.021221889182925224,0.11448845267295837,0.18844974040985107,0.03447115048766136,0.03920784592628479,0.02834744192659855,0.023786723613739014,0.03409438580274582
7,8,8.9440554369241,1.0275579690933228,0.9867293834686279,1.0568606853485107,1.036450982093811,0.020383253693580627,0.26571568846702576,0.030363818630576134,0.03787216171622276,0.04492180421948433,1.1761722564697266,0.028705811128020287,0.04208992421627045,0.04714687168598175,0.7689942121505737,0.05646642670035362,0.18492422997951508,2.8678226470947266,1.1465444564819336,0.05370436608791351,0.7929416298866272,0.042400605976581573,0.022685939446091652,0.21305565536022186,0.12105334550142288,0.036343254148960114,0.03847987577319145,0.027141164988279343,0.023998353630304337,0.03260787948966026
8,0,55.319661039113996,1.02772057056427,0.9859315156936646,1.0553823709487915,1.0445493459701538,0.729672372341156,0.397626668214798,1.742270588874817,0.8738084435462952,2.286102056503296,3.5203189849853516,1.0944470167160034,0.9036275744438171,1.422865390777588,1.0538644790649414,1.1576241254806519,4.017998218536377,4.006673812866211,5.379876136779785,4.003268718719482,1.646079421043396,0.8885384798049927,2.2496001720428467,2.7433218955993652,0.8415780067443848,2.9182958602905273,1.671504020690918,2.9383842945098877,3.388272523880005,2.6213250160217285
8,1,7.983455080166459,1.0273611545562744,0.9975489377975464,1.0560518503189087,1.035731315612793,0.023179125040769577,0.38230371475219727,0.05080524459481239,0.02689889445900917,0.09958299994468689,0.07757928222417831,0.031705260276794434,0.04540753737092018,0.15931594371795654,0.07071679830551147,0.19258113205432892,0.23777054250240326,0.13828647136688232,0.4457792639732361,2.368925094604492,0.7569302916526794,0.04134093597531319,1.3160014152526855,0.3120807111263275,0.17009620368480682,0.054175056517124176,0.03448165953159332,0.05348009988665581,0.026699142530560493,0.04399360716342926
8,2,8.6241539247334,1.0273008346557617,1.0009571313858032,1.0550907850265503,1.0357364416122437,0.025670411065220833,0.10580852627754211,0.05219598859548569,0.027311699464917183,0.0977427288889885,0.05266248807311058,0.03284202143549919,0.04414498805999756,0.1093844622373581,0.09718159586191177,0.3239930272102356,0.3074589669704437,0.2707946300506592,0.7829541563987732,1.8328752517700195,1.3760671615600586,0.06895725429058075,1.4480664730072021,0.2668813169002533,0.20321699976921082,0.13136795163154602,0.03467239439487457,0.04250958561897278,0.024001121520996094,0.041575685143470764
8,3,5.1404781773686405,1.0271486043930054,0.9905531406402588,1.0545620918273926,1.0430409908294678,0.02394094690680504,0.12389989197254181,0.056193940341472626,0.03917594626545906,0.10129404813051224,0.1316375434398651,0.028607983142137527,0.047607965767383575,0.10995940864086151,0.024610526859760284,0.08525467664003372,0.20935679972171783,0.6904969215393066,0.6937208771705627,0.074862539768219,1.0287610292434692,0.05679069831967354,0.026185831055045128,0.25954288244247437,0.1967954933643341,0.16047261655330658,0.02765836752951145,0.05516471713781357,0.025649555027484894,0.03977600485086441
8,4,5.179170610755682,1.031624674797058,0.9855029582977295,1.0545785427093506,1.0468268394470215,0.04070326313376427,0.1624506264925003,0.05017354339361191,0.03709397464990616,0.07910700887441635,0.2133023738861084,0.0352882519364357,0.042937204241752625,0.04923263564705849,0.034588806331157684,0.12231922149658203,0.7213709950447083,1.0361542701721191,0.3130809962749481,0.05311037227511406,0.6749675273895264,0.04476088285446167,0.02521984651684761,0.20506997406482697,0.17336291074752808,0.07585330307483673,0.03287503123283386,0.030846310779452324,0.026928840205073357,0.07466583698987961
8,5,4.933611010760069,1.032967448234558,0.9865490198135376,1.0550132989883423,1.04957115650177,0.035246748477220535,0.025490593165159225,0.05267786234617233,0.04547179862856865,0.0723162591457367,0.19750931859016418,0.0327172689139843,0.04747815802693367,0.05968937277793884,0.02564498595893383,0.07977373152971268,1.221327304840088,0.5492337942123413,0.4430948793888092,0.05702752619981766,0.6802768111228943,0.023771196603775024,0.022423220798373222,0.12100692093372345,0.08958624303340912,0.0682680532336235,0.035441335290670395,0.028235232457518578,0.026937680318951607,0.0681445300579071
8,6,5.599730906635523,1.033105731010437,0.986674427986145,1.0549269914627075,1.0489336252212524,0.036345165222883224,0.027839431539177895,0.04137718677520752,0.1860814243555069,0.17214429378509521,0.2650723457336426,0.022839391604065895,0.028662988916039467,0.0519428588449955,0.09414549916982651,0.07802719622850418,1.6879585981369019,0.6555262804031372,0.3210611939430237,0.060301002115011215,0.5043379664421082,0.02302292175590992,0.024790067225694656,0.07086129486560822,0.1900898963212967,0.09537772834300995,0.03902867063879967,0.02920909970998764,0.028156258165836334,0.04080399125814438
8,7,8.0448969848454,1.0312769412994385,0.9891444444656372,1.0561224222183228,1.04523766040802,0.030970528721809387,0.06899262219667435,0.03552323579788208,0.19877532124519348,0.18525761365890503,0.7889031767845154,0.023613525554537773,0.026693109422922134,0.04644927382469177,0.16855505108833313,0.03607962280511856,2.7417469024658203,0.5386475920677185,0.6876166462898254,0.05275088548660278,0.5012222528457642,0.2690030038356781,0.024763016030192375,0.24135075509548187,0.2583676874637604,0.17386217415332794,0.03259846940636635,0.028324758633971214,0.02683272771537304,0.03364073857665062
8,8,6.67380262427032,1.0312427282333374,0.9867213368415833,1.0564391613006592,1.0417165756225586,0.035955410450696945,0.09926143288612366,0.04298603534698486,0.18747664988040924,0.1877662092447281,0.7087600231170654,0.02674194797873497,0.027342509478330612,0.046704187989234924,0.2586453855037689,0.034253962337970734,1.2931030988693237,0.6243962645530701,0.5983177423477173,0.03753497824072838,0.5422947406768799,0.33996886014938354,0.02308298461139202,0.22889864444732666,0.1908012181520462,0.2032526433467865,0.028411779552698135,0.026419086381793022,0.026198236271739006,0.03200463205575943
8,9,5.195849376916885,1.0310192108154297,0.9866555333137512,1.0561485290527344,1.0426981449127197,0.03107077069580555,0.07788818329572678,0.03418716788291931,0.029951296746730804,0.17865751683712006,0.7833855748176575,0.021856358274817467,0.029457135125994682,0.036962058395147324,0.2354382574558258,0.03273434564471245,1.052782416343689,0.6463350653648376,0.32085293531417847,0.036405086517333984,0.17822447419166565,0.07046841084957123,0.02342386171221733,0.193497896194458,0.20502062141895294,0.024025985971093178,0.036671508103609085,0.028676800429821014,0.026071403175592422,0.03849996253848076
8,10,4.958445375040173,1.0335246324539185,0.9874393343925476,1.0560541152954102,1.0421664714813232,0.03382088243961334,0.09969852864742279,0.03041025623679161,0.03522505983710289,0.07342319935560226,0.6647782921791077,0.024617426097393036,0.02322264201939106,0.04241487756371498,0.1421729177236557,0.02811664342880249,0.9834679961204529,0.7230585813522339,0.33337244391441345,0.03957225754857063,0.05435437336564064,0.08403816819190979,0.023937411606311798,0.35558149218559265,0.1711021214723587,0.0378197506070137,0.036986347287893295,0.026991501450538635,0.025914546102285385,0.04051074758172035
8,11,4.84876629114151,1.0318691730499268,0.9878520369529724,1.0551669597625732,1.0416492223739624,0.026240274310112,0.13794595003128052,0.03444813936948776,0.029177604243159294,0.0960015133023262,0.4900546371936798,0.021176129579544067,0.0237631443887949,0.04597054049372673,0.1429377794265747,0.031714700162410736,1.1686030626296997,0.7858688831329346,0.19796480238437653,0.0443788580596447,0.041852254420518875,0.08385822921991348,0.023054184392094612,0.23824533820152283,0.20771266520023346,0.041752319782972336,0.028022781014442444,0.0239067655056715,0.024144340306520462,0.03666391596198082
8,12,4.889405865222216,1.0311142206192017,0.9881764054298401,1.0550509691238403,1.0409505367279053,0.031061818823218346,0.12495831400156021,0.03089807741343975,0.031190741807222366,0.09630129486322403,0.607964038848877,0.02493206597864628,0.022769944742321968,0.0530557706952095,0.14203530550003052,0.02389272302389145,0.8719572424888611,0.9456773996353149,0.2632070481777191,0.041183579713106155,0.04913958162069321,0.11754277348518372,0.02203117497265339,0.21134786307811737,0.2007438987493515,0.04185182601213455,0.03013327717781067,0.02749967947602272,0.020350134000182152,0.034621864557266235
8,13,5.044564612209797,1.0308589935302734,0.9883599877357483,1.0554044246673584,1.0424044132232666,0.03171805292367935,0.0889352560043335,0.029729750007390976,0.029611272737383842,0.1263589709997177,0.43460613489151,0.025029806420207024,0.026745112612843513,0.048809558153152466,0.3774903416633606,0.028470974415540695,1.0393955707550049,0.6648716926574707,0.26405584812164307,0.03852680325508118,0.04130903258919716,0.11198174953460693,0.02211921289563179,0.2939152121543884,0.3454175889492035,0.040702588856220245,0.029233524575829506,0.028480032458901405,0.02371545135974884,0.02992950938642025
8,14,4.926039382815361,1.0306974649429321,0.9877111911773682,1.0554307699203491,1.0437787771224976,0.0329718180000782,0.0890299379825592,0.028190238401293755,0.029575053602457047,0.10406044125556946,0.35805657505989075,0.024584932252764702,0.025030583143234253,0.03930658847093582,0.18004761636257172,0.022344402968883514,1.1470082998275757,0.7407469153404236,0.3006773889064789,0.040910620242357254,0.03957793116569519,0.09346955269575119,0.02038799785077572,0.2349158376455307,0.392974317073822,0.050186362117528915,0.03064129874110222,0.025416553020477295,0.021426290273666382,0.030978189781308174
8,15,4.912875197082758,1.0303858518600464,0.9875662922859192,1.0554687976837158,1.044407606124878,0.027228545397520065,0.09450267255306244,0.028099162504076958,0.023980483412742615,0.20340017974376678,0.4858512580394745,0.02353711612522602,0.024012502282857895,0.023799819871783257,0.1774754375219345,0.026683107018470764,0.7931718826293945,0.5552471280097961,0.3005445897579193,0.06125009059906006,0.14472956955432892,0.09072110801935196,0.021103492006659508,0.5990822315216064,0.23827065527439117,0.03564657270908356,0.02974715083837509,0.02631795033812523,0.020520687103271484,0.03438609465956688
8,16,5.693766705319286,1.0310417413711548,0.987579345703125,1.0554076433181763,1.0438250303268433,0.026877380907535553,0.10454295575618744,0.032724086195230484,0.024714317172765732,0.18455249071121216,0.4816153049468994,0.0189495999366045,0.02485252544283867,0.027570407837629318,0.1653076410293579,0.02769502066075802,1.0841835737228394,0.9325799345970154,0.3254373073577881,0.05825619772076607,0.19862671196460724,0.04317503049969673,0.02292582020163536,0.7221876382827759,0.2197772115468979,0.03765261918306351,0.024748781695961952,0.02841758541762829,0.024488048627972603,0.028337761759757996
8,17,5.93558818474412,1.0308376550674438,0.9883472323417664,1.0553125143051147,1.0443781614303589,0.033894892781972885,0.0789935290813446,0.0362221822142601,0.02158605307340622,0.20188353955745697,0.4943597614765167,0.019346872344613075,0.023702839389443398,0.027630748227238655,0.16937759518623352,0.026295596733689308,1.0885899066925049,1.0126301050186157,0.26946425437927246,0.06892965734004974,0.19725888967514038,0.046750303357839584,0.023741642013192177,0.8515244722366333,0.26926079392433167,0.0391814298927784,0.02342819795012474,0.025769220665097237,0.025613993406295776,0.03637659549713135
9,0,60.5391420006752,1.0350728034973145,0.9850505590438843,1.0563403367996216,1.0489063262939453,0.9005363583564758,0.630623459815979,1.8287701606750488,2.0349252223968506,2.0745081901550293,3.0470917224884033,2.278266191482544,1.1877460479736328,2.180800437927246,0.8275392055511475,0.7813249230384827,4.144621849060059,4.457115650177002,5.718537330627441,3.875037908554077,2.379823684692383,0.29613786935806274,2.202284336090088,2.461277723312378,1.2934660911560059,3.071276903152466,2.126365900039673,3.7934603691101074,3.4047231674194336,2.7178072929382324
9,1,9.123957362771034,1.0268830060958862,0.9955275654792786,1.0699231624603271,1.0693323612213135,0.030127020552754402,0.6376523971557617,0.04763203114271164,0.03940821439027786,0.04442407190799713,0.19769532978534698,0.039993736892938614,0.08096081763505936,0.059083230793476105,0.14195726811885834,0.06925252825021744,0.5074811577796936,0.151855930685997,0.6297808885574341,3.061422109603882,0.13084439933300018,0.0729047879576683,1.6705985069274902,0.2230452001094818,0.2597324252128601,0.047405604273080826,0.04331309720873833,0.04176679626107216,0.019513597711920738,0.043772995471954346
9,2,8.447758144140243,1.0267693996429443,0.9917376637458801,1.078147053718567,1.0517059564590454,0.0218794122338295,0.12712693214416504,0.0629795715212822,0.027764633297920227,0.2100526988506317,0.11721745133399963,0.03160310164093971,0.05987558513879776,0.04163169488310814,0.46672165393829346,0.037951935082674026,0.5337010622024536,0.2928236126899719,1.7884634733200073,1.7794357538223267,0.17477241158485413,0.07301998138427734,0.6831160187721252,0.3161003887653351,0.5604574680328369,0.02350444346666336,0.0414288192987442,0.047681912779808044,0.025909241288900375,0.07286687195301056
9,3,10.480949437618255,1.0267913341522217,0.9965341091156006,1.072393774986267,1.0549818277359009,0.021906159818172455,0.5983120799064636,0.12131168693304062,0.02996092103421688,0.4664810299873352,0.2302011400461197,0.06267514079809189,0.03932201489806175,0.09305977821350098,0.7621666193008423,0.028396110981702805,0.5310239791870117,0.4614673852920532,3.818666934967041,0.09271014481782913,0.27060404419898987,0.3988036811351776,0.032020341604948044,0.39909783005714417,1.0045502185821533,0.03194475919008255,0.033425044268369675,0.040638335049152374,0.026407727971673012,0.05565612018108368
9,4,20.096951966360212,1.0267839431762695,0.9904525876045227,1.0640302896499634,1.0551857948303223,0.026025425642728806,0.14416973292827606,0.05812440440058708,0.0736587643623352,0.5411080718040466,0.3154670000076294,0.025946250185370445,0.04636102169752121,0.09475595504045486,0.23785972595214844,0.027899963781237602,0.37029996514320374,7.449298858642578,6.592865943908691,0.08509199321269989,1.0264841318130493,0.6675724387168884,0.03140760585665703,0.3097929060459137,0.9820462465286255,0.025104191154241562,0.028600219637155533,0.029695196077227592,0.020768865942955017,0.05925656482577324
9,5,21.031212516129017,1.0267612934112549,0.9902759790420532,1.0619820356369019,1.0567163228988647,0.022078026086091995,0.20619182288646698,0.04641594737768173,0.036685965955257416,0.46033093333244324,0.34557637572288513,0.027605192735791206,0.04470045864582062,0.02936466410756111,0.3312268853187561,0.024840673431754112,0.4623958468437195,10.684123039245605,3.6877591609954834,0.08787857741117477,0.9581475257873535,0.6424067616462708,0.03427871689200401,0.43383461236953735,1.452484130859375,0.025558985769748688,0.033303458243608475,0.03064916282892227,0.024798892438411713,0.07142957299947739
9,6,19.721340711042284,1.0271040201187134,0.9871334433555603,1.06062912940979,1.0478848218917847,0.021937131881713867,0.2858588397502899,0.054605018347501755,0.04698577895760536,0.5239660739898682,0.43886280059814453,0.029999766498804092,0.05430816113948822,0.039418186992406845,0.45085394382476807,0.027268413454294205,0.475890189409256,8.232916831970215,3.6751253604888916,0.05509928613901138,1.2616918087005615,0.6602762341499329,0.02379068173468113,0.4683813452720642,1.9053196907043457,0.026745101436972618,0.02923378348350525,0.030722586438059807,0.022629253566265106,0.054904159158468246
9,7,19.324916062876582,1.0274972915649414,0.9884804487228394,1.0602550506591797,1.0488842725753784,0.026798134669661522,0.12468773871660233,0.07799015194177628,0.033718042075634,0.4141804873943329,0.46464473009109497,0.03660806640982628,0.048873282968997955,0.03055238351225853,0.9482996463775635,0.05874704569578171,0.6688672304153442,8.337242126464844,3.529435157775879,0.03455755114555359,0.7726944088935852,0.25423333048820496,0.022071300074458122,0.2459142655134201,2.218036651611328,0.02321559004485607,0.03333994001150131,0.03473445773124695,0.02238459885120392,0.038066331297159195
9,8,19.18182449042797,1.0278310775756836,0.9876119494438171,1.0601948499679565,1.0489752292633057,0.025641925632953644,0.06348653137683868,0.06687848269939423,0.03610745072364807,0.3919842839241028,0.5323746800422668,0.07027126848697662,0.040929246693849564,0.03308740258216858,1.0260522365570068,0.06841526925563812,0.4859291911125183,7.294547080993652,4.282207012176514,0.02812718041241169,1.173563003540039,0.2926004230976105,0.02272375486791134,0.1632314920425415,2.0608510971069336,0.08064043521881104,0.029553579166531563,0.028904350474476814,0.02020394057035446,0.03859055042266846
10,0,56.43789281249046,1.02772057056427,0.9859315156936646,1.0553823709487915,1.0445493459701538,0.4898509681224823,0.5612596273422241,2.7504677772521973,1.615965485572815,1.8595942258834839,3.155768871307373,1.171995759010315,1.0562139749526978,1.904717206954956,1.2060236930847168,1.3578734397888184,3.963900327682495,4.072054386138916,4.435471534729004,4.305591106414795,1.4390124082565308,0.6552785038948059,2.2507834434509277,3.0088350772857666,0.854154646396637,3.0991883277893066,1.920090913772583,3.57336688041687,2.439014434814453,2.468703031539917
10,1,9.557857098057866,1.0393238067626953,0.9883279204368591,1.057990312576294,1.0450209379196167,0.04366486147046089,0.5657979846000671,0.08009667694568634,0.02333170175552368,0.1754930019378662,0.08020532876253128,0.03064042516052723,0.042023640125989914,0.04355459660291672,0.14599968492984772,0.11326818913221359,0.5338245630264282,0.0746597945690155,0.2590556740760803,2.6637215614318848,0.7776823043823242,0.09747592359781265,1.7133415937423706,0.831410825252533,0.17312750220298767,0.11356503516435623,0.032980285584926605,0.03422147035598755,0.04357276111841202,0.03900911659002304
10,2,6.913417904824018,1.03178071975708,0.990068256855011,1.0548057556152344,1.03566575050354,0.03651992231607437,0.5412487983703613,0.07322683930397034,0.02480532042682171,0.048638083040714264,0.1140492781996727,0.05040818080306053,0.05093257874250412,0.04708879813551903,0.054537903517484665,0.17646625638008118,2.5831284523010254,0.11787370592355728,0.39774590730667114,0.08492912352085114,1.0796289443969727,0.19165778160095215,0.027634983882308006,0.12686198949813843,0.027955133467912674,0.07103435695171356,0.03210993483662605,0.02982073649764061,0.061735764145851135,0.04091503471136093
10,3,8.506184816360474,1.0281999111175537,0.9894282221794128,1.056923508644104,1.040505051612854,0.02909730188548565,0.5354955792427063,0.04062424600124359,0.03832010552287102,0.1589340716600418,0.1734897792339325,0.06883963197469711,0.024560661986470222,0.04347306117415428,0.5702980160713196,0.12900087237358093,2.253943681716919,0.4838714897632599,0.49837443232536316,0.04205215722322464,1.4584691524505615,0.3823908269405365,0.024599602445960045,0.400128573179245,0.045743539929389954,0.1394071727991104,0.029355140402913094,0.02856031060218811,0.0403301939368248,0.04381387680768967
10,4,10.522287465631962,1.0271939039230347,0.9887922406196594,1.0561507940292358,1.038597822189331,0.02753487229347229,0.03435003384947777,0.04690412059426308,0.046303682029247284,0.06817558407783508,0.05711265653371811,0.030228806659579277,0.02844552882015705,0.037403520196676254,1.1170504093170166,0.048683393746614456,2.3069472312927246,0.9235061407089233,0.5959665179252625,0.05164768546819687,3.3063323497772217,0.19293102622032166,0.024936437606811523,0.02983287163078785,0.4102031886577606,0.18982313573360443,0.03132152184844017,0.028521299362182617,0.03519653156399727,0.03078196756541729
10,5,10.047998002916575,1.0269438028335571,0.9894038438796997,1.0565800666809082,1.0416884422302246,0.026233717799186707,0.05133739486336708,0.05456383898854256,0.05735339596867561,0.06393503397703171,0.06560327857732773,0.028081241995096207,0.028751103207468987,0.03368515893816948,1.0079095363616943,0.043799497187137604,2.0489776134490967,1.1543633937835693,0.4472750127315521,0.06515776365995407,2.954641819000244,0.1279641091823578,0.024996628984808922,0.023378154262900352,0.43064698576927185,0.36681413650512695,0.029437696561217308,0.027530062943696976,0.027318157255649567,0.035320039838552475
10,6,10.390875159204006,1.0268080234527588,0.9884142875671387,1.0566484928131104,1.041766881942749,0.02465817891061306,0.07321280986070633,0.0712549090385437,0.053318269550800323,0.03549612686038017,0.09379270672798157,0.02853451669216156,0.025743970647454262,0.03189566358923912,1.0601069927215576,0.05089323967695236,1.692970633506775,1.1944782733917236,0.359379380941391,0.07892114669084549,3.4814693927764893,0.15238948166370392,0.023255720734596252,0.03194202110171318,0.5240916013717651,0.3657973110675812,0.02872287854552269,0.025846334174275398,0.02727327309548855,0.03270278871059418
10,7,10.4957042850554,1.0273371934890747,0.9873493909835815,1.0563359260559082,1.043705701828003,0.02737862430512905,0.04513134807348251,0.071288101375103,0.06298787146806717,0.02889261208474636,0.10262157768011093,0.03640001267194748,0.025270896032452583,0.03974843770265579,0.2513912320137024,0.04099813476204872,1.154159665107727,1.8031612634658813,0.32006335258483887,0.10293535143136978,4.063694477081299,0.1286836862564087,0.02448049932718277,0.06239736080169678,0.7284455299377441,0.42564788460731506,0.03279019519686699,0.034702178090810776,0.030733799561858177,0.028754550963640213
10,8,11.612848753109574,1.028153657913208,0.9871297478675842,1.0568314790725708,1.0477179288864136,0.024552948772907257,0.04842346906661987,0.07571028172969818,0.06392571330070496,0.02677173912525177,0.0655786395072937,0.037288762629032135,0.02685536816716194,0.03145919740200043,0.5509559512138367,0.05952843278646469,1.3489105701446533,1.7212493419647217,0.26343220472335815,0.07944828271865845,4.872716903686523,0.08816857635974884,0.02153625898063183,0.12024683505296707,0.6595110297203064,0.47894105315208435,0.03376521170139313,0.034150052815675735,0.028293296694755554,0.02746206894516945
11,0,56.19656752347946,1.02772057056427,0.9859315156936646,1.0553823709487915,1.0445493459701538,0.941161036491394,0.7553074359893799,1.9472019672393799,0.9338928461074829,1.4233590364456177,3.449465751647949,1.9372637271881104,1.0825120210647583,1.9250682592391968,1.8443682193756104,1.17673921585083,4.315168857574463,4.360466003417969,3.9955849647521973,4.627434730529785,2.2194087505340576,0.7624645233154297,1.966642141342163,2.1698057651519775,0.9604433178901672,1.8486379384994507,1.5052942037582397,3.489811658859253,3.1677818298339844,2.5685665607452393
11,1,11.23580581098795,1.0277260541915894,0.9845476150512695,1.0787975788116455,1.0351271629333496,0.03226632624864578,0.6406590342521667,0.10768915712833405,0.22795183956623077,0.2354511022567749,0.3495614528656006,0.0288549792021513,0.029038554057478905,0.04454418644309044,0.2500450909137726,0.1308320015668869,0.19180239737033844,0.1900015026330948,0.5099208950996399,3.2223494052886963,0.9489364624023438,0.06348495930433273,1.2543489933013916,1.5757935047149658,0.03164436295628548,0.15465307235717773,0.07447514683008194,0.047067154198884964,0.022511489689350128,0.04668305814266205
11,2,9.045256119221449,1.0301909446716309,0.9839456081390381,1.0673730373382568,1.0340814590454102,0.030208103358745575,0.37026453018188477,0.16627052426338196,0.25991180539131165,0.14016270637512207,0.4470803737640381,0.030740760266780853,0.043819792568683624,0.0895407423377037,0.2585849463939667,0.06858627498149872,0.15277619659900665,0.1301635205745697,0.7066259980201721,0.09270787239074707,2.534320592880249,0.0959867537021637,0.03890369459986687,2.1767868995666504,0.023261558264493942,0.15497682988643646,0.07760143280029297,0.05915277451276779,0.022620651870965958,0.05108257383108139
11,3,7.986360409483313,1.028096318244934,0.9847093820571899,1.0640751123428345,1.0350781679153442,0.051224444061517715,1.6816517114639282,0.06973083317279816,0.19710858166217804,0.0575576089322567,0.6320897936820984,0.027961472049355507,0.023761283606290817,0.05807729437947273,0.3183577358722687,0.14302292466163635,0.1981727033853531,0.28724801540374756,0.4130355715751648,0.09186629205942154,1.8837862014770508,0.13824178278446198,0.09392508864402771,0.4444390833377838,0.0328560397028923,0.10539984703063965,0.08479851484298706,0.04923596605658531,0.02599332109093666,0.05442650243639946
11,4,11.530082348361612,1.0268539190292358,0.9844445586204529,1.057586908340454,1.044331431388855,0.04738414287567139,2.887939691543579,0.0504012368619442,0.23223905265331268,0.11079757660627365,0.6525014042854309,0.0334944948554039,0.0285476241260767,0.067262664437294,0.38633692264556885,0.09166688472032547,0.7240668535232544,0.3961699903011322,0.6590051054954529,0.03698836266994476,2.5705056190490723,0.12899117171764374,0.11214278638362885,0.40065377950668335,0.7364186644554138,0.2229154258966446,0.03529927134513855,0.030306164175271988,0.022500060498714447,0.04290403425693512
11,5,12.790776834264397,1.027821660041809,0.9839860796928406,1.0574162006378174,1.0452866554260254,0.053467001765966415,3.9637932777404785,0.04962964355945587,0.5000079274177551,0.14255358278751373,0.7490248084068298,0.026637190952897072,0.025221997871994972,0.04947056248784065,0.34660568833351135,0.08418671786785126,0.5991537570953369,0.41363000869750977,0.4743961691856384,0.02491818182170391,2.416755437850952,0.1096535325050354,0.022199206054210663,0.2954474985599518,1.1133390665054321,0.3961080014705658,0.033140167593955994,0.02508554793894291,0.022046217694878578,0.031403522938489914
11,6,13.994105833023786,1.02743399143219,0.9840688109397888,1.0567843914031982,1.0444650650024414,0.03741470351815224,4.388338088989258,0.04283270612359047,0.4215395152568817,0.15901681780815125,0.9316602945327759,0.026321057230234146,0.039712533354759216,0.051958780735731125,0.3145221173763275,0.0932459607720375,0.5946261882781982,0.5073645710945129,0.7499449253082275,0.025139369070529938,2.210674285888672,0.099184550344944,0.022729353979229927,0.2895514965057373,2.0225064754486084,0.026586472988128662,0.03638549894094467,0.03130465745925903,0.02406049147248268,0.024934468790888786
11,7,18.561658469587563,1.0267624855041504,0.9851676225662231,1.0559817552566528,1.0448284149169922,0.029453422874212265,5.660559177398682,0.035412706434726715,0.5158884525299072,0.17027068138122559,1.2907302379608154,0.02356070652604103,0.02482510544359684,0.06058682128787041,0.22218210995197296,0.09830427914857864,1.289575219154358,1.0933210849761963,1.2197630405426025,0.02782559022307396,2.988823175430298,0.07140370458364487,0.021378323435783386,0.3674594759941101,2.3705954551696777,0.028895333409309387,0.0337982140481472,0.04162871465086937,0.021475696936249733,0.031393684446811676
11,8,18.314833058416845,1.0268115997314453,0.9857244491577148,1.0556963682174683,1.0441398620605469,0.027600204572081566,7.014660358428955,0.03287414088845253,0.07992678880691528,0.20576955378055573,1.433765172958374,0.023699451237916946,0.02457534708082676,0.06712854653596878,0.33464303612709045,0.0455920472741127,1.4544312953948975,0.9038186073303223,1.0110204219818115,0.030093254521489143,1.590667486190796,0.041635528206825256,0.023886531591415405,0.3029211461544037,2.705202579498291,0.024997323751449585,0.03414534032344818,0.024731101468205452,0.023733118548989296,0.03084021992981434
11,9,14.704505117237568,1.026769995689392,0.9865419864654541,1.0557562112808228,1.0433293581008911,0.02580658160150051,5.745151042938232,0.03291033208370209,0.02701469510793686,0.19873586297035217,1.277308702468872,0.023884635418653488,0.023542912676930428,0.053416479378938675,0.36924809217453003,0.041125886142253876,0.9992925524711609,1.3850423097610474,0.407103955745697,0.029523583129048347,0.4943448007106781,0.042870551347732544,0.018758591264486313,0.1630082130432129,2.3672373294830322,0.026489777490496635,0.03778603672981262,0.030846193432807922,0.025577258318662643,0.03599923104047775
12,0,57.91121674180031,1.0282742977142334,0.9844745993614197,1.062214970588684,1.0391765832901,1.1748862266540527,1.4059169292449951,2.3551900386810303,1.503448247909546,2.580871343612671,3.6916658878326416,1.564483880996704,1.019520878791809,1.9641468524932861,1.0213428735733032,1.302406907081604,4.396782875061035,3.9565677642822266,4.823383331298828,4.46774435043335,1.7807708978652954,0.492135614156723,2.085628032684326,2.09666109085083,0.828957200050354,1.9433037042617798,1.9412726163864136,4.080991744995117,2.316628932952881,2.293680429458618
12,1,7.382234636694193,1.0268443822860718,0.9839218258857727,1.0550181865692139,1.0342376232147217,0.0231942068785429,1.3726999759674072,0.0909307524561882,0.024701692163944244,0.10022979974746704,0.5478454828262329,0.04390699788928032,0.05919284000992775,0.06728125363588333,0.2095004767179489,0.09622044116258621,0.32362139225006104,0.12858538329601288,0.2561684846878052,1.6150691509246826,0.4967896044254303,0.2119414359331131,0.34126824140548706,0.13856877386569977,0.2637818157672882,0.028515689074993134,0.028255566954612732,0.03498287871479988,0.023086076602339745,0.0358918197453022
12,2,11.397494856268167,1.027708649635315,0.9877700805664062,1.0548207759857178,1.038243293762207,0.02667916938662529,1.3831870555877686,0.06006273627281189,0.050482433289289474,0.15594668686389923,0.32701268792152405,0.03545635566115379,0.04832654073834419,0.067756287753582,0.39313480257987976,0.21406914293766022,0.9031988382339478,0.5606462359428406,1.3916856050491333,2.8605196475982666,0.6977022886276245,0.47454577684402466,0.21783533692359924,0.22577106952667236,0.31876140832901,0.037451256066560745,0.03382258117198944,0.031773123890161514,0.030873222276568413,0.029086006805300713
12,3,9.495269705727697,1.0292130708694458,0.989658534526825,1.0546252727508545,1.0373680591583252,0.02414420060813427,0.042538050562143326,0.05879209563136101,0.04582422971725464,0.1619633436203003,0.4990333616733551,0.04938418045639992,0.04543248564004898,0.06930592656135559,0.4589688777923584,0.2899048626422882,1.9345042705535889,0.7665017247200012,1.9748930931091309,0.19413068890571594,0.8547724485397339,0.5793811082839966,0.05863907188177109,0.07363680750131607,0.3087960183620453,0.04340184107422829,0.03546895831823349,0.03397363796830177,0.038050420582294464,0.03165501356124878
12,4,12.31267565228045,1.0295861959457397,0.9906007051467896,1.056088924407959,1.0454314947128296,0.021969115361571312,0.04656543955206871,0.05929435417056084,0.059727057814598083,0.02665465511381626,0.15429681539535522,0.02700025588274002,0.025774838402867317,0.09900281578302383,0.2710746228694916,0.7118533849716187,2.8688015937805176,0.7371070384979248,1.7236207723617554,0.12226731330156326,1.2981135845184326,0.3492141664028168,0.18605071306228638,0.8405354022979736,1.6272921562194824,0.09416376054286957,0.03354464843869209,0.040302980691194534,0.03150084242224693,0.0326058603823185
12,5,16.046267068758606,1.0296581983566284,0.9916601777076721,1.0583131313323975,1.045080304145813,0.022548213601112366,0.05581815168261528,0.043889570981264114,0.059862252324819565,0.022741112858057022,0.20278015732765198,0.02852034382522106,0.03256689012050629,0.139740988612175,0.25093430280685425,0.8726602792739868,5.609627723693848,0.6972702741622925,1.9768232107162476,0.18827539682388306,1.9409172534942627,0.29919320344924927,0.07239219546318054,1.0829845666885376,1.3111631870269775,0.1738181859254837,0.03489625081419945,0.036324359476566315,0.0323677696287632,0.03320886567234993
12,6,16.81530287526548,1.031387209892273,0.9917371869087219,1.0589420795440674,1.047369122505188,0.025257006287574768,0.05282125994563103,0.03983323648571968,0.05187289044260979,0.026355108246207237,0.21686936914920807,0.02452077344059944,0.03615381196141243,0.12296732515096664,0.20107829570770264,1.1021167039871216,6.589674472808838,0.7024332880973816,2.0129523277282715,0.16655080020427704,2.6032049655914307,0.21025961637496948,0.044714830815792084,0.5238425731658936,0.9246777892112732,0.18301382660865784,0.0352952666580677,0.028842929750680923,0.03553355112671852,0.028573736548423767
12,7,18.43041814900935,1.02944815158844,0.9912429451942444,1.0600987672805786,1.0501012802124023,0.025313420221209526,0.0954848974943161,0.05773391202092171,0.0443524569272995,0.028026895597577095,0.19756674766540527,0.030205389484763145,0.03515690937638283,0.0806671604514122,0.2671296298503876,0.8994182348251343,10.93958854675293,0.5373528599739075,1.9521516561508179,0.09368808567523956,0.5676459670066833,0.18308064341545105,0.05075603723526001,0.41925641894340515,0.799372136592865,0.1595744788646698,0.03492695093154907,0.03495087847113609,0.03819265589118004,0.03264695033431053
13,0,58.81864796876907,1.02772057056427,0.9859315156936646,1.0553823709487915,1.0445493459701538,0.7794290781021118,0.5639920234680176,2.0000057220458984,1.320815086364746,3.357759475708008,2.981448173522949,1.3293849229812622,1.1879998445510864,1.722986102104187,1.3243775367736816,1.28474760055542,4.002703666687012,4.024171829223633,6.358356952667236,3.30184268951416,2.0994045734405518,0.8022445440292358,2.71195650100708,2.573683738708496,0.9363948702812195,2.1512699127197266,2.4992594718933105,3.307821750640869,2.8378875255584717,2.535987615585327
13,1,8.931072792038321,1.029511570930481,0.9986401796340942,1.0787028074264526,1.0338407754898071,0.026675404980778694,0.5993912220001221,0.034207746386528015,0.04533667862415314,0.055590856820344925,0.1728297621011734,0.04436114802956581,0.03188878670334816,0.04587692394852638,0.41951191425323486,0.027108117938041687,0.6715329885482788,0.2002737671136856,0.508466362953186,2.6352505683898926,0.5763485431671143,0.03749595955014229,1.1671940088272095,0.2955031394958496,0.2539697289466858,0.10709094256162643,0.033242400735616684,0.05425490438938141,0.02883465588092804,0.03069719299674034
13,2,7.433985794708133,1.02707040309906,1.0015062093734741,1.0565747022628784,1.0330382585525513,0.027281874790787697,0.5975164175033569,0.11734567582607269,0.03762000799179077,0.388117253780365,0.15255020558834076,0.04106829687952995,0.05961291491985321,0.04058712348341942,0.2769116461277008,0.0356062613427639,0.5909223556518555,0.753818690776825,0.6549436450004578,0.043980393558740616,0.26165416836738586,0.02942737005650997,0.025685500353574753,1.2187891006469727,0.8737692832946777,0.2607213258743286,0.025401799008250237,0.038058988749980927,0.027507390826940536,0.031450189650058746
13,3,7.869029707834125,1.0271811485290527,0.9922006130218506,1.0545845031738281,1.0341087579727173,0.022424837574362755,0.09288416802883148,0.06071692705154419,0.026149366050958633,0.5441945791244507,0.176643967628479,0.039638835936784744,0.06579814851284027,0.03452828899025917,0.32860705256462097,0.03291500359773636,0.414795845746994,0.7871720194816589,0.6531792879104614,0.03371609002351761,0.8364757299423218,0.025003686547279358,0.024122007191181183,1.68033766746521,0.755094587802887,0.28610295057296753,0.024153972044587135,0.0468052439391613,0.028047895058989525,0.027906544506549835
13,4,7.668273363634944,1.027459979057312,0.9855352640151978,1.0547908544540405,1.0377072095870972,0.026526696979999542,0.1697136014699936,0.07062946259975433,0.03138810396194458,0.6876598596572876,0.23486417531967163,0.023865340277552605,0.02737930417060852,0.03793558105826378,0.49746668338775635,0.0427054837346077,0.30724817514419556,0.49672484397888184,1.7203119993209839,0.03640414774417877,0.6093682646751404,0.04664962738752365,0.026198340579867363,0.6416271328926086,0.9347389936447144,0.034801602363586426,0.028996778652071953,0.0469895638525486,0.03499412536621094,0.03198681399226189
13,5,7.994188204780221,1.027886986732483,0.9850224852561951,1.0558899641036987,1.0393531322479248,0.02650439366698265,0.3224391043186188,0.05959483981132507,0.026772281154990196,0.670711874961853,0.30136483907699585,0.02301771193742752,0.03758890554308891,0.0427749864757061,0.6810669898986816,0.03856314718723297,0.2588716149330139,0.4495435059070587,1.5693587064743042,0.04032697156071663,0.6806627511978149,0.05501464381814003,0.021142588928341866,0.7465980052947998,0.9552164077758789,0.03491148725152016,0.02953254245221615,0.04413371905684471,0.02528280019760132,0.03156287223100662
13,6,7.48768165782094,1.0284234285354614,0.9845277070999146,1.0556036233901978,1.039499044418335,0.025708694010972977,0.3848956227302551,0.050346024334430695,0.027407487854361534,0.7258537411689758,0.3167731463909149,0.025415873154997826,0.031214050948619843,0.04176850989460945,0.9114421606063843,0.03723648935556412,0.37493792176246643,0.12307325005531311,1.1211222410202026,0.03331918269395828,0.4670999348163605,0.044834624975919724,0.024178940802812576,0.6938012838363647,1.0388225317001343,0.04821113869547844,0.02583899535238743,0.033873867243528366,0.024535464122891426,0.03435971960425377
13,7,6.822778905555606,1.0275659561157227,0.9854912161827087,1.054629921913147,1.0407347679138184,0.024778632447123528,0.6703584790229797,0.04046783968806267,0.026127200573682785,0.8356696367263794,0.40941599011421204,0.02489549294114113,0.025030607357621193,0.04214423522353172,0.7419693470001221,0.03501541167497635,0.16503594815731049,0.25057804584503174,0.7349551320075989,0.0363532230257988,1.022376537322998,0.044234879314899445,0.02105896547436714,0.3738841712474823,0.3124890923500061,0.04113893210887909,0.031050952151417732,0.036385610699653625,0.027350695803761482,0.028329474851489067
13,8,7.811478724703193,1.0279124975204468,0.9848480820655823,1.0545732975006104,1.040677547454834,0.025363855063915253,0.5901007056236267,0.04519130289554596,0.027393946424126625,0.8023406267166138,0.2407563328742981,0.0269192885607481,0.028440387919545174,0.04095081239938736,0.9754161238670349,0.03410341590642929,0.2260170578956604,0.615304172039032,0.9480279684066772,0.03681226447224617,1.4601329565048218,0.02572999894618988,0.02272621914744377,0.35011446475982666,0.29936352372169495,0.054335951805114746,0.029952773824334145,0.03268049657344818,0.026772240176796913,0.024929553270339966
13,9,8.119520991295577,1.0277920961380005,0.9852542281150818,1.054550290107727,1.0435758829116821,0.02393719181418419,0.7518172860145569,0.041876617819070816,0.028336483985185623,0.8820537328720093,0.3121209740638733,0.028485804796218872,0.025831935927271843,0.04431908577680588,0.7923150658607483,0.030255984514951706,0.22228039801120758,0.5459202527999878,1.3566644191741943,0.034664399921894073,1.3442233800888062,0.026513539254665375,0.022445393726229668,0.3080904185771942,0.3210616111755371,0.04906146973371506,0.030238674953579903,0.027079986408352852,0.02163904719054699,0.02605333738029003
13,10,10.026803151145577,1.0288692712783813,0.9846741557121277,1.0546399354934692,1.0431419610977173,0.023897813633084297,0.6871194839477539,0.038316790014505386,0.026229331269860268,0.8109036684036255,0.3288036584854126,0.027730528265237808,0.025985635817050934,0.04301567003130913,0.8840025663375854,0.0292188823223114,0.41155242919921875,1.2550956010818481,2.074937582015991,0.030748551711440086,1.6168018579483032,0.027138257399201393,0.022861529141664505,0.2537376880645752,0.430194616317749,0.043488599359989166,0.02715390920639038,0.030397925525903702,0.023580441251397133,0.03162506967782974
13,11,10.649936477094888,1.0286586284637451,0.9842438101768494,1.0547025203704834,1.0437161922454834,0.024272317066788673,0.8352678418159485,0.03702419251203537,0.026934178546071053,0.7105937004089355,0.30234020948410034,0.02804139256477356,0.020514314994215965,0.052282869815826416,0.9034295082092285,0.03410893678665161,0.6574201583862305,1.456009030342102,1.9511114358901978,0.02995365485548973,1.9928414821624756,0.02412435971200466,0.022352498024702072,0.19515347480773926,0.37199851870536804,0.040218327194452286,0.02990456111729145,0.03093183971941471,0.023239865899086,0.027603577822446823
13,12,11.245012480393052,1.0285449028015137,0.9843779802322388,1.0547720193862915,1.044385552406311,0.022512540221214294,0.7456061840057373,0.035277076065540314,0.025955447927117348,0.9206908345222473,0.23855292797088623,0.025594893842935562,0.020846664905548096,0.043715883046388626,0.9702824950218201,0.03559538722038269,0.7665584087371826,1.658329725265503,2.1436331272125244,0.03260619565844536,2.0304975509643555,0.02681080624461174,0.021291077136993408,0.1485835313796997,0.34992215037345886,0.04976721853017807,0.027596626430749893,0.028691008687019348,0.02637215331196785,0.02730647474527359
13,13,11.08924240730703,1.0283410549163818,0.9845030307769775,1.0547131299972534,1.044970989227295,0.027408011257648468,0.5448375940322876,0.033943239599466324,0.025322550907731056,0.6501893997192383,0.5890384316444397,0.027200885117053986,0.02158506028354168,0.06272948533296585,0.5830520987510681,0.03199334070086479,0.7072365880012512,1.7688902616500854,1.976616382598877,0.03648419678211212,2.567521333694458,0.02722563035786152,0.02355961874127388,0.10460802912712097,0.3074224889278412,0.037840500473976135,0.025386618450284004,0.03690234199166298,0.02518659643828869,0.024556081742048264
14,0,58.30904101133346,1.02772057056427,0.9859315156936646,1.0553823709487915,1.0445493459701538,1.3107199668884277,0.6534110903739929,2.005098342895508,1.4683706760406494,2.1098458766937256,2.90018630027771,1.2238739728927612,0.836246132850647,1.5310415029525757,1.48789381980896,0.9977456331253052,3.8007941246032715,4.717611312866211,5.331673622131348,4.339903831481934,1.7787368297576904,0.6456784009933472,3.0316896438598633,1.6120545864105225,0.7399307489395142,2.508553981781006,2.923208475112915,4.556398391723633,2.7897441387176514,2.185912847518921
14,1,7.54151756875217,1.026806354522705,1.0062086582183838,1.0649242401123047,1.0366078615188599,0.03017602115869522,0.6482717990875244,0.1115693598985672,0.053688254207372665,0.06809484213590622,0.15910668671131134,0.06054351106286049,0.02236013673245907,0.03864630311727524,0.039376676082611084,0.08006495237350464,0.20420455932617188,0.24406671524047852,0.20010440051555634,3.5509114265441895,0.330343633890152,0.04624801501631737,0.34777408838272095,0.027959994971752167,0.2256893515586853,0.08934008330106735,0.0377957746386528,0.04051598533987999,0.025439877063035965,0.0323156975209713
14,2,9.17378945760429,1.0298224687576294,1.0074658393859863,1.0547629594802856,1.047430157661438,0.028683261945843697,0.7184857130050659,0.10955160856246948,0.026643797755241394,0.2722650468349457,0.2336195856332779,0.03206842020153999,0.026184791699051857,0.07025192677974701,0.04269765689969063,0.1409878134727478,0.2226816564798355,0.11043144017457962,1.79172682762146,1.6042741537094116,0.4889167547225952,1.0091545581817627,0.22661592066287994,0.13248324394226074,0.8351510167121887,0.07851704210042953,0.03785843029618263,0.030413923785090446,0.026012089103460312,0.050216492265462875
14,3,9.098938058689237,1.028096079826355,0.9996128082275391,1.054550290107727,1.0449423789978027,0.035624727606773376,0.6131163239479065,0.14824610948562622,0.03416549041867256,0.03443124145269394,0.34246689081192017,0.04408401623368263,0.03417868912220001,0.06276450306177139,0.037575192749500275,0.1916441172361374,0.3506494164466858,0.37538009881973267,3.4841742515563965,0.16420958936214447,0.6090621948242188,0.3152230978012085,0.045954182744026184,0.3196878135204315,0.8018460869789124,0.0775340124964714,0.04190981388092041,0.03305325657129288,0.027620138600468636,0.04889649152755737
14,4,10.370701074972748,1.0274266004562378,0.9908033013343811,1.054640769958496,1.0430644750595093,0.040809266269207,0.025921421125531197,0.05851317197084427,0.04289707913994789,0.08066244423389435,0.260667622089386,0.05002235993742943,0.03854988515377045,0.04395781084895134,0.3152211904525757,0.13554134964942932,0.7472496628761292,1.7737786769866943,4.1975555419921875,0.07854624092578888,0.35008734464645386,0.1969415545463562,0.03002859465777874,0.3319036364555359,0.44320058822631836,0.1763072907924652,0.03371768072247505,0.02972986362874508,0.02572982758283615,0.03997394070029259
14,5,10.340958388894796,1.0289777517318726,0.9866815209388733,1.0546414852142334,1.045852541923523,0.04542826488614082,0.02719651348888874,0.051824524998664856,0.039803989231586456,0.08635547757148743,0.33835479617118835,0.05490409955382347,0.04779086261987686,0.044430337846279144,0.46494635939598083,0.09218014776706696,1.3792321681976318,1.479943871498108,3.4942991733551025,0.4081488847732544,0.16843590140342712,0.1916181892156601,0.02466805838048458,0.3578531742095947,0.4028828740119934,0.2039894163608551,0.02959943376481533,0.02492333948612213,0.0213120449334383,0.03760582581162453
14,6,9.414587361738086,1.0283527374267578,0.9871810078620911,1.054569959640503,1.0451550483703613,0.037361908704042435,0.031081026419997215,0.04922114312648773,0.03433483839035034,0.06478624045848846,0.16079001128673553,0.05344381555914879,0.0413246713578701,0.05911988765001297,0.9425173997879028,0.12138298153877258,1.1009695529937744,1.4353431463241577,2.6478254795074463,0.1305905431509018,0.1463789939880371,0.19236114621162415,0.020139317959547043,0.39436760544776917,0.5627120137214661,0.25051751732826233,0.027441436424851418,0.02555295266211033,0.025225333869457245,0.03674664720892906
14,7,7.968212411180138,1.0283273458480835,0.9877641797065735,1.0545508861541748,1.0446949005126953,0.03417123481631279,0.0286430511623621,0.03823736310005188,0.023815549910068512,0.06234177201986313,0.22777152061462402,0.023147793486714363,0.023127535358071327,0.06743767112493515,1.3245676755905151,0.0856332778930664,0.8354226350784302,0.7487233281135559,2.518996238708496,0.207246795296669,0.23303182423114777,0.11993709206581116,0.021053755655884743,0.2270994335412979,0.1462281048297882,0.02709301933646202,0.028971774503588676,0.028458843007683754,0.025542808696627617,0.03844485059380531
15,0,58.23602734804153,1.026779294013977,0.9908570647239685,1.0545953512191772,1.0413261651992798,0.7618959546089172,0.4964853525161743,2.153627872467041,1.2356489896774292,2.1640982627868652,4.124863147735596,1.3965427875518799,1.0533708333969116,2.049419403076172,1.4156337976455688,1.3776919841766357,4.8321075439453125,3.9305953979492188,5.071061611175537,5.660462856292725,1.6266283988952637,0.8257634043693542,1.864085078239441,1.7149827480316162,0.754269003868103,2.1266677379608154,2.030122756958008,3.740232467651367,2.2210357189178467,2.786022663116455
15,1,11.754112610965967,1.028612494468689,0.9851548671722412,1.0720463991165161,1.0489150285720825,0.0336843803524971,0.46226194500923157,0.17449432611465454,0.056204091757535934,0.39656469225883484,0.09751103818416595,0.08755616843700409,0.11661617457866669,0.05113884434103966,0.06201941519975662,0.10746464878320694,0.4936266839504242,0.2746220827102661,1.1193492412567139,3.7090401649475098,0.6670599579811096,0.37337633967399597,1.2695339918136597,0.8015916347503662,0.1914520412683487,0.19722557067871094,0.03898745775222778,0.08344746381044388,0.02473895251750946,0.03759954497218132
15,2,6.040030720084905,1.03446626663208,0.9835931658744812,1.0660029649734497,1.0516239404678345,0.022465834394097328,0.4386177062988281,0.19015750288963318,0.08454923331737518,0.036803729832172394,0.20046262443065643,0.08464983850717545,0.028552141040563583,0.04719386622309685,0.03414689376950264,0.10669545829296112,0.5106005668640137,0.6176653504371643,0.29180657863616943,0.09448215365409851,1.92947256565094,0.11969473212957382,0.03521449863910675,0.08711885660886765,0.06428154557943344,0.05405383184552193,0.028949692845344543,0.05281772464513779,0.028727367520332336,0.023713158443570137
15,3,9.367378766834737,1.0314534902572632,0.9835504293441772,1.0566226243972778,1.0468794107437134,0.02769901603460312,0.0519908145070076,0.19436554610729218,0.05443589389324188,0.06142043322324753,0.3684161901473999,0.044746413826942444,0.050453875213861465,0.05488002300262451,0.03232848644256592,0.8615959286689758,0.5143855214118958,0.24832147359848022,0.4530194103717804,0.07207071036100388,3.7712152004241943,0.05534205213189125,0.025022897869348526,0.4510737955570221,0.9543066620826721,0.05386704206466675,0.028216732665896416,0.04657221585512161,0.04087747260928154,0.027053767815232277
15,4,12.679190760850906,1.0268374681472778,0.9880889654159546,1.0563102960586548,1.0409871339797974,0.02780526876449585,0.25669336318969727,0.12360290437936783,0.04171881079673767,0.05967536196112633,0.31242311000823975,0.023619400337338448,0.22894549369812012,0.0673244521021843,0.09766937047243118,0.3285492956638336,0.7530971765518188,0.36350491642951965,2.027402877807617,0.03852463886141777,4.057341575622559,0.05388112738728523,0.024512892588973045,0.6919277310371399,2.044466972351074,0.11628180742263794,0.0263606458902359,0.031310535967350006,0.02757275477051735,0.03253350406885147
15,5,10.909572016820311,1.0268514156341553,0.9864179491996765,1.0562920570373535,1.0424904823303223,0.031108703464269638,0.5540290474891663,0.08657696098089218,0.03443270921707153,0.03215111792087555,0.263886421918869,0.02445337548851967,0.2299068719148636,0.06607858091592789,0.04560316726565361,0.27531862258911133,0.6816653609275818,0.332128643989563,1.392080307006836,0.04049117490649223,2.946560859680176,0.09060337394475937,0.025485383346676826,0.8316355347633362,1.912257194519043,0.06422940641641617,0.026184838265180588,0.0318724662065506,0.030298803001642227,0.03812270984053612
15,6,8.327699718996882,1.026970624923706,0.9857537746429443,1.0569339990615845,1.0406337976455688,0.030064819380640984,0.5913540124893188,0.03172118961811066,0.03144335001707077,0.0375012531876564,0.18807898461818695,0.025702279061079025,0.08620531111955643,0.05216694250702858,0.06153497099876404,0.25406357645988464,0.5734944343566895,0.37910154461860657,1.3207695484161377,0.03564969450235367,2.7410552501678467,0.08841141313314438,0.024619055911898613,0.20578056573867798,0.5763265490531921,0.04975184053182602,0.024495065212249756,0.034251581877470016,0.0264603141695261,0.03563773259520531
15,7,9.095651742070913,1.0270313024520874,0.9848821759223938,1.0566238164901733,1.0400069952011108,0.02730763703584671,0.7602890133857727,0.036550089716911316,0.03471595048904419,0.045168451964855194,0.12963853776454926,0.024671729654073715,0.10512089729309082,0.05430494248867035,0.054363276809453964,0.21633315086364746,0.4588841497898102,0.4777733087539673,1.9067811965942383,0.02864746004343033,2.9839377403259277,0.2116473764181137,0.025547800585627556,0.02304583042860031,0.5193100571632385,0.03287440910935402,0.027470694854855537,0.03490997478365898,0.026525180786848068,0.028124026954174042
15,8,8.812579483911396,1.0269434452056885,0.9853482246398926,1.056236982345581,1.04103422164917,0.027005117386579514,0.7058420181274414,0.048147425055503845,0.03234432637691498,0.052973672747612,0.09073735028505325,0.02265433594584465,0.09333422034978867,0.0755760446190834,0.07448384910821915,0.22249649465084076,0.4848021864891052,0.6517361402511597,2.307274341583252,0.03425981476902962,2.0534682273864746,0.255965918302536,0.023229844868183136,0.02919108234345913,0.5479012131690979,0.03266366571187973,0.026568856090307236,0.03975528106093407,0.027573149651288986,0.030682332813739777
16,0,56.73249374628067,1.02772057056427,0.9859315156936646,1.0553823709487915,1.0445493459701538,0.5723441243171692,0.7165024280548096,1.8992478847503662,0.847110390663147,2.3956339359283447,3.084953784942627,1.6359031200408936,0.7168952226638794,1.767562985420227,1.0295461416244507,1.2944778203964233,5.3384599685668945,4.27617883682251,5.174100399017334,4.4603495597839355,2.5560050010681152,0.6040083169937134,1.484887719154358,2.2625906467437744,0.704153299331665,2.567797899246216,1.7034024000167847,4.225956439971924,1.5861082077026367,3.0056004524230957
16,1,8.082452042400837,1.0267916917800903,0.9903852939605713,1.065211534500122,1.057347059249878,0.022962406277656555,0.6719002723693848,0.09256000071763992,0.031758736819028854,0.10586011409759521,0.9542896747589111,0.10659761726856232,0.03457580506801605,0.07643385231494904,0.2747437059879303,0.02699110098183155,0.42489635944366455,0.24897806346416473,0.16615062952041626,2.6587588787078857,0.4756472706794739,0.02483157068490982,0.3383795917034149,0.04860649257898331,0.2849913537502289,0.029551109299063683,0.05611156299710274,0.031835541129112244,0.03561676666140556,0.031476449221372604
16,2,7.452977410703897,1.0290743112564087,0.9874237775802612,1.0581200122833252,1.0467023849487305,0.02745758928358555,0.03385090082883835,0.2012418955564499,0.08142580091953278,0.1050545945763588,1.408569574356079,0.022037815302610397,0.0274931900203228,0.04240166395902634,0.4834457039833069,0.03161933645606041,0.23352022469043732,0.866182804107666,0.5236155986785889,0.6825960874557495,0.9108352661132812,0.024783948436379433,0.35843536257743835,0.06078347563743591,0.2905523478984833,0.055251285433769226,0.039022866636514664,0.043438464403152466,0.04774454981088638,0.027352966368198395
16,3,8.341689410060644,1.0267629623413086,0.9873794317245483,1.0562620162963867,1.0446172952651978,0.027753068134188652,0.05955361947417259,0.13004238903522491,0.1075025349855423,0.4264894127845764,2.174072027206421,0.026013724505901337,0.030475663021206856,0.04111463576555252,0.4175051152706146,0.031100401654839516,0.3970884680747986,0.83709716796875,0.5742161870002747,0.3354780077934265,1.1866871118545532,0.10149668902158737,0.02914023958146572,0.2951897382736206,0.0857032835483551,0.04475225508213043,0.04415477067232132,0.040317099541425705,0.04227530583739281,0.0334661528468132
16,4,11.614381398633123,1.027876615524292,0.9858760833740234,1.0562022924423218,1.0449650287628174,0.028274130076169968,0.21118663251399994,0.1398027241230011,0.19916009902954102,0.25021296739578247,2.2741034030914307,0.024953709915280342,0.08738750964403152,0.05012667551636696,0.7831186056137085,0.037583306431770325,1.4233704805374146,1.193199872970581,2.124351978302002,0.3535446226596832,0.9725258350372314,0.03223463147878647,0.12972187995910645,0.17110897600650787,0.08207239955663681,0.03892134130001068,0.06504590064287186,0.03353189304471016,0.04963400214910507,0.036223817616701126
16,5,8.840903670713306,1.0278486013412476,0.9855197668075562,1.056492805480957,1.0451018810272217,0.028207430616021156,0.2249479740858078,0.12644171714782715,0.037423551082611084,0.1574445366859436,2.8021962642669678,0.026259204372763634,0.02990645356476307,0.057745758444070816,0.5176600217819214,0.030527809634804726,0.3529249131679535,1.0088253021240234,1.3361893892288208,0.19549871981143951,0.19235219061374664,0.03573473542928696,0.10872609913349152,0.4575853645801544,0.08796578645706177,0.03605327010154724,0.056424424052238464,0.028957294300198555,0.04595902934670448,0.0359538197517395
16,6,9.778924833238126,1.027103066444397,0.9843438267707825,1.058035135269165,1.0443077087402344,0.028118060901761055,0.2823944091796875,0.1021103486418724,0.0388423390686512,0.12809203565120697,3.239206552505493,0.02713104896247387,0.035943273454904556,0.06668005883693695,0.3450154960155487,0.05120866745710373,0.4394616484642029,1.708719253540039,1.5747495889663696,0.08702243864536285,0.18898829817771912,0.024547161534428596,0.022986551746726036,0.33602795004844666,0.05957504361867905,0.03715946152806282,0.0476253367960453,0.027643049135804176,0.026756372302770615,0.030162440612912178
16,7,10.786466361954808,1.0269397497177124,0.9836080074310303,1.0572019815444946,1.042906641960144,0.02425232343375683,0.12476112693548203,0.08219558000564575,0.03704298660159111,0.09973956644535065,3.9740147590637207,0.02326037362217903,0.03502381965517998,0.061910513788461685,0.5182257294654846,0.04466099292039871,0.674511730670929,1.531556487083435,1.8047233819961548,0.06345923244953156,0.360956072807312,0.025257358327507973,0.02432291954755783,0.24402694404125214,0.05207296460866928,0.032169159501791,0.03032931685447693,0.026916198432445526,0.03939890116453171,0.029546646401286125
16,8,13.21656947992742,1.0269291400909424,0.9839046001434326,1.0571445226669312,1.0433580875396729,0.029115203768014908,0.07846401631832123,0.07968048006296158,0.034880392253398895,0.11796429753303528,6.341184139251709,0.027843579649925232,0.02926642633974552,0.05678240954875946,0.46711423993110657,0.07304155826568604,0.7381597757339478,1.423309564590454,1.7163535356521606,0.054116182029247284,0.5320344567298889,0.029733806848526,0.02508736215531826,0.2908703684806824,0.07685349136590958,0.0335412360727787,0.029127074405550957,0.030402425676584244,0.03926405683159828,0.04011213034391403
17,0,52.927745449542996,1.02772057056427,0.9859315156936646,1.0553823709487915,1.0445493459701538,0.7753182649612427,0.5001366138458252,1.8103361129760742,1.4182571172714233,1.4935284852981567,3.1988697052001953,1.510155200958252,1.051049828529358,1.7086689472198486,1.1446911096572876,0.9739818572998047,4.072769641876221,4.569164752960205,4.672867774963379,4.042481422424316,1.5909538269042969,0.6259498000144958,1.5453252792358398,1.9816169738769531,1.0434644222259521,2.0345258712768555,1.9399816989898682,3.304918050765991,2.2626452445983887,2.8333706855773926
17,1,7.013422450050712,1.0356335639953613,0.98362797498703,1.0603941679000854,1.0946807861328125,0.029951903969049454,0.4911012649536133,0.10523681342601776,0.059453800320625305,0.036607205867767334,0.7696110606193542,0.034307099878787994,0.07507836818695068,0.06514165550470352,0.09083866328001022,0.037381432950496674,0.23589739203453064,0.8986915349960327,0.29419031739234924,1.4880070686340332,0.2858189046382904,0.12138557434082031,0.26320409774780273,0.1634456366300583,0.3724241852760315,0.11854831874370575,0.05144067853689194,0.03850330784916878,0.02573782578110695,0.02655103988945484
17,2,8.868611147627234,1.031199336051941,0.9841391444206238,1.0576266050338745,1.0601893663406372,0.030407223850488663,0.5099729299545288,0.10145478695631027,0.11030653864145279,0.0550006665289402,1.29146409034729,0.02537979558110237,0.0356890894472599,0.04235011339187622,0.17319677770137787,0.2067485898733139,0.23893320560455322,1.554508924484253,0.30649134516716003,1.1998341083526611,1.1425927877426147,0.04068171605467796,0.1736888587474823,0.4468417465686798,0.035751212388277054,0.19763542711734772,0.033845558762550354,0.03342033922672272,0.026161780580878258,0.029622644186019897
17,3,9.756601667031646,1.0283794403076172,0.986909031867981,1.0554850101470947,1.0634702444076538,0.026234690099954605,0.49535563588142395,0.08871904760599136,0.08049363642930984,0.28166908025741577,1.7979021072387695,0.023217245936393738,0.029834335669875145,0.06005625054240227,0.26176154613494873,0.1855151504278183,0.6548795104026794,1.943034052848816,0.3190567195415497,0.03338740020990372,0.617717444896698,1.1892997026443481,0.025132987648248672,0.5436634421348572,0.05370166152715683,0.10002860426902771,0.03540043160319328,0.03585759550333023,0.021126488223671913,0.026708154007792473
17,4,11.551543691754341,1.0275115966796875,0.9861522316932678,1.0563970804214478,1.066011905670166,0.02516663819551468,0.034552473574876785,0.10505343973636627,0.026986926794052124,0.5430622100830078,1.25980806350708,0.02183915674686432,0.022637110203504562,0.0894494280219078,0.27917346358299255,0.07759495824575424,1.6785321235656738,2.646620273590088,0.5561192631721497,0.08234597742557526,0.24395108222961426,1.7226918935775757,0.023494506254792213,0.706618070602417,0.3208358585834503,0.1252867728471756,0.04850224405527115,0.03313180431723595,0.02185225673019886,0.02902313321828842
17,5,13.303200959786773,1.0268781185150146,0.985837459564209,1.055821180343628,1.0564534664154053,0.02877745032310486,0.06058965250849724,0.11428956687450409,0.02641203999519348,0.6476625800132751,1.5942351818084717,0.024315524846315384,0.02150638960301876,0.10354701429605484,0.27060696482658386,0.028617508709430695,1.1994836330413818,3.8316829204559326,1.2158734798431396,0.052542008459568024,0.35958683490753174,1.5170749425888062,0.02247229591012001,0.7169306874275208,0.40270963311195374,0.10847757756710052,0.04397275298833847,0.03152951970696449,0.023408450186252594,0.03189830482006073
17,6,13.88420569524169,1.0271201133728027,0.9849414825439453,1.0561374425888062,1.0561789274215698,0.0268971249461174,0.2403692901134491,0.07378779351711273,0.02653106115758419,0.6189233660697937,1.6331207752227783,0.025142570957541466,0.02442687563598156,0.14997754991054535,0.31326088309288025,0.024668315425515175,1.0486751794815063,3.728729486465454,1.4321818351745605,0.06257954239845276,0.4042346179485321,1.5705441236495972,0.022322621196508408,0.832209587097168,0.5810485482215881,0.08842101693153381,0.047988470643758774,0.029009047895669937,0.025463292375206947,0.028817126527428627
17,7,12.325663129240274,1.0268666744232178,0.9843987822532654,1.054932713508606,1.049984335899353,0.0271908026188612,0.037072595208883286,0.060692284256219864,0.023479433730244637,0.43294382095336914,1.7654454708099365,0.022232776507735252,0.022346986457705498,0.21926602721214294,0.02789558842778206,0.2403869479894638,0.847563624382019,3.7653305530548096,1.0704728364944458,0.03579225391149521,0.7690101861953735,0.323461651802063,0.02135360985994339,0.9783305525779724,0.6104190945625305,0.08838357776403427,0.03156980127096176,0.030027493834495544,0.022441962733864784,0.029316695407032967
18,0,54.320012879371646,1.0273661613464355,1.0082005262374878,1.0545523166656494,1.0400201082229614,0.7608273029327393,0.9091202616691589,2.045869827270508,1.322446584701538,1.3817665576934814,3.053698778152466,1.3815351724624634,0.8811668157577515,1.8444195985794067,1.422805905342102,1.0688560009002686,3.8039374351501465,4.044839382171631,4.066158294677734,4.7785725593566895,1.8685940504074097,0.7221190333366394,2.0049564838409424,2.004401206970215,1.1047414541244507,2.5504515171051025,1.7046542167663574,3.10312819480896,2.7947463989257812,2.8701720237731934
18,1,9.951365072280169,1.030575156211853,0.9884719252586365,1.0546224117279053,1.0527055263519287,0.02564355731010437,0.8040589690208435,0.0364699587225914,0.04797783121466637,0.8493818640708923,0.12489993870258331,0.02602767013013363,0.07627002149820328,0.0623060017824173,0.04353411868214607,0.08557724952697754,0.2277640402317047,1.3527544736862183,0.24072867631912231,3.5243616104125977,0.44695666432380676,0.10527027398347855,0.3257203698158264,0.22441662847995758,0.3246881663799286,0.03996913880109787,0.034020233899354935,0.04332330822944641,0.02589586190879345,0.028073441237211227
18,2,10.015384893491865,1.033934235572815,0.9884265065193176,1.055041790008545,1.0382401943206787,0.02269149012863636,0.8694111108779907,0.043170008808374405,0.05323511362075806,1.0322670936584473,0.1254558116197586,0.02908906899392605,0.05359851196408272,0.08675074577331543,0.10196847468614578,0.0728670209646225,0.4631262719631195,1.1810905933380127,0.3039219081401825,3.1606526374816895,0.1902918517589569,0.12813684344291687,0.34088075160980225,0.36779147386550903,0.3696153163909912,0.06771115958690643,0.03940121829509735,0.03489358723163605,0.024162238463759422,0.0300760455429554
18,3,8.502838133275509,1.0322593450546265,0.9883950352668762,1.0550494194030762,1.0354057550430298,0.02215275540947914,0.03116604872047901,0.04933823272585869,0.04065997526049614,0.7480925917625427,0.21581467986106873,0.03279515728354454,0.062501460313797,0.08469747006893158,0.1526964157819748,0.07098157703876495,0.2928713262081146,0.9355230331420898,0.6029676198959351,1.849801778793335,0.3158603608608246,0.3912715017795563,1.0457773208618164,0.4151363670825958,0.13666027784347534,0.06385941058397293,0.03191356360912323,0.03076297603547573,0.025830406695604324,0.03148391470313072
18,4,6.215679977834225,1.026836633682251,0.9858302474021912,1.0558589696884155,1.0367870330810547,0.024086425080895424,0.07472041249275208,0.04807301238179207,0.08482185006141663,0.15354879200458527,0.24923568964004517,0.04702555015683174,0.03468892723321915,0.0704306811094284,0.39195722341537476,0.03398507833480835,0.24686893820762634,0.3682432174682617,1.6615819931030273,0.06199632212519646,0.7804917693138123,0.02502015046775341,0.025812707841396332,0.5215451121330261,0.3264831602573395,0.039738282561302185,0.032905638217926025,0.0395021066069603,0.021756554022431374,0.030097806826233864
18,5,7.628376997634769,1.026771903038025,0.9857551455497742,1.055690050125122,1.0356292724609375,0.024147389456629753,0.11266236752271652,0.06726706773042679,0.10160715878009796,0.13005900382995605,0.1809101700782776,0.05198560655117035,0.03380138427019119,0.061377111822366714,0.44253888726234436,0.04470064491033554,0.3134525716304779,0.5394542813301086,1.843591332435608,0.06311608105897903,1.7673041820526123,0.025365300476551056,0.021773161366581917,0.5608769655227661,0.2476976364850998,0.03996414691209793,0.03542152792215347,0.034806519746780396,0.02538289688527584,0.03834432736039162
18,6,8.916739308834076,1.0267688035964966,0.9871771335601807,1.0547778606414795,1.0378038883209229,0.022026631981134415,0.17447054386138916,0.039767052978277206,0.07197217643260956,0.11609296500682831,0.10909698158502579,0.06769760698080063,0.033389389514923096,0.050216663628816605,0.42317909002304077,0.048895034939050674,1.3336318731307983,0.6115408539772034,2.200045108795166,0.05195396766066551,1.8097180128097534,0.025758396834135056,0.023701125755906105,0.48495376110076904,0.20179156959056854,0.04474271833896637,0.041117195039987564,0.030649982392787933,0.024000192061066628,0.055024877190589905
18,7,10.759788778424262,1.027320146560669,0.9846668839454651,1.0545507669448853,1.0383942127227783,0.024799063801765442,0.1042536273598671,0.03666219860315323,0.05897824838757515,0.0965198203921318,0.12796340882778168,0.045274704694747925,0.03001551143825054,0.03961486741900444,0.3564717471599579,0.024971820414066315,3.062234878540039,1.0274854898452759,2.1451094150543213,0.03425637632608414,1.637859582901001,0.03513742983341217,0.023277418687939644,0.5777758955955505,0.2905946373939514,0.032733965665102005,0.029858125373721123,0.028252212330698967,0.027390461415052414,0.04131146892905235
18,8,11.464851092919707,1.0268969535827637,0.9857664108276367,1.0546422004699707,1.0398012399673462,0.023212337866425514,0.10767737776041031,0.04426184669137001,0.06011194735765457,0.12539710104465485,0.3133338391780853,0.05472670868039131,0.02932317554950714,0.042137306183576584,0.379361093044281,0.026294587180018425,3.382711410522461,0.9525807499885559,2.2126245498657227,0.03336813673377037,1.663517713546753,0.03910652920603752,0.0243091881275177,0.6839638948440552,0.2905271053314209,0.03258415311574936,0.028986705467104912,0.026628458872437477,0.026580283418297768,0.04010353237390518
18,9,13.483011900261044,1.0267974138259888,0.9855329394340515,1.0546061992645264,1.0411694049835205,0.023594778031110764,0.11933780461549759,0.041256748139858246,0.06359964609146118,0.12919536232948303,0.506706953048706,0.051604337990283966,0.02684968151152134,0.06238861754536629,0.43794578313827515,0.03199690207839012,4.375919818878174,1.202608585357666,2.3704721927642822,0.030331214889883995,2.0711188316345215,0.058987293392419815,0.022458083927631378,0.6079269647598267,0.2706655263900757,0.03672485798597336,0.03235573694109917,0.024847714230418205,0.025787893682718277,0.03670937940478325
18,10,10.376527233049273,1.026782512664795,0.9855860471725464,1.0545568466186523,1.0406732559204102,0.024783629924058914,0.09299629926681519,0.040460944175720215,0.04556521400809288,0.09905111789703369,1.1247833967208862,0.05884791910648346,0.031526509672403336,0.06307803094387054,0.42596957087516785,0.03440286964178085,2.5882339477539062,1.1982572078704834,1.2584635019302368,0.030254025012254715,1.8376888036727905,0.06958400458097458,0.024307679384946823,0.28032273054122925,0.07471128553152084,0.027042416855692863,0.02638823911547661,0.02824315056204796,0.029126528650522232,0.04091847687959671
19,0,57.09665800929069,1.02772057056427,0.9859315156936646,1.0553823709487915,1.0445493459701538,0.9108876585960388,0.81523197889328,1.9980809688568115,1.372452735900879,1.0178399085998535,3.296433448791504,1.7027541399002075,0.8176200985908508,1.6259738206863403,0.9659805297851562,1.2626081705093384,4.590149879455566,4.318404197692871,5.780055999755859,4.431051254272461,1.9017322063446045,0.4279032051563263,2.7367520332336426,2.0033087730407715,1.100728154182434,2.6007704734802246,2.1508748531341553,2.9912490844726562,2.569505453109741,2.885592222213745
19,1,10.268351911380886,1.0276676416397095,0.9859704971313477,1.0793859958648682,1.0339148044586182,0.048421088606119156,0.9476991295814514,0.069536954164505,0.04022150859236717,0.22319439053535461,0.12187160551548004,0.12967535853385925,0.0404386930167675,0.1195870041847229,0.33509203791618347,0.07701301574707031,0.40287017822265625,0.5200492143630981,0.42631223797798157,2.7272331714630127,1.1275389194488525,0.13001912832260132,1.3483867645263672,0.13306830823421478,0.06876246631145477,0.26518407464027405,0.037109941244125366,0.03978611156344414,0.027331465855240822,0.036561354994773865
19,2,7.839846616983413,1.0280591249465942,0.9846413135528564,1.0564616918563843,1.0371930599212646,0.03995267301797867,0.8809452056884766,0.06279750913381577,0.1168631836771965,0.2545771598815918,0.32940930128097534,0.16479365527629852,0.053594354540109634,0.21134735643863678,0.9324317574501038,0.02977946400642395,0.4591391086578369,0.251923143863678,0.7397488355636597,0.06807912886142731,0.18408675491809845,0.072719044983387,0.029751652851700783,1.7587409019470215,0.05230730026960373,0.1815972924232483,0.0433647483587265,0.03986258804798126,0.030593791976571083,0.030169665813446045
19,3,7.47709353454411,1.029470682144165,0.9851230978965759,1.0546953678131104,1.0344665050506592,0.04096157103776932,0.12875503301620483,0.07243315130472183,0.1034429594874382,0.3195168972015381,0.45982563495635986,0.15268000960350037,0.03650357946753502,0.2609149217605591,0.8697313666343689,0.02889312244951725,0.298453688621521,0.37600547075271606,0.9328159689903259,0.052632980048656464,0.1520281732082367,0.11604443192481995,0.027906276285648346,1.7581005096435547,0.07906649261713028,0.20106182992458344,0.04974251985549927,0.06459473818540573,0.036997899413108826,0.037233177572488785
19,4,7.692049955949187,1.0293813943862915,0.9868919253349304,1.0547890663146973,1.0342167615890503,0.025965305045247078,0.18691526353359222,0.10095001012086868,0.12577445805072784,0.5991374254226685,1.3680647611618042,0.13369806110858917,0.05632367730140686,0.13093361258506775,0.5992507338523865,0.042708560824394226,0.2550049424171448,0.17130771279335022,0.6833338737487793,0.07301118224859238,0.23428446054458618,0.21855300664901733,0.029255788773298264,1.491810917854309,0.18785375356674194,0.033338483422994614,0.03608549386262894,0.032360922545194626,0.02341095730662346,0.031660761684179306
19,5,8.325568187981844,1.0293822288513184,0.9847548604011536,1.0562816858291626,1.0345462560653687,0.024447200819849968,0.2613251209259033,0.08293236792087555,0.0940689817070961,0.5971086621284485,1.537977695465088,0.08050255477428436,0.04098382592201233,0.11355134844779968,0.5958999395370483,0.02959757298231125,0.29253941774368286,0.2142557054758072,0.9694801568984985,0.11980100721120834,0.2682528793811798,0.18657173216342926,0.02804744429886341,1.6318682432174683,0.17625845968723297,0.040200069546699524,0.032037585973739624,0.030806848779320717,0.02476075477898121,0.03129960596561432
19,6,8.498710431531071,1.0290449857711792,0.9850860834121704,1.0571283102035522,1.0358128547668457,0.024400627240538597,0.2790248990058899,0.04675379395484924,0.08753412216901779,0.545330822467804,1.1956229209899902,0.05203656107187271,0.0349375382065773,0.09462275356054306,0.7525346875190735,0.03428307920694351,0.42173901200294495,0.2986793518066406,1.2170723676681519,0.140223890542984,0.6193188428878784,0.07024212181568146,0.025606703013181686,1.4773129224777222,0.11461714655160904,0.026399610564112663,0.03249533101916313,0.02961811050772667,0.02880440279841423,0.028084365651011467
19,7,8.109468050673604,1.0277528762817383,0.9843152761459351,1.05722177028656,1.0358392000198364,0.025773128494620323,0.07709237933158875,0.0407620370388031,0.05319293960928917,0.6499642133712769,1.091844916343689,0.04626001790165901,0.031042272225022316,0.07720775902271271,1.1034659147262573,0.03153635933995247,0.457363098859787,0.36068347096443176,0.829612672328949,0.0670710876584053,0.7680014967918396,0.04890226572751999,0.025325054302811623,1.2363412380218506,0.12110510468482971,0.025333695113658905,0.030524449422955513,0.03143370896577835,0.02969755418598652,0.028905391693115234
19,8,6.968210309743881,1.0280331373214722,0.9851875901222229,1.056821346282959,1.0352716445922852,0.025939514860510826,0.11344386637210846,0.04008517414331436,0.0544440783560276,0.1847994178533554,0.8120966553688049,0.04665493592619896,0.03157303109765053,0.08440229296684265,0.9429230690002441,0.022827930748462677,0.31890472769737244,0.30599167943000793,0.7191809415817261,0.05724036321043968,0.6073817610740662,0.0674731582403183,0.022593265399336815,1.4103140830993652,0.12238340079784393,0.04348957538604736,0.032143112272024155,0.031533826142549515,0.025870131328701973,0.023457573726773262
19,9,7.076155871897936,1.0271472930908203,0.9859045147895813,1.0579774379730225,1.0364902019500732,0.023059073835611343,0.11761324852705002,0.045379914343357086,0.04930833727121353,0.21403247117996216,0.6384585499763489,0.04071716591715813,0.02847128175199032,0.07761882245540619,1.1286062002182007,0.026751091703772545,0.3607719838619232,0.38979408144950867,1.063212275505066,0.031004685908555984,0.7919818162918091,0.0621148906648159,0.024541819468140602,0.8769099116325378,0.1272873431444168,0.025008343160152435,0.02990790642797947,0.02763831987977028,0.02524440921843052,0.0292180385440588
19,10,5.385602807626128,1.0276130437850952,0.9861773252487183,1.0567286014556885,1.0376936197280884,0.02450612373650074,0.09810349345207214,0.03176146373152733,0.04892583191394806,0.23421785235404968,0.5115194320678711,0.057076673954725266,0.03211195394396782,0.060947854071855545,0.03243027254939079,0.02828902006149292,0.3315275013446808,0.49951326847076416,1.2277748584747314,0.04060230031609535,0.5065984129905701,0.07086510211229324,0.027097349986433983,0.1588307023048401,0.4051769971847534,0.03252314403653145,0.029056891798973083,0.024099713191390038,0.02470647357404232,0.025697601959109306
19,11,4.986576982960105,1.027481198310852,0.9869361519813538,1.0580836534500122,1.0375151634216309,0.022041374817490578,0.12810052931308746,0.026467448100447655,0.05962980538606644,0.203270822763443,0.5216057300567627,0.05438375845551491,0.04808291420340538,0.05674270913004875,0.028259987011551857,0.02586965635418892,0.2868603467941284,0.42377299070358276,1.032754898071289,0.0332210510969162,0.36361441016197205,0.06496956944465637,0.02293883077800274,0.19312287867069244,0.42484235763549805,0.031145988032221794,0.03513309732079506,0.02415511943399906,0.025954719632864,0.027632756158709526
19,12,5.751741324365139,1.0272272825241089,0.9867683053016663,1.0585254430770874,1.0370732545852661,0.02221464365720749,0.17064306139945984,0.05117840692400932,0.054887983947992325,0.1803445965051651,0.6114250421524048,0.05424589663743973,0.04644498601555824,0.06392032653093338,0.039957672357559204,0.0271904356777668,0.3610190749168396,0.32890433073043823,1.2773953676223755,0.0353439562022686,0.41098955273628235,0.061882562935352325,0.025066932663321495,0.2378540337085724,0.7263422608375549,0.025857679545879364,0.037101779133081436,0.025725265964865685,0.026030002161860466,0.0278566163033247
19,13,6.148620159924031,1.026954174041748,0.9860116839408875,1.0575321912765503,1.037182092666626,0.023872649297118187,0.02678234875202179,0.026889696717262268,0.029445338994264603,0.19561776518821716,0.4252973198890686,0.025018656626343727,0.027890147641301155,0.052539288997650146,0.0400560162961483,0.02249853126704693,0.20395983755588531,0.39078059792518616,0.8759284615516663,0.04130350053310394,0.3837258815765381,0.07701753824949265,0.02265256829559803,0.03638753294944763,2.2700181007385254,0.025016896426677704,0.028056789189577103,0.026386048644781113,0.024765102192759514,0.025177516043186188
19,14,7.312137163802982,1.0270798206329346,0.9860693216323853,1.0575261116027832,1.0383373498916626,0.02231413498520851,0.026040690019726753,0.026308078318834305,0.026802076026797295,0.2089053988456726,0.32266178727149963,0.024303343147039413,0.027573196217417717,0.05791587755084038,0.03898560255765915,0.034077130258083344,0.20816394686698914,0.46678614616394043,1.0346535444259644,0.047551825642585754,0.30968424677848816,0.08280754089355469,0.02502126432955265,0.04880007356405258,3.316679000854492,0.027383357286453247,0.03206228092312813,0.02605929970741272,0.023503657430410385,0.025291142985224724
19,15,4.008298671618104,1.0271177291870117,0.9864681363105774,1.0576471090316772,1.038650393486023,0.025791717693209648,0.024586018174886703,0.028512105345726013,0.02834523469209671,0.1569698005914688,0.23670557141304016,0.023708412423729897,0.030297549441456795,0.05412131920456886,0.02633155696094036,0.0276890117675066,0.1898704320192337,0.3270927667617798,1.016542673110962,0.041851647198200226,0.2680182456970215,0.0817161276936531,0.024244027212262154,0.19298981130123138,0.2462424337863922,0.02588101662695408,0.03195319324731827,0.026061438024044037,0.024812959134578705,0.0259869284927845
19,16,4.149851851910353,1.0273942947387695,0.9849849939346313,1.0566190481185913,1.0391836166381836,0.022021831944584846,0.027893144637346268,0.027250828221440315,0.02195812202990055,0.15824714303016663,0.21816563606262207,0.025227496400475502,0.028953876346349716,0.0530630424618721,0.032268304377794266,0.029987432062625885,0.2610071897506714,0.5271540880203247,1.0262798070907593,0.03860394284129143,0.2254590094089508,0.07680715620517731,0.026417326182127,0.11255314946174622,0.25905734300613403,0.026367731392383575,0.030131708830595016,0.025807231664657593,0.023331839591264725,0.024201080203056335
19,17,3.9100695718079805,1.0274485349655151,0.9849827289581299,1.0564221143722534,1.039591670036316,0.021968647837638855,0.026822179555892944,0.02757137455046177,0.02752891555428505,0.15303032100200653,0.19763319194316864,0.023524269461631775,0.028902843594551086,0.0675605833530426,0.03297518938779831,0.03020128235220909,0.24960972368717194,0.40565025806427,0.9988675117492676,0.04684051498770714,0.23309296369552612,0.06810487061738968,0.022522956132888794,0.0906880795955658,0.20422658324241638,0.026465225964784622,0.028782270848751068,0.028092654421925545,0.023606350645422935,0.024111799895763397
19,18,4.091679202392697,1.0273138284683228,0.9850381016731262,1.0565156936645508,1.0400551557540894,0.021061908453702927,0.025595806539058685,0.028941228985786438,0.02411428466439247,0.16299891471862793,0.2372765988111496,0.021106602624058723,0.028291692957282066,0.061587486416101456,0.03988756611943245,0.028584787622094154,0.2293747067451477,0.4983607232570648,1.0279269218444824,0.04626349359750748,0.2395777702331543,0.07033417373895645,0.022912217304110527,0.13020332157611847,0.19889499247074127,0.02526649832725525,0.028564639389514923,0.0255306214094162,0.02165060117840767,0.025587087497115135
19,19,4.056212304532528,1.0270817279815674,0.9852966666221619,1.0571606159210205,1.040436863899231,0.02361561730504036,0.025152703747153282,0.029557647183537483,0.024266989901661873,0.12885995209217072,0.20901019871234894,0.02262296713888645,0.031109802424907684,0.0548054501414299,0.03635725751519203,0.024846380576491356,0.17184671759605408,0.3401329219341278,1.086724042892456,0.04629134759306908,0.21967318654060364,0.07149888575077057,0.021838130429387093,0.33933866024017334,0.20211058855056763,0.023219488561153412,0.026928996667265892,0.02702842466533184,0.024545764550566673,0.022835006937384605
19,20,3.3917035087943077,1.027108907699585,0.9853584170341492,1.0572906732559204,1.0408390760421753,0.021132061257958412,0.03418567776679993,0.026955056935548782,0.023065760731697083,0.14194005727767944,0.2558440864086151,0.02100219763815403,0.02173060178756714,0.030116142705082893,0.04328741878271103,0.02722548507153988,0.25203853845596313,0.36575812101364136,0.5116192102432251,0.043489061295986176,0.18320302665233612,0.07082367688417435,0.022559506818652153,0.09126102924346924,0.2554672360420227,0.023400934413075447,0.029188772663474083,0.027225341647863388,0.02246691845357418,0.024598173797130585
19,21,3.4986351028084757,1.0270533561706543,0.98551344871521,1.056827187538147,1.0407781600952148,0.023538414388895035,0.043160922825336456,0.024211805313825607,0.02347482368350029,0.09220083057880402,0.21001079678535461,0.023455604910850525,0.02432514913380146,0.030019009485840797,0.024045968428254128,0.02654271014034748,0.24208596348762512,0.3818485140800476,0.6795759797096252,0.03893908113241196,0.20694273710250854,0.07372792065143585,0.02296031452715397,0.07683806121349335,0.2793430685997009,0.022912094369530678,0.029812384396791458,0.026363523676991463,0.02585632912814617,0.02440866455435753
19,22,3.3069582458585502,1.027186393737793,0.9859886765480042,1.056710958480835,1.0412967205047607,0.024265171959996223,0.06004112958908081,0.028878772631287575,0.02129935473203659,0.12159492075443268,0.15146543085575104,0.021501682698726654,0.021704237908124924,0.02871120162308216,0.024080507457256317,0.022923046723008156,0.2765648066997528,0.37575462460517883,0.5053510665893555,0.036530401557683945,0.168978750705719,0.0784783661365509,0.021675510331988335,0.09696168452501297,0.2729266881942749,0.02296261675655842,0.027733461931347847,0.028167081996798515,0.021064704284071922,0.02510647475719452
19,23,3.580638919770718,1.0272018909454346,0.9860590696334839,1.0565555095672607,1.0415465831756592,0.02264312654733658,0.055612869560718536,0.025341838598251343,0.02352217026054859,0.11701095849275589,0.12460026890039444,0.024766014888882637,0.023936500772833824,0.02839045226573944,0.04267675802111626,0.023913687095046043,0.2765258848667145,0.40165483951568604,0.7445005178451538,0.03547559306025505,0.20737969875335693,0.05704014375805855,0.022858137264847755,0.10563714802265167,0.26933273673057556,0.02419760264456272,0.027049854397773743,0.0235477052628994,0.02293623797595501,0.02781556360423565
19,24,3.5692509178072216,1.0271738767623901,0.9856052398681641,1.0564098358154297,1.0407930612564087,0.02306256629526615,0.05946690961718559,0.024655018001794815,0.02462446503341198,0.14246071875095367,0.1468571126461029,0.019878393039107323,0.023745853453874588,0.03151840344071388,0.03229181841015816,0.025316353887319565,0.2872207462787628,0.3545617163181305,0.6759013533592224,0.03597954660654068,0.22729972004890442,0.06557687371969223,0.02038676291704178,0.11150629073381424,0.288968026638031,0.023362934589385986,0.027239160612225533,0.02761480212211609,0.021503791213035583,0.026255177333950996
20,0,53.64953755140304,1.02772057056427,0.9859315156936646,1.0553823709487915,1.0445493459701538,0.9188396334648132,0.7362709641456604,1.8042888641357422,0.955814003944397,1.5920697450637817,3.0989296436309814,1.5240600109100342,0.7914703488349915,1.5189181566238403,1.340818166732788,0.6788231730461121,5.129634857177734,4.163174629211426,4.481762409210205,3.64279842376709,1.8534687757492065,0.6231860518455505,1.8350706100463867,2.497366189956665,0.906796932220459,1.734884262084961,1.5660617351531982,4.29301118850708,2.5075204372406006,2.631781578063965
20,1,8.523427937924861,1.0312484502792358,0.9937275648117065,1.0560158491134644,1.0741311311721802,0.03211572393774986,0.7149713039398193,0.21147014200687408,0.05322972685098648,0.2654397785663605,0.08328355848789215,0.028117714449763298,0.1320759654045105,0.11186572164297104,0.5888529419898987,0.1283438354730606,0.5407738089561462,0.06922495365142822,0.6479712724685669,2.5136420726776123,0.1880693882703781,0.10576368123292923,0.07399790734052658,0.2417316883802414,0.664428174495697,0.1546514630317688,0.04858679696917534,0.03397452086210251,0.026980971917510033,0.03284022584557533
20,2,7.970005021989346,1.0276285409927368,0.9916184544563293,1.0558528900146484,1.0650320053100586,0.028338270261883736,0.47604042291641235,0.13952481746673584,0.03255757316946983,0.10882779955863953,0.07487329840660095,0.025806641206145287,0.024279873818159103,0.1846194565296173,0.06708438694477081,1.5047314167022705,0.8351808190345764,0.0943634882569313,1.065658688545227,0.5040850639343262,0.10332705825567245,0.07504852861166,0.15164750814437866,0.16357988119125366,1.1530728340148926,0.19137491285800934,0.04723738878965378,0.03071446157991886,0.025193775072693825,0.034810278564691544
20,3,10.009319404512643,1.0288898944854736,0.9862515926361084,1.0569422245025635,1.0671517848968506,0.032914936542510986,1.6371420621871948,0.055671267211437225,0.04647434130311012,0.41003578901290894,0.2899719774723053,0.07100378721952438,0.03495952859520912,0.03365573287010193,0.043645862489938736,0.5189080834388733,0.9494115114212036,0.1426098346710205,1.8589683771133423,0.405693382024765,0.2482863962650299,0.11574143171310425,0.5626318454742432,0.09486223757266998,1.4301544427871704,0.05442323908209801,0.050272367894649506,0.03591732680797577,0.02714942954480648,0.030967114493250847
20,4,8.884082706645131,1.0298051834106445,0.9840337038040161,1.0547024011611938,1.041330099105835,0.02525979094207287,0.04415151849389076,0.04395630955696106,0.0288268830627203,0.09061985462903976,0.253576397895813,0.028725620359182358,0.03125760331749916,0.05180882290005684,0.262441486120224,0.04882277175784111,1.3624557256698608,0.23342327773571014,2.1917788982391357,0.08120168745517731,0.3853723406791687,0.12128528952598572,0.025978934019804,0.19608764350414276,2.3564095497131348,0.089882031083107,0.02727832831442356,0.030603189021348953,0.02591567486524582,0.024988800287246704
20,5,8.106097950041294,1.0317463874816895,0.9836069941520691,1.055116891860962,1.038496494293213,0.02645988203585148,0.05633305758237839,0.04636078327894211,0.03356568515300751,0.08613064140081406,0.3506389260292053,0.030567815527319908,0.026630854234099388,0.041877858340740204,0.2114306390285492,0.04800935089588165,1.7804930210113525,0.25242581963539124,1.865027666091919,0.14129464328289032,0.19588297605514526,0.09620429575443268,0.028549883514642715,0.22501306235790253,1.5403900146484375,0.07528531551361084,0.030834853649139404,0.033175043761730194,0.029828881844878197,0.03189362585544586
20,6,9.387857180833816,1.0304656028747559,0.9838117957115173,1.0548293590545654,1.0367223024368286,0.029874267056584358,0.05664583295583725,0.045355599373579025,0.027760982513427734,0.18863673508167267,0.9070814251899719,0.025445902720093727,0.034848641604185104,0.036067329347133636,0.33865296840667725,0.03735014423727989,1.7130292654037476,0.34684818983078003,1.6272087097167969,0.10033802688121796,0.3150583505630493,0.10598669946193695,0.02326626516878605,0.3075036108493805,2.047513246536255,0.13256075978279114,0.0324324294924736,0.027930142357945442,0.032593704760074615,0.026702139526605606
20,7,10.91886889114976,1.0308449268341064,0.9843614101409912,1.0548173189163208,1.037355899810791,0.023560259491205215,0.047306716442108154,0.025251954793930054,0.024722736328840256,0.22888703644275665,1.8460378646850586,0.02382030338048935,0.06467273086309433,0.033105600625276566,0.14585740864276886,0.026104046031832695,2.271744966506958,0.30640503764152527,1.8597989082336426,0.11257598549127579,0.2484581619501114,0.10618246346712112,0.020899077877402306,0.09072369337081909,2.3154587745666504,0.15740561485290527,0.033335402607917786,0.03046073019504547,0.025678418576717377,0.028939086943864822
20,8,9.715513732656836,1.0307133197784424,0.9848581552505493,1.0547982454299927,1.037998914718628,0.02493666671216488,0.04892709478735924,0.02617916837334633,0.025428473949432373,0.21404558420181274,2.688194990158081,0.02396327629685402,0.029476793482899666,0.03297531604766846,0.38865238428115845,0.026939017698168755,2.5430517196655273,0.12461306899785995,1.0737847089767456,0.089534692466259,0.2011767029762268,0.04468858614563942,0.020959271118044853,0.051336560398340225,0.9995552897453308,0.0966237410902977,0.030255785211920738,0.03066319040954113,0.022789543494582176,0.03508837893605232
21,0,57.34835593700409,1.0267821550369263,0.9897626638412476,1.0564794540405273,1.0539193153381348,1.1833434104919434,0.8758655786514282,1.819464087486267,1.1987826824188232,1.702172875404358,3.22900128364563,1.2331061363220215,0.7537843585014343,1.8894035816192627,1.7563475370407104,0.8750324845314026,4.319521903991699,4.30908727645874,5.071512699127197,4.264622211456299,1.9189168214797974,0.623703122138977,2.0472214221954346,2.9951229095458984,0.6541475057601929,1.6899991035461426,3.036278247833252,4.125863075256348,2.829284191131592,2.121382713317871
21,1,10.279757378995418,1.039052963256836,0.9842363595962524,1.0629502534866333,1.047273874282837,0.02729446440935135,0.8461738228797913,0.03743995726108551,0.025509651750326157,0.3474990129470825,0.08795735239982605,0.028717052191495895,0.047084491699934006,0.13123635947704315,0.15131136775016785,0.29101988673210144,0.5540652275085449,0.32707178592681885,0.866443932056427,2.9469950199127197,0.3245573043823242,0.19115087389945984,1.259087324142456,0.0933414101600647,0.6352083683013916,0.09441358596086502,0.03742613270878792,0.03773301839828491,0.034758590161800385,0.0295586958527565
21,2,6.910076788440347,1.0336052179336548,0.9847964644432068,1.0607068538665771,1.0484380722045898,0.02971775270998478,0.8633244633674622,0.052657175809144974,0.02773411199450493,0.5040519833564758,0.1170726865530014,0.06837023049592972,0.08246957510709763,0.11197995394468307,0.2844783663749695,0.06342614442110062,0.8744171261787415,0.18713831901550293,1.3968405723571777,0.11252729594707489,0.18731871247291565,0.11239548027515411,0.0336136557161808,0.10433202236890793,0.7029070854187012,0.046627964824438095,0.0337248332798481,0.030104678124189377,0.02642470970749855,0.03091256693005562
21,3,8.896265826001763,1.0321674346923828,0.9846583008766174,1.058679223060608,1.046329140663147,0.032801780849695206,0.9295470118522644,0.059972189366817474,0.030053386464715004,0.40197861194610596,0.1716255247592926,0.06805168092250824,0.026112888008356094,0.09024451673030853,0.3271511495113373,0.04241236299276352,1.372857928276062,1.1670502424240112,1.458500623703003,0.0490342415869236,0.8725234866142273,0.24763718247413635,0.02488003298640251,0.20826874673366547,0.3107103407382965,0.03025555983185768,0.02717503346502781,0.040708381682634354,0.030449600890278816,0.05189650133252144
21,4,7.965107692033053,1.0298982858657837,0.9843114614486694,1.054999828338623,1.0405904054641724,0.02640068717300892,0.029961969703435898,0.06631114333868027,0.02212481200695038,0.3268626928329468,0.95042484998703,0.06593284010887146,0.035637129098176956,0.09683708101511002,0.029281243681907654,0.03786782920360565,1.6339606046676636,0.21435262262821198,1.3878211975097656,0.04819502308964729,0.9891386032104492,0.12589365243911743,0.021388350054621696,0.21426773071289062,0.6331315636634827,0.023501241579651833,0.02866252325475216,0.035352420061826706,0.03125749155879021,0.06858239322900772
21,5,8.405555363744497,1.0286964178085327,0.9850046634674072,1.054726243019104,1.0495514869689941,0.02665717527270317,0.0354500412940979,0.06193671002984047,0.02405424416065216,0.14192457497119904,1.176988959312439,0.04596353694796562,0.029369914904236794,0.04209291934967041,0.03090011142194271,0.03172457590699196,1.9924814701080322,0.3825851082801819,0.9722981452941895,0.04716528207063675,1.070199966430664,0.09632651507854462,0.021641694009304047,0.22647152841091156,0.9405404925346375,0.02438901551067829,0.02860134094953537,0.03000505454838276,0.03918682038784027,0.06300440430641174
21,6,7.654880144447088,1.0273200273513794,0.985296368598938,1.054628849029541,1.051015853881836,0.02373559959232807,0.03985258936882019,0.07228410989046097,0.02413744106888771,0.27649736404418945,0.7228776812553406,0.047220926731824875,0.02970842830836773,0.04345836490392685,0.06273176521062851,0.03338402509689331,2.142643451690674,0.34754353761672974,0.8307496905326843,0.05412235110998154,1.1292428970336914,0.4407051205635071,0.020852074027061462,0.21370835602283478,0.09415479749441147,0.026539351791143417,0.026376619935035706,0.026439670473337173,0.03333594277501106,0.06892576813697815
21,7,9.679965142533183,1.0270328521728516,0.9846053719520569,1.054738998413086,1.0495471954345703,0.0232978668063879,0.05450507998466492,0.07898323982954025,0.026113463565707207,0.3846152126789093,0.6616618037223816,0.049790456891059875,0.031281210482120514,0.03850693628191948,0.07311417907476425,0.062041640281677246,3.4271371364593506,0.5330286622047424,1.1177008152008057,0.04721489176154137,1.2528482675552368,0.4928770959377289,0.02435293048620224,0.17460745573043823,0.13364258408546448,0.024538183584809303,0.029454924166202545,0.028776943683624268,0.03201744332909584,0.05467183515429497
21,8,8.653738025203348,1.0268293619155884,0.9846575260162354,1.054892897605896,1.0476914644241333,0.022913232445716858,0.05683835595846176,0.09786410629749298,0.02571365423500538,0.4663825035095215,1.0526230335235596,0.059547897428274155,0.02167532406747341,0.03486020490527153,0.08838806301355362,0.03309278562664986,2.923114776611328,0.4737210273742676,0.8219982981681824,0.049969159066677094,0.6615704298019409,0.44404086470603943,0.025393111631274223,0.20361556112766266,0.1181081160902977,0.0280577652156353,0.023194439709186554,0.02787178009748459,0.02971234917640686,0.040656935423612595
22,0,57.046605217456815,1.02772057056427,0.9859315156936646,1.0553823709487915,1.0445493459701538,0.47172975540161133,0.9000263214111328,2.021857500076294,1.7810947895050049,2.5074756145477295,2.842717170715332,1.6700198650360107,1.046364665031433,1.584365963935852,1.256088137626648,1.5742082595825195,3.886244773864746,4.955392360687256,4.58601713180542,4.626727104187012,1.442707896232605,0.9200677871704102,2.2945830821990967,2.0389161109924316,0.8888887763023376,1.948853611946106,2.2503116130828857,4.333107948303223,2.194427490234375,2.2016947269439697
22,1,9.509483401849867,1.02682363986969,0.9923445582389832,1.0549418926239014,1.0627681016921997,0.023981289938092232,0.9233460426330566,0.04363075643777847,0.16146720945835114,0.4779145121574402,0.25441229343414307,0.13265709578990936,0.05249660834670067,0.09883905947208405,0.20138710737228394,0.07762183248996735,0.2968335449695587,0.19658143818378448,0.3692038953304291,3.254056453704834,0.49362221360206604,0.186479851603508,0.8097655177116394,0.24051979184150696,0.07688742130994797,0.12624046206474304,0.043231938034296036,0.040623195469379425,0.038636937737464905,0.06167129427194595
22,2,8.397582310065626,1.0274618864059448,0.984809160232544,1.0547311305999756,1.0384725332260132,0.02451467514038086,0.2060987651348114,0.07972776889801025,0.17138490080833435,0.3982177674770355,0.2881835997104645,0.09764374792575836,0.07637697458267212,0.09070318937301636,0.023632453754544258,0.10056687891483307,0.9531900882720947,0.3317404091358185,1.0714017152786255,0.176007479429245,1.8730592727661133,0.2320818156003952,0.045397285372018814,0.6469773650169373,0.4360398054122925,0.05063894763588905,0.04467187076807022,0.028530720621347427,0.049245163798332214,0.08045470714569092
22,3,14.453276911377907,1.0267612934112549,0.9857573509216309,1.054656982421875,1.0390212535858154,0.02844179980456829,0.2803468108177185,0.12868192791938782,0.027001162990927696,0.23228828608989716,0.7966300845146179,0.02618427574634552,0.03582930192351341,0.11574368178844452,0.3033131957054138,0.09200482070446014,1.1603007316589355,0.31047070026397705,1.6951112747192383,0.17418858408927917,4.809267044067383,0.06883621960878372,0.03719944879412651,0.15936192870140076,2.2616748809814453,0.7050274610519409,0.03907119110226631,0.035961221903562546,0.050954002887010574,0.05814749747514725
22,4,13.483310616016388,1.027624487876892,0.9855654835700989,1.0545505285263062,1.0455780029296875,0.024861009791493416,0.029516812413930893,0.0790015161037445,0.04043333977460861,0.13631506264209747,0.7477627992630005,0.024529270827770233,0.0217983927577734,0.12509526312351227,0.05027981474995613,0.10159177333116531,4.675177574157715,0.3558712303638458,1.5408263206481934,0.18066097795963287,1.000620722770691,0.15747515857219696,0.029560646042227745,0.34007295966148376,1.9076414108276367,0.8988258242607117,0.029499145224690437,0.0315234400331974,0.053331922739744186,0.07837452739477158
22,5,11.142130572348833,1.0280954837799072,0.9860087633132935,1.0546038150787354,1.0458005666732788,0.02527928724884987,0.029544087126851082,0.07018423825502396,0.025430679321289062,0.11929363757371902,0.41383692622184753,0.02480592019855976,0.025083880871534348,0.1119861826300621,0.03913594409823418,0.11743994802236557,4.022325038909912,0.45872658491134644,0.9649754762649536,0.17160798609256744,1.0489006042480469,0.12681658565998077,0.023892410099506378,0.09708169102668762,2.098074436187744,0.16789937019348145,0.03246845677495003,0.027919001877307892,0.04079706221818924,0.03572341054677963
22,6,8.843014380335807,1.0276621580123901,0.9866244792938232,1.054757833480835,1.0453788042068481,0.024731498211622238,0.0806950181722641,0.06576710194349289,0.02581988461315632,0.14131110906600952,0.3684026598930359,0.0236582662910223,0.026651006191968918,0.05469830334186554,0.04189290478825569,0.11445023119449615,4.657957077026367,0.6830704212188721,0.6245498657226562,0.17502599954605103,0.40868788957595825,0.11539942771196365,0.023345138877630234,0.08930803090333939,0.061795447021722794,0.06967459619045258,0.029815511777997017,0.024119218811392784,0.0491206981241703,0.04018241912126541
22,7,9.606705491617323,1.0269687175750732,0.9891757369041443,1.0546398162841797,1.046693205833435,0.023193657398223877,0.05819735303521156,0.06079959124326706,0.028072116896510124,0.1457619071006775,0.2970368266105652,0.024470675736665726,0.027526255697011948,0.07252224534749985,0.028064770624041557,0.10135804116725922,5.556807518005371,0.5753564238548279,0.5815106630325317,0.1591113805770874,0.4962734282016754,0.06246531009674072,0.024023955687880516,0.09024661779403687,0.16798105835914612,0.05636052042245865,0.0312994122505188,0.027393262833356857,0.03522563725709915,0.05215136706829071
22,8,9.76980363279581,1.0268261432647705,0.9881646633148193,1.0547281503677368,1.0451494455337524,0.02538752183318138,0.0819053202867508,0.06250912696123123,0.028709815815091133,0.12507516145706177,0.3911172151565552,0.02620530128479004,0.027562612667679787,0.0691928043961525,0.02902667224407196,0.03618543967604637,5.88016939163208,0.48139944672584534,0.5208126902580261,0.14612480998039246,0.44237539172172546,0.07822194695472717,0.02430395409464836,0.09968846291303635,0.20836696028709412,0.054842423647642136,0.03200317919254303,0.025192027911543846,0.021159272640943527,0.02929300256073475
23,0,55.364958870410916,1.02772057056427,0.9859315156936646,1.0553823709487915,1.0445493459701538,0.30953410267829895,0.44837304949760437,1.836812973022461,1.4077578783035278,2.1526670455932617,3.8836019039154053,2.3710343837738037,0.5558103322982788,2.0398290157318115,1.3026660680770874,0.443048894405365,4.067895889282227,4.379281997680664,4.663364410400391,4.310919284820557,1.8286136388778687,0.9852123856544495,2.125110387802124,1.9089281558990479,0.9626951813697815,2.462660789489746,2.0727343559265137,3.4583804607391357,2.5350630283355713,2.0302464962005615
23,1,13.400145749747754,1.038404107093811,0.9912380576133728,1.062922716140747,1.0756456851959229,0.058704767376184464,0.19784674048423767,1.6265498399734497,0.1323067992925644,0.3469080924987793,0.4865020513534546,0.024412285536527634,0.06406717002391815,0.17879438400268555,0.17955932021141052,0.2836849093437195,0.40031421184539795,0.3655637204647064,0.3975318372249603,2.1276984214782715,0.26315784454345703,0.03786318376660347,0.7087147831916809,0.9417158365249634,0.8760178089141846,0.027246911078691483,0.05079437047243118,0.05597466975450516,2.693899393081665,0.04067428410053253
23,2,8.687094502151012,1.050266146659851,0.9944306015968323,1.0617480278015137,1.0563093423843384,0.029608476907014847,0.2444409430027008,0.04036905616521835,0.05473817512392998,0.11742524802684784,0.052162352949380875,0.036067672073841095,0.024500716477632523,0.05740530043840408,0.13704665005207062,0.09667273610830307,0.9802235960960388,1.120604395866394,0.4207533001899719,0.5762944221496582,0.6170252561569214,0.03725113719701767,0.6322564482688904,1.032788872718811,1.2619836330413818,0.041916754096746445,0.04178112745285034,0.10094788670539856,0.023678671568632126,0.07660084962844849
23,3,9.17051943205297,1.0333906412124634,0.994871973991394,1.0549126863479614,1.0436911582946777,0.029927121475338936,0.3112875819206238,0.030020209029316902,0.05406854674220085,0.09828117489814758,0.09350132197141647,0.030003715306520462,0.02561921812593937,0.07840941101312637,0.1713479906320572,0.10202367603778839,1.3198750019073486,0.7711076140403748,0.38048315048217773,0.34875378012657166,0.7244035005569458,0.025554809719324112,0.5578248500823975,1.5203793048858643,1.2748068571090698,0.20547236502170563,0.03838064894080162,0.06358720362186432,0.026712603867053986,0.06331448256969452
23,4,7.212509187310934,1.0323799848556519,0.9943073987960815,1.0558699369430542,1.0444258451461792,0.04735521599650383,0.5610387921333313,0.03439531847834587,0.031200166791677475,0.20973919332027435,0.11269448697566986,0.03412310779094696,0.022159846499562263,0.03207298740744591,0.10564658790826797,0.10680228471755981,0.5550713539123535,1.680714726448059,0.7255442142486572,0.9161173105239868,0.3224342465400696,0.18947619199752808,0.12683123350143433,0.12782108783721924,0.28075554966926575,0.03172721713781357,0.030106138437986374,0.03547509014606476,0.029846837744116783,0.037963367998600006
23,5,7.142646339908242,1.0298137664794922,0.9933781623840332,1.0580723285675049,1.04740309715271,0.032500334084033966,0.8214964270591736,0.03406810387969017,0.02934279665350914,0.18436770141124725,0.2425147294998169,0.02491072192788124,0.026429597288370132,0.06183156743645668,0.05325036123394966,0.0761452317237854,0.36847126483917236,1.700500726699829,1.3453450202941895,0.12709030508995056,0.5205656290054321,0.2949066758155823,0.021572435274720192,0.04259639233350754,0.13657242059707642,0.04609808325767517,0.03115142695605755,0.03252116218209267,0.027597909793257713,0.035065844655036926
23,6,7.148448194563389,1.0291461944580078,0.9902174472808838,1.0559204816818237,1.0428874492645264,0.033846549689769745,0.6838759779930115,0.028239859268069267,0.029524900019168854,0.21694551408290863,0.14593708515167236,0.025074193254113197,0.05208427831530571,0.08701928704977036,0.027082638815045357,0.0371435321867466,0.5698277950286865,1.8500019311904907,1.3266520500183105,0.06451188027858734,0.4910777509212494,0.29505810141563416,0.022952672094106674,0.05556990206241608,0.13536131381988525,0.02781428024172783,0.03247193992137909,0.03441907465457916,0.02538083679974079,0.026940535753965378
23,7,6.058719158545136,1.028000831604004,0.987332284450531,1.0561550855636597,1.0429037809371948,0.038618914783000946,0.04674430936574936,0.024096351116895676,0.026439733803272247,0.1509765237569809,0.07596766203641891,0.021347183734178543,0.04585946351289749,0.05732361599802971,0.03000209666788578,0.024864502251148224,0.7400499582290649,0.9644430875778198,1.860768437385559,0.08527281135320663,0.5044301748275757,0.19967056810855865,0.022432895377278328,0.04523486644029617,0.12218537926673889,0.024405989795923233,0.03447974473237991,0.02844211831688881,0.028126472607254982,0.033657900989055634
23,8,6.503515309467912,1.0275496244430542,0.986452579498291,1.0563851594924927,1.0421326160430908,0.03424439951777458,0.15369313955307007,0.032689522951841354,0.0273867417126894,0.20890942215919495,0.08898614346981049,0.024242881685495377,0.035778239369392395,0.06555163115262985,0.042134106159210205,0.028213808313012123,0.7730678915977478,1.3077327013015747,1.7500559091567993,0.10377266258001328,0.4543937146663666,0.17652878165245056,0.02193506248295307,0.06329407542943954,0.14042042195796967,0.025034502148628235,0.03106432780623436,0.030623437836766243,0.027017949149012566,0.034239839762449265
23,9,6.8745876584202055,1.0272021293640137,0.9872195720672607,1.0557806491851807,1.042696475982666,0.03540824353694916,0.13687388598918915,0.03153768181800842,0.023140041157603264,0.13073278963565826,0.09767358005046844,0.02031874842941761,0.03355035558342934,0.0683988705277443,0.0448109433054924,0.02596563845872879,0.8024570941925049,1.3141484260559082,1.9837455749511719,0.09114260971546173,0.6113553643226624,0.21650277078151703,0.020722731947898865,0.03195294737815857,0.17944659292697906,0.024738024920225143,0.04090604558587074,0.029167138040065765,0.025719625875353813,0.03159216791391373
23,10,7.257633443921804,1.0268393754959106,0.9855161309242249,1.0553776025772095,1.0428615808486938,0.0335041768848896,0.1618545651435852,0.0348387211561203,0.023206202313303947,0.10786430537700653,0.06298213452100754,0.02020883560180664,0.03226371482014656,0.0596548430621624,0.05188491940498352,0.024954434484243393,0.8339970111846924,1.2272288799285889,2.3843512535095215,0.08938083052635193,0.6450339555740356,0.25641512870788574,0.022450821474194527,0.08065933734178543,0.13709622621536255,0.02289595641195774,0.03149338811635971,0.027691271156072617,0.030134523287415504,0.0334690697491169
23,11,6.882534045726061,1.0269672870635986,0.9862430095672607,1.055301308631897,1.0425447225570679,0.028291482478380203,0.17199921607971191,0.037595704197883606,0.0271498654037714,0.14559920132160187,0.05772782862186432,0.023411300033330917,0.03240353241562843,0.062022339552640915,0.04020362347364426,0.022806884720921516,0.8084397912025452,1.1681536436080933,2.2462363243103027,0.10996020585298538,0.5034320950508118,0.1969393640756607,0.02409323863685131,0.070835642516613,0.1416160613298416,0.022409310564398766,0.03015468455851078,0.024836018681526184,0.025502169504761696,0.0385032519698143
23,12,7.47793510556221,1.0269181728363037,0.9870730042457581,1.0551414489746094,1.04498291015625,0.027553889900445938,0.20937085151672363,0.03678501769900322,0.023811766877770424,0.14970409870147705,0.07491643726825714,0.021659191697835922,0.027332983911037445,0.061507079750299454,0.03298525512218475,0.02561197616159916,1.037239909172058,1.3257625102996826,2.842594861984253,0.09871746599674225,0.1004013642668724,0.2122550904750824,0.021348850801587105,0.059289973229169846,0.13295213878154755,0.023950286209583282,0.03030983731150627,0.028439633548259735,0.022372230887413025,0.0282392967492342
23,13,6.899512175470591,1.0275911092758179,0.9870970845222473,1.0549696683883667,1.0444892644882202,0.028992317616939545,0.13505180180072784,0.04124652221798897,0.022341692820191383,0.11189810931682587,0.08665670454502106,0.02068408578634262,0.03471553698182106,0.0728820189833641,0.10327606648206711,0.023178815841674805,0.7464597225189209,1.0602226257324219,2.897653579711914,0.08151696622371674,0.1275377869606018,0.10622803866863251,0.0231291763484478,0.07458607852458954,0.13697952032089233,0.024880580604076385,0.030631478875875473,0.025973135605454445,0.02408960461616516,0.035870783030986786
24,0,55.52887353301048,1.0303903818130493,0.9892525672912598,1.055973768234253,1.042989730834961,0.621166467666626,0.4612080752849579,1.6839748620986938,1.6397345066070557,1.827341914176941,3.3388681411743164,1.3652766942977905,1.142350196838379,1.7917109727859497,1.3577461242675781,1.0248993635177612,4.592650890350342,3.9868335723876953,4.696170806884766,4.478180408477783,1.9330799579620361,0.7840198278427124,1.6937788724899292,2.1087703704833984,1.4779963493347168,2.4717204570770264,1.915738582611084,3.99424147605896,1.9529701471328735,2.3647232055664062
24,1,12.780692809075116,1.0362745523452759,0.9858038425445557,1.0830283164978027,1.0428977012634277,0.02662290818989277,0.059984080493450165,1.1109120845794678,0.05370178073644638,0.08556921780109406,0.7541734576225281,0.02421068213880062,0.15806911885738373,0.06444042921066284,0.4421636760234833,0.21264898777008057,0.9826624989509583,0.31720030307769775,0.3963288962841034,2.764220714569092,0.08947597444057465,0.8879085779190063,0.9321574568748474,0.16954687237739563,0.20236948132514954,0.05235232785344124,0.05666021630167961,0.07058293372392654,1.995611310005188,0.041517939418554306
24,2,8.930192280560732,1.0311675071716309,0.9846559762954712,1.0888673067092896,1.0408313274383545,0.024355679750442505,0.18222002685070038,0.03657577559351921,0.051083099097013474,0.03140690177679062,0.08131562173366547,0.03130565211176872,0.10702262073755264,0.09351496398448944,0.2144927680492401,0.25222405791282654,1.458784580230713,0.17073263227939606,0.8573119640350342,0.9798626899719238,1.0637791156768799,0.07937821745872498,0.17623180150985718,1.6043230295181274,0.39488133788108826,0.043115559965372086,0.03695288300514221,0.04291290417313576,0.03026248887181282,0.057041484862565994
24,3,9.425568025931716,1.030658483505249,0.9852635860443115,1.0929145812988281,1.0357686281204224,0.025587141513824463,0.24154086410999298,0.044104866683483124,0.04112996533513069,0.04943577200174332,0.07287827879190445,0.025000430643558502,0.10073191672563553,0.09534300118684769,0.23037219047546387,0.33327198028564453,1.1926079988479614,0.20743414759635925,0.9327221512794495,0.3844446539878845,1.9241727590560913,0.23566047847270966,0.28280091285705566,1.1172807216644287,0.8722164630889893,0.04841088503599167,0.03054417483508587,0.03618540242314339,0.03257676213979721,0.04019305109977722
24,4,11.705757373943925,1.0272139310836792,0.9864654541015625,1.0685749053955078,1.037794589996338,0.02354678139090538,0.028618615120649338,0.04887848719954491,0.03135208040475845,0.11316467821598053,0.09288499504327774,0.03220965713262558,0.11489325761795044,0.1349087655544281,0.05069301649928093,0.07949692010879517,1.598239541053772,0.3080732226371765,1.120546817779541,0.08122758567333221,2.09306001663208,0.3102271854877472,0.25479036569595337,0.6402366161346436,3.5030999183654785,0.08603832870721817,0.03185128793120384,0.047193482518196106,0.02900100313127041,0.027514971792697906
24,5,7.407352622970938,1.0269371271133423,0.9856875538825989,1.0646010637283325,1.0393078327178955,0.023581460118293762,0.03700382262468338,0.04389610141515732,0.027902698144316673,0.1258070021867752,0.2157796323299408,0.0370473749935627,0.023242801427841187,0.03320557251572609,0.051847487688064575,0.052213236689567566,1.6874488592147827,0.3619951605796814,1.0700523853302002,0.1577981412410736,0.9722818732261658,0.3700091242790222,0.26096972823143005,0.2335384339094162,0.6270383596420288,0.034043144434690475,0.03257570043206215,0.044674407690763474,0.026960231363773346,0.033133167773485184
24,6,7.630993427708745,1.0268077850341797,0.9856120944023132,1.0609440803527832,1.0393747091293335,0.024887440726161003,0.036371443420648575,0.0491563081741333,0.030063822865486145,0.13411648571491241,0.7608904838562012,0.03284059837460518,0.02748553454875946,0.031071973964571953,0.05122499167919159,0.05368148162961006,1.3934056758880615,0.21554282307624817,1.8538082838058472,0.05783730372786522,0.32401028275489807,0.23637905716896057,0.022799566388130188,0.19636021554470062,1.134027123451233,0.026296274736523628,0.030561164021492004,0.03337130323052406,0.023312076926231384,0.028943978250026703
24,7,7.968788157403469,1.0273218154907227,0.9872445464134216,1.0580859184265137,1.0426281690597534,0.025480717420578003,0.040040917694568634,0.038074713200330734,0.023944377899169922,0.10272377729415894,1.4505231380462646,0.022276652976870537,0.025942450389266014,0.05530310794711113,0.03216473385691643,0.044192176312208176,1.733862042427063,0.1506166011095047,1.3532148599624634,0.04228530824184418,0.3061125874519348,0.294075608253479,0.025922484695911407,0.20469918847084045,1.0218967199325562,0.025733310729265213,0.03098137676715851,0.034239593893289566,0.02477356418967247,0.036652058362960815
24,8,9.493511743843555,1.0277823209762573,0.9870677590370178,1.0562188625335693,1.0420029163360596,0.02304796129465103,0.085001140832901,0.03072972409427166,0.020786859095096588,0.12904590368270874,1.8416975736618042,0.023528432473540306,0.023062212392687798,0.0712631419301033,0.02279021218419075,0.03980294615030289,2.2486605644226074,0.16441549360752106,1.7641226053237915,0.040075190365314484,0.33247455954551697,0.33062687516212463,0.023322295397520065,0.21393291652202606,1.092405080795288,0.03305660933256149,0.03150894120335579,0.031548116356134415,0.024997180327773094,0.028994835913181305
24,9,10.158146243914961,1.0277191400527954,0.9877980947494507,1.0560487508773804,1.0421748161315918,0.02121632918715477,0.08004271984100342,0.03025849163532257,0.021943379193544388,0.14035436511039734,2.151066541671753,0.022138535976409912,0.022330939769744873,0.09513774514198303,0.025982046499848366,0.04500282183289528,2.005038022994995,0.24310505390167236,2.1697070598602295,0.04581639915704727,0.3152241110801697,0.43886852264404297,0.02015603333711624,0.17630070447921753,1.1014536619186401,0.04084844887256622,0.0322294682264328,0.033131424337625504,0.028531067073345184,0.029514189809560776
24,10,13.150060145929455,1.0279507637023926,0.9869997501373291,1.056838035583496,1.043756365776062,0.023791365325450897,0.05937730520963669,0.028674401342868805,0.02488676831126213,0.188762366771698,3.7994961738586426,0.02295692078769207,0.026181809604167938,0.06978403031826019,0.05451507493853569,0.04221794009208679,2.563680648803711,0.13981419801712036,2.9903688430786133,0.043967925012111664,0.3693796694278717,0.243259459733963,0.02370964176952839,0.163712278008461,1.2821112871170044,0.04218422248959541,0.02927384339272976,0.02971785143017769,0.02798015996813774,0.037146978080272675
24,11,11.705999222770334,1.0283347368240356,0.9871658086776733,1.0568149089813232,1.042587399482727,0.02372552454471588,0.039982832968235016,0.03143324330449104,0.024660594761371613,0.15884022414684296,3.2710516452789307,0.023243198171257973,0.027032000944018364,0.09076199680566788,0.025189263746142387,0.03677721321582794,2.296645402908325,0.20788869261741638,2.6000378131866455,0.058277297765016556,0.18068523705005646,0.25544360280036926,0.02397431619465351,0.3133354187011719,1.021925687789917,0.053598493337631226,0.02907366119325161,0.02838243916630745,0.024586040526628494,0.0364668108522892
25,0,59.94359867572784,1.02772057056427,0.9859315156936646,1.0553823709487915,1.0445493459701538,0.6339433789253235,0.6329378485679626,2.1688239574432373,2.9199447631835938,1.5320559740066528,3.105849266052246,2.264355182647705,0.8040208220481873,1.7535923719406128,1.650766134262085,0.7861514687538147,4.250365257263184,4.244062423706055,5.079961776733398,3.7399752140045166,2.008885622024536,1.0512622594833374,2.1093080043792725,2.7823681831359863,0.9014484882354736,3.3442585468292236,2.1778581142425537,3.8298707008361816,2.4074959754943848,2.9413201808929443
25,1,9.013396772369742,1.0267939567565918,0.9865909218788147,1.05611252784729,1.0634225606918335,0.02623855508863926,0.6090513467788696,0.1587102860212326,0.04306486248970032,0.1468866616487503,0.09951847791671753,0.04200517013669014,0.0349419005215168,0.04237842559814453,0.08142007142305374,0.12646880745887756,0.18018341064453125,0.16899290680885315,0.848940908908844,2.6439926624298096,0.18876002728939056,0.08453486114740372,1.8506876230239868,0.4524645209312439,0.06964422762393951,0.07484885305166245,0.05285118520259857,0.04186129942536354,0.053620606660842896,0.06474512070417404
25,2,9.76502292342484,1.0268473625183105,0.98606276512146,1.0620615482330322,1.0435229539871216,0.02479335479438305,0.6745527386665344,0.06726114451885223,0.026042111217975616,0.14434541761875153,0.03361018747091293,0.029074495658278465,0.03163577988743782,0.09099292010068893,0.2558993697166443,0.0813082903623581,1.19813871383667,0.18194814026355743,0.719219982624054,0.9273674488067627,0.5138607621192932,0.2071976363658905,2.9923136234283447,0.378965824842453,0.15210536122322083,0.03056899644434452,0.04381011053919792,0.03641318529844284,0.05857124924659729,0.04132715240120888
25,3,12.172119241207838,1.0283342599868774,0.9836496710777283,1.0549428462982178,1.040655493736267,0.02225090004503727,0.6779716610908508,0.2496173083782196,0.025837214663624763,0.2997364103794098,0.14444442093372345,0.025571376085281372,0.030411463230848312,0.06227375939488411,0.07304991781711578,0.17549754679203033,1.5563971996307373,0.4628604054450989,0.7823979258537292,1.1143176555633545,0.8417953252792358,0.04539290443062782,3.3989086151123047,0.903724730014801,0.2717173993587494,0.05215619504451752,0.03218173235654831,0.0358588807284832,0.029891859740018845,0.036339979618787766
25,4,9.202149960398675,1.0287638902664185,0.985478401184082,1.0552293062210083,1.0430434942245483,0.024279829114675522,0.1093810647726059,0.3357629179954529,0.03529726341366768,0.6002141237258911,0.15403182804584503,0.021465357393026352,0.034399885684251785,0.04060200974345207,0.06570792943239212,0.1085565984249115,1.3758784532546997,0.8692313432693481,0.9857453107833862,0.35182324051856995,1.2008098363876343,0.06945618242025375,0.04149020463228226,1.4597975015640259,0.29005706310272217,0.08512405306100845,0.031021632254123688,0.03085496462881565,0.025951573625206947,0.03270677477121353
25,5,11.743006179481744,1.0273222923278809,0.9841682314872742,1.054602861404419,1.0401804447174072,0.024249985814094543,0.10573263466358185,0.19776341319084167,0.031009679660201073,0.6075640916824341,0.19401118159294128,0.034594397991895676,0.03382255509495735,0.0636957660317421,0.04887621849775314,0.1360144168138504,1.9650542736053467,1.1512072086334229,3.107790470123291,0.7723533511161804,0.6268750429153442,0.049572113901376724,0.07328885048627853,1.3256826400756836,0.20376931130886078,0.05003093555569649,0.029854154214262962,0.0314672626554966,0.028910430148243904,0.028561027720570564
25,6,14.083732803165912,1.0272859334945679,0.98381507396698,1.0546610355377197,1.0399457216262817,0.023980729281902313,0.10700097680091858,0.19676347076892853,0.0345940925180912,0.6132076978683472,1.8870779275894165,0.022699566558003426,0.03993513062596321,0.04483750835061073,0.08019094169139862,0.1219797357916832,1.9876251220703125,0.6294921040534973,4.689864635467529,0.07342498749494553,1.0288820266723633,0.07586789131164551,0.0237715020775795,1.2378318309783936,0.1935616135597229,0.022793395444750786,0.032459113746881485,0.034272871911525726,0.025495998561382294,0.03498037904500961
25,7,12.42286854609847,1.0275111198425293,0.9835485219955444,1.0546337366104126,1.0427993535995483,0.025772549211978912,0.055019810795784,0.07330462336540222,0.02866360917687416,0.2792443633079529,4.359701633453369,0.02974105253815651,0.023656507954001427,0.05853143334388733,0.09671903401613235,0.1592462807893753,0.7105441093444824,0.8454211354255676,2.9233927726745605,0.043855760246515274,0.48554810881614685,0.055106498301029205,0.02372630499303341,0.9381545186042786,0.2371406853199005,0.031009968370199203,0.029689742252230644,0.03138459101319313,0.022810043767094612,0.033784862607717514
26,0,57.99798797369003,1.02772057056427,0.9859315156936646,1.0553823709487915,1.0445493459701538,0.6930330991744995,0.7009937763214111,1.7118396759033203,1.6789816617965698,1.9252597093582153,2.5104403495788574,1.8440957069396973,0.6199270486831665,1.5815256834030151,1.8392587900161743,1.2401841878890991,4.285004615783691,4.604767799377441,4.711338520050049,4.899794101715088,2.0801775455474854,1.2038562297821045,2.452559232711792,2.2849583625793457,0.9239243865013123,3.086669445037842,1.543580412864685,3.824390411376953,2.1246988773345947,2.804011583328247
26,1,9.849981201440096,1.0278533697128296,0.9851257801055908,1.056035041809082,1.050929307937622,0.025675738230347633,0.7115789651870728,0.037050049751996994,0.0318901427090168,0.09690862894058228,0.4295738637447357,0.04586794599890709,0.07529057562351227,0.08174315094947815,0.12748342752456665,0.0369003564119339,0.15887047350406647,0.14717112481594086,0.49670228362083435,3.737468719482422,0.17143183946609497,0.12477459758520126,2.134876012802124,0.055560242384672165,0.13080212473869324,0.024875061586499214,0.04801288992166519,0.031410399824380875,0.0272676944732666,0.03680619224905968
26,2,9.855143776535987,1.0278562307357788,0.9861010909080505,1.0548516511917114,1.0446269512176514,0.022711828351020813,0.7100959420204163,0.12561127543449402,0.0515996590256691,0.2785848081111908,0.7124420404434204,0.21365924179553986,0.043766338378190994,0.09318038076162338,0.07467021048069,0.046607606112957,0.210586816072464,0.26401057839393616,0.6170555353164673,2.347891330718994,0.40552130341529846,0.5781837701797485,1.7338225841522217,0.03513520956039429,0.27126604318618774,0.04550142586231232,0.04844613000750542,0.034231364727020264,0.03442833572626114,0.03344683349132538
26,3,11.44164182022214,1.0270999670028687,0.9891735911369324,1.054643988609314,1.0469508171081543,0.02597181312739849,0.1133701354265213,0.1163337305188179,0.04200999438762665,0.3498736321926117,0.2228633314371109,0.49977728724479675,0.03402530029416084,0.11958713829517365,0.07531256228685379,0.06498400866985321,0.18012773990631104,0.37274351716041565,1.4600263833999634,1.6040232181549072,0.6777390837669373,0.18066802620887756,3.5115411281585693,0.2802869975566864,0.4593763053417206,0.07081008702516556,0.058563780039548874,0.03255699574947357,0.03510814160108566,0.03038780950009823
26,4,9.795057051256299,1.0271477699279785,0.990826427936554,1.0564061403274536,1.05363130569458,0.022001788020133972,0.110293909907341,0.06401153653860092,0.06420551985502243,0.6363759636878967,1.857823133468628,0.7587611079216003,0.035343293100595474,0.15351563692092896,0.04197154566645622,0.05089155584573746,0.4186251163482666,0.4411718249320984,2.4173858165740967,0.08063510805368423,1.0411458015441895,0.11002958565950394,0.02286834828555584,0.22009171545505524,0.19368915259838104,0.1082623079419136,0.03638941049575806,0.02724638022482395,0.024943316355347633,0.03177584707736969
26,5,10.006477667763829,1.0268806219100952,0.9880345463752747,1.058304786682129,1.0555604696273804,0.024060901254415512,0.06647512316703796,0.061264365911483765,0.06965838372707367,0.2925138771533966,2.0842435359954834,0.48755449056625366,0.03677133098244667,0.1155802384018898,0.08145365118980408,0.04739879444241524,0.5329665541648865,0.4289650321006775,3.051342725753784,0.09502378851175308,0.8610774874687195,0.08184884488582611,0.022586427628993988,0.30425894260406494,0.1295129507780075,0.1839626133441925,0.043284472078084946,0.02658635750412941,0.025708118453621864,0.026622574776411057
26,6,10.266491473838688,1.0267812013626099,0.9870546460151672,1.0572583675384521,1.0567431449890137,0.02359800785779953,0.06540196388959885,0.05756092816591263,0.07063125818967819,0.24222248792648315,3.5319175720214844,0.44996851682662964,0.038261450827121735,0.13250063359737396,0.17264699935913086,0.042555999010801315,0.4436255991458893,0.27831748127937317,2.273841619491577,0.10177973657846451,0.7196710109710693,0.07876133918762207,0.02305809035897255,0.2487921118736267,0.14909209311008453,0.1828145831823349,0.03903093561530113,0.027697771787643433,0.02222430519759655,0.024951506406068802
26,7,9.419707745686173,1.0267837047576904,0.9861822724342346,1.0559344291687012,1.0520236492156982,0.0236187856644392,0.04958473518490791,0.049060624092817307,0.07726603001356125,0.19973494112491608,2.7341439723968506,0.41584479808807373,0.05479766055941582,0.13558727502822876,0.2875363230705261,0.038365911692380905,0.530033528804779,0.5495994091033936,1.8262536525726318,0.09226708859205246,0.6662160158157349,0.11694879084825516,0.02337547391653061,0.328239768743515,0.16710901260375977,0.09894218295812607,0.04700213298201561,0.027068225666880608,0.025826383382081985,0.031100211665034294
26,8,9.820011560991407,1.0272160768508911,0.9865522384643555,1.0555857419967651,1.0489301681518555,0.023342473432421684,0.049692731350660324,0.05235700681805611,0.06166275963187218,0.19383691251277924,3.295013904571533,0.36491239070892334,0.05592907592654228,0.16933958232402802,0.34070849418640137,0.025429515168070793,0.40811994671821594,0.4991227984428406,1.9007476568222046,0.0863189697265625,0.7854070663452148,0.10836046189069748,0.023246413096785545,0.22950929403305054,0.09270168095827103,0.10136355459690094,0.044730499386787415,0.027198180556297302,0.025126688182353973,0.032176658511161804
26,9,8.401523398980498,1.0273739099502563,0.9859994649887085,1.0551812648773193,1.052140712738037,0.0213388130068779,0.05929082632064819,0.05251102149486542,0.0672009065747261,0.10783977061510086,2.8114850521087646,0.12115463614463806,0.029967661947011948,0.16107118129730225,0.31406930088996887,0.025473082438111305,0.4792892336845398,0.42604973912239075,1.9373215436935425,0.08233745396137238,0.20281799137592316,0.11888239532709122,0.021657384932041168,0.18855835497379303,0.0910683125257492,0.12563985586166382,0.04095596447587013,0.028417978435754776,0.02747127041220665,0.03551459684967995
26,10,8.180892438814045,1.0282433032989502,0.9857022166252136,1.0553070306777954,1.052606463432312,0.02257974073290825,0.04145414009690285,0.05441322550177574,0.0299727451056242,0.10272099822759628,3.3033738136291504,0.0279301255941391,0.18864193558692932,0.12917912006378174,0.3458384573459625,0.024691540747880936,0.5237778425216675,0.5279918909072876,1.0439863204956055,0.04535362496972084,0.2854064106941223,0.1606680452823639,0.022395385429263115,0.13956163823604584,0.08301365375518799,0.13673533499240875,0.03382943198084831,0.023546971380710602,0.02590158022940159,0.03355666249990463
26,11,8.907851817086339,1.0287742614746094,0.9857341051101685,1.0551116466522217,1.0530550479888916,0.02578490413725376,0.04680892080068588,0.0534927062690258,0.02744300477206707,0.11890287697315216,3.4830610752105713,0.025102648884058,0.24367111921310425,0.13175033032894135,0.46502813696861267,0.025818001478910446,0.5369845628738403,0.458702951669693,1.2444639205932617,0.057058922946453094,0.47564244270324707,0.17864786088466644,0.025475451722741127,0.13273540139198303,0.0744035392999649,0.1347895711660385,0.03504176065325737,0.02394280396401882,0.022454598918557167,0.03610929101705551
26,12,9.443026196584105,1.0278836488723755,0.9854480028152466,1.0548639297485352,1.0545061826705933,0.024396181106567383,0.04629773274064064,0.06282976269721985,0.024543363600969315,0.13352856040000916,4.26607084274292,0.026658857241272926,0.22570325434207916,0.10813931375741959,0.4111928343772888,0.026350222527980804,0.7772897481918335,0.24396751821041107,1.112394094467163,0.050978463143110275,0.3756847083568573,0.19883161783218384,0.02308669313788414,0.11705217510461807,0.11566784977912903,0.1350027620792389,0.029408814385533333,0.02697855979204178,0.024180343374609947,0.032251570373773575
26,13,8.683883105963469,1.0283108949661255,0.9849746227264404,1.0551317930221558,1.051828384399414,0.02260594256222248,0.03920980542898178,0.052916135638952255,0.026438051834702492,0.18894721567630768,3.7172248363494873,0.024488801136612892,0.12401442229747772,0.0663473904132843,0.4521162211894989,0.036433808505535126,0.8012464642524719,0.21815072000026703,1.358730435371399,0.04156782105565071,0.1252252161502838,0.13126496970653534,0.021126357838511467,0.10785124450922012,0.16014058887958527,0.029415979981422424,0.02916373871266842,0.025211861357092857,0.02299864962697029,0.03699728846549988
26,14,8.920031017065048,1.0278362035751343,0.9850296378135681,1.05512273311615,1.051996111869812,0.022966880351305008,0.04455453157424927,0.05253260210156441,0.03633147478103638,0.20452722907066345,3.972458600997925,0.02393120527267456,0.14271745085716248,0.06766518950462341,0.5376976132392883,0.03195618465542793,0.7022980451583862,0.1447785496711731,1.3930363655090332,0.03857990354299545,0.0793532282114029,0.15339764952659607,0.02131142094731331,0.11717768758535385,0.15931019186973572,0.035940587520599365,0.02928822487592697,0.02592303790152073,0.02550310455262661,0.03279712051153183
26,15,9.338675912097097,1.0278860330581665,0.9852598905563354,1.055214285850525,1.0520786046981812,0.02270989492535591,0.045686375349760056,0.04272918403148651,0.02633173204958439,0.1949876993894577,4.463564872741699,0.033928584307432175,0.026087136939167976,0.07086034119129181,0.6342266798019409,0.028169382363557816,0.758392333984375,0.12735867500305176,1.13892662525177,0.05481263995170593,0.19121481478214264,0.1822323501110077,0.02594003640115261,0.14768801629543304,0.1573599874973297,0.03368194401264191,0.02896077185869217,0.023759989067912102,0.021576309576630592,0.03340177237987518
26,16,8.49628983810544,1.0273381471633911,0.986519455909729,1.0554407835006714,1.0531346797943115,0.025717170909047127,0.04743456095457077,0.03755148500204086,0.02944042533636093,0.16677060723304749,3.3604307174682617,0.024998225271701813,0.024218983948230743,0.0521698072552681,0.601087749004364,0.035433460026979446,0.6406204700469971,0.16361378133296967,1.406177282333374,0.07606936246156693,0.375725120306015,0.095151886343956,0.024479005485773087,0.14442379772663116,0.19098509848117828,0.03624481335282326,0.026065535843372345,0.029683992266654968,0.024024268612265587,0.03328561782836914
27,0,57.08522835969925,1.026824712753296,0.9866542816162109,1.0551525354385376,1.044404149055481,1.1741377115249634,1.1944626569747925,1.4235050678253174,1.6894694566726685,2.1096606254577637,3.3163158893585205,1.3736605644226074,0.8840782642364502,1.8698569536209106,0.7667858600616455,1.2826786041259766,3.990781784057617,4.563292980194092,4.749811172485352,4.0854082107543945,1.8296048641204834,0.7355876564979553,2.132739782333374,3.117302179336548,0.9153326749801636,2.4862992763519287,1.5233153104782104,3.4718284606933594,2.910449266433716,2.6662559509277344
27,1,14.101575420796872,1.0320701599121094,0.9844475984573364,1.0710922479629517,1.0358048677444458,0.03763066232204437,0.034220680594444275,0.7203391194343567,0.06501695513725281,0.045960769057273865,0.08866982161998749,0.04639843851327896,0.2024170160293579,0.18814897537231445,0.4498903155326843,0.15310850739479065,1.021725058555603,0.4077776372432709,0.6790781021118164,2.4989755153656006,0.7301093935966492,0.06568983197212219,0.2806435823440552,0.7533286809921265,1.6023117303848267,0.10057904571294785,0.04607865586876869,0.05067191645503044,2.957834005355835,0.05028802901506424
27,2,10.548382412269712,1.0277873277664185,0.9867330193519592,1.057308316230774,1.04112708568573,0.025586284697055817,0.02574550360441208,0.032697394490242004,0.08210192620754242,0.22167710959911346,0.2100268006324768,0.10384836792945862,0.03578856587409973,0.1853703260421753,0.9226540327072144,0.08473704755306244,1.3319319486618042,0.387085497379303,1.6599986553192139,1.4464493989944458,0.38476064801216125,0.6285569071769714,0.20475256443023682,0.6643840670585632,0.718288779258728,0.2246018499135971,0.042921192944049835,0.042240966111421585,0.02663675881922245,0.03294866904616356
27,3,10.08330033197999,1.032603144645691,0.9853345155715942,1.061346411705017,1.0418035984039307,0.0422477126121521,0.029261033982038498,0.051147960126399994,0.12757708132266998,0.02662070095539093,0.6938167810440063,0.03206510469317436,0.048258133232593536,0.06630943715572357,0.4726538062095642,0.08216328918933868,1.4522817134857178,0.22919820249080658,2.4817745685577393,0.19333665072917938,0.3952683210372925,0.4437398314476013,0.175702765583992,0.8839331865310669,1.0395349264144897,0.14826568961143494,0.039512019604444504,0.042334895581007004,0.03249204158782959,0.029586944729089737
27,4,10.392737148329616,1.026952862739563,0.984376847743988,1.0603511333465576,1.050920009613037,0.02451581135392189,0.050799328833818436,0.046071287244558334,0.13656869530677795,0.6196836233139038,1.0886645317077637,0.024081356823444366,0.06638582050800323,0.030019231140613556,0.14147423207759857,0.06221538782119751,0.6538504958152771,0.3056345582008362,2.4070985317230225,0.11951300501823425,0.4554784595966339,0.10091163218021393,0.0373879075050354,1.3921748399734497,1.3145352602005005,0.3558395802974701,0.03291444107890129,0.041618332266807556,0.028554817661643028,0.03222580999135971
27,5,8.535562436282635,1.0267757177352905,0.9850488901138306,1.0577198266983032,1.0470637083053589,0.02305062860250473,0.13217180967330933,0.040098436176776886,0.024431927129626274,0.8365147113800049,0.47518718242645264,0.01956036500632763,0.032314930111169815,0.04833287373185158,0.02319742739200592,0.09469231963157654,0.4137609601020813,0.7580537796020508,2.977931499481201,0.1333184391260147,0.4285389482975006,0.09870816022157669,0.030895918607711792,0.8328379988670349,0.08585800975561142,0.08971647173166275,0.029287857934832573,0.03157690539956093,0.023019736632704735,0.029183510690927505
27,6,10.377844892814755,1.0271885395050049,0.985706627368927,1.0557533502578735,1.0521819591522217,0.02476474456489086,0.28341126441955566,0.047889452427625656,0.0267935860902071,0.6639608144760132,0.46612563729286194,0.025250419974327087,0.02254210039973259,0.04817286506295204,1.4951995611190796,0.0934714674949646,0.5259028673171997,0.44268345832824707,3.1159393787384033,0.13489510118961334,0.38278713822364807,0.10618214309215546,0.029072454199194908,1.3195610046386719,0.0882970318198204,0.08389369398355484,0.034333474934101105,0.03579230606555939,0.024310920387506485,0.032445911318063736
27,7,7.522635187208652,1.0280051231384277,0.9849647283554077,1.05503249168396,1.0557136535644531,0.024253161624073982,0.11352253705263138,0.06215035915374756,0.0654626190662384,0.044953685253858566,0.47307583689689636,0.025729728862643242,0.03634248301386833,0.03799502179026604,0.9573813676834106,0.07695996761322021,0.4414099156856537,0.12799154222011566,1.4613004922866821,0.20994259417057037,0.5535303354263306,0.19436202943325043,0.03432682156562805,1.453497052192688,0.11797579377889633,0.06976482272148132,0.025808434933423996,0.032189346849918365,0.025108452886343002,0.032857585698366165
27,8,7.817150950804352,1.028471827507019,0.9845455288887024,1.0552184581756592,1.051198124885559,0.020498761907219887,0.1293097883462906,0.0636216253042221,0.07462254911661148,0.03553507477045059,0.596605122089386,0.019203990697860718,0.03382354974746704,0.051215577870607376,0.8527742624282837,0.03817310929298401,0.4402249753475189,0.19598743319511414,1.5776557922363281,0.22210897505283356,0.5411661863327026,0.22344441711902618,0.04232434183359146,1.5141642093658447,0.11728709936141968,0.0863896906375885,0.02678852714598179,0.03512385115027428,0.026999881491065025,0.028215371072292328
27,9,7.816331644356251,1.0291081666946411,0.9848996996879578,1.0554026365280151,1.051530122756958,0.022337816655635834,0.1377004235982895,0.05261605232954025,0.07934997975826263,0.032313574105501175,0.5006423592567444,0.023483574390411377,0.031506624072790146,0.08470392972230911,0.6421529650688171,0.03372054919600487,0.3881252706050873,0.14457762241363525,2.10170316696167,0.23660898208618164,0.5292444825172424,0.2229895293712616,0.03978254646062851,1.367828130722046,0.12489787489175797,0.0809975117444992,0.0296087134629488,0.034563735127449036,0.022601716220378876,0.028086388483643532
27,10,10.132429778948426,1.0292456150054932,0.9852257370948792,1.0562376976013184,1.0490753650665283,0.022712882608175278,0.17085584998130798,0.05800981819629669,0.09568646550178528,0.0717838779091835,0.5497239828109741,0.024273762479424477,0.03376632556319237,0.029374970123171806,0.05064254254102707,0.040462981909513474,0.43051064014434814,0.2009098380804062,4.3572096824646,0.15283599495887756,0.8321794867515564,0.18076084554195404,0.03930351510643959,1.725259780883789,0.037664033472537994,0.08960611373186111,0.03129599243402481,0.026803473010659218,0.0252562053501606,0.03158383443951607
27,11,3.984270712733269,1.0289865732192993,0.9860042929649353,1.0561569929122925,1.0479999780654907,0.02418804168701172,0.14262498915195465,0.06196987256407738,0.030680295079946518,0.039461083710193634,0.471889853477478,0.021390274167060852,0.024857133626937866,0.0241892971098423,0.03939530998468399,0.035052306950092316,0.3630170524120331,0.20837131142616272,0.7517954707145691,0.1587507575750351,0.32308605313301086,0.14746354520320892,0.04389820247888565,0.028509017080068588,0.02970331721007824,0.08268918842077255,0.028065282851457596,0.0247469674795866,0.02310701087117195,0.03153951093554497
27,12,4.543468863517046,1.0288358926773071,0.9861687421798706,1.0565828084945679,1.0487836599349976,0.0200547706335783,0.1865013688802719,0.09644138067960739,0.026135101914405823,0.02906091883778572,0.45881497859954834,0.023719632998108864,0.024821635335683823,0.026186764240264893,0.040866464376449585,0.03766166418790817,0.38691967725753784,0.2652755081653595,0.7888802886009216,0.17865145206451416,0.29296714067459106,0.1474129855632782,0.058776598423719406,0.03375881910324097,0.3964264988899231,0.07937783747911453,0.03237805888056755,0.027169283479452133,0.026692021638154984,0.03444379195570946
27,13,4.900847832858562,1.0287526845932007,0.9857668876647949,1.0558702945709229,1.051376461982727,0.02417134866118431,0.027071064338088036,0.09237495064735413,0.02726215310394764,0.08949285745620728,0.5591883063316345,0.02430715039372444,0.023683002218604088,0.027047066017985344,0.13081160187721252,0.036228571087121964,0.30778005719184875,0.2631518244743347,0.9669516682624817,0.28595423698425293,0.3749655485153198,0.040901195257902145,0.0703945979475975,0.039630185812711716,0.47051185369491577,0.07717771083116531,0.028236987069249153,0.028067586943507195,0.02561754360795021,0.035515498369932175
27,14,4.95369031354785,1.0283482074737549,0.9860658049583435,1.0557856559753418,1.051074743270874,0.0218766201287508,0.028742725029587746,0.1168103888630867,0.024801407009363174,0.05349212884902954,0.3654995858669281,0.02205369621515274,0.023429233580827713,0.02291547879576683,0.1624511480331421,0.03469006344676018,0.34241238236427307,0.37709367275238037,1.0164328813552856,0.1865491420030594,0.4305837154388428,0.03572215884923935,0.07539509236812592,0.03864158317446709,0.5292115807533264,0.11098267883062363,0.03059888444840908,0.02675209939479828,0.023562774062156677,0.02873430959880352
27,15,5.268247360363603,1.0288100242614746,0.9863625764846802,1.0555599927902222,1.0508803129196167,0.021062858402729034,0.030307479202747345,0.10310922563076019,0.025899121537804604,0.04901961237192154,0.42215868830680847,0.020596923306584358,0.02266443707048893,0.022186581045389175,0.12469238042831421,0.03462989628314972,0.37939947843551636,0.32945019006729126,1.091040015220642,0.11804040521383286,0.5700167417526245,0.0835302323102951,0.023094642907381058,0.08594965189695358,0.6761037111282349,0.10010961443185806,0.028592688962817192,0.028702370822429657,0.02432269975543022,0.029245132580399513
27,16,5.315255223214626,1.0287744998931885,0.9859151244163513,1.0557478666305542,1.0484546422958374,0.023198388516902924,0.06944076716899872,0.09489056468009949,0.02343246340751648,0.037734504789114,0.4361423850059509,0.022415561601519585,0.02151559479534626,0.024252498522400856,0.10484551638364792,0.03540593758225441,0.3458695709705353,0.4982350766658783,1.2777042388916016,0.08909761160612106,0.5714254975318909,0.02950500138103962,0.022280028089880943,0.08938182145357132,0.4671182930469513,0.09822851419448853,0.025493688881397247,0.028624024242162704,0.0227696243673563,0.032469622790813446
27,17,5.466941125690937,1.0289528369903564,0.9858236312866211,1.055726408958435,1.0483092069625854,0.021228883415460587,0.06461787968873978,0.08212625235319138,0.023126918822526932,0.043655749410390854,0.49556225538253784,0.02211730182170868,0.021709918975830078,0.0242020096629858,0.19894756376743317,0.026686370372772217,0.31051135063171387,0.276711642742157,1.6850908994674683,0.09520237892866135,0.6569342017173767,0.027730202302336693,0.025974135845899582,0.07061440497636795,0.23152431845664978,0.12915092706680298,0.027439530938863754,0.025132499635219574,0.02333398535847664,0.033847127109766006
28,0,58.84109513759613,1.02772057056427,0.9859315156936646,1.0553823709487915,1.0445493459701538,0.5721422433853149,0.495572566986084,1.8650686740875244,2.1022396087646484,2.0743210315704346,2.839150905609131,2.097205638885498,0.4664728045463562,1.6973793506622314,1.0893007516860962,1.4222005605697632,5.317142486572266,4.273828029632568,5.362793922424316,4.45462703704834,1.7480576038360596,0.7441394925117493,2.7962515354156494,1.8629440069198608,1.4459526538848877,3.2396841049194336,1.9665344953536987,3.335789203643799,2.584726572036743,2.164853096008301
28,1,7.149355100095272,1.026918649673462,1.0049161911010742,1.0548299551010132,1.058076024055481,0.02485126443207264,0.5130321383476257,0.0957062616944313,0.035347022116184235,0.031157905235886574,0.13109923899173737,0.06578484922647476,0.059164680540561676,0.05968586727976799,0.2879236936569214,0.02554244175553322,0.895693302154541,0.16255724430084229,0.5201364755630493,2.2945621013641357,0.331524133682251,0.08529255539178848,0.10848724842071533,0.12237841635942459,0.2234315276145935,0.09949561208486557,0.03597338870167732,0.04430817440152168,0.026216823607683182,0.04105456918478012
28,2,7.28025841601193,1.031146764755249,0.9891887903213501,1.0567036867141724,1.066226601600647,0.031223027035593987,0.4976319670677185,0.08208491653203964,0.026547688990831375,0.029357464984059334,0.2895962595939636,0.07260685414075851,0.024222247302532196,0.039931297302246094,0.30400362610816956,0.04015994817018509,0.9511533975601196,0.3907827138900757,0.6817960143089294,1.2206705808639526,0.4860342741012573,0.1039368212223053,0.03003009222447872,0.08373364806175232,0.3240177631378174,0.608640730381012,0.029639888554811478,0.033671192824840546,0.023394789546728134,0.046738043427467346
28,3,7.105658629536629,1.0276156663894653,0.9850795865058899,1.0583354234695435,1.0580999851226807,0.0360628105700016,0.5061381459236145,0.05998869240283966,0.023859437555074692,0.07048411667346954,0.4390798807144165,0.02807401306927204,0.02757122926414013,0.03963388130068779,0.284943550825119,0.035269029438495636,0.9923665523529053,0.3161779046058655,1.3545047044754028,0.41264158487319946,0.23187939822673798,0.07488343864679337,0.036552898585796356,0.06360030919313431,0.8828227519989014,0.2269522100687027,0.030721236020326614,0.03523541986942291,0.029902473092079163,0.04048682749271393
28,4,7.715301382541656,1.027738332748413,0.9866784811019897,1.0578771829605103,1.0524656772613525,0.029888149350881577,0.1539999097585678,0.048488549888134,0.06800656765699387,0.2276080846786499,2.8710126876831055,0.04362773522734642,0.06278650462627411,0.04055504873394966,0.09756475687026978,0.031961411237716675,0.5216275453567505,0.4906027019023895,1.3520406484603882,0.08027012646198273,0.21549807488918304,0.061890311539173126,0.04922676086425781,0.03235621005296707,0.21216519176959991,0.06466156244277954,0.03545340150594711,0.027299538254737854,0.02495148777961731,0.04680648073554039
28,5,8.874355626478792,1.0272457599639893,0.9870132207870483,1.0580631494522095,1.0514463186264038,0.026440655812621117,0.10508694499731064,0.03379790857434273,0.022601580247282982,0.054519396275281906,3.495232343673706,0.028347564861178398,0.0950561910867691,0.05449860543012619,0.1027449443936348,0.033625684678554535,0.8136719465255737,1.0593477487564087,1.2027552127838135,0.12431392073631287,0.1931588500738144,0.042608052492141724,0.09722590446472168,0.06594114750623703,0.166887104511261,0.10310310125350952,0.0315079391002655,0.02928200177848339,0.02203928492963314,0.04580790176987648
28,6,11.245983470231295,1.0276528596878052,0.9882115125656128,1.0566279888153076,1.0476584434509277,0.030020058155059814,0.10451681166887283,0.0357685349881649,0.028056729584932327,0.08256068080663681,4.651450157165527,0.031106524169445038,0.025629764422774315,0.07791786640882492,0.08857271075248718,0.03924430161714554,1.759271264076233,1.2752838134765625,1.1796878576278687,0.14765474200248718,0.21863162517547607,0.09185861796140671,0.11104267835617065,0.026790589094161987,0.17220278084278107,0.11527365446090698,0.03870777040719986,0.028744373470544815,0.021591534838080406,0.040367867797613144
28,7,7.14066780731082,1.0274807214736938,0.9892958998680115,1.0551434755325317,1.0445194244384766,0.025452380999922752,0.12459101527929306,0.03402046114206314,0.024125194177031517,0.038456521928310394,2.9752440452575684,0.02411295287311077,0.039407361298799515,0.04303228482604027,0.1263287365436554,0.037905026227235794,0.5873396992683411,0.677393913269043,0.4576478898525238,0.08124227821826935,0.1839916855096817,0.17734064161777496,0.02654399164021015,0.09122062474489212,0.3300420641899109,0.07325898855924606,0.040163032710552216,0.0270505603402853,0.027143998071551323,0.04432455450296402
28,8,7.609828329831362,1.0280966758728027,0.9907979369163513,1.0549228191375732,1.0438966751098633,0.023547062650322914,0.15859945118427277,0.03231716901063919,0.022765982896089554,0.07262402772903442,3.4245858192443848,0.023575089871883392,0.027574382722377777,0.04500041902065277,0.10316351056098938,0.04582150653004646,0.6229203939437866,0.8609458208084106,0.42208752036094666,0.04831644147634506,0.22067390382289886,0.2050488293170929,0.02082856558263302,0.127765491604805,0.05844458192586899,0.08363573998212814,0.030927998945116997,0.02945900335907936,0.023821087554097176,0.05183570832014084
28,9,7.331653371453285,1.0274964570999146,0.9910457730293274,1.0549101829528809,1.0431462526321411,0.026178283616900444,0.21134956181049347,0.03343978524208069,0.022193027660250664,0.0943625345826149,3.0241775512695312,0.025122789666056633,0.0263828132301569,0.05003584921360016,0.09008707851171494,0.03695683553814888,0.6394859552383423,0.7970495820045471,0.4487532675266266,0.045604296028614044,0.2688761353492737,0.2563755512237549,0.022942451760172844,0.12490691989660263,0.062054578214883804,0.08216401934623718,0.03292965143918991,0.026968427002429962,0.023692438378930092,0.03624425455927849
29,0,56.00600032806396,1.02772057056427,0.9859315156936646,1.0553823709487915,1.0445493459701538,0.5220967531204224,0.8574068546295166,2.18355131149292,2.136389970779419,1.9091970920562744,3.0305373668670654,1.4537289142608643,1.367033839225769,1.289531946182251,1.4268617630004883,0.9633927345275879,4.638851642608643,4.309265613555908,5.106637477874756,4.460477828979492,1.90237295627594,0.4886718988418579,2.8105409145355225,1.4726985692977905,0.6523863077163696,2.0533676147460938,1.7677178382873535,3.0702335834503174,2.46604323387146,2.844289541244507
29,1,13.91540637128055,1.0465883016586304,0.9869210124015808,1.0677350759506226,1.0573610067367554,0.02937627024948597,0.11215680837631226,1.5633668899536133,0.05751704424619675,0.07019157707691193,0.05267474427819252,0.095537930727005,0.0572800412774086,0.08054034411907196,0.1452573537826538,0.26493510603904724,0.3544236421585083,0.4852137565612793,0.45016220211982727,1.7488635778427124,0.6803527474403381,0.12227092683315277,0.3097401261329651,2.3731608390808105,1.3942079544067383,0.07525691390037537,0.06784646958112717,0.06380806118249893,2.3855648040771484,0.043979160487651825
29,2,7.516144844517112,1.0268843173980713,0.9838194251060486,1.060958743095398,1.0445622205734253,0.0255792997777462,0.18067950010299683,0.03702223300933838,0.07458210736513138,0.08816834539175034,0.33265992999076843,0.17308926582336426,0.06171242520213127,0.11234155297279358,0.2550075650215149,0.02867797017097473,1.332238793373108,0.6865782737731934,1.6122925281524658,0.07943376898765564,0.2552507817745209,0.19403371214866638,0.030929062515497208,0.44861486554145813,0.4240375757217407,0.05545622855424881,0.08391589671373367,0.0415201261639595,0.02144729159772396,0.05763080343604088
29,3,7.605220349878072,1.0268852710723877,0.9835932850837708,1.0594266653060913,1.046379804611206,0.022381966933608055,0.1955791562795639,0.027554089203476906,0.05084044858813286,0.2930517792701721,0.37380826473236084,0.032969117164611816,0.07230851799249649,0.07365158200263977,0.950641930103302,0.039125047624111176,0.7433822154998779,0.5906688570976257,1.2932214736938477,0.07519756257534027,0.29085275530815125,0.10037165880203247,0.02607910893857479,1.1729981899261475,0.10287477821111679,0.09907719492912292,0.03535819426178932,0.0391477569937706,0.022153811529278755,0.05866788700222969
29,4,10.799412359297275,1.027207612991333,0.9838187098503113,1.057037353515625,1.0503026247024536,0.026697611436247826,0.2091633826494217,0.028489509597420692,0.07774161547422409,0.33028069138526917,0.4358420670032501,0.028094427660107613,0.08076801896095276,0.12386883050203323,1.251711368560791,0.04561919718980789,0.8087653517723083,0.37559840083122253,2.9548935890197754,0.38851767778396606,0.39079970121383667,0.051172468811273575,0.02513505145907402,2.0393965244293213,0.12909644842147827,0.05444253236055374,0.031729768961668015,0.033736683428287506,0.024601146578788757,0.02957703359425068
29,5,10.197064623981714,1.0273020267486572,0.9835721850395203,1.055652141571045,1.0478154420852661,0.022995764389634132,0.11379307508468628,0.028296539559960365,0.020907562226057053,0.26844990253448486,0.4495777189731598,0.02674918994307518,0.039891503751277924,0.07890725135803223,1.3978488445281982,0.035201944410800934,0.9122694134712219,0.235905721783638,2.0724215507507324,0.2846149802207947,0.3989273011684418,0.13501965999603271,0.02570611797273159,2.2191007137298584,0.42758452892303467,0.0388590432703495,0.032533030956983566,0.05226645991206169,0.022625768557190895,0.03374267742037773
29,6,9.447003109008074,1.0270851850509644,0.983733057975769,1.0551608800888062,1.0433261394500732,0.024221720173954964,0.09936834871768951,0.030200446024537086,0.03998565301299095,0.2723958492279053,0.6346595287322998,0.0391685776412487,0.06219257414340973,0.05757381394505501,0.9561648368835449,0.031168635934591293,0.9062597751617432,0.27163049578666687,1.7983660697937012,0.2701842784881592,0.5584190487861633,0.06767842918634415,0.025226756930351257,1.9165107011795044,0.3524535894393921,0.08996472507715225,0.030214982107281685,0.0386105440557003,0.0231363195925951,0.029386356472969055
29,7,7.0581636290997265,1.0267921686172485,0.9840703010559082,1.0545507669448853,1.0470106601715088,0.027250302955508232,0.08819496631622314,0.03432759642601013,0.045227132737636566,0.03705282881855965,0.661647617816925,0.03382854536175728,0.03141232952475548,0.05643272027373314,0.3559745252132416,0.03383927047252655,0.5203474164009094,0.3061138689517975,1.222312331199646,0.22438739240169525,0.17343072593212128,0.03246266767382622,0.022991973906755447,1.839750051498413,0.3206450641155243,0.047260746359825134,0.029571054503321648,0.03369666635990143,0.02139223925769329,0.03612881526350975
29,8,7.055521895736456,1.0267623662948608,0.9842942953109741,1.0545755624771118,1.045371174812317,0.02947869524359703,0.09437265247106552,0.03343813493847847,0.049478981643915176,0.04123898223042488,0.6078512668609619,0.032797396183013916,0.0404512919485569,0.058190736919641495,0.3110290467739105,0.037481702864170074,0.5489880442619324,0.2843964099884033,1.380720615386963,0.4195774495601654,0.17903107404708862,0.05582728236913681,0.02533959038555622,1.4785411357879639,0.3510262072086334,0.050815384835004807,0.031000329181551933,0.034524738788604736,0.022463567554950714,0.03526049852371216
29,9,6.8664697833359245,1.0268062353134155,0.98398756980896,1.0545547008514404,1.0433493852615356,0.03101463057100773,0.08777298033237457,0.03410540893673897,0.056322935968637466,0.050533637404441833,0.6399581432342529,0.025934021919965744,0.035721227526664734,0.04256678372621536,0.23710253834724426,0.04350874200463295,0.4341512620449066,0.18067620694637299,1.45050847530365,0.46597760915756226,0.25545212626457214,0.04769599810242653,0.025198664516210556,1.3763821125030518,0.35011059045791626,0.05792319402098656,0.029425399377942085,0.02847808040678501,0.02360718511044979,0.03460225090384483
29,10,6.8141592256724834,1.0270233154296875,0.983552873134613,1.0545895099639893,1.039650321006775,0.03224736079573631,0.04765566438436508,0.026104161515831947,0.058780934661626816,0.04136662185192108,0.4806549549102783,0.026519741863012314,0.0423470064997673,0.04984772577881813,0.30848759412765503,0.035096198320388794,0.4806913733482361,0.1786506175994873,1.966451644897461,0.6578967571258545,0.27107203006744385,0.047813981771469116,0.023495839908719063,0.7590111494064331,0.29999837279319763,0.04563932493329048,0.026507217437028885,0.029588958248496056,0.023372048512101173,0.033898741006851196
29,11,6.530732785537839,1.0269215106964111,0.9835927486419678,1.0546960830688477,1.0401307344436646,0.031076736748218536,0.055977270007133484,0.02936004288494587,0.05281754955649376,0.04758065193891525,0.31677207350730896,0.025103962048888206,0.05030170455574989,0.04795428365468979,0.2963392734527588,0.037510983645915985,0.4556065499782562,0.15781913697719574,1.9109644889831543,0.5488194823265076,0.30415472388267517,0.027148744091391563,0.024829279631376266,0.8285961747169495,0.29726746678352356,0.04789843037724495,0.030600162222981453,0.026718223467469215,0.024797245860099792,0.033649928867816925
29,12,6.401497126370669,1.0269659757614136,0.9835603833198547,1.0546259880065918,1.0401915311813354,0.03034071810543537,0.05743017420172691,0.03356238454580307,0.05481599643826485,0.05251225456595421,0.32519590854644775,0.027560008689761162,0.03536068648099899,0.047498948872089386,0.2776767611503601,0.04058680683374405,0.5564059019088745,0.179489403963089,1.5231151580810547,0.5892026424407959,0.5020747780799866,0.030126217752695084,0.02266634628176689,0.8204847574234009,0.2096651792526245,0.05246348679065704,0.024850184097886086,0.029485370963811874,0.022697286680340767,0.035160988569259644
29,13,6.599611316621304,1.027351975440979,0.9835596084594727,1.0545843839645386,1.0416905879974365,0.02296685241162777,0.1120668575167656,0.03642133250832558,0.06441771239042282,0.044721752405166626,0.32251447439193726,0.027203502133488655,0.053399521857500076,0.04379971697926521,0.20796844363212585,0.054104287177324295,0.6874794960021973,0.14705200493335724,1.3258329629898071,0.5767117738723755,0.6782606244087219,0.033318907022476196,0.027001239359378815,0.9262037873268127,0.21506427228450775,0.057151541113853455,0.02805180288851261,0.027313923463225365,0.02304821088910103,0.03609900549054146
29,14,6.389082285016775,1.0275657176971436,0.9835496544837952,1.0546576976776123,1.0430268049240112,0.025083214044570923,0.15242058038711548,0.02753291465342045,0.07928197085857391,0.04447002336382866,0.41923218965530396,0.02806449867784977,0.057626329362392426,0.05001339688897133,0.23947392404079437,0.04105835035443306,0.6660605669021606,0.14073216915130615,1.3259458541870117,0.5272622108459473,0.571239709854126,0.03568878024816513,0.027365436777472496,0.7484979033470154,0.1967974156141281,0.05464481562376022,0.026638705283403397,0.030758174136281013,0.021729400381445885,0.02970377542078495
29,15,5.9541242849081755,1.0276399850845337,0.9835571050643921,1.0546334981918335,1.0431944131851196,0.02531599812209606,0.17494554817676544,0.030686473473906517,0.07668425142765045,0.05043724551796913,0.36476075649261475,0.03323163464665413,0.06620122492313385,0.04990555718541145,0.26881226897239685,0.0449577197432518,0.7193606495857239,0.17232000827789307,1.0384975671768188,0.42991775274276733,0.4825841188430786,0.03764218091964722,0.023159870877861977,0.6879059076309204,0.19007866084575653,0.052829016000032425,0.0278443805873394,0.03001396544277668,0.023601820692420006,0.03062470629811287
29,16,5.485315485671163,1.028270959854126,0.9836047887802124,1.055046796798706,1.0435315370559692,0.023612765595316887,0.18308264017105103,0.026419011875987053,0.05444866418838501,0.04724268987774849,0.35383737087249756,0.02722996473312378,0.04804892838001251,0.051652029156684875,0.27174386382102966,0.03402728587388992,0.9863481521606445,0.1355123668909073,0.6736351251602173,0.04797656834125519,0.37691929936408997,0.03259916976094246,0.04449726641178131,0.8995781540870667,0.1879604160785675,0.04774576425552368,0.028389861807227135,0.03147317096590996,0.022069793194532394,0.027174346148967743
29,17,5.504277287051082,1.0285143852233887,0.9836264848709106,1.0552369356155396,1.0428029298782349,0.02638956531882286,0.24721738696098328,0.0305092204362154,0.05439681187272072,0.037000901997089386,0.2887963652610779,0.023317767307162285,0.05209925025701523,0.08910965174436569,0.27233678102493286,0.04679208993911743,1.1947745084762573,0.1623256951570511,0.6384979486465454,0.03921714425086975,0.30337607860565186,0.034615423530340195,0.022669972851872444,0.7574054598808289,0.20617876946926117,0.04969654232263565,0.024074066430330276,0.027545254677534103,0.024786928668618202,0.029111554846167564
29,18,4.633173598349094,1.0284309387207031,0.983637809753418,1.055212140083313,1.0420730113983154,0.023942066356539726,0.12006793171167374,0.025408411398530006,0.05427568778395653,0.04279884696006775,0.27066582441329956,0.020128242671489716,0.04851856827735901,0.09155090153217316,0.23015862703323364,0.04699617624282837,0.6759799718856812,0.17743593454360962,0.5483786463737488,0.035609837621450424,0.35212621092796326,0.03836417570710182,0.02261744625866413,0.6161289811134338,0.21236452460289001,0.04891186207532883,0.026940777897834778,0.025928501039743423,0.023620350286364555,0.03238431364297867
29,19,4.7705987025052305,1.0286526679992676,0.9838079810142517,1.055308222770691,1.0418076515197754,0.026202533394098282,0.15035535395145416,0.028255516663193703,0.034481171518564224,0.028986139222979546,0.2707330882549286,0.022824477404356003,0.04301498830318451,0.13874387741088867,0.35807061195373535,0.0384095199406147,0.7403940558433533,0.20981444418430328,0.3380116820335388,0.03217613697052002,0.39119622111320496,0.027874808758497238,0.02425582893192768,0.6087576746940613,0.2784479558467865,0.05359252542257309,0.024898560717701912,0.030374571681022644,0.02118796855211258,0.02762368507683277
29,20,4.464751255884766,1.0282862186431885,0.9839101433753967,1.0550898313522339,1.0421196222305298,0.02663288079202175,0.12473427504301071,0.030302613973617554,0.031564705073833466,0.022490916773676872,0.2421521246433258,0.022182872518897057,0.02252650074660778,0.1226213350892067,0.2619381844997406,0.043174777179956436,0.6453478932380676,0.26105648279190063,0.4099019169807434,0.04273821413516998,0.3008892834186554,0.026145145297050476,0.022488685324788094,0.5371480584144592,0.2842395603656769,0.05609692260622978,0.0257896576076746,0.028246546164155006,0.02403666451573372,0.02842387557029724
29,21,4.509088709950447,1.028550148010254,0.9838780164718628,1.0551751852035522,1.0427418947219849,0.021340912207961082,0.1576995849609375,0.033665742725133896,0.0243068877607584,0.026394454762339592,0.2597908079624176,0.0212740208953619,0.020897967740893364,0.11364448815584183,0.20591209828853607,0.05069538578391075,0.6074080467224121,0.2739237844944,0.4116947650909424,0.027806323021650314,0.30681276321411133,0.030357446521520615,0.023731717839837074,0.4807262718677521,0.428716242313385,0.05884181708097458,0.02494047023355961,0.029200024902820587,0.02096402272582054,0.026273613795638084
29,22,4.3844312526285645,1.029075264930725,0.9838799238204956,1.0553635358810425,1.042990803718567,0.024581601843237877,0.17618700861930847,0.02642638236284256,0.024199245497584343,0.03307775408029556,0.26082471013069153,0.021847492083907127,0.022952178493142128,0.0679749846458435,0.24743197858333588,0.06066210940480232,0.6908279657363892,0.2462136596441269,0.37955740094184875,0.02865675278007984,0.30734583735466003,0.026528790593147278,0.025134095922112465,0.5316615104675293,0.20257237553596497,0.05887981131672859,0.02428731508553028,0.025183891877532005,0.02154838852584362,0.02760610543191433
29,23,4.663053427264094,1.028975486755371,0.9838119745254517,1.055344581604004,1.0438778400421143,0.02382633090019226,0.20955802500247955,0.026518486440181732,0.02597595937550068,0.02941417507827282,0.37045425176620483,0.02465851977467537,0.022737789899110794,0.06681281328201294,0.12801393866539001,0.05864119902253151,0.670806884765625,0.16389307379722595,0.42563900351524353,0.028103135526180267,0.41910386085510254,0.07844764739274979,0.02793440781533718,0.639365017414093,0.2420484572649002,0.05144253745675087,0.028062919154763222,0.02925652265548706,0.02050640992820263,0.0294300839304924
29,24,4.954682216793299,1.0292041301727295,0.9840471744537354,1.0552486181259155,1.0431855916976929,0.025878289714455605,0.2185133695602417,0.03089158423244953,0.02989238128066063,0.027429362758994102,0.30175256729125977,0.023030178621411324,0.023892054334282875,0.09352616965770721,0.0988716408610344,0.05322159081697464,0.8664482235908508,0.1843205690383911,0.4060514271259308,0.02989126555621624,0.4240657389163971,0.08638375997543335,0.029057420790195465,0.7947443127632141,0.231058269739151,0.05148271843791008,0.02466537430882454,0.027551613748073578,0.023665115237236023,0.026060115545988083
30,0,55.70286898612976,1.0269643068313599,0.9887959957122803,1.0545506477355957,1.044832706451416,0.6182100772857666,1.5634315013885498,2.030449867248535,1.4357093572616577,1.9872190952301025,2.835547924041748,2.115213632583618,0.7079867124557495,1.674134612083435,1.7237157821655273,1.0212457180023193,3.5891225337982178,3.8628299236297607,5.386565208435059,4.047765254974365,1.776306390762329,0.6470654010772705,2.2322630882263184,1.5168395042419434,1.1425788402557373,2.000077247619629,2.4051594734191895,3.5616655349731445,2.5439655780792236,2.4547719955444336
30,1,11.300797951966524,1.0271155834197998,0.9914377927780151,1.054622769355774,1.079514741897583,0.0225488543510437,1.675596833229065,0.043787889182567596,0.05797119438648224,0.14802302420139313,1.114695429801941,0.22256356477737427,0.05566391721367836,0.04813061282038689,0.08051253110170364,0.027201728895306587,0.46256592869758606,0.08839859068393707,0.3820386230945587,2.9836947917938232,0.2768099308013916,0.04806934669613838,1.9623652696609497,0.2972467541694641,0.22757665812969208,0.08171317726373672,0.028134427964687347,0.07661902159452438,0.023322826251387596,0.03500884771347046
30,2,7.790536206588149,1.027124285697937,0.9858348369598389,1.05619478225708,1.054246425628662,0.027485545724630356,1.8244093656539917,0.036214157938957214,0.1064508855342865,0.16749505698680878,0.9773330092430115,0.18202486634254456,0.04014676809310913,0.07798141241073608,0.15211154520511627,0.02308126911520958,0.5264486074447632,0.24538932740688324,0.5389794707298279,0.6318182945251465,0.06736207008361816,0.04024306684732437,0.48660776019096375,0.2050684094429016,0.3574744760990143,0.10830420255661011,0.029331639409065247,0.046977948397397995,0.027741895988583565,0.03937508910894394
30,3,7.215436708927155,1.0278480052947998,0.9836441874504089,1.0576143264770508,1.0525028705596924,0.02656008116900921,0.05381752550601959,0.04519875720143318,0.14603984355926514,0.20453940331935883,0.8991444110870361,0.29049748182296753,0.037277400493621826,0.09363657981157303,0.15872883796691895,0.03525371104478836,0.9523748755455017,0.626353919506073,0.45440980792045593,0.6748536825180054,0.5538631081581116,0.0918879359960556,0.031831204891204834,0.22820834815502167,0.5367779731750488,0.11884965747594833,0.024547496810555458,0.04714195430278778,0.028766818344593048,0.030554015189409256
30,4,9.064811591431498,1.0277678966522217,0.9868181347846985,1.0553393363952637,1.0448576211929321,0.025224950164556503,0.038895901292562485,0.027972053736448288,0.12414928525686264,0.24941247701644897,0.7421982288360596,0.5450127720832825,0.04861767590045929,0.06453138589859009,0.035688117146492004,0.0273567046970129,0.2525331377983093,2.034663677215576,0.8601535558700562,2.1043741703033447,0.08142489194869995,0.12711377441883087,0.028192542493343353,0.2245723307132721,0.22348268330097198,0.2538338899612427,0.030665062367916107,0.02723962441086769,0.0314377024769783,0.03310839831829071
30,5,8.726143993809819,1.0274360179901123,0.9841252565383911,1.0562673807144165,1.043830156326294,0.03054363839328289,0.06634719669818878,0.031227240338921547,0.13378998637199402,0.2848884165287018,0.8537960052490234,0.29384374618530273,0.035348910838365555,0.06236666440963745,0.04604526236653328,0.026952512562274933,0.48441168665885925,1.532245397567749,0.6862783432006836,2.397599697113037,0.11676066368818283,0.12200675159692764,0.025097131729125977,0.10430486500263214,0.0745357796549797,0.3824114203453064,0.02838076464831829,0.027270566672086716,0.026835868135094643,0.030523715540766716
30,6,8.028830132260918,1.0269982814788818,0.983924925327301,1.0555109977722168,1.0458565950393677,0.02492639236152172,0.16874736547470093,0.03136526420712471,0.15135879814624786,0.19554930925369263,0.6715981960296631,0.22381533682346344,0.032258838415145874,0.07543958723545074,0.04367436468601227,0.023184482008218765,0.41808056831359863,1.6208401918411255,0.6927782297134399,1.7015514373779297,0.22420969605445862,0.06836714595556259,0.02610337920486927,0.16773442924022675,0.10472835600376129,0.4115038514137268,0.03460829332470894,0.031492333859205246,0.02909878082573414,0.033357344567775726
30,7,10.396061377599835,1.0272272825241089,0.9843615889549255,1.0578198432922363,1.0463995933532715,0.023534884676337242,0.14890897274017334,0.034248389303684235,0.07865647226572037,0.22139713168144226,0.6644159555435181,0.31914785504341125,0.03649511560797691,0.10737738013267517,0.053932394832372665,0.02307652309536934,0.726158618927002,1.8591002225875854,0.6287867426872253,1.6369328498840332,1.5543094873428345,0.021698273718357086,0.021999962627887726,0.03052479587495327,0.8009758591651917,0.46158313751220703,0.027210615575313568,0.031232934445142746,0.03192628175020218,0.029268858954310417
30,8,11.043762773647904,1.027206301689148,0.9843148589134216,1.0567139387130737,1.0441547632217407,0.025647873058915138,0.16397300362586975,0.030188757926225662,0.0884379968047142,0.1951240450143814,0.5541455745697021,0.29091501235961914,0.03514458239078522,0.0799318253993988,0.05808984860777855,0.022839263081550598,0.7922003269195557,2.1324801445007324,0.6722296476364136,1.8553712368011475,1.6010793447494507,0.028432277962565422,0.023547491058707237,0.11189386993646622,1.1117351055145264,0.22850541770458221,0.02939312532544136,0.03203597292304039,0.02648107334971428,0.03146198391914368
30,9,12.415993969514966,1.0271872282028198,0.9842222332954407,1.0558212995529175,1.0447039604187012,0.02626430056989193,0.18638740479946136,0.034463394433259964,0.08918207138776779,0.22574575245380402,0.7060418128967285,0.2615549862384796,0.027987975627183914,0.06915459036827087,0.05309585854411125,0.022673066705465317,1.1609781980514526,1.936378836631775,0.7260231971740723,2.0996687412261963,1.6780844926834106,0.027682876214385033,0.02471747249364853,0.29353177547454834,1.5801502466201782,0.25339803099632263,0.026158077642321587,0.02915104106068611,0.026789329946041107,0.02834349498152733
31,0,59.73097126483917,1.02772057056427,0.9859315156936646,1.0553823709487915,1.0445493459701538,0.736267626285553,1.0293868780136108,2.2022101879119873,1.7611522674560547,1.4065814018249512,3.3506569862365723,1.5203508138656616,0.7444465160369873,2.2170417308807373,1.400217890739441,1.3857182264328003,4.18671178817749,4.915064811706543,5.073215961456299,4.837467670440674,2.235971212387085,1.0759737491607666,2.454880952835083,1.4905662536621094,0.9487057328224182,2.097538709640503,1.9951369762420654,4.455615043640137,2.767301321029663,2.6200737953186035
31,1,14.214301593974232,1.026761531829834,0.9841951727867126,1.0595370531082153,1.0628411769866943,0.08355774730443954,0.06640643626451492,1.4146740436553955,0.051761776208877563,1.53107488155365,1.0360302925109863,0.3364933133125305,0.12586142122745514,0.16915585100650787,0.14625497162342072,0.1409551203250885,0.816435694694519,0.5595846176147461,0.6280544400215149,1.4473844766616821,0.9176515936851501,0.10919477790594101,0.32349973917007446,0.43933945894241333,0.03273344039916992,0.029310936108231544,0.05452480912208557,0.04093645513057709,2.828684091567993,0.0580742210149765
31,2,9.706269827857614,1.0285261869430542,0.9872634410858154,1.0614160299301147,1.0609424114227295,0.04081374406814575,0.08248376101255417,0.04800600931048393,0.029364774003624916,2.4381496906280518,1.2419278621673584,0.059635743498802185,0.03743229806423187,0.08340884745121002,0.21346332132816315,0.06266725808382034,1.069643259048462,0.13246263563632965,0.31262385845184326,0.4886341691017151,0.8178897500038147,0.06633385270833969,0.28958263993263245,0.9489092230796814,0.08056056499481201,0.16386516392230988,0.05721277371048927,0.03231026232242584,0.024758484214544296,0.05650026723742485
31,3,9.636610500141979,1.0314905643463135,0.987160861492157,1.055153250694275,1.049694538116455,0.022837186232209206,0.13800720870494843,0.054394084960222244,0.03637984022498131,3.2643795013427734,1.1098707914352417,0.059369225054979324,0.027936525642871857,0.08142918348312378,0.03272033855319023,0.03713801130652428,0.3921513259410858,0.09632842242717743,0.3277626037597656,0.4461508095264435,0.6555911302566528,0.04664526507258415,0.2832326591014862,0.7095705270767212,0.5904731154441833,0.28822994232177734,0.029520461335778236,0.030933527275919914,0.022510746493935585,0.028348224237561226
31,4,8.272518987953664,1.0300006866455078,0.98356032371521,1.0552793741226196,1.0488734245300293,0.025641506537795067,0.1978631168603897,0.036439698189496994,0.02839597687125206,2.4547367095947266,1.330698847770691,0.03135058656334877,0.026903565973043442,0.05732966586947441,0.08225589245557785,0.05048152804374695,1.0469728708267212,0.2373719960451126,0.3467766046524048,0.07798650115728378,0.672976016998291,0.04437035694718361,0.03121197037398815,0.025469772517681122,0.16696420311927795,0.36297574639320374,0.030700530856847763,0.026704009622335434,0.025246787816286087,0.03115176409482956
31,5,9.283930277451873,1.029070258140564,0.9835490584373474,1.055118441581726,1.0519150495529175,0.027791140601038933,0.18848511576652527,0.042455676943063736,0.02390993759036064,3.5967397689819336,0.995625913143158,0.028157914057374,0.029151111841201782,0.04205610603094101,0.0860653892159462,0.032806482166051865,1.086820125579834,0.25107866525650024,0.36684486269950867,0.07644066959619522,0.5381049513816833,0.035542406141757965,0.031181100755929947,0.18925561010837555,0.23370572924613953,0.44178253412246704,0.03518236428499222,0.02424895204603672,0.024225421249866486,0.032341767102479935
31,6,7.1726895872503516,1.0305501222610474,0.9835652112960815,1.057183861732483,1.0503952503204346,0.02499462477862835,0.25401535630226135,0.045596491545438766,0.02407125011086464,1.599012851715088,1.0749634504318237,0.02945115603506565,0.028610078617930412,0.05099071189761162,0.07945283502340317,0.03422091156244278,0.6095069050788879,0.39405912160873413,0.25928059220314026,0.08133088797330856,0.41745296120643616,0.029767852276563644,0.024219051003456116,0.3772030174732208,0.25913411378860474,0.5435856580734253,0.029188284650444984,0.02451338805258274,0.026134952902793884,0.027594193816184998
31,7,6.5188520796597,1.0278019905090332,0.9835479855537415,1.055212378501892,1.0477253198623657,0.029332807287573814,0.22674526274204254,0.051791001111269,0.023339129984378815,1.7400139570236206,0.7641833424568176,0.032442450523376465,0.02284957282245159,0.05023166537284851,0.11598427593708038,0.04085097461938858,0.7614542245864868,0.44563502073287964,0.282804936170578,0.031001387163996696,0.5036855936050415,0.03566766530275345,0.022515159100294113,0.08865917474031448,0.18914228677749634,0.1238323226571083,0.030677933245897293,0.029121514409780502,0.025033187121152878,0.028999699279665947
31,8,6.8617148794233795,1.0280572175979614,0.9838598966598511,1.0556368827819824,1.0454697608947754,0.025872599333524704,0.2523990869522095,0.03800973668694496,0.02517852559685707,2.060617446899414,0.6349571347236633,0.03047982230782509,0.024188946932554245,0.03539654612541199,0.13431699573993683,0.032494500279426575,0.759971022605896,0.5263991951942444,0.31207501888275146,0.03411915525794029,0.5108878016471863,0.036008600145578384,0.020698143169283867,0.11097435653209686,0.21523918211460114,0.10828251391649246,0.02834390290081501,0.026936961337924004,0.021060382947325706,0.03420254960656166
31,9,7.304020792990923,1.0280102491378784,0.9843373894691467,1.0552548170089722,1.0439844131469727,0.029132680967450142,0.21828050911426544,0.04109705239534378,0.029373664408922195,2.3742337226867676,0.439042329788208,0.029584189876914024,0.02771926112473011,0.058420274406671524,0.12861715257167816,0.03438955172896385,0.9566319584846497,0.6032330393791199,0.3396782875061035,0.035585854202508926,0.5542560815811157,0.03112287074327469,0.02170473523437977,0.08080709725618362,0.22304871678352356,0.11203936487436295,0.02775939181447029,0.028848251327872276,0.023107225075364113,0.03399015590548515
31,10,8.487103613466024,1.0286552906036377,0.9846406579017639,1.0549870729446411,1.0440621376037598,0.027562135830521584,0.22060656547546387,0.046012066304683685,0.025335388258099556,2.2921340465545654,0.6807469129562378,0.02699357643723488,0.025724520906805992,0.060637153685092926,0.22490422427654266,0.03000859171152115,1.0607982873916626,1.1076040267944336,0.5276484489440918,0.04022400826215744,0.6888963580131531,0.07956568896770477,0.022539272904396057,0.08038277179002762,0.22643433511257172,0.05015105754137039,0.029272029176354408,0.03302101418375969,0.022602923214435577,0.03482917696237564
31,11,7.818551769852638,1.0285582542419434,0.984785795211792,1.0551049709320068,1.0447791814804077,0.025364281609654427,0.13643795251846313,0.049097079783678055,0.020947875455021858,1.7931749820709229,0.6725736260414124,0.020288895815610886,0.023297272622585297,0.033079855144023895,0.18855461478233337,0.026582520455121994,0.975446879863739,1.0750529766082764,0.53044193983078,0.03137386217713356,0.9087680578231812,0.08923704922199249,0.02044736221432686,0.028384292498230934,0.20509518682956696,0.025198359042406082,0.02606312371790409,0.031334664672613144,0.02377353236079216,0.0358898863196373
31,12,8.581974920257926,1.0287511348724365,0.9852566123008728,1.0554155111312866,1.0443434715270996,0.021534863859415054,0.12755829095840454,0.04616623744368553,0.020919814705848694,2.410414695739746,0.6690001487731934,0.02367318794131279,0.02561434544622898,0.03312190622091293,0.1905873417854309,0.027259495109319687,0.9630409479141235,1.200401782989502,0.3477684259414673,0.035171445459127426,1.075352430343628,0.10742506384849548,0.021150926128029823,0.027987638488411903,0.2564149796962738,0.02751941792666912,0.024005375802516937,0.026864267885684967,0.022192738950252533,0.0280758049339056
31,13,8.59778859913349,1.0294196605682373,0.9841330647468567,1.0552992820739746,1.0438369512557983,0.02194712683558464,0.026164263486862183,0.04412495344877243,0.022787773981690407,2.047234535217285,0.6380512714385986,0.024133412167429924,0.020967237651348114,0.031661588698625565,0.16359253227710724,0.047865159809589386,0.975799024105072,1.6417210102081299,0.46889421343803406,0.035809751600027084,0.9960402846336365,0.14623665809631348,0.021908150985836983,0.032939501106739044,0.22533413767814636,0.026784323155879974,0.0274929441511631,0.028230328112840652,0.0252362173050642,0.034294407814741135
32,0,55.647686797380445,1.02772057056427,0.9859315156936646,1.0553823709487915,1.0445493459701538,0.7548200488090515,0.7133901119232178,2.0434679985046387,1.6089361906051636,2.665022611618042,2.758120059967041,1.447880744934082,0.9399624466896057,1.669405460357666,0.8998755812644958,1.0521799325942993,4.189964771270752,4.118670463562012,4.862994194030762,4.170768737792969,2.638927698135376,0.4829387962818146,2.458735942840576,2.0391952991485596,0.8477434515953064,2.577500820159912,1.7548874616622925,3.408167839050293,2.3817484378814697,2.339664936065674
32,1,14.49003900513053,1.0366415977478027,1.0103679895401,1.0664918422698975,1.0329763889312744,0.03025656007230282,0.029926573857665062,1.289299488067627,0.055715274065732956,0.06777244061231613,0.3030869960784912,0.07339154928922653,0.05075637996196747,0.3089495897293091,0.6009142994880676,0.2012656331062317,0.5880255699157715,0.3823796808719635,0.4551245868206024,2.2081947326660156,0.49637243151664734,0.21910326182842255,1.7686491012573242,0.3740065395832062,1.7107878923416138,0.1574936956167221,0.04116031154990196,0.05905738100409508,2.1535961627960205,0.0354573093354702
32,2,8.76514198742807,1.0329334735870361,0.9874249696731567,1.055458903312683,1.0490752458572388,0.021898189559578896,0.1211700588464737,0.03265010192990303,0.078800730407238,0.12661118805408478,0.3891971707344055,0.1204904317855835,0.04882127791643143,0.16057363152503967,0.5734561085700989,0.2708207666873932,1.622610092163086,0.5105754137039185,0.7712255120277405,1.601422905921936,0.07663198560476303,0.3549409508705139,0.09875841438770294,0.21009217202663422,0.508763313293457,0.08929608017206192,0.03792775049805641,0.05357741564512253,0.02233092114329338,0.0375208854675293
32,3,13.454505809396505,1.0303791761398315,0.9874041676521301,1.0587990283966064,1.0542669296264648,0.0223484318703413,0.4750847816467285,0.04048057645559311,0.1257965862751007,0.17419779300689697,0.06462385505437851,0.17698390781879425,0.1264888346195221,0.07857126742601395,1.356590986251831,0.14960601925849915,1.5943971872329712,0.34614452719688416,1.8057453632354736,1.266674518585205,0.6460861563682556,1.0993467569351196,0.031372327357530594,2.56573486328125,0.24196219444274902,0.1026090681552887,0.03358321636915207,0.04177573323249817,0.02296036295592785,0.039170634001493454
32,4,7.520274368673563,1.0295135974884033,0.9886083006858826,1.0557221174240112,1.0525025129318237,0.025571219623088837,0.06961061805486679,0.032660163938999176,0.030133847147226334,0.2087296098470688,0.11634138226509094,0.12926243245601654,0.10902853310108185,0.037935540080070496,1.0030601024627686,0.024947935715317726,1.2004753351211548,0.30902886390686035,1.4051635265350342,0.14646823704242706,0.5300694108009338,0.7577768564224243,0.11117374151945114,0.18983636796474457,0.1018180325627327,0.026408903300762177,0.03674955666065216,0.03680208697915077,0.022905046120285988,0.033047713339328766
32,5,7.3392213717103,1.0302650928497314,0.9863287210464478,1.0574921369552612,1.048029899597168,0.02399689331650734,0.052281882613897324,0.038722433149814606,0.03169175609946251,0.11546975374221802,0.10549185425043106,0.11314629018306732,0.11375993490219116,0.059718839824199677,1.132278323173523,0.024971505627036095,0.6101945638656616,0.28922098875045776,1.3521536588668823,0.04985814914107323,0.824615478515625,0.7553712129592896,0.024003058671951294,0.44832056760787964,0.18422982096672058,0.03347516432404518,0.03467262163758278,0.04244830459356308,0.023985225707292557,0.030719919130206108
32,6,7.5316444635391235,1.0286881923675537,0.9852730631828308,1.0587271451950073,1.0471903085708618,0.024733731523156166,0.05729097127914429,0.04045993089675903,0.034095533192157745,0.4057883024215698,0.1575559377670288,0.13468728959560394,0.1117449551820755,0.04862593486905098,0.694330096244812,0.02826242335140705,0.7425304651260376,0.42380133271217346,1.4777151346206665,0.038860954344272614,1.0302530527114868,0.5726581811904907,0.021776340901851654,0.33888116478919983,0.16661067306995392,0.030749298632144928,0.03718430548906326,0.0335661806166172,0.023205764591693878,0.03230076655745506
32,7,8.805892680585384,1.0273127555847168,0.9853589534759521,1.0565649271011353,1.0446465015411377,0.02392510138452053,0.0530189573764801,0.037564024329185486,0.03029884584248066,0.40286821126937866,0.18689553439617157,0.1612573266029358,0.13553030788898468,0.046911921352148056,0.6700709462165833,0.02959577552974224,0.9523774981498718,0.40043458342552185,2.167746067047119,0.03271298483014107,1.3119730949401855,0.45539024472236633,0.022634455934166908,0.4992844760417938,0.22521530091762543,0.029403559863567352,0.02941892296075821,0.029323266819119453,0.021482940763235092,0.02778170444071293
32,8,9.2784456692636,1.0270357131958008,0.9860706925392151,1.0563032627105713,1.0454041957855225,0.024891629815101624,0.032074037939310074,0.036954447627067566,0.03689911589026451,0.5216619968414307,0.1480206698179245,0.18300291895866394,0.16581979393959045,0.047170624136924744,0.7235304117202759,0.028211001306772232,1.2613593339920044,0.2852995693683624,2.0344038009643555,0.03753913938999176,1.5362451076507568,0.3340553343296051,0.02250717580318451,0.5840056538581848,0.26458966732025146,0.030406570062041283,0.028746502473950386,0.03041663020849228,0.023365147411823273,0.034306615591049194
32,9,9.69634505957365,1.0269156694412231,0.9856294393539429,1.0559544563293457,1.0473941564559937,0.02887999638915062,0.053145140409469604,0.03240300342440605,0.03536911681294441,0.5898404121398926,0.2755609154701233,0.11862677335739136,0.08713109791278839,0.04950643703341484,0.8175610303878784,0.02992832474410534,1.141587257385254,0.25976449251174927,2.361785888671875,0.03841692581772804,1.3841084241867065,0.47830259799957275,0.02190771885216236,0.6086813807487488,0.31550148129463196,0.027635464444756508,0.031056543812155724,0.027677251026034355,0.024073919281363487,0.0347147211432457
32,10,10.386778111755849,1.0267635583877563,0.9848461151123047,1.0563653707504272,1.0467078685760498,0.02357064187526703,0.07793056964874268,0.035950154066085815,0.023377669975161552,0.18426202237606049,0.18635930120944977,0.08869188278913498,0.059165794402360916,0.04422846436500549,0.9950674176216125,0.033117640763521194,0.9288448095321655,0.5974267721176147,2.1741139888763428,0.04741734266281128,2.6476283073425293,0.4039000868797302,0.02005781978368759,0.5436446070671082,0.293525367975235,0.03534800931811333,0.029703905805945396,0.029727313667535782,0.023772966116666794,0.03700867295265198
32,11,6.735654437541962,1.0267667770385742,0.9847117066383362,1.056520700454712,1.0468454360961914,0.025631297379732132,0.08272317796945572,0.03717543184757233,0.02061489038169384,0.2555913031101227,0.19659563899040222,0.030727580189704895,0.026669500395655632,0.03193413093686104,0.650019109249115,0.03602449595928192,0.8517831563949585,0.6302758455276489,1.7219713926315308,0.0577872209250927,0.2433069944381714,0.3751598000526428,0.022000471130013466,0.20613451302051544,0.26312029361724854,0.02508859522640705,0.028848474845290184,0.027081046253442764,0.02518613077700138,0.041235022246837616
32,12,6.316361746937036,1.0269274711608887,0.9851702451705933,1.0565842390060425,1.0477467775344849,0.02520177699625492,0.0979960635304451,0.03807451203465462,0.023200497031211853,0.2080165594816208,0.16305196285247803,0.03628603741526604,0.025342753157019615,0.029232198372483253,0.60532146692276,0.03584813326597214,0.847091555595398,0.36833420395851135,1.6815147399902344,0.060913197696208954,0.2684498429298401,0.2106509804725647,0.020770035684108734,0.3057951331138611,0.30118900537490845,0.03023325651884079,0.02950252592563629,0.030875973403453827,0.02045147493481636,0.02973211370408535
32,13,7.049233073741197,1.0272663831710815,0.985136866569519,1.0564513206481934,1.0505319833755493,0.025199709460139275,0.09708625078201294,0.03482407331466675,0.022980213165283203,0.14147669076919556,0.204527348279953,0.032159898430109024,0.028323568403720856,0.0281694158911705,0.5557674169540405,0.02883617952466011,1.16606867313385,0.2769787609577179,2.1285078525543213,0.06142028793692589,0.26666516065597534,0.16669315099716187,0.02289513871073723,0.511029064655304,0.2754613757133484,0.029108744114637375,0.028998808935284615,0.030797014012932777,0.023610344156622887,0.03777062147855759
32,14,7.322930076345801,1.0272661447525024,0.9856032729148865,1.057012677192688,1.0498079061508179,0.026169825345277786,0.11584913730621338,0.03702825680375099,0.02355770580470562,0.15655261278152466,0.17582644522190094,0.03238045796751976,0.02568209543824196,0.028891270980238914,0.5723909735679626,0.031782470643520355,1.3282482624053955,0.28375518321990967,2.2361392974853516,0.07010017335414886,0.26791995763778687,0.158943772315979,0.021688109263777733,0.49967101216316223,0.27243655920028687,0.028484096750617027,0.024493996053934097,0.028546547517180443,0.02496662549674511,0.02748723141849041
32,15,7.253337367996574,1.0273982286453247,0.9852580428123474,1.0569089651107788,1.0487513542175293,0.023927457630634308,0.10289023071527481,0.03994189202785492,0.022933507338166237,0.0705859363079071,0.15228991210460663,0.031161367893218994,0.02769104205071926,0.03789820149540901,0.26549530029296875,0.028375793248414993,1.4862759113311768,0.3241196274757385,2.3042991161346436,0.07717537879943848,0.2728334963321686,0.26952141523361206,0.023203045129776,0.46015480160713196,0.27674126625061035,0.027617834508419037,0.025561461225152016,0.028945783153176308,0.02360697276890278,0.02642729878425598
32,16,6.927147199213505,1.0271263122558594,0.9858938455581665,1.05812668800354,1.0462899208068848,0.024743298068642616,0.12053363025188446,0.04129840061068535,0.02022828347980976,0.0958063155412674,0.1705317348241806,0.029933368787169456,0.026191048324108124,0.037576522678136826,0.06014391407370567,0.02893914468586445,1.3778164386749268,0.1978650838136673,2.343731641769409,0.07099158316850662,0.2777111232280731,0.23533318936824799,0.02119246870279312,0.46510201692581177,0.32082411646842957,0.028164172545075417,0.024434257298707962,0.026871532201766968,0.025883665308356285,0.031812895089387894
32,17,7.133573000133038,1.0273631811141968,0.9858087301254272,1.0590120553970337,1.0470433235168457,0.02553393505513668,0.09598824381828308,0.04052923247218132,0.02614462561905384,0.08165529370307922,0.2726341485977173,0.02647331915795803,0.028411831706762314,0.03685608506202698,0.034689221531152725,0.027025802060961723,1.3413454294204712,0.22426559031009674,2.4148411750793457,0.08198525756597519,0.31838083267211914,0.2691650390625,0.023717571049928665,0.4851275682449341,0.3173520863056183,0.029665863141417503,0.02832372486591339,0.02301589772105217,0.023121105507016182,0.03347866237163544
32,18,6.48633375801146,1.027426838874817,0.9856570959091187,1.0594885349273682,1.0462007522583008,0.023649878799915314,0.08243606984615326,0.02980436012148857,0.021536456421017647,0.04655800014734268,0.11074322462081909,0.024716606363654137,0.024483732879161835,0.0358370803296566,0.0230264775454998,0.031115928664803505,0.7477233409881592,0.2826334238052368,2.6996347904205322,0.07349777221679688,0.3087814450263977,0.18667806684970856,0.021811336278915405,0.5925066471099854,0.1556294858455658,0.0245829988270998,0.028819510713219643,0.027226902544498444,0.023312639445066452,0.03583293780684471
33,0,56.35421139001846,1.027725100517273,0.9843777418136597,1.0557072162628174,1.05076003074646,0.8784971237182617,0.748985230922699,2.649597644805908,1.691098690032959,2.3405160903930664,2.5670700073242188,1.4044586420059204,0.7621597647666931,2.2268903255462646,0.9148378372192383,0.7335380911827087,4.79071569442749,4.35206937789917,4.6717071533203125,3.818129301071167,1.52876877784729,0.565078854560852,2.521191358566284,1.7967684268951416,1.00374174118042,2.2692039012908936,2.067225694656372,3.7767105102539062,3.5297110080718994,1.9218261241912842
33,1,9.415570837631822,1.0411747694015503,0.9836061596870422,1.0573405027389526,1.0340983867645264,0.03904390335083008,0.6829431653022766,0.051882874220609665,0.02688765525817871,0.14731107652187347,0.6539629697799683,0.03718075901269913,0.04868379235267639,0.049656108021736145,0.0830773189663887,0.08541540801525116,0.352753609418869,0.3405545949935913,0.41244664788246155,3.1390206813812256,0.502830982208252,0.14485761523246765,1.1089175939559937,0.4634346663951874,0.0493512824177742,0.03725925832986832,0.032629020512104034,0.03401996195316315,0.02629954181611538,0.041906386613845825
33,2,7.14665039665997,1.0331231355667114,0.9867526292800903,1.0582785606384277,1.0348151922225952,0.09012901782989502,0.6788293123245239,0.05425003170967102,0.10934660583734512,0.12155522406101227,0.9850929975509644,0.22825036942958832,0.03206997364759445,0.028470255434513092,0.09978426247835159,0.07208573818206787,0.7124729752540588,0.2699383795261383,0.8625482320785522,0.07569872587919235,0.9795666933059692,0.11550544202327728,0.030814064666628838,0.4488195776939392,0.026207976043224335,0.17368051409721375,0.02629716508090496,0.03611023724079132,0.02974068559706211,0.03679203614592552
33,3,7.77405421808362,1.0308523178100586,0.9907835721969604,1.0639331340789795,1.0397483110427856,0.11304093897342682,0.3173302114009857,0.07289975881576538,0.09355297684669495,0.11278822273015976,0.8676603436470032,0.8286888003349304,0.04015456885099411,0.03129241615533829,0.08324169367551804,0.14389105141162872,0.6479713916778564,0.21700872480869293,0.7751574516296387,0.07852433621883392,1.3606445789337158,0.22836913168430328,0.021035322919487953,0.4822787940502167,0.06222658231854439,0.23206768929958344,0.027533655986189842,0.03644809499382973,0.032978884875774384,0.04220512881875038
33,4,6.201073931530118,1.0291701555252075,0.9893231987953186,1.0582523345947266,1.039919137954712,0.02467775158584118,0.16904675960540771,0.055720072239637375,0.02608148194849491,0.13476493954658508,0.710260808467865,0.2344283163547516,0.08376731723546982,0.03034452348947525,0.07811429351568222,0.09392400830984116,0.648186206817627,0.19560550153255463,0.5920833349227905,0.03738653287291527,0.8769290447235107,0.2265380322933197,0.023986702784895897,0.4720380902290344,0.4010467827320099,0.12714943289756775,0.04038168862462044,0.03503847494721413,0.024435952305793762,0.03580491617321968
33,5,5.493510609865188,1.0281150341033936,0.9879556894302368,1.0575484037399292,1.0374704599380493,0.022689854726195335,0.207491934299469,0.07722952961921692,0.020841840654611588,0.028652112931013107,0.9712195992469788,0.21306701004505157,0.09300844371318817,0.02840925194323063,0.024852892383933067,0.06499014794826508,0.2686038017272949,0.21232986450195312,0.641565203666687,0.036773573607206345,0.9520437121391296,0.04345480352640152,0.022967016324400902,0.1962285190820694,0.27735939621925354,0.10825642198324203,0.04206356778740883,0.05543755367398262,0.022643618285655975,0.03911302238702774
33,6,4.381581662967801,1.0281511545181274,0.9880166053771973,1.0582916736602783,1.0372874736785889,0.02382543683052063,0.2123752236366272,0.04667000472545624,0.02193424105644226,0.06503957509994507,0.6601959466934204,0.033025890588760376,0.026135053485631943,0.028685344383120537,0.07394056022167206,0.03418968245387077,0.5431365966796875,0.152211993932724,0.4667775332927704,0.04202570393681526,0.15857160091400146,0.06555114686489105,0.023607121780514717,0.2829187214374542,0.4128776788711548,0.05634980648756027,0.038019150495529175,0.03282545879483223,0.02546742372214794,0.032875385135412216
33,7,4.388403047248721,1.028554081916809,0.9862990975379944,1.056028127670288,1.03696608543396,0.022209404036402702,0.2910537123680115,0.04203424230217934,0.02211245708167553,0.05629991367459297,0.6797478795051575,0.0313330739736557,0.031225014477968216,0.028627021238207817,0.07813280075788498,0.03607531264424324,0.5589460134506226,0.13075211644172668,0.22840535640716553,0.04022059217095375,0.1541958898305893,0.06173761934041977,0.022051595151424408,0.1423131674528122,0.7085365056991577,0.07139483094215393,0.035793110728263855,0.031735919415950775,0.025247890502214432,0.036652129143476486
33,8,4.889179442077875,1.0290629863739014,0.9853271842002869,1.0557647943496704,1.0368789434432983,0.021961914375424385,0.28348416090011597,0.047640249133110046,0.021604450419545174,0.06732144951820374,0.6923721432685852,0.030753616243600845,0.0357217900454998,0.03093748912215233,0.07552314549684525,0.03612038493156433,0.8510798215866089,0.1296737641096115,0.2507302761077881,0.035076141357421875,0.1326809525489807,0.05390309914946556,0.02380889467895031,0.1491982638835907,0.9092915058135986,0.07725288718938828,0.02662689797580242,0.030060168355703354,0.02369745820760727,0.03125173598527908
33,9,5.122956074774265,1.029388427734375,0.9858769774436951,1.055395483970642,1.037631869316101,0.021653559058904648,0.3469507396221161,0.0576913058757782,0.022022338584065437,0.06570671498775482,0.4043138027191162,0.02870582602918148,0.04519584774971008,0.02873389795422554,0.14240066707134247,0.04990408569574356,0.9294947385787964,0.14980687201023102,0.4057013988494873,0.040775544941425323,0.13186798989772797,0.04780017212033272,0.023625284433364868,0.17628750205039978,0.9735609292984009,0.09344012290239334,0.03285868838429451,0.02767007239162922,0.025781631469726562,0.029347790405154228
33,10,5.3471090760082,1.029634952545166,0.9849109053611755,1.0566723346710205,1.0368181467056274,0.022633740678429604,0.26541343331336975,0.048662059009075165,0.024203157052397728,0.05990596115589142,0.25400644540786743,0.03235131874680519,0.03745619207620621,0.03568076714873314,0.11423634737730026,0.05790628492832184,1.1411422491073608,0.12673595547676086,0.4614070951938629,0.04281561076641083,0.1535618007183075,0.050807029008865356,0.025052523240447044,0.14829663932323456,1.2028754949569702,0.10653852671384811,0.03331035003066063,0.02661299891769886,0.024220431223511696,0.029669396579265594
33,11,5.403339692950249,1.0302350521087646,0.9847712516784668,1.0564130544662476,1.0376170873641968,0.021901914849877357,0.26354363560676575,0.05484888330101967,0.020926428958773613,0.06620286405086517,0.249161958694458,0.03350502997636795,0.03793832287192345,0.0266636423766613,0.10944171249866486,0.0423869714140892,0.9258555769920349,0.14778977632522583,0.628002405166626,0.05041464418172836,0.12088853120803833,0.06502340734004974,0.022483844310045242,0.21470996737480164,1.2562074661254883,0.10619408637285233,0.030805377289652824,0.028440622612833977,0.0228937566280365,0.0353015772998333
33,12,5.713375560939312,1.0296536684036255,0.9855080842971802,1.056742787361145,1.0378756523132324,0.023143073543906212,0.35157108306884766,0.04727942869067192,0.022874200716614723,0.04868616163730621,0.18616855144500732,0.029887719079852104,0.0443071685731411,0.038254886865615845,0.1349320262670517,0.04089833423495293,0.690686047077179,0.1486048698425293,0.9427642822265625,0.0317547433078289,0.11456190794706345,0.047028083354234695,0.025237591937184334,0.5813736319541931,1.1826716661453247,0.04471776261925697,0.03310825675725937,0.028161546215415,0.025749439373612404,0.02699705958366394
34,0,57.61723827123642,1.02772057056427,0.9859315156936646,1.0553823709487915,1.0445493459701538,0.8915380239486694,0.5521456003189087,2.026620864868164,1.6431514024734497,1.8660982847213745,2.6881067752838135,2.0180842876434326,0.9294787049293518,2.335007905960083,0.984584629535675,0.8588191866874695,4.243348121643066,3.5858652591705322,5.548985004425049,5.109682083129883,1.9423376321792603,1.2232311964035034,2.3359858989715576,1.2036150693893433,1.392045259475708,2.4037559032440186,1.5731337070465088,3.7163658142089844,3.6129679679870605,2.1095669269561768
34,1,20.66869963631034,1.0412064790725708,0.9999189972877502,1.061258316040039,1.0414401292800903,0.02371225319802761,0.031208332628011703,0.871545672416687,1.2356704473495483,0.04944416880607605,0.13320554792881012,1.3638166189193726,0.7133826017379761,1.6023497581481934,0.488716721534729,0.06920581310987473,1.7163317203521729,0.19235512614250183,4.148651599884033,0.9652007222175598,1.5420087575912476,0.058159295469522476,0.10595721751451492,0.30668097734451294,0.39578649401664734,1.5741311311721802,0.06687238812446594,0.08158399164676666,0.023278316482901573,2.080679178237915
34,2,2.8946057960391043,1.026761770248413,0.9915157556533813,1.0607218742370605,1.0506848096847534,0.031288761645555496,0.03426225483417511,0.03663898631930351,0.025322144851088524,0.22919221222400665,0.13244324922561646,0.04471765086054802,0.023684538900852203,0.02700800634920597,0.17676150798797607,0.02137233130633831,0.13607680797576904,0.07389415055513382,0.28014954924583435,0.05642513185739517,0.1731482893228531,0.11727462708950043,0.047427400946617126,0.06359046697616577,0.08069301396608353,0.02806437574326992,0.04402018338441849,0.0624508261680603,0.09133207052946091,0.03143041580915451
34,3,5.255516551434994,1.0268080234527588,0.9916707277297974,1.062159538269043,1.057743787765503,0.029377050697803497,0.037276510149240494,0.036266740411520004,0.032001372426748276,0.16956909000873566,0.2535158097743988,0.04429803416132927,0.03547319024801254,0.03723069652915001,1.6600736379623413,0.02641109935939312,0.11626120656728745,0.3884507417678833,0.22747275233268738,0.0619976744055748,0.3679651916027069,0.5076474547386169,0.051504410803318024,0.07384690642356873,0.05932551622390747,0.02478121593594551,0.048015087842941284,0.07121948152780533,0.038201954215765,0.029657309874892235
34,4,8.29445627555251,1.0268617868423462,0.9868818521499634,1.0568554401397705,1.0654743909835815,0.031601324677467346,0.0601373054087162,0.03643365576863289,0.04629039019346237,0.24959810078144073,0.15167534351348877,0.04560762271285057,0.028157027438282967,0.05210193619132042,2.4884424209594727,0.02193509228527546,0.5717779397964478,1.2522153854370117,0.8968337178230286,0.05445316806435585,0.19467510282993317,0.5247552394866943,0.05051027983427048,0.4992612898349762,0.041514985263347626,0.027150548994541168,0.029882395640015602,0.05630603805184364,0.02928881347179413,0.026636457070708275
34,5,7.802832559868693,1.0271621942520142,0.987822413444519,1.0558178424835205,1.0602943897247314,0.04553820192813873,0.05604247376322746,0.029598191380500793,0.05383067950606346,0.23855708539485931,0.13448508083820343,0.03824247047305107,0.03282874822616577,0.04177135229110718,1.1202516555786133,0.021962031722068787,1.4102728366851807,1.1094481945037842,0.5201088190078735,0.059018418192863464,0.33490046858787537,0.7111488580703735,0.050124820321798325,0.7703264355659485,0.0442437008023262,0.02422819472849369,0.027724293991923332,0.03919321298599243,0.03244607150554657,0.030320895835757256
34,6,9.383175280690192,1.026841402053833,0.9852679371833801,1.0559520721435547,1.0697497129440308,0.04292799532413483,0.04020475223660469,0.027851704508066177,0.054671768099069595,0.0596204437315464,0.17654567956924438,0.025822432711720467,0.02734229899942875,0.04703745245933533,1.5014445781707764,0.024318302050232887,1.6130727529525757,0.9584245681762695,0.7770381569862366,0.05210763216018677,0.6005368828773499,0.6860508322715759,0.021568428725004196,1.6219667196273804,0.04898986965417862,0.025244014337658882,0.030391374602913857,0.03517993912100792,0.030684316530823708,0.026570159941911697
34,7,9.679654758423567,1.0267611742019653,0.9847350716590881,1.0551438331604004,1.0614455938339233,0.029595814645290375,0.035005420446395874,0.029278824105858803,0.04892326146364212,0.49064090847969055,0.16294747591018677,0.027228012681007385,0.03389766812324524,0.04637227579951286,1.5076977014541626,0.033609919250011444,1.981036901473999,1.0854765176773071,0.768585741519928,0.04946538060903549,0.34517261385917664,0.6067267060279846,0.020866846665740013,1.3753769397735596,0.022982899099588394,0.0274825282394886,0.027800319716334343,0.03503914922475815,0.03424694761633873,0.02858084999024868
34,8,9.209496901929379,1.026764988899231,0.9850369691848755,1.0550758838653564,1.0609424114227295,0.02859506569802761,0.03317052498459816,0.026616675779223442,0.054005879908800125,0.6299333572387695,0.15900780260562897,0.02388964593410492,0.03963824361562729,0.04201260209083557,1.5646024942398071,0.03235296905040741,2.167529344558716,0.9785387516021729,0.4742056131362915,0.05842367559671402,0.32316136360168457,0.5271923542022705,0.02385559305548668,1.0213379859924316,0.0249270498752594,0.029467051848769188,0.024783916771411896,0.03341227024793625,0.03508196026086807,0.02819065935909748
35,0,52.22966404557228,1.02772057056427,0.9859315156936646,1.0553823709487915,1.0445493459701538,1.1252514123916626,0.3845157325267792,1.6778620481491089,1.0268800258636475,1.4673272371292114,2.887507915496826,1.6731534004211426,0.8374218344688416,1.5824594497680664,1.3065388202667236,1.0687949657440186,4.54543924331665,3.7014474868774414,4.711827754974365,4.204122066497803,2.135956048965454,0.5396871566772461,2.3553950786590576,1.1004531383514404,1.0844985246658325,1.7379587888717651,1.8956021070480347,3.68276047706604,2.3670496940612793,2.307036876678467
35,1,12.669367289543152,1.0271780490875244,0.9894165396690369,1.0560307502746582,1.0735365152359009,0.045792356133461,0.36866295337677,0.07051330804824829,0.06042920798063278,0.17424915730953217,0.1003338173031807,0.024012580513954163,0.04770587012171745,0.07917986810207367,0.10311368852853775,0.1049356460571289,1.6935346126556396,0.4799094498157501,0.442033976316452,3.491156816482544,0.8878576159477234,0.11282119154930115,2.1019186973571777,0.41958725452423096,0.7882630825042725,0.10010941326618195,0.03305719047784805,0.04610263556241989,0.03208256885409355,0.03277195990085602
35,2,9.569670570641756,1.0269092321395874,0.985798180103302,1.0580470561981201,1.0531083345413208,0.03279360756278038,0.3660818338394165,0.07784806191921234,0.04185057803988457,0.11458071321249008,0.09237398952245712,0.02396966703236103,0.07471897453069687,0.03561254218220711,0.026486070826649666,0.17462190985679626,2.4017655849456787,0.0464533269405365,0.5192261338233948,0.06303004920482635,4.093509674072266,0.03043132834136486,0.027740348130464554,0.08738477528095245,0.21796682476997375,0.060473956167697906,0.0309637188911438,0.04483701288700104,0.02846783585846424,0.031709492206573486
35,3,13.722980088368057,1.0273751020431519,0.9847025275230408,1.0620152950286865,1.0473459959030151,0.034714456647634506,0.14115731418132782,0.05835801735520363,0.04398474469780922,0.06085855886340141,0.13083769381046295,0.022423213347792625,0.10619764775037766,0.03492208197712898,0.039541326463222504,0.2667583227157593,2.0235865116119385,0.13295100629329681,0.725333571434021,0.06655307859182358,8.399802207946777,0.033511023968458176,0.027994977310299873,0.15573839843273163,0.16389432549476624,0.08961013704538345,0.027864566072821617,0.05297354608774185,0.03227921202778816,0.02684636414051056
35,4,9.910556669160723,1.0284943580627441,0.9871001839637756,1.0575788021087646,1.05575430393219,0.02816009894013405,0.03999156877398491,0.08033283054828644,0.056510407477617264,0.24474216997623444,1.7528244256973267,0.02401662804186344,0.09704329818487167,0.04317208379507065,0.06330253928899765,0.03449412062764168,0.8305960893630981,0.3081008493900299,0.5665653944015503,0.03569277375936508,4.3838419914245605,0.05922125652432442,0.025277990847826004,0.10919994860887527,0.1091427132487297,0.07354045659303665,0.026293374598026276,0.04396207258105278,0.022110607475042343,0.02663544937968254
35,5,10.967554991319776,1.027358889579773,0.9862794876098633,1.0588178634643555,1.0510684251785278,0.02673223614692688,0.03856990486383438,0.07938475161790848,0.05998443812131882,0.22826150059700012,1.4018813371658325,0.02277611754834652,0.09578892588615417,0.04454265907406807,0.05605496093630791,0.04671286419034004,0.9748793244361877,0.6263142228126526,0.8505967259407043,0.03280995786190033,5.075960636138916,0.039732616394758224,0.028314296156167984,0.10946021229028702,0.07030300050973892,0.1058865487575531,0.03211367875337601,0.04316478595137596,0.023734096437692642,0.028890259563922882
35,6,10.995145462825894,1.0271841287612915,0.9860676527023315,1.05715012550354,1.047783613204956,0.02490873448550701,0.03203773871064186,0.0884876623749733,0.02558733895421028,0.22051812708377838,1.288006067276001,0.024064674973487854,0.024857932701706886,0.04388393834233284,0.07153771817684174,0.05127556249499321,0.9795698523521423,0.5837479829788208,0.5739229917526245,0.03483415022492409,5.405134677886963,0.04305383935570717,0.027325496077537537,0.25775837898254395,0.19178014993667603,0.06015819311141968,0.02956787496805191,0.03462233766913414,0.02412671223282814,0.030740225687623024
35,7,12.550103459507227,1.0272908210754395,0.9868382215499878,1.0550012588500977,1.048362135887146,0.03006460890173912,0.022719094529747963,0.06861373782157898,0.021962527185678482,0.3068031072616577,0.6203858852386475,0.02316727489233017,0.03004872240126133,0.039545055478811264,0.07082105427980423,0.06430112570524216,1.0431700944900513,1.7484320402145386,0.4815751016139984,0.038668595254421234,5.424679756164551,0.041689589619636536,0.03681829944252968,0.66899573802948,0.7541757822036743,0.0653507262468338,0.03163077309727669,0.03898365795612335,0.02496468648314476,0.02903793752193451
35,8,14.323626018315554,1.0278704166412354,0.9873283505439758,1.0552103519439697,1.0470558404922485,0.029398320242762566,0.021566225215792656,0.08510139584541321,0.02809278294444084,0.2986437678337097,0.7389376759529114,0.0231800340116024,0.038898713886737823,0.036318421363830566,0.08130544424057007,0.07364626973867416,1.002927303314209,2.055752992630005,0.45548883080482483,0.04071304202079773,6.6038818359375,0.037047408521175385,0.036907728761434555,0.6978013515472412,0.9093998074531555,0.07364217936992645,0.03617890924215317,0.04196089133620262,0.024990832433104515,0.028350861743092537
36,0,52.93617973327637,1.0277057886123657,0.9873245358467102,1.0549005270004272,1.0365110635757446,0.5900440216064453,0.6815986037254333,1.8136653900146484,1.5011805295944214,1.9233649969100952,2.850250482559204,1.5942350625991821,0.8628259301185608,1.8150376081466675,1.025434136390686,0.8766511678695679,3.3159735202789307,4.147518157958984,5.333763599395752,4.736690521240234,1.9787390232086182,0.18015342950820923,2.324063777923584,1.5628814697265625,1.1390413045883179,2.084798812866211,1.945626974105835,3.7198848724365234,1.8076916933059692,2.303776264190674
36,1,7.425923799723387,1.0268018245697021,0.9887425303459167,1.0578839778900146,1.0355100631713867,0.024995792657136917,0.7625625133514404,0.045039303600788116,0.04251713678240776,0.10422249883413315,0.1267477124929428,0.06380736827850342,0.21819671988487244,0.09160006791353226,0.09865272045135498,0.03342345356941223,0.19760139286518097,0.14782308042049408,0.3466072380542755,2.2592642307281494,0.2523741126060486,0.0888991579413414,1.206124186515808,0.11067125201225281,0.04432759806513786,0.2052002251148224,0.033089347183704376,0.04271921142935753,0.02927488088607788,0.028394918888807297
36,2,12.288496935367585,1.0268645286560059,0.9992504119873047,1.055749535560608,1.0430363416671753,0.026220668107271194,0.059372253715991974,0.04459340497851372,0.036003854125738144,0.1684826761484146,0.1980409473180771,0.0353412851691246,0.26634979248046875,0.15194380283355713,0.3694502115249634,0.030846405774354935,0.3180999457836151,0.21168114244937897,0.4428543150424957,5.389808177947998,1.3038012981414795,0.07032724469900131,1.3066987991333008,0.3692043125629425,0.41191771626472473,0.11038302630186081,0.035077571868896484,0.04216022044420242,0.031590111553668976,0.033267587423324585
36,3,8.822534226253628,1.0267623662948608,0.9930641055107117,1.0545921325683594,1.0379778146743774,0.0213633980602026,0.1183912381529808,0.0458674393594265,0.02669326215982437,0.528306245803833,0.24170978367328644,0.044028326869010925,0.027293125167489052,0.12085679918527603,0.8854860067367554,0.02844628505408764,1.2522332668304443,0.2985711693763733,0.4784329831600189,0.04129905253648758,3.0596957206726074,0.15362179279327393,0.02499733492732048,0.13372720777988434,0.3096408545970917,0.03403743728995323,0.025723472237586975,0.0346565879881382,0.03540565446019173,0.029570497572422028
36,4,8.361123533174396,1.0267624855041504,0.9989003539085388,1.0545512437820435,1.0376806259155273,0.040893517434597015,0.19251930713653564,0.03314575180411339,0.049571648240089417,0.500576913356781,0.22703945636749268,0.036549247801303864,0.09758508950471878,0.3165229260921478,0.05468597263097763,0.030639296397566795,0.8367530703544617,0.23813872039318085,0.7275004386901855,0.04016857594251633,2.3876795768737793,0.27558693289756775,0.024614715948700905,0.030661001801490784,1.1310027837753296,0.14538633823394775,0.029179193079471588,0.03113650158047676,0.02317737229168415,0.03683024272322655
36,5,6.7844681750983,1.0269438028335571,0.992072343826294,1.0545718669891357,1.0386630296707153,0.04193073883652687,0.10636891424655914,0.029827777296304703,0.028304262086749077,0.7180292010307312,0.16925542056560516,0.039761025458574295,0.05668717622756958,0.19278375804424286,0.0891251340508461,0.02715505287051201,0.41172412037849426,0.4078493118286133,0.3132862150669098,0.04638379439711571,1.0219719409942627,0.30111148953437805,0.033073775470256805,0.029793856665492058,1.642057180404663,0.13359281420707703,0.03193192929029465,0.034243393689394,0.021892277523875237,0.033877406269311905
36,6,8.091054090857506,1.026824951171875,0.9902567267417908,1.054614782333374,1.0384697914123535,0.03498068451881409,0.11999434232711792,0.0313970223069191,0.02537987194955349,0.7656578421592712,0.20414721965789795,0.03193660080432892,0.02676607482135296,0.23019717633724213,0.11156977713108063,0.024951908737421036,0.3909338116645813,0.5328450202941895,0.5874619483947754,0.03665098175406456,1.6370089054107666,0.20568685233592987,0.024284962564706802,0.2170073240995407,1.754703164100647,0.15482820570468903,0.0348123162984848,0.028420014306902885,0.021912043914198875,0.035486768931150436
36,7,8.806077179685236,1.027347445487976,0.9860065579414368,1.0546351671218872,1.0414196252822876,0.02290927805006504,0.038899485021829605,0.03966445103287697,0.027169570326805115,1.2230534553527832,0.21368512511253357,0.028048161417245865,0.022075315937399864,0.22221890091896057,0.2357136607170105,0.025242306292057037,0.8512020111083984,0.5166829824447632,0.7472283244132996,0.03210773319005966,2.4358322620391846,0.026981469243764877,0.022709520533680916,0.05252080410718918,0.960029125213623,0.12088873237371445,0.03259693831205368,0.024856889620423317,0.023929273709654808,0.03794964402914047
36,8,8.842910826206207,1.0271852016448975,0.9847443699836731,1.0548640489578247,1.0425559282302856,0.023272788152098656,0.05119704082608223,0.034991808235645294,0.026920368894934654,1.415397047996521,0.2844450771808624,0.025415189564228058,0.024380121380090714,0.20087505877017975,0.2546098828315735,0.025446180254220963,1.0734220743179321,0.4992985129356384,0.9539617896080017,0.035475727170705795,1.9691659212112427,0.042105648666620255,0.02276470512151718,0.057035982608795166,0.753955066204071,0.12826043367385864,0.03374713659286499,0.02605159394443035,0.02425003983080387,0.03459572046995163
36,9,8.630460517853498,1.0269620418548584,0.9844036102294922,1.0547668933868408,1.0455048084259033,0.025006964802742004,0.060286711901426315,0.04134775325655937,0.03482351824641228,0.7924756407737732,0.2724115550518036,0.021904120221734047,0.02394016832113266,0.15589188039302826,0.20520766079425812,0.027213752269744873,0.6617462038993835,0.646101176738739,0.9482699632644653,0.032863471657037735,2.915891170501709,0.06351769715547562,0.022871267050504684,0.08469828963279724,0.5342996120452881,0.12225613743066788,0.03197173774242401,0.027335407212376595,0.026358963921666145,0.02944222278892994
36,10,9.044071828573943,1.027363896369934,0.9844731688499451,1.054907202720642,1.0496017932891846,0.02222248911857605,0.1202518418431282,0.058940958231687546,0.0247423704713583,0.6515023112297058,0.3177068829536438,0.023602444678544998,0.026963097974658012,0.13642844557762146,0.21563439071178436,0.031228642910718918,0.572044849395752,0.7920387387275696,0.8936651349067688,0.028578266501426697,3.269887685775757,0.08836217224597931,0.024245597422122955,0.0814836174249649,0.5821070671081543,0.14141514897346497,0.03546842932701111,0.029369469732046127,0.02272043377161026,0.03019212931394577
36,11,9.073537813872099,1.0272623300552368,0.9847001433372498,1.0552021265029907,1.0463637113571167,0.025160374119877815,0.13287630677223206,0.049349699169397354,0.03212173283100128,0.6940370798110962,0.20225748419761658,0.02402142807841301,0.03498092293739319,0.10713288933038712,0.187251478433609,0.025650842115283012,0.47777846455574036,0.7849558591842651,0.8032330870628357,0.031057484447956085,3.633070230484009,0.09034543484449387,0.024246906861662865,0.07862796634435654,0.5677540898323059,0.13305872678756714,0.02976321615278721,0.029177600517868996,0.023765908554196358,0.029156938195228577
37,0,57.585152226686475,1.02772057056427,0.9859315156936646,1.0553823709487915,1.0445493459701538,0.8803147077560425,1.0545268058776855,2.061490774154663,1.136176586151123,1.0524851083755493,2.9265034198760986,1.3631513118743896,0.7762054204940796,2.0502495765686035,0.9052508473396301,0.8543155789375305,4.067440032958984,3.8840267658233643,5.567936897277832,5.4720683097839355,2.6041548252105713,0.4854777753353119,2.1382627487182617,2.4410359859466553,0.9296666979789734,2.941568613052368,1.9511771202087402,3.6573374271392822,2.4510960578918457,3.11051607131958
37,1,21.544483716413378,1.031018853187561,0.9941640496253967,1.07756507396698,1.0374157428741455,0.026051489636301994,0.023032426834106445,1.8558152914047241,0.6479772925376892,0.5925101041793823,0.1116081103682518,1.1333787441253662,0.7155625224113464,1.7168880701065063,0.20063501596450806,0.06724830716848373,1.077584981918335,0.2286222279071808,4.350216388702393,0.778883695602417,1.7191942930221558,0.3834437429904938,0.11117503046989441,0.6451383233070374,0.19071954488754272,1.0349750518798828,0.03884497657418251,0.039129484444856644,0.03311804682016373,2.9946978092193604
37,2,7.595519381389022,1.0267977714538574,0.9837297201156616,1.0565965175628662,1.037132978439331,0.02391432225704193,0.0459863618016243,0.06111285462975502,0.023185212165117264,0.6143385767936707,0.20711761713027954,0.031119251623749733,0.024442898109555244,0.043527744710445404,0.7497706413269043,0.131403386592865,3.175149917602539,0.3655450940132141,0.1629849225282669,0.1189277246594429,0.2885957360267639,0.05654609948396683,0.09778223186731339,0.20819909870624542,0.17399220168590546,0.028695136308670044,0.037420421838760376,0.05431562289595604,0.021477358415722847,0.02911755070090294
37,3,9.343993563205004,1.0269756317138672,0.9845473766326904,1.055130958557129,1.0440673828125,0.024938035756349564,0.07081638276576996,0.05465857684612274,0.02581673488020897,0.4180774986743927,0.16324695944786072,0.02540695108473301,0.026302168145775795,0.06602947413921356,0.938390851020813,0.16451479494571686,3.557835578918457,0.4265163242816925,0.3936471939086914,0.12253842502832413,0.690945565700531,0.07591632753610611,0.047667134553194046,0.13657884299755096,0.33522993326187134,0.6334810853004456,0.02921527624130249,0.033965181559324265,0.028276368975639343,0.03183762729167938
37,4,11.210996551066637,1.0268081426620483,0.9837365746498108,1.054625391960144,1.0533723831176758,0.02690858021378517,0.04994417726993561,0.07984301447868347,0.02868954837322235,0.2739190459251404,0.06146153062582016,0.02474203146994114,0.03418469801545143,0.15621963143348694,1.0891399383544922,0.09571395069360733,2.3766114711761475,1.068442702293396,1.222961664199829,0.12364935129880905,0.7506834268569946,0.12039631605148315,0.05644611641764641,0.2832288146018982,0.15978950262069702,2.1844112873077393,0.034957949072122574,0.03155181184411049,0.024614213034510612,0.02877727895975113
37,5,11.439519005268812,1.0268547534942627,0.9837173819541931,1.0548666715621948,1.0556050539016724,0.02254837192595005,0.04695683717727661,0.06229931488633156,0.028413744643330574,0.2986660599708557,0.0766778513789177,0.03294767811894417,0.03691171482205391,0.060112617909908295,1.266374945640564,0.05840063840150833,2.823578357696533,0.8461911678314209,1.0434961318969727,0.13348808884620667,0.853844165802002,0.16494494676589966,0.024527309462428093,0.7173824310302734,0.27467775344848633,1.6164348125457764,0.04342636093497276,0.027762550860643387,0.024034887552261353,0.03121149353682995
37,6,11.668430949747563,1.0270440578460693,0.9844267964363098,1.0545598268508911,1.0565125942230225,0.021216627210378647,0.05671015381813049,0.08180314302444458,0.028298428282141685,0.24481338262557983,0.09878534078598022,0.02459798753261566,0.04507236182689667,0.05841760337352753,1.3085041046142578,0.0696706771850586,2.4029452800750732,1.1190985441207886,0.9768838882446289,0.1788903921842575,0.730017900466919,0.18552924692630768,0.02559087611734867,0.965092658996582,0.08726886659860611,2.01957106590271,0.03642375394701958,0.026835540309548378,0.022770987823605537,0.02911348268389702
37,7,9.796566145867109,1.0271708965301514,0.9841921329498291,1.0547057390213013,1.0552656650543213,0.024083640426397324,0.08129709213972092,0.06481821835041046,0.02620328776538372,0.19647130370140076,0.12285486608743668,0.022983573377132416,0.02387220785021782,0.05015457421541214,0.8407964110374451,0.07929924130439758,2.1685218811035156,0.8906884789466858,0.7863333225250244,0.19479869306087494,0.5620088577270508,0.12807594239711761,0.025033660233020782,0.6666693687438965,0.065342977643013,1.8367786407470703,0.03352005034685135,0.027671076357364655,0.026524357497692108,0.027497535571455956
37,8,9.21643263027072,1.0270497798919678,0.9844269752502441,1.0545523166656494,1.05284583568573,0.024771610274910927,0.09268376231193542,0.06381550431251526,0.02922452986240387,0.20640534162521362,0.12179629504680634,0.023608872666954994,0.02670350670814514,0.03617912903428078,0.7167654633522034,0.07313475012779236,1.7261817455291748,0.8704699873924255,0.8657270669937134,0.07090578973293304,0.5328671932220459,0.1283864676952362,0.0238178838044405,0.6047281622886658,0.07826396077871323,1.9497802257537842,0.040973152965307236,0.03199910745024681,0.028004929423332214,0.02546321041882038
38,0,57.93629162311554,1.02772057056427,0.9859315156936646,1.0553823709487915,1.0445493459701538,1.252679705619812,0.37628573179244995,2.1664841175079346,1.5344516038894653,2.488288164138794,2.823789119720459,1.670764446258545,0.8789038062095642,1.4992773532867432,1.0061229467391968,0.9352210760116577,3.4215972423553467,3.6654021739959717,5.116244316101074,4.837803840637207,2.1461501121520996,1.1280639171600342,2.484982490539551,2.6579794883728027,0.7389957904815674,2.414379119873047,1.9830710887908936,3.8141491413116455,3.2644410133361816,2.80804705619812
38,1,9.742394309863448,1.0398939847946167,0.9848288893699646,1.0545517206192017,1.043035864830017,0.048114340752363205,0.34606456756591797,0.0613638311624527,0.033346958458423615,0.09109093993902206,0.48028475046157837,0.03969833254814148,0.10007353127002716,0.11593825370073318,0.18184007704257965,0.08139341324567795,0.6708739995956421,0.24094972014427185,0.7685093879699707,3.22225022315979,0.3901340961456299,0.036133717745542526,1.4338840246200562,0.31858164072036743,0.09738790988922119,0.02972663938999176,0.03526601195335388,0.03762219846248627,0.024866672232747078,0.032536979764699936
38,2,7.773175996914506,1.0368022918701172,0.9848368167877197,1.0553195476531982,1.0565259456634521,0.02640780434012413,0.32315874099731445,0.07597220689058304,0.03836561366915703,0.08857021480798721,0.5795365571975708,0.0306849405169487,0.28216496109962463,0.21737241744995117,0.19875167310237885,0.044832609593868256,0.736167848110199,0.7624462246894836,0.4468356966972351,0.05032291263341904,0.4785139262676239,0.6136794090270996,0.022948911413550377,1.4512163400650024,0.3062068819999695,0.04274804890155792,0.029302913695573807,0.04088859632611275,0.025469951331615448,0.03391367569565773
38,3,7.289404796808958,1.03212571144104,0.9855557680130005,1.0545508861541748,1.0658056735992432,0.021554244682192802,0.3632708191871643,0.05692228674888611,0.1126716360449791,0.09378062933683395,0.5159637928009033,0.026779526844620705,0.1735978126525879,0.255719393491745,0.27513301372528076,0.08368198573589325,0.6049197912216187,0.7075194120407104,0.5302320718765259,0.07363078743219376,1.1953182220458984,0.6998501420021057,0.018540751188993454,0.20347294211387634,0.2584152817726135,0.05223357677459717,0.031173059716820717,0.039319317787885666,0.029020318761467934,0.03907637298107147
38,4,8.998400995507836,1.0288164615631104,0.9852522015571594,1.0546528100967407,1.0531527996063232,0.021107323467731476,0.23192745447158813,0.09640084952116013,0.0323481410741806,0.038057226687669754,0.6772790551185608,0.02289463020861149,0.037933867424726486,0.33506473898887634,0.31301283836364746,0.07030157744884491,0.7551552057266235,1.098356008529663,0.6986107230186462,0.04090724140405655,2.536396026611328,0.16502004861831665,0.022807633504271507,0.30207017064094543,0.27131909132003784,0.29154840111732483,0.02655479870736599,0.02877943590283394,0.03070504032075405,0.029468612745404243
38,5,10.289867988973857,1.0282939672470093,0.9839237332344055,1.0546635389328003,1.0514646768569946,0.02393864095211029,0.2921043336391449,0.05176836997270584,0.0287453792989254,0.046997424215078354,0.4493403136730194,0.02723405696451664,0.044031694531440735,0.12901711463928223,0.45653191208839417,0.04444544017314911,1.1105561256408691,2.0166611671447754,0.7725294828414917,0.03849960118532181,2.797714948654175,0.1383986473083496,0.022492345422506332,0.1561264991760254,0.277124285697937,0.4167841970920563,0.03035786561667919,0.035807400941848755,0.027583889663219452,0.0314076691865921
38,6,8.221809738501907,1.0283055305480957,0.9843425154685974,1.0546784400939941,1.0510164499282837,0.02606918476521969,0.17536431550979614,0.03441721573472023,0.02774761989712715,0.025540953502058983,0.42480283975601196,0.023824216797947884,0.043550603091716766,0.088690385222435,0.4576745927333832,0.035137053579092026,1.1653674840927124,1.9915968179702759,0.44738128781318665,0.03776540979743004,1.4799844026565552,0.11989475786685944,0.024544695392251015,0.08931562304496765,0.37296047806739807,0.18369580805301666,0.029087230563163757,0.028783133253455162,0.03244736045598984,0.03249768167734146
38,7,8.89632511548698,1.0268768072128296,0.9842610955238342,1.0548876523971558,1.0460567474365234,0.025162650272250175,0.1015474870800972,0.034390419721603394,0.030120598152279854,0.02800443023443222,0.12534254789352417,0.024352403357625008,0.026834899559617043,0.0713716447353363,0.7238987684249878,0.027195153757929802,1.1576370000839233,1.7805442810058594,0.6028252840042114,0.04015134274959564,2.120802164077759,0.1624874323606491,0.024987731128931046,0.07652512937784195,0.5104729533195496,0.2608433961868286,0.026640191674232483,0.031146861612796783,0.02844807133078575,0.03217581287026405
38,8,9.7110796302557,1.0269781351089478,0.9839273691177368,1.0545504093170166,1.0472195148468018,0.0289435014128685,0.11774438619613647,0.030336489900946617,0.03552339971065521,0.029268179088830948,0.12399285286664963,0.028125062584877014,0.02646281197667122,0.06860358268022537,0.8865771293640137,0.026788055896759033,1.4067683219909668,2.000779151916504,0.36904841661453247,0.04015478491783142,2.105684518814087,0.19970621168613434,0.026746174320578575,0.0943869799375534,0.8296329379081726,0.29331400990486145,0.031084999442100525,0.03142424300312996,0.030503470450639725,0.026944871991872787
38,9,8.946416549384594,1.027001976966858,0.9839990139007568,1.0545563697814941,1.0491557121276855,0.027297846972942352,0.1560826599597931,0.03155339136719704,0.029997969046235085,0.03158310800790787,0.13183866441249847,0.027189992368221283,0.02704867534339428,0.06377905607223511,0.6695520281791687,0.030395276844501495,1.6547274589538574,1.1938235759735107,0.3507081866264343,0.03874232992529869,2.199753999710083,0.16096796095371246,0.02979678101837635,0.12512613832950592,0.7618274688720703,0.26711341738700867,0.02672364003956318,0.02630789950489998,0.031400471925735474,0.03013593703508377
39,0,58.460333061218265,1.0267612934112549,0.9864974617958069,1.0553338527679443,1.0471779108047485,1.0704418420791626,0.7498890161514282,1.5289274454116821,1.855968713760376,2.3056867122650146,3.6590893268585205,2.086137294769287,0.798843502998352,1.72734797000885,1.204383134841919,1.0225154161453247,4.010251522064209,4.366271018981934,5.410785675048828,5.163130283355713,2.103038787841797,0.9018994569778442,1.9929797649383545,1.6103401184082031,0.5353619456291199,1.7830724716186523,2.012652635574341,4.403916358947754,2.7640137672424316,2.570234775543213
39,1,11.084388475865126,1.0268818140029907,1.008697748184204,1.0625773668289185,1.0430593490600586,0.022918064147233963,0.8037842512130737,0.09882806241512299,0.047739025205373764,0.6455914378166199,0.07036759704351425,0.11594130843877792,0.07318311929702759,0.07962038367986679,0.0954911932349205,0.11070887744426727,0.5479385256767273,0.1390814483165741,0.28297582268714905,3.3559255599975586,0.30146944522857666,0.11555901914834976,1.6541355848312378,0.5659282803535461,0.7413381338119507,0.21901288628578186,0.045110344886779785,0.049934905022382736,0.03126603364944458,0.0422959104180336
39,2,5.660783271118999,1.0282599925994873,0.9959991574287415,1.0577980279922485,1.045485258102417,0.029366489499807358,0.7875024676322937,0.03750861808657646,0.05303763598203659,0.1495465636253357,0.5294064879417419,0.02922082506120205,0.0329761765897274,0.07976721972227097,0.034635428339242935,0.09396235644817352,0.7136984467506409,0.11513101309537888,0.7996203899383545,0.08259346336126328,0.30390849709510803,0.06532483547925949,0.11491625010967255,0.031874850392341614,0.12120188027620316,0.5021795630455017,0.030786188319325447,0.037235673516988754,0.021018652245402336,0.03885481134057045
39,3,6.206949092447758,1.0292431116104126,0.9957093000411987,1.0545536279678345,1.0398812294006348,0.022984357550740242,0.6785506010055542,0.04706048592925072,0.03439510613679886,0.29098936915397644,0.26311153173446655,0.025605391710996628,0.11491366475820541,0.04537360370159149,0.06162214279174805,0.11194552481174469,0.7568803429603577,0.14948567748069763,1.113284945487976,0.1600848287343979,0.3658558428287506,0.09950605779886246,0.1999312937259674,0.07293517887592316,0.15436236560344696,0.4858784079551697,0.03258306533098221,0.03386006876826286,0.023924855515360832,0.037946928292512894
39,4,4.958540845289827,1.0279642343521118,0.9886586666107178,1.0549191236495972,1.0367827415466309,0.023928511887788773,0.17223164439201355,0.057732485234737396,0.06005045771598816,0.49817436933517456,0.39822691679000854,0.03656010329723358,0.3065061569213867,0.04804360866546631,0.07168855518102646,0.08219397068023682,0.21841497719287872,0.4864458441734314,0.4706956744194031,0.13425008952617645,0.0985415056347847,0.4287831485271454,0.02470138855278492,0.06979697942733765,0.11934537440538406,0.20362621545791626,0.03415749594569206,0.029591349884867668,0.024464191868901253,0.0387248769402504
39,5,7.886626759171486,1.0278103351593018,0.9889488816261292,1.0545777082443237,1.0359247922897339,0.027511075139045715,0.23955881595611572,0.06239224225282669,0.0627361312508583,0.4367114007472992,0.4580051898956299,0.04125451669096947,0.34699708223342896,0.07365630567073822,0.13127952814102173,0.0931926742196083,1.850311040878296,0.8437581062316895,0.7185406684875488,0.15159203112125397,0.08179396390914917,0.43043094873428345,0.02200246974825859,0.163156658411026,0.4620196521282196,0.22670193016529083,0.03138776496052742,0.026951488107442856,0.021927889436483383,0.06130484119057655
39,6,7.063698474317789,1.0288084745407104,0.9877829551696777,1.0546678304672241,1.036766767501831,0.027806196361780167,0.3071410357952118,0.08338815718889236,0.06997223198413849,0.3007105886936188,0.2996103763580322,0.04820659011602402,0.4342373013496399,0.07505029439926147,0.1743963658809662,0.07248745113611221,0.712047815322876,0.6050025820732117,0.7543053030967712,0.19568182528018951,0.06301115453243256,0.5174418687820435,0.024365654215216637,0.41692695021629333,0.7539447546005249,0.18482227623462677,0.02811182104051113,0.02740395814180374,0.023683395236730576,0.0423373207449913
39,7,9.315166836604476,1.027778148651123,0.9892966151237488,1.0546104907989502,1.0367285013198853,0.026302559301257133,0.03695230931043625,0.07795583456754684,0.026063071563839912,0.2782474458217621,0.21457639336585999,0.04471148923039436,0.07229602336883545,0.09865481406450272,0.029704032465815544,0.06610053777694702,0.83176189661026,1.1190696954727173,0.7829895615577698,0.11138483881950378,2.700335741043091,0.25195151567459106,0.023787470534443855,0.806048572063446,0.6885703802108765,0.07701418548822403,0.030182931572198868,0.027698272839188576,0.02421470358967781,0.04690980911254883
39,8,12.0410063020885,1.0289374589920044,0.9900783896446228,1.0545759201049805,1.0368391275405884,0.027545789256691933,0.04365167394280434,0.08574191480875015,0.03534584492444992,0.26933297514915466,0.20422862470149994,0.03598561882972717,0.08295216411352158,0.053437333554029465,0.03211502730846405,0.08212506026029587,0.9274908900260925,1.6844483613967896,1.2747572660446167,0.07526019215583801,3.978853940963745,0.21384185552597046,0.020697688683867455,0.8351889252662659,0.976122260093689,0.1571713089942932,0.028725069016218185,0.026389796286821365,0.0270562581717968,0.040454283356666565
39,9,11.867731679975986,1.0274274349212646,0.9889408349990845,1.054626703262329,1.03643000125885,0.023293180391192436,0.04403727501630783,0.07599756121635437,0.02945047616958618,0.31885895133018494,0.2708514928817749,0.02604066953063011,0.09689562767744064,0.05703384429216385,0.03636883944272995,0.07256767153739929,0.8186464309692383,1.8673168420791626,1.2541990280151367,0.1029970794916153,4.021648406982422,0.1835559755563736,0.023914480581879616,1.038487434387207,0.4079051613807678,0.15817129611968994,0.02921806275844574,0.031085677444934845,0.02275826781988144,0.034946952015161514
39,10,11.494054852426052,1.0273792743682861,0.9880251884460449,1.0546205043792725,1.0378257036209106,0.02559608779847622,0.030083157122135162,0.04452810436487198,0.023561980575323105,0.061448823660612106,0.22575634717941284,0.02301117777824402,0.05113936960697174,0.037697684019804,0.030321180820465088,0.06079580634832382,0.8795239329338074,1.5822365283966064,1.2658179998397827,0.05305955559015274,4.77793550491333,0.08181224763393402,0.025129713118076324,0.9564658403396606,0.2503471076488495,0.05910249054431915,0.03309549763798714,0.030437374487519264,0.025245696306228638,0.03833550959825516
