method,seed,n_nodes,episodes,final_total_loss,min_total_loss,elapsed_s
random,123,15,150,2.3770847488194704,2.3523387853056192,1385.3974213600159
