episode,step,target,value,total_loss,loss_X1,loss_X2,loss_X3,loss_X4,loss_X5,loss_X6,loss_X7,loss_X8,loss_X9,loss_X10,loss_X11,loss_X12,loss_X13,loss_X14,loss_X15,loss_X16,loss_X17,loss_X18,loss_X19,loss_X20,loss_X21,loss_X22,loss_X23,loss_X24,loss_X25,loss_X26,loss_X27,loss_X28,loss_X29,loss_X30,ace_total_loss,ace_loss_X1,ace_loss_X2,ace_loss_X3,ace_loss_X4,ace_loss_X5,ace_loss_X6,ace_loss_X7,ace_loss_X8,ace_loss_X9,ace_loss_X10,ace_loss_X11,ace_loss_X12,ace_loss_X13,ace_loss_X14,ace_loss_X15,ace_loss_X16,ace_loss_X17,ace_loss_X18,ace_loss_X19,ace_loss_X20,ace_loss_X21,ace_loss_X22,ace_loss_X23,ace_loss_X24,ace_loss_X25,ace_loss_X26,ace_loss_X27,ace_loss_X28,ace_loss_X29,ace_loss_X30,env_queries_executed,env_queries_candidate_probe,env_queries_observational,env_queries_total
0,0,X11,2.224044449955633,7.687562543898821,1.058642864227295,1.033141851425171,1.0039212703704834,1.0271220207214355,0.9369235634803772,0.2003277838230133,0.15869267284870148,0.7425389289855957,0.05215277895331383,0.03041563555598259,0.09459857642650604,0.052453506737947464,0.11820844560861588,0.029792683199048042,0.08250833302736282,0.032728902995586395,0.025997472926974297,0.03080739639699459,0.029155699536204338,0.03724723681807518,0.0656713992357254,0.10131729394197464,0.2262864112854004,0.1061713919043541,0.10485433042049408,0.023827265948057175,0.025908324867486954,0.0714297667145729,0.03174348920583725,0.15297524631023407,29.22818048298359,1.058642864227295,1.033141851425171,1.0039212703704834,1.0271220207214355,0.9369235634803772,0.8731195330619812,0.8819557428359985,3.1578454971313477,0.19594521820545197,0.058038413524627686,0.791169285774231,0.4126790463924408,1.0435901880264282,0.2613949179649353,1.2312439680099487,0.2719258964061737,0.03786066174507141,0.23843349516391754,0.21474991738796234,0.2715875506401062,0.9958202242851257,3.2728984355926514,3.6129417419433594,3.263170003890991,1.1367427110671997,0.07391329109668732,0.22998984158039093,3.168379783630371,0.6058065891265869,1.9150282144546509,15000,450000,19200,484200
0,1,X20,-2.907658118162255,6.078045515343547,1.064540147781372,1.0333982706069946,1.0038505792617798,1.0316007137298584,0.951510488986969,0.04400873929262161,0.042398083955049515,0.22836841642856598,0.033768344670534134,0.026360826566815376,0.028405223041772842,0.026813345029950142,0.05875623971223831,0.02176911011338234,0.03220754489302635,0.02556466870009899,0.025650016963481903,0.027167731896042824,0.023798538371920586,0.029178624972701073,0.02700613997876644,0.03687065467238426,0.053166523575782776,0.02766209840774536,0.030317243188619614,0.02359243668615818,0.023071065545082092,0.02953963726758957,0.024382932111620903,0.04332112893462181,12.672347937896848,1.064540147781372,1.0333982706069946,1.0038505792617798,1.0316007137298584,0.951510488986969,0.1416349858045578,0.2770974636077881,0.7859581112861633,0.04961545392870903,0.026703445240855217,0.21272718906402588,0.14662708342075348,0.7329813241958618,0.14801514148712158,0.6320895552635193,0.15244218707084656,0.026020970195531845,0.1860283464193344,0.042805444449186325,0.15823660790920258,0.34195777773857117,1.7214871644973755,2.2979092597961426,1.045196533203125,0.36892133951187134,0.05425102636218071,0.039949554949998856,1.2085047960281372,0.385259747505188,0.4729473888874054,15000,450000,19200,484200
0,2,X26,3.481270102627665,5.740301728248596,1.0616854429244995,1.040625810623169,0.993476390838623,1.0329065322875977,0.9402469992637634,0.02627340890467167,0.02926572784781456,0.03630547225475311,0.02935037948191166,0.025824792683124542,0.025192223489284515,0.024803467094898224,0.047994643449783325,0.020746169611811638,0.028273295611143112,0.02453550696372986,0.025604303926229477,0.025378447026014328,0.02407573163509369,0.024530570954084396,0.024507535621523857,0.02827392891049385,0.029424183070659637,0.028507797047495842,0.024658413603901863,0.02362113818526268,0.02321712300181389,0.0238034650683403,0.023894794285297394,0.023298032581806183,7.654628668725491,1.0616854429244995,1.040625810623169,0.993476390838623,1.0329065322875977,0.9402469992637634,0.05399401858448982,0.13469599187374115,0.05308135971426964,0.035966839641332626,0.023424671962857246,0.07931631803512573,0.0814979150891304,0.5653550028800964,0.1015729159116745,0.4061771035194397,0.08572196960449219,0.02402431145310402,0.1515549123287201,0.02140229567885399,0.07355932146310806,0.23675283789634705,1.0692548751831055,1.46053147315979,0.6627429723739624,0.10104145854711533,0.04499638453125954,0.026170996949076653,0.7643908858299255,0.2233041673898697,0.16030943393707275,15000,450000,19200,484200
0,3,X5,1.4945955321019655,5.671087956055999,1.0562915802001953,1.043816328048706,0.9868102073669434,1.0437657833099365,0.9334024786949158,0.022058846428990364,0.024256840348243713,0.024900607764720917,0.02675105631351471,0.025901537388563156,0.023048505187034607,0.023795463144779205,0.03726623207330704,0.020751025527715683,0.025536006316542625,0.023953640833497047,0.025146493688225746,0.024209387600421906,0.024385523051023483,0.02321823686361313,0.023242922499775887,0.022700559347867966,0.024555111303925514,0.02390124276280403,0.023838868364691734,0.02349107153713703,0.023502184078097343,0.02255801111459732,0.02291342243552208,0.021118782460689545,5.654141940921545,1.0562915802001953,1.043816328048706,0.9868102073669434,1.0437657833099365,0.9334024786949158,0.026151683181524277,0.0849110335111618,0.06124678999185562,0.030279548838734627,0.02297399565577507,0.026829682290554047,0.07021825760602951,0.37970831990242004,0.07645892351865768,0.23949435353279114,0.06306862086057663,0.028773542493581772,0.12159822136163712,0.02817177027463913,0.05263478681445122,0.24809063971042633,0.3257904052734375,0.75208580493927,0.4464223086833954,0.17639970779418945,0.04912139102816582,0.02644491009414196,1.080674648284912,0.08078794926404953,0.14298737049102783,15000,450000,19200,484200
0,4,X19,-1.0341324353638868,5.648854490369558,1.0546555519104004,1.0428659915924072,0.984390377998352,1.038953423500061,0.9340371489524841,0.021687781438231468,0.02364783175289631,0.02380351349711418,0.026323450729250908,0.025840485468506813,0.022981315851211548,0.023569563403725624,0.03260587900876999,0.020759396255016327,0.025049660354852676,0.023380836471915245,0.025180591270327568,0.023818790912628174,0.02435046248137951,0.023096730932593346,0.02325136959552765,0.02160554751753807,0.024600526317954063,0.02237599901854992,0.023850180208683014,0.02344554476439953,0.023166431114077568,0.022048382088541985,0.022682277485728264,0.020829448476433754,5.059675865620375,1.0546555519104004,1.0428659915924072,0.984390377998352,1.038953423500061,0.9340371489524841,0.03013070486485958,0.08423468470573425,0.05896132439374924,0.03193957731127739,0.025809576734900475,0.02916942536830902,0.05890432745218277,0.2715660631656647,0.0867815911769867,0.2546277642250061,0.020767241716384888,0.034502316266298294,0.10831434279680252,0.029513634741306305,0.04435331001877785,0.3450329601764679,0.23929981887340546,0.5282725691795349,0.43734174966812134,0.18663182854652405,0.06031941995024681,0.032032810151576996,0.8805568814277649,0.06651386618614197,0.10311757773160934,15000,450000,19200,484200
0,5,X20,2.7665011579026455,5.6384259685873985,1.0546748638153076,1.0457282066345215,0.9838777184486389,1.0359787940979004,0.9306719899177551,0.02161283977329731,0.023149507120251656,0.023220548406243324,0.026150494813919067,0.025882713496685028,0.022957658395171165,0.023614903911948204,0.0291597843170166,0.020924657583236694,0.024829013273119926,0.023388005793094635,0.025200527161359787,0.023871351033449173,0.024192649871110916,0.022945379838347435,0.02321450412273407,0.021329397335648537,0.024259308353066444,0.022022007033228874,0.023819880560040474,0.023409530520439148,0.023023607209324837,0.021780414506793022,0.02266247756779194,0.020873233675956726,4.58430103212595,1.0546748638153076,1.0457282066345215,0.9838777184486389,1.0359787940979004,0.9306719899177551,0.023442501202225685,0.07889360934495926,0.04514104127883911,0.029619453474879265,0.02524348348379135,0.02909805066883564,0.06122255697846413,0.2787056565284729,0.10207751393318176,0.17464785277843475,0.02297493815422058,0.03593286871910095,0.1020250990986824,0.02871663309633732,0.03928612917661667,0.3368573784828186,0.2205423265695572,0.4952241778373718,0.3559846878051758,0.19437530636787415,0.046988073736429214,0.03921794146299362,0.6201462745666504,0.05393855646252632,0.13381260633468628,15000,450000,19200,484200
0,6,X30,-2.439055228950635,5.626191733404994,1.0555572509765625,1.0470110177993774,0.9840782284736633,1.0306358337402344,0.9283074736595154,0.021625781431794167,0.022191641852259636,0.022487349808216095,0.02603079378604889,0.025752250105142593,0.023065852001309395,0.02376139722764492,0.026179831475019455,0.02091088891029358,0.02482477016746998,0.02331193909049034,0.024952813982963562,0.02352217398583889,0.02381342090666294,0.022821884602308273,0.02287985198199749,0.02098960429430008,0.02412419579923153,0.02216786891222,0.02373308688402176,0.023414433002471924,0.023186130449175835,0.02125556580722332,0.022608434781432152,0.02098996751010418,4.593999199569225,1.0555572509765625,1.0470110177993774,0.9840782284736633,1.0306358337402344,0.9283074736595154,0.02649758756160736,0.05867934599518776,0.03160688653588295,0.030646180734038353,0.024210099130868912,0.037652816623449326,0.054723214358091354,0.17581188678741455,0.1310776323080063,0.18893776834011078,0.02612750045955181,0.04531145468354225,0.09683643281459808,0.030056308954954147,0.037520501762628555,0.6254026889801025,0.20321066677570343,0.4317091703414917,0.3067479729652405,0.19684883952140808,0.04529610648751259,0.03990880399942398,0.4955952763557434,0.04803378880023956,0.19643230736255646,15000,450000,19200,484200
0,7,X26,-2.2514340177510714,5.624981572851539,1.0558711290359497,1.0468223094940186,0.9848629236221313,1.0303467512130737,0.9287383556365967,0.02165164239704609,0.02179461158812046,0.02225346677005291,0.02593930810689926,0.025773243978619576,0.023094085976481438,0.023639781400561333,0.025547737255692482,0.020909959450364113,0.02480010688304901,0.023276643827557564,0.024889426305890083,0.023354388773441315,0.023730942979454994,0.022816753014922142,0.022771762683987617,0.020960690453648567,0.02402004599571228,0.02223086543381214,0.023645879700779915,0.023438040167093277,0.02316596545279026,0.02118070423603058,0.02258283458650112,0.02087121643126011,4.619205030798912,1.0558711290359497,1.0468223094940186,0.9848629236221313,1.0303467512130737,0.9287383556365967,0.0284590981900692,0.05650058761239052,0.028174016624689102,0.02728990837931633,0.0251296516507864,0.03793710470199585,0.052104514092206955,0.16991789638996124,0.10637954622507095,0.16289584338665009,0.02680760622024536,0.03969769924879074,0.08558466285467148,0.025227462872862816,0.0393301323056221,0.6622995734214783,0.22216564416885376,0.5233930945396423,0.27867260575294495,0.17999961972236633,0.04706452414393425,0.0395086370408535,0.5292937159538269,0.044058188796043396,0.17198540270328522,15000,450000,19200,484200
0,8,X28,4.038471299639355,5.622908243909478,1.0560824871063232,1.0469576120376587,0.9852172136306763,1.0291633605957031,0.9283653497695923,0.021736346185207367,0.021582042798399925,0.02212635986506939,0.025817012414336205,0.025732027366757393,0.02314763143658638,0.02357098087668419,0.02518545463681221,0.020903458818793297,0.024731827899813652,0.02324691228568554,0.02487661875784397,0.023116983473300934,0.023718969896435738,0.02297891676425934,0.022748544812202454,0.020949389785528183,0.023983299732208252,0.022188318893313408,0.02361467108130455,0.02345867268741131,0.023163069039583206,0.021150775253772736,0.022576168179512024,0.020817767828702927,4.568550746515394,1.0560824871063232,1.0469576120376587,0.9852172136306763,1.0291633605957031,0.9283653497695923,0.025643618777394295,0.048791300505399704,0.028044436126947403,0.031327396631240845,0.023014027625322342,0.03191133588552475,0.053019315004348755,0.14788182079792023,0.1268351674079895,0.16330492496490479,0.025128070265054703,0.03927776962518692,0.07037974894046783,0.026628941297531128,0.04140220955014229,0.7491748332977295,0.23694047331809998,0.46991363167762756,0.29512619972229004,0.18403321504592896,0.04067044332623482,0.041297752410173416,0.46130290627479553,0.04435553774237633,0.15398846566677094,15000,450000,19200,484200
0,9,X15,-0.39778504886639166,5.617571933194995,1.0571610927581787,1.043041467666626,0.9849749803543091,1.029754400253296,0.9278398156166077,0.021686719730496407,0.02123597264289856,0.021964678540825844,0.02582491748034954,0.025628160685300827,0.023098818957805634,0.023439835757017136,0.024861466139554977,0.020831694826483727,0.02491346001625061,0.023189140483736992,0.02464842051267624,0.02292773500084877,0.023481495678424835,0.02264244854450226,0.022754862904548645,0.020910829305648804,0.023784933611750603,0.022148333489894867,0.023560520261526108,0.023488037288188934,0.023131052032113075,0.021131712943315506,0.022586388513445854,0.02092854119837284,4.642330982536078,1.0571610927581787,1.043041467666626,0.9849749803543091,1.029754400253296,0.9278398156166077,0.028225848451256752,0.046279340982437134,0.022560399025678635,0.02983110211789608,0.024188105016946793,0.02468079701066017,0.05643973872065544,0.1459016054868698,0.10725173354148865,0.14371810853481293,0.02698626182973385,0.04199269786477089,0.0639011412858963,0.02921481244266033,0.03556475788354874,0.9956195950508118,0.2051357626914978,0.4750886857509613,0.27238497138023376,0.22484059631824493,0.03529419004917145,0.03887251392006874,0.38229241967201233,0.04936618357896805,0.1281452625989914,15000,450000,19200,484200
0,10,X11,3.308508805985884,5.617554327473044,1.0562903881072998,1.0426969528198242,0.9847854375839233,1.0317046642303467,0.927873432636261,0.02173137664794922,0.02106291987001896,0.021923135966062546,0.025900479406118393,0.025643305853009224,0.023121299222111702,0.023297058418393135,0.02467966079711914,0.02084060199558735,0.02495618537068367,0.023128127679228783,0.024555042386054993,0.02295500598847866,0.023474780842661858,0.022609824314713478,0.022785497829318047,0.020883914083242416,0.023780982941389084,0.022116631269454956,0.023616965860128403,0.023464897647500038,0.02309221588075161,0.02111922949552536,0.02256610617041588,0.020898206159472466,5.148741358518601,1.0562903881072998,1.0426969528198242,0.9847854375839233,1.0317046642303467,0.927873432636261,0.029301965609192848,0.04362233728170395,0.025959279388189316,0.03397301584482193,0.023647285997867584,0.020444009453058243,0.056261755526065826,0.1510493904352188,0.10122812539339066,0.1489843726158142,0.027795283123850822,0.040969595313072205,0.06340428441762924,0.02659686654806137,0.03289012983441353,1.5477641820907593,0.20280858874320984,0.35470035672187805,0.28305119276046753,0.26041296124458313,0.03827874734997749,0.0375366285443306,0.4130140244960785,0.0630543977022171,0.11332240700721741,15000,450000,19200,484200
0,11,X3,-4.996944897167249,5.617056088522077,1.0558305978775024,1.0434892177581787,0.9847790598869324,1.0319993495941162,0.9280006289482117,0.021788129583001137,0.021051041781902313,0.02189304307103157,0.025405745953321457,0.025642773136496544,0.023148009553551674,0.02312515862286091,0.024540530517697334,0.020809462293982506,0.024959322065114975,0.02309282124042511,0.02430512197315693,0.02289581298828125,0.023478584364056587,0.022617753595113754,0.02278166264295578,0.02082994021475315,0.023819049820303917,0.02213486284017563,0.023669516667723656,0.02341388911008835,0.023041414096951485,0.021123699843883514,0.022558951750397682,0.02083093672990799,5.17257156483829,1.0558305978775024,1.0434892177581787,0.9847790598869324,1.0319993495941162,0.9280006289482117,0.027325736358761787,0.03239407390356064,0.022384364157915115,0.027318689972162247,0.02121889777481556,0.022775037214159966,0.057371094822883606,0.12088707834482193,0.1004503145813942,0.15063785016536713,0.027888929471373558,0.026042833924293518,0.04552508890628815,0.027764780446887016,0.03395294025540352,1.6141247749328613,0.208978533744812,0.36773577332496643,0.2967454493045807,0.29420071840286255,0.04019550979137421,0.04115596041083336,0.3914217948913574,0.06912492215633392,0.09613064676523209,15000,450000,19200,484200
0,12,X28,3.319029172470673,5.616118557751179,1.0551321506500244,1.0470151901245117,0.9841485619544983,1.0299257040023804,0.9279044270515442,0.0217723548412323,0.02075340412557125,0.021843113005161285,0.02550985850393772,0.02579646371304989,0.023296229541301727,0.022963624447584152,0.024389024823904037,0.0208169836550951,0.024923745542764664,0.023070231080055237,0.024207530543208122,0.022753732278943062,0.02340523526072502,0.02265113964676857,0.022717222571372986,0.020775191485881805,0.0237282644957304,0.022035839036107063,0.023693209514021873,0.023350190371274948,0.02297721616923809,0.021134423092007637,0.022571446374058723,0.02085684984922409,5.805110131949187,1.0551321506500244,1.0470151901245117,0.9841485619544983,1.0299257040023804,0.9279044270515442,0.029563726857304573,0.032134994864463806,0.025060752406716347,0.02822512947022915,0.025465067476034164,0.02461552619934082,0.03894811123609543,0.11865197867155075,0.10684068500995636,0.1665962040424347,0.027592921629548073,0.022091247141361237,0.04621176794171333,0.1578037142753601,0.028706222772598267,2.2043704986572266,0.16206897795200348,0.3027026653289795,0.2829235792160034,0.3335953950881958,0.03247353434562683,0.05134928226470947,0.3983216881752014,0.07382382452487946,0.07614742964506149,15000,450000,19200,484200
0,13,X6,2.695430534119022,5.616956014186144,1.054768681526184,1.0481693744659424,0.9840204119682312,1.0301967859268188,0.9279288053512573,0.021741414442658424,0.020643485710024834,0.02182929590344429,0.025521820411086082,0.02583511546254158,0.023264525458216667,0.022928113117814064,0.02429932914674282,0.020820410922169685,0.024866437539458275,0.02306518889963627,0.0242480356246233,0.022815072908997536,0.023411910980939865,0.022794533520936966,0.02270231768488884,0.02075624093413353,0.02368384785950184,0.022008638828992844,0.02374468930065632,0.023307563737034798,0.022984333336353302,0.0211555864661932,0.022556833922863007,0.020887212827801704,5.879537729546428,1.054768681526184,1.0481693744659424,0.9840204119682312,1.0301967859268188,0.9279288053512573,0.028146738186478615,0.030804399400949478,0.0253535695374012,0.02849351242184639,0.023159462958574295,0.02064749225974083,0.039133764803409576,0.10159898549318314,0.10063628852367401,0.09271110594272614,0.03250544145703316,0.022173546254634857,0.042947232723236084,0.20498283207416534,0.028151985257864,2.338473320007324,0.16863353550434113,0.2943989932537079,0.3001294434070587,0.312471479177475,0.035522811114788055,0.06270389258861542,0.4035361409187317,0.06789769977331161,0.06530724465847015,15000,450000,19200,484200
0,14,X11,1.7817005526317793,5.616849048063159,1.0546362400054932,1.0485364198684692,0.9840822219848633,1.0301713943481445,0.92787104845047,0.021720221266150475,0.020571904256939888,0.021809352561831474,0.025499051436781883,0.025913048535585403,0.023275433108210564,0.022914724424481392,0.024205856025218964,0.02078634686768055,0.024904031306505203,0.02307235263288021,0.024179324507713318,0.022750092670321465,0.023441124707460403,0.022776834666728973,0.022711636498570442,0.02071441151201725,0.023675693199038506,0.021991373971104622,0.023780105635523796,0.023277316242456436,0.02296118065714836,0.02115749754011631,0.022559838369488716,0.0209029708057642,5.8225573435425755,1.0546362400054932,1.0485364198684692,0.9840822219848633,1.0301713943481445,0.92787104845047,0.028782393783330917,0.028689581900835037,0.022216323763132095,0.027797382324934006,0.02372501790523529,0.02242509461939335,0.041959498077631,0.09594894200563431,0.09062725305557251,0.0980675220489502,0.030360400676727295,0.01984327659010887,0.04153371974825859,0.2899210751056671,0.026338735595345497,2.1239371299743652,0.16595619916915894,0.32894784212112427,0.2912292182445526,0.3560401499271393,0.03202885389328003,0.07469043880701065,0.4065153896808624,0.06674762070178986,0.07916881889104843,15000,450000,19200,484200
0,15,X13,-4.289033508094933,5.618346240371466,1.0545814037322998,1.0484495162963867,0.98599773645401,1.0302677154541016,0.9280109405517578,0.021724209189414978,0.02048216201364994,0.021690066903829575,0.025508537888526917,0.025958269834518433,0.02329556830227375,0.022853713482618332,0.024097410961985588,0.02078169211745262,0.02482185885310173,0.023067738860845566,0.024092847481369972,0.022640079259872437,0.02343379147350788,0.022795315831899643,0.02268160879611969,0.02063312567770481,0.02387225441634655,0.022031499072909355,0.02401810884475708,0.02322954311966896,0.022842880338430405,0.02110915631055832,0.022568508982658386,0.020808979868888855,6.333600260317326,1.0545814037322998,1.0484495162963867,0.98599773645401,1.0302677154541016,0.9280109405517578,0.02818252146244049,0.028812061995267868,0.025562895461916924,0.026529572904109955,0.023104963824152946,0.023615868762135506,0.03586887568235397,0.09028737246990204,0.1012587621808052,0.10846167057752609,0.032972294837236404,0.024185631424188614,0.04455315321683884,0.4273393154144287,0.02875698171555996,2.4906628131866455,0.1554664671421051,0.12558381259441376,0.28495749831199646,0.549176812171936,0.027797281742095947,0.07480370998382568,0.43108847737312317,0.07053375989198685,0.06457622349262238,15000,450000,19200,484200
0,16,X11,3.338416163424956,5.6170458141714334,1.0545529127120972,1.0477856397628784,0.9855530858039856,1.0304279327392578,0.9281428456306458,0.02168131433427334,0.02048751711845398,0.02166447602212429,0.02550317719578743,0.025957871228456497,0.02330273948609829,0.022827954962849617,0.024080749601125717,0.020816262811422348,0.024783629924058914,0.023073062300682068,0.024044832214713097,0.022572003304958344,0.023397693410515785,0.02278057485818863,0.022666750475764275,0.020611075684428215,0.023674950003623962,0.022036109119653702,0.02405327931046486,0.0231991745531559,0.022851673886179924,0.021115461364388466,0.02257276512682438,0.02082829922437668,6.234508702531457,1.0545529127120972,1.0477856397628784,0.9855530858039856,1.0304279327392578,0.9281428456306458,0.02980445884168148,0.02926725707948208,0.023130210116505623,0.02478182502090931,0.022060325369238853,0.023686354979872704,0.039584361016750336,0.08348620682954788,0.10103027522563934,0.10377290844917297,0.033264465630054474,0.020270852372050285,0.03771967068314552,0.48414045572280884,0.028550032526254654,2.2990550994873047,0.15372028946876526,0.11415126174688339,0.25079265236854553,0.6907297372817993,0.029853833839297295,0.02338252402842045,0.4576646387577057,0.06831932812929153,0.05299719423055649,15000,450000,19200,484200
0,17,X13,-4.8040486488390055,5.616766473278403,1.0545989274978638,1.0481607913970947,0.9860330820083618,1.029760718345642,0.9279690980911255,0.021670976653695107,0.02045886591076851,0.02167164720594883,0.025496231392025948,0.025966670364141464,0.023304710164666176,0.022765925154089928,0.02405165135860443,0.020823843777179718,0.02477208897471428,0.023071326315402985,0.023986289277672768,0.022591225802898407,0.023397933691740036,0.022754989564418793,0.02264324016869068,0.020609572529792786,0.02360900305211544,0.022021545097231865,0.024008339270949364,0.02319190464913845,0.022853927686810493,0.021117962896823883,0.022566532716155052,0.02083745226264,6.31165574491024,1.0545989274978638,1.0481607913970947,0.9860330820083618,1.029760718345642,0.9279690980911255,0.023571278899908066,0.02913961373269558,0.022444413974881172,0.028100525960326195,0.02316814847290516,0.024614684283733368,0.03681051358580589,0.07865701615810394,0.10925769060850143,0.10168585926294327,0.0374843068420887,0.021776797249913216,0.03752709925174713,0.43457844853401184,0.02414649724960327,2.525428533554077,0.14478810131549835,0.11375539004802704,0.23777613043785095,0.6711446642875671,0.032011572271585464,0.026204505935311317,0.392809122800827,0.07357136905193329,0.05189893767237663,15000,450000,19200,484200
0,18,X16,-4.056457241915352,5.615763841196895,1.0545985698699951,1.0466104745864868,0.98695969581604,1.030519723892212,0.9278740286827087,0.021526044234633446,0.02042040228843689,0.02162645198404789,0.025362402200698853,0.02600635215640068,0.02328450232744217,0.02269417606294155,0.023927314206957817,0.020759262144565582,0.024669691920280457,0.023078948259353638,0.02399381808936596,0.022524109110236168,0.023397322744131088,0.022763922810554504,0.0226295068860054,0.020596573129296303,0.02342095598578453,0.022145017981529236,0.023854935541749,0.02314894087612629,0.022799702361226082,0.02112468332052231,0.02265174686908722,0.020794564858078957,6.1815319556742905,1.0545985698699951,1.0466104745864868,0.98695969581604,1.030519723892212,0.9278740286827087,0.030591193586587906,0.027017828077077866,0.02409149333834648,0.026792975142598152,0.02666892297565937,0.024688342586159706,0.03456592559814453,0.0644494891166687,0.07982680201530457,0.08706807345151901,0.040537185966968536,0.023576896637678146,0.03481899946928024,0.46741408109664917,0.023324375972151756,2.5936574935913086,0.14480029046535492,0.07979390025138855,0.22889669239521027,0.48628026247024536,0.03286313638091087,0.026239736005663872,0.4335710406303406,0.06997892260551453,0.06070539727807045,15000,450000,19200,484200
0,19,X30,-1.9057468380397449,5.616428274661303,1.054550290107727,1.0473552942276,0.9864730834960938,1.0310795307159424,0.927906334400177,0.02154284343123436,0.020400332286953926,0.021640950813889503,0.02536560595035553,0.026054026558995247,0.02327866666018963,0.02267674170434475,0.02391389198601246,0.020743416622281075,0.024638762697577477,0.023082979023456573,0.024000195786356926,0.02253800816833973,0.02342185750603676,0.022737547755241394,0.02262650616466999,0.020592447370290756,0.023394374176859856,0.0221120472997427,0.023764507845044136,0.023123836144804955,0.02282228134572506,0.021122558042407036,0.022669965401291847,0.020799390971660614,6.233088148757815,1.054550290107727,1.0473552942276,0.9864730834960938,1.0310795307159424,0.927906334400177,0.02583330124616623,0.02516970783472061,0.0243272352963686,0.023446813225746155,0.022876348346471786,0.02515946514904499,0.0411459356546402,0.0772939994931221,0.08788647502660751,0.07446097582578659,0.04064609110355377,0.02103598788380623,0.03754432126879692,0.44312870502471924,0.024646980687975883,2.7457714080810547,0.16283084452152252,0.08051249384880066,0.24767188727855682,0.4455847442150116,0.03265231102705002,0.023177877068519592,0.3693065345287323,0.07364092767238617,0.04786387085914612,15000,450000,19200,484200
0,20,X26,-2.0364036411816375,5.617479557171464,1.054550290107727,1.0477782487869263,0.986845850944519,1.0316505432128906,0.9278386831283569,0.021527061238884926,0.02038402110338211,0.021633151918649673,0.02538328990340233,0.026045436039566994,0.02327873930335045,0.022647680714726448,0.023884383961558342,0.02074507623910904,0.02462257258594036,0.0230840016156435,0.023993389680981636,0.022532213479280472,0.023428719490766525,0.022729935124516487,0.022614536806941032,0.02057657018303871,0.023359818384051323,0.022095344960689545,0.02372490055859089,0.023108074441552162,0.022823583334684372,0.021122604608535767,0.022670503705739975,0.020800331607460976,6.982297113165259,1.054550290107727,1.0477782487869263,0.986845850944519,1.0316505432128906,0.9278386831283569,0.03019697032868862,0.0291062630712986,0.02489807829260826,0.02400994300842285,0.019954483956098557,0.024683091789484024,0.03591394051909447,0.07322905212640762,0.0805860385298729,0.07927417755126953,0.04118245467543602,0.022316088899970055,0.0396074503660202,0.5280916690826416,0.024755431339144707,3.4411556720733643,0.14603622257709503,0.06957107782363892,0.25110459327697754,0.4065031111240387,0.031600214540958405,0.023261718451976776,0.4136757552623749,0.06645741313695908,0.045393478125333786,15000,450000,19200,484200
0,21,X18,-2.419589013037615,5.617341095581651,1.0545895099639893,1.048156976699829,0.9873763918876648,1.0310769081115723,0.927921712398529,0.021582843735814095,0.020356249064207077,0.021624859422445297,0.025305988267064095,0.025992248207330704,0.023280078545212746,0.02260865829885006,0.023837860673666,0.020778845995664597,0.024549271911382675,0.023070164024829865,0.024010630324482918,0.022418392822146416,0.023431694135069847,0.022696850821375847,0.022579584270715714,0.020534971728920937,0.023327812552452087,0.022066084668040276,0.02366662584245205,0.02309606969356537,0.022818807512521744,0.021132079884409904,0.02267819456756115,0.020774729549884796,5.569687228277326,1.0545895099639893,1.048156976699829,0.9873763918876648,1.0310769081115723,0.927921712398529,0.024760834872722626,0.02392972633242607,0.025479571893811226,0.027214953675866127,0.02329045534133911,0.02520737797021866,0.03407439962029457,0.0709327906370163,0.09443391114473343,0.06882518529891968,0.03996371477842331,0.020800910890102386,0.035231124609708786,0.5434799790382385,0.026147864758968353,2.0985159873962402,0.12290747463703156,0.062174808233976364,0.2398691624403,0.3528037667274475,0.03774876892566681,0.02709089033305645,0.42144933342933655,0.07497537136077881,0.038554564118385315,15000,450000,19200,484200
0,22,X2,0.1215489656460651,5.616813689470291,1.054607629776001,1.0481505393981934,0.9872076511383057,1.0309171676635742,0.927942156791687,0.021568993106484413,0.0203387551009655,0.021628590300679207,0.02531176619231701,0.025961842387914658,0.023284796625375748,0.022601313889026642,0.02381322719156742,0.020761625841259956,0.02455904334783554,0.023058956488966942,0.023985665291547775,0.02240537852048874,0.023431558161973953,0.022687265649437904,0.02256983146071434,0.02052229829132557,0.02332756109535694,0.022060783579945564,0.023650813847780228,0.023087216541171074,0.0228020828217268,0.021140314638614655,0.022673074156045914,0.020755790174007416,5.8505343440920115,1.054607629776001,1.0481505393981934,0.9872076511383057,1.0309171676635742,0.927942156791687,0.02840934507548809,0.02465958520770073,0.023947784677147865,0.021910659968852997,0.02425645850598812,0.022334981709718704,0.03280586749315262,0.055695801973342896,0.08053797483444214,0.08986703306436539,0.039723072201013565,0.02525700442492962,0.03373006731271744,0.4993424713611603,0.023601699620485306,2.478464126586914,0.13101769983768463,0.05874410271644592,0.22222094237804413,0.3037341237068176,0.03471600264310837,0.027939239516854286,0.445705771446228,0.07197574526071548,0.040171753615140915,15000,450000,19200,484200
0,23,X12,-1.8207114880535356,5.617817919701338,1.054575800895691,1.0488693714141846,0.9876084923744202,1.0308140516281128,0.9279490113258362,0.02156156487762928,0.0203335452824831,0.02164474129676819,0.025285985320806503,0.025998737663030624,0.023292670026421547,0.022592589259147644,0.02380375564098358,0.020757390186190605,0.024558695033192635,0.023044900968670845,0.02396664023399353,0.022387688979506493,0.023422442376613617,0.022703712806105614,0.022571014240384102,0.020516468212008476,0.02333187498152256,0.022131163626909256,0.02360406145453453,0.023078184574842453,0.022815342992544174,0.021152960136532784,0.022669771686196327,0.020775290206074715,5.9541040256619455,1.054575800895691,1.0488693714141846,0.9876084923744202,1.0308140516281128,0.9279490113258362,0.02428380213677883,0.0278383307158947,0.023661796003580093,0.02671840414404869,0.023753618821501732,0.02817826345562935,0.03456306457519531,0.055872511118650436,0.08843069523572922,0.07861185818910599,0.03862582519650459,0.022588158026337624,0.036014456301927567,0.5926073789596558,0.02370116487145424,2.540989637374878,0.11870788037776947,0.050303708761930466,0.20596033334732056,0.2900826632976532,0.03787536919116974,0.025845279917120934,0.438787043094635,0.06851693987846375,0.04162249714136124,15000,450000,19200,484200
0,24,X12,-0.39341944893084513,5.618283061310649,1.0545705556869507,1.0494511127471924,0.9874067902565002,1.0306934118270874,0.9285794496536255,0.02144949696958065,0.020284811034798622,0.021660443395376205,0.025243034586310387,0.02595040388405323,0.023252155631780624,0.02258363366127014,0.02379128709435463,0.020738152787089348,0.024510733783245087,0.023041609674692154,0.023998714983463287,0.022329512983560562,0.02347520738840103,0.02273380197584629,0.022555463016033173,0.020480375736951828,0.02329294942319393,0.02209322527050972,0.023575976490974426,0.0230699572712183,0.022840244695544243,0.021169818937778473,0.022693300619721413,0.02076742984354496,5.79357202872634,1.0545705556869507,1.0494511127471924,0.9874067902565002,1.0306934118270874,0.9285794496536255,0.02508525364100933,0.026439709588885307,0.023480936884880066,0.022454217076301575,0.026823589578270912,0.022841395810246468,0.029727187007665634,0.057844117283821106,0.07986471056938171,0.0732300877571106,0.03984349966049194,0.021050337702035904,0.04000517725944519,0.5901871919631958,0.022730646654963493,2.5048301219940186,0.1173749566078186,0.059480439871549606,0.2144409567117691,0.270283967256546,0.03621235862374306,0.02365054003894329,0.3525916635990143,0.06562221050262451,0.03733649104833603,15000,450000,19200,484200
1,0,X22,2.6719407697503836,7.551158647984266,1.0556284189224243,1.0733120441436768,0.9835517406463623,1.0305848121643066,0.9314466118812561,0.1413307636976242,0.2669907510280609,0.0907684788107872,0.48664024472236633,0.026468822732567787,0.030978985130786896,0.024824077263474464,0.0307940561324358,0.03383029252290726,0.12285234034061432,0.025068677961826324,0.030722275376319885,0.06196407228708267,0.026406655088067055,0.030413847416639328,0.10910899937152863,0.40738511085510254,0.1304813027381897,0.10127498209476471,0.025519488379359245,0.02542559616267681,0.08437247574329376,0.03859606385231018,0.04065913334488869,0.08375752717256546,30.377092412859202,1.0556284189224243,1.0733120441436768,0.9835517406463623,1.0305848121643066,0.9314466118812561,0.6261647939682007,1.7831350564956665,0.14750942587852478,2.0810439586639404,0.061594314873218536,0.17216596007347107,0.17417040467262268,0.37464025616645813,0.5674630403518677,2.0663506984710693,0.0450751967728138,0.06106001138687134,0.5889634490013123,0.8104434013366699,0.18838335573673248,2.9073431491851807,5.701379776000977,3.0131266117095947,2.7117793560028076,0.2806914746761322,0.09044670313596725,1.6843510866165161,1.1853153705596924,0.9839725494384766,1.0556182861328125,15000,450000,19200,484200
1,1,X29,-3.4396034654645824,6.0993914399296045,1.0616122484207153,1.0689274072647095,0.9934748411178589,1.0330039262771606,0.9278877973556519,0.025617873296141624,0.09229153394699097,0.02455199882388115,0.1650712639093399,0.026733482256531715,0.024345677345991135,0.024415256455540657,0.025437846779823303,0.024072758853435516,0.04101879522204399,0.023028230294585228,0.026176098734140396,0.028882168233394623,0.023527992889285088,0.02504204586148262,0.038710299879312515,0.13183867931365967,0.041534118354320526,0.03934291750192642,0.023823795840144157,0.02383137308061123,0.0342375785112381,0.024655761197209358,0.02654114179313183,0.02975653111934662,14.238060679286718,1.0616122484207153,1.0689274072647095,0.9934748411178589,1.0330039262771606,0.9278877973556519,0.03894248977303505,0.7119366526603699,0.04959223046898842,0.8215460777282715,0.03476276248693466,0.03381650894880295,0.14944492280483246,0.11825818568468094,0.2863174080848694,0.9284150004386902,0.02553289383649826,0.04123703017830849,0.18775902688503265,0.6666121482849121,0.052267029881477356,0.9480821490287781,3.272205352783203,1.2609726190567017,1.1589361429214478,0.25673148036003113,0.0898258239030838,0.6297848224639893,0.5781834125518799,0.43118566274642944,0.44873160123825073,15000,450000,19200,484200
1,2,X26,-4.85219559086024,5.773042134940624,1.0685709714889526,1.0535569190979004,0.9840861558914185,1.0288431644439697,0.9278569221496582,0.023455560207366943,0.046672236174345016,0.022951053455471992,0.07942607998847961,0.026807311922311783,0.023758679628372192,0.024078279733657837,0.025202810764312744,0.022820953279733658,0.031062759459018707,0.02313002571463585,0.02524714358150959,0.024293188005685806,0.023306019604206085,0.02356056123971939,0.028431441634893417,0.03491152077913284,0.03170351684093475,0.023437773808836937,0.02414722554385662,0.024101439863443375,0.026664668694138527,0.02214488573372364,0.024057677015662193,0.024755189195275307,8.989699048176409,1.0685709714889526,1.0535569190979004,0.9840861558914185,1.0288431644439697,0.9278569221496582,0.03419605270028114,0.3395562767982483,0.030822422355413437,0.36831361055374146,0.04803464934229851,0.06769967824220657,0.11505243182182312,0.11227700859308243,0.24406307935714722,0.4944479465484619,0.022118955850601196,0.030355094000697136,0.07711178064346313,0.699252724647522,0.025663718581199646,0.590998649597168,1.522180199623108,0.8752445578575134,0.48496901988983154,0.26449406147003174,0.1153188943862915,0.435356080532074,0.34758836030960083,0.24038852751255035,0.3916124403476715,15000,450000,19200,484200
1,3,X30,1.205518254055277,5.6434842105954885,1.0664281845092773,1.038336157798767,0.9837082028388977,1.0271505117416382,0.9280757904052734,0.02267291769385338,0.022049935534596443,0.022095276042819023,0.03586362674832344,0.025792282074689865,0.023345179855823517,0.022841554135084152,0.024271642789244652,0.021301494911313057,0.024808017536997795,0.023355936631560326,0.02476234920322895,0.02272827923297882,0.023397285491228104,0.023052237927913666,0.023706229403614998,0.024170665070414543,0.02832040935754776,0.023571377620100975,0.023548094555735588,0.023576948791742325,0.02446240559220314,0.021806003525853157,0.02318335510790348,0.021101858466863632,5.433042790740728,1.0664281845092773,1.038336157798767,0.9837082028388977,1.0271505117416382,0.9280757904052734,0.03638122230768204,0.057109057903289795,0.03017222136259079,0.08039215207099915,0.029601924121379852,0.033566996455192566,0.07131608575582504,0.06484232097864151,0.057332757860422134,0.19189569354057312,0.0422421433031559,0.025514738634228706,0.034579746425151825,0.2801804542541504,0.023827185854315758,0.20279061794281006,0.667302668094635,0.6980515718460083,0.31060051918029785,0.2723632752895355,0.053637947887182236,0.20689931511878967,0.3837055265903473,0.4351775050163269,0.1348193734884262,15000,450000,19200,484200
1,4,X16,4.180144116396438,5.626800155267119,1.0674914121627808,1.0352703332901,0.9845312833786011,1.0267831087112427,0.9279018640518188,0.022317547351121902,0.021742725744843483,0.021994175389409065,0.027919720858335495,0.025718575343489647,0.023285388946533203,0.022841665893793106,0.024120822548866272,0.021398911252617836,0.024354057386517525,0.023378634825348854,0.024633560329675674,0.02271100878715515,0.023427201434969902,0.02270478941500187,0.02328634075820446,0.022876670584082603,0.026406623423099518,0.023302098736166954,0.023641694337129593,0.023589009419083595,0.023612087592482567,0.0217775609344244,0.023094847798347473,0.0206864345818758,4.6103335350751875,1.0674914121627808,1.0352703332901,0.9845312833786011,1.0267831087112427,0.9279018640518188,0.03225233033299446,0.05399508401751518,0.026740189641714096,0.043911080807447433,0.029707973822951317,0.028641793876886368,0.06166616454720497,0.0782901868224144,0.1280215084552765,0.1602853238582611,0.047747593373060226,0.02439793385565281,0.0413360558450222,0.2563442587852478,0.041542116552591324,0.17448194324970245,0.41097891330718994,0.46045178174972534,0.2700224816799164,0.2636321485042572,0.06344051659107208,0.17122994363307953,0.3576798737049103,0.3283134400844574,0.046827297657728195,15000,450000,19200,484200
1,5,X28,1.3595503833902463,5.625223809853196,1.0667508840560913,1.0344252586364746,0.9883473515510559,1.0268064737319946,0.9285351634025574,0.02218315750360489,0.021836820989847183,0.02176317758858204,0.026749422773718834,0.025768281891942024,0.023253943771123886,0.022846849635243416,0.023888444527983665,0.02108270674943924,0.02421867661178112,0.023394370451569557,0.024637753143906593,0.022633206099271774,0.023403111845254898,0.02267245203256607,0.02305099181830883,0.022423220798373222,0.025337623432278633,0.023118851706385612,0.023668475449085236,0.023640919476747513,0.0232060719281435,0.02179228514432907,0.02308957278728485,0.020698290318250656,4.43964389115572,1.0667508840560913,1.0344252586364746,0.9883473515510559,1.0268064737319946,0.9285351634025574,0.030240342020988464,0.05103770270943642,0.02419610694050789,0.03719853237271309,0.02745940536260605,0.031491540372371674,0.0478491373360157,0.049936771392822266,0.21532607078552246,0.11739813536405563,0.058673735707998276,0.028366781771183014,0.03384420648217201,0.24069426953792572,0.05733385309576988,0.14784833788871765,0.3391340672969818,0.4420452415943146,0.28287628293037415,0.23814597725868225,0.09678040444850922,0.16493776440620422,0.36415553092956543,0.27739185094833374,0.0263088159263134,15000,450000,19200,484200
1,6,X15,1.3451882387875482,5.616456901654601,1.0607600212097168,1.0359996557235718,0.9885883927345276,1.0267994403839111,0.9279675483703613,0.021894963458180428,0.021607721224427223,0.021739156916737556,0.026567060500383377,0.02581164799630642,0.02322632446885109,0.0227673277258873,0.023743296042084694,0.02078954502940178,0.024240488186478615,0.023623179644346237,0.02442559041082859,0.022408053278923035,0.02341471239924431,0.022786540910601616,0.022761378437280655,0.02196909673511982,0.0241223257035017,0.022793764248490334,0.02345498651266098,0.023598751053214073,0.023104777559638023,0.021695101633667946,0.02316257171332836,0.020633481442928314,4.6108321763575075,1.0607600212097168,1.0359996557235718,0.9885883927345276,1.0267994403839111,0.9279675483703613,0.024736659601330757,0.040043577551841736,0.020669540390372276,0.0340975858271122,0.026295732706785202,0.034824028611183167,0.034132737666368484,0.043382786214351654,0.5477475523948669,0.09710898250341415,0.0821671262383461,0.03533077985048294,0.028884589672088623,0.2950093448162079,0.025550179183483124,0.16493597626686096,0.18756528198719025,0.47839608788490295,0.25083327293395996,0.21988651156425476,0.1284364014863968,0.12579046189785004,0.3420777916908264,0.29754602909088135,0.03736014664173126,15000,450000,19200,484200
1,7,X6,3.5180758935305025,5.617908978834748,1.0618220567703247,1.0361167192459106,0.9893076419830322,1.0268625020980835,0.9282853007316589,0.021795794367790222,0.021494416519999504,0.02175498753786087,0.02650277316570282,0.02572641707956791,0.023224331438541412,0.022590715438127518,0.02361294813454151,0.020779021084308624,0.024405959993600845,0.023670947179198265,0.024376703426241875,0.022389840334653854,0.02338089793920517,0.022756967693567276,0.022741660475730896,0.021799055859446526,0.02396446093916893,0.02291227877140045,0.023394443094730377,0.023583345115184784,0.023121699690818787,0.021704955026507378,0.023134537041187286,0.020695600658655167,4.363812174275518,1.0618220567703247,1.0361167192459106,0.9893076419830322,1.0268625020980835,0.9282853007316589,0.027152158319950104,0.03425324335694313,0.026572855189442635,0.035964034497737885,0.025952255353331566,0.034333664923906326,0.03149742633104324,0.03384235501289368,0.5360223054885864,0.09370525926351547,0.08147885650396347,0.05165952816605568,0.02914099022746086,0.3054215908050537,0.025303291156888008,0.18491773307323456,0.13725052773952484,0.3693593442440033,0.250057190656662,0.20471829175949097,0.14613474905490875,0.09305647015571594,0.29162827134132385,0.2571665346622467,0.04874440282583237,15000,450000,19200,484200
1,8,X9,-0.3729139683016127,5.620783938094974,1.064306378364563,1.0370385646820068,0.989713728427887,1.0268428325653076,0.9282373189926147,0.021802496165037155,0.021482501178979874,0.021770669147372246,0.02646765671670437,0.025783054530620575,0.023150745779275894,0.022598208859562874,0.02355102449655533,0.020719099789857864,0.024333573877811432,0.023662224411964417,0.02438279800117016,0.02240198664367199,0.023364827036857605,0.022752972319722176,0.022779708728194237,0.02158602513372898,0.023752911016345024,0.022738801315426826,0.023353740572929382,0.023535721004009247,0.02312641590833664,0.02165546454489231,0.02314998209476471,0.0207425057888031,4.3944739241153,1.064306378364563,1.0370385646820068,0.989713728427887,1.0268428325653076,0.9282373189926147,0.03308696672320366,0.033772531896829605,0.024722473695874214,0.037570755928754807,0.026593221351504326,0.02974310703575611,0.03298141062259674,0.028878802433609962,0.6468956470489502,0.07651147246360779,0.06999669224023819,0.04757611081004143,0.028318459168076515,0.2787535786628723,0.03684670105576515,0.19065378606319427,0.11941561102867126,0.3639654219150543,0.2638172507286072,0.226685032248497,0.11546318233013153,0.08395286649465561,0.3032977283000946,0.22171315550804138,0.06403419375419617,15000,450000,19200,484200
1,9,X17,-2.060948504269269,5.616283018141985,1.0605884790420532,1.0388245582580566,0.9896811246871948,1.026828408241272,0.9281331896781921,0.021504897624254227,0.021398529410362244,0.021987387910485268,0.026302071288228035,0.02570398338139057,0.023103320971131325,0.022703582420945168,0.02343704178929329,0.02069108746945858,0.02433251030743122,0.023471850901842117,0.02444155141711235,0.022400248795747757,0.023269886150956154,0.022939855232834816,0.022670632228255272,0.021307969465851784,0.023363998159766197,0.022391019389033318,0.023200493305921555,0.023472730070352554,0.022948790341615677,0.021462982520461082,0.02283564954996109,0.02088518813252449,4.306306383013725,1.0605884790420532,1.0388245582580566,0.9896811246871948,1.026828408241272,0.9281331896781921,0.02361113205552101,0.02970989979803562,0.024994591251015663,0.037534233182668686,0.02348901517689228,0.025164898484945297,0.03313779458403587,0.02321925200521946,0.7249700427055359,0.08379105478525162,0.061798784881830215,0.0439445823431015,0.027512934058904648,0.331191748380661,0.08657669275999069,0.22608685493469238,0.10020333528518677,0.37071892619132996,0.21534354984760284,0.1910194605588913,0.09391148388385773,0.07688302546739578,0.214508056640625,0.14865742623806,0.0795164555311203,15000,450000,19200,484200
1,10,X24,0.10321946762338463,5.6168534606695175,1.0611299276351929,1.0388543605804443,0.9904496669769287,1.0267812013626099,0.927976131439209,0.02139606699347496,0.021373942494392395,0.021920833736658096,0.02630946785211563,0.025681963190436363,0.023106252774596214,0.02274460345506668,0.023346034809947014,0.020698556676506996,0.024316852912306786,0.02339612878859043,0.02447078935801983,0.02237522415816784,0.023309584707021713,0.022942688316106796,0.022617148235440254,0.02121683396399021,0.02326994389295578,0.02235487289726734,0.02319364994764328,0.023465560749173164,0.022971617057919502,0.021502235904335976,0.022828910499811172,0.020852409303188324,4.479734850302338,1.0611299276351929,1.0388543605804443,0.9904496669769287,1.0267812013626099,0.927976131439209,0.02641560137271881,0.03248825669288635,0.02272246964275837,0.03552822768688202,0.024015022441744804,0.02609977126121521,0.030980326235294342,0.026547614485025406,0.8411574959754944,0.08522448688745499,0.045857928693294525,0.04178947955369949,0.024822494015097618,0.2621516287326813,0.09789493680000305,0.21881358325481415,0.0972183495759964,0.5000128149986267,0.22525888681411743,0.17685489356517792,0.0957094356417656,0.062071867287158966,0.2157096415758133,0.1776881068944931,0.07766327261924744,15000,450000,19200,484200
1,11,X11,0.5455898449011842,5.614714782685041,1.0598154067993164,1.0386388301849365,0.9904077053070068,1.02679443359375,0.9281524419784546,0.02133515477180481,0.021295422688126564,0.021909145638346672,0.026310628280043602,0.02566422149538994,0.02309132181107998,0.022784218192100525,0.023386139422655106,0.02074393816292286,0.024273116141557693,0.023313021287322044,0.024442359805107117,0.022344935685396194,0.023337513208389282,0.022916074842214584,0.022593891248106956,0.021154016256332397,0.023227864876389503,0.022198088467121124,0.023153627291321754,0.023457534611225128,0.022959468886256218,0.021503055468201637,0.022732628509402275,0.020778577774763107,4.252178533002734,1.0598154067993164,1.0386388301849365,0.9904077053070068,1.02679443359375,0.9281524419784546,0.025734426453709602,0.03208662196993828,0.023845572024583817,0.0391572080552578,0.02367112599313259,0.025836149230599403,0.028528781607747078,0.024769959971308708,0.7387070655822754,0.07503470033407211,0.046116676181554794,0.041499678045511246,0.02627270668745041,0.26540160179138184,0.1060597375035286,0.21088527143001556,0.08304795622825623,0.467428594827652,0.18234895169734955,0.1791197508573532,0.09248746186494827,0.06744346022605896,0.19487322866916656,0.1840924620628357,0.05896762013435364,15000,450000,19200,484200
1,12,X29,0.11383851354980745,5.612313972786069,1.0588825941085815,1.0413578748703003,0.986562192440033,1.0275899171829224,0.9279913902282715,0.021356524899601936,0.021175075322389603,0.021860796958208084,0.026184897869825363,0.025676356628537178,0.023033153265714645,0.022827904671430588,0.02335996925830841,0.020740153267979622,0.02420349419116974,0.023324016481637955,0.024229945614933968,0.022249676287174225,0.023332394659519196,0.02299710363149643,0.022616630420088768,0.02092237025499344,0.02319004200398922,0.022262010723352432,0.023161346092820168,0.023342078551650047,0.0229523666203022,0.021457985043525696,0.022770175710320473,0.02070353552699089,4.598328743129969,1.0588825941085815,1.0413578748703003,0.986562192440033,1.0275899171829224,0.9279913902282715,0.025060174986720085,0.030195651575922966,0.024875275790691376,0.033412009477615356,0.023611389100551605,0.026011601090431213,0.0293840691447258,0.024708492681384087,1.0250290632247925,0.09385828673839569,0.04513460025191307,0.026175756007432938,0.02565631829202175,0.22729048132896423,0.15053047239780426,0.2491394579410553,0.06798045337200165,0.5567160844802856,0.13664476573467255,0.15493494272232056,0.048208087682724,0.08437701314687729,0.20506907999515533,0.227092906832695,0.04875551536679268,15000,450000,19200,484200
1,13,X27,-0.8272277974547162,5.611735008656979,1.059725046157837,1.0407863855361938,0.9862030744552612,1.027410626411438,0.9279277324676514,0.02132995054125786,0.02111876755952835,0.021878551691770554,0.026127643883228302,0.025659121572971344,0.023024002090096474,0.022763745859265327,0.023373782634735107,0.02072673849761486,0.02422858402132988,0.023336444050073624,0.024218415841460228,0.022278353571891785,0.02335982583463192,0.02304687909781933,0.0226264800876379,0.020847873762249947,0.02315971814095974,0.02223154343664646,0.02311764284968376,0.02333117462694645,0.022954480722546577,0.02144824154675007,0.02278071641921997,0.02071346528828144,4.912782358005643,1.059725046157837,1.0407863855361938,0.9862030744552612,1.027410626411438,0.9279277324676514,0.02530071511864662,0.02623479999601841,0.019298695027828217,0.03336204215884209,0.023963142186403275,0.02285439521074295,0.0361148826777935,0.02367083728313446,1.308963418006897,0.08382410556077957,0.04324838146567345,0.03140541538596153,0.026158809661865234,0.22665980458259583,0.1459975391626358,0.27845945954322815,0.05463379621505737,0.6137921214103699,0.1369020640850067,0.1566682755947113,0.03453327715396881,0.07987834513187408,0.1595475822687149,0.27152878046035767,0.04137109965085983,15000,450000,19200,484200
1,14,X10,1.1958204848918497,5.610770890489221,1.0593657493591309,1.0403211116790771,0.9865501523017883,1.0274392366409302,0.9279353618621826,0.02126435562968254,0.020981622859835625,0.021892134100198746,0.026026083156466484,0.025653326883912086,0.023009799420833588,0.022750714793801308,0.023356135934591293,0.020720569416880608,0.024208510294556618,0.02334023080766201,0.024232283234596252,0.022290991619229317,0.02338588610291481,0.023049894720315933,0.022618716582655907,0.020781179890036583,0.0231053214520216,0.022192828357219696,0.023072751238942146,0.023323697969317436,0.022932803258299828,0.02145344391465187,0.02280738763511181,0.020708609372377396,3.9880383141338824,1.0593657493591309,1.0403211116790771,0.9865501523017883,1.0274392366409302,0.9279353618621826,0.027906881645321846,0.031055428087711334,0.022495491430163383,0.02845757082104683,0.022713588550686836,0.02502170018851757,0.03668336197733879,0.023074503988027573,0.6470810770988464,0.06682655960321426,0.040414415299892426,0.029355518519878387,0.02575712651014328,0.22292746603488922,0.165221706032753,0.3247123062610626,0.05959304794669151,0.2912028133869171,0.11871419101953506,0.1487937569618225,0.04556947946548462,0.07685147970914841,0.16617991030216217,0.28887829184532166,0.04422831907868385,15000,450000,19200,484200
1,15,X4,-1.7448371205790671,5.609821308404207,1.0595730543136597,1.0403727293014526,0.9860621094703674,1.0282504558563232,0.9279249310493469,0.021160289645195007,0.02082042209804058,0.02190072275698185,0.025748444721102715,0.025579920038580894,0.022919898852705956,0.022588273510336876,0.023247085511684418,0.020695198327302933,0.024105917662382126,0.023395828902721405,0.0241959560662508,0.022258205339312553,0.02336859330534935,0.022996872663497925,0.022666458040475845,0.02065550908446312,0.0230913907289505,0.02214447781443596,0.023014219477772713,0.023362981155514717,0.02290135808289051,0.021405965089797974,0.02271905168890953,0.02069498784840107,4.372852903231978,1.0595730543136597,1.0403727293014526,0.9860621094703674,1.0282504558563232,0.9279249310493469,0.02657207101583481,0.026668991893529892,0.021938340738415718,0.028109055012464523,0.023577453568577766,0.02386765368282795,0.03679404407739639,0.027137823402881622,0.716105580329895,0.0634148046374321,0.03931830823421478,0.0358160175383091,0.022995341569185257,0.27250176668167114,0.17712713778018951,0.46417802572250366,0.05148052051663399,0.34245365858078003,0.12267786264419556,0.15851275622844696,0.04431820660829544,0.08372025191783905,0.1668548285961151,0.34776511788368225,0.0405106283724308,15000,450000,19200,484200
1,16,X7,4.7775381517761915,5.610478172078729,1.0600844621658325,1.0400644540786743,0.986258327960968,1.0287353992462158,0.9279031753540039,0.021120982244610786,0.020753687247633934,0.021905910223722458,0.02566218562424183,0.025560390204191208,0.022917818278074265,0.022611215710639954,0.02324790693819523,0.02073238044977188,0.024115674197673798,0.02338421903550625,0.024185607209801674,0.022243589162826538,0.023378366604447365,0.023008128628134727,0.02265195921063423,0.02059885486960411,0.02310137264430523,0.022160755470395088,0.02301272749900818,0.023350004106760025,0.022870268672704697,0.02142198011279106,0.02273833565413952,0.020698033273220062,4.343719723820687,1.0600844621658325,1.0400644540786743,0.986258327960968,1.0287353992462158,0.9279031753540039,0.024858074262738228,0.030062787234783173,0.019672809168696404,0.027446500957012177,0.02255123481154442,0.023397171869874,0.03695383295416832,0.02575448527932167,0.7616332769393921,0.060413017868995667,0.03874574974179268,0.03094938024878502,0.023745762184262276,0.27176403999328613,0.20030227303504944,0.4266813397407532,0.05256713181734085,0.31766825914382935,0.12521150708198547,0.15991954505443573,0.040560804307460785,0.08394146710634232,0.13615240156650543,0.343217134475708,0.05094057321548462,15000,450000,19200,484200
1,17,X6,-2.934371733463329,5.608463205397129,1.0595309734344482,1.0388883352279663,0.9868422150611877,1.0282268524169922,0.927872896194458,0.021118471398949623,0.020722758024930954,0.021909920498728752,0.025617392733693123,0.02555185928940773,0.022930322214961052,0.0226550605148077,0.02327071689069271,0.020735904574394226,0.024106139317154884,0.023364227265119553,0.02421584166586399,0.02226165682077408,0.023410450667142868,0.022617848590016365,0.022660190239548683,0.020531361922621727,0.02309679426252842,0.022124456241726875,0.023034270852804184,0.02340637892484665,0.022899268195033073,0.021426036953926086,0.022726062685251236,0.020708542317152023,3.936067456007004,1.0595309734344482,1.0388883352279663,0.9868422150611877,1.0282268524169922,0.927872896194458,0.022000934928655624,0.027233261615037918,0.026042494922876358,0.028457943350076675,0.024394311010837555,0.024322347715497017,0.03758301958441734,0.026234174147248268,0.5444167256355286,0.05390804260969162,0.038939427584409714,0.03268636018037796,0.022793201729655266,0.2668687403202057,0.025015203282237053,0.43294617533683777,0.05431091785430908,0.3141997754573822,0.07933491468429565,0.16240862011909485,0.025839518755674362,0.09958136081695557,0.13674351572990417,0.3753925859928131,0.04614162817597389,15000,450000,19200,484200
1,18,X24,3.376418941479516,5.609730076044798,1.0595086812973022,1.0407588481903076,0.9866863489151001,1.028420090675354,0.9278451204299927,0.02111123688519001,0.020568760111927986,0.021914787590503693,0.025418132543563843,0.025534557178616524,0.02293187752366066,0.0225225780159235,0.023327771574258804,0.020715257152915,0.02412419393658638,0.023323306813836098,0.024216577410697937,0.022264530882239342,0.02352346107363701,0.022563200443983078,0.02258988656103611,0.02050398290157318,0.023115122690796852,0.022044885903596878,0.02300942689180374,0.023386714980006218,0.02294788509607315,0.021478688344359398,0.022671407088637352,0.020702756941318512,4.059665274620056,1.0595086812973022,1.0407588481903076,0.9866863489151001,1.028420090675354,0.9278451204299927,0.025001732632517815,0.026369264349341393,0.022026199847459793,0.025218509137630463,0.02546204999089241,0.026932980865240097,0.03746352344751358,0.0251164548099041,0.6021959781646729,0.06096640229225159,0.03889643773436546,0.025831332430243492,0.0270713958889246,0.3094591796398163,0.028571445494890213,0.4144052267074585,0.05245140939950943,0.40990304946899414,0.08321639150381088,0.15304021537303925,0.024431083351373672,0.0732649713754654,0.11100927740335464,0.3856297731399536,0.03708717226982117,15000,450000,19200,484200
1,19,X2,-4.5125243613366885,5.610213723033667,1.0600422620773315,1.0405282974243164,0.9869998097419739,1.0285402536392212,0.9278528094291687,0.021113429218530655,0.020493395626544952,0.02191365323960781,0.02536049857735634,0.02553108148276806,0.022924644872546196,0.022471820935606956,0.02334616146981716,0.02072920836508274,0.024107789620757103,0.023304281756281853,0.024209704250097275,0.022245189175009727,0.02351122908294201,0.02256937138736248,0.022545143961906433,0.020499272271990776,0.02311011031270027,0.022024039179086685,0.023030804470181465,0.0234109815210104,0.022960666567087173,0.02145678922533989,0.022666214033961296,0.020714810118079185,4.202124078944325,1.0600422620773315,1.0405282974243164,0.9869998097419739,1.0285402536392212,0.9278528094291687,0.026255980134010315,0.025502484291791916,0.02443946897983551,0.02827855385839939,0.02333301119506359,0.023227326571941376,0.037703100591897964,0.02735881879925728,0.5497559905052185,0.04431349039077759,0.03550610691308975,0.02349696308374405,0.029299408197402954,0.3198785185813904,0.02948496676981449,0.47879844903945923,0.05466831102967262,0.4819399416446686,0.07481446117162704,0.175364151597023,0.02962329238653183,0.05931288003921509,0.11678067594766617,0.43730059266090393,0.03689444810152054,15000,450000,19200,484200
1,20,X28,1.1876325859585313,5.6097552962601185,1.059555172920227,1.0407460927963257,0.9870824217796326,1.0284446477890015,0.9278380870819092,0.0211313646286726,0.02044556848704815,0.02192998118698597,0.02528616413474083,0.02553657814860344,0.022926634177565575,0.022502059116959572,0.023312263190746307,0.020739296451210976,0.024098766967654228,0.02325938455760479,0.024229466915130615,0.022245017811655998,0.023502791300415993,0.022579306736588478,0.022553589195013046,0.0204780176281929,0.023108365014195442,0.021987618878483772,0.023034749552607536,0.023408953100442886,0.022952351719141006,0.021450268104672432,0.022673971951007843,0.020716344937682152,4.225510897859931,1.059555172920227,1.0407460927963257,0.9870824217796326,1.0284446477890015,0.9278380870819092,0.02184033766388893,0.024873225018382072,0.01979556493461132,0.024375366047024727,0.024801548570394516,0.024411987513303757,0.03482042998075485,0.026960212737321854,0.5426503419876099,0.05762908235192299,0.03549594432115555,0.02937941998243332,0.025100383907556534,0.3466661870479584,0.030499471351504326,0.47302618622779846,0.05462322384119034,0.5050333738327026,0.08455096185207367,0.14939847588539124,0.027635490521788597,0.05818084627389908,0.11916280537843704,0.44039440155029297,0.03547234460711479,15000,450000,19200,484200
1,21,X28,0.8929807869036752,5.6042553298175335,1.0578017234802246,1.0383999347686768,0.9862703680992126,1.0279701948165894,0.927838146686554,0.021210743114352226,0.02038201130926609,0.021972686052322388,0.025187266990542412,0.025536008179187775,0.022904198616743088,0.022463900968432426,0.023277699947357178,0.020776918157935143,0.024100543931126595,0.02313508465886116,0.02426985092461109,0.022227780893445015,0.023587597534060478,0.022615959867835045,0.022637443616986275,0.020457714796066284,0.02308284305036068,0.021915307268500328,0.02306589111685753,0.02336927130818367,0.02288292907178402,0.02147466316819191,0.022716572508215904,0.02072407491505146,4.221985673904419,1.0578017234802246,1.0383999347686768,0.9862703680992126,1.0279701948165894,0.927838146686554,0.023423880338668823,0.027163535356521606,0.022900177165865898,0.025319930166006088,0.024411721155047417,0.02212037704885006,0.034329891204833984,0.026514053344726562,0.5145678520202637,0.04485306143760681,0.029343482106924057,0.026403548195958138,0.022821858525276184,0.31041964888572693,0.0271445382386446,0.4276697039604187,0.0653802677989006,0.5458709001541138,0.07195322960615158,0.1813144087791443,0.02717754803597927,0.05413806065917015,0.11188362538814545,0.5104147791862488,0.03678952157497406,15000,450000,19200,484200
1,22,X14,0.5200616290694793,5.605441411957145,1.0573112964630127,1.0391169786453247,0.9866840839385986,1.0283827781677246,0.9278402328491211,0.021245766431093216,0.02037111110985279,0.022005876526236534,0.025133389979600906,0.02554222382605076,0.022905578836798668,0.022458123043179512,0.02329248934984207,0.020780108869075775,0.024095579981803894,0.023135483264923096,0.024261876940727234,0.022241970524191856,0.023588018491864204,0.02262532152235508,0.02266787923872471,0.020436523482203484,0.02307813987135887,0.021922340616583824,0.023091938346624374,0.023368027061223984,0.02290693111717701,0.02150280773639679,0.02272714674472809,0.02072138898074627,4.361516544967889,1.0573112964630127,1.0391169786453247,0.9866840839385986,1.0283827781677246,0.9278402328491211,0.02285192720592022,0.026626983657479286,0.026001160964369774,0.026370717212557793,0.024471228942275047,0.023850567638874054,0.033521100878715515,0.02856975793838501,0.49347445368766785,0.053390346467494965,0.028761329129338264,0.027312451973557472,0.026914311572909355,0.384459912776947,0.029600471258163452,0.45319512486457825,0.07434259355068207,0.5411139130592346,0.07927471399307251,0.1922481209039688,0.028134819120168686,0.06076810881495476,0.11804570257663727,0.5144582986831665,0.03589135408401489,15000,450000,19200,484200
1,23,X25,-2.53246351883208,5.606461007148027,1.0573766231536865,1.0394920110702515,0.9874283075332642,1.0282399654388428,0.9278441667556763,0.02126048319041729,0.020375026389956474,0.022039158269762993,0.02510555274784565,0.025533895939588547,0.022892581298947334,0.02247331663966179,0.023333800956606865,0.02079959027469158,0.024119587615132332,0.023148158565163612,0.024238597601652145,0.022240636870265007,0.023580553010106087,0.022631816565990448,0.022666295990347862,0.02043852023780346,0.023066341876983643,0.021874399855732918,0.023088915273547173,0.023364173248410225,0.022892219945788383,0.02151644043624401,0.022685280069708824,0.020714590325951576,3.9740696974098686,1.0573766231536865,1.0394920110702515,0.9874283075332642,1.0282399654388428,0.9278441667556763,0.0242928434163332,0.025033771991729736,0.022205818444490433,0.025151005014777184,0.02680770866572857,0.022912004962563515,0.03615118935704231,0.02451963536441326,0.4265115261077881,0.05252859368920326,0.03157341480255127,0.026649193838238716,0.02601276896893978,0.4278367757797241,0.0275113508105278,0.4528321623802185,0.06920837610960007,0.634368896484375,0.07413638383150101,0.19914013147354126,0.02685038559138775,0.056551333516836166,0.10317519307136536,0.08973278105258942,0.03430023789405823,15000,450000,19200,484200
1,24,X12,1.1954373967629763,5.606538096442819,1.0566809177398682,1.040239691734314,0.9878890514373779,1.028253197669983,0.9278451204299927,0.021262092515826225,0.020361874252557755,0.021920017898082733,0.02503286488354206,0.025542380288243294,0.022864338010549545,0.022533757612109184,0.023284954950213432,0.02078726515173912,0.024100372567772865,0.023069119080901146,0.02426639012992382,0.022256920114159584,0.02358175627887249,0.022640051320195198,0.02251395396888256,0.02046738751232624,0.023057978600263596,0.021891331300139427,0.023028044030070305,0.023334268480539322,0.022876441478729248,0.021474618464708328,0.022768529132008553,0.020713409408926964,3.904429876804352,1.0566809177398682,1.040239691734314,0.9878890514373779,1.028253197669983,0.9278451204299927,0.023730529472231865,0.02607693150639534,0.023413410410284996,0.029138727113604546,0.027053069323301315,0.023654427379369736,0.03519730642437935,0.026025207713246346,0.4086726903915405,0.047350555658340454,0.026198383420705795,0.0239875465631485,0.02322595752775669,0.3706814646720886,0.02867811918258667,0.46205809712409973,0.06779338419437408,0.6671885251998901,0.07263849675655365,0.16867268085479736,0.027456829324364662,0.05508725345134735,0.10618613660335541,0.09076967090368271,0.03531287983059883,15000,450000,19200,484200
2,0,X29,-0.20477206391254743,6.819928089156747,1.0583592653274536,1.0687116384506226,1.0035641193389893,1.0307477712631226,0.9289829730987549,0.04663820564746857,0.1621813029050827,0.28169772028923035,0.0719168409705162,0.1799420863389969,0.05288868397474289,0.03249838203191757,0.049681052565574646,0.02995222993195057,0.14271675050258636,0.03986625373363495,0.024685246869921684,0.0745103508234024,0.02629263885319233,0.02781379595398903,0.0302257239818573,0.051695458590984344,0.11009666323661804,0.035573579370975494,0.025571171194314957,0.025974750518798828,0.07496297359466553,0.056855034083127975,0.03630666062235832,0.03901876509189606,18.4371379211545,1.0583592653274536,1.0687116384506226,1.0035641193389893,1.0307477712631226,0.9289829730987549,0.24216023087501526,0.7844977974891663,1.128286600112915,0.4117278456687927,0.48327532410621643,0.6020483374595642,0.13767482340335846,0.4142618477344513,0.08812244236469269,2.3678781986236572,0.13791392743587494,0.030879519879817963,0.7379463911056519,0.08256770670413971,0.07070602476596832,0.8830574154853821,0.6184716820716858,2.104681968688965,1.1403088569641113,0.28192365169525146,0.3424888551235199,1.3923534154891968,1.6384146213531494,0.916909396648407,0.3805078864097595,15000,450000,19200,484200
2,1,X21,-3.6563170605070905,5.849660268053412,1.0651001930236816,1.053795337677002,0.9924619197845459,1.032127857208252,0.9325932860374451,0.03374543786048889,0.038787469267845154,0.05515819415450096,0.03771036118268967,0.057064641267061234,0.030822306871414185,0.027796359732747078,0.02918756566941738,0.02273305505514145,0.04648188129067421,0.025955937802791595,0.024016693234443665,0.0335514098405838,0.024034038186073303,0.02333548292517662,0.026057738810777664,0.022047312930226326,0.03039812482893467,0.024110767990350723,0.024475978687405586,0.024705227464437485,0.03216589242219925,0.03050842322409153,0.024521060287952423,0.024210313335061073,7.589701706171036,1.0651001930236816,1.053795337677002,0.9924619197845459,1.032127857208252,0.9325932860374451,0.13615654408931732,0.12533386051654816,0.18708844482898712,0.13162356615066528,0.09763959795236588,0.31866997480392456,0.09178343415260315,0.18086454272270203,0.09202085435390472,1.1324416399002075,0.0397178940474987,0.025025878101587296,0.3945407271385193,0.06438557803630829,0.028962843120098114,0.49471884965896606,0.2079428881406784,0.5732624530792236,0.3857555687427521,0.27662909030914307,0.18151171505451202,0.23525919020175934,0.5614285469055176,0.535554051399231,0.0761682540178299,15000,450000,19200,484200
2,2,X23,2.9852280891957204,5.693456254899502,1.0609856843948364,1.0406575202941895,0.9878474473953247,1.0288968086242676,0.93146151304245,0.029076941311359406,0.026698974892497063,0.027890954166650772,0.03219863399863243,0.03264576941728592,0.027101673185825348,0.025461437180638313,0.02680348791182041,0.021943403407931328,0.03234197571873665,0.023193195462226868,0.024024615064263344,0.02659347839653492,0.023670895025134087,0.023116376250982285,0.026121491566300392,0.021169038489460945,0.027542272582650185,0.02210160717368126,0.024106955155730247,0.025030845776200294,0.02327040396630764,0.023375745862722397,0.024748222902417183,0.023378886282444,5.861003538221121,1.0609856843948364,1.0406575202941895,0.9878474473953247,1.0288968086242676,0.93146151304245,0.10927599668502808,0.05815565213561058,0.11082220822572708,0.10194797813892365,0.0567084364593029,0.23322409391403198,0.07681329548358917,0.14114010334014893,0.04784160107374191,0.786616325378418,0.03241290897130966,0.027024703100323677,0.13615146279335022,0.04122864082455635,0.030105670914053917,0.5333314538002014,0.1578507423400879,0.4438227415084839,0.2623864710330963,0.30246061086654663,0.2820650339126587,0.1038517877459526,0.18836618959903717,0.5168671011924744,0.07056253403425217,15000,450000,19200,484200
2,3,X29,1.320642029970367,5.639521135017276,1.0563273429870605,1.0359320640563965,0.9928249716758728,1.0269584655761719,0.9333388805389404,0.02561027742922306,0.02280905283987522,0.02169588953256607,0.0281580351293087,0.02817847765982151,0.025325169786810875,0.023721570149064064,0.024011150002479553,0.021297680214047432,0.026340309530496597,0.023181214928627014,0.024275993928313255,0.02375837415456772,0.023599477484822273,0.02273912914097309,0.023501254618167877,0.0204678475856781,0.025370201095938683,0.022498056292533875,0.02361893095076084,0.024120589718222618,0.02265957184135914,0.022204013541340828,0.023954104632139206,0.021043037995696068,4.621325486525893,1.0563273429870605,1.0359320640563965,0.9928249716758728,1.0269584655761719,0.9333388805389404,0.06012171879410744,0.03500981256365776,0.04122161865234375,0.07751534879207611,0.041717976331710815,0.19618183374404907,0.03725874796509743,0.0681719034910202,0.06678187847137451,0.44811174273490906,0.02357182838022709,0.02208035998046398,0.0538831427693367,0.025261061266064644,0.02751193940639496,0.44859400391578674,0.16091881692409515,0.2650391757488251,0.2396043837070465,0.2688310742378235,0.21560965478420258,0.04210204631090164,0.11328192055225372,0.6024421453475952,0.031425006687641144,15000,450000,19200,484200
2,4,X26,-3.897769893757983,5.628553323447704,1.0554780960083008,1.0379976034164429,0.9909834861755371,1.0267695188522339,0.9300634860992432,0.025011485442519188,0.022079115733504295,0.021552985534071922,0.027514249086380005,0.027578385546803474,0.024902503937482834,0.02367492951452732,0.023564590141177177,0.02106652595102787,0.025623327121138573,0.023049132898449898,0.02429782971739769,0.023659417405724525,0.023609118536114693,0.022680051624774933,0.023221779614686966,0.020474672317504883,0.024674048647284508,0.022207576781511307,0.023507241159677505,0.024126635864377022,0.0225798562169075,0.021845491603016853,0.02394462749361992,0.02081555500626564,4.287466183677315,1.0554780960083008,1.0379976034164429,0.9909834861755371,1.0267695188522339,0.9300634860992432,0.05592957139015198,0.030893711373209953,0.032143834978342056,0.05383898317813873,0.037123069167137146,0.16704061627388,0.04058937728404999,0.04019775241613388,0.2752949893474579,0.32576146721839905,0.02548522874712944,0.021465690806508064,0.03905151039361954,0.02441425435245037,0.02799622341990471,0.4163747727870941,0.05613815039396286,0.28231731057167053,0.20556938648223877,0.2082042545080185,0.21233218908309937,0.03719788044691086,0.06963936984539032,0.5674964785575867,0.02671167254447937,15000,450000,19200,484200
2,5,X24,3.8812458653097313,5.62325756251812,1.0548064708709717,1.0382499694824219,0.9891760945320129,1.0269887447357178,0.9301033616065979,0.02451782487332821,0.02185893803834915,0.02155310846865177,0.027137871831655502,0.02746797539293766,0.024609724059700966,0.023693349212408066,0.02341080643236637,0.021166708320379257,0.025329338386654854,0.0230729877948761,0.024290382862091064,0.023297732695937157,0.02358519472181797,0.022624609991908073,0.022949764505028725,0.02045413665473461,0.024357059970498085,0.02217242680490017,0.023530006408691406,0.023924490436911583,0.02260775677859783,0.021639473736286163,0.023868678137660027,0.02081257477402687,4.446607163548469,1.0548064708709717,1.0382499694824219,0.9891760945320129,1.0269887447357178,0.9301033616065979,0.05557332560420036,0.03244442492723465,0.02706936188042164,0.05827292799949646,0.04047949239611626,0.15163514018058777,0.044238388538360596,0.033958084881305695,0.5453058481216431,0.28230103850364685,0.023670170456171036,0.023149872198700905,0.0356021374464035,0.023795688524842262,0.02318996749818325,0.41479286551475525,0.05404752492904663,0.3071955144405365,0.19831733405590057,0.21270804107189178,0.18793822824954987,0.03324541822075844,0.06462456285953522,0.532444179058075,0.0327426977455616,15000,450000,19200,484200
2,6,X28,0.5562943277061363,5.624445071443915,1.0550341606140137,1.0437676906585693,0.9926446080207825,1.0267668962478638,0.9289650321006775,0.023673441261053085,0.021352902054786682,0.02167390286922455,0.026507962495088577,0.026681629940867424,0.024276677519083023,0.023170657455921173,0.02316300943493843,0.02135360613465309,0.024623222649097443,0.023217178881168365,0.02407321147620678,0.022698745131492615,0.02356715314090252,0.022641824558377266,0.022764649242162704,0.020385297015309334,0.02411923184990883,0.021913111209869385,0.023410601541399956,0.023616738617420197,0.022663593292236328,0.021368619054555893,0.023449741303920746,0.020899975672364235,3.3567288886755704,1.0550341606140137,1.0437676906585693,0.9926446080207825,1.0267668962478638,0.9289650321006775,0.05350034311413765,0.028167350217700005,0.025342727079987526,0.03330720216035843,0.02630152367055416,0.15857087075710297,0.0406394824385643,0.02593250758945942,0.14650550484657288,0.20665283501148224,0.025248080492019653,0.02163461409509182,0.03450247272849083,0.08466576039791107,0.036672405898571014,0.27593159675598145,0.05069909617304802,0.1718520224094391,0.14574405550956726,0.19354663789272308,0.13397450745105743,0.02337588742375374,0.04781068116426468,0.3224108815193176,0.034304164350032806,15000,450000,19200,484200
2,7,X26,0.0638168331420852,5.621854193508625,1.0545504093170166,1.0433770418167114,0.9931925535202026,1.0268791913986206,0.928220808506012,0.023248780518770218,0.021186944097280502,0.021713363006711006,0.02647530846297741,0.026403114199638367,0.024121427908539772,0.023143000900745392,0.023151986300945282,0.021380549296736717,0.024463854730129242,0.02322465553879738,0.024085842072963715,0.02253017947077751,0.023533234372735023,0.02266654558479786,0.02269556187093258,0.02042175643146038,0.023969188332557678,0.02182682789862156,0.023368719965219498,0.02361409366130829,0.02263602800667286,0.021363165229558945,0.023452192544937134,0.020957868546247482,3.27374331317842,1.0545504093170166,1.0433770418167114,0.9931925535202026,1.0268791913986206,0.928220808506012,0.043167129158973694,0.03309426084160805,0.026875529438257217,0.030510753393173218,0.025385716930031776,0.15897047519683838,0.039387937635183334,0.022984791547060013,0.13351263105869293,0.16150592267513275,0.02604045160114765,0.02319301664829254,0.03036564588546753,0.09210823476314545,0.04925922304391861,0.2455684095621109,0.05587136000394821,0.1547033041715622,0.16860365867614746,0.18203386664390564,0.14403842389583588,0.0241775531321764,0.04350421577692032,0.3210202157497406,0.028616584837436676,15000,450000,19200,484200
2,8,X29,-1.9760637237257042,5.619547035545111,1.0547914505004883,1.0427346229553223,0.9914880394935608,1.0270920991897583,0.9294206500053406,0.022850876674056053,0.021146876737475395,0.02176101692020893,0.026267297565937042,0.02622102200984955,0.023945854976773262,0.02314961887896061,0.02316054329276085,0.02118447795510292,0.02442675456404686,0.023232469335198402,0.02410118468105793,0.022390879690647125,0.02351154014468193,0.02265755645930767,0.022592049092054367,0.02047124132514,0.023865416646003723,0.021817995235323906,0.0233556367456913,0.023501086980104446,0.0226343534886837,0.021336285397410393,0.023475876078009605,0.020962262526154518,3.232376071810722,1.0547914505004883,1.0427346229553223,0.9914880394935608,1.0270920991897583,0.9294206500053406,0.038894373923540115,0.03356197848916054,0.027785027399659157,0.03118315152823925,0.023950371891260147,0.14851148426532745,0.04098355770111084,0.023425394669175148,0.10604024678468704,0.16538561880588531,0.029810955747961998,0.02101212367415428,0.02677685022354126,0.12284545600414276,0.056285709142684937,0.25814807415008545,0.059837471693754196,0.13754433393478394,0.13540059328079224,0.1881757378578186,0.12299102544784546,0.021624404937028885,0.042553722858428955,0.3254590928554535,0.035083942115306854,15000,450000,19200,484200
2,9,X20,-2.5800532296219005,5.61550079099834,1.0548652410507202,1.0400187969207764,0.992816686630249,1.0268977880477905,0.9291541576385498,0.022182181477546692,0.021053412929177284,0.021748008206486702,0.025794617831707,0.025847647339105606,0.023829299956560135,0.023057013750076294,0.02326652593910694,0.021125799044966698,0.02425244264304638,0.023257603868842125,0.02419011853635311,0.022255096584558487,0.023579910397529602,0.022657856345176697,0.022663088515400887,0.02064359374344349,0.023565681651234627,0.021780863404273987,0.02329546958208084,0.023447420448064804,0.022716620936989784,0.021331824362277985,0.02322041057050228,0.020985612645745277,3.293556345999241,1.0548652410507202,1.0400187969207764,0.992816686630249,1.0268977880477905,0.9291541576385498,0.03700246661901474,0.03252336382865906,0.022710319608449936,0.029431279748678207,0.02386775240302086,0.13847053050994873,0.03595052286982536,0.024670882150530815,0.0664793998003006,0.17645956575870514,0.03132619708776474,0.024125179275870323,0.026543863117694855,0.1619805246591568,0.08116152882575989,0.27712640166282654,0.0707327276468277,0.1276710331439972,0.16528260707855225,0.17851339280605316,0.09481704980134964,0.02463158592581749,0.043930359184741974,0.35665175318717957,0.03274552524089813,15000,450000,19200,484200
2,10,X30,4.753517721834786,5.616252440959215,1.0547442436218262,1.0420588254928589,0.9926528334617615,1.0269843339920044,0.9288227558135986,0.022041011601686478,0.020969655364751816,0.021758215501904488,0.025761883705854416,0.025764087215065956,0.023705316707491875,0.023090435191988945,0.023279007524251938,0.02114335633814335,0.02425503544509411,0.023227320984005928,0.024197032675147057,0.022271854802966118,0.02361016534268856,0.022350825369358063,0.022687697783112526,0.02067309431731701,0.02352742850780487,0.021807368844747543,0.023263845592737198,0.023376327008008957,0.022643616423010826,0.02126922458410263,0.023314181715250015,0.021001460030674934,3.342551076412201,1.0547442436218262,1.0420588254928589,0.9926528334617615,1.0269843339920044,0.9288227558135986,0.03290393203496933,0.03351122513413429,0.023546626791357994,0.027556853368878365,0.023891428485512733,0.10774073749780655,0.03456822782754898,0.028271818533539772,0.08868821710348129,0.17398446798324585,0.030060265213251114,0.022653397172689438,0.02676158770918846,0.20654629170894623,0.025751227512955666,0.31574469804763794,0.12897232174873352,0.1226244866847992,0.18430671095848083,0.17120963335037231,0.09815461188554764,0.02452070824801922,0.038744740188121796,0.3266974091529846,0.036086853593587875,15000,450000,19200,484200
2,11,X16,-2.7017893061786777,5.612124565988779,1.0547863245010376,1.0385282039642334,0.9921162128448486,1.0270147323608398,0.9290912747383118,0.021957451477646828,0.020965056493878365,0.021788381040096283,0.025754360482096672,0.02574068494141102,0.023611146956682205,0.023027202114462852,0.02329402230679989,0.02106783725321293,0.024199241772294044,0.023244017735123634,0.024204405024647713,0.022268330678343773,0.023622848093509674,0.02233833074569702,0.022692246362566948,0.020677970722317696,0.023511484265327454,0.02179602161049843,0.023290427401661873,0.02338086999952793,0.022567490115761757,0.021257255226373672,0.023363525047898293,0.020967209711670876,3.4446242813020946,1.0547863245010376,1.0385282039642334,0.9921162128448486,1.0270147323608398,0.9290912747383118,0.03528464958071709,0.02855735830962658,0.023563288152217865,0.025181176140904427,0.026278266683220863,0.1059836819767952,0.03221287950873375,0.027240000665187836,0.08442021161317825,0.1781216263771057,0.034092649817466736,0.02126317098736763,0.0266092661768198,0.2950005531311035,0.025944920256733894,0.30425718426704407,0.1356160044670105,0.12489274144172668,0.19149315357208252,0.17995962500572205,0.10126310586929321,0.022732652723789215,0.04028204083442688,0.32356396317481995,0.042502760887145996,15000,450000,19200,484200
2,12,X30,-1.3011889477486358,5.605152877047658,1.0552241802215576,1.0358654260635376,0.9895849823951721,1.0271613597869873,0.9279638528823853,0.021782204508781433,0.020852865651249886,0.021816488355398178,0.02557571418583393,0.025783604010939598,0.02350439690053463,0.022839363664388657,0.02341238595545292,0.021039823070168495,0.02405732311308384,0.023236805573105812,0.02430635504424572,0.022246677428483963,0.023643387481570244,0.022283662110567093,0.02266719937324524,0.0206469614058733,0.023432588204741478,0.021764667704701424,0.02319859154522419,0.0232712235301733,0.022537799552083015,0.021269354969263077,0.02318098582327366,0.021002646535634995,3.552581782266498,1.0552241802215576,1.0358654260635376,0.9895849823951721,1.0271613597869873,0.9279638528823853,0.03305366635322571,0.030145728960633278,0.02304898202419281,0.026040636003017426,0.01989665813744068,0.11451727151870728,0.03248337283730507,0.031594667583703995,0.07582225650548935,0.1850351095199585,0.04631856828927994,0.02516314946115017,0.023936135694384575,0.42272573709487915,0.024549731984734535,0.30621036887168884,0.05754353478550911,0.11228423565626144,0.1908426135778427,0.1700568050146103,0.100456103682518,0.022769249975681305,0.037409257143735886,0.3923270106315613,0.041190970689058304,15000,450000,19200,484200
2,13,X3,-2.2030295866495955,5.60444394685328,1.0550382137298584,1.035681962966919,0.9896489977836609,1.0270283222198486,0.9279133081436157,0.02172478474676609,0.020851530134677887,0.021803390234708786,0.02553301863372326,0.02576768957078457,0.023473452776670456,0.022771017625927925,0.02343824878334999,0.02104555070400238,0.02405937761068344,0.023215385153889656,0.024315204471349716,0.022260934114456177,0.02365740016102791,0.022303452715277672,0.02271631918847561,0.020675241947174072,0.023370839655399323,0.02171626128256321,0.02320241741836071,0.023269781842827797,0.022521106526255608,0.021252283826470375,0.023154141381382942,0.02103431150317192,3.581860564276576,1.0550382137298584,1.035681962966919,0.9896489977836609,1.0270283222198486,0.9279133081436157,0.02624388225376606,0.029472017660737038,0.023077569901943207,0.025958973914384842,0.02154023014008999,0.10103387385606766,0.03332764282822609,0.03162255883216858,0.09142248332500458,0.1768931895494461,0.04816824942827225,0.02288389392197132,0.028925960883498192,0.418878972530365,0.028513628989458084,0.3616556227207184,0.07177841663360596,0.11920684576034546,0.18803535401821136,0.16003532707691193,0.1202680692076683,0.02085021138191223,0.0372847355902195,0.3448845148086548,0.042836178094148636,15000,450000,19200,484200
2,14,X13,4.872220208342869,5.602327551692724,1.0550345182418823,1.0351288318634033,0.9882386922836304,1.0269519090652466,0.9278572797775269,0.02165239118039608,0.020771561190485954,0.021811041980981827,0.025571396574378014,0.02578081004321575,0.023420797660946846,0.02282647043466568,0.023455416783690453,0.021039456129074097,0.024044957011938095,0.02326185628771782,0.02434917911887169,0.022231783717870712,0.023683566600084305,0.022313904017210007,0.02270645834505558,0.02068311907351017,0.023405175656080246,0.02171509899199009,0.023173149675130844,0.023255083709955215,0.022502103820443153,0.0212445929646492,0.023165766149759293,0.021051183342933655,3.635301017761231,1.0550345182418823,1.0351288318634033,0.9882386922836304,1.0269519090652466,0.9278572797775269,0.025830263271927834,0.029507683590054512,0.026563823223114014,0.025268200784921646,0.023834915831685066,0.10605821758508682,0.03056340292096138,0.03237730264663696,0.08855831623077393,0.1837363988161087,0.05110565200448036,0.022529704496264458,0.023791350424289703,0.48458757996559143,0.028089135885238647,0.33962365984916687,0.07175236195325851,0.12033338844776154,0.1964992731809616,0.15422949194908142,0.10802190005779266,0.0216190367937088,0.03809667006134987,0.35744547843933105,0.03863556310534477,15000,450000,19200,484200
2,15,X22,0.5605817807611935,5.603765815496445,1.0549455881118774,1.0363304615020752,0.9889052510261536,1.0270917415618896,0.9278408885002136,0.02163502387702465,0.02071996219456196,0.021854866296052933,0.02549808844923973,0.025821100920438766,0.023376837372779846,0.022708404809236526,0.023513315245509148,0.02099195122718811,0.02410377375781536,0.023275943472981453,0.02434561215341091,0.02213657833635807,0.023688118904829025,0.022441579028964043,0.02270958572626114,0.020654700696468353,0.023215733468532562,0.021695412695407867,0.023239128291606903,0.02327965572476387,0.02249945141375065,0.02121974714100361,0.02307390607893467,0.020953407511115074,3.7408516734838484,1.0549455881118774,1.0363304615020752,0.9889052510261536,1.0270917415618896,0.9278408885002136,0.025740977376699448,0.027680054306983948,0.025234585627913475,0.025586482137441635,0.024838577955961227,0.1123558059334755,0.028166132047772408,0.03558292239904404,0.081413134932518,0.1777224838733673,0.060001190751791,0.024501752108335495,0.025851184502243996,0.6080288290977478,0.02694535069167614,0.27983468770980835,0.08468340337276459,0.10246939957141876,0.1796926110982895,0.1868981420993805,0.12466366589069366,0.023770581930875778,0.03545168414711952,0.3721582591533661,0.03455698862671852,15000,450000,19200,484200
2,16,X6,-2.2459305665345672,5.603114886209369,1.054933786392212,1.0365461111068726,0.9883561134338379,1.0270522832870483,0.9278455972671509,0.02158021740615368,0.02071562595665455,0.02186541073024273,0.025464480742812157,0.025787346065044403,0.02331913262605667,0.022748472169041634,0.023539794608950615,0.021013395860791206,0.024074433371424675,0.02333259768784046,0.024328937754034996,0.022139571607112885,0.02372981607913971,0.022419137880206108,0.02271893247961998,0.020643027499318123,0.02322540059685707,0.02149227447807789,0.023218749091029167,0.023285698145627975,0.022544095292687416,0.021209217607975006,0.023055903613567352,0.020929325371980667,3.517466951534152,1.054933786392212,1.0365461111068726,0.9883561134338379,1.0270522832870483,0.9278455972671509,0.023853367194533348,0.027284223586320877,0.022634143009781837,0.024197330698370934,0.023825429379940033,0.0776427835226059,0.029154129326343536,0.037490908056497574,0.08594458550214767,0.13973857462406158,0.05938652157783508,0.026535091921687126,0.02865959331393242,0.5480234622955322,0.02648847922682762,0.24355608224868774,0.04438735172152519,0.11644038558006287,0.15431204438209534,0.16019685566425323,0.17357172071933746,0.020931964740157127,0.03731418028473854,0.3446943759918213,0.03425658866763115,15000,450000,19200,484200
2,17,X13,1.7874343787000768,5.604194022715092,1.0548404455184937,1.0370582342147827,0.9890965223312378,1.0270137786865234,0.9278420209884644,0.02154190093278885,0.02068362571299076,0.021846266463398933,0.02547794207930565,0.02580760233104229,0.023267479613423347,0.022716421633958817,0.023552492260932922,0.02103744074702263,0.024090507999062538,0.023368312045931816,0.024349361658096313,0.022125888615846634,0.023720523342490196,0.0224724393337965,0.02274457737803459,0.02064618468284607,0.023247860372066498,0.021444037556648254,0.02320108748972416,0.02327091246843338,0.022579094395041466,0.0212168637663126,0.023037228733301163,0.020896969363093376,3.6510881893336773,1.0548404455184937,1.0370582342147827,0.9890965223312378,1.0270137786865234,0.9278420209884644,0.021683964878320694,0.024975618347525597,0.02522517926990986,0.025769539177417755,0.024260960519313812,0.07414209097623825,0.02965221367776394,0.03485171124339104,0.09418059140443802,0.11255630850791931,0.06399168819189072,0.025040099397301674,0.028034744784235954,0.6985201239585876,0.023727839812636375,0.2809777557849884,0.04819918051362038,0.10772886872291565,0.13131900131702423,0.1515600085258484,0.17870491743087769,0.02036578580737114,0.034746743738651276,0.3440152704715729,0.039687782526016235,15000,450000,19200,484200
2,18,X2,1.6596934939827426,5.603073660284281,1.0550148487091064,1.03709876537323,0.9885604381561279,1.0268468856811523,0.9278551340103149,0.021483317017555237,0.020582290366292,0.02180737629532814,0.02546939067542553,0.025793425738811493,0.02314556948840618,0.022638311609625816,0.023562997579574585,0.020938625559210777,0.024050891399383545,0.023243321105837822,0.024339692667126656,0.022093089297413826,0.023715727031230927,0.02259332872927189,0.022755874320864677,0.020624510943889618,0.023200316354632378,0.021424757316708565,0.023271000012755394,0.02335156500339508,0.022575002163648605,0.021182149648666382,0.022963792085647583,0.02089126594364643,3.648213851824403,1.0550148487091064,1.03709876537323,0.9885604381561279,1.0268468856811523,0.9278551340103149,0.023381253704428673,0.02535727433860302,0.024493390694260597,0.024453919380903244,0.02154734916985035,0.05742407590150833,0.030653025954961777,0.042653221637010574,0.09645409137010574,0.09118416905403137,0.062228064984083176,0.02220439910888672,0.026799187064170837,0.7520337700843811,0.029789406806230545,0.23890088498592377,0.044345755130052567,0.12309283763170242,0.0828833058476448,0.14976663887500763,0.19217614829540253,0.022279968485236168,0.037048254162073135,0.3134608268737793,0.1065274178981781,15000,450000,19200,484200
2,19,X22,2.6305647362968587,5.603834856301546,1.0550607442855835,1.0369036197662354,0.9890677332878113,1.0268380641937256,0.9278872013092041,0.02145901508629322,0.020525529980659485,0.02177504263818264,0.025484245270490646,0.025812391191720963,0.023116258904337883,0.022619910538196564,0.023554282262921333,0.02093527838587761,0.02404632233083248,0.023226603865623474,0.024296848103404045,0.02210651896893978,0.02371281199157238,0.022630274295806885,0.022776668891310692,0.02061476744711399,0.02335205487906933,0.021473033353686333,0.02329564280807972,0.02357211895287037,0.022604240104556084,0.021198377013206482,0.022989407181739807,0.020899849012494087,3.792324965074658,1.0550607442855835,1.0369036197662354,0.9890677332878113,1.0268380641937256,0.9278872013092041,0.02417762205004692,0.026702385395765305,0.020549163222312927,0.02418833039700985,0.023481503129005432,0.05866701900959015,0.02654751017689705,0.03576060011982918,0.09870589524507523,0.10572753846645355,0.0731034204363823,0.02236599661409855,0.02484002523124218,0.5893923044204712,0.030193418264389038,0.23958761990070343,0.04202673211693764,0.44202715158462524,0.08450382947921753,0.15641380846500397,0.10939718782901764,0.02089599519968033,0.034692876040935516,0.35939809679985046,0.11182746291160583,15000,450000,19200,484200
2,20,X7,1.1218428798498454,5.60553153604269,1.0548923015594482,1.0377317667007446,0.99005526304245,1.0269622802734375,0.9279266595840454,0.02143055945634842,0.02050895430147648,0.02175048738718033,0.02548506297171116,0.02585311233997345,0.023116763681173325,0.022581566125154495,0.023551996797323227,0.020951852202415466,0.024028046056628227,0.02327815443277359,0.024317391216754913,0.02210434153676033,0.023674042895436287,0.022701982408761978,0.0227546077221632,0.02059425227344036,0.0233107041567564,0.021473919972777367,0.023312849923968315,0.023550165817141533,0.02257738821208477,0.02120894007384777,0.022969940677285194,0.02087618224322796,3.735965319722891,1.0548923015594482,1.0377317667007446,0.99005526304245,1.0269622802734375,0.9279266595840454,0.022998051717877388,0.0253378264605999,0.02170180343091488,0.024871084839105606,0.020885344594717026,0.0658547505736351,0.0285054761916399,0.03726930916309357,0.08808758854866028,0.10677627474069595,0.0590127557516098,0.02336522378027439,0.023167820647358894,0.6385897397994995,0.02809358574450016,0.23006325960159302,0.045294906944036484,0.41171690821647644,0.07316797226667404,0.135430708527565,0.1176765114068985,0.025256630033254623,0.03566721826791763,0.32761135697364807,0.11204955726861954,15000,450000,19200,484200
2,21,X1,-0.38533883478818165,5.603722978383303,1.0548137426376343,1.0382972955703735,0.9884511828422546,1.026972770690918,0.9279046654701233,0.0214312095195055,0.020433682948350906,0.02172270603477955,0.025495612993836403,0.025821438059210777,0.023084959015250206,0.022528965026140213,0.023528698831796646,0.020877540111541748,0.02403588779270649,0.023315170779824257,0.024326801300048828,0.022138778120279312,0.023636024445295334,0.02270229160785675,0.02279626578092575,0.020625410601496696,0.023287855088710785,0.021452074870467186,0.02326449751853943,0.023494688794016838,0.02263016067445278,0.021249696612358093,0.02256416529417038,0.020838739350438118,3.489079172536731,1.0548137426376343,1.0382972955703735,0.9884511828422546,1.026972770690918,0.9279046654701233,0.021747536957263947,0.022776324301958084,0.023441733792424202,0.023496054112911224,0.024203747510910034,0.057192347943782806,0.026709793135523796,0.03817560151219368,0.09146223962306976,0.10197416692972183,0.06442297250032425,0.0229443721473217,0.027421634644269943,0.7382768392562866,0.024203570559620857,0.21121717989444733,0.037256818264722824,0.3258073031902313,0.06612145900726318,0.13681769371032715,0.12156666815280914,0.023870503529906273,0.023732097819447517,0.11648868024349213,0.11046390235424042,15000,450000,19200,484200
2,22,X27,2.343637348089217,5.6039929240942,1.0548803806304932,1.0378477573394775,0.9893134236335754,1.0268758535385132,0.9278987646102905,0.02142602577805519,0.02042200043797493,0.021727612242102623,0.025474239140748978,0.02580909989774227,0.023096946999430656,0.02254202775657177,0.023496974259614944,0.020846271887421608,0.02403734065592289,0.02327597886323929,0.02433968521654606,0.022141195833683014,0.023635121062397957,0.022725773975253105,0.022784478962421417,0.020624443888664246,0.023281840607523918,0.021442819386720657,0.023272190243005753,0.023497838526964188,0.022636327892541885,0.021279022097587585,0.02254379354417324,0.020817695185542107,3.6494994763284923,1.0548803806304932,1.0378477573394775,0.9893134236335754,1.0268758535385132,0.9278987646102905,0.02214968577027321,0.022739212960004807,0.022775381803512573,0.026585068553686142,0.02329913340508938,0.06945464015007019,0.02501492388546467,0.03674745559692383,0.08994957059621811,0.10769012570381165,0.0627431571483612,0.024367831647396088,0.024834871292114258,0.7955986261367798,0.02464156597852707,0.23347948491573334,0.03645912557840347,0.3260330557823181,0.0731782540678978,0.1292763501405716,0.12307412922382355,0.024409344419836998,0.02133335918188095,0.16863465309143066,0.12766723334789276,15000,450000,19200,484200
2,23,X7,4.343457595498165,5.603342678397894,1.054801344871521,1.0379886627197266,0.9886676073074341,1.0267890691757202,0.9279420375823975,0.021391896530985832,0.020421916618943214,0.021733762696385384,0.02544655092060566,0.025804976001381874,0.023080462589859962,0.022537536919116974,0.023470042273402214,0.020841704681515694,0.024070899933576584,0.02326856181025505,0.024360841140151024,0.022141294553875923,0.02365499548614025,0.022729650139808655,0.022814098745584488,0.020645810291171074,0.02327740006148815,0.02143668383359909,0.02328089252114296,0.023481911048293114,0.022642692551016808,0.021291863173246384,0.022524544969201088,0.020802967250347137,3.7450764670968058,1.054801344871521,1.0379886627197266,0.9886676073074341,1.0267890691757202,0.9279420375823975,0.021786564961075783,0.0245240218937397,0.02095608413219452,0.025347378104925156,0.02459830231964588,0.07030746340751648,0.0345851294696331,0.033015139400959015,0.09402347356081009,0.10966496169567108,0.06143493577837944,0.02599739283323288,0.02077234350144863,0.8328185677528381,0.02922215685248375,0.29664865136146545,0.03966763615608215,0.3268342614173889,0.05982311815023422,0.12986312806606293,0.11927905678749084,0.02109375037252903,0.02181648463010788,0.16381226480007172,0.12994645535945892,15000,450000,19200,484200
2,24,X26,1.0399487170110122,5.604142909869552,1.0548274517059326,1.0388628244400024,0.9883818626403809,1.0268957614898682,0.928113579750061,0.021328426897525787,0.02040249854326248,0.021744368597865105,0.025429939851164818,0.02574079856276512,0.023074258118867874,0.022518496960401535,0.023542769253253937,0.02082744613289833,0.02404291182756424,0.02328437753021717,0.02434724196791649,0.0221845880150795,0.023641811683773994,0.022772036492824554,0.02285442315042019,0.020627079531550407,0.023269085213541985,0.021486669778823853,0.023210622370243073,0.023483511060476303,0.022621488198637962,0.021297233179211617,0.022523516789078712,0.020805830135941505,3.987791984528303,1.0548274517059326,1.0388628244400024,0.9883818626403809,1.0268957614898682,0.928113579750061,0.023215193301439285,0.025907620787620544,0.02047501504421234,0.02432585507631302,0.022707559168338776,0.06511744111776352,0.026412229984998703,0.03571959212422371,0.08856993168592453,0.12266238033771515,0.06217656284570694,0.023296546190977097,0.024337641894817352,1.027886152267456,0.02597547322511673,0.34936395287513733,0.042364947497844696,0.30536219477653503,0.07015617936849594,0.13155712187290192,0.14286920428276062,0.02282649464905262,0.024105103686451912,0.14642760157585144,0.12655769288539886,15000,450000,19200,484200
3,0,X26,-2.8490981370620085,6.929342567920685,1.0575497150421143,1.0522414445877075,1.003278374671936,1.0378533601760864,0.9375526309013367,0.10268150269985199,0.16297166049480438,0.3876953721046448,0.03318748623132706,0.026951055973768234,0.024539373815059662,0.04720016196370125,0.07851580530405045,0.09848369657993317,0.053856320679187775,0.05068080872297287,0.04494455084204674,0.048084378242492676,0.02567889355123043,0.02518160454928875,0.07220259308815002,0.08720863610506058,0.15059036016464233,0.039539847522974014,0.03259347751736641,0.1397523730993271,0.03157195448875427,0.02223179116845131,0.024766771122813225,0.029756566509604454,23.67340855523944,1.0575497150421143,1.0522414445877075,1.003278374671936,1.0378533601760864,0.9375526309013367,0.5608386397361755,1.0542677640914917,1.9133893251419067,0.14182895421981812,0.035475898534059525,0.04320360720157623,0.2675345242023468,0.18123941123485565,2.757587194442749,1.4827799797058105,0.8503967523574829,0.36607062816619873,0.25754091143608093,0.6042149066925049,0.18250255286693573,2.755326747894287,1.2582513093948364,3.6377992630004883,0.9687055349349976,0.5619828104972839,1.7258950471878052,0.11694250255823135,0.25226300954818726,0.3508196473121643,0.32885652780532837,15000,450000,19200,484200
3,1,X27,2.0769866202544964,5.969331573694944,1.055070161819458,1.0386806726455688,0.9943903684616089,1.0483355522155762,0.9486271142959595,0.03306949511170387,0.028150368481874466,0.16162356734275818,0.02886463887989521,0.02652040123939514,0.02783466875553131,0.023940132930874825,0.03790479898452759,0.055550817400217056,0.034547653049230576,0.032757554203271866,0.032171595841646194,0.026795342564582825,0.02390945889055729,0.024101756513118744,0.03479903191328049,0.02947521209716797,0.042542967945337296,0.02623990923166275,0.025013376027345657,0.026855839416384697,0.030984949320554733,0.02189282700419426,0.022450201213359833,0.02623113989830017,10.632720456272363,1.055070161819458,1.0386806726455688,0.9943903684616089,1.0483355522155762,0.9486271142959595,0.1008024588227272,0.17387185990810394,0.7086783647537231,0.07468850165605545,0.02945037931203842,0.21444620192050934,0.05478696897625923,0.2115563601255417,1.5733000040054321,0.5305635929107666,0.4172966778278351,0.2654169201850891,0.06652680039405823,0.48225775361061096,0.19499614834785461,0.8836278915405273,0.5025253891944885,1.2578933238983154,0.4932802617549896,0.38451510667800903,0.21725842356681824,0.2747403085231781,0.07420507818460464,0.11596561968326569,0.3130492866039276,15000,450000,19200,484200
3,2,X1,-0.8071219744373384,5.758057547733188,1.0547760725021362,1.0374572277069092,0.9881951808929443,1.0391923189163208,0.9592531323432922,0.02350546047091484,0.025273216888308525,0.058828048408031464,0.028170090168714523,0.026353998109698296,0.023981880396604538,0.023847978562116623,0.031791362911462784,0.030815400183200836,0.029449081048369408,0.02933581732213497,0.028990667313337326,0.023895980790257454,0.024027695879340172,0.02330508455634117,0.02809051051735878,0.025785531848669052,0.029946478083729744,0.023170674219727516,0.024214772507548332,0.023689378052949905,0.024740975350141525,0.021782558411359787,0.022440772503614426,0.023750200867652893,7.364108869805932,1.0547760725021362,1.0374572277069092,0.9881951808929443,1.0391923189163208,0.9592531323432922,0.049382083117961884,0.1517622321844101,0.28752458095550537,0.09789016097784042,0.026649868115782738,0.025794822722673416,0.057598892599344254,0.15810488164424896,0.9089863300323486,0.25683343410491943,0.3608032166957855,0.1961766481399536,0.0557052306830883,0.5734019875526428,0.07257019728422165,0.55306077003479,0.28051120042800903,0.9705047607421875,0.30366870760917664,0.377682626247406,0.08375207334756851,0.0952347069978714,0.049231499433517456,0.12075518071651459,0.2347479909658432,15000,450000,19200,484200
3,3,X19,-2.932483037080502,5.654085515066981,1.0555771589279175,1.0386743545532227,0.9855542778968811,1.02695894241333,0.9472897052764893,0.022603053599596024,0.02292163483798504,0.023527035489678383,0.0271245576441288,0.026385793462395668,0.023456817492842674,0.02283005230128765,0.027398720383644104,0.023332225158810616,0.02638065069913864,0.026110315695405006,0.027688803151249886,0.023111196234822273,0.023678448051214218,0.02281036414206028,0.024276869371533394,0.02340431697666645,0.02429153583943844,0.0216679610311985,0.023643478751182556,0.023434001952409744,0.02363051287829876,0.02169337123632431,0.022459182888269424,0.0221701767295599,5.49869980700314,1.0555771589279175,1.0386743545532227,0.9855542778968811,1.02695894241333,0.9472897052764893,0.04148811101913452,0.0731547400355339,0.021998291835188866,0.062005750834941864,0.025313489139080048,0.023336559534072876,0.038927044719457626,0.05107508599758148,0.9962453246116638,0.11863085627555847,0.1868245154619217,0.13540557026863098,0.04945945739746094,0.31438469886779785,0.0398896262049675,0.2919103801250458,0.2093583047389984,0.6633506417274475,0.1308165192604065,0.271631121635437,0.09418939054012299,0.05403647571802139,0.28698432445526123,0.07957782596349716,0.22789481282234192,15000,450000,19200,484200
3,4,X16,2.8290048886933583,5.636521028354764,1.0558234453201294,1.038116455078125,0.9862385392189026,1.0274534225463867,0.9399320483207703,0.02257566526532173,0.02271348424255848,0.022823866456747055,0.026783837005496025,0.026313040405511856,0.023422157391905785,0.0227007158100605,0.02529778704047203,0.022238457575440407,0.025403590872883797,0.02531694620847702,0.02630789205431938,0.02295781672000885,0.02368512749671936,0.022756559774279594,0.02332015335559845,0.02292540669441223,0.023743797093629837,0.021583082154393196,0.02356637269258499,0.023492863401770592,0.02362859435379505,0.021765321493148804,0.02248305082321167,0.021151531487703323,5.111120950430632,1.0558234453201294,1.038116455078125,0.9862385392189026,1.0274534225463867,0.9399320483207703,0.040169697254896164,0.07062689960002899,0.021554604172706604,0.06425125896930695,0.02520545944571495,0.02288764901459217,0.03590824827551842,0.036715950816869736,0.727933406829834,0.09767807275056839,0.1559208333492279,0.080683633685112,0.03986485302448273,0.30784106254577637,0.028152110055088997,0.2721569836139679,0.21769988536834717,0.6477985978126526,0.15384487807750702,0.27238404750823975,0.11018281430006027,0.0509045347571373,0.45671001076698303,0.06350307166576385,0.10102960467338562,15000,450000,19200,484200
3,5,X16,4.18070452160257,5.626559179276228,1.0557315349578857,1.0379377603530884,0.9853894114494324,1.0268266201019287,0.9372603297233582,0.02234574966132641,0.022494681179523468,0.022385848686099052,0.026427527889609337,0.026104558259248734,0.02338184043765068,0.022687546908855438,0.024593666195869446,0.021962258964776993,0.024991832673549652,0.02480653114616871,0.025445472449064255,0.022848691791296005,0.023566115647554398,0.022763855755329132,0.022918948903679848,0.02268328331410885,0.02360437996685505,0.021534333005547523,0.023524677380919456,0.023470325395464897,0.02348957024514675,0.02166682295501232,0.02251431718468666,0.02120068669319153,4.6130343966186045,1.0557315349578857,1.0379377603530884,0.9853894114494324,1.0268266201019287,0.9372603297233582,0.0371210053563118,0.056965719908475876,0.025921104475855827,0.05977921932935715,0.028328359127044678,0.023489950224757195,0.03347335755825043,0.03141747787594795,0.6613218188285828,0.0658048540353775,0.11124800145626068,0.043587904423475266,0.035585351288318634,0.28601112961769104,0.02368892729282379,0.17976780235767365,0.19660316407680511,0.7172467112541199,0.14122553169727325,0.2846802771091461,0.11297500133514404,0.049210984259843826,0.24021534621715546,0.0718110203742981,0.08692524582147598,15000,450000,19200,484200
3,6,X13,2.8166682655354833,5.618282414972782,1.057824969291687,1.0388712882995605,0.9851746559143066,1.0268070697784424,0.9337149858474731,0.022136492654681206,0.02237740345299244,0.021780461072921753,0.02569027990102768,0.02609746903181076,0.02334192767739296,0.02263198047876358,0.024180665612220764,0.021181462332606316,0.024523897096514702,0.02380348928272724,0.024506554007530212,0.02275932766497135,0.023297619074583054,0.0227249413728714,0.022554107010364532,0.022209836170077324,0.023433277383446693,0.021374693140387535,0.02344098687171936,0.023413488641381264,0.02336362563073635,0.02147608809173107,0.022451136261224747,0.021138235926628113,4.3584252901375296,1.057824969291687,1.0388712882995605,0.9851746559143066,1.0268070697784424,0.9337149858474731,0.034546852111816406,0.053804367780685425,0.022482622414827347,0.044052574783563614,0.0217600017786026,0.06648338586091995,0.06663841009140015,0.02975425496697426,0.46886974573135376,0.06596966087818146,0.06854987889528275,0.025568947196006775,0.03306623920798302,0.27341535687446594,0.026065737009048462,0.15474507212638855,0.20449163019657135,0.7223091721534729,0.06857167184352875,0.4948629140853882,0.1158667653799057,0.04672825708985329,0.07320043444633484,0.07056137174367905,0.09758137166500092,15000,450000,19200,484200
3,7,X12,4.215857011124042,5.619290014728904,1.0592595338821411,1.0399798154830933,0.9853541254997253,1.0267633199691772,0.933222234249115,0.02213299088180065,0.022247374057769775,0.021656759083271027,0.025543754920363426,0.025967976078391075,0.02327645942568779,0.02265540324151516,0.024105295538902283,0.02096080593764782,0.02457820624113083,0.02355123683810234,0.02451278269290924,0.022766845300793648,0.02327064983546734,0.02270767092704773,0.022424520924687386,0.022073855623602867,0.02345980890095234,0.02146616019308567,0.023533569648861885,0.023475496098399162,0.023407572880387306,0.02146417275071144,0.0224393792450428,0.021032238379120827,4.357359462976456,1.0592595338821411,1.0399798154830933,0.9853541254997253,1.0267633199691772,0.933222234249115,0.031363341957330704,0.04668457433581352,0.021708853542804718,0.040871087461709976,0.02113732136785984,0.04924308881163597,0.07283151149749756,0.02989029698073864,0.4671516716480255,0.07563389837741852,0.06338699162006378,0.022706257179379463,0.03126014396548271,0.19928699731826782,0.024421343579888344,0.15779192745685577,0.19775164127349854,0.6430597901344299,0.044687431305646896,0.7045344114303589,0.10975893586874008,0.04210008308291435,0.11698439717292786,0.06601902842521667,0.06817863136529922,15000,450000,19200,484200
3,8,X13,-3.960642955189906,5.6230744402855635,1.059679388999939,1.0403786897659302,0.9866083264350891,1.0268688201904297,0.9339280724525452,0.02207455225288868,0.022117480635643005,0.021582085639238358,0.025494880974292755,0.02591269463300705,0.02322082221508026,0.022679973393678665,0.02408822812139988,0.020839476957917213,0.024508053436875343,0.023463552817702293,0.02451847493648529,0.022821463644504547,0.023291613906621933,0.02270037680864334,0.022376399487257004,0.021979976445436478,0.025101380422711372,0.021434014663100243,0.023600028827786446,0.023470424115657806,0.02340123988687992,0.02145569585263729,0.022467397153377533,0.021010855212807655,4.357492014393211,1.059679388999939,1.0403786897659302,0.9866083264350891,1.0268688201904297,0.9339280724525452,0.030434265732765198,0.04672065004706383,0.026554081588983536,0.028560562059283257,0.024093754589557648,0.05345044285058975,0.06897436827421188,0.029949551448225975,0.39543282985687256,0.06485852599143982,0.05686864256858826,0.02714010700583458,0.030337467789649963,0.19656825065612793,0.026851214468479156,0.17959202826023102,0.16615544259548187,0.5657567381858826,0.042858533561229706,0.8963173031806946,0.10778971761465073,0.045608922839164734,0.13934831321239471,0.07287637144327164,0.024901269003748894,15000,450000,19200,484200
3,9,X9,-0.3996972283823883,5.61909643933177,1.0571199655532837,1.0406079292297363,0.9867137670516968,1.0273336172103882,0.9343680739402771,0.022108230739831924,0.02192826010286808,0.021461090072989464,0.025201307609677315,0.02579405903816223,0.023185988888144493,0.02284788340330124,0.02387402392923832,0.0208709929138422,0.024300716817378998,0.023282192647457123,0.024676742032170296,0.02283691242337227,0.023347994312644005,0.02278822846710682,0.022230420261621475,0.021838346496224403,0.023743119090795517,0.02149941958487034,0.02362770214676857,0.023332839831709862,0.02310212329030037,0.02144058607518673,0.02248925156891346,0.021144654601812363,4.327510220557452,1.0571199655532837,1.0406079292297363,0.9867137670516968,1.0273336172103882,0.9343680739402771,0.03829393908381462,0.04901086539030075,0.02333800494670868,0.03055562451481819,0.023055803030729294,0.03476078808307648,0.06066090613603592,0.03126106411218643,0.2275589257478714,0.05758392810821533,0.04737193137407303,0.026063518598675728,0.030988434329628944,0.21477773785591125,0.022601576521992683,0.10530198365449905,0.16033080220222473,0.36823517084121704,0.0458550788462162,1.181670069694519,0.10091062635183334,0.046836692839860916,0.2907966077327728,0.07743348181247711,0.023027988150715828,15000,450000,19200,484200
3,10,X5,-2.8476758755713636,5.618937026709318,1.0567213296890259,1.0414694547653198,0.986935555934906,1.0272316932678223,0.9342413544654846,0.022137828171253204,0.021815361455082893,0.02148495800793171,0.025253990665078163,0.02578425221145153,0.023152941837906837,0.022768549621105194,0.023806629702448845,0.020891541615128517,0.02425750344991684,0.023270318284630775,0.02457423508167267,0.022763146087527275,0.02339857444167137,0.022820541635155678,0.022233886644244194,0.021799331530928612,0.02357192151248455,0.021525511518120766,0.023651013150811195,0.023327302187681198,0.022964520379900932,0.021458931267261505,0.022516068071126938,0.021108780056238174,4.450037712603807,1.0567213296890259,1.0414694547653198,0.986935555934906,1.0272316932678223,0.9342413544654846,0.032182153314352036,0.05450739338994026,0.024754317477345467,0.02439705654978752,0.02395610883831978,0.03727743402123451,0.060608722269535065,0.03458213061094284,0.21364915370941162,0.05668193846940994,0.047091662883758545,0.02854117937386036,0.031888674944639206,0.19902102649211884,0.025158347561955452,0.120851069688797,0.16253921389579773,0.30939894914627075,0.04227292537689209,1.3144842386245728,0.0952085554599762,0.03705126792192459,0.3642204999923706,0.07540000230073929,0.024993812665343285,15000,450000,19200,484200
3,11,X18,-0.5827373337598063,5.618940431624651,1.0567234754562378,1.0414741039276123,0.9871280789375305,1.0272579193115234,0.9345524907112122,0.022261466830968857,0.021730028092861176,0.0214918814599514,0.025287387892603874,0.02578102983534336,0.02313009835779667,0.022695928812026978,0.023825976997613907,0.020772991701960564,0.024209607392549515,0.02322358638048172,0.024521298706531525,0.022755715996026993,0.02342050150036812,0.022767862305045128,0.02223346382379532,0.021760540083050728,0.023472515866160393,0.021542653441429138,0.023560337722301483,0.02332637645304203,0.022873828187584877,0.021468568593263626,0.02258802205324173,0.021102694794535637,4.244613693654538,1.0567234754562378,1.0414741039276123,0.9871280789375305,1.0272579193115234,0.9345524907112122,0.03371274843811989,0.0508044958114624,0.024705013260245323,0.026774337515234947,0.024418557062745094,0.026793580502271652,0.05286156013607979,0.03263929858803749,0.17974252998828888,0.05264227092266083,0.043293654918670654,0.025870686396956444,0.031102698296308517,0.21884682774543762,0.02612447366118431,0.10519558936357498,0.1654762625694275,0.3251383602619171,0.044633764773607254,1.098495364189148,0.08551795780658722,0.03433968499302864,0.4308423101902008,0.07226283848285675,0.02295161411166191,15000,450000,19200,484200
3,12,X29,2.5257722849789213,5.61472518928349,1.0571058988571167,1.0384693145751953,0.9858433604240417,1.0274635553359985,0.9352815747261047,0.022134240716695786,0.021642781794071198,0.021511876955628395,0.02521708607673645,0.02575332671403885,0.02312798611819744,0.022725651040673256,0.02377934381365776,0.02074054628610611,0.024147512391209602,0.02314314991235733,0.0244305320084095,0.022782906889915466,0.02346852794289589,0.022703617811203003,0.02227247878909111,0.021644167602062225,0.02337830327451229,0.021569984033703804,0.02338419295847416,0.023303838446736336,0.022707892581820488,0.02142227441072464,0.022522618994116783,0.021046647801995277,3.9883306633681057,1.0571058988571167,1.0384693145751953,0.9858433604240417,1.0274635553359985,0.9352815747261047,0.03474220260977745,0.04542894288897514,0.02366623654961586,0.027498984709382057,0.0208149254322052,0.035921357572078705,0.04773920774459839,0.031213345006108284,0.1582871377468109,0.047111980617046356,0.04111328721046448,0.024003054946660995,0.03307017683982849,0.21488894522190094,0.027728034183382988,0.09097541123628616,0.15992629528045654,0.25257542729377747,0.04405682161450386,0.7037825584411621,0.09020267426967621,0.039884548634290695,0.6635529398918152,0.09470414370298386,0.026609282940626144,15000,450000,19200,484200
3,13,X5,-3.8130870152936724,5.61295660585165,1.0565446615219116,1.0376280546188354,0.9859864711761475,1.0275698900222778,0.9352344274520874,0.022082025185227394,0.021591447293758392,0.02149217203259468,0.02517641708254814,0.02572164312005043,0.023143835365772247,0.02270505391061306,0.023592641577124596,0.02073991671204567,0.02412356622517109,0.02310504950582981,0.024381350725889206,0.02278306521475315,0.02346331812441349,0.022713540121912956,0.022295812144875526,0.021523872390389442,0.02334466204047203,0.021642174571752548,0.023351263254880905,0.023292575031518936,0.022742988541722298,0.021420596167445183,0.02253805845975876,0.02102605625987053,3.831039769947529,1.0565446615219116,1.0376280546188354,0.9859864711761475,1.0275698900222778,0.9352344274520874,0.03482968360185623,0.038484565913677216,0.02345586009323597,0.02863791398704052,0.02122673951089382,0.03343893587589264,0.05170758068561554,0.02870231680572033,0.16918303072452545,0.045669328421354294,0.0326322577893734,0.02615867741405964,0.034737564623355865,0.17103180289268494,0.028208144009113312,0.10535857081413269,0.140369713306427,0.22484324872493744,0.03419605270028114,0.6518343091011047,0.08155477792024612,0.02435966022312641,0.6317912936210632,0.1371152549982071,0.022919785231351852,15000,450000,19200,484200
3,14,X18,0.20017186806996,5.611798223108053,1.0561846494674683,1.037291169166565,0.9856649041175842,1.027717113494873,0.9353194832801819,0.02211087755858898,0.02150251343846321,0.021485980600118637,0.025129569694399834,0.025724520906805992,0.02314840815961361,0.0227094404399395,0.023469189181923866,0.020745335146784782,0.024159781634807587,0.0231167059391737,0.0243479385972023,0.022777246311306953,0.02347305603325367,0.022754622623324394,0.02233247086405754,0.021469635888934135,0.02332489751279354,0.021620554849505424,0.02332027442753315,0.023275693878531456,0.022693682461977005,0.02138853818178177,0.022540835663676262,0.020999133586883545,4.041521314904093,1.0561846494674683,1.037291169166565,0.9856649041175842,1.027717113494873,0.9353194832801819,0.03627848997712135,0.05125054344534874,0.02351406402885914,0.025516826659440994,0.023740774020552635,0.030716972425580025,0.045366086065769196,0.029314927756786346,0.17383819818496704,0.043208278715610504,0.04159296303987503,0.020890289917588234,0.03797801584005356,0.18515442311763763,0.025630412623286247,0.10538924485445023,0.1734766662120819,0.26437556743621826,0.030172694474458694,0.6447977423667908,0.08419975638389587,0.029220467433333397,0.6941608786582947,0.1904515027999878,0.02285006456077099,15000,450000,19200,484200
3,15,X9,3.1755810604962313,5.611503608524799,1.0564942359924316,1.038447618484497,0.9872866272926331,1.0282409191131592,0.9326843023300171,0.02194845862686634,0.02126641757786274,0.02148643136024475,0.025119077414274216,0.025749478489160538,0.0230601467192173,0.022763336077332497,0.023400302976369858,0.02078169211745262,0.024211788550019264,0.022890791296958923,0.024274617433547974,0.02276361547410488,0.023460613563656807,0.022811898961663246,0.022369395941495895,0.02134528011083603,0.023099903017282486,0.021512432023882866,0.023276429623365402,0.023294668644666672,0.022586291655898094,0.021361351013183594,0.022578328847885132,0.020937157794833183,3.741140841692686,1.0564942359924316,1.038447618484497,0.9872866272926331,1.0282409191131592,0.9326843023300171,0.030659839510917664,0.03650928661227226,0.023148607462644577,0.025208652019500732,0.022611597552895546,0.030792217701673508,0.052175965160131454,0.033424261957407,0.15877118706703186,0.054779551923274994,0.0220600888133049,0.025443609803915024,0.03300819173455238,0.17781373858451843,0.02335456572473049,0.11267661303281784,0.1549747884273529,0.1417555809020996,0.03678508102893829,0.3329743444919586,0.08254041522741318,0.02535640075802803,0.8093710541725159,0.2644244432449341,0.02189001813530922,15000,450000,19200,484200
3,16,X17,2.2049984799431375,5.610688565298915,1.0573108196258545,1.0382722616195679,0.9864668846130371,1.028274416923523,0.9324486255645752,0.02188614010810852,0.021215423941612244,0.02149181440472603,0.025142284110188484,0.025737272575497627,0.023021869361400604,0.022781819105148315,0.023390203714370728,0.020781327039003372,0.024222610518336296,0.022925153374671936,0.024267418310046196,0.02274850569665432,0.023459559306502342,0.022806769236922264,0.022346779704093933,0.021314794197678566,0.02299041673541069,0.021470047533512115,0.02320116199553013,0.023288235068321228,0.022626196965575218,0.02137730084359646,0.022520046681165695,0.02090240642428398,3.4329342894256114,1.0573108196258545,1.0382722616195679,0.9864668846130371,1.028274416923523,0.9324486255645752,0.03285772353410721,0.04258549213409424,0.0260618943721056,0.024273822084069252,0.023235153406858444,0.02998470701277256,0.05886053293943405,0.031628839671611786,0.14795516431331635,0.04984160512685776,0.02321932092308998,0.021592391654849052,0.03557820990681648,0.20466333627700806,0.02351364865899086,0.1199072077870369,0.16116073727607727,0.10322067886590958,0.03885836526751518,0.14659138023853302,0.07891563326120377,0.024202890694141388,0.7423639297485352,0.20911499857902527,0.024192024022340775,15000,450000,19200,484200
3,17,X13,-0.22849538058629904,5.610744321718812,1.0574595928192139,1.038619041442871,0.9868878126144409,1.0279383659362793,0.9320284128189087,0.021839547902345657,0.021146899089217186,0.02148579992353916,0.02512759156525135,0.025730719789862633,0.023039760068058968,0.02278984896838665,0.02339349314570427,0.02076510339975357,0.024212239310145378,0.022915450856089592,0.024296114221215248,0.022746050730347633,0.023471906781196594,0.022816896438598633,0.022351998835802078,0.02128663845360279,0.02301614172756672,0.021467652171850204,0.023232169449329376,0.023281635716557503,0.022630685940384865,0.021367279812693596,0.0225046519190073,0.020894819870591164,3.44099466688931,1.0574595928192139,1.038619041442871,0.9868878126144409,1.0279383659362793,0.9320284128189087,0.029587332159280777,0.03904467076063156,0.02575688436627388,0.025496099144220352,0.023415012285113335,0.028962958604097366,0.06119004264473915,0.029872143641114235,0.12964461743831635,0.049977000802755356,0.023038405925035477,0.021760761737823486,0.033647213131189346,0.18519605696201324,0.02242801897227764,0.15764282643795013,0.1465425044298172,0.08423367142677307,0.03595106676220894,0.12527205049991608,0.08480414748191833,0.025809379294514656,0.7541130185127258,0.26623085141181946,0.022791286930441856,15000,450000,19200,484200
3,18,X1,0.03865595963302848,5.609079254791141,1.056740403175354,1.039001226425171,0.9870831370353699,1.0280007123947144,0.9311708211898804,0.021739505231380463,0.02097770757973194,0.021467143669724464,0.02506675198674202,0.0257323756814003,0.023040179163217545,0.022654112428426743,0.02334035560488701,0.020760929211974144,0.024170778691768646,0.022932151332497597,0.024356521666049957,0.022727910429239273,0.02341197431087494,0.022811319679021835,0.022292010486125946,0.021200180053710938,0.023092111572623253,0.02149498090147972,0.02324543707072735,0.023257724940776825,0.022622695192694664,0.021322518587112427,0.022511858493089676,0.020853720605373383,3.4180438786745073,1.056740403175354,1.039001226425171,0.9870831370353699,1.0280007123947144,0.9311708211898804,0.027563802897930145,0.03894094377756119,0.02267410047352314,0.022314848378300667,0.021922489628195763,0.024352047592401505,0.0525740422308445,0.030516469851136208,0.12516041100025177,0.05092981830239296,0.024249862879514694,0.024503245949745178,0.03235851973295212,0.18312466144561768,0.024086682125926018,0.16254645586013794,0.15312157571315765,0.08950924873352051,0.03987366706132889,0.10536573827266693,0.08625361323356628,0.029571395367383957,0.6351238489151001,0.380150705575943,0.022856423631310463,15000,450000,19200,484200
3,19,X4,-4.058253796255725,5.607341194525361,1.0562565326690674,1.0388060808181763,0.9873967170715332,1.0280057191848755,0.9301992654800415,0.02176317200064659,0.020878728479146957,0.021467914804816246,0.02509319968521595,0.025721542537212372,0.02303856424987316,0.022620784118771553,0.02331431582570076,0.020821917802095413,0.024131689220666885,0.02292136661708355,0.02435893565416336,0.022720202803611755,0.023477889597415924,0.02278805896639824,0.02229449898004532,0.0208634901791811,0.023045098409056664,0.0214717797935009,0.023256905376911163,0.0233120359480381,0.022626949474215508,0.021294275298714638,0.022518856450915337,0.020874707028269768,2.5270202822983263,1.0562565326690674,1.0388060808181763,0.9873967170715332,1.0280057191848755,0.9301992654800415,0.028853876516222954,0.037725452333688736,0.024935266003012657,0.022431427612900734,0.02361842431128025,0.02925950288772583,0.05725923925638199,0.02821408584713936,0.08270986378192902,0.040004242211580276,0.02444383315742016,0.02182876318693161,0.03262726962566376,0.20059378445148468,0.02622903324663639,0.15128497779369354,0.0852174311876297,0.08676061779260635,0.039423439651727676,0.10358008742332458,0.07704360038042068,0.025410959497094154,0.11684255301952362,0.1313399225473404,0.021249765530228615,15000,450000,19200,484200
3,20,X16,1.0674732089182584,5.607171639800072,1.0563369989395142,1.0385798215866089,0.9875534772872925,1.027758002281189,0.9305380582809448,0.021724503487348557,0.02079806476831436,0.021467678248882294,0.02510940469801426,0.02571970224380493,0.02303672954440117,0.022616053000092506,0.023310253396630287,0.020825481042265892,0.024156155064702034,0.022925980389118195,0.024329673498868942,0.02268904075026512,0.023466460406780243,0.0227560643106699,0.022291425615549088,0.020847126841545105,0.023074235767126083,0.021439163014292717,0.023261794820427895,0.023305797949433327,0.022616485133767128,0.021267253905534744,0.022496018558740616,0.020874734967947006,2.4690063547343017,1.0563369989395142,1.0385798215866089,0.9875534772872925,1.027758002281189,0.9305380582809448,0.02681921236217022,0.032885774970054626,0.024076392874121666,0.02284107729792595,0.021705560386180878,0.02823728695511818,0.054192136973142624,0.025022100657224655,0.09758706390857697,0.037778422236442566,0.02536025270819664,0.024202661588788033,0.03296241909265518,0.17945726215839386,0.02721593901515007,0.16553106904029846,0.09688355773687363,0.09735321998596191,0.04155809059739113,0.09401312470436096,0.06730315834283829,0.026672188192605972,0.046281758695840836,0.1398063749074936,0.02510697767138481,15000,450000,19200,484200
3,21,X7,-0.7253347267175592,5.605688797309995,1.0555490255355835,1.0391778945922852,0.9875272512435913,1.0277963876724243,0.9294333457946777,0.021632570773363113,0.020714616402983665,0.021460680291056633,0.025133464485406876,0.025726692751049995,0.02303227223455906,0.02259053662419319,0.023311303928494453,0.020821666345000267,0.0242014080286026,0.022947009652853012,0.02425248734652996,0.022621816024184227,0.023481812328100204,0.02274811454117298,0.022302495315670967,0.020839480683207512,0.023096609860658646,0.021460819989442825,0.02323935180902481,0.02330557256937027,0.02264462597668171,0.021265650168061256,0.02248954586684704,0.020884288474917412,2.4946971107274294,1.0555490255355835,1.0391778945922852,0.9875272512435913,1.0277963876724243,0.9294333457946777,0.029663456603884697,0.03695927932858467,0.02385447733104229,0.024518335238099098,0.022892646491527557,0.025621550157666206,0.052533939480781555,0.02334563434123993,0.07438156753778458,0.036844559013843536,0.026422107592225075,0.023480873554944992,0.03143193945288658,0.17460009455680847,0.026023002341389656,0.18724633753299713,0.10887909680604935,0.10333771258592606,0.040294349193573,0.10785210877656937,0.06836742162704468,0.02679404430091381,0.04116851091384888,0.1480492353439331,0.022238049656152725,15000,450000,19200,484200
3,22,X13,0.7672742805265331,5.6064337361603975,1.0555155277252197,1.039701223373413,0.9872475266456604,1.0278369188308716,0.9299026131629944,0.02161412313580513,0.020652348175644875,0.021448081359267235,0.025174526497721672,0.025701675564050674,0.023031188175082207,0.0225802231580019,0.023326348513364792,0.020839540287852287,0.02422378957271576,0.022951504215598106,0.02427784353494644,0.022632474079728127,0.023508815094828606,0.022757213562726974,0.022294752299785614,0.02083844691514969,0.023111488670110703,0.021482622250914574,0.023234592750668526,0.02330314926803112,0.022618990391492844,0.021271485835313797,0.022489121183753014,0.020865581929683685,2.4696383088827134,1.0555155277252197,1.039701223373413,0.9872475266456604,1.0278369188308716,0.9299026131629944,0.026460399851202965,0.037410538643598557,0.02358694188296795,0.023557644337415695,0.021473024040460587,0.027975741773843765,0.06148248165845871,0.023911776021122932,0.09716136753559113,0.03878222778439522,0.024834919720888138,0.023537445813417435,0.03246874362230301,0.1468539834022522,0.02596248872578144,0.14319714903831482,0.10750282555818558,0.09481712430715561,0.04034930467605591,0.10469283163547516,0.0663580596446991,0.030759455636143684,0.050006620585918427,0.1644524335861206,0.024002017453312874,15000,450000,19200,484200
3,23,X27,2.9880986430178345,5.6070866491645575,1.055548071861267,1.0402014255523682,0.9871588349342346,1.0279163122177124,0.9299654364585876,0.021578172221779823,0.020593132823705673,0.0214405320584774,0.025186168029904366,0.025689225643873215,0.02302461303770542,0.02256818860769272,0.02335088700056076,0.020840836688876152,0.02423727884888649,0.022955860942602158,0.024306615814566612,0.022643044590950012,0.023535681888461113,0.02276875451207161,0.02232501655817032,0.020858794450759888,0.023122619837522507,0.021489841863512993,0.02323838882148266,0.023299984633922577,0.022624386474490166,0.02126496098935604,0.022487889975309372,0.02086569182574749,2.5686138488352297,1.055548071861267,1.0402014255523682,0.9871588349342346,1.0279163122177124,0.9299654364585876,0.026630518957972527,0.03855200111865997,0.022488342598080635,0.023778503760695457,0.019876619800925255,0.02666904591023922,0.05438728630542755,0.026342079043388367,0.08641877770423889,0.037384647876024246,0.027379561215639114,0.02122981660068035,0.03059159591794014,0.16738583147525787,0.022799789905548096,0.1903276890516281,0.1272130161523819,0.10212531685829163,0.03868446126580238,0.11015348136425018,0.06974083185195923,0.026236049830913544,0.045629411935806274,0.19368761777877808,0.024743538349866867,15000,450000,19200,484200
3,24,X25,-2.1703431724725633,5.609170326963067,1.0558133125305176,1.0401065349578857,0.9875630140304565,1.0278942584991455,0.9317240118980408,0.02145657315850258,0.020537933334708214,0.021428000181913376,0.02518288604915142,0.02568964846432209,0.023040875792503357,0.02255082130432129,0.023355156183242798,0.020842701196670532,0.02424347959458828,0.022991815581917763,0.024279797449707985,0.022666826844215393,0.023514922708272934,0.022730911150574684,0.022319246083498,0.02087288908660412,0.023137599229812622,0.021441388875246048,0.023220526054501534,0.0233343206346035,0.02259513922035694,0.0212856438010931,0.022491376847028732,0.02085871621966362,2.4420860797166823,1.0558133125305176,1.0401065349578857,0.9875630140304565,1.0278942584991455,0.9317240118980408,0.025796348229050636,0.033423617482185364,0.02162295952439308,0.025606730952858925,0.023082653060555458,0.028391826897859573,0.05691317468881607,0.02295447699725628,0.08666704595088959,0.040870629251003265,0.025693319737911224,0.025002581998705864,0.02791123278439045,0.15874487161636353,0.02707798406481743,0.13611355423927307,0.12800252437591553,0.10208753496408463,0.03493364155292511,0.10810510069131851,0.06200245022773743,0.02353827841579914,0.023795954883098602,0.1607697308063507,0.02435762993991375,15000,450000,19200,484200
4,0,X2,1.2444326528521623,7.532544132322073,1.0552659034729004,1.0445493459701538,0.9958733320236206,1.0291516780853271,0.9293503165245056,0.1657439023256302,0.22577092051506042,0.17135407030582428,0.4023895859718323,0.05857113003730774,0.030726507306098938,0.09594330936670303,0.09820301830768585,0.03584912046790123,0.1500261276960373,0.17285436391830444,0.07537954300642014,0.045688942074775696,0.02697792835533619,0.06456747651100159,0.12342988699674606,0.11569894105195999,0.08907996118068695,0.09318247437477112,0.05926660820841789,0.024919738993048668,0.034430570900440216,0.030964581295847893,0.024489937350153923,0.0628449097275734,27.63881387338042,1.0552659034729004,1.0445493459701538,0.9958733320236206,1.0291516780853271,0.9293503165245056,0.8820866346359253,1.1438325643539429,1.2838959693908691,1.9779294729232788,0.2693214416503906,0.4416228234767914,0.8225208520889282,0.5933665633201599,0.8671652674674988,1.2185630798339844,1.8287115097045898,0.0563255213201046,0.3066455125808716,0.5563408136367798,0.684414803981781,2.946220874786377,2.136582374572754,1.607398271560669,2.165447950363159,2.1341397762298584,0.09304086863994598,0.2900264859199524,1.2479459047317505,0.1824621707201004,0.8919682502746582,15000,450000,19200,484200
4,1,X21,1.7769383445901754,5.9376902636140585,1.0616426467895508,1.068147897720337,1.0001106262207031,1.0284309387207031,0.9449819922447205,0.06288859993219376,0.030319636687636375,0.05625113472342491,0.061877116560935974,0.026919113472104073,0.025177419185638428,0.03064756467938423,0.04112832993268967,0.02070566639304161,0.03620124235749245,0.04234497249126434,0.027871623635292053,0.02470046654343605,0.025000104680657387,0.03209457919001579,0.037053585052490234,0.040533557534217834,0.030240455642342567,0.033856265246868134,0.03238138556480408,0.0237653236836195,0.02355610765516758,0.022336777299642563,0.02284456044435501,0.02368057332932949,10.724420320615172,1.0616426467895508,1.068147897720337,1.0001106262207031,1.0284309387207031,0.9449819922447205,0.3477081060409546,0.15951602160930634,0.3927996754646301,0.3037913143634796,0.03208719566464424,0.22668296098709106,0.1619572788476944,0.30489277839660645,0.1981959342956543,0.4044012427330017,0.4245799481868744,0.16241031885147095,0.09405399858951569,0.17228229343891144,0.3783021569252014,1.0977734327316284,0.9775205850601196,0.6321315169334412,0.9652809500694275,1.438675045967102,0.11232779920101166,0.029256397858262062,0.45447343587875366,0.050323761999607086,0.1823333501815796,15000,450000,19200,484200
4,2,X24,2.3133362105131106,5.776353720575571,1.0593916177749634,1.0547012090682983,0.9955920577049255,1.0379794836044312,0.9573923349380493,0.034115348011255264,0.02471603825688362,0.0414285846054554,0.03183269873261452,0.027012154459953308,0.023983018472790718,0.0260152705013752,0.031061073765158653,0.020967919379472733,0.029581794515252113,0.027533506974577904,0.02443479560315609,0.02446705847978592,0.02434682287275791,0.026080770418047905,0.024846617132425308,0.031437601894140244,0.027683662250638008,0.028244877234101295,0.02729603461921215,0.023251807317137718,0.02317029982805252,0.022573649883270264,0.023037999868392944,0.02217761240899563,7.564121165499091,1.0593916177749634,1.0547012090682983,0.9955920577049255,1.0379794836044312,0.9573923349380493,0.14308838546276093,0.09165588021278381,0.30320051312446594,0.0832187756896019,0.026324307546019554,0.15704557299613953,0.1107010617852211,0.1644895225763321,0.2614228129386902,0.36056214570999146,0.17094816267490387,0.04309835657477379,0.12896104156970978,0.04248305410146713,0.14213229715824127,0.4692860245704651,0.6365516781806946,0.5071580410003662,0.7016169428825378,0.995820164680481,0.12683512270450592,0.03161861374974251,0.6517049074172974,0.06581640988588333,0.12737002968788147,15000,450000,19200,484200
4,3,X23,-2.0082084359127017,5.640779344365001,1.0545721054077148,1.0342923402786255,0.9843576550483704,1.0330983400344849,0.9278658628463745,0.02268074080348015,0.022480875253677368,0.02808460406959057,0.027846187353134155,0.026083139702677727,0.023498326539993286,0.02398099936544895,0.026036588475108147,0.021243974566459656,0.026472868397831917,0.024731572717428207,0.024418924003839493,0.023902343586087227,0.023908382281661034,0.024084554985165596,0.023813892155885696,0.024793509393930435,0.025590522214770317,0.024926740676164627,0.024921145290136337,0.02345227636396885,0.023139581084251404,0.021679166704416275,0.022779498249292374,0.02204262651503086,6.06900600977242,1.0545721054077148,1.0342923402786255,0.9843576550483704,1.0330983400344849,0.9278658628463745,0.04475384205579758,0.07518930733203888,0.1670026183128357,0.05905086547136307,0.0245344340801239,0.12502214312553406,0.08822030574083328,0.08562149107456207,0.3303520679473877,0.21494904160499573,0.08452451974153519,0.024516360834240913,0.06066896766424179,0.07862896472215652,0.06156863272190094,0.45385003089904785,0.5110902786254883,0.3752761483192444,0.6058493256568909,0.5716785192489624,0.11046440154314041,0.03263867646455765,0.6225959658622742,0.1295395791530609,0.12458226084709167,15000,450000,19200,484200
4,4,X24,-1.3266897794111356,5.635074255988002,1.0545510053634644,1.0370134115219116,0.9837773442268372,1.0349587202072144,0.9289989471435547,0.021971499547362328,0.021832678467035294,0.025874916464090347,0.027236266061663628,0.02615697681903839,0.023491937667131424,0.02359522320330143,0.025454705581068993,0.02154148742556572,0.02592651918530464,0.02428133226931095,0.024381592869758606,0.02320876158773899,0.02369041182100773,0.023974081501364708,0.023738188669085503,0.023353954777121544,0.024886004626750946,0.024172035977244377,0.024335721507668495,0.023369623348116875,0.023058447986841202,0.021505462005734444,0.022720206528902054,0.022016791626811028,5.799991564825177,1.0545510053634644,1.0370134115219116,0.9837773442268372,1.0349587202072144,0.9289989471435547,0.03660154715180397,0.06351003050804138,0.14021024107933044,0.059464097023010254,0.027302810922265053,0.1264916956424713,0.0754726380109787,0.07673397660255432,0.34353283047676086,0.19497783482074738,0.06856003403663635,0.026404689997434616,0.0439983531832695,0.0989895686507225,0.04903309792280197,0.489938348531723,0.4632127285003662,0.3890928030014038,0.5309680104255676,0.5436756610870361,0.10950037837028503,0.02830752730369568,0.5790305733680725,0.11013767123222351,0.1169845312833786,15000,450000,19200,484200
4,5,X26,-1.7246074798821445,5.625317199155688,1.0546033382415771,1.0357609987258911,0.9843576550483704,1.0329174995422363,0.9279332160949707,0.02183212712407112,0.021239807829260826,0.024790029972791672,0.02669617347419262,0.02603118121623993,0.023444727063179016,0.02332180365920067,0.025118906050920486,0.02154303342103958,0.025662366300821304,0.02401263266801834,0.02427106350660324,0.02274938113987446,0.023590950295329094,0.023850208148360252,0.023690061643719673,0.022567301988601685,0.024575211107730865,0.0236615352332592,0.024294445291161537,0.023338481783866882,0.023197248578071594,0.02146076038479805,0.022850940003991127,0.021954113617539406,5.620684734359384,1.0546033382415771,1.0357609987258911,0.9843576550483704,1.0329174995422363,0.9279332160949707,0.03302114084362984,0.06024833396077156,0.11699826270341873,0.05261034518480301,0.021966565400362015,0.13822561502456665,0.054635703563690186,0.06966202706098557,0.41574200987815857,0.19381479918956757,0.052419621497392654,0.026230517774820328,0.03575483709573746,0.09059429913759232,0.045722730457782745,0.588398277759552,0.36892133951187134,0.32530391216278076,0.4910733699798584,0.5558335781097412,0.1077304482460022,0.0284739937633276,0.49385344982147217,0.12772426009178162,0.11861075460910797,15000,450000,19200,484200
4,6,X13,-2.980587231436329,5.621144650503993,1.0546315908432007,1.0377824306488037,0.9860860109329224,1.03346848487854,0.9278412461280823,0.021775320172309875,0.020875483751296997,0.023426612839102745,0.025916405022144318,0.025894224643707275,0.023274581879377365,0.02307342365384102,0.024421555921435356,0.02137468010187149,0.025361454114317894,0.023773832246661186,0.02449733018875122,0.022435612976551056,0.023433322086930275,0.023445865139365196,0.02376672625541687,0.021773947402834892,0.02412582002580166,0.02287718839943409,0.023751037195324898,0.023147065192461014,0.023025887086987495,0.02142622321844101,0.022580325603485107,0.02188096195459366,5.651178439706564,1.0546315908432007,1.0377824306488037,0.9860860109329224,1.03346848487854,0.9278412461280823,0.034926481544971466,0.049188993871212006,0.07951255142688751,0.05329733341932297,0.024333054199814796,0.10428846627473831,0.07538697868585587,0.06877186894416809,0.4062696397304535,0.15516547858715057,0.039266861975193024,0.028021084144711494,0.040388621389865875,0.12835946679115295,0.040426939725875854,0.528323769569397,0.3767482042312622,0.2930587828159332,0.7315338850021362,0.455928772687912,0.27678704261779785,0.024189485237002373,0.4800663888454437,0.03058568574488163,0.11839064955711365,15000,450000,19200,484200
4,7,X19,0.52735726432942,5.617634067311883,1.0546602010726929,1.0372202396392822,0.986129641532898,1.0334726572036743,0.9278998970985413,0.021739093586802483,0.020834393799304962,0.022978808730840683,0.025641631335020065,0.02584133669734001,0.023258812725543976,0.023092200979590416,0.024115843698382378,0.021246226504445076,0.02522984705865383,0.02364753931760788,0.024432159960269928,0.022393805906176567,0.023410184308886528,0.023447737097740173,0.023507574573159218,0.02156643196940422,0.02371678128838539,0.022802384570240974,0.02358507551252842,0.023048371076583862,0.023008329793810844,0.021418068557977676,0.022665176540613174,0.02162361517548561,5.769392768666148,1.0546602010726929,1.0372202396392822,0.986129641532898,1.0334726572036743,0.9278998970985413,0.03753402456641197,0.044366512447595596,0.06875614076852798,0.04620271176099777,0.02467178739607334,0.09949207305908203,0.07716037333011627,0.08337891101837158,0.35772520303726196,0.12498130649328232,0.030013801530003548,0.024363020434975624,0.038633935153484344,0.13661886751651764,0.03646278381347656,0.5817508697509766,0.3058995306491852,0.2997969388961792,0.850841224193573,0.41172948479652405,0.39184248447418213,0.021590467542409897,0.5237036347389221,0.03412948176264763,0.10987067222595215,15000,450000,19200,484200
4,8,X16,-1.7715798959356932,5.613897850736976,1.0545555353164673,1.0382827520370483,0.9858617186546326,1.0313360691070557,0.9279216527938843,0.021708834916353226,0.020737841725349426,0.022713420912623405,0.025447525084018707,0.025744225829839706,0.023239195346832275,0.023033296689391136,0.023941876366734505,0.02119610831141472,0.02509300783276558,0.023535508662462234,0.02444295771420002,0.022320274263620377,0.023405876010656357,0.023328818380832672,0.023406002670526505,0.0214563999325037,0.02353239431977272,0.022660445421934128,0.023563869297504425,0.023040231317281723,0.022909577935934067,0.021427568048238754,0.022618090733885765,0.021436775103211403,5.899899100884795,1.0545555353164673,1.0382827520370483,0.9858617186546326,1.0313360691070557,0.9279216527938843,0.03160731494426727,0.052159857004880905,0.06334134936332703,0.04454617202281952,0.024228807538747787,0.09015610069036484,0.06692605465650558,0.08332182466983795,0.40581202507019043,0.12857770919799805,0.02811906486749649,0.027371613308787346,0.04319508746266365,0.12215773016214371,0.038852840662002563,0.5157102942466736,0.3472045361995697,0.29587239027023315,1.0094232559204102,0.43018633127212524,0.4360378086566925,0.028400711715221405,0.44712164998054504,0.04156678542494774,0.09041023999452591,15000,450000,19200,484200
4,9,X30,2.553287480792851,5.607672449201345,1.0545508861541748,1.0380489826202393,0.9842846393585205,1.0294381380081177,0.9287353754043579,0.02161446027457714,0.020677531138062477,0.02214656211435795,0.025117825716733932,0.02566956728696823,0.02316890098154545,0.022994277998805046,0.023781875148415565,0.021152770146727562,0.024908583611249924,0.023376181721687317,0.024323921650648117,0.022225376218557358,0.023473499342799187,0.02315394952893257,0.023082496598362923,0.021164553239941597,0.023364240303635597,0.02258293889462948,0.023381348699331284,0.023239387199282646,0.02290896140038967,0.02134869061410427,0.022565534338355064,0.02119099348783493,5.221283552050591,1.0545508861541748,1.0380489826202393,0.9842846393585205,1.0294381380081177,0.9287353754043579,0.033830154687166214,0.047736119478940964,0.05700168013572693,0.03297434374690056,0.02542836219072342,0.08920939266681671,0.06596164405345917,0.08612716943025589,0.3586389124393463,0.09262178093194962,0.024157624691724777,0.023387886583805084,0.04033039137721062,0.1214921846985817,0.03383632376790047,0.3850232660770416,0.31299111247062683,0.2887508273124695,0.9225788712501526,0.3736770451068878,0.15050716698169708,0.026330694556236267,0.5044353604316711,0.039339564740657806,0.07790406793355942,15000,450000,19200,484200
4,10,X30,1.493074468649743,5.604924561455846,1.05458664894104,1.0373997688293457,0.9842634201049805,1.0291943550109863,0.9283052086830139,0.021624719724059105,0.020573236048221588,0.02201959677040577,0.025003209710121155,0.025665121152997017,0.023123743012547493,0.023009469732642174,0.02377738244831562,0.02112356387078762,0.02478928305208683,0.023309428244829178,0.02430015243589878,0.0222176443785429,0.02350005879998207,0.022989558055996895,0.022919200360774994,0.02107572741806507,0.02321559004485607,0.022421659901738167,0.023352326825261116,0.023278210312128067,0.02284754253923893,0.02134770154953003,0.022571271285414696,0.02111976221203804,5.230701238662005,1.05458664894104,1.0373997688293457,0.9842634201049805,1.0291943550109863,0.9283052086830139,0.03292513266205788,0.036452267318964005,0.040656037628650665,0.035860370844602585,0.02410355769097805,0.07852339744567871,0.06272420287132263,0.0810314193367958,0.3274233341217041,0.09462922811508179,0.022294020280241966,0.026329178363084793,0.03999314084649086,0.1118578165769577,0.02931867726147175,0.3034486770629883,0.5759527087211609,0.2832064926624298,0.9394940137863159,0.37710025906562805,0.13244299590587616,0.023499222472310066,0.42467498779296875,0.05318855494260788,0.06682166457176208,15000,450000,19200,484200
4,11,X1,0.30488106571939433,5.603797823190689,1.0545812845230103,1.037538766860962,0.9837065935134888,1.0294057130813599,0.9281261563301086,0.02163724973797798,0.020586123690009117,0.021921880543231964,0.024964164942502975,0.025645092129707336,0.023089807480573654,0.023017337545752525,0.023732751607894897,0.021102862432599068,0.024726882576942444,0.023254375904798508,0.02429962530732155,0.022195536643266678,0.02347676269710064,0.022932976484298706,0.022797612473368645,0.021022699773311615,0.02312581054866314,0.02240581065416336,0.023310940712690353,0.02327135019004345,0.022951606661081314,0.0213575828820467,0.02257305383682251,0.021039411425590515,5.705330636724829,1.0545812845230103,1.037538766860962,0.9837065935134888,1.0294057130813599,0.9281261563301086,0.03243916109204292,0.03273748978972435,0.042531754821538925,0.03380705043673515,0.024864019826054573,0.07065849751234055,0.05637434497475624,0.09838414937257767,0.2932613492012024,0.08495216816663742,0.023698335513472557,0.025252804160118103,0.041315529495477676,0.10519655793905258,0.02699902094900608,0.3137749135494232,1.0637457370758057,0.28605133295059204,1.0084290504455566,0.34070199728012085,0.12430546432733536,0.022438310086727142,0.43478405475616455,0.05345538258552551,0.05850045755505562,15000,450000,19200,484200
4,12,X16,-0.2143925779805036,5.602584470063448,1.0547873973846436,1.0382771492004395,0.9836275577545166,1.0288491249084473,0.9282676577568054,0.021604042500257492,0.020576173439621925,0.02179298736155033,0.025019178166985512,0.025597136467695236,0.02307240664958954,0.022932766005396843,0.02364562265574932,0.021133484318852425,0.024730581790208817,0.023076746612787247,0.024268075823783875,0.022137869149446487,0.023456977680325508,0.022735875099897385,0.02275516651570797,0.02084396593272686,0.023071397095918655,0.022100694477558136,0.023282552137970924,0.023316537961363792,0.022771388292312622,0.02138793095946312,0.022506289184093475,0.02095973677933216,5.138190669193865,1.0547873973846436,1.0382771492004395,0.9836275577545166,1.0288491249084473,0.9282676577568054,0.03547869250178337,0.03389623388648033,0.031151974573731422,0.033443305641412735,0.02325364388525486,0.062124866992235184,0.060443803668022156,0.09378219395875931,0.278870165348053,0.07565603405237198,0.023005688562989235,0.02473466843366623,0.03838258236646652,0.11490657925605774,0.0236055888235569,0.31204381585121155,0.7678092122077942,0.339051753282547,0.7896254658699036,0.2831662893295288,0.14620612561702728,0.025135532021522522,0.425056517124176,0.0489439032971859,0.041654255241155624,15000,450000,19200,484200
4,13,X5,3.878750627290845,5.602202231064439,1.0549461841583252,1.0383368730545044,0.9836668968200684,1.0284790992736816,0.9282655119895935,0.021688830107450485,0.020564546808600426,0.021831436082720757,0.025025559589266777,0.025578845292329788,0.02304743602871895,0.02301100268959999,0.02362878806889057,0.021123670041561127,0.024753378704190254,0.023031873628497124,0.02429380640387535,0.022155199199914932,0.023448016494512558,0.022578055039048195,0.02276555262506008,0.020824043080210686,0.023075290024280548,0.021937817335128784,0.023248007521033287,0.023304346948862076,0.02279048226773739,0.02137375809252262,0.022505076602101326,0.020922847092151642,4.666259378939867,1.0549461841583252,1.0383368730545044,0.9836668968200684,1.0284790992736816,0.9282655119895935,0.02994902804493904,0.029514877125620842,0.03257279470562935,0.03358868509531021,0.02340536192059517,0.04740731790661812,0.04462681710720062,0.08223235607147217,0.3091903626918793,0.27242425084114075,0.022358881309628487,0.023170851171016693,0.038205426186323166,0.11908379197120667,0.022991830483078957,0.3551180958747864,0.3135874569416046,0.3159526288509369,0.5651161670684814,0.31538569927215576,0.13726772367954254,0.023984218016266823,0.4188232123851776,0.043409381061792374,0.040153250098228455,15000,450000,19200,484200
4,14,X7,4.194350611279946,5.602543706074357,1.0549248456954956,1.0388349294662476,0.9836615920066833,1.0283896923065186,0.92866051197052,0.02174185775220394,0.020569786429405212,0.021741066128015518,0.025028515607118607,0.025581518188118935,0.023031624034047127,0.02297075279057026,0.023616347461938858,0.021087806671857834,0.02475094608962536,0.023015344515442848,0.0243237167596817,0.022092606872320175,0.023424768820405006,0.022553369402885437,0.022666972130537033,0.020778851583600044,0.023105040192604065,0.02180466055870056,0.02323247119784355,0.023306867107748985,0.022862248122692108,0.02139212004840374,0.02250089682638645,0.020891979336738586,4.826140228286386,1.0549248456954956,1.0388349294662476,0.9836615920066833,1.0283896923065186,0.92866051197052,0.02851845882833004,0.033477671444416046,0.028515120968222618,0.030430901795625687,0.02615603245794773,0.045770131051540375,0.04321794584393501,0.09774681180715561,0.273826539516449,0.45932188630104065,0.021890252828598022,0.024861637502908707,0.03403470292687416,0.11678559333086014,0.02401028759777546,0.3689504563808441,0.3279150724411011,0.2900717258453369,0.5669069290161133,0.2814429998397827,0.13565930724143982,0.022705474868416786,0.4383552074432373,0.0598980151116848,0.03877675160765648,15000,450000,19200,484200
4,15,X15,-3.141351458004349,5.604133477434516,1.0557080507278442,1.0396435260772705,0.983963668346405,1.027298927307129,0.9296630024909973,0.021687528118491173,0.020458359271287918,0.021648244932293892,0.025003379210829735,0.025595443323254585,0.023018792271614075,0.022895634174346924,0.02363513596355915,0.021080991253256798,0.02466547302901745,0.02307392656803131,0.024321146309375763,0.022068766877055168,0.023543627932667732,0.022540759295225143,0.02274477668106556,0.02070549689233303,0.02323109097778797,0.02187502011656761,0.02323441207408905,0.02330242469906807,0.022731294855475426,0.02136070281267166,0.022575704380869865,0.020858170464634895,4.920586226508021,1.0557080507278442,1.0396435260772705,0.983963668346405,1.027298927307129,0.9296630024909973,0.026969250291585922,0.04404819756746292,0.026395123451948166,0.031774528324604034,0.022355828434228897,0.041682168841362,0.04255463182926178,0.10985928773880005,0.29661285877227783,0.632405161857605,0.02403678186237812,0.020100248977541924,0.029261643067002296,0.09069835394620895,0.02438758872449398,0.43223339319229126,0.3463132679462433,0.24657414853572845,0.47631126642227173,0.23939138650894165,0.15611205995082855,0.02350802905857563,0.4274975657463074,0.06379740685224533,0.038450613617897034,15000,450000,19200,484200
4,16,X22,-0.2709883150440806,5.604800907894969,1.0557247400283813,1.040070652961731,0.9839978218078613,1.027547836303711,0.929642915725708,0.021609529852867126,0.02044677920639515,0.021648267284035683,0.025004174560308456,0.025579703971743584,0.02300957404077053,0.02286926470696926,0.02367483079433441,0.021046239882707596,0.02460443042218685,0.02313009835779667,0.024358049035072327,0.022058742120862007,0.023591555655002594,0.022538399323821068,0.02273423783481121,0.020701061934232712,0.023246673867106438,0.021899651736021042,0.02323264628648758,0.023318558931350708,0.022713279351592064,0.021366028115153313,0.022591184824705124,0.020843978971242905,4.681441435962915,1.0557247400283813,1.040070652961731,0.9839978218078613,1.027547836303711,0.929642915725708,0.025040041655302048,0.042858462780714035,0.029577268287539482,0.028971467167139053,0.02454863302409649,0.03447467088699341,0.041962649673223495,0.125422403216362,0.24911729991436005,0.6388304233551025,0.02479739859700203,0.022238919511437416,0.03307260200381279,0.07844872772693634,0.025661781430244446,0.4078490138053894,0.3381491005420685,0.25348910689353943,0.38446611166000366,0.20292921364307404,0.14989405870437622,0.023268165066838264,0.38427427411079407,0.06884459406137466,0.03585825487971306,15000,450000,19200,484200
4,17,X26,2.350873412234157,5.605094980448484,1.0556821823120117,1.0404753684997559,0.9842519164085388,1.0274553298950195,0.9294857978820801,0.021581977605819702,0.02055419608950615,0.021645301952958107,0.024993620812892914,0.025578994303941727,0.023013705387711525,0.022831246256828308,0.023661144077777863,0.02106659486889839,0.024597181007266045,0.023163650184869766,0.02429010346531868,0.0220564566552639,0.02357565425336361,0.022520480677485466,0.022726869210600853,0.020663706585764885,0.0232247281819582,0.021888496354222298,0.023272834718227386,0.023322731256484985,0.022744987159967422,0.021362170577049255,0.022572306916117668,0.02083524689078331,4.827451880276203,1.0556821823120117,1.0404753684997559,0.9842519164085388,1.0274553298950195,0.9294857978820801,0.023227639496326447,0.052965790033340454,0.029243439435958862,0.028943167999386787,0.023136433213949203,0.03275587782263756,0.03685755282640457,0.1428803652524948,0.2210482507944107,0.6795907616615295,0.02069927006959915,0.02058236673474312,0.035560328513383865,0.08120404183864594,0.028969665989279747,0.3914850056171417,0.26102131605148315,0.3396654725074768,0.3935602903366089,0.23836059868335724,0.1755674183368683,0.024859199300408363,0.43659624457359314,0.0699666365981102,0.031234627589583397,15000,450000,19200,484200
4,18,X2,-2.293205258769385,5.604431159794331,1.0550419092178345,1.0417166948318481,0.9842907190322876,1.027012825012207,0.9289593696594238,0.021505970507860184,0.02041516825556755,0.021638359874486923,0.025046583265066147,0.025566603988409042,0.023044835776090622,0.0227512177079916,0.023608777672052383,0.020970378071069717,0.02457144856452942,0.023220477625727654,0.024406321346759796,0.022047892212867737,0.023611748591065407,0.022545821964740753,0.022719992324709892,0.02069171518087387,0.023210516199469566,0.0217591505497694,0.023241667076945305,0.02329752966761589,0.022733066231012344,0.021351894363760948,0.022607404738664627,0.02084510028362274,4.751603622362017,1.0550419092178345,1.0417166948318481,0.9842907190322876,1.027012825012207,0.9289593696594238,0.023761074990034103,0.05219775065779686,0.025020120665431023,0.025426648557186127,0.02398681826889515,0.02985026128590107,0.029734602198004723,0.14429165422916412,0.2194795310497284,0.6632420420646667,0.022466229274868965,0.023847462609410286,0.035736195743083954,0.08035013824701309,0.025310887023806572,0.452788770198822,0.31172728538513184,0.259924978017807,0.41618213057518005,0.23046959936618805,0.1801592856645584,0.02583925984799862,0.3097284138202667,0.10298991203308105,0.029688267037272453,15000,450000,19200,484200
4,19,X9,0.5314657451428175,5.604136733338237,1.0549691915512085,1.041891098022461,0.9842355251312256,1.026998519897461,0.9286667108535767,0.021485773846507072,0.020423095673322678,0.021625708788633347,0.025064149871468544,0.025575364008545876,0.02304476872086525,0.022715196013450623,0.023611651733517647,0.02095688320696354,0.024588966742157936,0.023201053962111473,0.024417567998170853,0.022054478526115417,0.023631976917386055,0.02251988649368286,0.022671910002827644,0.02069193124771118,0.023243464529514313,0.02179156430065632,0.02320687659084797,0.023325452581048012,0.022725753486156464,0.021362485364079475,0.022595707327127457,0.020844019949436188,4.729617936909198,1.0549691915512085,1.041891098022461,0.9842355251312256,1.026998519897461,0.9286667108535767,0.023014243692159653,0.04524482041597366,0.02771826460957527,0.025637803599238396,0.025604330003261566,0.02876349166035652,0.029363097622990608,0.1273864209651947,0.20181134343147278,0.6193895936012268,0.02268475480377674,0.021387767046689987,0.03307928889989853,0.08616960048675537,0.02677176520228386,0.47548145055770874,0.33276721835136414,0.23790249228477478,0.429564893245697,0.22924105823040009,0.19805379211902618,0.025537287816405296,0.3159797191619873,0.10126425325870514,0.032446976751089096,15000,450000,19200,484200
4,20,X12,-2.914374529528022,5.605023235082626,1.0548771619796753,1.0427334308624268,0.9844101667404175,1.0270942449569702,0.9286513328552246,0.021457301452755928,0.020481552928686142,0.021626776084303856,0.025096405297517776,0.02555866725742817,0.023044873028993607,0.022707751020789146,0.02361856773495674,0.020940730348229408,0.024592433124780655,0.023194067180156708,0.024386385455727577,0.022074267268180847,0.023611269891262054,0.022525670006871223,0.022649383172392845,0.02067597769200802,0.023247355595231056,0.021736251190304756,0.023186620324850082,0.02333071455359459,0.02272295579314232,0.021366490051150322,0.022586407139897346,0.020838024094700813,4.846243632212281,1.0548771619796753,1.0427334308624268,0.9844101667404175,1.0270942449569702,0.9286513328552246,0.025460615754127502,0.0463295616209507,0.02324530854821205,0.02436576783657074,0.02460930310189724,0.029193051159381866,0.029369954019784927,0.14220350980758667,0.2134900540113449,0.6350886225700378,0.024793541058897972,0.025460422039031982,0.03597404062747955,0.07634209841489792,0.025509316474199295,0.5534942150115967,0.31225332617759705,0.2782783508300781,0.3758341073989868,0.21215273439884186,0.21738791465759277,0.023938659578561783,0.3142271041870117,0.13920563459396362,0.030483150854706764,15000,450000,19200,484200
4,21,X12,4.818543337304833,5.606856685131788,1.0548533201217651,1.0446354150772095,0.9848209023475647,1.0271128416061401,0.9284670352935791,0.021470194682478905,0.02056269906461239,0.02160876803100109,0.025123227387666702,0.025552822276949883,0.023010073229670525,0.02268483303487301,0.02361823245882988,0.020902806892991066,0.024525310844182968,0.023178402334451675,0.02430514059960842,0.022068524733185768,0.02365218847990036,0.022559937089681625,0.02262210100889206,0.020705191418528557,0.02322453074157238,0.021643981337547302,0.023169880732893944,0.02334882877767086,0.022643916308879852,0.021372191607952118,0.02260558493435383,0.02080780267715454,4.5960234683007,1.0548533201217651,1.0446354150772095,0.9848209023475647,1.0271128416061401,0.9284670352935791,0.02457602322101593,0.03516706824302673,0.024175414815545082,0.028907593339681625,0.026034295558929443,0.030995795503258705,0.031389057636260986,0.10916454344987869,0.17371360957622528,0.792253851890564,0.02598203346133232,0.024727484211325645,0.03410324081778526,0.0722634568810463,0.02814568020403385,0.4767550528049469,0.3193674385547638,0.21849480271339417,0.1893046796321869,0.20958127081394196,0.2209334671497345,0.025679277256131172,0.3021632134914398,0.13127465546131134,0.032892558723688126,15000,450000,19200,484200
4,22,X17,-3.617232077429313,5.6062549110502005,1.054887056350708,1.0445879697799683,0.9844217896461487,1.0269628763198853,0.9285808205604553,0.021458731964230537,0.02059437520802021,0.021593594923615456,0.025162501260638237,0.025527670979499817,0.023003805428743362,0.022703221067786217,0.023599298670887947,0.020871227607131004,0.024512408301234245,0.02315547689795494,0.02429819479584694,0.022085484117269516,0.023624032735824585,0.02255549468100071,0.022594740614295006,0.020705826580524445,0.023275280371308327,0.02162056602537632,0.02317649871110916,0.02331852726638317,0.022620802745223045,0.021351134404540062,0.022606274113059044,0.02079922892153263,4.368345168977976,1.054887056350708,1.0445879697799683,0.9844217896461487,1.0269628763198853,0.9285808205604553,0.025769121944904327,0.0448940172791481,0.027554629370570183,0.02599833905696869,0.022517718374729156,0.02928662858903408,0.03320673480629921,0.1576029509305954,0.16103987395763397,0.6401820182800293,0.02199181541800499,0.0239403136074543,0.03243015334010124,0.06787636131048203,0.027143558487296104,0.4865534007549286,0.29969337582588196,0.2452435940504074,0.181940495967865,0.15489858388900757,0.2062026709318161,0.02672440931200981,0.3315228819847107,0.05536419153213501,0.030879227444529533,15000,450000,19200,484200
4,23,X30,-3.898978236143167,5.606626642867923,1.054923415184021,1.0451104640960693,0.9843841195106506,1.0268887281417847,0.9286255240440369,0.02144690789282322,0.020587295293807983,0.02158750221133232,0.02516328915953636,0.025531137362122536,0.023004189133644104,0.02270008996129036,0.023555777966976166,0.02084800973534584,0.02452012524008751,0.023150894790887833,0.02432284690439701,0.022090869024395943,0.023630399256944656,0.02255750447511673,0.022583691403269768,0.02069961652159691,0.023205768316984177,0.021618958562612534,0.023175712674856186,0.023301415145397186,0.022653650492429733,0.021356388926506042,0.022613808512687683,0.020788542926311493,4.447507779672742,1.054923415184021,1.0451104640960693,0.9843841195106506,1.0268887281417847,0.9286255240440369,0.025265658274292946,0.03743939846754074,0.02575468271970749,0.027360115200281143,0.025010662153363228,0.03235457092523575,0.031622909009456635,0.16525089740753174,0.17524607479572296,0.6741068959236145,0.023940589278936386,0.022051947191357613,0.03406568616628647,0.08300679177045822,0.025647055357694626,0.45839306712150574,0.34100595116615295,0.20089825987815857,0.19809114933013916,0.13650749623775482,0.2452075481414795,0.026176223531365395,0.34857094287872314,0.048790350556373596,0.027756405994296074,15000,450000,19200,484200
4,24,X20,2.6601016180653314,5.607010142877698,1.0549196004867554,1.046338677406311,0.9844586253166199,1.0268794298171997,0.9280773997306824,0.021411480382084846,0.020574791356921196,0.021581165492534637,0.02518356218934059,0.025529637932777405,0.02301582135260105,0.022651484236121178,0.023535681888461113,0.02082034759223461,0.024442171677947044,0.02315366454422474,0.02428400330245495,0.022090325132012367,0.023604845628142357,0.022548804059624672,0.02254728600382805,0.020733630284667015,0.023186875507235527,0.021654898300766945,0.023172106593847275,0.02324569970369339,0.02267502248287201,0.02133503556251526,0.022583646699786186,0.020774422213435173,4.103649152070284,1.0549196004867554,1.046338677406311,0.9844586253166199,1.0268794298171997,0.9280773997306824,0.02301897667348385,0.030956795439124107,0.025546040385961533,0.023741597309708595,0.023436306044459343,0.029487455263733864,0.03024020977318287,0.12836016714572906,0.16102130711078644,0.6341620683670044,0.024312596768140793,0.025495830923318863,0.031703174114227295,0.08334122598171234,0.03430957719683647,0.4307185411453247,0.25961410999298096,0.1928451806306839,0.16963191330432892,0.13226857781410217,0.217624232172966,0.02748015522956848,0.2877170443534851,0.043099720031023026,0.025381602346897125,15000,450000,19200,484200
5,0,X30,-1.243214603444506,7.0206379145383835,1.0583820343017578,1.0333176851272583,1.001682996749878,1.0267612934112549,0.9352935552597046,0.10671979188919067,0.2108282595872879,0.12727321684360504,0.3493572175502777,0.02677810750901699,0.02548268437385559,0.08543654531240463,0.028958654031157494,0.029173290356993675,0.1620856672525406,0.05178476870059967,0.03632066398859024,0.12874735891819,0.025472845882177353,0.03503307327628136,0.07412545382976532,0.11947484314441681,0.05811028927564621,0.034494899213314056,0.033895622938871384,0.023917503654956818,0.022899974137544632,0.030236469581723213,0.03728920593857765,0.10130394250154495,19.508463068306447,1.0583820343017578,1.0333176851272583,1.001682996749878,1.0267612934112549,0.9352935552597046,0.5492632389068604,1.2164419889450073,0.29905861616134644,1.359926462173462,0.03575558215379715,0.07145294547080994,0.7529545426368713,0.24783955514431,0.5332569479942322,2.374387741088867,0.23605100810527802,0.16006450355052948,0.8621559739112854,0.12804587185382843,0.29167065024375916,2.051938056945801,1.7606867551803589,1.5696269273757935,1.2291126251220703,0.9113515019416809,0.21446961164474487,0.33045047521591187,0.4671199917793274,0.5215210914611816,0.32277289032936096,15000,450000,19200,484200
5,1,X24,-0.11174805459915138,5.809401109814644,1.054654836654663,1.0357919931411743,0.9921970367431641,1.0267668962478638,0.9284469485282898,0.028656652197241783,0.04714279994368553,0.03340979292988777,0.08301326632499695,0.026758769527077675,0.024821683764457703,0.027218429371714592,0.025285732001066208,0.02158856764435768,0.06157732382416725,0.029347285628318787,0.024780629202723503,0.03754210099577904,0.023958222940564156,0.025441849604249,0.02797379344701767,0.027180969715118408,0.026074646040797234,0.02624516561627388,0.02601250447332859,0.02406620793044567,0.022707898169755936,0.021746518090367317,0.026410747319459915,0.02258184179663658,8.0595822237432,1.054654836654663,1.0357919931411743,0.9921970367431641,1.0267668962478638,0.9284469485282898,0.10776742547750473,0.18449462950229645,0.07814472913742065,0.2219923436641693,0.031294263899326324,0.05184539780020714,0.15162424743175507,0.11534160375595093,0.2583951950073242,1.1349835395812988,0.03996377810835838,0.034594226628541946,0.2107790857553482,0.16051267087459564,0.12352929264307022,0.5679035782814026,0.8322632908821106,0.4928821921348572,0.7493816614151001,0.5054811835289001,0.2076069414615631,0.2569345235824585,0.05930299311876297,0.32052454352378845,0.15446734428405762,15000,450000,19200,484200
5,2,X3,2.2268228028921317,5.671885261312127,1.058519721031189,1.0361436605453491,0.9894896149635315,1.035294771194458,0.9278385639190674,0.02282116375863552,0.02408839389681816,0.02527162805199623,0.032279979437589645,0.026344167068600655,0.02387724444270134,0.024326520040631294,0.024964934214949608,0.02184915356338024,0.0378711074590683,0.02677658572793007,0.02455246075987816,0.0241194199770689,0.023431260138750076,0.024348333477973938,0.02559279091656208,0.022729316726326942,0.02562602423131466,0.02623509243130684,0.02409055270254612,0.023835917934775352,0.022638320922851562,0.021932894363999367,0.02399294637143612,0.021002721041440964,6.838830465823412,1.058519721031189,1.0361436605453491,0.9894896149635315,1.035294771194458,0.9278385639190674,0.05864540860056877,0.04208188131451607,0.05531022325158119,0.07566282898187637,0.02855502814054489,0.05320170894265175,0.13926011323928833,0.09066396206617355,0.3899150788784027,0.8291631937026978,0.09800755232572556,0.03575475513935089,0.06390194594860077,0.3516424596309662,0.09460005909204483,0.38586023449897766,0.4390401244163513,0.5096036195755005,0.7893779277801514,0.2204933613538742,0.13087789714336395,0.227308988571167,0.05987769737839699,0.580947995185852,0.0796191543340683,15000,450000,19200,484200
5,3,X16,-3.1698959120713255,5.637599552050233,1.061486005783081,1.0340921878814697,0.9895600080490112,1.0320366621017456,0.9279940128326416,0.021973468363285065,0.022582560777664185,0.02248767763376236,0.02898060530424118,0.026784494519233704,0.023758666589856148,0.023470159620046616,0.024037597700953484,0.02110540121793747,0.026396969333291054,0.02520757168531418,0.02428695745766163,0.02273404225707054,0.02395135909318924,0.023898931220173836,0.024696344509720802,0.021620364859700203,0.024932853877544403,0.02383394166827202,0.023954056203365326,0.0233942661434412,0.022639088332653046,0.02142782136797905,0.023452045395970345,0.02082343026995659,5.938084993883967,1.061486005783081,1.0340921878814697,0.9895600080490112,1.0320366621017456,0.9279940128326416,0.04141579568386078,0.026204805821180344,0.03240561857819557,0.05034844949841499,0.025709055364131927,0.05245538428425789,0.09368784725666046,0.030029190704226494,0.445181280374527,0.30623000860214233,0.13209319114685059,0.03309524059295654,0.03429410606622696,0.5566971898078918,0.06392332166433334,0.3845280110836029,0.17384137213230133,0.7147518992424011,0.4668438136577606,0.14139960706233978,0.10844560712575912,0.1208001896739006,0.07861576974391937,0.7327473163604736,0.08330714702606201,15000,450000,19200,484200
5,4,X28,-3.8295000232663776,5.636575613170862,1.0646909475326538,1.037627935409546,0.9837962985038757,1.0347485542297363,0.9280613660812378,0.021869268268346786,0.0222676619887352,0.022465014830231667,0.028836188837885857,0.026699237525463104,0.0238351970911026,0.023239292204380035,0.02402959018945694,0.021103745326399803,0.025561699643731117,0.02442767657339573,0.024218006059527397,0.0225228238850832,0.023952800780534744,0.02344665117561817,0.024118758738040924,0.02156222052872181,0.024863723665475845,0.023181961849331856,0.02361590787768364,0.023466143757104874,0.02264426462352276,0.021404050290584564,0.023463871330022812,0.020854754373431206,6.24467008151114,1.0646909475326538,1.037627935409546,0.9837962985038757,1.0347485542297363,0.9280613660812378,0.039921872317790985,0.028372516855597496,0.03132576867938042,0.045683737844228745,0.02291169948875904,0.07041585445404053,0.08947603404521942,0.025857511907815933,0.40262719988822937,0.17886044085025787,0.07569515705108643,0.03307761251926422,0.02928062714636326,0.7189956903457642,0.05036132410168648,0.5868457555770874,0.1057610884308815,0.871953010559082,0.4601583182811737,0.18203233182430267,0.12238070368766785,0.12214035540819168,0.09271509200334549,0.7773336172103882,0.07070174068212509,15000,450000,19200,484200
5,5,X20,3.937541162973071,5.628591785207391,1.0613049268722534,1.038593053817749,0.9836921095848083,1.0309699773788452,0.9290959239006042,0.02149801515042782,0.022128604352474213,0.02262008935213089,0.02849505841732025,0.026695838198065758,0.023755542933940887,0.023055532947182655,0.023875253275036812,0.021072247996926308,0.025360573083162308,0.024154730141162872,0.024217484518885612,0.022507023066282272,0.02372743748128414,0.023448247462511063,0.02394968643784523,0.021539635956287384,0.024492112919688225,0.022775841876864433,0.023605842143297195,0.023529786616563797,0.022715765982866287,0.021400898694992065,0.023489899933338165,0.020824644714593887,5.794005435705185,1.0613049268722534,1.038593053817749,0.9836921095848083,1.0309699773788452,0.9290959239006042,0.03613907843828201,0.025625769048929214,0.025262653827667236,0.04660443961620331,0.027026940137147903,0.07670583575963974,0.08822386711835861,0.02624651789665222,0.19795525074005127,0.14061859250068665,0.06745966523885727,0.03294898569583893,0.036043498665094376,0.31509459018707275,0.05311981216073036,0.5944178104400635,0.09050996601581573,0.964529275894165,0.4297415614128113,0.2951919436454773,0.10250812768936157,0.09031876176595688,0.07431685924530029,0.8826526403427124,0.06601179391145706,15000,450000,19200,484200
5,6,X11,-2.3884389505731507,5.627412844449282,1.0581227540969849,1.0436336994171143,0.9844836592674255,1.0270190238952637,0.9341351389884949,0.021359387785196304,0.021051950752735138,0.02247869409620762,0.0276251882314682,0.026535892859101295,0.023647809401154518,0.02294442057609558,0.02407277747988701,0.02083095908164978,0.025216443464159966,0.02397949807345867,0.024246349930763245,0.022342117503285408,0.023665837943553925,0.023133685812354088,0.024000035598874092,0.021464355289936066,0.024065660312771797,0.021716484799981117,0.02346968650817871,0.02344110608100891,0.022693483158946037,0.0214221253991127,0.023562993854284286,0.021051624789834023,5.667351556196809,1.0581227540969849,1.0436336994171143,0.9844836592674255,1.0270190238952637,0.9341351389884949,0.03620176389813423,0.025123074650764465,0.024042552337050438,0.03285913169384003,0.023443691432476044,0.10569141060113907,0.11625321209430695,0.0220782570540905,0.17859667539596558,0.13396386802196503,0.05269495025277138,0.03687945008277893,0.03209930285811424,0.06961806118488312,0.04327412322163582,0.5949926972389221,0.07582148164510727,1.0452394485473633,0.29155096411705017,0.34438881278038025,0.07196755707263947,0.02441294491291046,0.05958625674247742,1.141831636428833,0.07526137679815292,15000,450000,19200,484200
5,7,X5,-0.08029589027210982,5.6311131455004215,1.0584648847579956,1.048308253288269,0.984487771987915,1.027184009552002,0.9344731569290161,0.021306520327925682,0.02086639031767845,0.022391589358448982,0.027264853939414024,0.026454860344529152,0.023586681112647057,0.02282475307583809,0.024159016087651253,0.020816320553421974,0.02508668415248394,0.023878006264567375,0.02416742406785488,0.022300466895103455,0.023597845807671547,0.023017745465040207,0.023936541751027107,0.021314041689038277,0.023904738947749138,0.021683044731616974,0.023472405970096588,0.023407386615872383,0.0226849764585495,0.021410763263702393,0.023650240153074265,0.021011771634221077,5.436289014667272,1.0584648847579956,1.048308253288269,0.984487771987915,1.027184009552002,0.9344731569290161,0.033925916999578476,0.02042948454618454,0.024508986622095108,0.03345002233982086,0.024687275290489197,0.13072672486305237,0.09555605053901672,0.023535335436463356,0.17674307525157928,0.13537119328975677,0.04732782766222954,0.034132882952690125,0.02979266084730625,0.050366006791591644,0.0498802550137043,0.5066351294517517,0.061160117387771606,0.980624258518219,0.25546687841415405,0.3505406379699707,0.0961795374751091,0.04310563951730728,0.05085670202970505,1.093436598777771,0.07726620137691498,15000,450000,19200,484200
5,8,X15,2.6495465010650623,5.6326674949377775,1.0592336654663086,1.0524852275848389,0.9840893149375916,1.0268363952636719,0.9328509569168091,0.0212803203612566,0.02082812413573265,0.022343285381793976,0.027028735727071762,0.026345018297433853,0.02366381324827671,0.022784993052482605,0.024116596207022667,0.020750319585204124,0.02499455027282238,0.0238352008163929,0.024129383265972137,0.02239474467933178,0.023591361939907074,0.022992508485913277,0.023861337453126907,0.021265819668769836,0.02376188337802887,0.02166554145514965,0.023423928767442703,0.023333456367254257,0.0226593017578125,0.02136913873255253,0.02372332289814949,0.02102924883365631,5.869975645840168,1.0592336654663086,1.0524852275848389,0.9840893149375916,1.0268363952636719,0.9328509569168091,0.028984788805246353,0.022163422778248787,0.024109695106744766,0.029649754986166954,0.025712527334690094,0.15156659483909607,0.11677049100399017,0.026834813877940178,0.18107673525810242,0.12905508279800415,0.04713970422744751,0.03382072597742081,0.03034127876162529,0.03607047349214554,0.05907006561756134,0.5329917073249817,0.07774651050567627,0.9619120955467224,0.30535703897476196,0.4146786630153656,0.026979712769389153,0.05705815181136131,0.0611715205013752,1.3897596597671509,0.0888553187251091,15000,450000,19200,484200
5,9,X26,-3.785818573345605,5.623209895566106,1.0597193241119385,1.0452347993850708,0.9867191314697266,1.0275630950927734,0.9284453988075256,0.021271435543894768,0.020477645099163055,0.022169945761561394,0.026594484224915504,0.026255937293171883,0.023525169119238853,0.02265637181699276,0.02401158958673477,0.020761219784617424,0.024912390857934952,0.023780260235071182,0.024234753102064133,0.02233119308948517,0.023542238399386406,0.02316209487617016,0.023765789344906807,0.021127307787537575,0.02361246757209301,0.021641526371240616,0.02350006066262722,0.02327052317559719,0.022685574367642403,0.021406646817922592,0.023711862042546272,0.021119659766554832,5.989423142373562,1.0597193241119385,1.0452347993850708,0.9867191314697266,1.0275630950927734,0.9284453988075256,0.03211976960301399,0.02646256610751152,0.022789528593420982,0.028680767863988876,0.024680009111762047,0.1668267399072647,0.13816489279270172,0.0223699901252985,0.13243012130260468,0.12978410720825195,0.046066634356975555,0.03501017019152641,0.03059874288737774,0.06402523070573807,0.05554170906543732,0.6301057934761047,0.09890040010213852,1.0509248971939087,0.2615494430065155,0.45620837807655334,0.02594485506415367,0.05739765241742134,0.05426384136080742,1.3116869926452637,0.07735355943441391,15000,450000,19200,484200
5,10,X14,-4.214380263155395,5.623907962813973,1.0599614381790161,1.0459332466125488,0.9864064455032349,1.027988076210022,0.9287996888160706,0.021251097321510315,0.020413417369127274,0.022045908495783806,0.026435572654008865,0.02617018111050129,0.023438604548573494,0.02261563017964363,0.023995833471417427,0.020769501104950905,0.02490803226828575,0.023709718137979507,0.024251138791441917,0.02232271060347557,0.023543842136859894,0.023174867033958435,0.02402849867939949,0.020867859944701195,0.023568548262119293,0.021629707887768745,0.023590171709656715,0.023195333778858185,0.02267805114388466,0.021420523524284363,0.023702450096607208,0.021091867238283157,5.788093121722341,1.0599614381790161,1.0459332466125488,0.9864064455032349,1.027988076210022,0.9287996888160706,0.028348395600914955,0.02556028962135315,0.021440239623188972,0.03034653514623642,0.02120324969291687,0.175114244222641,0.1436706781387329,0.02328370325267315,0.15410447120666504,0.10938432812690735,0.038330696523189545,0.02935614064335823,0.030036404728889465,0.08548104017972946,0.051692888140678406,0.4009462594985962,0.05999426543712616,0.9381357431411743,0.24624328315258026,0.5086923837661743,0.024348676204681396,0.0909227505326271,0.057334840297698975,1.42336905002594,0.06093478575348854,15000,450000,19200,484200
5,11,X7,3.800106423403136,5.620460439473391,1.0593109130859375,1.0450770854949951,0.9862587451934814,1.0275990962982178,0.9282128214836121,0.021256256848573685,0.02039354480803013,0.021999740973114967,0.026218436658382416,0.026134420186281204,0.023455146700143814,0.022604523226618767,0.02393733523786068,0.02074098214507103,0.0247770007699728,0.023636003956198692,0.024233313277363777,0.022232666611671448,0.023478997871279716,0.023247811943292618,0.02389514073729515,0.020898889750242233,0.023499224334955215,0.021621590480208397,0.02365584671497345,0.023174868896603584,0.02268502302467823,0.021413149312138557,0.023728113621473312,0.02108374983072281,5.98929293230176,1.0593109130859375,1.0450770854949951,0.9862587451934814,1.0275990962982178,0.9282128214836121,0.028233602643013,0.024760082364082336,0.02375330775976181,0.026936646550893784,0.024557914584875107,0.2140725553035736,0.13781990110874176,0.02204746939241886,0.13166293501853943,0.10373610258102417,0.04091040790081024,0.02952374704182148,0.02874290756881237,0.07687334716320038,0.05943447723984718,0.4123210608959198,0.04319014027714729,0.8840200901031494,0.2308296263217926,0.5949915051460266,0.022346170619130135,0.11797455698251724,0.05115837603807449,1.5822052955627441,0.06789897382259369,15000,450000,19200,484200
5,12,X30,-3.533765662150415,5.6141952853649855,1.0575298070907593,1.043540596961975,0.9847675561904907,1.0284618139266968,0.9278578758239746,0.02123694121837616,0.020338907837867737,0.0221464354544878,0.025966187939047813,0.02612118422985077,0.023235555738210678,0.022594718262553215,0.023847239091992378,0.020749961957335472,0.024726776406168938,0.023591985926032066,0.02422335371375084,0.022210706025362015,0.023542584851384163,0.02297723852097988,0.023699147626757622,0.020960306748747826,0.02330869622528553,0.021552572026848793,0.023685961961746216,0.023193441331386566,0.02262352593243122,0.021407827734947205,0.02300197444856167,0.02109440416097641,4.949986676126718,1.0575298070907593,1.043540596961975,0.9847675561904907,1.0284618139266968,0.9278578758239746,0.02465355023741722,0.022326648235321045,0.026012158021330833,0.024662116542458534,0.024405738338828087,0.15601220726966858,0.1540054976940155,0.02322467602789402,0.0750303640961647,0.08612693101167679,0.03214593231678009,0.02696273848414421,0.026523957028985023,0.10831920057535172,0.0479864627122879,0.3280007839202881,0.040040284395217896,0.5475800633430481,0.269451379776001,0.6673775911331177,0.022098584100604057,0.18564541637897491,0.05484597012400627,0.9016155004501343,0.06650139391422272,15000,450000,19200,484200
5,13,X9,-2.8672551431537165,5.6115217711776495,1.05708646774292,1.0425385236740112,0.9850468635559082,1.027888298034668,0.9278862476348877,0.021253187209367752,0.020395413041114807,0.022139104083180428,0.0258637648075819,0.02609531208872795,0.02317500300705433,0.022514721378684044,0.023855037987232208,0.020756352692842484,0.02468971721827984,0.02338942512869835,0.024210700765252113,0.022220972925424576,0.023537935689091682,0.0229521282017231,0.023648135364055634,0.020966224372386932,0.0232525784522295,0.021571191027760506,0.02336229383945465,0.023160727694630623,0.022599253803491592,0.021386081352829933,0.023024460300803185,0.02105564810335636,4.576752432063222,1.05708646774292,1.0425385236740112,0.9850468635559082,1.027888298034668,0.9278862476348877,0.02758956141769886,0.025007983669638634,0.025177618488669395,0.02242133393883705,0.024221716448664665,0.12462212890386581,0.13607290387153625,0.022329002618789673,0.0645681768655777,0.08058640360832214,0.023215526714920998,0.028093697503209114,0.02615274488925934,0.09159588068723679,0.042963337153196335,0.2958988547325134,0.03958958387374878,0.5072118639945984,0.2724294662475586,0.3784635066986084,0.025207912549376488,0.3035508394241333,0.05648888275027275,0.8518391251564026,0.07336509972810745,15000,450000,19200,484200
5,14,X27,2.940414788745727,5.611911231651902,1.056455135345459,1.0444873571395874,0.9844132661819458,1.0281583070755005,0.9278790354728699,0.021273961290717125,0.02045016549527645,0.022121822461485863,0.02579403668642044,0.026037072762846947,0.022918473929166794,0.02250421978533268,0.02385304681956768,0.020815493538975716,0.024706793949007988,0.023442665114998817,0.024136841297149658,0.022223297506570816,0.023533271625638008,0.022938542068004608,0.023531045764684677,0.02096814103424549,0.023195650428533554,0.021573083475232124,0.023421233519911766,0.02312997356057167,0.022589344531297684,0.021405186504125595,0.022995073348283768,0.02095969393849373,4.37271195538342,1.056455135345459,1.0444873571395874,0.9844132661819458,1.0281583070755005,0.9278790354728699,0.026847131550312042,0.021393591538071632,0.023523738607764244,0.02712322026491165,0.021950222551822662,0.07344590872526169,0.12566156685352325,0.022125989198684692,0.061331894248723984,0.0826735645532608,0.028630733489990234,0.02542530931532383,0.02868417091667652,0.07533888518810272,0.04369214549660683,0.28822922706604004,0.04213400557637215,0.4319399297237396,0.23798641562461853,0.30866968631744385,0.026647033169865608,0.3203478157520294,0.04983074218034744,0.8995427489280701,0.07125765830278397,15000,450000,19200,484200
5,15,X26,1.663934755522467,5.611906200647354,1.0561445951461792,1.0450327396392822,0.9851177930831909,1.0280503034591675,0.9279361367225647,0.02133196033537388,0.020348554477095604,0.02205953188240528,0.025618404150009155,0.025989122688770294,0.02288520149886608,0.02244415692985058,0.023809874430298805,0.020858298987150192,0.02468211203813553,0.023486057296395302,0.024180978536605835,0.022258462384343147,0.02354719489812851,0.0228537879884243,0.02340755984187126,0.020926419645547867,0.023169314488768578,0.021523818373680115,0.02341468818485737,0.023125626146793365,0.022596411406993866,0.021460101008415222,0.022744838148355484,0.020902156829833984,4.0522300187498335,1.0561445951461792,1.0450327396392822,0.9851177930831909,1.0280503034591675,0.9279361367225647,0.02586214616894722,0.02501259744167328,0.025243908166885376,0.028095338493585587,0.021756663918495178,0.047155462205410004,0.14332030713558197,0.02133120782673359,0.06327386945486069,0.085518479347229,0.02611977979540825,0.025301432237029076,0.030574768781661987,0.062435332685709,0.03626187890768051,0.23652014136314392,0.042198095470666885,0.33960768580436707,0.26176562905311584,0.24705642461776733,0.023200778290629387,0.39011451601982117,0.045340970158576965,0.7171429395675659,0.073563352227211,15000,450000,19200,484200
5,16,X30,-1.0689533726631364,5.610840039327741,1.0559494495391846,1.0447602272033691,0.9846475124359131,1.028139591217041,0.9279994368553162,0.021322425454854965,0.020313868299126625,0.02205202542245388,0.025601033121347427,0.025969665497541428,0.022902827709913254,0.022450346499681473,0.023827146738767624,0.020837659016251564,0.024684177711606026,0.023491498082876205,0.024173440411686897,0.022254161536693573,0.023568635806441307,0.022783175110816956,0.023336829617619514,0.020916232839226723,0.02313699759542942,0.021517593413591385,0.0233449824154377,0.023127108812332153,0.02258608676493168,0.02148602157831192,0.022766996175050735,0.020892886444926262,4.105036859214306,1.0559494495391846,1.0447602272033691,0.9846475124359131,1.028139591217041,0.9279994368553162,0.025485605001449585,0.024714047089219093,0.02226877026259899,0.023083636537194252,0.022907786071300507,0.03184003010392189,0.1170932874083519,0.022564370185136795,0.05928099900484085,0.08501920104026794,0.02613086625933647,0.022737441584467888,0.026363475248217583,0.06238554045557976,0.03617819398641586,0.26824751496315,0.03674871101975441,0.36435261368751526,0.2607896029949188,0.2571295201778412,0.021880099549889565,0.39793580770492554,0.045333195477724075,0.7621486186981201,0.07411868125200272,15000,450000,19200,484200
5,17,X25,-1.837971649683161,5.610989326611161,1.0559582710266113,1.0445963144302368,0.9849344491958618,1.028393268585205,0.927869975566864,0.021354682743549347,0.020314492285251617,0.0220370851457119,0.025540541857481003,0.025935320183634758,0.02292659319937229,0.02242243103682995,0.023837462067604065,0.020832030102610588,0.024665001779794693,0.023504454642534256,0.02417738176882267,0.022249970585107803,0.023561641573905945,0.022783314809203148,0.02330167219042778,0.02089848555624485,0.023116113618016243,0.02153930999338627,0.023355282843112946,0.023164914920926094,0.022573420777916908,0.0214857030659914,0.022764991968870163,0.020894749090075493,3.9321359056979417,1.0559582710266113,1.0445963144302368,0.9849344491958618,1.028393268585205,0.927869975566864,0.027555415406823158,0.024075625464320183,0.02290111780166626,0.02445365861058235,0.025013210251927376,0.03385002166032791,0.12491163611412048,0.021944183856248856,0.05829036608338356,0.0729876309633255,0.027731239795684814,0.02336534485220909,0.027336787432432175,0.0569237619638443,0.03272771090269089,0.2468588501214981,0.04641789197921753,0.2727956473827362,0.24753879010677338,0.20033565163612366,0.02504590153694153,0.494415819644928,0.0486275814473629,0.6632876396179199,0.07439396530389786,15000,450000,19200,484200
5,18,X26,0.77447694651008,5.612005565315485,1.0559427738189697,1.0450356006622314,0.9850233197212219,1.029464602470398,0.9278639554977417,0.021448582410812378,0.020284390076994896,0.02201850898563862,0.025461411103606224,0.0259389691054821,0.02287793904542923,0.02241935208439827,0.02382625825703144,0.020828574895858765,0.02463097684085369,0.023436767980456352,0.024179430678486824,0.02222200483083725,0.023588916286826134,0.02276734821498394,0.023167544975876808,0.02082064002752304,0.02309023030102253,0.021610088646411896,0.023180857300758362,0.023222729563713074,0.0226045660674572,0.02142484486103058,0.022764993831515312,0.020859386771917343,4.011930486932397,1.0559427738189697,1.0450356006622314,0.9850233197212219,1.029464602470398,0.9278639554977417,0.026887154206633568,0.022297188639640808,0.02361174114048481,0.02663126215338707,0.02496572583913803,0.03673708811402321,0.12110953778028488,0.02102210931479931,0.07560016959905624,0.08124371618032455,0.02427666261792183,0.02349371649324894,0.02728855237364769,0.03627987578511238,0.03622695058584213,0.22550949454307556,0.0482623353600502,0.30081844329833984,0.25886476039886475,0.17529037594795227,0.02187013439834118,0.5614745616912842,0.0576692596077919,0.6711055636405945,0.07472805678844452,15000,450000,19200,484200
5,19,X21,4.518785014515101,5.611853830516338,1.0559718608856201,1.0451351404190063,0.9854426980018616,1.0289709568023682,0.9278750419616699,0.02145294100046158,0.02029559388756752,0.02197858691215515,0.025475837290287018,0.02593797631561756,0.02287023700773716,0.02241157926619053,0.023818358778953552,0.020826635882258415,0.024607298895716667,0.023412639275193214,0.024156061932444572,0.02222934179008007,0.02362779527902603,0.022730864584445953,0.023123709484934807,0.02082604169845581,0.023080049082636833,0.021590126678347588,0.023136645555496216,0.02322937734425068,0.02261287532746792,0.02140200324356556,0.022759435698390007,0.020866120234131813,3.9271762326359747,1.0559718608856201,1.0451351404190063,0.9854426980018616,1.0289709568023682,0.9278750419616699,0.029750999063253403,0.022926483303308487,0.02018558792769909,0.02603858895599842,0.024278923869132996,0.03296228125691414,0.11812680214643478,0.021752845495939255,0.11478275060653687,0.07772503048181534,0.02668055333197117,0.02275831624865532,0.026879025623202324,0.028074659407138824,0.03716820105910301,0.24813708662986755,0.056066181510686874,0.2868754267692566,0.23132175207138062,0.14589551091194153,0.021116051822900772,0.47537657618522644,0.057740092277526855,0.688379168510437,0.07749819755554199,15000,450000,19200,484200
5,20,X6,-1.4612127900297676,5.611404497176409,1.0559194087982178,1.0449035167694092,0.9852030873298645,1.0289664268493652,0.9278590083122253,0.021442022174596786,0.02030591480433941,0.021983450278639793,0.025464702397584915,0.025958968326449394,0.02288307063281536,0.022413402795791626,0.023821966722607613,0.02081272192299366,0.024677695706486702,0.023390449583530426,0.024160226806998253,0.022217996418476105,0.023646613582968712,0.022787444293498993,0.023084234446287155,0.020823372527956963,0.02310403808951378,0.02156292460858822,0.023129655048251152,0.023236114531755447,0.022628178820014,0.021402038633823395,0.022741194814443588,0.02087465114891529,3.934233853965998,1.0559194087982178,1.0449035167694092,0.9852030873298645,1.0289664268493652,0.9278590083122253,0.02909693866968155,0.024705158546566963,0.02082362212240696,0.02364288456737995,0.02322850003838539,0.03220617026090622,0.09903312474489212,0.02323875017464161,0.13098940253257751,0.07990257441997528,0.024189066141843796,0.023307116702198982,0.028376169502735138,0.03146729990839958,0.0348527766764164,0.24464888870716095,0.04310128837823868,0.3406568467617035,0.2540115714073181,0.12333355844020844,0.024234892800450325,0.5233204364776611,0.06308529525995255,0.5987224578857422,0.08148877322673798,15000,450000,19200,484200
5,21,X9,4.098940236095215,5.610510824248195,1.055537462234497,1.0456277132034302,0.9849410653114319,1.028646469116211,0.927842378616333,0.02132841944694519,0.02024935744702816,0.0219278447329998,0.02542140521109104,0.02598460204899311,0.022857824340462685,0.0225032027810812,0.023773809894919395,0.02082563005387783,0.02465001866221428,0.023469677194952965,0.02422792837023735,0.022162137553095818,0.023640068247914314,0.022863440215587616,0.02299780584871769,0.02082500420510769,0.023037055507302284,0.021564334630966187,0.022884221747517586,0.023227447643876076,0.02262750081717968,0.02139560878276825,0.022660937160253525,0.020810453221201897,3.103292973339558,1.055537462234497,1.0456277132034302,0.9849410653114319,1.028646469116211,0.927842378616333,0.025472357869148254,0.022090669721364975,0.020964041352272034,0.023085743188858032,0.02224929817020893,0.029514765366911888,0.02430097758769989,0.02379922941327095,0.24833644926548004,0.08759097009897232,0.022959575057029724,0.021503226831555367,0.022414837032556534,0.031596776098012924,0.03674386814236641,0.18914340436458588,0.058308329433202744,0.2720911502838135,0.1954410821199417,0.1165681779384613,0.024982893839478493,0.054859861731529236,0.06284089386463165,0.43673381209373474,0.021181564778089523,15000,450000,19200,484200
5,22,X23,2.778302254344628,5.610388847067952,1.0555930137634277,1.0449397563934326,0.9850358366966248,1.0291341543197632,0.9278464913368225,0.0213183481246233,0.020244302228093147,0.021948326379060745,0.02542249858379364,0.02595614828169346,0.022859660908579826,0.022446291521191597,0.02379142865538597,0.02082321234047413,0.02465040795505047,0.02343069575726986,0.02425072155892849,0.02215803973376751,0.0236246008425951,0.02284426987171173,0.02298947609961033,0.020811546593904495,0.02303532138466835,0.02157505974173546,0.022878432646393776,0.023244908079504967,0.0226358100771904,0.021389272063970566,0.02265343815088272,0.020857376977801323,3.1516112074255944,1.0555930137634277,1.0449397563934326,0.9850358366966248,1.0291341543197632,0.9278464913368225,0.025531593710184097,0.024833500385284424,0.023906121030449867,0.026580478996038437,0.02437538653612137,0.026906637474894524,0.025146225467324257,0.02341662161052227,0.29983532428741455,0.09049778431653976,0.025906482711434364,0.022750120609998703,0.026610994711518288,0.03564241901040077,0.032270994037389755,0.19351261854171753,0.061316609382629395,0.2752513289451599,0.22962559759616852,0.14004026353359222,0.02381414920091629,0.042760301381349564,0.06599344313144684,0.3525484800338745,0.024027880281209946,15000,450000,19200,484200
5,23,X7,3.6986211324469735,5.6108352318406105,1.0553333759307861,1.0456469058990479,0.9850026965141296,1.0293723344802856,0.9278426766395569,0.021311858668923378,0.02023695595562458,0.021930774673819542,0.025407034903764725,0.025937536731362343,0.02288193255662918,0.022431107237935066,0.023777801543474197,0.0208436232060194,0.024629658088088036,0.023415517061948776,0.024286387488245964,0.022152230143547058,0.02360766939818859,0.022809866815805435,0.02298707142472267,0.020801667124032974,0.023049555718898773,0.021568123251199722,0.022864187136292458,0.02326592616736889,0.022570403292775154,0.021387683227658272,0.022644273936748505,0.02083839662373066,3.0885688696056603,1.0553333759307861,1.0456469058990479,0.9850026965141296,1.0293723344802856,0.9278426766395569,0.025303954258561134,0.02220867946743965,0.023360097780823708,0.0270256195217371,0.022724803537130356,0.03354090824723244,0.02250945195555687,0.022832827642560005,0.32157087326049805,0.07280527800321579,0.0229120422154665,0.022161198779940605,0.02830701880156994,0.02997743710875511,0.024394970387220383,0.18134713172912598,0.06139238923788071,0.275126188993454,0.2251455932855606,0.14838255941867828,0.02473343163728714,0.04755892977118492,0.05326101556420326,0.3180330991744995,0.023313771933317184,15000,450000,19200,484200
5,24,X2,-0.9990833627089932,5.609852882102132,1.0560939311981201,1.0447701215744019,0.9855438470840454,1.0283234119415283,0.9278380870819092,0.02132401615381241,0.02024218998849392,0.02189686894416809,0.02532198280096054,0.025922035798430443,0.022885747253894806,0.022438857704401016,0.023734748363494873,0.020822487771511078,0.02461441606283188,0.023347701877355576,0.024333307519555092,0.022158261388540268,0.02361941896378994,0.022601153701543808,0.022989194840192795,0.020783592015504837,0.023148437961935997,0.021584203466773033,0.02285059727728367,0.02320079132914543,0.022586731240153313,0.021382488310337067,0.022645091637969017,0.020849160850048065,2.9468336597085,1.0560939311981201,1.0447701215744019,0.9855438470840454,1.0283234119415283,0.9278380870819092,0.026859624311327934,0.025938957929611206,0.02167302370071411,0.024714196100831032,0.02194269560277462,0.03176358714699745,0.02745291031897068,0.02411285787820816,0.3104039132595062,0.08543036878108978,0.02051028423011303,0.022938935086131096,0.0262540765106678,0.026786476373672485,0.02565297670662403,0.1466706246137619,0.06403027474880219,0.2790645956993103,0.21587951481342316,0.14732033014297485,0.02035936899483204,0.03845012187957764,0.06166559085249901,0.21691089868545532,0.02553357556462288,15000,450000,19200,484200
6,0,X25,1.6198823012626917,7.017194081097841,1.0679863691329956,1.07108736038208,0.9836414456367493,1.0304100513458252,0.9357362389564514,0.08604936301708221,0.10784448683261871,0.08673755079507828,0.09365997463464737,0.027511371299624443,0.026591654866933823,0.1227232962846756,0.04035348445177078,0.05743279680609703,0.1958652138710022,0.040977369993925095,0.03352538123726845,0.045567166060209274,0.03074229508638382,0.027334177866578102,0.08657155185937881,0.1392914354801178,0.1194695383310318,0.15371540188789368,0.08006663620471954,0.025021638721227646,0.027653787285089493,0.10041818022727966,0.13060273230075836,0.04260613024234772,24.038690055161716,1.0679863691329956,1.07108736038208,0.9836414456367493,1.0304100513458252,0.9357362389564514,0.41036471724510193,1.017358660697937,0.40603771805763245,0.5481017827987671,0.03952236846089363,0.2225555032491684,1.3297696113586426,0.256081759929657,1.0789519548416138,1.7062140703201294,0.4505554735660553,0.22996337711811066,0.3702723979949951,0.410419225692749,0.08518023043870926,1.7254652976989746,2.3709466457366943,2.458944082260132,3.0564887523651123,1.8582135438919067,0.030154012143611908,0.4800574779510498,1.541525959968567,0.4672199487686157,0.4705531895160675,15000,450000,19200,484200
6,1,X1,4.263144275010868,5.9201806634664536,1.0777291059494019,1.0918598175048828,0.9873809814453125,1.0356101989746094,0.942082405090332,0.029283100739121437,0.03400086238980293,0.02560233883559704,0.0406123511493206,0.02624370902776718,0.023940937593579292,0.04345216229557991,0.02460659109055996,0.02834910713136196,0.04414694383740425,0.03328408673405647,0.02716369740664959,0.026539847254753113,0.024596629664301872,0.024425223469734192,0.032982468605041504,0.03952978178858757,0.04655754566192627,0.059212181717157364,0.030299263074994087,0.023284776136279106,0.023432914167642593,0.02850714884698391,0.022494904696941376,0.022969581186771393,9.596027463302017,1.0777291059494019,1.0918598175048828,0.9873809814453125,1.0356101989746094,0.942082405090332,0.10406096279621124,0.37356650829315186,0.05240734666585922,0.16932974755764008,0.02708364836871624,0.21072867512702942,0.6605198979377747,0.06013727933168411,0.4449416399002075,0.4252505600452423,0.28825482726097107,0.10567256063222885,0.07904040068387985,0.22974197566509247,0.036044009029865265,0.6186829805374146,0.9091143608093262,1.4302897453308105,0.8783608078956604,0.537146806716919,0.07899413257837296,0.3380032479763031,0.3111971318721771,0.06297894567251205,0.13754676282405853,15000,450000,19200,484200
6,2,X23,-1.3583029592619669,5.746287742629647,1.0780185461044312,1.0744082927703857,0.984437108039856,1.0341906547546387,0.9354590773582458,0.023620078340172768,0.028828663751482964,0.023579882457852364,0.031049393117427826,0.02567131072282791,0.024063237011432648,0.02980118617415428,0.024011902511119843,0.02290940284729004,0.02571590058505535,0.029819710180163383,0.025364646688103676,0.023957695811986923,0.024524474516510963,0.024026447907090187,0.025977488607168198,0.025362620130181313,0.036545347422361374,0.027072785422205925,0.023731475695967674,0.023686755448579788,0.02440490946173668,0.02249261364340782,0.022457469254732132,0.02109866589307785,6.843368664756417,1.0780185461044312,1.0744082927703857,0.984437108039856,1.0341906547546387,0.9354590773582458,0.047722622752189636,0.23770305514335632,0.040437888354063034,0.0669122189283371,0.026210663840174675,0.17246001958847046,0.3293595314025879,0.03220234811306,0.2414187639951706,0.3299083411693573,0.23731736838817596,0.076816625893116,0.056393761187791824,0.1316055953502655,0.04815454035997391,0.33541563153266907,0.6067603826522827,1.3963322639465332,0.20967474579811096,0.21041825413703918,0.12164335697889328,0.6226499080657959,0.13908274471759796,0.06490382552146912,0.04056147113442421,15000,450000,19200,484200
6,3,X2,-3.038051307771311,5.679402330890298,1.0666011571884155,1.0584384202957153,0.9909510612487793,1.0310202836990356,0.9323060512542725,0.0229728352278471,0.023761309683322906,0.022831885144114494,0.02592451311647892,0.025901760905981064,0.023689374327659607,0.024907192215323448,0.02408829890191555,0.021335933357477188,0.02466224692761898,0.027377769351005554,0.024792557582259178,0.02342146262526512,0.024651944637298584,0.023383110761642456,0.022852957248687744,0.02218795195221901,0.029952501878142357,0.025546442717313766,0.02337414026260376,0.02363022230565548,0.022984415292739868,0.02232706919312477,0.02272600680589676,0.020801454782485962,5.612233108282089,1.0666011571884155,1.0584384202957153,0.9909510612487793,1.0310202836990356,0.9323060512542725,0.031758926808834076,0.18611453473567963,0.0365256667137146,0.04621841758489609,0.02279745228588581,0.14073121547698975,0.22295178472995758,0.031006205826997757,0.1395917385816574,0.23593372106552124,0.15931521356105804,0.06563857197761536,0.0639066994190216,0.06440843641757965,0.05168667435646057,0.1606532782316208,0.41927576065063477,1.0884276628494263,0.1446814090013504,0.17635467648506165,0.03180795907974243,0.2941645681858063,0.6584996581077576,0.10082400590181351,0.023095475509762764,15000,450000,19200,484200
6,4,X21,-3.7170063417334234,5.66260483302176,1.0613855123519897,1.0506970882415771,0.9923568964004517,1.0323232412338257,0.933772087097168,0.022860370576381683,0.02303284779191017,0.022787578403949738,0.025594785809516907,0.025871431455016136,0.02376502938568592,0.024277539923787117,0.024026120081543922,0.021131927147507668,0.024505000561475754,0.02646060101687908,0.02473822981119156,0.02325194515287876,0.0244025569409132,0.023305999115109444,0.022690825164318085,0.021871035918593407,0.02655773237347603,0.024913471192121506,0.02360200136899948,0.02358005940914154,0.02307327650487423,0.022141780704259872,0.022898297756910324,0.020729564130306244,5.236062074452638,1.0613855123519897,1.0506970882415771,0.9923568964004517,1.0323232412338257,0.933772087097168,0.031269993633031845,0.15402382612228394,0.03234877809882164,0.04281023144721985,0.024702923372387886,0.11563540995121002,0.18255825340747833,0.03035065531730652,0.11158886551856995,0.24774667620658875,0.16400372982025146,0.05943858623504639,0.06928117573261261,0.03650834038853645,0.05534794181585312,0.15239591896533966,0.41683703660964966,0.6619948148727417,0.12423024326562881,0.22237971425056458,0.030074235051870346,0.24451498687267303,0.8827046155929565,0.10585198551416397,0.02335617132484913,15000,450000,19200,484200
6,5,X24,2.81747999943879,5.652825843542814,1.0581227540969849,1.0552455186843872,0.9894211292266846,1.0298073291778564,0.9318965077400208,0.022752175107598305,0.022542936727404594,0.022584829479455948,0.02553091011941433,0.02589946612715721,0.023780742660164833,0.023849282413721085,0.024044664576649666,0.021144550293684006,0.024386633187532425,0.025770997628569603,0.024589594453573227,0.023173272609710693,0.024257458746433258,0.023413240909576416,0.022613806650042534,0.02178565040230751,0.02507133223116398,0.02456844039261341,0.0237696785479784,0.0234599057585001,0.02371746487915516,0.022090941667556763,0.0227951742708683,0.02073945477604866,5.013319680094719,1.0581227540969849,1.0552455186843872,0.9894211292266846,1.0298073291778564,0.9318965077400208,0.035532403737306595,0.14215832948684692,0.03330954536795616,0.034278448671102524,0.023671573027968407,0.1453402042388916,0.16241022944450378,0.03529821336269379,0.1056189090013504,0.22431817650794983,0.12392732501029968,0.049910686910152435,0.08077400922775269,0.03269040957093239,0.054012611508369446,0.16658130288124084,0.3773055374622345,0.6635448932647705,0.1317380666732788,0.2767314612865448,0.03360506147146225,0.34196051955223083,0.6106967926025391,0.09187579154968262,0.02313053049147129,15000,450000,19200,484200
6,6,X11,3.9020688653561457,5.633332947269082,1.0545586347579956,1.0482964515686035,0.9883285760879517,1.0295308828353882,0.9314407706260681,0.022314922884106636,0.022059256210923195,0.022508865222334862,0.025362109765410423,0.025910833850502968,0.023495113477110863,0.02335677482187748,0.02397477813065052,0.02092031016945839,0.024245021864771843,0.02491883747279644,0.02422647550702095,0.022983863949775696,0.02410978078842163,0.023004604503512383,0.02247794158756733,0.02175091952085495,0.02437741681933403,0.023517649620771408,0.023382825776934624,0.023644879460334778,0.023048466071486473,0.021894481033086777,0.022725028917193413,0.02096647396683693,4.5408456295728685,1.0545586347579956,1.0482964515686035,0.9883285760879517,1.0295308828353882,0.9314407706260681,0.029874324798583984,0.1323259472846985,0.03294557332992554,0.032644689083099365,0.02586003579199314,0.06386134773492813,0.14765048027038574,0.03184647485613823,0.07920649647712708,0.23918911814689636,0.11889470368623734,0.044469498097896576,0.055721528828144073,0.06903170794248581,0.03570616617798805,0.19105245172977448,0.3517407774925232,0.6315733790397644,0.06882109493017197,0.23627424240112305,0.026402341201901436,0.15181177854537964,0.6223491430282593,0.07596977055072784,0.03519149497151375,15000,450000,19200,484200
6,7,X1,-0.36678017296162846,5.629181571304798,1.054550290107727,1.0471245050430298,0.9871801137924194,1.029489278793335,0.9315729141235352,0.022165164351463318,0.021776793524622917,0.022442655637860298,0.02530851773917675,0.0258902870118618,0.02343781664967537,0.023235030472278595,0.023871902376413345,0.02091655693948269,0.02422417514026165,0.02462119609117508,0.024287890642881393,0.022911449894309044,0.024110056459903717,0.022972073405981064,0.022470885887742043,0.021701648831367493,0.02397661656141281,0.023323368281126022,0.02341320924460888,0.023696312680840492,0.02301216684281826,0.02183101512491703,0.02270659990608692,0.020961079746484756,4.41785816475749,1.054550290107727,1.0471245050430298,0.9871801137924194,1.029489278793335,0.9315729141235352,0.02545996941626072,0.12281430512666702,0.030600620433688164,0.0334591381251812,0.02121768146753311,0.03928487375378609,0.11582102626562119,0.024198805913329124,0.08177801966667175,0.2082906812429428,0.08520197868347168,0.0367240346968174,0.07591338455677032,0.10683374851942062,0.029763702303171158,0.1548205465078354,0.35987094044685364,0.5456891059875488,0.05942870303988457,0.26509255170822144,0.025357386097311974,0.11743175983428955,0.7487244606018066,0.061157770454883575,0.032939549535512924,15000,450000,19200,484200
6,8,X27,4.290839288292748,5.627411162480712,1.0546854734420776,1.046934723854065,0.9866101145744324,1.029819369316101,0.931912362575531,0.02204171009361744,0.021523378789424896,0.022373542189598083,0.025246383622288704,0.025918908417224884,0.02331828698515892,0.023146765306591988,0.023770373314619064,0.020901180803775787,0.024198228493332863,0.02431127429008484,0.024274004623293877,0.02286936715245247,0.02412984147667885,0.022977806627750397,0.02248714677989483,0.02163422852754593,0.02379232458770275,0.023176435381174088,0.023265395313501358,0.02368551678955555,0.023023098707199097,0.021693233400583267,0.022770671173930168,0.02092001587152481,4.381265475600958,1.0546854734420776,1.046934723854065,0.9866101145744324,1.029819369316101,0.931912362575531,0.028200330212712288,0.10140039771795273,0.02716536447405815,0.032811958342790604,0.02529454044997692,0.03441622853279114,0.12752820551395416,0.026606768369674683,0.08040199428796768,0.22016464173793793,0.08867599070072174,0.040233079344034195,0.07462003082036972,0.08240541070699692,0.02959769405424595,0.14527221024036407,0.36117035150527954,0.5591834783554077,0.056204166263341904,0.21242107450962067,0.0233225729316473,0.1056758463382721,0.7920171618461609,0.060795921832323074,0.0356876477599144,15000,450000,19200,484200
6,9,X4,-1.481919933403697,5.619890313595533,1.0551878213882446,1.0432426929473877,0.9880924224853516,1.0286593437194824,0.9305536150932312,0.02198278158903122,0.021191898733377457,0.022243548184633255,0.025206226855516434,0.025951089337468147,0.02324928715825081,0.022859027609229088,0.023616662248969078,0.020828796550631523,0.02417604625225067,0.02386019192636013,0.02424582839012146,0.022688286378979683,0.023992517963051796,0.022916048765182495,0.022544708102941513,0.021416109055280685,0.023456737399101257,0.02266072854399681,0.02325531095266342,0.023766836151480675,0.022754047065973282,0.021611137315630913,0.02274254523217678,0.020938020199537277,4.2608462132513525,1.0551878213882446,1.0432426929473877,0.9880924224853516,1.0286593437194824,0.9305536150932312,0.025615055114030838,0.08699263632297516,0.02603190951049328,0.03219640254974365,0.02391471527516842,0.024908797815442085,0.10357114672660828,0.02630957029759884,0.08059554547071457,0.20642775297164917,0.07889265567064285,0.04393203556537628,0.03678606078028679,0.1053532287478447,0.03642108291387558,0.21455764770507812,0.2778410315513611,0.49233490228652954,0.03934190049767494,0.1946336328983307,0.023802172392606735,0.10425278544425964,0.8665173053741455,0.05595901608467102,0.044510044157505035,15000,450000,19200,484200
6,10,X16,1.03732515614381,5.618947023525834,1.0551557540893555,1.0439523458480835,0.9870845675468445,1.0295149087905884,0.9299913048744202,0.02193685993552208,0.021019574254751205,0.022207988426089287,0.02525610849261284,0.025908319279551506,0.023216336965560913,0.022738562896847725,0.02358822710812092,0.020807167515158653,0.024168498814105988,0.02374602109193802,0.02422899194061756,0.02269544079899788,0.024005398154258728,0.022896628826856613,0.022582678124308586,0.021307475864887238,0.023427335545420647,0.02259368821978569,0.023277949541807175,0.023706916719675064,0.02273944579064846,0.021541593596339226,0.022748524323105812,0.02090241014957428,4.432876046746969,1.0551557540893555,1.0439523458480835,0.9870845675468445,1.0295149087905884,0.9299913048744202,0.02673601359128952,0.09811795502901077,0.02512243390083313,0.03198881074786186,0.021485410630702972,0.024903925135731697,0.08549688011407852,0.02512979879975319,0.07705539464950562,0.1975717842578888,0.06388786435127258,0.0425926111638546,0.03626231849193573,0.11929977685213089,0.03112133778631687,0.24990127980709076,0.27355700731277466,0.40576085448265076,0.04794110730290413,0.21705497801303864,0.023824848234653473,0.09014066308736801,1.1138190031051636,0.05374054238200188,0.0412236712872982,15000,450000,19200,484200
6,11,X1,-2.669765067119668,5.61714986898005,1.0551573038101196,1.0432732105255127,0.9878923296928406,1.0295153856277466,0.9293166399002075,0.021861882880330086,0.02089497447013855,0.022188326343894005,0.025244954973459244,0.02592645213007927,0.023189682513475418,0.02264818549156189,0.02357076294720173,0.020761951804161072,0.024152224883437157,0.02360585704445839,0.024208787828683853,0.02268829010426998,0.023983081802725792,0.022910507395863533,0.022575078532099724,0.021208088845014572,0.02330443263053894,0.022468309849500656,0.023187311366200447,0.023699363693594933,0.02267969772219658,0.02149522677063942,0.022689905017614365,0.020851662382483482,4.605034953355789,1.0551573038101196,1.0432732105255127,0.9878923296928406,1.0295153856277466,0.9293166399002075,0.024789772927761078,0.0797942653298378,0.024807674810290337,0.03046918660402298,0.025476805865764618,0.023213934153318405,0.08599703013896942,0.025635452941060066,0.08111460506916046,0.25570130348205566,0.06531934440135956,0.04191061109304428,0.03574815392494202,0.1450290083885193,0.03076239861547947,0.3316008448600769,0.23309004306793213,0.4688025116920471,0.0517684631049633,0.16448892652988434,0.023345043882727623,0.11458110064268112,1.1396170854568481,0.052747391164302826,0.040193021297454834,15000,450000,19200,484200
6,12,X15,1.2308538390816581,5.612059662118554,1.0545657873153687,1.0444097518920898,0.9853847622871399,1.0287595987319946,0.9283517599105835,0.021851954981684685,0.020679190754890442,0.022136110812425613,0.025224898010492325,0.02588382549583912,0.023177536204457283,0.02242330089211464,0.02346666343510151,0.02071119099855423,0.024117279797792435,0.023372216150164604,0.024262966588139534,0.02261567860841751,0.02373611368238926,0.02294125407934189,0.02257816679775715,0.021104533225297928,0.023208724334836006,0.022379053756594658,0.02309274673461914,0.023683900013566017,0.022842584177851677,0.021491816267371178,0.022719034925103188,0.020887261256575584,4.68435216806829,1.0545657873153687,1.0444097518920898,0.9853847622871399,1.0287595987319946,0.9283517599105835,0.026490671560168266,0.07409252226352692,0.022035710513591766,0.03026668354868889,0.022381234914064407,0.024607906118035316,0.07063980400562286,0.026263287290930748,0.08604557812213898,0.21331743896007538,0.050816744565963745,0.04176679253578186,0.030025489628314972,0.07812386751174927,0.0241957139223814,0.302255243062973,0.21302862465381622,0.4642966389656067,0.05394742637872696,0.1286710649728775,0.029456188902258873,0.08679471164941788,1.4651082754135132,0.06830979883670807,0.04312041774392128,15000,450000,19200,484200
6,13,X5,4.044873441465963,5.61230898834765,1.054618000984192,1.0444190502166748,0.985253095626831,1.0290699005126953,0.9283648729324341,0.021947572007775307,0.020604249089956284,0.022096047177910805,0.025200849398970604,0.025858523324131966,0.023193225264549255,0.0226727444678545,0.023436089977622032,0.020722264423966408,0.0241053756326437,0.023323314264416695,0.024226726964116096,0.022583769634366035,0.023643609136343002,0.02293918840587139,0.022583190351724625,0.021065745502710342,0.023239661008119583,0.022370757535099983,0.0231169443577528,0.023694466799497604,0.022862927988171577,0.02150529995560646,0.02270297333598137,0.020888552069664,4.760811528563499,1.054618000984192,1.0444190502166748,0.985253095626831,1.0290699005126953,0.9283648729324341,0.024536537006497383,0.07426389306783676,0.021242761984467506,0.026928847655653954,0.021503133699297905,0.030482452362775803,0.06291455030441284,0.023961951956152916,0.07819618284702301,0.19687297940254211,0.055362313985824585,0.045232389122247696,0.027045851573348045,0.0526413656771183,0.029612796381115913,0.3522096276283264,0.2117697298526764,0.4851796627044678,0.04922925680875778,0.16794481873512268,0.02603807859122753,0.08327893167734146,1.4957319498062134,0.06491979211568832,0.045366689562797546,15000,450000,19200,484200
6,14,X5,-1.911363314170326,5.613962706178427,1.0546387434005737,1.045992136001587,0.9865313768386841,1.028626799583435,0.9283639788627625,0.021702691912651062,0.02055935189127922,0.021982263773679733,0.025226879864931107,0.025843961164355278,0.023167330771684647,0.02268623374402523,0.02340640313923359,0.020731935277581215,0.02408446930348873,0.023277852684259415,0.024163730442523956,0.02254439890384674,0.02359680086374283,0.022970883175730705,0.022599702700972557,0.021013597026467323,0.023227816447615623,0.022286344319581985,0.023019228130578995,0.023742249235510826,0.022875599563121796,0.0215428676456213,0.022679980844259262,0.02087709866464138,4.762975679710507,1.0546387434005737,1.045992136001587,0.9865313768386841,1.028626799583435,0.9283639788627625,0.024373389780521393,0.07102929055690765,0.023051893338561058,0.028537705540657043,0.0226450115442276,0.03537674620747566,0.06724042445421219,0.02139953151345253,0.08108796924352646,0.1832938939332962,0.04887766018509865,0.043288666754961014,0.032183051109313965,0.05867115780711174,0.033759236335754395,0.3195763826370239,0.2413301020860672,0.3762282133102417,0.055993542075157166,0.15920183062553406,0.02420136332511902,0.0711958184838295,1.6281567811965942,0.06199948489665985,0.04144592583179474,15000,450000,19200,484200
6,15,X11,3.375348666471755,5.610043920576572,1.054862141609192,1.0423446893692017,0.986995279788971,1.0284242630004883,0.9285358786582947,0.0216045081615448,0.020490450784564018,0.021972207352519035,0.025211265310645103,0.025787238031625748,0.023129552602767944,0.022733021527528763,0.023349525406956673,0.020705170929431915,0.024089986458420753,0.023191342130303383,0.024127108976244926,0.022410575300455093,0.02352793514728546,0.02295265533030033,0.02264275588095188,0.02100052312016487,0.023239105939865112,0.022241506725549698,0.022980937734246254,0.023741062730550766,0.022724300622940063,0.021520594134926796,0.022681811824440956,0.02082652598619461,3.1333490557968617,1.054862141609192,1.0423446893692017,0.986995279788971,1.0284242630004883,0.9285358786582947,0.024466658011078835,0.06316541135311127,0.023485977202653885,0.028708571568131447,0.025165313854813576,0.03919956833124161,0.061225276440382004,0.022974945604801178,0.05642713978886604,0.16683487594127655,0.04625293239951134,0.0423816442489624,0.030667895451188087,0.08887946605682373,0.027080954983830452,0.2520308494567871,0.20259715616703033,0.3625859320163727,0.053711239248514175,0.13390417397022247,0.029311450198292732,0.060766082257032394,0.1674041897058487,0.06687285751104355,0.04901604354381561,15000,450000,19200,484200
6,16,X2,1.3642338556181883,5.609259091317654,1.0548423528671265,1.0424699783325195,0.9868989586830139,1.0279144048690796,0.9286561608314514,0.02161116525530815,0.02035389095544815,0.02197340503334999,0.025197189301252365,0.025764763355255127,0.02312931977212429,0.022710654884576797,0.023320641368627548,0.020692093297839165,0.0241053756326437,0.02318267710506916,0.024090565741062164,0.022358888760209084,0.023534364998340607,0.022895505651831627,0.022686326876282692,0.020982299000024796,0.023239821195602417,0.02222052402794361,0.02299141325056553,0.023711269721388817,0.02271738462150097,0.02153068408370018,0.022650687023997307,0.020826324820518494,2.9508738674223425,1.0548423528671265,1.0424699783325195,0.9868989586830139,1.0279144048690796,0.9286561608314514,0.024974312633275986,0.05946894735097885,0.023503022268414497,0.028049034997820854,0.024432983249425888,0.04948526993393898,0.052993178367614746,0.02062360942363739,0.05335564538836479,0.13016878068447113,0.05130720138549805,0.04206138476729393,0.029381202533841133,0.06222241744399071,0.028185879811644554,0.2770543098449707,0.17210082709789276,0.3887188136577606,0.06137144938111305,0.12625983357429504,0.0267840214073658,0.05235428363084793,0.04866458475589752,0.06695307791233063,0.04224342480301857,15000,450000,19200,484200
6,17,X11,3.8380497572477683,5.609315522015095,1.0549732446670532,1.042507529258728,0.9865869283676147,1.028377652168274,0.9286827445030212,0.02159886620938778,0.020297573879361153,0.02197643369436264,0.02520442008972168,0.025729844346642494,0.02312631532549858,0.022705476731061935,0.02329772524535656,0.020697293803095818,0.024103665724396706,0.023158369585871696,0.024062640964984894,0.022320091724395752,0.023514525964856148,0.022873666137456894,0.022698761895298958,0.020975058898329735,0.0232860054820776,0.022193029522895813,0.02296832762658596,0.023701919242739677,0.022721638903021812,0.02152281068265438,0.022616231814026833,0.020836729556322098,2.894830608740449,1.0549732446670532,1.042507529258728,0.9865869283676147,1.028377652168274,0.9286827445030212,0.024896735325455666,0.05902736634016037,0.02189859002828598,0.028230629861354828,0.022265257313847542,0.03918527811765671,0.05992678180336952,0.02285734750330448,0.052923403680324554,0.12663479149341583,0.0410209558904171,0.04633511230349541,0.02738112024962902,0.05681456997990608,0.029278570786118507,0.21757453680038452,0.193594828248024,0.40211907029151917,0.054083868861198425,0.10094195604324341,0.027929753065109253,0.06120607256889343,0.06364282965660095,0.06454945355653763,0.04228610917925835,15000,450000,19200,484200
6,18,X20,-1.6795596057308995,5.6089952159672976,1.0552881956100464,1.0435429811477661,0.9866080284118652,1.0274791717529297,0.9282351732254028,0.021507229655981064,0.020230693742632866,0.02194483019411564,0.02520919404923916,0.02575143240392208,0.023176196962594986,0.02272239327430725,0.023294717073440552,0.020669501274824142,0.02410588413476944,0.023148274049162865,0.02402007207274437,0.022289415821433067,0.023513037711381912,0.022844621911644936,0.022693049162626266,0.020945902913808823,0.023321276530623436,0.02207677997648716,0.022975502535700798,0.02366356924176216,0.022744083777070045,0.021528786048293114,0.022674985229969025,0.020790236070752144,2.873389497026801,1.0552881956100464,1.0435429811477661,0.9866080284118652,1.0274791717529297,0.9282351732254028,0.022516317665576935,0.047177594155073166,0.022003721445798874,0.029170168563723564,0.02443862147629261,0.0429876409471035,0.05694430693984032,0.02230021543800831,0.05434311926364899,0.11954526603221893,0.04566159471869469,0.04584815725684166,0.03168736398220062,0.05943930149078369,0.026661258190870285,0.22337713837623596,0.19237227737903595,0.3504239618778229,0.04606948792934418,0.12170863151550293,0.027888774871826172,0.05351252853870392,0.09185734391212463,0.06551142036914825,0.041712574660778046,15000,450000,19200,484200
6,19,X23,0.863305749857326,5.607276350259781,1.0553263425827026,1.0424244403839111,0.9863848686218262,1.0273469686508179,0.9281339645385742,0.021464738994836807,0.020160000771284103,0.021913183853030205,0.025223594158887863,0.0257163867354393,0.023199420422315598,0.022714009508490562,0.023288825526833534,0.020680230110883713,0.024093326181173325,0.02313101477921009,0.024018656462430954,0.02227824740111828,0.02353156916797161,0.022818563506007195,0.0226911474019289,0.020948022603988647,0.02330714836716652,0.02205759286880493,0.02300165593624115,0.02364332787692547,0.022765932604670525,0.02150372788310051,0.022699011489748955,0.020810430869460106,2.899716463685036,1.0553263425827026,1.0424244403839111,0.9863848686218262,1.0273469686508179,0.9281339645385742,0.02018475905060768,0.05095009133219719,0.020607877522706985,0.02554730325937271,0.024297472089529037,0.04779716953635216,0.05548075959086418,0.023048168048262596,0.04769983887672424,0.1209062784910202,0.03658180311322212,0.04405587911605835,0.030801163986325264,0.047242384403944016,0.024964051321148872,0.21274368464946747,0.17151668667793274,0.37790581583976746,0.05610936880111694,0.1277003139257431,0.02720719389617443,0.048565272241830826,0.12990964949131012,0.07736266404390335,0.04260749742388725,15000,450000,19200,484200
6,20,X22,-0.2048644630431653,5.6065311171114445,1.0555752515792847,1.0413072109222412,0.9867634177207947,1.0275295972824097,0.9280518889427185,0.02144823782145977,0.020109841600060463,0.021910980343818665,0.02520480565726757,0.025681469589471817,0.023195765912532806,0.022698255255818367,0.023269591853022575,0.020668471232056618,0.02407110668718815,0.023147527128458023,0.023969005793333054,0.02227768860757351,0.02351445145905018,0.022802410647273064,0.02270680107176304,0.020943770185112953,0.023262470960617065,0.022008517757058144,0.0229730736464262,0.02363031916320324,0.022730354219675064,0.021497005596756935,0.022733666002750397,0.020848162472248077,2.839782974496484,1.0555752515792847,1.0413072109222412,0.9867634177207947,1.0275295972824097,0.9280518889427185,0.020663930103182793,0.0528266541659832,0.019924428313970566,0.025029391050338745,0.02002906985580921,0.04927174374461174,0.05786390230059624,0.023766323924064636,0.05223245918750763,0.11234620213508606,0.04002699628472328,0.04069460928440094,0.02726144529879093,0.05207539722323418,0.023551490157842636,0.2044740915298462,0.1849793940782547,0.3154885172843933,0.05379432067275047,0.12479054927825928,0.027907855808734894,0.05236140266060829,0.1300916224718094,0.07873648405075073,0.041749220341444016,15000,450000,19200,484200
6,21,X4,4.210520566936458,5.60648743622005,1.055654764175415,1.0419279336929321,0.9866397976875305,1.0273281335830688,0.9280292987823486,0.021428637206554413,0.020012643188238144,0.021897023543715477,0.025180194526910782,0.025627711787819862,0.023174665868282318,0.02270946465432644,0.023175660520792007,0.020633315667510033,0.024036793038249016,0.02312466688454151,0.024087879806756973,0.02225388027727604,0.023547297343611717,0.0228076484054327,0.022696422412991524,0.020946478471159935,0.02334565855562687,0.021951856091618538,0.02293441817164421,0.02363434247672558,0.02269846387207508,0.021484889090061188,0.022700464352965355,0.02081703208386898,2.6930068198591472,1.055654764175415,1.0419279336929321,0.9866397976875305,1.0273281335830688,0.9280292987823486,0.0244208462536335,0.048111557960510254,0.02302604913711548,0.02531866542994976,0.024130264297127724,0.05681980401277542,0.05243866518139839,0.023805178701877594,0.03286809101700783,0.11150450259447098,0.030599698424339294,0.031248416751623154,0.027844401076436043,0.03280869498848915,0.02503262832760811,0.18890532851219177,0.15191292762756348,0.2881103754043579,0.04628809541463852,0.10751045495271683,0.026335416361689568,0.05279378592967987,0.1449657529592514,0.08217688649892807,0.026114346459507942,15000,450000,19200,484200
6,22,X25,3.2141282149169346,5.606186857447028,1.0555157661437988,1.0416977405548096,0.9861907362937927,1.0274055004119873,0.9282146096229553,0.02141519822180271,0.019972292706370354,0.021902991458773613,0.02518291212618351,0.025614527985453606,0.02317875251173973,0.022698398679494858,0.023158151656389236,0.020625056698918343,0.024050531908869743,0.02312312461435795,0.0241045244038105,0.02225891686975956,0.023527326062321663,0.02283446490764618,0.022704090923070908,0.020940139889717102,0.023392414674162865,0.021957943215966225,0.022935815155506134,0.023641718551516533,0.022695669904351234,0.021595802158117294,0.0228394977748394,0.02081224136054516,2.6261699944734573,1.0555157661437988,1.0416977405548096,0.9861907362937927,1.0274055004119873,0.9282146096229553,0.022627225145697594,0.04957367107272148,0.021086478605866432,0.028123658150434494,0.025479411706328392,0.05738624930381775,0.051495511084795,0.027178989723324776,0.03423294797539711,0.11271648108959198,0.030724113807082176,0.029958054423332214,0.025138968601822853,0.0453685037791729,0.027498582378029823,0.16806544363498688,0.15307244658470154,0.30082595348358154,0.04792223870754242,0.10979869961738586,0.024901513010263443,0.04849119856953621,0.09739796817302704,0.05414469912648201,0.025156116113066673,15000,450000,19200,484200
6,23,X15,-1.924574996310262,5.606639010831714,1.05556321144104,1.0419056415557861,0.9863750338554382,1.0275949239730835,0.9283978343009949,0.021399466320872307,0.01998068392276764,0.021906128153204918,0.02520487830042839,0.025596056133508682,0.02316358871757984,0.022669784724712372,0.023148976266384125,0.020629435777664185,0.02405659109354019,0.023122316226363182,0.024073241278529167,0.022259928286075592,0.023523429408669472,0.022823505103588104,0.022713392972946167,0.020903075113892555,0.023392463102936745,0.021935362368822098,0.022929195314645767,0.023639298975467682,0.022707747295498848,0.021487485617399216,0.022735897451639175,0.020800437778234482,2.658556443080306,1.05556321144104,1.0419056415557861,0.9863750338554382,1.0275949239730835,0.9283978343009949,0.022255608811974525,0.0508493036031723,0.02089630253612995,0.02714095078408718,0.02429015561938286,0.05716630816459656,0.04962417483329773,0.023410240188241005,0.031188637018203735,0.11610101163387299,0.02632857672870159,0.03936253488063812,0.027801675722002983,0.04254309460520744,0.02476518228650093,0.17507696151733398,0.15566329658031464,0.3070468008518219,0.04087129235267639,0.10846788436174393,0.024021850898861885,0.047564439475536346,0.131069153547287,0.053173284977674484,0.023910392075777054,15000,450000,19200,484200
6,24,X4,1.449959181120394,5.606659173965454,1.0553004741668701,1.042576789855957,0.9862461686134338,1.0277754068374634,0.9285225868225098,0.021361103281378746,0.019979093223810196,0.02188197337090969,0.025200463831424713,0.02559139020740986,0.023121539503335953,0.022584205493330956,0.0231280867010355,0.02063782699406147,0.024071630090475082,0.02313104085624218,0.024033421650528908,0.022264163941144943,0.023519180715084076,0.022816965356469154,0.022725367918610573,0.020873483270406723,0.02333211712539196,0.021892618387937546,0.022915031760931015,0.02362224832177162,0.022677112370729446,0.02139834687113762,0.022687172517180443,0.020792163908481598,2.5915054280310867,1.0553004741668701,1.042576789855957,0.9862461686134338,1.0277754068374634,0.9285225868225098,0.02340172603726387,0.040683548897504807,0.02310292050242424,0.02474147640168667,0.024484343826770782,0.06424549221992493,0.04743660241365433,0.025396592915058136,0.03170625492930412,0.11878789216279984,0.025264015421271324,0.04252979904413223,0.027990292757749557,0.0443686880171299,0.02863054908812046,0.1394193023443222,0.13670875132083893,0.26591408252716064,0.04008971527218819,0.10732416808605194,0.025264184921979904,0.044198665767908096,0.14462535083293915,0.06146671622991562,0.025640010833740234,15000,450000,19200,484200
7,0,X14,0.217808112162877,7.137958075851202,1.0556694269180298,1.0694235563278198,0.984569787979126,1.0285526514053345,0.9356730580329895,0.04871305078268051,0.20948946475982666,0.0256352499127388,0.06768737733364105,0.032280221581459045,0.026605568826198578,0.14764736592769623,0.04188895970582962,0.22748680412769318,0.0868929773569107,0.026451587677001953,0.057185638695955276,0.08832307904958725,0.02772734872996807,0.024070944637060165,0.1396259218454361,0.16263462603092194,0.20326904952526093,0.10247347503900528,0.029168985784053802,0.02486194111406803,0.06183169037103653,0.051192507147789,0.02484573796391487,0.12608002126216888,27.94206895157695,1.0556694269180298,1.0694235563278198,0.984569787979126,1.0285526514053345,0.9356730580329895,0.30238085985183716,1.2428925037384033,0.060752399265766144,0.308340460062027,0.07527755945920944,0.08285068720579147,1.5049502849578857,0.3817428946495056,0.9052236080169678,1.6147912740707397,0.05143730714917183,0.19955679774284363,0.4912286102771759,0.2724522650241852,0.12604735791683197,3.495939254760742,3.1445412635803223,4.514159202575684,2.335819721221924,0.5505803227424622,0.09482209384441376,1.2715771198272705,2.359025239944458,0.4052417576313019,1.1356604099273682,15000,450000,19200,484200
7,1,X27,-3.3187201690035426,5.826123740524054,1.067732810974121,1.0398446321487427,0.9875454306602478,1.0283089876174927,0.9332430958747864,0.03116477094590664,0.038843221962451935,0.021910080686211586,0.033507734537124634,0.027362726628780365,0.024444427341222763,0.05205307528376579,0.02765757031738758,0.025487594306468964,0.04278279095888138,0.02554645948112011,0.026292933151125908,0.026652595028281212,0.025401100516319275,0.023270506411790848,0.03892809897661209,0.03558143973350525,0.059100568294525146,0.02549143321812153,0.023354824632406235,0.024413425475358963,0.028614467009902,0.03378833457827568,0.02305995114147663,0.024738652631640434,12.611813454329967,1.067732810974121,1.0398446321487427,0.9875454306602478,1.0283089876174927,0.9332430958747864,0.14772175252437592,0.12456872314214706,0.03409404307603836,0.10282231122255325,0.054739560931921005,0.03242272883653641,0.37667059898376465,0.22826983034610748,0.10870113223791122,1.1362260580062866,0.04133358597755432,0.026709385216236115,0.08375517278909683,0.1706782579421997,0.12008940428495407,1.1509236097335815,2.1150741577148438,2.3758151531219482,0.5019625425338745,0.36952924728393555,0.1570621132850647,0.4017876088619232,1.3580436706542969,0.3489346504211426,0.03254316374659538,15000,450000,19200,484200
7,2,X23,-4.461830526337072,5.682814849540591,1.0579286813735962,1.0360158681869507,0.9899618029594421,1.029948115348816,0.9279894828796387,0.026405053213238716,0.027258191257715225,0.021917469799518585,0.030900349840521812,0.026964526623487473,0.023783812299370766,0.02633320912718773,0.02519143372774124,0.02176566608250141,0.03453925997018814,0.02521832287311554,0.025456300005316734,0.024623043835163116,0.024643905460834503,0.02279234491288662,0.02632709965109825,0.0244408268481493,0.03495445102453232,0.023270316421985626,0.02376472018659115,0.024238156154751778,0.02436898648738861,0.02593684196472168,0.023672958835959435,0.022203652188181877,8.397347500547767,1.0579286813735962,1.0360158681869507,0.9899618029594421,1.029948115348816,0.9279894828796387,0.08074487000703812,0.08000369369983673,0.03020656295120716,0.07887579500675201,0.060057491064071655,0.035344500094652176,0.10707054287195206,0.15635445713996887,0.07268076390028,0.4393947720527649,0.03617260232567787,0.03329867497086525,0.04605282470583916,0.2168157994747162,0.09269844740629196,0.7406031489372253,1.0722929239273071,1.489241600036621,0.4493609368801117,0.3972231447696686,0.19655866920948029,0.09819206595420837,1.083937406539917,0.2635698914527893,0.03222712501883507,15000,450000,19200,484200
7,3,X27,-3.0205382513781953,5.640040623024106,1.058200478553772,1.0509073734283447,0.9856206178665161,1.0277653932571411,0.92988121509552,0.022670067846775055,0.02220018208026886,0.022087644785642624,0.02619844116270542,0.02575596235692501,0.02344600483775139,0.024099519476294518,0.02367851696908474,0.021030368283391,0.025465549901127815,0.024808963760733604,0.024633118882775307,0.02387155592441559,0.02354549989104271,0.02270776778459549,0.02436995320022106,0.02246720902621746,0.02539338357746601,0.023831671103835106,0.02312994748353958,0.023487720638513565,0.023461125791072845,0.02145867794752121,0.022671274840831757,0.021195417270064354,5.497526163607835,1.058200478553772,1.0509073734283447,0.9856206178665161,1.0277653932571411,0.92988121509552,0.056580085307359695,0.04780144616961479,0.03128601610660553,0.037172410637140274,0.02338438108563423,0.03619108721613884,0.06337909400463104,0.0636918917298317,0.06976315379142761,0.1015397235751152,0.04099356755614281,0.03039184957742691,0.06780016422271729,0.20894615352153778,0.0708281546831131,0.498575896024704,0.5497740507125854,0.9514007568359375,0.38836053013801575,0.2531295120716095,0.12083443999290466,0.04408276453614235,0.19490934908390045,0.5048550963401794,0.0313795730471611,15000,450000,19200,484200
7,4,X18,-4.321384076188194,5.643129481002688,1.058212399482727,1.0589205026626587,0.986213743686676,1.0288176536560059,0.9286954402923584,0.022283241152763367,0.021862689405679703,0.0217620600014925,0.02523520402610302,0.025615867227315903,0.023289687931537628,0.023951735347509384,0.023657672107219696,0.020794138312339783,0.024545175954699516,0.024819450452923775,0.024646708741784096,0.02364802174270153,0.023658892139792442,0.02279444970190525,0.024085063487291336,0.022213226184248924,0.024610934779047966,0.02334420569241047,0.023013895377516747,0.023467743769288063,0.023398710414767265,0.021412992849946022,0.022890308871865273,0.021267665550112724,5.067385511100293,1.058212399482727,1.0589205026626587,0.986213743686676,1.0288176536560059,0.9286954402923584,0.04565177112817764,0.043820738792419434,0.025475535541772842,0.02907545119524002,0.022349931299686432,0.026732230558991432,0.07634009420871735,0.05974544584751129,0.07930058240890503,0.10278309136629105,0.041547439992427826,0.029301265254616737,0.05451915040612221,0.18000856041908264,0.05672924220561981,0.45005300641059875,0.44099554419517517,0.7466751337051392,0.33971720933914185,0.23566614091396332,0.09718287736177444,0.03958410024642944,0.16006003320217133,0.6373900771141052,0.03450891003012657,15000,450000,19200,484200
7,5,X13,-3.268675048236674,5.631635947152972,1.0551432371139526,1.0543155670166016,0.9863051772117615,1.0283069610595703,0.9280903339385986,0.022161539644002914,0.02167695015668869,0.021704956889152527,0.025060830637812614,0.02575281262397766,0.02317253313958645,0.02386370673775673,0.02360253594815731,0.020747676491737366,0.024348195642232895,0.024494744837284088,0.02459869347512722,0.02345709688961506,0.02354021556675434,0.02263268642127514,0.023744026198983192,0.021888723596930504,0.024428462609648705,0.02293836884200573,0.022990519180893898,0.023438340052962303,0.023578189313411713,0.021425927057862282,0.02291630581021309,0.021310633048415184,4.666329753398895,1.0551432371139526,1.0543155670166016,0.9863051772117615,1.0283069610595703,0.9280903339385986,0.03791702166199684,0.0447518415749073,0.026790648698806763,0.027553755789995193,0.02252744324505329,0.027714470401406288,0.06569462269544601,0.0549931563436985,0.06338807195425034,0.10433562099933624,0.03955122455954552,0.030148368328809738,0.06147554889321327,0.12151698023080826,0.05937110260128975,0.3652662932872772,0.3325071930885315,0.5466612577438354,0.36664360761642456,0.24413558840751648,0.10841944068670273,0.046323105692863464,0.13946761190891266,0.6879308223724365,0.03081269934773445,15000,450000,19200,484200
7,6,X16,4.547985410812217,5.629797974601388,1.055774211883545,1.0584102869033813,0.9856411218643188,1.0278557538986206,0.9280107021331787,0.021815024316310883,0.021353332325816154,0.021730506792664528,0.02487640082836151,0.025683054700493813,0.023134533315896988,0.02364933118224144,0.02341703698039055,0.02070426195859909,0.024409562349319458,0.024131419137120247,0.024532513692975044,0.022739453241229057,0.023360813036561012,0.022849392145872116,0.023056717589497566,0.021670589223504066,0.02403130568563938,0.02245267480611801,0.022855710238218307,0.023298760876059532,0.023001668974757195,0.02151522785425186,0.02261035330593586,0.021226253360509872,4.227244912087917,1.055774211883545,1.0584102869033813,0.9856411218643188,1.0278557538986206,0.9280107021331787,0.03629939258098602,0.03967132419347763,0.024474823847413063,0.02750081568956375,0.02297242544591427,0.032033517956733704,0.07782427966594696,0.04320341348648071,0.05429520830512047,0.10168318450450897,0.031831514090299606,0.02751755528151989,0.04026701673865318,0.07245440781116486,0.09858448058366776,0.36077260971069336,0.2687670588493347,0.4222773313522339,0.27177345752716064,0.22461289167404175,0.0861324816942215,0.12685687839984894,0.13758252561092377,0.5569121837615967,0.02980571798980236,15000,450000,19200,484200
7,7,X22,2.07119334307286,5.623763425275683,1.0558505058288574,1.0550698041915894,0.9848520755767822,1.0270466804504395,0.9278886318206787,0.021745411679148674,0.02116144262254238,0.02166697382926941,0.02495231106877327,0.02564908005297184,0.02315068617463112,0.023662392050027847,0.023373788222670555,0.020664062350988388,0.02441926673054695,0.02399992011487484,0.024627571925520897,0.0224979929625988,0.023341409862041473,0.02292172983288765,0.022781245410442352,0.02162289433181286,0.023945216089487076,0.02231244370341301,0.022849801927804947,0.023333419114351273,0.022996816784143448,0.021536456421017647,0.022590408101677895,0.021252986043691635,4.0220825664699085,1.0558505058288574,1.0550698041915894,0.9848520755767822,1.0270466804504395,0.9278886318206787,0.036572348326444626,0.037698742002248764,0.02533888630568981,0.0266432948410511,0.02505357749760151,0.029852038249373436,0.0721755102276802,0.050016697496175766,0.049813758581876755,0.0904887318611145,0.029060546308755875,0.031158462166786194,0.0380416139960289,0.06887782365083694,0.11359386146068573,0.3109452426433563,0.23050230741500854,0.3814840614795685,0.30515551567077637,0.1819247454404831,0.0981711894273758,0.1560431867837906,0.08039300888776779,0.5167441964149475,0.026191679760813713,15000,450000,19200,484200
7,8,X21,4.881433536837006,5.621053842827678,1.0557918548583984,1.0527514219284058,0.9859275221824646,1.026764154434204,0.9278411865234375,0.021664535626769066,0.020982705056667328,0.021619083359837532,0.024984177201986313,0.025695469230413437,0.023154141381382942,0.02352059632539749,0.023332223296165466,0.020641623064875603,0.024415194988250732,0.023918578401207924,0.024613333866000175,0.02236122265458107,0.02327798679471016,0.02301153726875782,0.02270524390041828,0.021576959639787674,0.023906921967864037,0.022169284522533417,0.022850602865219116,0.023359157145023346,0.02299971878528595,0.021493317559361458,0.022536849603056908,0.02118723839521408,4.031988686695695,1.0557918548583984,1.0527514219284058,0.9859275221824646,1.026764154434204,0.9278411865234375,0.027547266334295273,0.034051474183797836,0.025361450389027596,0.027315065264701843,0.022376006469130516,0.03041987679898739,0.08060819655656815,0.04678047448396683,0.0514499805867672,0.09206782281398773,0.030988221988081932,0.028712034225463867,0.03274187073111534,0.05769359692931175,0.20739658176898956,0.31618040800094604,0.23097169399261475,0.347168892621994,0.2511903941631317,0.16366156935691833,0.07626675814390182,0.15493373572826385,0.053640179336071014,0.6051082611083984,0.027541646733880043,15000,450000,19200,484200
7,9,X1,-4.740601803609424,5.6226071417331696,1.0562705993652344,1.0538698434829712,0.9871187806129456,1.0267670154571533,0.9284323453903198,0.02146970108151436,0.020644845440983772,0.02171248383820057,0.024898532778024673,0.025707079097628593,0.023149214684963226,0.02321183867752552,0.023347796872258186,0.020586395636200905,0.024313364177942276,0.02361408993601799,0.024583159014582634,0.022240109741687775,0.023275820538401604,0.022892139852046967,0.02250676043331623,0.021504497155547142,0.023864995688199997,0.022189589217305183,0.022833678871393204,0.023415489122271538,0.0231065284460783,0.021360481157898903,0.022630341351032257,0.021089624613523483,4.25591845177114,1.0562705993652344,1.0538698434829712,0.9871187806129456,1.0267670154571533,0.9284323453903198,0.031054170802235603,0.03270070627331734,0.022538917139172554,0.02818712405860424,0.024997364729642868,0.03253458812832832,0.07586927711963654,0.03883139044046402,0.039504874497652054,0.10359279066324234,0.027229884639382362,0.02627326361835003,0.027821680530905724,0.05399996414780617,0.44083234667778015,0.25536349415779114,0.20126193761825562,0.36734625697135925,0.2593808174133301,0.1598873734474182,0.07773546874523163,0.14698928594589233,0.08586807548999786,0.6616001129150391,0.02402556873857975,15000,450000,19200,484200
7,10,X23,2.5123344510226255,5.623962013050914,1.0564401149749756,1.0540804862976074,0.989012598991394,1.0268701314926147,0.9281748533248901,0.021335802972316742,0.020509785041213036,0.02173294872045517,0.02490427903831005,0.02572033181786537,0.023119628429412842,0.023144997656345367,0.023339426144957542,0.02060067467391491,0.02425658516585827,0.02348596416413784,0.024567190557718277,0.022202877327799797,0.023254740983247757,0.022887669503688812,0.022520165890455246,0.021457629278302193,0.023845605552196503,0.02213284932076931,0.022830994799733162,0.02340727299451828,0.023061562329530716,0.021350841969251633,0.022620296105742455,0.021093707531690598,4.3478756081312895,1.0564401149749756,1.0540804862976074,0.989012598991394,1.0268701314926147,0.9281748533248901,0.03311154991388321,0.03374546766281128,0.022446447983384132,0.023628203198313713,0.023232923820614815,0.03584054484963417,0.06967251002788544,0.043464817106723785,0.03457493335008621,0.12744925916194916,0.03168422356247902,0.027553079649806023,0.03012695163488388,0.04533403739333153,0.55608069896698,0.2279627025127411,0.19968457520008087,0.2846986949443817,0.21218034625053406,0.1673213690519333,0.06218385323882103,0.18823321163654327,0.07293996959924698,0.7577441334724426,0.026065466925501823,15000,450000,19200,484200
7,11,X16,-3.1209684013364134,5.625662291422486,1.0561118125915527,1.0563759803771973,0.9892938733100891,1.0267878770828247,0.9284588694572449,0.021218562498688698,0.02038106694817543,0.02171938680112362,0.024910159409046173,0.025689413771033287,0.02308342419564724,0.023037616163492203,0.023334728553891182,0.020610883831977844,0.024224236607551575,0.02344297058880329,0.02457631751894951,0.022177502512931824,0.02327277511358261,0.02288861572742462,0.02250088006258011,0.021405987441539764,0.023837018758058548,0.022042758762836456,0.0228252112865448,0.023390797898173332,0.023048317059874535,0.02133009023964405,0.022597823292016983,0.02108733355998993,4.439614905416965,1.0561118125915527,1.0563759803771973,0.9892938733100891,1.0267878770828247,0.9284588694572449,0.029943348839879036,0.030620494857430458,0.02181640826165676,0.026684731245040894,0.02400238811969757,0.033845365047454834,0.05134577304124832,0.04618224874138832,0.03193472698330879,0.11235629767179489,0.027806662023067474,0.02639620564877987,0.03363199159502983,0.04514505714178085,0.7019656896591187,0.2092457264661789,0.22068718075752258,0.2894227206707001,0.2376517653465271,0.17012181878089905,0.06346268951892853,0.1741982102394104,0.07797668129205704,0.7147144079208374,0.02705063298344612,15000,450000,19200,484200
7,12,X17,0.7172812680236529,5.619735209271312,1.0565776824951172,1.054719090461731,0.9856270551681519,1.0271538496017456,0.928036093711853,0.021161261945962906,0.020073767751455307,0.021740904077887535,0.024914296343922615,0.025746235623955727,0.023073406890034676,0.02286127395927906,0.023310406133532524,0.020627204328775406,0.024138187989592552,0.02328908070921898,0.024533363059163094,0.022093521431088448,0.02335626445710659,0.023008983582258224,0.022437436506152153,0.021351657807826996,0.02370728738605976,0.021877991035580635,0.02281389757990837,0.02340851165354252,0.02292248047888279,0.02131609618663788,0.02271551638841629,0.02114240452647209,4.240915647894144,1.0565776824951172,1.054719090461731,0.9856270551681519,1.0271538496017456,0.928036093711853,0.030721187591552734,0.031181497499346733,0.02311072126030922,0.024427037686109543,0.021193381398916245,0.033365100622177124,0.05372602865099907,0.04126523435115814,0.030506962910294533,0.15308299660682678,0.025143099948763847,0.027656469494104385,0.032682761549949646,0.042197227478027344,0.43293994665145874,0.2266250103712082,0.22084005177021027,0.24952849745750427,0.22522026300430298,0.16958841681480408,0.050232384353876114,0.19340582191944122,0.05933178588747978,0.8074946999549866,0.025026308372616768,15000,450000,19200,484200
7,13,X28,2.93027590887373,5.620288345962763,1.0571757555007935,1.053962230682373,0.9863012433052063,1.0272152423858643,0.9282112717628479,0.02117360197007656,0.019968926906585693,0.021749436855316162,0.02494494803249836,0.02576255612075329,0.023048173636198044,0.022839073091745377,0.023286402225494385,0.02063012309372425,0.02414160594344139,0.02324376255273819,0.024480504915118217,0.022096149623394012,0.02337983064353466,0.023003675043582916,0.02241777814924717,0.02140599489212036,0.02369382418692112,0.021825412288308144,0.02281668409705162,0.023382840678095818,0.022952236235141754,0.021317942067980766,0.02275506779551506,0.02110605128109455,4.320676993578672,1.0571757555007935,1.053962230682373,0.9863012433052063,1.0272152423858643,0.9282112717628479,0.03294268250465393,0.031110854819417,0.019323742017149925,0.025749916210770607,0.021721020340919495,0.03329150006175041,0.04918039217591286,0.03592464700341225,0.03137197345495224,0.12905916571617126,0.02298305183649063,0.020388906821608543,0.03222326561808586,0.04241170361638069,0.4441688060760498,0.20236343145370483,0.218065544962883,0.24920998513698578,0.224876269698143,0.15168361365795135,0.06125956401228905,0.20606330037117004,0.056081634014844894,0.9428642988204956,0.025784574449062347,15000,450000,19200,484200
7,14,X27,-2.7363608041434384,5.618668727576733,1.0571722984313965,1.0529041290283203,0.9862711429595947,1.0268830060958862,0.9280394315719604,0.021168597042560577,0.019920971244573593,0.021779414266347885,0.02496078610420227,0.02578769065439701,0.023030629381537437,0.022814126685261726,0.023264210671186447,0.020631888881325722,0.024117808789014816,0.023246126249432564,0.024416431784629822,0.022105110809206963,0.023384589701890945,0.022988198325037956,0.022459574043750763,0.02143239602446556,0.02366381697356701,0.021803073585033417,0.022797508165240288,0.023417647927999496,0.022944603115320206,0.021366992965340614,0.022774536162614822,0.02112198993563652,4.22240844592452,1.0571722984313965,1.0529041290283203,0.9862711429595947,1.0268830060958862,0.9280394315719604,0.032027024775743484,0.02922288328409195,0.02232312597334385,0.025388464331626892,0.024598930031061172,0.035416312515735626,0.057424984872341156,0.0424048937857151,0.03605521842837334,0.15968160331249237,0.02445192076265812,0.024536846205592155,0.02908349223434925,0.04486946761608124,0.4353419542312622,0.18249472975730896,0.21307413280010223,0.2300821840763092,0.18636713922023773,0.1414605677127838,0.049869149923324585,0.21335287392139435,0.06529437750577927,0.8785662651062012,0.028765901923179626,15000,450000,19200,484200
7,15,X12,-1.9869932128178314,5.6129302848130465,1.0558029413223267,1.0469560623168945,0.9882631897926331,1.027099609375,0.9280139207839966,0.021143337711691856,0.019866488873958588,0.02178407832980156,0.02495560050010681,0.02582981064915657,0.02307300642132759,0.022701933979988098,0.02327771857380867,0.02069048397243023,0.024069787934422493,0.02312798611819744,0.024351010099053383,0.02211223728954792,0.023404182866215706,0.022994911298155785,0.022427765652537346,0.021378541365265846,0.0235939621925354,0.02184133790433407,0.02281091921031475,0.02341565489768982,0.02279464341700077,0.021330513060092926,0.02275051176548004,0.021068137139081955,4.11466356664896,1.0558029413223267,1.0469560623168945,0.9882631897926331,1.027099609375,0.9280139207839966,0.026644211262464523,0.028047114610671997,0.023834168910980225,0.02501259744167328,0.02800474874675274,0.03260914236307144,0.04520455375313759,0.038099296391010284,0.04596222937107086,0.19927380979061127,0.020708810538053513,0.02378205582499504,0.030251434072852135,0.05146973207592964,0.4552645981311798,0.1990307867527008,0.19284740090370178,0.21787084639072418,0.20636866986751556,0.14068080484867096,0.061454787850379944,0.2001924067735672,0.04293586686253548,0.7459276914596558,0.023958656936883926,15000,450000,19200,484200
7,16,X5,0.8269029531462113,5.615004621446133,1.055788278579712,1.048815131187439,0.9884743690490723,1.0272291898727417,0.9280101656913757,0.021136172115802765,0.019828366115689278,0.021784057840704918,0.024972660467028618,0.025888118892908096,0.0230694692581892,0.02264389395713806,0.02327823080122471,0.02068985253572464,0.02404632605612278,0.023143991827964783,0.02431500516831875,0.022105038166046143,0.02341611497104168,0.02291557751595974,0.022419556975364685,0.021374044939875603,0.023550184443593025,0.021904494613409042,0.022836901247501373,0.023418812081217766,0.022763177752494812,0.021349532529711723,0.022802269086241722,0.021035637706518173,4.0181875169277195,1.055788278579712,1.048815131187439,0.9884743690490723,1.0272291898727417,0.9280101656913757,0.02564241737127304,0.026714876294136047,0.023448269814252853,0.023807460442185402,0.02515088953077793,0.03749854490160942,0.04629768803715706,0.03762771934270859,0.05069670453667641,0.15420471131801605,0.021740747615695,0.023449229076504707,0.027676239609718323,0.039416853338479996,0.4233432710170746,0.2037326991558075,0.23073053359985352,0.20299063622951508,0.2210245430469513,0.15431749820709229,0.05516219511628151,0.20967303216457367,0.04016759991645813,0.6795760989189148,0.02443363144993782,15000,450000,19200,484200
7,17,X26,3.1726963099749668,5.613453799858689,1.0554730892181396,1.0474753379821777,0.9885982275009155,1.0274076461791992,0.9278799295425415,0.02112734504044056,0.019835030660033226,0.021801548078656197,0.024972768500447273,0.02591697685420513,0.023054445162415504,0.022621212527155876,0.02326032519340515,0.020688366144895554,0.024009952321648598,0.023166460916399956,0.024317607283592224,0.022088441997766495,0.023414472118020058,0.02293231524527073,0.022418130189180374,0.021351035684347153,0.023507829755544662,0.021929824724793434,0.022845223546028137,0.023412004113197327,0.022747857496142387,0.02134964056313038,0.0227903313934803,0.02106042392551899,3.524118956550956,1.0554730892181396,1.0474753379821777,0.9885982275009155,1.0274076461791992,0.9278799295425415,0.0239812433719635,0.024987870827317238,0.02411443181335926,0.024174775928258896,0.027140051126480103,0.03313133120536804,0.03767286241054535,0.03523636981844902,0.05321608483791351,0.17750459909439087,0.02233182266354561,0.022946354001760483,0.027689604088664055,0.037126574665308,0.13463614881038666,0.19634224474430084,0.22673776745796204,0.23213891685009003,0.246928408741951,0.15253251791000366,0.05587232485413551,0.24965733289718628,0.045717235654592514,0.37713974714279175,0.02579548954963684,15000,450000,19200,484200
7,18,X4,-4.715456711369775,5.612947601824999,1.0548838376998901,1.0473865270614624,0.9886535406112671,1.0275179147720337,0.9279496073722839,0.021190233528614044,0.01982145383954048,0.021792301908135414,0.02493073046207428,0.025811873376369476,0.023057391867041588,0.02259397879242897,0.023198047652840614,0.02071678824722767,0.024161333218216896,0.023175496608018875,0.024319740012288094,0.022129185497760773,0.02348819561302662,0.022943906486034393,0.022474119439721107,0.021132120862603188,0.023394685238599777,0.021995190531015396,0.022865213453769684,0.023492561653256416,0.02277817390859127,0.021281370893120766,0.02279166877269745,0.02102041244506836,3.2462515786290167,1.0548838376998901,1.0473865270614624,0.9886535406112671,1.0275179147720337,0.9279496073722839,0.02637433260679245,0.02696274407207966,0.022388281300663948,0.025722380727529526,0.025720015168190002,0.029377419501543045,0.03818055987358093,0.025161325931549072,0.05884040147066116,0.14898593723773956,0.022925255820155144,0.022000471130013466,0.028643319383263588,0.04274911805987358,0.08165910840034485,0.12891845405101776,0.2502630949020386,0.15252819657325745,0.18181602656841278,0.18359297513961792,0.03476761654019356,0.23380038142204285,0.0853414535522461,0.3321712613105774,0.028083162382245064,15000,450000,19200,484200
7,19,X1,-3.204320288735273,5.613257950171828,1.054869532585144,1.0479868650436401,0.9881109595298767,1.027876377105713,0.9280000329017639,0.021145476028323174,0.019825585186481476,0.021783774718642235,0.024904517456889153,0.0258188359439373,0.02305116504430771,0.022578110918402672,0.023159347474575043,0.020725011825561523,0.02417820319533348,0.023166080936789513,0.024300923570990562,0.022115951403975487,0.023505182936787605,0.02297312393784523,0.02250063791871071,0.021134261041879654,0.023350883275270462,0.02196262963116169,0.022891463711857796,0.02344920113682747,0.022812316194176674,0.02129952237010002,0.022815564647316933,0.020966412499547005,3.3790348418056966,1.054869532585144,1.0479868650436401,0.9881109595298767,1.027876377105713,0.9280000329017639,0.02651974931359291,0.028310205787420273,0.02001476101577282,0.027092566713690758,0.022346263751387596,0.02900104783475399,0.042596399784088135,0.02307962067425251,0.06313301622867584,0.14872092008590698,0.02160869725048542,0.024103358387947083,0.023314906284213066,0.03803699463605881,0.07705283164978027,0.1493605524301529,0.22258400917053223,0.15853473544120789,0.189968541264534,0.19871428608894348,0.031091146171092987,0.23343941569328308,0.14234422147274017,0.4034346640110016,0.02526317723095417,15000,450000,19200,484200
7,20,X15,-1.547745880108622,5.6125165689736605,1.0547412633895874,1.0473145246505737,0.9880532026290894,1.02783203125,0.9281075596809387,0.021151604130864143,0.01984010450541973,0.021783750504255295,0.02488575130701065,0.02581721358001232,0.023053983226418495,0.02256930246949196,0.023128701373934746,0.02072947286069393,0.02418975532054901,0.023150764405727386,0.02431454136967659,0.022129761055111885,0.02352224662899971,0.022964077070355415,0.022536979988217354,0.021201107650995255,0.02332407981157303,0.02195967361330986,0.022896327078342438,0.023411573842167854,0.02282077446579933,0.021308640018105507,0.022816434502601624,0.020961366593837738,3.4086321178823713,1.0547412633895874,1.0473145246505737,0.9880532026290894,1.02783203125,0.9281075596809387,0.0227900929749012,0.027916319668293,0.023695293813943863,0.02366872876882553,0.02437232993543148,0.0325460322201252,0.04037247225642204,0.02366657927632332,0.06821978837251663,0.15477539598941803,0.023095928132534027,0.02468946948647499,0.02655775099992752,0.0394236221909523,0.0748906284570694,0.16760624945163727,0.18818499147891998,0.15560287237167358,0.1795232892036438,0.17807626724243164,0.029284274205565453,0.1842842400074005,0.2208920270204544,0.4397522807121277,0.025535477325320244,15000,450000,19200,484200
7,21,X1,-4.28309819236039,5.6120195388793945,1.0551420450210571,1.0455877780914307,0.9891073703765869,1.0282114744186401,0.9278436303138733,0.02115296572446823,0.01982087269425392,0.021804554387927055,0.024873940274119377,0.025831442326307297,0.023090293630957603,0.022540751844644547,0.02312414161860943,0.020744457840919495,0.024227311834692955,0.023156320676207542,0.02422722429037094,0.02214393950998783,0.023547068238258362,0.022944793105125427,0.02258736826479435,0.021179266273975372,0.02324722148478031,0.021878669038414955,0.02290671318769455,0.023416612297296524,0.022772502154111862,0.02127050794661045,0.022771934047341347,0.02086636796593666,3.549935122951865,1.0551420450210571,1.0455877780914307,0.9891073703765869,1.0282114744186401,0.9278436303138733,0.0255113635212183,0.026929881423711777,0.020686021074652672,0.02183016948401928,0.025129714980721474,0.028060678392648697,0.04202115908265114,0.020922817289829254,0.0903007984161377,0.141712948679924,0.024597443640232086,0.024133889004588127,0.029888197779655457,0.046045299619436264,0.0865257978439331,0.16901864111423492,0.19534093141555786,0.16024746000766754,0.1666674166917801,0.20060893893241882,0.03274095803499222,0.15434694290161133,0.3566528856754303,0.42364171147346497,0.027194596827030182,15000,450000,19200,484200
7,22,X24,-3.475644870661533,5.6112077590078115,1.0553181171417236,1.0454517602920532,0.9885767698287964,1.0278799533843994,0.927859902381897,0.021146927028894424,0.019813314080238342,0.021820206195116043,0.02487264573574066,0.025837810710072517,0.023101098835468292,0.022527499124407768,0.023132488131523132,0.020757144317030907,0.024226022884249687,0.023165259510278702,0.024206111207604408,0.022152140736579895,0.023546254262328148,0.022931018844246864,0.022619761526584625,0.02115938626229763,0.023223504424095154,0.021885031834244728,0.022909412160515785,0.02340751513838768,0.02276872657239437,0.021288475021719933,0.02277563512325287,0.02084786631166935,3.560068926587701,1.0553181171417236,1.0454517602920532,0.9885767698287964,1.0278799533843994,0.927859902381897,0.025289785116910934,0.023377152159810066,0.02306712418794632,0.025847364217042923,0.02558080479502678,0.03221768140792847,0.048998087644577026,0.027243347838521004,0.08872963488101959,0.16541072726249695,0.02402808517217636,0.023580623790621758,0.027078621089458466,0.051678068935871124,0.08630568534135818,0.12820664048194885,0.19521908462047577,0.13842348754405975,0.18955908715724945,0.18500129878520966,0.03245704621076584,0.15930074453353882,0.33167126774787903,0.4675840437412262,0.025196131318807602,15000,450000,19200,484200
7,23,X30,-3.7198099867063417,5.612818269059062,1.0550389289855957,1.0473191738128662,0.9887667894363403,1.0278029441833496,0.9279307126998901,0.021140871569514275,0.01981675811111927,0.02180180326104164,0.024833500385284424,0.025841666385531425,0.023087145760655403,0.022517044097185135,0.023135125637054443,0.0207473523914814,0.02420734614133835,0.023143339902162552,0.024204956367611885,0.022164488211274147,0.023541711270809174,0.022912457585334778,0.022618064656853676,0.021141614764928818,0.023218564689159393,0.021890297532081604,0.022914880886673927,0.02341821976006031,0.02276022732257843,0.02129705436527729,0.022762363776564598,0.020842865109443665,3.6290369600057604,1.0550389289855957,1.0473191738128662,0.9887667894363403,1.0278029441833496,0.9279307126998901,0.026908334344625473,0.025307893753051758,0.02320544607937336,0.021891117095947266,0.022741930559277534,0.029548071324825287,0.04029616340994835,0.023333655670285225,0.09547264128923416,0.15720073878765106,0.023489711806178093,0.023731570690870285,0.02760818786919117,0.051211874932050705,0.11055412888526917,0.12614761292934418,0.20559100806713104,0.13950854539871216,0.1761324107646942,0.191681370139122,0.027013590559363365,0.15561777353286743,0.4038028120994568,0.46578866243362427,0.02587999776005745,15000,450000,19200,484200
7,24,X29,-3.111358424059528,5.610525369644165,1.054999589920044,1.046156644821167,0.9882282018661499,1.027628779411316,0.9278901219367981,0.021185528486967087,0.01982927694916725,0.021789560094475746,0.0247519351541996,0.025823500007390976,0.023079728707671165,0.022551340982317924,0.023091064766049385,0.02074330858886242,0.024181732907891273,0.023173367604613304,0.02422782965004444,0.022126786410808563,0.023482199758291245,0.02296416461467743,0.022617241367697716,0.021080510690808296,0.02320452779531479,0.021825630217790604,0.022909089922904968,0.023412365466356277,0.022728752344846725,0.021300144493579865,0.022721465677022934,0.0208209790289402,3.6307054724544288,1.054999589920044,1.046156644821167,0.9882282018661499,1.027628779411316,0.9278901219367981,0.022909607738256454,0.027387985959649086,0.023035788908600807,0.02475426159799099,0.02248208411037922,0.03106316179037094,0.04249562323093414,0.030079366639256477,0.09081877768039703,0.17657911777496338,0.021705785766243935,0.021630141884088516,0.026940414682030678,0.05712087079882622,0.07983605563640594,0.13325290381908417,0.21177637577056885,0.12760241329669952,0.18224333226680756,0.17032593488693237,0.027149738743901253,0.12381444126367569,0.5000157952308655,0.42089855670928955,0.02580626867711544,15000,450000,19200,484200
8,0,X7,-1.211526360376375,7.905506245791912,1.056822657585144,1.0737583637237549,0.9853252172470093,1.030381679534912,0.9278383851051331,0.05768439918756485,0.7970709800720215,0.41252601146698,0.23801672458648682,0.02695346251130104,0.02797147072851658,0.17498934268951416,0.08206766843795776,0.060749802738428116,0.03678761422634125,0.03939279168844223,0.024810757488012314,0.0799497738480568,0.06671874970197678,0.06456415355205536,0.15735706686973572,0.0773618295788765,0.08390625566244125,0.04482501745223999,0.04827925190329552,0.024999544024467468,0.09640947729349136,0.031459078192710876,0.025085197761654854,0.051443520933389664,27.07539696469903,1.056822657585144,1.0737583637237549,0.9853252172470093,1.030381679534912,0.9278383851051331,0.24763192236423492,4.851340293884277,1.9050602912902832,1.0286284685134888,0.03152324631810188,0.19205838441848755,1.7418572902679443,0.5580428838729858,1.1710141897201538,0.8918544054031372,0.28049519658088684,0.08147197961807251,0.4934055507183075,0.782948911190033,0.3885928690433502,3.1799330711364746,1.032346487045288,1.5695695877075195,1.4862200021743774,0.8741229176521301,0.03943827748298645,0.95951247215271,1.1970924139022827,0.6963266134262085,0.38008397817611694,15000,450000,19200,484200
8,1,X27,-1.2650953397854394,6.108933221548796,1.0545635223388672,1.0738600492477417,0.9882920384407043,1.0382053852081299,0.9362962245941162,0.02595958672463894,0.2317754179239273,0.12235845625400543,0.037803325802087784,0.02609201893210411,0.025560615584254265,0.05871744453907013,0.028537411242723465,0.02507544681429863,0.024775639176368713,0.028890259563922882,0.025533150881528854,0.02644650824368,0.026896938681602478,0.024289997294545174,0.04100247472524643,0.02689308486878872,0.024744832888245583,0.025441287085413933,0.02996995486319065,0.024544594809412956,0.036583539098501205,0.023846590891480446,0.02507041022181511,0.02090701460838318,11.119739991426467,1.0545635223388672,1.0738600492477417,0.9882920384407043,1.0382053852081299,0.9362962245941162,0.07031664997339249,1.5593281984329224,0.5514280200004578,0.1036602184176445,0.03251644968986511,0.14616312086582184,0.6785337328910828,0.07299381494522095,0.22000610828399658,0.5008196830749512,0.1324780136346817,0.09780958294868469,0.1346595287322998,0.40185752511024475,0.07128719240427017,1.1323487758636475,0.4862758219242096,0.4447060823440552,0.8064501285552979,0.623360276222229,0.06678224354982376,0.035229094326496124,0.6498974561691284,1.0451669692993164,0.03742185980081558,15000,450000,19200,484200
8,2,X23,4.0130175756285436,5.72795052267611,1.0614126920700073,1.066441535949707,0.983658492565155,1.0397142171859741,0.9360694289207458,0.024408910423517227,0.042324990034103394,0.028687844052910805,0.029650213196873665,0.0258259866386652,0.02446652203798294,0.03087269887328148,0.02614784613251686,0.022943969815969467,0.024619227275252342,0.025979816913604736,0.025189202278852463,0.024729086086153984,0.023300351575016975,0.023011010140180588,0.024832820519804955,0.021704116836190224,0.02412807196378708,0.022977575659751892,0.026034362614154816,0.02421276830136776,0.02684599533677101,0.022690042853355408,0.024405349045991898,0.020665377378463745,7.369002252817154,1.0614126920700073,1.066441535949707,0.983658492565155,1.0397142171859741,0.9360694289207458,0.06120120361447334,0.2562999129295349,0.03863009810447693,0.06282493472099304,0.03319862112402916,0.10105673968791962,0.2968194782733917,0.0409635454416275,0.12296444922685623,0.5091054439544678,0.09440763294696808,0.1315683126449585,0.11150091886520386,0.13604877889156342,0.060939427465200424,0.6596285104751587,0.20214852690696716,0.3699837625026703,0.6043480634689331,0.37295928597450256,0.067258320748806,0.18306761980056763,0.6784586906433105,1.1301119327545166,0.026048768311738968,15000,450000,19200,484200
8,3,X13,1.788659408870135,5.627688767388463,1.0545504093170166,1.0419085025787354,0.9869074821472168,1.0274912118911743,0.9286506175994873,0.022578580304980278,0.024266770109534264,0.022852668538689613,0.027328288182616234,0.02548123523592949,0.023675594478845596,0.025018349289894104,0.024709520861506462,0.02156187780201435,0.02461346797645092,0.02429245226085186,0.024904951453208923,0.022749794647097588,0.02327406220138073,0.023046834394335747,0.024373799562454224,0.020766178146004677,0.024289535358548164,0.021451329812407494,0.023013990372419357,0.023830680176615715,0.024727024137973785,0.021480189636349678,0.023243969306349754,0.020649399608373642,5.960553568229079,1.0545504093170166,1.0419085025787354,0.9869074821472168,1.0274912118911743,0.9286506175994873,0.045681312680244446,0.05716441571712494,0.030122771859169006,0.04342512786388397,0.026753325015306473,0.07345506548881531,0.20340123772621155,0.042218707501888275,0.03654143959283829,0.48918935656547546,0.05968630313873291,0.06432554125785828,0.07253897190093994,0.06274431198835373,0.03050854243338108,1.0306326150894165,0.24610738456249237,0.41099587082862854,0.31450265645980835,0.14207322895526886,0.05038962513208389,0.10661661624908447,0.4751575291156769,0.7973095774650574,0.041110388934612274,15000,450000,19200,484200
8,4,X27,1.1005865962896895,5.620374256744981,1.0546106100082397,1.0382999181747437,0.9891093373298645,1.0268852710723877,0.9286813139915466,0.022229481488466263,0.022444948554039,0.022639138624072075,0.027189048007130623,0.025634905323386192,0.02361101098358631,0.024026183411478996,0.024661824107170105,0.021027550101280212,0.024350306019186974,0.0241457000374794,0.0247916541993618,0.022625399753451347,0.02330876514315605,0.022897575050592422,0.024384884163737297,0.020577307790517807,0.024236174300312996,0.02152293361723423,0.022981856018304825,0.02370540238916874,0.02435508370399475,0.02140469290316105,0.023432699963450432,0.020603280514478683,5.888897443935275,1.0546106100082397,1.0382999181747437,0.9891093373298645,1.0268852710723877,0.9286813139915466,0.038065165281295776,0.04127873480319977,0.02615315653383732,0.0355786457657814,0.02690129354596138,0.06226319074630737,0.1383637636899948,0.050335463136434555,0.0634637326002121,0.45868855714797974,0.04894174262881279,0.06347231566905975,0.06495288014411926,0.07803533226251602,0.026365242898464203,1.1784329414367676,0.24684368073940277,0.39640942215919495,0.30250850319862366,0.1838841438293457,0.040670569986104965,0.0845053568482399,0.4531041979789734,0.7354727387428284,0.036689382046461105,15000,450000,19200,484200
8,5,X23,2.751758303948858,5.617974162101746,1.0547995567321777,1.0375274419784546,0.9897490739822388,1.0268585681915283,0.929376482963562,0.02207462303340435,0.022035563364624977,0.022433198988437653,0.026981007307767868,0.025697534903883934,0.02348671294748783,0.02342047169804573,0.024544889107346535,0.020994285121560097,0.024305345490574837,0.02388737164437771,0.024604907259345055,0.02246897481381893,0.023359254002571106,0.02287481166422367,0.024179300293326378,0.02052871510386467,0.02417050488293171,0.021565979346632957,0.023023581132292747,0.023645905777812004,0.023957807570695877,0.021381953731179237,0.023459814488887787,0.02058052457869053,5.7854067154228686,1.0547995567321777,1.0375274419784546,0.9897490739822388,1.0268585681915283,0.929376482963562,0.03623373061418533,0.03491045907139778,0.026150984689593315,0.035094160586595535,0.028506267815828323,0.051821596920490265,0.13515275716781616,0.05057195946574211,0.07830312103033066,0.4649830460548401,0.048146460205316544,0.0518602691590786,0.059235479682683945,0.08160050958395004,0.026270272210240364,1.2127559185028076,0.23452283442020416,0.384654700756073,0.26271942257881165,0.17483867704868317,0.03833402320742607,0.06450800597667694,0.5016289949417114,0.6578289270401001,0.03711191192269325,15000,450000,19200,484200
8,6,X4,-0.9668958881646965,5.61783367395401,1.0564374923706055,1.042456030845642,0.9849836230278015,1.0275238752365112,0.9320929050445557,0.021430861204862595,0.020938843488693237,0.02210620418190956,0.026505963876843452,0.025884460657835007,0.023332351818680763,0.02288280986249447,0.024263650178909302,0.020868103951215744,0.02424793317914009,0.0235579963773489,0.024428028613328934,0.02220587246119976,0.02352871373295784,0.022783664986491203,0.023792926222085953,0.020524190738797188,0.023758908733725548,0.021757274866104126,0.02307891473174095,0.02341773360967636,0.02342217229306698,0.02145800180733204,0.023488014936447144,0.020676150918006897,5.693821690604091,1.0564374923706055,1.042456030845642,0.9849836230278015,1.0275238752365112,0.9320929050445557,0.032254740595817566,0.027421684935688972,0.023792456835508347,0.035537078976631165,0.03527973219752312,0.05334337800741196,0.11463780701160431,0.055584877729415894,0.06293501704931259,0.41340911388397217,0.05074295029044151,0.04272254556417465,0.044428203254938126,0.09383124113082886,0.02693099156022072,1.2346869707107544,0.2653003931045532,0.3007408082485199,0.2243914157152176,0.15865132212638855,0.04288757964968681,0.04160311818122864,0.489280104637146,0.7806891798973083,0.034040194004774094,15000,450000,19200,484200
8,7,X15,3.01292966281723,5.618881536647677,1.0556405782699585,1.0430479049682617,0.9845853447914124,1.027835488319397,0.934093713760376,0.021317413076758385,0.02082984521985054,0.02198614738881588,0.026416415348649025,0.025889765471220016,0.02331174910068512,0.022786583751440048,0.024200310930609703,0.020847110077738762,0.0242228452116251,0.023455459624528885,0.024371836334466934,0.02216975949704647,0.023599078878760338,0.022720027714967728,0.024004492908716202,0.020583204925060272,0.02358895167708397,0.02180654928088188,0.023062629625201225,0.023432528600096703,0.023347632959485054,0.021445931866765022,0.02357218600809574,0.0207100510597229,5.605331978574395,1.0556405782699585,1.0430479049682617,0.9845853447914124,1.027835488319397,0.934093713760376,0.026538962498307228,0.03247528523206711,0.023704731836915016,0.03832390904426575,0.034005057066679,0.0534951351583004,0.12169134616851807,0.0466020442545414,0.07474936544895172,0.42596912384033203,0.043182242661714554,0.052295997738838196,0.038394104689359665,0.08551599830389023,0.025359395891427994,1.2729899883270264,0.16066056489944458,0.2787753939628601,0.22034859657287598,0.14842119812965393,0.029803110286593437,0.03618331626057625,0.46259400248527527,0.829741358757019,0.034471143037080765,15000,450000,19200,484200
8,8,X28,1.0049563577484433,5.616424096748233,1.0565367937088013,1.0432378053665161,0.9843122363090515,1.027357816696167,0.9322765469551086,0.021296830847859383,0.02068062499165535,0.021947022527456284,0.026365257799625397,0.025877628475427628,0.023312121629714966,0.022686513140797615,0.024072207510471344,0.020800020545721054,0.024213368073105812,0.023410223424434662,0.024324316531419754,0.02219155617058277,0.02361529879271984,0.022755086421966553,0.024088896811008453,0.02056824415922165,0.02355077490210533,0.02179754711687565,0.023008376359939575,0.023418178781867027,0.02320868708193302,0.021442251279950142,0.023366043344140053,0.020705820992588997,5.579781986773014,1.0565367937088013,1.0432378053665161,0.9843122363090515,1.027357816696167,0.9322765469551086,0.02756517007946968,0.02903611958026886,0.024117469787597656,0.03327089548110962,0.032718952745199203,0.04793950915336609,0.11996633559465408,0.0542195700109005,0.07218962162733078,0.47552254796028137,0.043961264193058014,0.050825875252485275,0.04520019143819809,0.0884537398815155,0.030269315466284752,1.2567912340164185,0.14367684721946716,0.2568964958190918,0.2295677661895752,0.1368405818939209,0.025516627356410027,0.03328249976038933,0.5090140700340271,0.7668507099151611,0.03734433650970459,15000,450000,19200,484200
8,9,X24,-1.8371607536426868,5.615329151973128,1.054842472076416,1.0445239543914795,0.9855296611785889,1.0279849767684937,0.9313434362411499,0.021176135167479515,0.020667286589741707,0.021877164021134377,0.026104936376214027,0.025892267003655434,0.02323378622531891,0.022697538137435913,0.024060899391770363,0.020737510174512863,0.02416142262518406,0.02335750125348568,0.024135546758770943,0.022217536345124245,0.023561827838420868,0.022718768566846848,0.02385273203253746,0.02058151550590992,0.023418517783284187,0.02169928513467312,0.023094264790415764,0.023472849279642105,0.02304025925695896,0.021372688934206963,0.023277511820197105,0.020694900304079056,5.27098845615983,1.054842472076416,1.0445239543914795,0.9855296611785889,1.0279849767684937,0.9313434362411499,0.026403436437249184,0.029711492359638214,0.02472965605556965,0.041493404656648636,0.03151519596576691,0.04416613653302193,0.10548663884401321,0.049433257430791855,0.08435045182704926,0.3882470428943634,0.04628198221325874,0.027711082249879837,0.04446650668978691,0.079293392598629,0.03093271702528,1.1630706787109375,0.13123475015163422,0.3013467788696289,0.22873589396476746,0.16889588534832,0.021475594490766525,0.034886009991168976,0.4591951370239258,0.6726042628288269,0.026476170867681503,15000,450000,19200,484200
8,10,X25,1.4793411038950852,5.614618666470051,1.055139183998108,1.0447770357131958,0.9848659634590149,1.027631402015686,0.931912362575531,0.02117728628218174,0.02073204703629017,0.021836165338754654,0.026068659499287605,0.025859907269477844,0.02321714349091053,0.022706683725118637,0.02400907501578331,0.020717037841677666,0.024139147251844406,0.023358827456831932,0.024089673534035683,0.0222473107278347,0.023553498089313507,0.022764025256037712,0.023837683722376823,0.02058306336402893,0.023282911628484726,0.021693691611289978,0.023122133687138557,0.023517513647675514,0.02297251857817173,0.021397195756435394,0.022729050368070602,0.020680468529462814,5.10362548083067,1.055139183998108,1.0447770357131958,0.9848659634590149,1.027631402015686,0.931912362575531,0.02415257692337036,0.02923889085650444,0.023440133780241013,0.03820136934518814,0.03220494091510773,0.04163411259651184,0.10502316802740097,0.06204741820693016,0.09332385659217834,0.4135373532772064,0.04509280249476433,0.030187468975782394,0.04766019433736801,0.07313975691795349,0.030156103894114494,1.4702948331832886,0.12295989692211151,0.2587282657623291,0.21428552269935608,0.18572616577148438,0.02406279556453228,0.03589032217860222,0.39140692353248596,0.2797483205795288,0.022617097944021225,15000,450000,19200,484200
8,11,X17,3.771523410673579,5.612871691584587,1.0552257299423218,1.0450656414031982,0.9843265414237976,1.0273427963256836,0.9309343099594116,0.021137891337275505,0.02072213403880596,0.02179158292710781,0.02601037733256817,0.025901291519403458,0.023198379203677177,0.022717462852597237,0.023977572098374367,0.02071819081902504,0.02414553053677082,0.02328859642148018,0.024115435779094696,0.022253554314374924,0.02356531098484993,0.022725513204932213,0.0238789115101099,0.02059859223663807,0.02325192466378212,0.021709566935896873,0.022907940670847893,0.023485733196139336,0.022991616278886795,0.02140437252819538,0.022803083062171936,0.020676108077168465,4.780451874434948,1.0552257299423218,1.0450656414031982,0.9843265414237976,1.0273427963256836,0.9309343099594116,0.026208247989416122,0.03004080057144165,0.021849030628800392,0.03465704992413521,0.03294815123081207,0.04225088655948639,0.09639926254749298,0.05974651500582695,0.08635902404785156,0.3717412054538727,0.037240929901599884,0.0272542592138052,0.04823940247297287,0.12307073175907135,0.02957628294825554,1.114160418510437,0.1128685474395752,0.34963712096214294,0.23235374689102173,0.12750743329524994,0.021092716604471207,0.0331370085477829,0.4440186619758606,0.24614597856998444,0.023369457572698593,15000,450000,19200,484200
8,12,X30,2.123403542559479,5.612566391006112,1.0547300577163696,1.0471065044403076,0.9852672219276428,1.0267704725265503,0.929286003112793,0.021140994504094124,0.02072206884622574,0.021710576489567757,0.025835534557700157,0.025947796180844307,0.023201026022434235,0.02274717576801777,0.023909293115139008,0.020668059587478638,0.02419506199657917,0.023213893175125122,0.02405639924108982,0.02225072868168354,0.02358284406363964,0.022747626528143883,0.023785682395100594,0.02061266265809536,0.023222602903842926,0.02156541682779789,0.02294434793293476,0.023438336327672005,0.022922607138752937,0.021453408524394035,0.02281125634908676,0.02072073146700859,5.56577901467681,1.0547300577163696,1.0471065044403076,0.9852672219276428,1.0267704725265503,0.929286003112793,0.02717304416000843,0.02666771225631237,0.022198593243956566,0.035590760409832,0.027668025344610214,0.03684868663549423,0.08513662219047546,0.05938248336315155,0.09188403189182281,0.4218432605266571,0.044669777154922485,0.0313354916870594,0.04584634304046631,0.1305607557296753,0.0290420800447464,1.8474384546279907,0.0840764194726944,0.3198619484901428,0.25826892256736755,0.1562304049730301,0.02104751020669937,0.030858486890792847,0.4507181644439697,0.25237372517585754,0.020425258204340935,15000,450000,19200,484200
8,13,X2,2.7315974113270505,5.611384440213442,1.054693341255188,1.0471289157867432,0.9845017194747925,1.0267655849456787,0.9291045069694519,0.02115594409406185,0.020643508061766624,0.021715400740504265,0.025754522532224655,0.025923000648617744,0.023202836513519287,0.02278611809015274,0.023918673396110535,0.020660869777202606,0.02421109937131405,0.023191580548882484,0.024044770747423172,0.02225099317729473,0.023588407784700394,0.02275436744093895,0.023754907771945,0.020601904019713402,0.023211872205138206,0.02155502513051033,0.02293926477432251,0.02338908053934574,0.02296600490808487,0.021411534398794174,0.02281768061220646,0.02074100449681282,5.244675276055932,1.054693341255188,1.0471289157867432,0.9845017194747925,1.0267655849456787,0.9291045069694519,0.02637641690671444,0.025138456374406815,0.022249693050980568,0.03555335849523544,0.030591771006584167,0.04052311182022095,0.09783251583576202,0.05722525343298912,0.09759937971830368,0.4116489589214325,0.044050514698028564,0.03263690322637558,0.046852629631757736,0.17639638483524323,0.03117566928267479,1.599719524383545,0.08699160814285278,0.29390236735343933,0.25430503487586975,0.1306004524230957,0.025607185438275337,0.032522350549697876,0.3962295949459076,0.21877387166023254,0.02173345535993576,15000,450000,19200,484200
8,14,X25,1.1226367565819384,5.611572368070483,1.054718017578125,1.0468772649765015,0.9853552579879761,1.02687406539917,0.9285531044006348,0.02117045968770981,0.020598294213414192,0.021725496277213097,0.025680650025606155,0.025937240570783615,0.023194126784801483,0.022746071219444275,0.02391078695654869,0.020664026960730553,0.024241330102086067,0.023179268464446068,0.02404903806746006,0.02222885563969612,0.023583736270666122,0.022793157026171684,0.023695698007941246,0.02056940831243992,0.02327333763241768,0.021576547995209694,0.02294115349650383,0.023433677852153778,0.023009268566966057,0.021411262452602386,0.022813545539975166,0.020768219605088234,5.751744195818901,1.054718017578125,1.0468772649765015,0.9853552579879761,1.02687406539917,0.9285531044006348,0.028589880093932152,0.025196226313710213,0.023056812584400177,0.03645067662000656,0.02810329757630825,0.042716074734926224,0.09003307670354843,0.05981548875570297,0.09596709161996841,0.4617668390274048,0.046662718057632446,0.03382173925638199,0.04181714355945587,0.1683272421360016,0.03415175899863243,2.0918445587158203,0.07627947628498077,0.3165108859539032,0.25194835662841797,0.1375870555639267,0.022514868527650833,0.03012855537235737,0.3539406657218933,0.22225144505500793,0.023786719888448715,15000,450000,19200,484200
8,15,X20,-0.6851808270638013,5.614351022988558,1.054980754852295,1.0486518144607544,0.9861252307891846,1.0267869234085083,0.9285747408866882,0.02125137485563755,0.020568041130900383,0.021753333508968353,0.02557566948235035,0.02595706097781658,0.023186849430203438,0.02266669273376465,0.023882225155830383,0.02068519964814186,0.0241849422454834,0.02320520393550396,0.02414066158235073,0.022241104394197464,0.023569582030177116,0.022800639271736145,0.023575665429234505,0.020581917837262154,0.023282092064619064,0.021651875227689743,0.02293422818183899,0.023559877648949623,0.023147350177168846,0.02135932818055153,0.02276388742029667,0.02070675604045391,6.149561670795083,1.054980754852295,1.0486518144607544,0.9861252307891846,1.0267869234085083,0.9285747408866882,0.028594596311450005,0.02489735186100006,0.02344081550836563,0.03406607732176781,0.02919950895011425,0.04012078046798706,0.09695184230804443,0.05427785962820053,0.10115554928779602,0.4664510488510132,0.04829193651676178,0.03698228299617767,0.04199724271893501,0.17985959351062775,0.03270488604903221,2.2982394695281982,0.1342882364988327,0.35177186131477356,0.22226138412952423,0.1641201376914978,0.02374669536948204,0.02959347888827324,0.459498792886734,0.19617591798305511,0.021850431337952614,15000,450000,19200,484200
8,16,X18,-0.3421410449069473,5.616169793531299,1.0548988580703735,1.0501035451889038,0.986443042755127,1.0267702341079712,0.928773820400238,0.021245326846837997,0.020558413118124008,0.021749120205640793,0.025519363582134247,0.025980746373534203,0.02319117821753025,0.022669829428195953,0.023853084072470665,0.020716018974781036,0.024156352505087852,0.02321396768093109,0.024165647104382515,0.022245800122618675,0.02356097847223282,0.0227959081530571,0.023570075631141663,0.02057425118982792,0.023308131843805313,0.02166171371936798,0.02292804606258869,0.02356688119471073,0.023131679743528366,0.021359743550419807,0.02276451885700226,0.020693516358733177,6.264527805522084,1.0548988580703735,1.0501035451889038,0.986443042755127,1.0267702341079712,0.928773820400238,0.028469841927289963,0.02350614406168461,0.02307272143661976,0.035528309643268585,0.02702210657298565,0.03754827752709389,0.07916296273469925,0.05431022867560387,0.09576549381017685,0.40693944692611694,0.044560860842466354,0.034974996000528336,0.04416074603796005,0.18023423850536346,0.03322836756706238,2.3450708389282227,0.334612637758255,0.3705269694328308,0.24186690151691437,0.14757642149925232,0.026799658313393593,0.02767651341855526,0.39433959126472473,0.1932021677494049,0.024973463267087936,15000,450000,19200,484200
8,17,X23,-0.6409457638202545,5.6172904428094625,1.0547707080841064,1.0508695840835571,0.987151026725769,1.0267961025238037,0.9287126660346985,0.021267127245664597,0.020507458597421646,0.021739697083830833,0.025483354926109314,0.025957444682717323,0.023173626512289047,0.022635944187641144,0.023845290765166283,0.02072281390428543,0.02414075843989849,0.023217951878905296,0.024162283167243004,0.022242670878767967,0.023548949509859085,0.02279343642294407,0.023545315489172935,0.020578956231474876,0.02332638017833233,0.021673884242773056,0.022933118045330048,0.02361197955906391,0.023100100457668304,0.02135363593697548,0.02273775078356266,0.020690426230430603,7.413365087285638,1.0547707080841064,1.0508695840835571,0.987151026725769,1.0267961025238037,0.9287126660346985,0.026416415348649025,0.027237068861722946,0.024701671674847603,0.03463401645421982,0.026361234486103058,0.04022308066487312,0.08704627305269241,0.06198801472783089,0.08300917595624924,0.44238901138305664,0.04902322590351105,0.036793287843465805,0.03829634189605713,0.1876380294561386,0.035265907645225525,3.2079482078552246,0.6600944995880127,0.3768409192562103,0.2009788602590561,0.14833363890647888,0.02434118650853634,0.026336200535297394,0.3838239908218384,0.15109235048294067,0.022892460227012634,15000,450000,19200,484200
8,18,X26,-1.703335679808485,5.6179286651313305,1.054917812347412,1.0513916015625,0.9879382252693176,1.026808500289917,0.9283658266067505,0.02119753696024418,0.020515158772468567,0.02172362431883812,0.025357769802212715,0.025940487161278725,0.023155074566602707,0.022585539147257805,0.023789724335074425,0.020690295845270157,0.024177931249141693,0.02323547750711441,0.02414795756340027,0.022225279361009598,0.02348736673593521,0.022752605378627777,0.023455871269106865,0.020567230880260468,0.02328157052397728,0.02169250324368477,0.022951537743210793,0.023641342297196388,0.023225728422403336,0.021357461810112,0.022700294852256775,0.020651329308748245,7.63885393217206,1.054917812347412,1.0513916015625,0.9879382252693176,1.026808500289917,0.9283658266067505,0.025813166052103043,0.02416888065636158,0.02387266606092453,0.0386543907225132,0.026154721155762672,0.0366828553378582,0.09241145104169846,0.056621845811605453,0.11513637006282806,0.40193846821784973,0.04673070088028908,0.035385094583034515,0.03777029365301132,0.16259583830833435,0.031088588759303093,3.606903076171875,0.4559157192707062,0.36913177371025085,0.21585476398468018,0.14580434560775757,0.029291993007063866,0.02845483459532261,0.440335750579834,0.16200199723243713,0.020249953493475914,15000,450000,19200,484200
8,19,X29,1.1216521691551575,5.615873953327537,1.0550599098205566,1.0501375198364258,0.9872996807098389,1.0267730951309204,0.9283255338668823,0.02118275687098503,0.020491601899266243,0.021724840626120567,0.025312187150120735,0.025938618928194046,0.023123322054743767,0.022582070901989937,0.02373761683702469,0.020679974928498268,0.02418516017496586,0.02323494292795658,0.024142032489180565,0.02219071425497532,0.02348707616329193,0.022763168439269066,0.023472070693969727,0.020559268072247505,0.023285236209630966,0.021702317520976067,0.0229630284011364,0.023601800203323364,0.0232018381357193,0.021373381838202477,0.022699736058712006,0.020643452182412148,7.527670270949602,1.0550599098205566,1.0501375198364258,0.9872996807098389,1.0267730951309204,0.9283255338668823,0.02840028516948223,0.025103695690631866,0.022994335740804672,0.03904379531741142,0.028149666264653206,0.03696812316775322,0.08016163110733032,0.05747570842504501,0.11503123492002487,0.37772828340530396,0.04938672482967377,0.034492120146751404,0.04067156836390495,0.15580213069915771,0.030386794358491898,3.411740303039551,0.6042709946632385,0.36365270614624023,0.23571635782718658,0.1475793719291687,0.030757801607251167,0.028822530061006546,0.37454041838645935,0.17443250119686127,0.024842040613293648,15000,450000,19200,484200
8,20,X23,-0.30550642686662677,5.615866549313068,1.0548889636993408,1.0504101514816284,0.9870359897613525,1.0269436836242676,0.9284368753433228,0.021207816898822784,0.02046646736562252,0.021716179326176643,0.02524787373840809,0.025926988571882248,0.02311992272734642,0.0225630272179842,0.023726535961031914,0.02067272923886776,0.02415468543767929,0.02323749102652073,0.02414584718644619,0.022170154377818108,0.02350025810301304,0.022756021469831467,0.02348948083817959,0.020579395815730095,0.02329634502530098,0.021712925285100937,0.022978559136390686,0.023574024438858032,0.023211980238556862,0.021379875019192696,0.02267640084028244,0.020639900118112564,8.104498856514692,1.0548889636993408,1.0504101514816284,0.9870359897613525,1.0269436836242676,0.9284368753433228,0.025659551844000816,0.023223906755447388,0.02131856232881546,0.033343829214572906,0.027874359861016273,0.04181371256709099,0.0789756253361702,0.060428839176893234,0.11510546505451202,0.3672756552696228,0.049222253262996674,0.03972366079688072,0.03981108218431473,0.16998976469039917,0.03182186558842659,4.114487648010254,0.5456944704055786,0.36887139081954956,0.22699204087257385,0.16300927102565765,0.030558699741959572,0.029701732099056244,0.3512806296348572,0.1179542988538742,0.020817408338189125,15000,450000,19200,484200
8,21,X26,-3.7306404449833774,5.610790913924575,1.0553278923034668,1.0465677976608276,0.9856725335121155,1.0269792079925537,0.9283166527748108,0.021242396906018257,0.020357105880975723,0.021684162318706512,0.0252526942640543,0.025869637727737427,0.023096635937690735,0.022498352453112602,0.02372145466506481,0.02065550535917282,0.024156367406249046,0.02327055111527443,0.024149321019649506,0.022156232967972755,0.023494785651564598,0.022713705897331238,0.023458406329154968,0.0206365454941988,0.02326802723109722,0.021721813827753067,0.022984817624092102,0.023584211245179176,0.023169301450252533,0.021446766331791878,0.02267659269273281,0.02066143788397312,8.152921721339226,1.0553278923034668,1.0465677976608276,0.9856725335121155,1.0269792079925537,0.9283166527748108,0.027873678132891655,0.024222390726208687,0.021956853568553925,0.03858082741498947,0.02885117381811142,0.03452103212475777,0.08067016303539276,0.05725418031215668,0.12771855294704437,0.37614569067955017,0.0397704616189003,0.03482864052057266,0.037206463515758514,0.1994735300540924,0.029718978330492973,4.269365310668945,0.37370118498802185,0.37226516008377075,0.24966903030872345,0.1241348534822464,0.02907758578658104,0.0284439530223608,0.4429413080215454,0.07467573136091232,0.021282169967889786,15000,450000,19200,484200
8,22,X21,-2.148349932532476,5.6113099586218596,1.055446982383728,1.0470224618911743,0.9857027530670166,1.0270686149597168,0.9282611012458801,0.021265843883156776,0.020325126126408577,0.021677903831005096,0.025241170078516006,0.025860749185085297,0.02309374511241913,0.022476110607385635,0.023707663640379906,0.020656174048781395,0.024163570255041122,0.023256516084074974,0.0241245124489069,0.022149715572595596,0.02347887121140957,0.022702090442180634,0.02346763201057911,0.020673267543315887,0.02324129268527031,0.021721038967370987,0.022986944764852524,0.023582108318805695,0.02315814606845379,0.021445874124765396,0.022695839405059814,0.02065613865852356,8.336147249490022,1.055446982383728,1.0470224618911743,0.9857027530670166,1.0270686149597168,0.9282611012458801,0.025628071278333664,0.028334323316812515,0.022600755095481873,0.03452664241194725,0.02719409205019474,0.03656144440174103,0.0954323559999466,0.056454453617334366,0.1321462243795395,0.38454294204711914,0.04798223823308945,0.02896532416343689,0.042368050664663315,0.22038471698760986,0.03038913570344448,4.49590539932251,0.32658877968788147,0.3745889961719513,0.21423597633838654,0.16415362060070038,0.031971365213394165,0.02818063460290432,0.3917544484138489,0.06294740736484528,0.023609468713402748,15000,450000,19200,484200
8,23,X9,0.7141682775592004,5.609945010393858,1.0552235841751099,1.0464363098144531,0.9853439331054688,1.02696692943573,0.9282014966011047,0.021286088973283768,0.020314998924732208,0.021669169887900352,0.02522713504731655,0.025826482102274895,0.023088328540325165,0.02246975712478161,0.023705540224909782,0.020667072385549545,0.024177972227334976,0.023254139348864555,0.024116821587085724,0.02218097448348999,0.023448076099157333,0.022716805338859558,0.023479267954826355,0.020691154524683952,0.023235347121953964,0.021723013371229172,0.022984903305768967,0.023588398471474648,0.02313031256198883,0.021447261795401573,0.02268674410879612,0.020656991750001907,9.907391064241528,1.0552235841751099,1.0464363098144531,0.9853439331054688,1.02696692943573,0.9282014966011047,0.026066653430461884,0.023409519344568253,0.02349087968468666,0.0388002023100853,0.024767989292740822,0.02876792661845684,0.08095355331897736,0.04866800829768181,0.14349070191383362,0.3843710422515869,0.04248996078968048,0.0314880795776844,0.04440357908606529,0.21146036684513092,0.02884770929813385,6.178508281707764,0.3159174621105194,0.344791978597641,0.2066773623228073,0.1335059106349945,0.0324188768863678,0.02928226999938488,0.4003269672393799,0.055609315633773804,0.020442016422748566,15000,450000,19200,484200
8,24,X21,-2.8579183794869234,5.6098252311348915,1.0549179315567017,1.0470445156097412,0.9847546815872192,1.027029037475586,0.9284566044807434,0.02125590480864048,0.020267413929104805,0.021685000509023666,0.025223450735211372,0.025741301476955414,0.02311861887574196,0.02248919941484928,0.023685555905103683,0.020696628838777542,0.024164140224456787,0.02324194274842739,0.024134380742907524,0.022199280560016632,0.02343064732849598,0.022708209231495857,0.02343822456896305,0.02072085253894329,0.023243533447384834,0.021750202402472496,0.022992782294750214,0.023595966398715973,0.023106541484594345,0.021428868174552917,0.02266613021492958,0.02063768357038498,9.958537727594376,1.0549179315567017,1.0470445156097412,0.9847546815872192,1.027029037475586,0.9284566044807434,0.025675352662801743,0.021252159029245377,0.01941751502454281,0.032393679022789,0.02736971154808998,0.03118915669620037,0.09526152163743973,0.05030268430709839,0.11426638811826706,0.34269243478775024,0.046532128006219864,0.03384295478463173,0.04141975939273834,0.19108276069164276,0.027851015329360962,6.391965866088867,0.2266010344028473,0.3374403119087219,0.22794510424137115,0.1322883665561676,0.03037402778863907,0.028250887989997864,0.39479631185531616,0.05520934239029884,0.024676699191331863,15000,450000,19200,484200
9,0,X29,-1.815642853215941,7.00464035756886,1.0589874982833862,1.0650429725646973,1.0021814107894897,1.0423334836959839,0.9359458684921265,0.19678710401058197,0.1635553240776062,0.08462131768465042,0.09665385633707047,0.028595589101314545,0.04244893789291382,0.11763633787631989,0.05555843189358711,0.052705828100442886,0.15185800194740295,0.13996736705303192,0.028811553493142128,0.04019840061664581,0.03334447368979454,0.039590172469615936,0.05911596864461899,0.06738214939832687,0.11145535856485367,0.06502613425254822,0.03490695729851723,0.030332988128066063,0.053727954626083374,0.02651434950530529,0.11889845877885818,0.060456108301877975,24.47622205838561,1.0589874982833862,1.0650429725646973,1.0021814107894897,1.0423334836959839,0.9359458684921265,1.170750379562378,0.7306923270225525,0.4470002353191376,0.22500410676002502,0.05141396075487137,0.09760728478431702,0.7523226141929626,0.5565152764320374,1.117064356803894,2.371563673019409,1.426201343536377,0.04491688683629036,0.31513652205467224,0.2884649634361267,0.6459490060806274,2.074486494064331,1.484390377998352,2.16513991355896,2.152071475982666,1.0107563734054565,0.3834986388683319,1.5162311792373657,0.5542265176773071,0.9271445274353027,0.9467753767967224,15000,450000,19200,484200
9,1,X19,-4.704378111270366,5.900134542956948,1.0644947290420532,1.0756349563598633,1.0119370222091675,1.042954921722412,0.9362938404083252,0.044651132076978683,0.037159912288188934,0.03394457325339317,0.040879812091588974,0.025918297469615936,0.023181462660431862,0.03519478812813759,0.027330493554472923,0.024241341277956963,0.05295644327998161,0.03795655816793442,0.025741955265402794,0.027249930426478386,0.026494117453694344,0.03128092736005783,0.044656168669462204,0.025971094146370888,0.029783962294459343,0.025898819789290428,0.024570295587182045,0.024405675008893013,0.023888828232884407,0.023076876997947693,0.024562682956457138,0.02782292477786541,9.978689965233206,1.0644947290420532,1.0756349563598633,1.0119370222091675,1.042954921722412,0.9362938404083252,0.21178436279296875,0.09889204055070877,0.145109161734581,0.1328871101140976,0.025391029193997383,0.07977988570928574,0.22772645950317383,0.11852787435054779,0.36439257860183716,1.1637846231460571,0.2731616199016571,0.04390058293938637,0.15953977406024933,0.21514059603214264,0.5041599869728088,1.1333991289138794,0.4746451675891876,0.7936261892318726,0.7802151441574097,0.4066578447818756,0.17802077531814575,0.29492688179016113,0.28935009241104126,0.18305911123752594,0.6543488502502441,15000,450000,19200,484200
9,2,X23,-1.8831470114451587,5.749366648495197,1.0586620569229126,1.0804380178451538,0.988155722618103,1.0393446683883667,0.9391295909881592,0.02852819114923477,0.026474028825759888,0.024658802896738052,0.03387092426419258,0.025938881561160088,0.02331838570535183,0.023650391027331352,0.024646256119012833,0.021177418529987335,0.03441635146737099,0.025110498070716858,0.0249627772718668,0.025903325527906418,0.025463104248046875,0.025609416887164116,0.027919024229049683,0.023471664637327194,0.027195828035473824,0.023462660610675812,0.02377495728433132,0.024027077481150627,0.0224436167627573,0.022525925189256668,0.022976605221629143,0.03211047872900963,6.123233218491078,1.0586620569229126,1.0804380178451538,0.988155722618103,1.0393446683883667,0.9391295909881592,0.07086800038814545,0.04309931397438049,0.038365792483091354,0.08024384081363678,0.022898133844137192,0.11416272819042206,0.0987081453204155,0.06260060518980026,0.10006901621818542,0.4964594841003418,0.04499576613306999,0.033477913588285446,0.1271534413099289,0.2663637399673462,0.21039684116840363,0.5952414274215698,0.3758227825164795,0.8339037895202637,0.44842401146888733,0.28182587027549744,0.09392064064741135,0.1770261824131012,0.22323299944400787,0.09127850830554962,0.17154823243618011,15000,450000,19200,484200
9,3,X16,0.7555646261482005,5.676091527566314,1.0545884370803833,1.0752557516098022,0.9898751378059387,1.0348730087280273,0.9282461404800415,0.02522497996687889,0.022992774844169617,0.023739652708172798,0.028755495324730873,0.02584712952375412,0.023195495828986168,0.022871313616633415,0.024289963766932487,0.02070997655391693,0.025531640276312828,0.024116355925798416,0.02455555647611618,0.02353464625775814,0.02393248863518238,0.022458625957369804,0.025568019598722458,0.021973948925733566,0.02573489025235176,0.021936651319265366,0.02350589446723461,0.023809516802430153,0.02306397631764412,0.02161155827343464,0.023006506264209747,0.021285993978381157,4.491160699352622,1.0545884370803833,1.0752557516098022,0.9898751378059387,1.0348730087280273,0.9282461404800415,0.04773475229740143,0.036561738699674606,0.03823085129261017,0.048909496515989304,0.02211105078458786,0.03010684624314308,0.06380751729011536,0.03800460696220398,0.03177614510059357,0.13521020114421844,0.03145540505647659,0.026542503386735916,0.06385728716850281,0.17391274869441986,0.031002698466181755,0.3860991895198822,0.365079402923584,0.7035934329032898,0.2625136971473694,0.32874277234077454,0.06221067160367966,0.22029821574687958,0.07525181025266647,0.19264934957027435,0.05893061310052872,15000,450000,19200,484200
9,4,X9,1.21272266403734,5.663842378184199,1.054722547531128,1.0730377435684204,0.9900103807449341,1.0318522453308105,0.9278393983840942,0.024344632402062416,0.022303776815533638,0.023625770583748817,0.02742721326649189,0.025951024144887924,0.02316001057624817,0.022584138438105583,0.02378137968480587,0.02074863389134407,0.025271430611610413,0.0236334428191185,0.02445526421070099,0.02291961945593357,0.023829003795981407,0.02250930480659008,0.025286460295319557,0.02161271497607231,0.02552291378378868,0.021690303459763527,0.023286888375878334,0.023695051670074463,0.02275480143725872,0.021816981956362724,0.02291850745677948,0.02125079371035099,4.255285605415702,1.054722547531128,1.0730377435684204,0.9900103807449341,1.0318522453308105,0.9278393983840942,0.0429617203772068,0.03021656535565853,0.034802716225385666,0.04246729984879494,0.023815052583813667,0.02685823105275631,0.05949462577700615,0.0328940823674202,0.03428937494754791,0.11366328597068787,0.029155584052205086,0.03303274139761925,0.050218962132930756,0.14627696573734283,0.02716977335512638,0.3869318962097168,0.3766365349292755,0.6561453938484192,0.1860610395669937,0.1610799878835678,0.06128867343068123,0.3626925051212311,0.04116133600473404,0.22199827432632446,0.05848051980137825,15000,450000,19200,484200
9,5,X1,4.340889820269572,5.64999376796186,1.055069088935852,1.0664350986480713,0.986921489238739,1.0311328172683716,0.9285139441490173,0.02373446337878704,0.022028489038348198,0.023292463272809982,0.026609666645526886,0.026013169437646866,0.023135848343372345,0.02242814004421234,0.023628614842891693,0.020709427073597908,0.02531888708472252,0.02345672808587551,0.02437444217503071,0.02287287637591362,0.023703807964920998,0.02266503870487213,0.02478170022368431,0.021456977352499962,0.025058940052986145,0.021594641730189323,0.02323053404688835,0.02361251600086689,0.02244911901652813,0.0216694213449955,0.022960906848311424,0.02113451063632965,3.890202882513404,1.055069088935852,1.0664350986480713,0.986921489238739,1.0311328172683716,0.9285139441490173,0.03372591361403465,0.027294743806123734,0.029588215053081512,0.03912973403930664,0.024775231257081032,0.029089046642184258,0.04632831737399101,0.03149661421775818,0.1838584691286087,0.11393318325281143,0.025206025689840317,0.023734919726848602,0.052826713770627975,0.0887814462184906,0.021356435492634773,0.3537601828575134,0.3875353932380676,0.6232403516769409,0.16780079901218414,0.14288382232189178,0.051076605916023254,0.08757157623767853,0.05563466250896454,0.17667585611343384,0.059284135699272156,15000,450000,19200,484200
9,6,X28,3.945700449407811,5.626757830381393,1.0570580959320068,1.0493409633636475,0.9841548204421997,1.0311883687973022,0.9279845952987671,0.023072168231010437,0.02168385684490204,0.022976558655500412,0.025840329006314278,0.025685295462608337,0.02312481962144375,0.022302793338894844,0.023489084094762802,0.020749399438500404,0.025356624275445938,0.02312488667666912,0.024340340867638588,0.022731857374310493,0.023727966472506523,0.022715745493769646,0.024233007803559303,0.02111668325960636,0.024760911241173744,0.021637381985783577,0.023244163021445274,0.023532822728157043,0.022239625453948975,0.021745864301919937,0.02283315360546112,0.020765647292137146,4.329750648140907,1.0570580959320068,1.0493409633636475,0.9841548204421997,1.0311883687973022,0.9279845952987671,0.037108082324266434,0.03605528175830841,0.028688402846455574,0.03719574213027954,0.022843271493911743,0.031005583703517914,0.04489791765809059,0.029174696654081345,0.5787009596824646,0.11508097499608994,0.02685811184346676,0.024457445368170738,0.04939469322562218,0.08776655048131943,0.024142561480402946,0.3168083429336548,0.3518267869949341,0.6302626729011536,0.1408170461654663,0.10582272708415985,0.05601271986961365,0.10550249367952347,0.20324869453907013,0.1812957525253296,0.05483776703476906,15000,450000,19200,484200
9,7,X13,0.26916556227302024,5.624256659299135,1.0560493469238281,1.0487849712371826,0.9839473366737366,1.0317341089248657,0.9278743863105774,0.022898999974131584,0.02170737273991108,0.022859402000904083,0.02570587955415249,0.025709252804517746,0.023103944957256317,0.02228325605392456,0.023491252213716507,0.020774373784661293,0.025336917489767075,0.02303154021501541,0.02430364489555359,0.0227362010627985,0.02366890013217926,0.02274954877793789,0.024056868627667427,0.021003764122724533,0.02465258724987507,0.02152119390666485,0.023199792951345444,0.023488687351346016,0.022265149280428886,0.021718395873904228,0.022880390286445618,0.020719192922115326,4.41713540032506,1.0560493469238281,1.0487849712371826,0.9839473366737366,1.0317341089248657,0.9278743863105774,0.04120926558971405,0.03301624581217766,0.0273306742310524,0.03266257792711258,0.02159845642745495,0.03183528408408165,0.04632888361811638,0.0236502755433321,0.7213831543922424,0.07738815248012543,0.027403099462389946,0.025093134492635727,0.05366431921720505,0.0769219696521759,0.023021066561341286,0.3606540858745575,0.31347042322158813,0.5812668204307556,0.15358568727970123,0.09824765473604202,0.05160113796591759,0.06646852940320969,0.27704092860221863,0.180763378739357,0.061852164566516876,15000,450000,19200,484200
9,8,X6,0.33155856831704256,5.62074782140553,1.0553126335144043,1.0476127862930298,0.9840726852416992,1.0313475131988525,0.9279040694236755,0.022736378014087677,0.021470749750733376,0.022689322009682655,0.025607211515307426,0.025647826492786407,0.023121356964111328,0.022274740040302277,0.023516550660133362,0.02076873742043972,0.02532328851521015,0.022987177595496178,0.024306612089276314,0.022709881886839867,0.02356407605111599,0.022745555266737938,0.023978207260370255,0.020996514707803726,0.024564824998378754,0.021434074267745018,0.02320070005953312,0.023431377485394478,0.02226417325437069,0.02165575698018074,0.02281992696225643,0.020683113485574722,4.611795351654291,1.0553126335144043,1.0476127862930298,0.9840726852416992,1.0313475131988525,0.9279040694236755,0.05188244953751564,0.032551173120737076,0.023250725120306015,0.03676486387848854,0.02584901452064514,0.03147114813327789,0.043379995971918106,0.02575233019888401,0.8668596744537354,0.10142122209072113,0.030748559162020683,0.02371133863925934,0.05466591939330101,0.06897127628326416,0.021798379719257355,0.3197832405567169,0.3440494239330292,0.5630548596382141,0.11133773624897003,0.09912198036909103,0.04475879296660423,0.07149610668420792,0.33477285504341125,0.21760354936122894,0.05748879909515381,15000,450000,19200,484200
9,9,X7,0.48615473870866044,5.619041442871094,1.055690050125122,1.0500034093856812,0.983579158782959,1.0294976234436035,0.927993893623352,0.02233562059700489,0.021379519253969193,0.022364076226949692,0.025445157662034035,0.025629417970776558,0.02307276241481304,0.022317873314023018,0.02347242459654808,0.020772214978933334,0.02530325949192047,0.02294325642287731,0.024366158992052078,0.022631792351603508,0.023467937484383583,0.022830680012702942,0.023786086589097977,0.020901603624224663,0.0242310743778944,0.02139005810022354,0.023186257109045982,0.023347286507487297,0.022279318422079086,0.02152291312813759,0.02268807776272297,0.020612480118870735,5.097769716382027,1.055690050125122,1.0500034093856812,0.983579158782959,1.0294976234436035,0.927993893623352,0.05243794992566109,0.031312473118305206,0.025675999000668526,0.03361232578754425,0.029539979994297028,0.03419048339128494,0.037396594882011414,0.02621539682149887,1.0332317352294922,0.10468809306621552,0.02740360237658024,0.02443194016814232,0.054686546325683594,0.06559747457504272,0.024068661034107208,0.31845247745513916,0.31304797530174255,0.514279305934906,0.11790290474891663,0.09965451061725616,0.032098300755023956,0.08936458826065063,0.5178754329681396,0.4292694628238678,0.05198267474770546,15000,450000,19200,484200
9,10,X8,0.3228008362125303,5.619673980399966,1.055715799331665,1.0507488250732422,0.9836307168006897,1.030217170715332,0.927857518196106,0.022275123745203018,0.021204907447099686,0.022332357242703438,0.02541014924645424,0.02564932592213154,0.0230425838381052,0.02231709472835064,0.023478113114833832,0.020749501883983612,0.02527862787246704,0.022932585328817368,0.024347899481654167,0.022611530497670174,0.02348279394209385,0.02287638932466507,0.0236511267721653,0.020938636735081673,0.02410030923783779,0.021327510476112366,0.023044325411319733,0.023322565481066704,0.022274641320109367,0.02150927484035492,0.02270793542265892,0.020638640969991684,5.171039489284158,1.055715799331665,1.0507488250732422,0.9836307168006897,1.030217170715332,0.927857518196106,0.0402010902762413,0.028811002150177956,0.025424590334296227,0.03582358732819557,0.028361063450574875,0.03207710385322571,0.03780175745487213,0.02277890220284462,1.0436969995498657,0.10261639207601547,0.0321224182844162,0.030518965795636177,0.05178272724151611,0.06547728180885315,0.025891628116369247,0.29257550835609436,0.2994168996810913,0.51100754737854,0.1361740529537201,0.08874402940273285,0.032042328268289566,0.09899366647005081,0.5298935174942017,0.5070783495903015,0.0620940737426281,15000,450000,19200,484200
9,11,X27,4.310173880967854,5.6185239646583796,1.0557934045791626,1.0504708290100098,0.9835478067398071,1.0300273895263672,0.9278492331504822,0.022221507504582405,0.02106507681310177,0.022285543382167816,0.025410396978259087,0.025629287585616112,0.023013973608613014,0.022358253598213196,0.023452648892998695,0.020748091861605644,0.025230687111616135,0.02295628748834133,0.024352043867111206,0.0226010549813509,0.023469196632504463,0.022870054468512535,0.023540349677205086,0.020896539092063904,0.02407962828874588,0.021302558481693268,0.022966332733631134,0.023280106484889984,0.022265968844294548,0.02153031714260578,0.02265024557709694,0.020659150555729866,5.441169835999608,1.0557934045791626,1.0504708290100098,0.9835478067398071,1.0300273895263672,0.9278492331504822,0.043462879955768585,0.03083529695868492,0.025436673313379288,0.03685623034834862,0.03391891345381737,0.03407865762710571,0.03654992952942848,0.024106571450829506,1.175425410270691,0.08861677348613739,0.029209069907665253,0.031307052820920944,0.05057009309530258,0.0669381320476532,0.027566559612751007,0.2896539568901062,0.3180980086326599,0.47579872608184814,0.13050414621829987,0.08974892646074295,0.031722355633974075,0.11031848192214966,0.6457793116569519,0.5519291162490845,0.05320082977414131,15000,450000,19200,484200
9,12,X9,-1.1893746596195562,5.622167909517884,1.0568791627883911,1.0497334003448486,0.9844926595687866,1.0337580442428589,0.9278703927993774,0.022031821310520172,0.020730361342430115,0.022126223891973495,0.025381168350577354,0.025527648627758026,0.02299617975950241,0.022302871569991112,0.023437628522515297,0.02074735052883625,0.0250722486525774,0.022961067035794258,0.024337230250239372,0.02259877696633339,0.02344794012606144,0.022792883217334747,0.023493362590670586,0.02081134170293808,0.023912066593766212,0.021307148039340973,0.022955559194087982,0.023302406072616577,0.022320108488202095,0.021507827565073967,0.022667933255434036,0.02066509611904621,5.7480552580207585,1.0568791627883911,1.0497334003448486,0.9844926595687866,1.0337580442428589,0.9278703927993774,0.03421615809202194,0.03138715401291847,0.026508651673793793,0.037121549248695374,0.0333886481821537,0.02997998706996441,0.03977884724736214,0.025295628234744072,0.9729438424110413,0.11465798318386078,0.0283528883010149,0.031159577891230583,0.042455676943063736,0.07719646394252777,0.025903871282935143,0.3033302426338196,0.28815948963165283,0.4683625400066376,0.11221383512020111,0.09373538196086884,0.04149119183421135,0.1082250103354454,0.966513991355896,0.7523936629295349,0.052736252546310425,15000,450000,19200,484200
9,13,X8,4.890866870334252,5.6224071606993675,1.0566062927246094,1.0483007431030273,0.9849557876586914,1.035499095916748,0.9280757904052734,0.02193482033908367,0.020652752369642258,0.022101018577814102,0.025347838178277016,0.025534488260746002,0.02299834042787552,0.02233513630926609,0.023448361083865166,0.020756151527166367,0.02501779794692993,0.02296862006187439,0.02433459274470806,0.022607194259762764,0.023414714261889458,0.022758832201361656,0.023481441661715508,0.02076726220548153,0.023890698328614235,0.021277621388435364,0.022930415347218513,0.023316623643040657,0.02230697125196457,0.02145785093307495,0.02266526222229004,0.020664645358920097,6.108176224678755,1.0566062927246094,1.0483007431030273,0.9849557876586914,1.035499095916748,0.9280757904052734,0.03967982530593872,0.02871822938323021,0.022173546254634857,0.035212934017181396,0.035592664033174515,0.02981533296406269,0.03602316975593567,0.02331709675490856,1.1725717782974243,0.11216683685779572,0.0284468661993742,0.03437720239162445,0.05113125592470169,0.07882318645715714,0.028068454936146736,0.28897902369499207,0.302855521440506,0.45671775937080383,0.1349523663520813,0.08999911695718765,0.038624584674835205,0.09739543497562408,1.2121518850326538,0.6636437773704529,0.05605083331465721,15000,450000,19200,484200
9,14,X3,-0.4065226645230391,5.618976881727576,1.0561391115188599,1.0467982292175293,0.9849116206169128,1.0346803665161133,0.9280869960784912,0.02186637930572033,0.020600493997335434,0.02208525873720646,0.025318168103694916,0.025499794632196426,0.023002110421657562,0.022337401285767555,0.023421717807650566,0.02071361616253853,0.024899067357182503,0.022976363077759743,0.024340851232409477,0.022599920630455017,0.023385029286146164,0.022715244442224503,0.023479551076889038,0.02074548974633217,0.023821761831641197,0.021218936890363693,0.022859685122966766,0.023334329947829247,0.022367117926478386,0.021437492221593857,0.022665083408355713,0.020669693127274513,6.22100065164268,1.0561391115188599,1.0467982292175293,0.9849116206169128,1.0346803665161133,0.9280869960784912,0.04116254299879074,0.03206143528223038,0.022322049364447594,0.03295142576098442,0.024455102160573006,0.033148594200611115,0.033596016466617584,0.025242388248443604,1.2001512050628662,0.10136817395687103,0.0275906752794981,0.035879041999578476,0.04796340689063072,0.08898448199033737,0.02906443178653717,0.25886350870132446,0.2611122131347656,0.4360863268375397,0.12869472801685333,0.07935528457164764,0.0395105704665184,0.0988198071718216,1.4293333292007446,0.6488056778907776,0.054354969412088394,15000,450000,19200,484200
9,15,X9,-1.0405572091023552,5.618630861863494,1.0568114519119263,1.045792818069458,0.9853469133377075,1.0347435474395752,0.9284167289733887,0.021797223016619682,0.020468227565288544,0.021928608417510986,0.025369377806782722,0.025492187589406967,0.023033613339066505,0.022323204204440117,0.02340436540544033,0.02074049971997738,0.02486259676516056,0.02296111360192299,0.024370167404413223,0.02264218032360077,0.02333046868443489,0.022702541202306747,0.02338319830596447,0.020712729543447495,0.02367962710559368,0.021167732775211334,0.022812584415078163,0.023280762135982513,0.022390171885490417,0.021389156579971313,0.022676147520542145,0.02060091681778431,6.6363551955670115,1.0568114519119263,1.045792818069458,0.9853469133377075,1.0347435474395752,0.9284167289733887,0.03144673630595207,0.028108781203627586,0.023726552724838257,0.03476877510547638,0.02565881423652172,0.026827087625861168,0.031845368444919586,0.02522711083292961,1.2952656745910645,0.09322956204414368,0.025881025940179825,0.043108854442834854,0.04912805184721947,0.10011310130357742,0.03151687607169151,0.213603213429451,0.24845851957798004,0.4169096350669861,0.1302081048488617,0.0817471370100975,0.039453502744436264,0.11191998422145844,1.7079004049301147,0.7491102814674377,0.060969747602939606,15000,450000,19200,484200
9,16,X22,-0.5381782078698709,5.617929793894291,1.0561023950576782,1.0459568500518799,0.9850702881813049,1.0353591442108154,0.9281736612319946,0.02178514562547207,0.020456314086914062,0.021891599521040916,0.025388013571500778,0.02551821619272232,0.02302708476781845,0.02231167070567608,0.023391589522361755,0.020784134045243263,0.024783408269286156,0.02297946996986866,0.024394463747739792,0.02264481969177723,0.023323029279708862,0.02270115353167057,0.02337062917649746,0.020707931369543076,0.023563798516988754,0.021158156916499138,0.02280612103641033,0.023278985172510147,0.022379262372851372,0.021365372464060783,0.022674784064292908,0.020582301542162895,6.5514495767652985,1.0561023950576782,1.0459568500518799,0.9850702881813049,1.0353591442108154,0.9281736612319946,0.035092853009700775,0.02917272225022316,0.02117515727877617,0.03728614002466202,0.02268475666642189,0.029334764927625656,0.03239254280924797,0.022563939914107323,0.7204696536064148,0.1078091710805893,0.026091722771525383,0.04089057072997093,0.0446615070104599,0.07876446098089218,0.0375651940703392,0.2950020134449005,0.2604525089263916,0.4431168735027313,0.12298412621021271,0.07991426438093185,0.04205290600657463,0.11019612848758698,1.9759036302566528,0.8714184761047363,0.05432102456688881,15000,450000,19200,484200
9,17,X6,1.578932574469123,5.616897193714976,1.0564088821411133,1.0460106134414673,0.9847304821014404,1.0346823930740356,0.9281694293022156,0.021808434277772903,0.020447198301553726,0.02189556695520878,0.02543731778860092,0.025514520704746246,0.023032862693071365,0.022324657067656517,0.02337903156876564,0.020764583721756935,0.024608712643384933,0.02297627180814743,0.024361956864595413,0.0226234532892704,0.023332811892032623,0.022731544449925423,0.02335110679268837,0.020692670717835426,0.023483963683247566,0.021183906123042107,0.022765442728996277,0.023279288783669472,0.02233973704278469,0.021348580718040466,0.02264074608683586,0.0205710269510746,6.189621395245195,1.0564088821411133,1.0460106134414673,0.9847304821014404,1.0346823930740356,0.9281694293022156,0.03131785988807678,0.026231642812490463,0.02630024030804634,0.03317444026470184,0.026060115545988083,0.030440619215369225,0.03850335255265236,0.02125956304371357,0.6004922389984131,0.08726724237203598,0.02215510793030262,0.04142356291413307,0.05056231841444969,0.08233682066202164,0.032642316073179245,0.23710080981254578,0.256339967250824,0.3782256543636322,0.12198131531476974,0.08476214110851288,0.040886927396059036,0.12266635149717331,1.7777585983276367,0.9477914571762085,0.06194037199020386,15000,450000,19200,484200
9,18,X10,-0.38000505626300995,5.624142298474908,1.0587046146392822,1.0499287843704224,0.986068069934845,1.0344802141189575,0.928221583366394,0.021815892308950424,0.02033410221338272,0.02184247225522995,0.02542748674750328,0.025474630296230316,0.02304084599018097,0.022341923788189888,0.023453930392861366,0.020724087953567505,0.024482062086462975,0.022948825731873512,0.02436879836022854,0.022575728595256805,0.02335922233760357,0.022695336490869522,0.023338530212640762,0.02070712111890316,0.023461632430553436,0.02121880277991295,0.02282612957060337,0.023319773375988007,0.02233630046248436,0.021365946158766747,0.02269950695335865,0.02057994343340397,6.086770260334015,1.0587046146392822,1.0499287843704224,0.986068069934845,1.0344802141189575,0.928221583366394,0.035089194774627686,0.028826644644141197,0.01924964226782322,0.03563430905342102,0.02287483774125576,0.032126013189554214,0.03695071488618851,0.02371308207511902,0.5282244682312012,0.092819444835186,0.024812011048197746,0.03627678379416466,0.04720986634492874,0.07589804381132126,0.033353012055158615,0.2834126949310303,0.23056776821613312,0.41804689168930054,0.09878422319889069,0.06210992485284805,0.038537755608558655,0.13827982544898987,1.8870811462402344,0.7776862382888794,0.06772506982088089,15000,450000,19200,484200
9,19,X30,2.545271905954662,5.624631280079484,1.0588747262954712,1.050108551979065,0.9862400889396667,1.0345890522003174,0.9282194375991821,0.02182113006711006,0.0203187745064497,0.021874481812119484,0.025409577414393425,0.02547723427414894,0.02303542196750641,0.022329892963171005,0.02347152680158615,0.020724957808852196,0.02441171184182167,0.022948939353227615,0.02437242679297924,0.02254851721227169,0.023356910794973373,0.02267126739025116,0.023333940654993057,0.020698560401797295,0.023444736376404762,0.021226854994893074,0.022800926119089127,0.02332199178636074,0.022332845255732536,0.021381800994277,0.02271013893187046,0.02057485654950142,6.262786399945616,1.0588747262954712,1.050108551979065,0.9862400889396667,1.0345890522003174,0.9282194375991821,0.03572167828679085,0.02759687975049019,0.022211631760001183,0.03347623348236084,0.025843653827905655,0.03174564987421036,0.036166608333587646,0.023827379569411278,0.5014155507087708,0.10121726989746094,0.02637760154902935,0.04718692600727081,0.0455300472676754,0.08316967636346817,0.03686029091477394,0.3386509418487549,0.27125683426856995,0.40200769901275635,0.11572399735450745,0.0672006830573082,0.04439961910247803,0.1340426504611969,1.9843746423721313,0.7552379965782166,0.05993788689374924,15000,450000,19200,484200
9,20,X13,-0.490964065859556,5.622782275080681,1.0590592622756958,1.0490278005599976,0.9860756397247314,1.034116268157959,0.9281768202781677,0.021794751286506653,0.020257525146007538,0.02184709534049034,0.025365466251969337,0.02546648308634758,0.023045463487505913,0.022317184135317802,0.023468563333153725,0.02073664404451847,0.024384913966059685,0.022964434698224068,0.02436819300055504,0.022527683526277542,0.023360546678304672,0.022656768560409546,0.023310579359531403,0.020677536725997925,0.023434465751051903,0.021211985498666763,0.022804826498031616,0.023329025134444237,0.022355349734425545,0.021365657448768616,0.02269548363983631,0.020579857751727104,6.480856231227517,1.0590592622756958,1.0490278005599976,0.9860756397247314,1.034116268157959,0.9281768202781677,0.039475709199905396,0.02783472277224064,0.022116467356681824,0.03498384356498718,0.0214775912463665,0.03276308998465538,0.034451257437467575,0.023603199049830437,0.5392641425132751,0.09668219089508057,0.027831727638840675,0.049819622188806534,0.048459943383932114,0.08631577342748642,0.03464437648653984,0.25961363315582275,0.2468225359916687,0.3559613525867462,0.0990036204457283,0.07814846187829971,0.046769879758358,0.12555791437625885,2.2211968898773193,0.8593028783798218,0.057464249432086945,15000,450000,19200,484200
9,21,X23,3.457074622579789,5.620329884812236,1.0574263334274292,1.0490078926086426,0.9857136011123657,1.034166693687439,0.9279137253761292,0.02175965905189514,0.020269980654120445,0.021883778274059296,0.025341030210256577,0.02546520158648491,0.02308826521039009,0.022319484502077103,0.023422565311193466,0.02072676084935665,0.024342739954590797,0.02301586978137493,0.024393165484070778,0.02247403748333454,0.02333655394613743,0.022645633667707443,0.023224495351314545,0.020654262974858284,0.023292426019906998,0.02131093293428421,0.022732798010110855,0.02331448905169964,0.02233670838177204,0.021416908130049706,0.022702815011143684,0.020631076768040657,6.309445639327168,1.0574263334274292,1.0490078926086426,0.9857136011123657,1.034166693687439,0.9279137253761292,0.028163187205791473,0.025506623089313507,0.022615348920226097,0.03332899510860443,0.02236771024763584,0.030744068324565887,0.03391101583838463,0.02253805287182331,0.6009790301322937,0.09453024715185165,0.025559913367033005,0.046278901398181915,0.0405200719833374,0.09114787727594376,0.03228335455060005,0.303923100233078,0.25329434871673584,0.38845396041870117,0.09279850870370865,0.057925790548324585,0.037932638078927994,0.12214276939630508,2.1344027519226074,0.7065773606300354,0.05067436397075653,15000,450000,19200,484200
9,22,X21,3.8023305582086007,5.619777666404843,1.0571457147598267,1.0484797954559326,0.9861072897911072,1.0340070724487305,0.9279198050498962,0.021760879084467888,0.020282594487071037,0.021892337128520012,0.025337830185890198,0.025464104488492012,0.02308100089430809,0.022328391671180725,0.02340150624513626,0.020724736154079437,0.024338582530617714,0.023032350465655327,0.024374740198254585,0.022471405565738678,0.0233339611440897,0.022639110684394836,0.023220067843794823,0.02065868116915226,0.023259352892637253,0.02134006842970848,0.02272120490670204,0.02333296649158001,0.022351764142513275,0.02143826335668564,0.022699574008584023,0.020632514730095863,6.025088682770729,1.0571457147598267,1.0484797954559326,0.9861072897911072,1.0340070724487305,0.9279198050498962,0.03234122321009636,0.026944326236844063,0.023890014737844467,0.03141254559159279,0.02339806966483593,0.03043544478714466,0.03935839235782623,0.02230757102370262,0.5881412029266357,0.08700884878635406,0.02428348921239376,0.047235917299985886,0.04507339373230934,0.1043102890253067,0.033291082829236984,0.30126550793647766,0.22190015017986298,0.3193894326686859,0.0765739232301712,0.06150097772479057,0.043133512139320374,0.14009682834148407,2.0201961994171143,0.6186934113502502,0.052174992859363556,15000,450000,19200,484200
9,23,X20,2.643541417476327,5.619438469409943,1.0573647022247314,1.0478143692016602,0.9861486554145813,1.0341360569000244,0.9279793500900269,0.02177288755774498,0.020291799679398537,0.021874219179153442,0.02533539943397045,0.025482628494501114,0.023078378289937973,0.022342396900057793,0.02339192107319832,0.020726405084133148,0.024321306496858597,0.023044094443321228,0.02436658926308155,0.022449105978012085,0.023322632536292076,0.022629546001553535,0.02319781295955181,0.020630862563848495,0.023238860070705414,0.021333955228328705,0.02271360158920288,0.023352326825261116,0.02236098237335682,0.02140183188021183,0.022703301161527634,0.020632490515708923,5.838496848568321,1.0573647022247314,1.0478143692016602,0.9861486554145813,1.0341360569000244,0.9279793500900269,0.0237375907599926,0.028852686285972595,0.024232512339949608,0.031185567378997803,0.024077268317341805,0.03057357296347618,0.03665602207183838,0.023526275530457497,0.5753397941589355,0.10132569074630737,0.024195045232772827,0.04732753708958626,0.04048248752951622,0.10516650229692459,0.03598234802484512,0.2679900527000427,0.2631393074989319,0.3479185700416565,0.08921892940998077,0.05426253750920296,0.037522993981838226,0.11876843869686127,1.786089301109314,0.6540600061416626,0.056177183985710144,15000,450000,19200,484200
9,24,X10,-0.09324882771371801,5.615983897820115,1.0560694932937622,1.0459963083267212,0.986663281917572,1.0334618091583252,0.9279729723930359,0.021760176867246628,0.020339399576187134,0.021872086450457573,0.025319326668977737,0.025476844981312752,0.023076452314853668,0.02231510356068611,0.023363079875707626,0.02072887122631073,0.024268751963973045,0.023056160658597946,0.024368908256292343,0.022391602396965027,0.023305797949433327,0.022636475041508675,0.023131702095270157,0.020569801330566406,0.02327267825603485,0.021348681300878525,0.02268463373184204,0.02333878166973591,0.022451722994446754,0.021389633417129517,0.022729722782969475,0.02062363736331463,5.814621636644006,1.0560694932937622,1.0459963083267212,0.986663281917572,1.0334618091583252,0.9279729723930359,0.02637792006134987,0.026488838717341423,0.0219555851072073,0.0306997112929821,0.023152299225330353,0.03098522312939167,0.03241107985377312,0.026682542636990547,0.5213175415992737,0.0886821299791336,0.024262307211756706,0.04013070836663246,0.039742931723594666,0.08702778071165085,0.035898059606552124,0.3418591320514679,0.23778532445430756,0.364567369222641,0.08034486323595047,0.04993006959557533,0.04062416031956673,0.08562535047531128,1.8665621280670166,0.6246210336685181,0.05685477331280708,15000,450000,19200,484200
10,0,X22,-3.7051946690062163,6.830975649878383,1.0578973293304443,1.0438320636749268,0.9852999448776245,1.0397891998291016,0.9373525977134705,0.03837810456752777,0.08475342392921448,0.03653731197118759,0.06140205264091492,0.1331716626882553,0.023770645260810852,0.033161818981170654,0.06397883594036102,0.024292703717947006,0.2724401354789734,0.07656116038560867,0.03188015893101692,0.028863592073321342,0.03809662535786629,0.02411787211894989,0.13228516280651093,0.2248075008392334,0.12300258874893188,0.08032438904047012,0.034869223833084106,0.05547618120908737,0.04280752316117287,0.04855741932988167,0.02259395830333233,0.030674463137984276,24.542728314548732,1.0578973293304443,1.0438320636749268,0.9852999448776245,1.0397891998291016,0.9373525977134705,0.21033793687820435,0.6141455173492432,0.16820082068443298,0.22196294367313385,0.8276734352111816,0.046782996505498886,0.2584352195262909,0.6626412868499756,0.5382048487663269,2.946898937225342,1.0947482585906982,0.13694937527179718,0.17004287242889404,0.5242418646812439,0.023741789162158966,2.144655227661133,3.9117631912231445,3.018162727355957,1.6609917879104614,0.7269148230552673,0.8077890872955322,0.662615954875946,1.6048256158828735,0.3438311815261841,0.20333638787269592,15000,450000,19200,484200
10,1,X25,3.724302171903931,5.913695024326444,1.0729448795318604,1.046386480331421,0.9836004376411438,1.0271637439727783,0.933275043964386,0.028317198157310486,0.03916178271174431,0.02564879134297371,0.028882471844553947,0.03595573827624321,0.023865126073360443,0.02419128641486168,0.027506891638040543,0.022395238280296326,0.14236636459827423,0.03205132111907005,0.025088652968406677,0.024866720661520958,0.024136492982506752,0.023921269923448563,0.03500586003065109,0.07203710079193115,0.027180412784218788,0.025337710976600647,0.024687865749001503,0.028203604742884636,0.025426510721445084,0.03828464448451996,0.022956855595111847,0.022848526015877724,9.849089584872127,1.0729448795318604,1.046386480331421,0.9836004376411438,1.0271637439727783,0.933275043964386,0.11470736563205719,0.20079313218593597,0.04745001718401909,0.04259764775633812,0.14952287077903748,0.059644971042871475,0.1202298030257225,0.10288706421852112,0.16466081142425537,1.7918168306350708,0.49454641342163086,0.03321407362818718,0.07350826263427734,0.15604662895202637,0.03024778701364994,0.4068649709224701,1.4586743116378784,1.0011913776397705,0.35589274764060974,0.26270872354507446,0.30267763137817383,0.348411500453949,0.7540838718414307,0.33400723338127136,0.03002941980957985,15000,450000,19200,484200
10,2,X5,3.8314740356708974,5.732802065089345,1.0668691396713257,1.0870822668075562,0.9843156337738037,1.027705192565918,0.9294246435165405,0.027121519669890404,0.027637727558612823,0.025756075978279114,0.027411356568336487,0.0300502497702837,0.023878907784819603,0.02348436415195465,0.025346314534544945,0.021886926144361496,0.03547937422990799,0.02972816303372383,0.02511325478553772,0.024730514734983444,0.02391866222023964,0.023908402770757675,0.025365415960550308,0.026743900030851364,0.026070812717080116,0.022676853463053703,0.024302199482917786,0.023620519787073135,0.02469940483570099,0.023487534373998642,0.022829202935099602,0.02215753123164177,5.503725636005401,1.0668691396713257,1.0870822668075562,0.9843156337738037,1.027705192565918,0.9294246435165405,0.0782352015376091,0.06660628318786621,0.040656570345163345,0.03005867637693882,0.07123514264822006,0.0356421172618866,0.08235537260770798,0.0764240175485611,0.1790442168712616,0.522469162940979,0.33161666989326477,0.04674491286277771,0.06235824152827263,0.08325617760419846,0.03578787297010422,0.16774266958236694,0.47566601634025574,0.8251027464866638,0.18520058691501617,0.24551960825920105,0.061011429876089096,0.2535477578639984,0.18623223900794983,0.31554940342903137,0.026583166792988777,15000,450000,19200,484200
10,3,X24,2.9617672859493807,5.653518134728074,1.0553436279296875,1.0636885166168213,0.9841189980506897,1.0301494598388672,0.9280137419700623,0.023817244917154312,0.021991821005940437,0.023260993883013725,0.026308976113796234,0.026974786072969437,0.023274483159184456,0.02355864644050598,0.023916810750961304,0.021128784865140915,0.025144539773464203,0.027196863666176796,0.02452646568417549,0.024075685068964958,0.02348661795258522,0.02311646193265915,0.024914244189858437,0.021707041189074516,0.024959031492471695,0.022134261205792427,0.023429062217473984,0.024072768166661263,0.0237379539757967,0.021275097504258156,0.022828366607427597,0.02136678248643875,3.917121785879135,1.0553436279296875,1.0636885166168213,0.9841189980506897,1.0301494598388672,0.9280137419700623,0.0472848005592823,0.03207658976316452,0.02971474826335907,0.02293131873011589,0.037918515503406525,0.034518469125032425,0.09455777704715729,0.04039253666996956,0.17994704842567444,0.08025237917900085,0.2879323661327362,0.0423714742064476,0.0503670871257782,0.04211099073290825,0.0878555178642273,0.1407068818807602,0.2182210087776184,0.6175332069396973,0.17602185904979706,0.22014081478118896,0.026983439922332764,0.22352632880210876,0.06216929107904434,0.07537438720464706,0.0339500792324543,15000,450000,19200,484200
10,4,X3,4.862962970351463,5.654656307771802,1.0546098947525024,1.0706790685653687,0.9848266243934631,1.0289124250411987,0.9283758401870728,0.02332782931625843,0.02155218832194805,0.022780854254961014,0.02626209892332554,0.02641674503684044,0.02327808551490307,0.0230922382324934,0.023696137592196465,0.02111688442528248,0.025029608979821205,0.02717115730047226,0.024243367835879326,0.024026766419410706,0.023501193150877953,0.023074841126799583,0.024499844759702682,0.021580923348665237,0.024143295362591743,0.022238703444600105,0.023577306419610977,0.02365185134112835,0.02349627949297428,0.02116176299750805,0.022862132638692856,0.021470358595252037,3.7062976483255627,1.0546098947525024,1.0706790685653687,0.9848266243934631,1.0289124250411987,0.9283758401870728,0.040876008570194244,0.02997715026140213,0.029803546145558357,0.025858743116259575,0.026356536895036697,0.031075939536094666,0.05055706202983856,0.03494559973478317,0.18375997245311737,0.06824328005313873,0.11582644283771515,0.02963786944746971,0.04996876418590546,0.040567878633737564,0.11941876262426376,0.12671400606632233,0.18641528487205505,0.3995759189128876,0.4343205392360687,0.31284400820732117,0.034426163882017136,0.19448262453079224,0.06618023663759232,0.025628460571169853,0.035356078296899796,15000,450000,19200,484200
10,5,X3,0.9084699585257292,5.647552033886313,1.05458402633667,1.0689812898635864,0.9848805665969849,1.0284249782562256,0.9285762906074524,0.02301635779440403,0.02158592827618122,0.022585518658161163,0.02603624388575554,0.026295507326722145,0.023188237100839615,0.023071235045790672,0.023707563057541847,0.0211588516831398,0.025007067248225212,0.024260863661766052,0.02425406686961651,0.024035010486841202,0.023488473147153854,0.02311873435974121,0.02418040856719017,0.021329572424292564,0.023840030655264854,0.022544415667653084,0.02340405248105526,0.02359868958592415,0.023059509694576263,0.021181046962738037,0.022811779752373695,0.0213457178324461,4.100978611782193,1.05458402633667,1.0689812898635864,0.9848805665969849,1.0284249782562256,0.9285762906074524,0.04380403459072113,0.03226787596940994,0.027841445058584213,0.024877754971385002,0.02459135465323925,0.03028220310807228,0.04000195488333702,0.03902425244450569,0.24030159413814545,0.06567510962486267,0.0835503414273262,0.03325792774558067,0.049696873873472214,0.040968216955661774,0.13215307891368866,0.10061990469694138,0.16899487376213074,0.3764185905456543,0.7155214548110962,0.4217696785926819,0.030834762379527092,0.1677177995443344,0.07758674770593643,0.07733285427093506,0.042798496782779694,15000,450000,19200,484200
10,6,X21,-3.5174564676163222,5.621927101165056,1.0545543432235718,1.0484950542449951,0.9862208962440491,1.0268975496292114,0.9281684756278992,0.022549480199813843,0.02136434242129326,0.02218741551041603,0.025855761021375656,0.026047801598906517,0.023133913055062294,0.023257801309227943,0.023703746497631073,0.021153615787625313,0.024837514385581017,0.023594897240400314,0.024050815030932426,0.023424144834280014,0.023756613954901695,0.023160211741924286,0.023784466087818146,0.02091469056904316,0.023669475689530373,0.022265810519456863,0.023101938888430595,0.023537814617156982,0.02282179333269596,0.021211937069892883,0.022754987701773643,0.021449793130159378,3.9276809971779585,1.0545543432235718,1.0484950542449951,0.9862208962440491,1.0268975496292114,0.9281684756278992,0.03944404423236847,0.03436100855469704,0.02335812710225582,0.026568016037344933,0.02283661626279354,0.04666594788432121,0.03197422996163368,0.038428135216236115,0.12065793573856354,0.06014220416545868,0.06805163621902466,0.03483930230140686,0.03910282999277115,0.059057630598545074,0.16533608734607697,0.11945448070764542,0.15031738579273224,0.2849215865135193,0.4207570552825928,0.4106101393699646,0.16626852750778198,0.15245933830738068,0.08164937794208527,0.2834470570087433,0.038105033338069916,15000,450000,19200,484200
10,7,X20,2.40240863073553,5.622476577758789,1.0545517206192017,1.0487444400787354,0.9870519638061523,1.0270637273788452,0.9281181693077087,0.02253270521759987,0.021364107728004456,0.02202851139008999,0.02581825852394104,0.026054657995700836,0.023149844259023666,0.023135188966989517,0.023675942793488503,0.02118314430117607,0.024747179821133614,0.023563219234347343,0.024037186056375504,0.023283783346414566,0.023788616061210632,0.02313484251499176,0.023675033822655678,0.020899688825011253,0.023676829412579536,0.02218431606888771,0.023109719157218933,0.023643089458346367,0.022805221378803253,0.021299803629517555,0.022779757156968117,0.021375909447669983,4.168925286829472,1.0545517206192017,1.0487444400787354,0.9870519638061523,1.0270637273788452,0.9281181693077087,0.03422027453780174,0.033133577555418015,0.025029174983501434,0.024979155510663986,0.02394338697195053,0.045379314571619034,0.03633532673120499,0.037047695368528366,0.07372347265481949,0.06830719113349915,0.06359387189149857,0.03775295615196228,0.0314812995493412,0.06409984081983566,0.1876087337732315,0.12449703365564346,0.11960992962121964,0.23042257130146027,0.27651575207710266,0.5235419869422913,0.3784746825695038,0.1349797397851944,0.0871950164437294,0.46253839135169983,0.035408906638622284,15000,450000,19200,484200
10,8,X10,1.9669285816526614,5.62480203807354,1.0546096563339233,1.0514142513275146,0.9878872036933899,1.0273196697235107,0.928321361541748,0.022375773638486862,0.02132561430335045,0.02193763665854931,0.02582063339650631,0.026018202304840088,0.023149773478507996,0.02303166687488556,0.02366010844707489,0.021205339580774307,0.024689720943570137,0.023436419665813446,0.0240193959325552,0.023182738572359085,0.023569321259856224,0.023143256083130836,0.02356305904686451,0.02104184776544571,0.02361949160695076,0.02205958031117916,0.023034540936350822,0.023155510425567627,0.02280854992568493,0.02133249118924141,0.022789735347032547,0.021279487758874893,3.6924243677407507,1.0546096563339233,1.0514142513275146,0.9878872036933899,1.0273196697235107,0.928321361541748,0.037920258939266205,0.033879656344652176,0.022613555192947388,0.025026753544807434,0.019675105810165405,0.04384395107626915,0.03265967220067978,0.04112720489501953,0.030735740438103676,0.054044853895902634,0.06321254372596741,0.03757819905877113,0.031249381601810455,0.036290932446718216,0.12298906594514847,0.09473410248756409,0.07754544913768768,0.14489978551864624,0.24070608615875244,0.5673459768295288,0.07939483970403671,0.13766919076442719,0.0994131863117218,0.5697606801986694,0.03819776698946953,15000,450000,19200,484200
10,9,X7,-3.3896581109935973,5.624372677877545,1.0547082424163818,1.0500082969665527,0.9907023906707764,1.028047800064087,0.928275465965271,0.021891076117753983,0.020976612344384193,0.02187492325901985,0.025731761008501053,0.025900157168507576,0.02312711998820305,0.022964179515838623,0.02362505905330181,0.02095746248960495,0.02470424585044384,0.02313419058918953,0.024079374969005585,0.022708388045430183,0.02360984869301319,0.023118730634450912,0.023539908230304718,0.02101454697549343,0.023419614881277084,0.021979765966534615,0.023033417761325836,0.023192904889583588,0.022760825231671333,0.021323805674910545,0.022848181426525116,0.021114381030201912,3.0991056188941,1.0547082424163818,1.0500082969665527,0.9907023906707764,1.028047800064087,0.928275465965271,0.0301393810659647,0.02751181833446026,0.023614738136529922,0.023083411157131195,0.021602286025881767,0.03889794647693634,0.03170826658606529,0.02813640609383583,0.02057887241244316,0.03313586115837097,0.04427723586559296,0.02824757620692253,0.03129060938954353,0.04327303171157837,0.02428724430501461,0.06434114277362823,0.08267972618341446,0.14101731777191162,0.16337408125400543,0.39062604308128357,0.08352039754390717,0.07489979267120361,0.09460987895727158,0.5098363757133484,0.03406773880124092,15000,450000,19200,484200
10,10,X27,-0.32547009472021404,5.625522509217262,1.054677128791809,1.0519182682037354,0.9907756447792053,1.028027057647705,0.9283975958824158,0.021805474534630775,0.020817000418901443,0.02185935340821743,0.025704490020871162,0.025821508839726448,0.023108649998903275,0.022868966683745384,0.023609254509210587,0.021002281457185745,0.024641627445816994,0.023108169436454773,0.02408718876540661,0.022727761417627335,0.023611830547451973,0.023061642423272133,0.02342466078698635,0.021003201603889465,0.02335246279835701,0.021986935287714005,0.023016788065433502,0.023188268765807152,0.02274208329617977,0.021319640800356865,0.022813135758042336,0.02104443684220314,3.194591009616852,1.054677128791809,1.0519182682037354,0.9907756447792053,1.028027057647705,0.9283975958824158,0.030391966924071312,0.03236659616231918,0.02328817918896675,0.026192164048552513,0.021540852263569832,0.035136859863996506,0.03215102106332779,0.02724342606961727,0.026048533618450165,0.03450840711593628,0.04357299208641052,0.02723734825849533,0.03146884962916374,0.04446094483137131,0.02040148340165615,0.08579956740140915,0.08068759739398956,0.14954891800880432,0.11610983312129974,0.46650686860084534,0.0722402036190033,0.05130341276526451,0.07900039851665497,0.5959678888320923,0.030657557770609856,15000,450000,19200,484200
10,11,X30,-2.225429515902777,5.624311711639166,1.054683804512024,1.0526903867721558,0.9899396896362305,1.027804970741272,0.9281538724899292,0.02179763838648796,0.02068256214261055,0.02188998833298683,0.0256460290402174,0.02580290287733078,0.02309318073093891,0.022869162261486053,0.023592540994286537,0.020958159118890762,0.024615194648504257,0.023069564253091812,0.024097977206110954,0.022664204239845276,0.023612188175320625,0.023042229935526848,0.023302489891648293,0.020983174443244934,0.023317188024520874,0.021953247487545013,0.0230121910572052,0.023171905428171158,0.022725768387317657,0.02131497487425804,0.0227927528321743,0.02103177271783352,3.2519053727388383,1.054683804512024,1.0526903867721558,0.9899396896362305,1.027804970741272,0.9281538724899292,0.03188314288854599,0.030026087537407875,0.024646174162626266,0.024512246251106262,0.020564494654536247,0.034324273467063904,0.03482285514473915,0.026570256799459457,0.023288730531930923,0.03543633967638016,0.04090660810470581,0.03086821734905243,0.031701572239398956,0.040201589465141296,0.025780141353607178,0.0756346732378006,0.06912100315093994,0.1489637792110443,0.09928286820650101,0.562465250492096,0.06512913107872009,0.042955417186021805,0.09023617208003998,0.6044296026229858,0.027500201016664505,15000,450000,19200,484200
10,12,X27,0.7424372587591428,5.624786965548992,1.054977536201477,1.0544790029525757,0.9888731837272644,1.028535008430481,0.9287016987800598,0.021514518186450005,0.020659366622567177,0.021826785057783127,0.025517256930470467,0.025768110528588295,0.02307860553264618,0.02268315851688385,0.023614924401044846,0.020878959447145462,0.024500571191310883,0.023006614297628403,0.02405763417482376,0.022585581988096237,0.023557286709547043,0.022876735776662827,0.023066818714141846,0.020926347002387047,0.02329036220908165,0.021912770345807076,0.023099102079868317,0.02318619191646576,0.02253519557416439,0.021356651559472084,0.02279706671833992,0.0209239199757576,2.92734788171947,1.054977536201477,1.0544790029525757,0.9888731837272644,1.028535008430481,0.9287016987800598,0.029283100739121437,0.029850445687770844,0.023088514804840088,0.023695992305874825,0.021945960819721222,0.03679720684885979,0.03554337099194527,0.027809537947177887,0.030283261090517044,0.038106776773929596,0.034462157636880875,0.026880763471126556,0.030369548127055168,0.04314049333333969,0.02315627783536911,0.10412555187940598,0.08565975725650787,0.15679438412189484,0.08954419940710068,0.7021775841712952,0.04605831950902939,0.03222937509417534,0.08897794038057327,0.0809708908200264,0.07528318464756012,15000,450000,19200,484200
10,13,X5,1.467275782329077,5.622183758765459,1.054946780204773,1.0521690845489502,0.989163339138031,1.028355360031128,0.9287027716636658,0.02144329622387886,0.020616335794329643,0.02179955691099167,0.025524605065584183,0.02578532136976719,0.02306451089680195,0.02266882359981537,0.02358325943350792,0.02085701748728752,0.024448538199067116,0.02296859584748745,0.024073349311947823,0.022556135430932045,0.023564841598272324,0.0228488277643919,0.023063670843839645,0.02087780460715294,0.023280777037143707,0.02191866748034954,0.02313518151640892,0.023205438628792763,0.022513074800372124,0.021349383518099785,0.02279900759458542,0.02090040221810341,3.2583467938005923,1.054946780204773,1.0521690845489502,0.989163339138031,1.028355360031128,0.9287027716636658,0.0266596470028162,0.030539872124791145,0.02327875606715679,0.02229444682598114,0.023919720202684402,0.03579651936888695,0.03025495633482933,0.026303550228476524,0.03038616105914116,0.04487409442663193,0.03610824793577194,0.02623000182211399,0.027729125693440437,0.04521734640002251,0.027499327436089516,0.107417531311512,0.26192498207092285,0.14078113436698914,0.08744397014379501,0.8815258741378784,0.05301597714424133,0.023587193340063095,0.09787993133068085,0.0232373233884573,0.1137736365199089,15000,450000,19200,484200
10,14,X4,-4.453811640244279,5.620829192921519,1.0547767877578735,1.0504300594329834,0.9900503158569336,1.0283695459365845,0.9285341501235962,0.021127251908183098,0.020543182268738747,0.0217919759452343,0.02555646374821663,0.025808971375226974,0.02298630215227604,0.02265375293791294,0.023541655391454697,0.02094871737062931,0.02442956157028675,0.02291635237634182,0.024087127298116684,0.022624503821134567,0.023563703522086143,0.022875405848026276,0.023098953068256378,0.020886225625872612,0.02336685173213482,0.021922117099165916,0.023129234090447426,0.023220136761665344,0.022568844258785248,0.021343465894460678,0.02280244417488575,0.02087513357400894,2.743950356915593,1.0547767877578735,1.0504300594329834,0.9900503158569336,1.0283695459365845,0.9285341501235962,0.024600835517048836,0.02656337432563305,0.022491713985800743,0.0274654608219862,0.024943847209215164,0.032506272196769714,0.02700684405863285,0.022606756538152695,0.024841569364070892,0.04148922860622406,0.031738873571157455,0.025538038462400436,0.029182353988289833,0.04801806062459946,0.01990891434252262,0.07446955889463425,0.21495431661605835,0.09329541772603989,0.0987984910607338,0.5016478896141052,0.05883106216788292,0.024286363273859024,0.08705469965934753,0.10880833119153976,0.04246991127729416,15000,450000,19200,484200
10,15,X21,-1.15033081803099,5.615087576210499,1.0546225309371948,1.046148419380188,0.9891805648803711,1.0275911092758179,0.9289658069610596,0.02122543752193451,0.020635413005948067,0.02179090864956379,0.025551309809088707,0.025740789249539375,0.022990159690380096,0.022670689970254898,0.023543257266283035,0.02094748616218567,0.02437160164117813,0.02294350601732731,0.024078121408820152,0.022623084485530853,0.0236809179186821,0.022843286395072937,0.0230353195220232,0.020860880613327026,0.02331877127289772,0.021918142214417458,0.023070022463798523,0.02323458343744278,0.0225624181330204,0.021315552294254303,0.022782716900110245,0.02084476873278618,2.793287455663085,1.0546225309371948,1.046148419380188,0.9891805648803711,1.0275911092758179,0.9289658069610596,0.023953963071107864,0.03350016474723816,0.02404285967350006,0.02135572023689747,0.0229579359292984,0.02687050960958004,0.031149564310908318,0.023841731250286102,0.027659863233566284,0.0395377017557621,0.029273224994540215,0.02596086449921131,0.024876998737454414,0.11079730093479156,0.02355918288230896,0.060883067548274994,0.2383825033903122,0.1012193113565445,0.08820048719644547,0.5368289947509766,0.05715589225292206,0.025179458782076836,0.08467254042625427,0.057525619864463806,0.04460030794143677,15000,450000,19200,484200
10,16,X24,-4.009823589887226,5.614358220249414,1.054628849029541,1.045994758605957,0.9888639450073242,1.0275062322616577,0.928905725479126,0.021186882629990578,0.02069827727973461,0.02177942357957363,0.02553374692797661,0.02575991488993168,0.02300117164850235,0.02263687737286091,0.02354007214307785,0.02096816897392273,0.024378318339586258,0.022961759939789772,0.0240735225379467,0.02259882725775242,0.023707812651991844,0.022807681933045387,0.022962458431720734,0.02084825560450554,0.023309417068958282,0.021895337849855423,0.023091522976756096,0.023240989074110985,0.022591497749090195,0.02131173200905323,0.02274983935058117,0.020825201645493507,2.7155482403934004,1.054628849029541,1.045994758605957,0.9888639450073242,1.0275062322616577,0.928905725479126,0.025321554392576218,0.032800085842609406,0.02483527362346649,0.02494116500020027,0.021774567663669586,0.02780027873814106,0.03040989115834236,0.02444949373602867,0.024559319019317627,0.04004968702793121,0.028022583574056625,0.024231556802988052,0.02894722670316696,0.1162065640091896,0.02357576973736286,0.0607852004468441,0.17642495036125183,0.08330436795949936,0.09088578820228577,0.515704333782196,0.06103471294045448,0.023190557956695557,0.08891300112009048,0.06818903982639313,0.040011368691921234,15000,450000,19200,484200
10,17,X18,-4.767426487266043,5.6146262008696795,1.0547775030136108,1.0464237928390503,0.9884317517280579,1.0280107259750366,0.928926408290863,0.021144423633813858,0.02066841349005699,0.02179623395204544,0.02546493522822857,0.025754312053322792,0.02300439029932022,0.022658372297883034,0.023526476696133614,0.020984359085559845,0.02436443604528904,0.022939467802643776,0.02408147044479847,0.022590255364775658,0.023684069514274597,0.02276279591023922,0.02289601042866707,0.020834527909755707,0.023279132321476936,0.021894065663218498,0.023058753460645676,0.023242158815264702,0.02257106453180313,0.021310703828930855,0.022724628448486328,0.020820561796426773,2.764108464494347,1.0547775030136108,1.0464237928390503,0.9884317517280579,1.0280107259750366,0.928926408290863,0.02369275689125061,0.028943585231900215,0.021324271336197853,0.0263186227530241,0.02257927693426609,0.02713448368012905,0.028842870146036148,0.02280697412788868,0.020942745730280876,0.04151498153805733,0.02987641468644142,0.02712375670671463,0.027990125119686127,0.19456501305103302,0.02995223179459572,0.07320119440555573,0.21539779007434845,0.09298399090766907,0.09525486826896667,0.45271435379981995,0.05355237424373627,0.02361123263835907,0.08251553773880005,0.05441325157880783,0.03754172474145889,15000,450000,19200,484200
10,18,X21,2.5248149374549733,5.612994201481342,1.0546655654907227,1.0446850061416626,0.9888749718666077,1.0288156270980835,0.9283079504966736,0.021124592050909996,0.02058970183134079,0.021780360490083694,0.025416545569896698,0.025830186903476715,0.023047182708978653,0.02264861762523651,0.023452037945389748,0.020966555923223495,0.0243011973798275,0.02299308404326439,0.024085814133286476,0.02249419316649437,0.0236504003405571,0.022740241140127182,0.022915180772542953,0.020835522562265396,0.023269111290574074,0.02190259099006653,0.02305241860449314,0.023270370438694954,0.022499751299619675,0.021308094263076782,0.02266104146838188,0.020810287445783615,2.795914521068335,1.0546655654907227,1.0446850061416626,0.9888749718666077,1.0288156270980835,0.9283079504966736,0.02420526184141636,0.03168331831693649,0.023661695420742035,0.02121906355023384,0.0231153666973114,0.027633488178253174,0.02675875462591648,0.024838736280798912,0.026756659150123596,0.03794274106621742,0.03189407289028168,0.02853712998330593,0.029549887403845787,0.21525561809539795,0.03381326049566269,0.05398949980735779,0.2177129089832306,0.0968172550201416,0.0958448201417923,0.4599248468875885,0.04836132749915123,0.023683926090598106,0.08973566442728043,0.06036091968417168,0.03354847431182861,15000,450000,19200,484200
10,19,X3,-1.5453534239957478,5.6120607405900955,1.0546412467956543,1.0441192388534546,0.9888856410980225,1.0285440683364868,0.9283132553100586,0.02113802172243595,0.020581379532814026,0.021785501390695572,0.02540717087686062,0.025807319208979607,0.02305588684976101,0.022634321823716164,0.023415176197886467,0.020972685888409615,0.024265017360448837,0.02304549142718315,0.024086184799671173,0.022477630525827408,0.023641983047127724,0.022730201482772827,0.022901052609086037,0.02084662765264511,0.023292379453778267,0.021877268329262733,0.02304614521563053,0.023291422054171562,0.02251763455569744,0.021296678110957146,0.022665658965706825,0.02077845111489296,2.9195766851305964,1.0546412467956543,1.0441192388534546,0.9888856410980225,1.0285440683364868,0.9283132553100586,0.027227096259593964,0.03220926225185394,0.023849235847592354,0.023135365918278694,0.024479547515511513,0.03063216805458069,0.029575083404779434,0.02120189741253853,0.028236662968993187,0.04178231954574585,0.02994697168469429,0.03144856169819832,0.03085937164723873,0.24756070971488953,0.03229477256536484,0.047311607748270035,0.22693295776844025,0.08930432051420212,0.09641771018505096,0.5353114604949951,0.05236571282148361,0.022506577894091606,0.09021194279193878,0.06154473125934601,0.03432994708418846,15000,450000,19200,484200
10,20,X29,-3.8048307479320864,5.6106809489429,1.054728388786316,1.0429219007492065,0.9890767335891724,1.0283595323562622,0.9282675981521606,0.02115887589752674,0.020512118935585022,0.02178780734539032,0.025371715426445007,0.0258135087788105,0.023053964599967003,0.02263096533715725,0.023369599133729935,0.02095053344964981,0.024235522374510765,0.023049527779221535,0.024084918200969696,0.022441618144512177,0.02363419346511364,0.022712556645274162,0.022879306226968765,0.02085072547197342,0.02332858368754387,0.021841350942850113,0.02304180897772312,0.023310929536819458,0.02254270575940609,0.021299468353390694,0.022669002413749695,0.02075548842549324,2.9281412918120626,1.054728388786316,1.0429219007492065,0.9890767335891724,1.0283595323562622,0.9282675981521606,0.023948147892951965,0.029939202591776848,0.021054694429039955,0.022430457174777985,0.021339809522032738,0.03650544211268425,0.02606569230556488,0.02198789268732071,0.024834543466567993,0.03712048381567001,0.027397187426686287,0.027568047866225243,0.026309533044695854,0.2402464896440506,0.0351732037961483,0.059139434248209,0.2383372187614441,0.09157608449459076,0.1022825539112091,0.5311580896377563,0.05999955162405968,0.02214360050857067,0.0992717370390892,0.055968306958675385,0.03767305612564087,15000,450000,19200,484200
10,21,X21,0.5153709534490343,5.6133627239614725,1.0545847415924072,1.044155240058899,0.9888790249824524,1.0297057628631592,0.9290341138839722,0.02117115631699562,0.020374413579702377,0.021814852952957153,0.025305496528744698,0.025822274386882782,0.023068515583872795,0.022562766447663307,0.023338163271546364,0.020923053845763206,0.02419811487197876,0.023141203448176384,0.024101274088025093,0.022379456087946892,0.02360580861568451,0.022651489824056625,0.02286992035806179,0.0208060871809721,0.023352745920419693,0.02188270166516304,0.02304351143538952,0.023350343108177185,0.022542035207152367,0.021327996626496315,0.02264554612338543,0.020724913105368614,2.8833936531096698,1.0545847415924072,1.044155240058899,0.9888790249824524,1.0297057628631592,0.9290341138839722,0.023728176951408386,0.02578010968863964,0.02300228551030159,0.023001810535788536,0.02248631976544857,0.02839265763759613,0.02829650044441223,0.02216576598584652,0.02518540620803833,0.04106665775179863,0.027365924790501595,0.02796466462314129,0.026790279895067215,0.2996268570423126,0.03458226099610329,0.06563737988471985,0.2227274626493454,0.09784246981143951,0.12198137491941452,0.437522828578949,0.058239322155714035,0.020691031590104103,0.09229712188243866,0.04616103693842888,0.0315861701965332,15000,450000,19200,484200
10,22,X22,2.0786243237725843,5.613034591078758,1.0545982122421265,1.0446678400039673,0.9883279204368591,1.0296016931533813,0.9289432168006897,0.021177809685468674,0.02037043124437332,0.021805018186569214,0.025273315608501434,0.02582291141152382,0.023054804652929306,0.022597363218665123,0.023346498608589172,0.020912254229187965,0.024193454533815384,0.023174328729510307,0.024086670950055122,0.022347768768668175,0.023615829646587372,0.022613534703850746,0.022858625277876854,0.020807426422834396,0.02332988753914833,0.02187502570450306,0.023035617545247078,0.023361127823591232,0.022513024508953094,0.021327286958694458,0.02265254408121109,0.020743148401379585,2.9328781101852655,1.0545982122421265,1.0446678400039673,0.9883279204368591,1.0296016931533813,0.9289432168006897,0.023907199501991272,0.028568867594003677,0.023918023332953453,0.023007182404398918,0.025594204664230347,0.028225891292095184,0.028450308367609978,0.023749738931655884,0.02600206807255745,0.043225906789302826,0.0277639739215374,0.02797437272965908,0.02682792954146862,0.2872389554977417,0.03217151388525963,0.06498217582702637,0.2250257134437561,0.08285828679800034,0.13113652169704437,0.48274680972099304,0.0518389567732811,0.022985804826021194,0.09970196336507797,0.05236996337771416,0.0333780013024807,15000,450000,19200,484200
10,23,X11,-1.4457454616675616,5.612580802291632,1.05466628074646,1.0439738035202026,0.9878465533256531,1.0298293828964233,0.9293456077575684,0.021185489371418953,0.020366715267300606,0.021810082718729973,0.02525416761636734,0.025817260146141052,0.0230502150952816,0.022608915343880653,0.02335127256810665,0.020907815545797348,0.024196205660700798,0.02318163588643074,0.024081092327833176,0.022327760234475136,0.023616524413228035,0.02260260470211506,0.02284935861825943,0.02080681547522545,0.023328982293605804,0.021911507472395897,0.023033306002616882,0.023366989567875862,0.022522835060954094,0.021343449130654335,0.02263445407152176,0.020763719454407692,2.953583177179098,1.05466628074646,1.0439738035202026,0.9878465533256531,1.0298293828964233,0.9293456077575684,0.02625187672674656,0.023908961564302444,0.023121993988752365,0.021900823339819908,0.0216660276055336,0.027671504765748978,0.030130881816148758,0.02141558937728405,0.030163398012518883,0.0412074439227581,0.025489816442131996,0.028425125405192375,0.027285471558570862,0.3288240432739258,0.041126687079668045,0.07921323925256729,0.21613536775112152,0.08227889239788055,0.08828441798686981,0.5293735861778259,0.04808768630027771,0.022199256345629692,0.08013046532869339,0.05039254575967789,0.029765749350190163,15000,450000,19200,484200
10,24,X22,1.0508352428114573,5.613631600514054,1.0547071695327759,1.0440880060195923,0.9876800179481506,1.0310401916503906,0.9293781518936157,0.021134117618203163,0.0202882569283247,0.021828925237059593,0.025293735787272453,0.02581855095922947,0.023032471537590027,0.022594422101974487,0.023392539471387863,0.020865654572844505,0.024220069870352745,0.02321912907063961,0.024053117260336876,0.02234429121017456,0.02362130954861641,0.02255290001630783,0.022821666672825813,0.02080957032740116,0.02331424131989479,0.021860213950276375,0.023042749613523483,0.023359958082437515,0.022517554461956024,0.021348902955651283,0.022674301639199257,0.020729413256049156,3.0192893579602242,1.0547071695327759,1.0440880060195923,0.9876800179481506,1.0310401916503906,0.9293781518936157,0.024661993607878685,0.024953430518507957,0.02347356639802456,0.021440042182803154,0.024500133469700813,0.028791481629014015,0.02580913156270981,0.022999024018645287,0.024263152852654457,0.043874748051166534,0.02840515971183777,0.0300572719424963,0.0279733557254076,0.2984645366668701,0.037842683494091034,0.08077158033847809,0.29456761479377747,0.08860839903354645,0.07521889358758926,0.5227129459381104,0.05149785056710243,0.02266041934490204,0.09525707364082336,0.05878099426627159,0.03232516720890999,15000,450000,19200,484200
11,0,X12,-2.6533761167954184,7.22721072845161,1.0582246780395508,1.0336145162582397,1.0027936697006226,1.0267611742019653,0.935809850692749,0.1697995960712433,0.15647080540657043,0.027085520327091217,0.220548614859581,0.055427830666303635,0.03171011433005333,0.3025096654891968,0.03928562253713608,0.04315856099128723,0.08382562547922134,0.05418063700199127,0.11587227135896683,0.04145347326993942,0.030936187133193016,0.0381871722638607,0.21482588350772858,0.03511631116271019,0.10863981395959854,0.1399690955877304,0.06011699140071869,0.02442888170480728,0.031645119190216064,0.032897789031267166,0.042840685695409775,0.06907457113265991,25.352163297683,1.0582246780395508,1.0336145162582397,1.0027936697006226,1.0267611742019653,0.935809850692749,0.7930554747581482,1.1926177740097046,0.09731508046388626,1.0063250064849854,0.1979549676179886,0.032102007418870926,2.419553756713867,0.42817044258117676,0.9908005595207214,0.8914341926574707,0.8803090453147888,0.8798608183860779,0.21180343627929688,0.16340263187885284,0.0790514200925827,3.9742753505706787,1.1466821432113647,1.876591444015503,3.853058338165283,0.5529084801673889,0.08720485121011734,0.48492199182510376,0.46177947521209717,0.6859638690948486,0.9535799622535706,15000,450000,19200,484200
11,1,X20,3.717850489291555,5.961400641128421,1.0594127178192139,1.0342702865600586,1.0025662183761597,1.0278006792068481,0.9315024018287659,0.048833295702934265,0.04557083174586296,0.02334032580256462,0.0591537170112133,0.033210232853889465,0.02528439275920391,0.0383550189435482,0.028026632964611053,0.025537902489304543,0.029996532946825027,0.03347878158092499,0.05354848504066467,0.025521855801343918,0.02472085878252983,0.024128811433911324,0.11733821779489517,0.02393868938088417,0.03160427138209343,0.0598982609808445,0.027952805161476135,0.02461559884250164,0.02561338059604168,0.022048156708478928,0.02597142942249775,0.0281598512083292,11.3713268622756,1.0594127178192139,1.0342702865600586,1.0025662183761597,1.0278006792068481,0.9315024018287659,0.2231660783290863,0.41085126996040344,0.03124188259243965,0.18664976954460144,0.056865204125642776,0.08735547214746475,0.27776825428009033,0.18104304373264313,0.419658362865448,0.22799372673034668,0.5770549178123474,0.3938937783241272,0.08907861262559891,0.05205857753753662,0.14185312390327454,2.586930274963379,0.6201295852661133,0.5781558752059937,2.1473617553710938,0.17008908092975616,0.10098539292812347,0.06258648633956909,0.1206335723400116,0.14563940465450287,0.47117289900779724,15000,450000,19200,484200
11,2,X12,4.723907470227612,5.753208059817553,1.0559860467910767,1.0512062311172485,0.9968612790107727,1.027579665184021,0.929960310459137,0.03197963535785675,0.03881407901644707,0.022905005142092705,0.03178176283836365,0.02831459976732731,0.02484777383506298,0.02577792853116989,0.027232879772782326,0.022605983540415764,0.025649571791291237,0.029949748888611794,0.036806754767894745,0.024376247078180313,0.023645352572202682,0.02383584715425968,0.04446133226156235,0.02197890728712082,0.027853412553668022,0.03443826362490654,0.02339651994407177,0.024649498984217644,0.02699797786772251,0.02139800600707531,0.024868419393897057,0.023049019277095795,7.6286589749157425,1.0559860467910767,1.0512062311172485,0.9968612790107727,1.027579665184021,0.929960310459137,0.12992346286773682,0.32007914781570435,0.036748673766851425,0.060118578374385834,0.029524989426136017,0.05064719542860985,0.10238012671470642,0.17774388194084167,0.24351263046264648,0.1413344293832779,0.49994489550590515,0.27325016260147095,0.07183796912431717,0.04865838587284088,0.08038888871669769,1.5102055072784424,0.4646582305431366,0.4658644199371338,1.1187357902526855,0.1304408609867096,0.09958764910697937,0.05497165396809578,0.06911301612854004,0.09509073197841644,0.34157899022102356,15000,450000,19200,484200
11,3,X13,-0.4116717994401844,5.670288171619177,1.059240460395813,1.0647404193878174,0.9855800867080688,1.0268645286560059,0.9282587766647339,0.02389276586472988,0.03238008916378021,0.022664634510874748,0.02696082927286625,0.026736721396446228,0.02356698177754879,0.022898241877555847,0.024569764733314514,0.0213822890073061,0.024831974878907204,0.0255797877907753,0.0246261078864336,0.023042527958750725,0.023136818781495094,0.02298332378268242,0.02612227201461792,0.021593067795038223,0.02621510624885559,0.02403995580971241,0.023386633023619652,0.024210503324866295,0.02408475987613201,0.021294787526130676,0.023540815338492393,0.021863140165805817,4.81725411079824,1.059240460395813,1.0647404193878174,0.9855800867080688,1.0268645286560059,0.9282587766647339,0.0582767128944397,0.1871771514415741,0.030207544565200806,0.027914101257920265,0.026511672884225845,0.03545751795172691,0.0589083768427372,0.08408087491989136,0.12408114969730377,0.10278074443340302,0.25774261355400085,0.037250787019729614,0.07464244216680527,0.08081626147031784,0.05716736242175102,0.9207435250282288,0.2769506573677063,0.3612174391746521,0.30185291171073914,0.10669782012701035,0.11347725242376328,0.054200612008571625,0.12926922738552094,0.0507897324860096,0.24610276520252228,15000,450000,19200,484200
11,4,X23,1.9826918525146997,5.652171768248081,1.0638245344161987,1.0525299310684204,0.9842661619186401,1.0267748832702637,0.9280524849891663,0.02302451618015766,0.029706286266446114,0.022549889981746674,0.026639293879270554,0.026559285819530487,0.023249145597219467,0.02296167053282261,0.02404438890516758,0.020928796380758286,0.02472674287855625,0.024886490777134895,0.024437762796878815,0.022958680987358093,0.023106208071112633,0.022958623245358467,0.02458924613893032,0.021657276898622513,0.025807637721300125,0.02414158545434475,0.02349425107240677,0.024206480011343956,0.02349082939326763,0.021371163427829742,0.023316506296396255,0.02191101387143135,4.347609827667474,1.0638245344161987,1.0525299310684204,0.9842661619186401,1.0267748832702637,0.9280524849891663,0.04709131643176079,0.16844436526298523,0.02900581806898117,0.029147541150450706,0.022780267521739006,0.040228649973869324,0.05742952972650528,0.03968300670385361,0.09968803077936172,0.10583514720201492,0.22300268709659576,0.04059835523366928,0.06240014731884003,0.09950002282857895,0.061123140156269073,0.7611108422279358,0.24646243453025818,0.36640608310699463,0.1760881543159485,0.10534224659204483,0.11176802217960358,0.052650049328804016,0.22449420392513275,0.04922903701663017,0.11701112985610962,15000,450000,19200,484200
11,5,X1,-0.6173025060314714,5.644857620820403,1.064029335975647,1.0509587526321411,0.9836411476135254,1.0267932415008545,0.92820805311203,0.0226424727588892,0.028035037219524384,0.022433387115597725,0.026731491088867188,0.026372887194156647,0.02308790571987629,0.023012051358819008,0.023761048913002014,0.020739514380693436,0.024665825068950653,0.02448149397969246,0.024286681786179543,0.02295069769024849,0.023106498643755913,0.023009806871414185,0.0239682886749506,0.02153351902961731,0.025286151096224785,0.02438967302441597,0.02351480722427368,0.024149222299456596,0.023211954161524773,0.021352864801883698,0.02325931005179882,0.02124449983239174,4.262752900645137,1.064029335975647,1.0509587526321411,0.9836411476135254,1.0267932415008545,0.92820805311203,0.04458345100283623,0.16721034049987793,0.033101677894592285,0.03109782189130783,0.026519300416111946,0.030374156311154366,0.06135465204715729,0.031052695587277412,0.09354101866483688,0.1192370280623436,0.17116491496562958,0.04377782344818115,0.0593971312046051,0.09801605343818665,0.05044322833418846,0.7935368418693542,0.23452578485012054,0.26390162110328674,0.17542600631713867,0.12443996965885162,0.11629656702280045,0.045084454119205475,0.3035402297973633,0.04077902436256409,0.09362500160932541,15000,450000,19200,484200
11,6,X6,3.1117749148633873,5.6276173405349255,1.0566030740737915,1.0467822551727295,0.9856355786323547,1.0272794961929321,0.9278868436813354,0.022281257435679436,0.025286801159381866,0.022297292947769165,0.02645200677216053,0.02591944858431816,0.022877302020788193,0.022893957793712616,0.023466940969228745,0.02070830576121807,0.024870842695236206,0.024070288985967636,0.024110179394483566,0.022853882983326912,0.023128125816583633,0.02340380661189556,0.023246577009558678,0.021039841696619987,0.024469411000609398,0.024659141898155212,0.023310497403144836,0.023684220388531685,0.02288399450480938,0.02128956839442253,0.0232243612408638,0.021002039313316345,3.866871989518404,1.0566030740737915,1.0467822551727295,0.9856355786323547,1.0272794961929321,0.9278868436813354,0.03554011881351471,0.1306970864534378,0.029400672763586044,0.026371967047452927,0.026485994458198547,0.022406386211514473,0.05032090097665787,0.024941598996520042,0.07505492866039276,0.17741742730140686,0.16781392693519592,0.04470046982169151,0.058951642364263535,0.10033822804689407,0.0394088439643383,0.7197253704071045,0.15935379266738892,0.2173730581998825,0.10770545154809952,0.2243531495332718,0.054964903742074966,0.047554854303598404,0.06555690616369247,0.12306737154722214,0.12852948904037476,15000,450000,19200,484200
11,7,X16,1.8908054228785796,5.619542721658945,1.0551061630249023,1.0434855222702026,0.9854068756103516,1.026940107345581,0.9278472065925598,0.022362301126122475,0.024152450263500214,0.022214913740754128,0.026322921738028526,0.02591654472053051,0.022867629304528236,0.02277480624616146,0.023455297574400902,0.02074197307229042,0.024739842861890793,0.023975098505616188,0.024060478433966637,0.02284502424299717,0.023114636540412903,0.023358212783932686,0.023112118244171143,0.020948894321918488,0.02413065731525421,0.024286840111017227,0.02328941971063614,0.02364123985171318,0.022806914523243904,0.021336909383535385,0.0233002919703722,0.021001430228352547,4.143085998669267,1.0551061630249023,1.0434855222702026,0.9854068756103516,1.026940107345581,0.9278472065925598,0.036557991057634354,0.1129310205578804,0.03068704530596733,0.02674369513988495,0.023372022435069084,0.024934299290180206,0.04983387142419815,0.023967545479536057,0.07806216180324554,0.1602461189031601,0.1627001017332077,0.03831038624048233,0.05201760306954384,0.09783275425434113,0.034970492124557495,0.7392139434814453,0.182387113571167,0.2339593470096588,0.11398915946483612,0.2768009305000305,0.04427415877580643,0.03934483602643013,0.14206168055534363,0.2972122132778168,0.11291833221912384,15000,450000,19200,484200
11,8,X29,-3.876432100042787,5.617842642590404,1.054630160331726,1.0443224906921387,0.9854657649993896,1.0270832777023315,0.9282305240631104,0.02215486206114292,0.02299666404724121,0.022132841870188713,0.026197858154773712,0.02591453492641449,0.022862644866108894,0.02272960916161537,0.02341494709253311,0.02071233093738556,0.024664467200636864,0.023925306275486946,0.02411111816763878,0.02277734875679016,0.023100871592760086,0.023410379886627197,0.02306579425930977,0.02086828649044037,0.023795178160071373,0.024001238867640495,0.023241182789206505,0.02358364313840866,0.022796982899308205,0.021395914256572723,0.02326899953186512,0.02098741941154003,4.4609841972589495,1.054630160331726,1.0443224906921387,0.9854657649993896,1.0270832777023315,0.9282305240631104,0.027076927945017815,0.08691670745611191,0.028202271088957787,0.026678860187530518,0.02324920892715454,0.022514374926686287,0.05342905968427658,0.02005801908671856,0.062312737107276917,0.1644192636013031,0.16331671178340912,0.0387234091758728,0.0506579726934433,0.09634042531251907,0.033892177045345306,0.6182540059089661,0.2011082023382187,0.20734193921089172,0.1128309890627861,0.4184111952781677,0.04631572961807251,0.0398145355284214,0.284290611743927,0.5140412449836731,0.1128411740064621,15000,450000,19200,484200
11,9,X21,-1.5065277487223492,5.6141030471771955,1.054885983467102,1.0447105169296265,0.9844728708267212,1.0270323753356934,0.9293940663337708,0.021775633096694946,0.021445825695991516,0.0221695676445961,0.02585114911198616,0.025875095278024673,0.022886140272021294,0.02258765883743763,0.023397929966449738,0.020725401118397713,0.024456750601530075,0.023834070190787315,0.024065321311354637,0.022775404155254364,0.023077156394720078,0.02342560887336731,0.022875506430864334,0.020777391269803047,0.023470252752304077,0.023583490401506424,0.02306184731423855,0.023469168692827225,0.022596843540668488,0.021332062780857086,0.023203756660223007,0.020888201892375946,4.688870999589563,1.054885983467102,1.0447105169296265,0.9844728708267212,1.0270323753356934,0.9293940663337708,0.025528298690915108,0.056669436395168304,0.027041422203183174,0.026648810133337975,0.024619853124022484,0.025946782901883125,0.04809806868433952,0.022965364158153534,0.0728762298822403,0.16308419406414032,0.11131566017866135,0.04281763732433319,0.039912931621074677,0.1386900097131729,0.03602142259478569,0.696095883846283,0.1804892122745514,0.14125590026378632,0.11913646012544632,0.8247163891792297,0.03220777586102486,0.04491182044148445,0.09633681178092957,0.6023534536361694,0.08103200793266296,15000,450000,19200,484200
11,10,X30,-3.7249332700144935,5.612880069762468,1.054643154144287,1.0447760820388794,0.9843853116035461,1.0272243022918701,0.9292736053466797,0.02172810025513172,0.021139850839972496,0.022194502875208855,0.025768214836716652,0.02588239125907421,0.022891897708177567,0.022547636181116104,0.023347212001681328,0.020715050399303436,0.024406956508755684,0.023847080767154694,0.02399340830743313,0.022766126319766045,0.023070065304636955,0.0234905406832695,0.022811636328697205,0.020752500742673874,0.02337520569562912,0.023440737277269363,0.022951696068048477,0.023400241509079933,0.022602003067731857,0.021323448047041893,0.023239444941282272,0.020891666412353516,4.350432142987847,1.054643154144287,1.0447760820388794,0.9843853116035461,1.0272243022918701,0.9292736053466797,0.0259963721036911,0.051312755793333054,0.025884093716740608,0.028421344235539436,0.02192792482674122,0.027236182242631912,0.04165329039096832,0.023023512214422226,0.07400324940681458,0.17161962389945984,0.12098418921232224,0.04624561965465546,0.03797231242060661,0.11727139353752136,0.03748081251978874,0.6338543891906738,0.1903749704360962,0.1627250611782074,0.1179446280002594,0.7134811878204346,0.03149893134832382,0.039020098745822906,0.08631590753793716,0.42820197343826294,0.08792182803153992,15000,450000,19200,484200
11,11,X30,-3.448400924954287,5.612101683393121,1.054916262626648,1.046026349067688,0.9838289022445679,1.0269736051559448,0.9284846186637878,0.021691039204597473,0.020946959033608437,0.02221023105084896,0.025718718767166138,0.02587755210697651,0.022914770990610123,0.022557131946086884,0.02336549572646618,0.020696472376585007,0.024381466209888458,0.02377188764512539,0.02397751249372959,0.02274717204272747,0.023072868585586548,0.023489348590373993,0.022794105112552643,0.020748255774378777,0.023324672132730484,0.023287935182452202,0.02297236956655979,0.02335824817419052,0.022609373554587364,0.021310381591320038,0.023158015683293343,0.02088996209204197,4.380566016212105,1.054916262626648,1.046026349067688,0.9838289022445679,1.0269736051559448,0.9284846186637878,0.02711964026093483,0.04324399307370186,0.026158303022384644,0.02690313011407852,0.02484869211912155,0.02425849623978138,0.04524902626872063,0.02066788077354431,0.07783272862434387,0.17968511581420898,0.1046498715877533,0.05009269714355469,0.03706297278404236,0.12743555009365082,0.038576386868953705,0.7794027328491211,0.1765672266483307,0.1262882947921753,0.11657042801380157,0.7320115566253662,0.03313657268881798,0.045723989605903625,0.11742934584617615,0.3033701777458191,0.08823525905609131,15000,450000,19200,484200
11,12,X29,-2.754863979834592,5.6124801132828,1.0553748607635498,1.046079397201538,0.9850079417228699,1.0267678499221802,0.9281847476959229,0.02161889337003231,0.020832564681768417,0.02224462293088436,0.025596465915441513,0.02586298994719982,0.022919898852705956,0.02244563400745392,0.023359624668955803,0.020714623853564262,0.02431740239262581,0.023684930056333542,0.024129485711455345,0.022677874192595482,0.02309146709740162,0.023592105135321617,0.022712042555212975,0.020744113251566887,0.023319456726312637,0.023010753095149994,0.022961482405662537,0.023290513083338737,0.022630872204899788,0.02135508507490158,0.02310379035770893,0.020848624408245087,4.582495218142867,1.0553748607635498,1.046079397201538,0.9850079417228699,1.0267678499221802,0.9281847476959229,0.026744257658720016,0.04357424005866051,0.024283751845359802,0.02602441981434822,0.020447958260774612,0.02727322280406952,0.04720545932650566,0.021584758535027504,0.05496824160218239,0.16594178974628448,0.07772127538919449,0.1557600200176239,0.03623834252357483,0.11589989811182022,0.04329020529985428,0.7043822407722473,0.17835871875286102,0.13468404114246368,0.10720749944448471,0.773703932762146,0.03233076632022858,0.037701938301324844,0.11501609534025192,0.5321780443191528,0.07169114053249359,15000,450000,19200,484200
11,13,X7,-2.403169207390936,5.612319020554423,1.0553480386734009,1.0459555387496948,0.9854792356491089,1.0267795324325562,0.9279481768608093,0.021639447659254074,0.020763766020536423,0.02217063121497631,0.02561892569065094,0.025853339582681656,0.022906364873051643,0.022469760850071907,0.023343060165643692,0.02075278013944626,0.024332312867045403,0.02368178963661194,0.024138260632753372,0.02265172265470028,0.02310294099152088,0.023625243455171585,0.022697798907756805,0.020743152126669884,0.023301420733332634,0.022923525422811508,0.022958898916840553,0.023298632353544235,0.022622844204306602,0.021347977221012115,0.023043299093842506,0.020820602774620056,4.552022295817733,1.0553480386734009,1.0459555387496948,0.9854792356491089,1.0267795324325562,0.9279481768608093,0.028974322602152824,0.04176681488752365,0.021919110789895058,0.02583174966275692,0.02288695052266121,0.023618780076503754,0.03920907527208328,0.022845160216093063,0.05846698209643364,0.18687699735164642,0.08659118413925171,0.17536047101020813,0.03390063717961311,0.12112012505531311,0.040929317474365234,0.5307802557945251,0.15674160420894623,0.12637144327163696,0.10067426413297653,0.7744564414024353,0.0348023921251297,0.04103852063417435,0.2560534179210663,0.5269002914428711,0.06560388207435608,15000,450000,19200,484200
11,14,X23,2.07281641263529,5.609820432960987,1.0549598932266235,1.0450170040130615,0.9848406910896301,1.0267611742019653,0.9278412461280823,0.021663010120391846,0.02069193683564663,0.022127557545900345,0.025507396087050438,0.025822462514042854,0.022915136069059372,0.02246972918510437,0.023350361734628677,0.0207808967679739,0.024322012439370155,0.02364555187523365,0.024110140278935432,0.02266174741089344,0.0231098011136055,0.0236273854970932,0.022679787129163742,0.02074402943253517,0.023276617750525475,0.022809045389294624,0.022971337661147118,0.02331898920238018,0.02262580767273903,0.021338557824492455,0.023013582453131676,0.02081754431128502,4.841896253079176,1.0549598932266235,1.0450170040130615,0.9848406910896301,1.0267611742019653,0.9278412461280823,0.026163283735513687,0.03832358866930008,0.021530527621507645,0.026409287005662918,0.022511910647153854,0.02714880369603634,0.039537008851766586,0.024997802451252937,0.05128730833530426,0.20260471105575562,0.07447654753923416,0.12383364886045456,0.03467336297035217,0.105958491563797,0.03949075937271118,0.58416348695755,0.17080700397491455,0.13680917024612427,0.10734991729259491,0.7043620944023132,0.03099580854177475,0.03899208456277847,0.5309581160545349,0.6078678965568542,0.062759630382061,15000,450000,19200,484200
11,15,X20,-1.1614175431793772,5.609363293275237,1.0545594692230225,1.0449234247207642,0.9857311844825745,1.0267627239227295,0.9279109835624695,0.021576805040240288,0.020489320158958435,0.022058064118027687,0.02553808130323887,0.025769030675292015,0.02293829433619976,0.022425567731261253,0.023331474512815475,0.020764125511050224,0.024280130863189697,0.023638926446437836,0.024141402915120125,0.022641407325863838,0.02314632013440132,0.023523539304733276,0.022707171738147736,0.020748665556311607,0.02322446182370186,0.022516965866088867,0.022970089688897133,0.02327989786863327,0.022632159292697906,0.02133144438266754,0.022951945662498474,0.02085021510720253,5.8458774227648975,1.0545594692230225,1.0449234247207642,0.9857311844825745,1.0267627239227295,0.9279109835624695,0.027265410870313644,0.03130925074219704,0.02299066074192524,0.026353642344474792,0.023310350254178047,0.02670382894575596,0.03566411882638931,0.026293745264410973,0.05021961033344269,0.22290736436843872,0.08273818343877792,0.11485586315393448,0.030255427584052086,0.1065610870718956,0.0433889701962471,0.5830851793289185,0.126767098903656,0.13492068648338318,0.08634714782238007,0.6992303729057312,0.03522684425115585,0.0405949130654335,1.6434307098388672,0.5559873580932617,0.06149204075336456,15000,450000,19200,484200
11,16,X15,3.1481346404363357,5.608176581561565,1.0545545816421509,1.044154167175293,0.9854340553283691,1.0267895460128784,0.9279211163520813,0.021579770371317863,0.02041434496641159,0.022013086825609207,0.02550766058266163,0.025797711685299873,0.022935139015316963,0.022445060312747955,0.02334802970290184,0.020793860778212547,0.024262314662337303,0.02361222542822361,0.02419207990169525,0.022671034559607506,0.02314946800470352,0.02348768524825573,0.022728431969881058,0.020724907517433167,0.023204877972602844,0.022412652149796486,0.022936560213565826,0.02325814589858055,0.02263084053993225,0.021343274042010307,0.023008093237876892,0.02086585946381092,6.118142197281122,1.0545545816421509,1.044154167175293,0.9854340553283691,1.0267895460128784,0.9279211163520813,0.025292526930570602,0.0349603071808815,0.023452136665582657,0.026139259338378906,0.02444646507501602,0.023481592535972595,0.035147979855537415,0.024624446406960487,0.046939026564359665,0.2192045897245407,0.06241120025515556,0.11126554757356644,0.034515380859375,0.11628970503807068,0.04350508749485016,0.5304968357086182,0.10848001390695572,0.13308602571487427,0.08670677989721298,0.7176583409309387,0.02791103906929493,0.03475703299045563,1.9806052446365356,0.5724408626556396,0.06655407696962357,15000,450000,19200,484200
11,17,X30,-2.096829032894597,5.607538938522339,1.0545530319213867,1.0441279411315918,0.9853280186653137,1.02677583694458,0.9280149936676025,0.021562105044722557,0.0204012393951416,0.02199774608016014,0.025501905009150505,0.025804691016674042,0.02292424440383911,0.022481756284832954,0.023347260430455208,0.020797885954380035,0.024250173941254616,0.023576630279421806,0.02416420914232731,0.022640446200966835,0.02316327393054962,0.023454172536730766,0.022692440077662468,0.02068687602877617,0.02314973808825016,0.02230468951165676,0.02279066853225231,0.02328227087855339,0.022594528272747993,0.021347520872950554,0.022958029061555862,0.020864615216851234,6.034693520888686,1.0545530319213867,1.0441279411315918,0.9853280186653137,1.02677583694458,0.9280149936676025,0.02686578594148159,0.03804977983236313,0.025804640725255013,0.02506287768483162,0.024579377844929695,0.02626677230000496,0.030666682869195938,0.024190731346607208,0.055790167301893234,0.22188922762870789,0.06539309769868851,0.1037561222910881,0.03507799655199051,0.11204242706298828,0.0444008931517601,0.4988930821418762,0.09617169946432114,0.14213818311691284,0.08121327310800552,0.759552538394928,0.028860069811344147,0.04224555566906929,2.0151875019073486,0.44782233238220215,0.055012740194797516,15000,450000,19200,484200
11,18,X30,-3.5995158247451697,5.60609870031476,1.0545684099197388,1.0430893898010254,0.9852297306060791,1.0267616510391235,0.9282351732254028,0.02153390273451805,0.020374257117509842,0.0219785925000906,0.025436699390411377,0.025750739499926567,0.022927794605493546,0.02250157669186592,0.023346303030848503,0.02084244042634964,0.024228539317846298,0.02359970659017563,0.024175850674510002,0.02260775677859783,0.023149719461798668,0.02342161536216736,0.02269706502556801,0.02067268081009388,0.023188140243291855,0.022211868315935135,0.02270467020571232,0.02329481579363346,0.022560175508260727,0.021330300718545914,0.022886179387569427,0.02079295553267002,6.866169463098049,1.0545684099197388,1.0430893898010254,0.9852297306060791,1.0267616510391235,0.9282351732254028,0.02608601190149784,0.03489851579070091,0.021301979199051857,0.02445731684565544,0.020333411172032356,0.025138545781373978,0.030774371698498726,0.022450800985097885,0.052467092871665955,0.2412847876548767,0.0766478031873703,0.1197916716337204,0.033328112214803696,0.09027315676212311,0.04329321160912514,0.5795637369155884,0.1139436811208725,0.13858526945114136,0.07605529576539993,0.6020542979240417,0.02563343569636345,0.03735394403338432,2.967463970184326,0.40664640069007874,0.048765771090984344,15000,450000,19200,484200
11,19,X24,-0.4761712017004154,5.604841154068708,1.0546143054962158,1.042034387588501,0.9852399826049805,1.0267632007598877,0.928176999092102,0.021522585302591324,0.0203486829996109,0.021971365436911583,0.025435548275709152,0.025752007961273193,0.02291223220527172,0.02249247208237648,0.023367395624518394,0.02084430307149887,0.024222956970334053,0.023609083145856857,0.024170106276869774,0.022610681131482124,0.02316013164818287,0.023397332057356834,0.02269659750163555,0.02066979557275772,0.023152468726038933,0.0221109539270401,0.022721460089087486,0.023280126973986626,0.022559527307748795,0.02132217027246952,0.022895628586411476,0.020786665380001068,6.565407252684236,1.0546143054962158,1.042034387588501,0.9852399826049805,1.0267632007598877,0.928176999092102,0.022973746061325073,0.03238308057188988,0.024291235953569412,0.021306417882442474,0.024000361561775208,0.02358255721628666,0.028014805167913437,0.02331738919019699,0.0504358671605587,0.2233658730983734,0.0798797458410263,0.13949432969093323,0.03513843193650246,0.0923677459359169,0.052912164479494095,0.5391505360603333,0.10474749654531479,0.1532423496246338,0.0882735326886177,0.5527602434158325,0.02705688774585724,0.03919575363397598,2.682884931564331,0.4482928514480591,0.048973143100738525,15000,450000,19200,484200
11,20,X20,2.8629803333117394,5.605341950431466,1.0547047853469849,1.0424736738204956,0.9853577017784119,1.026762843132019,0.9282719492912292,0.021534012630581856,0.02034544199705124,0.021947670727968216,0.025441361591219902,0.025760086253285408,0.02290336601436138,0.02246571145951748,0.023372983559966087,0.02085874415934086,0.024197053164243698,0.023631688207387924,0.024196535348892212,0.0226018987596035,0.023165790364146233,0.023391656577587128,0.022687574848532677,0.02068455144762993,0.02314464934170246,0.021968591958284378,0.02271406352519989,0.023238513618707657,0.022570133209228516,0.021318690851330757,0.022866034880280495,0.020764192566275597,6.529988451674581,1.0547047853469849,1.0424736738204956,0.9853577017784119,1.026762843132019,0.9282719492912292,0.02680625580251217,0.03534184396266937,0.02661401964724064,0.025739317759871483,0.0233610812574625,0.026511600241065025,0.02921796776354313,0.025642285123467445,0.05063821002840996,0.21968521177768707,0.07080047577619553,0.12815168499946594,0.03519189730286598,0.09868432581424713,0.051861781626939774,0.5964726805686951,0.10250074416399002,0.13869968056678772,0.07047498971223831,0.5164127349853516,0.032028768211603165,0.0337039940059185,2.759005546569824,0.34953704476356506,0.049390118569135666,15000,450000,19200,484200
11,21,X23,2.459739271812942,5.606368197128177,1.0545642375946045,1.043200969696045,0.9857498407363892,1.026773452758789,0.9285203814506531,0.021482452750205994,0.020316049456596375,0.021979697048664093,0.025326577946543694,0.025771193206310272,0.022910049185156822,0.022429518401622772,0.023403942584991455,0.02084159106016159,0.02413484826683998,0.02366531640291214,0.024238498881459236,0.02257356606423855,0.023178115487098694,0.023334026336669922,0.022670982405543327,0.020701007917523384,0.023158088326454163,0.02194942720234394,0.022720029577612877,0.023276900872588158,0.02258915826678276,0.02134874276816845,0.022844787687063217,0.02071474678814411,6.651071513071656,1.0545642375946045,1.043200969696045,0.9857498407363892,1.026773452758789,0.9285203814506531,0.025984637439250946,0.03590404987335205,0.02426222339272499,0.0230929683893919,0.02361324243247509,0.029285985976457596,0.028467277064919472,0.0243409164249897,0.05711713433265686,0.2722471058368683,0.06373009085655212,0.14338549971580505,0.03432165086269379,0.09621065855026245,0.055024728178977966,0.5427294373512268,0.09173251688480377,0.1402512490749359,0.06651876121759415,0.4748595654964447,0.029440350830554962,0.041366443037986755,2.8394393920898438,0.43661394715309143,0.04336990416049957,15000,450000,19200,484200
11,22,X19,-0.8864853481640793,5.60717860981822,1.0545512437820435,1.0439318418502808,0.9859883785247803,1.0267612934112549,0.9284893870353699,0.021446486935019493,0.020291583612561226,0.021979209035634995,0.02534765750169754,0.02577432617545128,0.022905979305505753,0.0224367193877697,0.023396551609039307,0.020839953795075417,0.024127613753080368,0.023649152368307114,0.024237940087914467,0.022584738209843636,0.023182613775134087,0.02331995777785778,0.02259840816259384,0.020696822553873062,0.023174719884991646,0.021907230839133263,0.0227237269282341,0.02327030338346958,0.0225918497890234,0.021358339115977287,0.022894255816936493,0.02072032541036606,6.638142903894186,1.0545512437820435,1.0439318418502808,0.9859883785247803,1.0267612934112549,0.9284893870353699,0.021417902782559395,0.03361562266945839,0.02627740241587162,0.023106280714273453,0.024479875341057777,0.02913719415664673,0.02709994465112686,0.02452762797474861,0.05744754150509834,0.27784430980682373,0.06176909804344177,0.13441617786884308,0.031064826995134354,0.11075325310230255,0.049721017479896545,0.8558180332183838,0.09820933640003204,0.13165177404880524,0.07643985748291016,0.4791448414325714,0.02904537133872509,0.035269543528556824,2.468522310256958,0.47600772976875305,0.04741160199046135,15000,450000,19200,484200
11,23,X7,-3.6602074285419928,5.607253056019545,1.0545570850372314,1.0440486669540405,0.9859862923622131,1.0267938375473022,0.928512692451477,0.02145145833492279,0.020273122936487198,0.021977655589580536,0.02536306530237198,0.025768980383872986,0.022902587428689003,0.02245834842324257,0.023408038541674614,0.020830625668168068,0.02410491555929184,0.023617511615157127,0.024251947179436684,0.022579018026590347,0.02320185862481594,0.023318126797676086,0.02257152646780014,0.020695392042398453,0.023203300312161446,0.021877143532037735,0.022719787433743477,0.023261049762368202,0.02260553278028965,0.02136586233973503,0.022845175117254257,0.020702451467514038,7.690952431038022,1.0545570850372314,1.0440486669540405,0.9859862923622131,1.0267938375473022,0.928512692451477,0.02292189747095108,0.03103863075375557,0.02660406567156315,0.0230918750166893,0.022553682327270508,0.027908235788345337,0.028479550033807755,0.025248058140277863,0.05186109244823456,0.27041542530059814,0.06728335469961166,0.17263653874397278,0.028375545516610146,0.10325982421636581,0.054065726697444916,1.1312055587768555,0.09643375873565674,0.15657688677310944,0.08175171166658401,0.3925739824771881,0.028118005022406578,0.035306137055158615,3.281487226486206,0.47379133105278015,0.04998461529612541,15000,450000,19200,484200
11,24,X23,-2.7557045706114955,5.608531329780817,1.0546067953109741,1.0454728603363037,0.9857450127601624,1.0268146991729736,0.9286928176879883,0.02139640972018242,0.020307576283812523,0.02197832427918911,0.025362897664308548,0.025791028514504433,0.022900419309735298,0.022507835179567337,0.023391766473650932,0.020833469927310944,0.02410690113902092,0.023632468655705452,0.02423243597149849,0.0225612074136734,0.023220699280500412,0.023253275081515312,0.022546937689185143,0.020704073831439018,0.02322368137538433,0.021866824477910995,0.022737663239240646,0.02322235517203808,0.02260429970920086,0.021364543586969376,0.02282201312482357,0.020630037412047386,6.333140432089567,1.0546067953109741,1.0454728603363037,0.9857450127601624,1.0268146991729736,0.9286928176879883,0.023355742916464806,0.031226107850670815,0.02653525397181511,0.022851919755339622,0.02164226584136486,0.029527176171541214,0.02599729597568512,0.021891320124268532,0.05861583352088928,0.3127829432487488,0.06113293394446373,0.15327750146389008,0.02854347415268421,0.08272000402212143,0.05399265140295029,1.5478142499923706,0.10924263298511505,0.1341801881790161,0.07042938470840454,0.4206455647945404,0.031457893550395966,0.03703442960977554,1.7010811567306519,0.29194018244743347,0.02695588767528534,15000,450000,19200,484200
