method,seed,n_nodes,episodes,final_total_loss,min_total_loss,elapsed_s
ppo,789,30,150,5.83305393345654,5.78203260153532,2689.4153809547424
