method,seed,n_nodes,episodes,final_total_loss,min_total_loss,elapsed_s
random,1011,30,150,5.8926005605608225,5.823425229638815,2972.5950496196747
